bar_idx,datetime,open,high,low,close,bar_volume,bar_ticks,bid_vol,ask_vol,volume,delta,delta_finish,max_delta,min_delta,cum_delta,trades,buy_trades,sell_trades,max_one_trade,avg_size,avg_buy_size,avg_sell_size,levels,poc_price,poc_volume,open_interest
0,2026-06-30 16:30:00,4105.0,4107.8,4100.6,4100.6,29,29,6,5,29,-1,-1,-1,-1,-1,29,0,0,0,1,0,0,23,4105.8,3,48797
1,2026-06-30 17:00:00,4101.3,4102.6,4094.8,4099.9,164,160,37,31,164,-6,-6,-6,-6,-6,160,0,0,0,1.025,0,0,54,4099.5,11,48797
2,2026-06-30 17:30:00,4099.9,4105.9,4099.9,4105.9,35,34,5,10,35,5,5,5,5,-1,34,0,0,0,1.0294,0,0,24,4101.1,3,48797
3,2026-06-30 18:00:00,4107.5,4108.0,4105.2,4106.3,19,14,6,5,19,-1,-1,-1,-1,-2,14,0,0,0,1.3571,0,0,8,4106.3,6,48797
4,2026-06-30 18:30:00,4104.5,4106.0,4103.0,4106.0,19,12,2,3,19,1,1,1,1,-1,12,0,0,0,1.5833,0,0,9,4105.9,9,48797
5,2026-06-30 19:00:00,4103.6,4103.6,4095.7,4095.7,13,12,6,4,13,-2,-2,-2,-2,-3,12,0,0,0,1.0833,0,0,11,4100.3,2,48797
6,2026-06-30 19:30:00,4097.3,4097.9,4089.4,4090.8,32,31,7,14,32,7,7,7,7,4,31,0,0,0,1.0323,0,0,21,4090.3,4,48797
7,2026-06-30 20:00:00,4089.9,4095.4,4087.4,4088.4,30,30,4,6,30,2,2,2,2,6,30,0,0,0,1,0,0,23,4089.0,3,48797
8,2026-06-30 20:30:00,4087.0,4087.0,4081.1,4082.1,17,15,7,6,17,-1,-1,-1,-1,5,15,0,0,0,1.1333,0,0,12,4082.0,2,48797
9,2026-06-30 22:00:00,4087.5,4089.1,4085.3,4085.6,25,21,4,12,25,8,8,8,8,13,21,0,0,0,1.1905,0,0,13,4085.9,4,48797
10,2026-06-30 22:30:00,4088.6,4088.6,4085.1,4085.2,8,7,3,2,8,-1,-1,-1,-1,12,7,0,0,0,1.1429,0,0,7,4086.3,2,48797
11,2026-06-30 23:00:00,4085.0,4091.5,4085.0,4086.9,10,10,1,2,10,1,1,1,1,13,10,0,0,0,1,0,0,10,4085.0,1,48797
12,2026-06-30 23:30:00,4084.8,4084.8,4078.0,4078.3,31,31,12,4,31,-8,-8,-8,-8,5,31,0,0,0,1,0,0,23,4079.3,3,48797
13,2026-07-01 00:00:00,4079.0,4079.1,4073.7,4075.2,25,25,5,8,25,3,3,3,3,8,25,0,0,0,1,0,0,22,4074.2,2,51559
14,2026-07-01 00:30:00,4075.8,4076.6,4066.7,4069.6,32,29,13,11,32,-2,-2,-2,-2,6,29,0,0,0,1.1034,0,0,20,4068.8,5,51559
15,2026-07-01 01:00:00,4070.2,4071.8,4050.0,4057.4,85,78,23,25,85,2,2,2,2,8,78,0,0,0,1.0897,0,0,59,4058.5,6,51559
16,2026-07-01 01:30:00,4060.6,4060.6,4046.9,4047.9,19,19,3,2,19,-1,-1,-1,-1,7,19,0,0,0,1,0,0,18,4051.2,2,51559
17,2026-07-01 02:00:00,4050.7,4054.8,4042.6,4054.8,21,21,5,6,21,1,1,1,1,8,21,0,0,0,1,0,0,19,4043.7,2,51559
18,2026-07-01 02:30:00,4051.8,4057.2,4051.0,4051.0,12,12,2,5,12,3,3,3,3,11,12,0,0,0,1,0,0,12,4051.0,1,51559
19,2026-07-01 03:00:00,4051.9,4058.0,4051.9,4052.6,15,15,8,2,15,-6,-6,-6,-6,5,15,0,0,0,1,0,0,14,4056.4,2,51559
20,2026-07-01 03:30:00,4053.0,4054.4,4049.4,4049.4,10,10,5,2,10,-3,-3,-3,-3,2,10,0,0,0,1,0,0,10,4049.4,1,51559
21,2026-07-01 04:00:00,4048.1,4048.1,4047.6,4047.6,2,2,2,0,2,-2,-2,-2,-2,0,2,0,0,0,1,0,0,2,4047.6,1,51559
22,2026-07-01 04:30:00,4046.6,4053.4,4046.6,4052.5,10,10,0,5,10,5,5,5,5,5,10,0,0,0,1,0,0,10,4046.6,1,51559
23,2026-07-01 05:00:00,4045.3,4046.9,4042.3,4046.9,6,6,3,1,6,-2,-2,-2,-2,3,6,0,0,0,1,0,0,6,4042.3,1,51559
24,2026-07-01 05:30:00,4045.4,4049.3,4042.5,4046.7,13,13,4,6,13,2,2,2,2,5,13,0,0,0,1,0,0,11,4046.7,2,51559
25,2026-07-01 06:00:00,4047.8,4047.8,4035.6,4040.0,65,56,32,12,65,-20,-20,-20,-20,-15,56,0,0,0,1.1607,0,0,40,4037.5,8,51559
26,2026-07-01 06:30:00,4038.9,4045.3,4035.9,4044.1,24,24,7,10,24,3,3,3,3,-12,24,0,0,0,1,0,0,21,4038.2,3,51559
27,2026-07-01 07:00:00,4044.6,4044.6,4033.0,4039.8,35,34,7,7,35,0,0,0,0,-12,34,0,0,0,1.0294,0,0,28,4034.0,3,51559
28,2026-07-01 07:30:00,4036.4,4047.9,4034.7,4047.5,36,34,9,6,36,-3,-3,-3,-3,-15,34,0,0,0,1.0588,0,0,28,4039.4,4,51559
29,2026-07-01 08:00:00,4043.9,4055.6,4041.7,4052.2,25,22,4,6,25,2,2,2,2,-13,22,0,0,0,1.1364,0,0,15,4054.6,7,51559
30,2026-07-01 08:30:00,4046.7,4051.0,4044.3,4044.3,24,18,7,10,24,3,3,3,3,-10,18,0,0,0,1.3333,0,0,13,4049.7,9,51559
31,2026-07-01 09:00:00,4046.4,4052.5,4045.2,4050.3,159,76,32,13,159,-19,-19,-19,-19,-29,76,0,0,0,2.0921,0,0,31,4046.0,31,51559
32,2026-07-01 09:30:00,4051.8,4058.0,4050.5,4057.7,275,115,51,25,275,-26,-26,-26,-26,-55,115,0,0,0,2.3913,0,0,32,4057.7,41,51559
33,2026-07-01 10:00:00,4057.9,4062.2,4056.0,4056.0,41,17,9,4,41,-5,-5,-5,-5,-60,17,0,0,0,2.4118,0,0,10,4057.9,11,51559
34,2026-07-01 10:30:00,4060.3,4071.3,4059.9,4071.3,23,14,1,9,23,8,8,8,8,-52,14,0,0,0,1.6429,0,0,12,4065.7,7,51559
35,2026-07-01 11:00:00,4074.8,4102.3,4074.8,4100.0,75,67,17,22,75,5,5,5,5,-47,67,0,0,0,1.1194,0,0,56,4076.1,5,51559
36,2026-07-01 11:30:00,4100.8,4108.8,4097.6,4104.1,70,60,11,22,70,11,11,11,11,-36,60,0,0,0,1.1667,0,0,38,4100.0,5,51559
37,2026-07-01 12:00:00,4106.4,4106.7,4094.6,4100.0,62,55,14,8,62,-6,-6,-6,-6,-42,55,0,0,0,1.1273,0,0,42,4100.0,12,51559
38,2026-07-01 12:30:00,4104.5,4104.5,4097.2,4099.0,49,39,12,19,49,7,7,7,7,-35,39,0,0,0,1.2564,0,0,28,4100.3,5,51559
39,2026-07-01 13:00:00,4094.2,4120.4,4087.9,4120.2,142,136,30,46,142,16,16,16,16,-19,136,0,0,0,1.0441,0,0,96,4090.0,5,51559
40,2026-07-01 13:30:00,4121.5,4182.4,4116.1,4162.2,336,304,80,111,336,31,31,31,31,12,304,0,0,0,1.1053,0,0,211,4162.6,14,51559
41,2026-07-01 14:00:00,4167.4,4181.7,4159.6,4174.9,174,159,36,60,174,24,24,24,24,36,159,0,0,0,1.0943,0,0,92,4180.2,9,51390
42,2026-07-01 14:30:00,4176.5,4190.4,4162.6,4167.3,216,161,39,60,216,21,21,21,21,57,161,0,0,0,1.3416,0,0,106,4187.0,30,51390
43,2026-07-01 15:00:00,4168.3,4168.3,4153.9,4158.3,81,73,25,23,81,-2,-2,-2,-2,55,73,0,0,0,1.1096,0,0,53,4157.5,11,51390
44,2026-07-01 15:30:00,4152.9,4161.0,4152.4,4156.1,37,37,9,12,37,3,3,3,3,58,37,0,0,0,1,0,0,31,4154.8,3,51390
45,2026-07-01 16:00:00,4159.7,4161.4,4157.3,4158.4,43,37,2,31,43,29,29,29,29,87,37,0,0,0,1.1622,0,0,27,4157.7,5,51390
46,2026-07-01 16:30:00,4157.8,4157.8,4145.1,4145.4,55,48,13,14,55,1,1,1,1,88,48,0,0,0,1.1458,0,0,36,4150.1,5,51390
47,2026-07-01 17:00:00,4145.2,4146.0,4141.9,4142.6,98,91,30,20,98,-10,-10,-10,-10,-10,91,0,0,0,1.0769,0,0,24,4142.5,14,51390
48,2026-07-01 17:30:00,4142.6,4146.5,4141.6,4141.6,19,16,2,7,19,5,5,5,5,-5,16,0,0,0,1.1875,0,0,14,4142.6,3,51390
49,2026-07-01 18:00:00,4143.2,4144.0,4137.3,4137.3,15,12,7,2,15,-5,-5,-5,-5,-10,12,0,0,0,1.25,0,0,9,4138.0,4,51390
50,2026-07-01 18:30:00,4137.4,4139.9,4131.9,4135.8,36,33,10,16,36,6,6,6,6,-4,33,0,0,0,1.0909,0,0,27,4133.4,3,51390
51,2026-07-01 19:00:00,4137.8,4141.3,4131.4,4132.7,25,21,5,7,25,2,2,2,2,-2,21,0,0,0,1.1905,0,0,19,4136.1,6,51390
52,2026-07-01 19:30:00,4129.7,4130.8,4109.9,4112.6,108,88,36,35,108,-1,-1,-1,-1,-3,88,0,0,0,1.2273,0,0,62,4122.0,10,51390
53,2026-07-01 20:00:00,4112.9,4112.9,4102.6,4112.1,44,39,10,11,44,1,1,1,1,-2,39,0,0,0,1.1282,0,0,32,4109.2,4,51390
54,2026-07-01 20:30:00,4106.9,4108.8,4105.6,4105.6,4,4,0,0,4,0,0,0,0,-2,4,0,0,0,1,0,0,4,4105.6,1,51390
55,2026-07-01 22:00:00,4111.0,4111.3,4108.5,4110.1,16,15,6,6,16,0,0,0,0,-2,15,0,0,0,1.0667,0,0,12,4109.1,4,51390
56,2026-07-01 22:30:00,4109.2,4116.8,4109.2,4116.8,22,15,10,5,22,-5,-5,-5,-5,-7,15,0,0,0,1.4667,0,0,14,4109.4,5,51390
57,2026-07-01 23:00:00,4115.1,4115.5,4106.3,4106.3,28,19,9,11,28,2,2,2,2,-5,19,0,0,0,1.4737,0,0,17,4108.1,4,51390
58,2026-07-01 23:30:00,4112.3,4112.6,4105.4,4106.8,6,6,1,0,6,-1,-1,-1,-1,-6,6,0,0,0,1,0,0,6,4105.4,1,51390
59,2026-07-02 00:00:00,4106.4,4118.3,4106.0,4118.3,13,13,4,3,13,-1,-1,-1,-1,-7,13,0,0,0,1,0,0,12,4109.3,2,51390
60,2026-07-02 00:30:00,4116.2,4125.0,4112.0,4123.2,40,31,6,10,40,4,4,4,4,-3,31,0,0,0,1.2903,0,0,21,4123.1,17,55400
61,2026-07-02 01:00:00,4123.3,4140.7,4123.3,4124.3,53,50,16,10,53,-6,-6,-6,-6,-9,50,0,0,0,1.06,0,0,40,4132.5,3,55400
62,2026-07-02 01:30:00,4118.1,4124.7,4117.6,4124.7,4,4,1,0,4,-1,-1,-1,-1,-10,4,0,0,0,1,0,0,4,4117.6,1,55400
63,2026-07-02 02:00:00,4119.2,4126.1,4115.1,4126.1,7,7,2,2,7,0,0,0,0,-10,7,0,0,0,1,0,0,7,4115.1,1,55400
64,2026-07-02 02:30:00,4120.9,4131.5,4120.9,4129.1,9,9,2,5,9,3,3,3,3,-7,9,0,0,0,1,0,0,9,4120.9,1,55400
65,2026-07-02 03:00:00,4129.1,4139.0,4129.1,4137.9,15,14,10,2,15,-8,-8,-8,-8,-15,14,0,0,0,1.0714,0,0,9,4133.6,6,55400
66,2026-07-02 03:30:00,4137.8,4144.7,4135.5,4144.3,23,22,6,12,23,6,6,6,6,-9,22,0,0,0,1.0455,0,0,16,4140.0,5,55400
67,2026-07-02 04:00:00,4144.3,4144.3,4137.3,4137.6,11,11,3,3,11,0,0,0,0,-9,11,0,0,0,1,0,0,10,4137.6,2,55400
68,2026-07-02 04:30:00,4137.4,4137.4,4133.3,4133.3,9,8,3,3,9,0,0,0,0,-9,8,0,0,0,1.125,0,0,8,4137.4,2,55400
69,2026-07-02 05:00:00,4129.8,4134.0,4127.7,4131.1,33,17,17,11,33,-6,-6,-6,-6,-15,17,0,0,0,1.9412,0,0,12,4131.5,15,55400
70,2026-07-02 05:30:00,4129.9,4139.4,4127.6,4139.4,24,24,8,9,24,1,1,1,1,-14,24,0,0,0,1,0,0,21,4137.0,2,55400
71,2026-07-02 06:00:00,4138.7,4153.0,4138.7,4148.5,125,96,19,60,125,41,41,41,41,27,96,0,0,0,1.3021,0,0,61,4152.0,31,55400
72,2026-07-02 06:30:00,4148.0,4149.5,4139.2,4148.5,29,28,9,10,29,1,1,1,1,28,28,0,0,0,1.0357,0,0,23,4148.8,4,55400
73,2026-07-02 07:00:00,4143.6,4146.3,4134.4,4135.8,32,27,7,6,32,-1,-1,-1,-1,27,27,0,0,0,1.1852,0,0,16,4136.0,8,55400
74,2026-07-02 07:30:00,4133.9,4147.8,4133.9,4136.9,15,14,5,3,15,-2,-2,-2,-2,25,14,0,0,0,1.0714,0,0,14,4147.7,2,55400
75,2026-07-02 08:00:00,4136.7,4148.7,4135.3,4147.6,23,22,4,5,23,1,1,1,1,26,22,0,0,0,1.0455,0,0,20,4143.7,2,55400
76,2026-07-02 08:30:00,4145.9,4151.6,4145.9,4150.3,29,25,7,8,29,1,1,1,1,27,25,0,0,0,1.16,0,0,15,4147.6,7,55400
77,2026-07-02 09:00:00,4144.7,4146.1,4139.3,4139.3,19,15,4,1,19,-3,-3,-3,-3,24,15,0,0,0,1.2667,0,0,12,4139.3,6,55400
78,2026-07-02 09:30:00,4139.4,4144.5,4136.3,4138.8,27,26,5,3,27,-2,-2,-2,-2,22,26,0,0,0,1.0385,0,0,22,4139.4,3,55400
79,2026-07-02 10:00:00,4138.0,4140.1,4137.0,4140.1,12,12,0,3,12,3,3,3,3,25,12,0,0,0,1,0,0,9,4137.0,3,55400
80,2026-07-02 10:30:00,4139.2,4139.7,4136.2,4137.1,5,5,2,1,5,-1,-1,-1,-1,24,5,0,0,0,1,0,0,5,4136.2,1,55400
81,2026-07-02 11:00:00,4137.5,4137.6,4130.1,4137.1,30,28,19,5,30,-14,-14,-14,-14,10,28,0,0,0,1.0714,0,0,24,4132.6,3,55400
82,2026-07-02 11:30:00,4138.9,4144.0,4136.2,4138.5,20,20,4,6,20,2,2,2,2,12,20,0,0,0,1,0,0,18,4142.9,2,55400
83,2026-07-02 12:00:00,4137.6,4145.6,4135.0,4136.0,44,40,17,9,44,-8,-8,-8,-8,4,40,0,0,0,1.1,0,0,31,4136.3,5,55400
84,2026-07-02 12:30:00,4138.5,4215.0,4138.5,4191.6,382,307,81,89,382,8,8,8,8,12,307,0,0,0,1.2443,0,0,207,4154.0,31,55400
85,2026-07-02 13:00:00,4192.6,4203.7,4183.3,4187.2,140,123,50,26,140,-24,-24,-24,-24,-12,123,0,0,0,1.1382,0,0,86,4197.6,6,55400
86,2026-07-02 13:30:00,4187.0,4218.0,4184.3,4212.1,121,115,29,36,121,7,7,7,7,-5,115,0,0,0,1.0522,0,0,87,4200.0,5,55400
87,2026-07-02 14:00:00,4210.9,4212.3,4189.0,4189.0,103,96,27,34,103,7,7,7,7,2,96,0,0,0,1.0729,0,0,71,4203.1,10,53629
88,2026-07-02 14:30:00,4189.0,4203.7,4189.0,4203.0,90,83,26,30,90,4,4,4,4,6,83,0,0,0,1.0843,0,0,51,4197.1,8,53629
89,2026-07-02 15:00:00,4200.4,4205.1,4190.0,4199.1,109,79,17,22,109,5,5,5,5,11,79,0,0,0,1.3797,0,0,52,4197.0,41,53629
90,2026-07-02 15:30:00,4198.7,4205.1,4198.7,4200.4,24,23,4,12,24,8,8,8,8,19,23,0,0,0,1.0435,0,0,18,4199.9,6,53629
91,2026-07-02 16:00:00,4199.0,4199.5,4189.8,4189.8,37,30,11,7,37,-4,-4,-4,-4,15,30,0,0,0,1.2333,0,0,22,4189.9,4,53629
92,2026-07-02 16:30:00,4187.1,4193.4,4174.0,4192.1,118,103,50,23,118,-27,-27,-27,-27,-12,103,0,0,0,1.1456,0,0,78,4179.9,6,53629
93,2026-07-02 17:00:00,4191.8,4194.0,4185.2,4186.8,247,177,49,38,247,-11,-11,-11,-11,-11,177,0,0,0,1.3955,0,0,61,4186.4,21,53629
94,2026-07-02 17:30:00,4186.8,4188.0,4180.2,4180.3,52,51,12,10,52,-2,-2,-2,-2,-13,51,0,0,0,1.0196,0,0,32,4181.5,6,53629
95,2026-07-02 18:00:00,4180.2,4196.0,4179.9,4195.5,110,77,30,34,110,4,4,4,4,-9,77,0,0,0,1.4286,0,0,46,4195.8,20,53629
96,2026-07-02 18:30:00,4197.5,4200.9,4194.2,4196.1,41,39,4,9,41,5,5,5,5,-4,39,0,0,0,1.0513,0,0,30,4198.1,5,53629
97,2026-07-02 19:00:00,4197.3,4197.3,4182.6,4186.9,54,39,5,8,54,3,3,3,3,-1,39,0,0,0,1.3846,0,0,31,4196.7,18,53629
98,2026-07-02 19:30:00,4185.9,4197.5,4185.4,4194.6,84,79,21,9,84,-12,-12,-12,-12,-13,79,0,0,0,1.0633,0,0,46,4186.3,4,53629
99,2026-07-02 20:00:00,4194.6,4198.9,4190.7,4197.6,41,31,22,9,41,-13,-13,-13,-13,-26,31,0,0,0,1.3226,0,0,26,4193.9,5,53629
100,2026-07-02 20:30:00,4197.9,4197.9,4197.9,4197.9,1,1,0,0,1,0,0,0,0,-26,1,0,0,0,1,0,0,1,4197.9,1,53629
101,2026-07-02 22:00:00,4198.1,4200.4,4197.3,4197.7,6,6,2,3,6,1,1,1,1,-25,6,0,0,0,1,0,0,6,4197.3,1,53629
102,2026-07-02 22:30:00,4198.6,4198.7,4198.0,4198.0,6,6,1,1,6,0,0,0,0,-25,6,0,0,0,1,0,0,5,4198.1,2,53629
103,2026-07-02 23:00:00,4198.4,4200.0,4198.4,4199.0,5,5,1,0,5,-1,-1,-1,-1,-26,5,0,0,0,1,0,0,3,4199.0,2,53629
104,2026-07-02 23:30:00,4207.7,4207.7,4199.1,4200.6,16,16,5,4,16,-1,-1,-1,-1,-27,16,0,0,0,1,0,0,13,4204.9,2,53629
105,2026-07-03 00:00:00,4200.0,4212.8,4199.8,4212.8,32,22,4,5,32,1,1,1,1,-26,22,0,0,0,1.4545,0,0,15,4207.3,17,53629
106,2026-07-03 00:30:00,4212.0,4223.9,4206.9,4220.9,40,29,8,13,40,5,5,5,5,-21,29,0,0,0,1.3793,0,0,22,4208.0,13,56998
107,2026-07-03 01:00:00,4221.4,4266.6,4221.0,4262.0,84,77,24,28,84,4,4,4,4,-17,77,0,0,0,1.0909,0,0,66,4231.9,8,56998
108,2026-07-03 01:30:00,4262.0,4269.9,4250.0,4255.9,72,57,19,22,72,3,3,3,3,-14,57,0,0,0,1.2632,0,0,42,4269.9,10,56998
109,2026-07-03 02:00:00,4254.2,4254.2,4251.5,4252.7,8,8,2,2,8,0,0,0,0,-14,8,0,0,0,1,0,0,6,4252.7,3,56998
110,2026-07-03 02:30:00,4255.5,4260.8,4254.2,4260.0,25,19,9,7,25,-2,-2,-2,-2,-16,19,0,0,0,1.3158,0,0,17,4260.0,5,56998
111,2026-07-03 03:00:00,4256.0,4258.3,4254.2,4257.1,27,18,13,11,27,-2,-2,-2,-2,-18,18,0,0,0,1.5,0,0,13,4255.0,7,56998
112,2026-07-03 03:30:00,4256.7,4256.7,4251.1,4251.2,33,18,2,4,33,2,2,2,2,-16,18,0,0,0,1.8333,0,0,9,4251.2,25,56998
113,2026-07-03 04:00:00,4251.1,4255.3,4251.1,4253.5,8,7,2,2,8,0,0,0,0,-16,7,0,0,0,1.1429,0,0,7,4251.1,2,56998
114,2026-07-03 04:30:00,4251.7,4252.5,4249.2,4252.5,18,18,4,6,18,2,2,2,2,-14,18,0,0,0,1,0,0,12,4249.5,3,56998
115,2026-07-03 05:00:00,4252.6,4254.3,4248.1,4250.4,14,11,5,4,14,-1,-1,-1,-1,-15,11,0,0,0,1.2727,0,0,11,4254.1,3,56998
116,2026-07-03 05:30:00,4250.5,4254.6,4245.0,4245.0,13,13,7,4,13,-3,-3,-3,-3,-18,13,0,0,0,1,0,0,11,4249.1,2,56998
117,2026-07-03 06:00:00,4244.4,4244.8,4235.1,4240.1,36,36,12,11,36,-1,-1,-1,-1,-19,36,0,0,0,1,0,0,28,4239.1,4,56998
118,2026-07-03 06:30:00,4241.0,4248.5,4241.0,4248.3,24,24,11,8,24,-3,-3,-3,-3,-22,24,0,0,0,1,0,0,19,4241.0,2,56998
119,2026-07-03 07:00:00,4252.6,4252.6,4244.6,4246.5,6,6,1,1,6,0,0,0,0,-22,6,0,0,0,1,0,0,6,4244.6,1,56998
120,2026-07-03 07:30:00,4252.0,4254.4,4249.4,4251.4,9,7,4,2,9,-2,-2,-2,-2,-24,7,0,0,0,1.2857,0,0,5,4251.4,5,56998
121,2026-07-03 08:00:00,4253.4,4258.8,4253.3,4255.6,18,17,4,6,18,2,2,2,2,-22,17,0,0,0,1.0588,0,0,16,4255.3,2,56998
122,2026-07-03 08:30:00,4257.9,4260.8,4251.8,4256.7,30,30,3,5,30,2,2,2,2,-20,30,0,0,0,1,0,0,25,4254.2,2,56998
123,2026-07-03 09:00:00,4255.6,4255.6,4245.7,4245.7,32,29,5,8,32,3,3,3,3,-17,29,0,0,0,1.1034,0,0,23,4253.0,5,56998
124,2026-07-03 09:30:00,4245.0,4246.7,4243.5,4245.9,22,21,6,4,22,-2,-2,-2,-2,-19,21,0,0,0,1.0476,0,0,17,4245.0,4,56998
125,2026-07-03 10:00:00,4244.9,4254.7,4244.9,4254.7,8,8,0,1,8,1,1,1,1,-18,8,0,0,0,1,0,0,7,4254.7,2,56998
126,2026-07-03 10:30:00,4249.2,4250.8,4249.2,4250.8,4,4,1,0,4,-1,-1,-1,-1,-19,4,0,0,0,1,0,0,4,4249.2,1,56998
127,2026-07-03 11:00:00,4250.1,4258.8,4250.1,4258.4,11,9,2,1,11,-1,-1,-1,-1,-20,9,0,0,0,1.2222,0,0,8,4258.4,4,56998
128,2026-07-03 11:30:00,4257.3,4260.5,4253.4,4253.4,21,18,6,7,21,1,1,1,1,-19,18,0,0,0,1.1667,0,0,16,4257.2,3,56998
129,2026-07-03 12:00:00,4254.9,4256.9,4247.3,4248.2,13,13,5,4,13,-1,-1,-1,-1,-20,13,0,0,0,1,0,0,12,4248.2,2,56998
130,2026-07-03 12:30:00,4249.9,4251.5,4247.9,4251.1,23,21,11,3,23,-8,-8,-8,-8,-28,21,0,0,0,1.0952,0,0,15,4250.2,3,56998
131,2026-07-03 13:00:00,4251.6,4252.8,4238.5,4243.9,13,13,1,4,13,3,3,3,3,-25,13,0,0,0,1,0,0,11,4247.3,2,56998
132,2026-07-03 13:30:00,4241.2,4242.1,4238.3,4238.3,22,18,13,3,22,-10,-10,-10,-10,-35,18,0,0,0,1.2222,0,0,12,4238.9,4,56998
133,2026-07-03 14:00:00,4237.0,4240.2,4230.0,4239.6,24,21,6,6,24,0,0,0,0,-35,21,0,0,0,1.1429,0,0,16,4237.0,4,56998
134,2026-07-03 14:30:00,4239.0,4244.8,4238.8,4244.8,17,16,5,2,17,-3,-3,-3,-3,-38,16,0,0,0,1.0625,0,0,9,4239.0,5,56998
135,2026-07-03 15:00:00,4246.5,4247.8,4241.6,4241.6,19,18,11,3,19,-8,-8,-8,-8,-46,18,0,0,0,1.0556,0,0,14,4246.5,3,56998
136,2026-07-03 15:30:00,4242.0,4242.7,4238.8,4238.8,41,39,17,5,41,-12,-12,-12,-12,-58,39,0,0,0,1.0513,0,0,23,4238.8,3,56998
137,2026-07-03 16:00:00,4238.9,4240.9,4237.1,4240.3,25,24,4,5,25,1,1,1,1,-57,24,0,0,0,1.0417,0,0,18,4238.4,3,56998
138,2026-07-03 16:30:00,4240.9,4249.6,4240.9,4248.4,30,30,3,2,30,-1,-1,-1,-1,-58,30,0,0,0,1,0,0,26,4242.6,2,56998
139,2026-07-06 00:00:00,4251.1,4252.2,4244.6,4244.6,23,23,3,2,23,-1,-1,-1,-1,-1,23,0,0,0,1,0,0,20,4245.2,3,56998
140,2026-07-06 00:30:00,4253.5,4259.8,4247.9,4250.3,18,18,2,4,18,2,2,2,2,1,18,0,0,0,1,0,0,15,4250.3,2,56998
141,2026-07-06 01:00:00,4253.0,4264.6,4246.8,4262.2,37,36,14,8,37,-6,-6,-6,-6,-5,36,0,0,0,1.0278,0,0,30,4254.1,3,56998
142,2026-07-06 01:30:00,4263.0,4276.2,4259.9,4259.9,23,23,6,5,23,-1,-1,-1,-1,-6,23,0,0,0,1,0,0,19,4268.7,3,56998
143,2026-07-06 02:00:00,4258.4,4259.5,4250.7,4253.1,16,16,2,0,16,-2,-2,-2,-2,-8,16,0,0,0,1,0,0,15,4254.0,2,56998
144,2026-07-06 02:30:00,4250.9,4250.9,4243.1,4248.5,11,10,4,2,11,-2,-2,-2,-2,-10,10,0,0,0,1.1,0,0,10,4248.3,2,56998
145,2026-07-06 03:00:00,4245.1,4245.1,4235.9,4235.9,25,22,6,1,25,-5,-5,-5,-5,-15,22,0,0,0,1.1364,0,0,20,4236.6,3,56998
146,2026-07-06 03:30:00,4239.7,4240.6,4235.3,4239.3,11,9,4,1,11,-3,-3,-3,-3,-18,9,0,0,0,1.2222,0,0,7,4235.9,5,56998
147,2026-07-06 04:00:00,4235.8,4236.4,4234.3,4236.4,5,5,1,0,5,-1,-1,-1,-1,-19,5,0,0,0,1,0,0,5,4234.3,1,56998
148,2026-07-06 04:30:00,4233.1,4233.9,4231.7,4231.7,8,6,2,0,8,-2,-2,-2,-2,-21,6,0,0,0,1.3333,0,0,4,4233.9,5,56998
149,2026-07-06 05:00:00,4231.9,4231.9,4224.7,4224.7,12,9,3,4,12,1,1,1,1,-20,9,0,0,0,1.3333,0,0,8,4225.7,3,56998
150,2026-07-06 05:30:00,4223.2,4231.7,4218.5,4219.5,13,13,1,1,13,0,0,0,0,-20,13,0,0,0,1,0,0,11,4219.5,2,56998
151,2026-07-06 06:00:00,4222.8,4228.1,4219.1,4228.1,12,12,0,2,12,2,2,2,2,-18,12,0,0,0,1,0,0,12,4219.1,1,56998
152,2026-07-06 06:30:00,4231.2,4231.2,4223.8,4223.8,21,21,5,0,21,-5,-5,-5,-5,-23,21,0,0,0,1,0,0,15,4228.8,3,56998
153,2026-07-06 07:00:00,4223.1,4229.0,4221.0,4226.8,15,15,3,1,15,-2,-2,-2,-2,-25,15,0,0,0,1,0,0,14,4224.7,2,56998
154,2026-07-06 07:30:00,4226.3,4238.1,4226.3,4238.1,14,13,1,4,14,3,3,3,3,-22,13,0,0,0,1.0769,0,0,13,4237.7,2,56998
155,2026-07-06 08:00:00,4238.3,4238.3,4229.3,4229.3,13,13,5,1,13,-4,-4,-4,-4,-26,13,0,0,0,1,0,0,11,4230.0,2,56998
156,2026-07-06 08:30:00,4227.7,4227.7,4221.7,4223.6,5,5,2,0,5,-2,-2,-2,-2,-28,5,0,0,0,1,0,0,5,4221.7,1,56998
157,2026-07-06 09:00:00,4223.1,4223.1,4215.0,4216.0,36,27,2,4,36,2,2,2,2,-26,27,0,0,0,1.3333,0,0,22,4222.0,12,56998
158,2026-07-06 09:30:00,4215.8,4216.4,4210.0,4216.3,30,28,0,1,30,1,1,1,1,-25,28,0,0,0,1.0714,0,0,24,4213.5,3,56998
159,2026-07-06 10:00:00,4221.4,4224.3,4221.4,4223.2,10,10,1,1,10,0,0,0,0,-25,10,0,0,0,1,0,0,9,4223.4,2,56998
160,2026-07-06 10:30:00,4223.4,4228.7,4223.4,4227.3,11,11,3,0,11,-3,-3,-3,-3,-28,11,0,0,0,1,0,0,9,4226.7,2,56998
161,2026-07-06 11:00:00,4227.3,4231.7,4226.0,4231.3,12,12,0,2,12,2,2,2,2,-26,12,0,0,0,1,0,0,11,4231.7,2,56998
162,2026-07-06 11:30:00,4229.4,4230.9,4226.0,4228.8,12,11,1,3,12,2,2,2,2,-24,11,0,0,0,1.0909,0,0,11,4228.4,2,56998
163,2026-07-06 12:00:00,4228.2,4231.6,4218.8,4218.8,58,53,2,26,58,24,24,24,24,0,53,0,0,0,1.0943,0,0,31,4230.0,7,56998
164,2026-07-06 12:30:00,4217.9,4217.9,4204.3,4213.2,91,78,16,25,91,9,9,9,9,9,78,0,0,0,1.1667,0,0,50,4208.9,15,56998
165,2026-07-06 13:00:00,4211.6,4221.6,4211.6,4215.6,55,53,17,12,55,-5,-5,-5,-5,4,53,0,0,0,1.0377,0,0,35,4219.8,5,56998
166,2026-07-06 13:30:00,4219.5,4223.4,4210.0,4210.0,67,64,17,10,67,-7,-7,-7,-7,-3,64,0,0,0,1.0469,0,0,40,4219.4,4,56998
167,2026-07-06 14:00:00,4215.0,4219.5,4206.8,4211.6,68,66,7,13,68,6,6,6,6,3,66,0,0,0,1.0303,0,0,50,4209.9,4,55761
168,2026-07-06 14:30:00,4209.6,4214.6,4203.3,4211.5,47,46,9,9,47,0,0,0,0,3,46,0,0,0,1.0217,0,0,37,4207.6,3,55761
169,2026-07-06 15:00:00,4212.2,4224.0,4211.1,4223.2,57,50,19,9,57,-10,-10,-10,-10,-7,50,0,0,0,1.14,0,0,37,4212.8,4,55761
170,2026-07-06 15:30:00,4223.7,4224.9,4218.2,4221.4,49,39,13,10,49,-3,-3,-3,-3,-10,39,0,0,0,1.2564,0,0,29,4223.0,8,55761
171,2026-07-06 16:00:00,4220.7,4220.9,4212.9,4217.1,32,28,7,2,32,-5,-5,-5,-5,-15,28,0,0,0,1.1429,0,0,20,4216.4,5,55761
172,2026-07-06 16:30:00,4219.9,4228.7,4219.9,4228.7,23,19,0,13,23,13,13,13,13,-2,19,0,0,0,1.2105,0,0,15,4224.2,3,55761
173,2026-07-06 17:00:00,4226.6,4231.8,4223.5,4228.8,125,117,21,26,125,5,5,5,5,5,117,0,0,0,1.0684,0,0,50,4227.8,9,55761
174,2026-07-06 17:30:00,4228.7,4233.7,4228.7,4233.1,17,17,4,4,17,0,0,0,0,5,17,0,0,0,1,0,0,15,4230.1,3,55761
175,2026-07-06 18:00:00,4234.8,4235.5,4228.8,4235.2,27,23,6,14,27,8,8,8,8,13,23,0,0,0,1.1739,0,0,22,4229.2,2,55761
176,2026-07-06 18:30:00,4239.0,4239.0,4235.9,4237.2,14,12,1,8,14,7,7,7,7,20,12,0,0,0,1.1667,0,0,9,4235.9,3,55761
177,2026-07-06 19:00:00,4233.6,4234.5,4233.5,4234.5,6,6,2,0,6,-2,-2,-2,-2,18,6,0,0,0,1,0,0,4,4233.6,3,55761
178,2026-07-06 19:30:00,4234.2,4236.7,4234.2,4235.8,11,11,3,5,11,2,2,2,2,20,11,0,0,0,1,0,0,9,4236.2,2,55761
179,2026-07-06 20:00:00,4235.3,4236.1,4233.8,4236.1,9,9,4,4,9,0,0,0,0,20,9,0,0,0,1,0,0,8,4235.0,2,55761
180,2026-07-06 20:30:00,4236.1,4237.0,4236.1,4237.0,4,2,0,0,4,0,0,0,0,20,2,0,0,0,2,0,0,2,4236.1,2,55761
181,2026-07-06 22:00:00,4237.1,4237.8,4237.1,4237.8,2,2,1,1,2,0,0,0,0,20,2,0,0,0,1,0,0,2,4237.1,1,55761
182,2026-07-06 22:30:00,4240.4,4240.4,4236.8,4236.8,4,4,0,1,4,1,1,1,1,21,4,0,0,0,1,0,0,3,4240.4,2,55761
183,2026-07-06 23:00:00,4236.3,4236.3,4236.3,4236.3,1,1,0,0,1,0,0,0,0,21,1,0,0,0,1,0,0,1,4236.3,1,55761
184,2026-07-06 23:30:00,4236.5,4236.5,4233.7,4233.7,9,9,4,4,9,0,0,0,0,21,9,0,0,0,1,0,0,7,4234.7,2,55761
185,2026-07-07 00:00:00,4227.5,4230.0,4226.6,4229.4,6,6,5,1,6,-4,-4,-4,-4,17,6,0,0,0,1,0,0,6,4226.6,1,55761
186,2026-07-07 00:30:00,4233.5,4233.6,4218.8,4218.8,17,17,3,6,17,3,3,3,3,20,17,0,0,0,1,0,0,15,4221.1,2,58969
187,2026-07-07 01:00:00,4218.7,4220.7,4198.6,4205.7,74,67,26,12,74,-14,-14,-14,-14,6,67,0,0,0,1.1045,0,0,56,4206.6,5,58969
188,2026-07-07 01:30:00,4208.4,4218.8,4208.4,4214.8,53,31,11,6,53,-5,-5,-5,-5,1,31,0,0,0,1.7097,0,0,28,4211.8,25,58969
189,2026-07-07 02:00:00,4213.9,4217.3,4211.0,4214.7,16,14,6,5,16,-1,-1,-1,-1,0,14,0,0,0,1.1429,0,0,11,4213.9,5,58969
190,2026-07-07 02:30:00,4210.6,4210.6,4205.3,4205.9,9,9,2,1,9,-1,-1,-1,-1,-1,9,0,0,0,1,0,0,8,4205.9,2,58969
191,2026-07-07 03:00:00,4208.0,4209.0,4206.4,4206.4,5,5,1,2,5,1,1,1,1,0,5,0,0,0,1,0,0,5,4206.4,1,58969
192,2026-07-07 03:30:00,4204.1,4204.3,4196.1,4198.7,39,26,15,0,39,-15,-15,-15,-15,-15,26,0,0,0,1.5,0,0,13,4197.6,25,58969
193,2026-07-07 04:00:00,4204.5,4212.1,4204.5,4205.9,16,16,2,6,16,4,4,4,4,-11,16,0,0,0,1,0,0,13,4204.5,2,58969
194,2026-07-07 04:30:00,4201.6,4203.2,4198.1,4198.7,11,11,1,2,11,1,1,1,1,-10,11,0,0,0,1,0,0,11,4198.1,1,58969
195,2026-07-07 05:00:00,4198.2,4202.6,4193.6,4200.4,25,23,13,1,25,-12,-12,-12,-12,-22,23,0,0,0,1.087,0,0,17,4194.9,4,58969
196,2026-07-07 05:30:00,4196.8,4199.0,4188.7,4195.6,59,57,15,16,59,1,1,1,1,-21,57,0,0,0,1.0351,0,0,42,4189.9,5,58969
197,2026-07-07 06:00:00,4198.4,4201.0,4194.6,4199.3,22,21,7,10,22,3,3,3,3,-18,21,0,0,0,1.0476,0,0,19,4199.3,3,58969
198,2026-07-07 06:30:00,4198.6,4203.4,4198.6,4201.8,4,4,0,1,4,1,1,1,1,-17,4,0,0,0,1,0,0,4,4198.6,1,58969
199,2026-07-07 07:00:00,4198.7,4203.1,4197.4,4199.8,8,8,2,1,8,-1,-1,-1,-1,-18,8,0,0,0,1,0,0,7,4199.8,2,58969
200,2026-07-07 07:30:00,4199.5,4204.5,4198.3,4198.3,7,7,4,1,7,-3,-3,-3,-3,-21,7,0,0,0,1,0,0,7,4198.3,1,58969
201,2026-07-07 08:00:00,4201.9,4210.8,4199.6,4209.9,22,22,5,3,22,-2,-2,-2,-2,-23,22,0,0,0,1,0,0,20,4207.7,2,58969
202,2026-07-07 08:30:00,4210.8,4210.8,4195.3,4198.4,27,27,6,2,27,-4,-4,-4,-4,-27,27,0,0,0,1,0,0,26,4203.0,2,58969
203,2026-07-07 09:00:00,4198.1,4202.4,4192.2,4192.2,24,23,5,3,24,-2,-2,-2,-2,-29,23,0,0,0,1.0435,0,0,22,4194.5,3,58969
204,2026-07-07 09:30:00,4194.4,4205.4,4193.5,4200.4,22,19,6,2,22,-4,-4,-4,-4,-33,19,0,0,0,1.1579,0,0,15,4202.7,6,58969
205,2026-07-07 10:00:00,4204.4,4209.8,4204.1,4209.8,76,45,6,52,76,46,46,46,46,13,45,0,0,0,1.6889,0,0,28,4205.6,8,58969
206,2026-07-07 10:30:00,4208.3,4209.2,4206.9,4206.9,8,8,1,1,8,0,0,0,0,13,8,0,0,0,1,0,0,8,4206.9,1,58969
207,2026-07-07 11:00:00,4204.5,4214.9,4204.0,4214.9,16,16,3,4,16,1,1,1,1,14,16,0,0,0,1,0,0,15,4204.0,2,58969
208,2026-07-07 11:30:00,4215.4,4230.9,4211.8,4228.8,80,76,12,14,80,2,2,2,2,16,76,0,0,0,1.0526,0,0,58,4220.8,4,58969
209,2026-07-07 12:00:00,4230.1,4247.6,4229.9,4235.9,92,83,11,23,92,12,12,12,12,28,83,0,0,0,1.1084,0,0,64,4231.5,4,58969
210,2026-07-07 12:30:00,4238.4,4245.3,4234.9,4245.3,76,67,9,18,76,9,9,9,9,37,67,0,0,0,1.1343,0,0,47,4235.0,8,58969
211,2026-07-07 13:00:00,4246.2,4251.7,4232.5,4239.5,114,110,22,30,114,8,8,8,8,45,110,0,0,0,1.0364,0,0,67,4241.3,6,58969
212,2026-07-07 13:30:00,4237.2,4252.9,4229.3,4231.1,113,105,33,18,113,-15,-15,-15,-15,30,105,0,0,0,1.0762,0,0,72,4231.3,4,58969
213,2026-07-07 14:00:00,4231.1,4235.6,4223.8,4230.1,99,97,17,35,99,18,18,18,18,48,97,0,0,0,1.0206,0,0,51,4226.4,24,58639
214,2026-07-07 14:30:00,4228.8,4228.8,4215.7,4227.2,55,40,24,5,55,-19,-19,-19,-19,29,40,0,0,0,1.375,0,0,35,4216.8,16,58639
215,2026-07-07 15:00:00,4225.2,4226.7,4214.1,4214.1,25,24,11,3,25,-8,-8,-8,-8,21,24,0,0,0,1.0417,0,0,20,4222.9,3,58639
216,2026-07-07 15:30:00,4215.0,4217.5,4208.6,4211.0,24,23,9,6,24,-3,-3,-3,-3,18,23,0,0,0,1.0435,0,0,19,4215.7,3,58639
217,2026-07-07 16:00:00,4210.5,4218.6,4209.0,4218.6,82,49,25,11,82,-14,-14,-14,-14,4,49,0,0,0,1.6735,0,0,20,4210.5,21,58639
218,2026-07-07 16:30:00,4218.4,4218.9,4214.7,4217.6,35,26,15,5,35,-10,-10,-10,-10,-6,26,0,0,0,1.3462,0,0,18,4215.5,12,58639
219,2026-07-07 17:00:00,4217.4,4218.7,4213.9,4218.6,62,57,18,25,62,7,7,7,7,7,57,0,0,0,1.0877,0,0,27,4218.5,7,58639
220,2026-07-07 17:30:00,4218.5,4219.8,4216.3,4216.3,18,18,6,2,18,-4,-4,-4,-4,3,18,0,0,0,1,0,0,14,4218.3,2,58639
221,2026-07-07 18:00:00,4214.0,4216.6,4212.5,4214.2,18,18,6,2,18,-4,-4,-4,-4,-1,18,0,0,0,1,0,0,11,4214.0,5,58639
222,2026-07-07 18:30:00,4213.6,4214.9,4197.0,4202.4,65,61,17,17,65,0,0,0,0,-1,61,0,0,0,1.0656,0,0,43,4210.9,4,58639
223,2026-07-07 19:00:00,4190.0,4192.0,4164.2,4177.3,163,127,58,32,163,-26,-26,-26,-26,-27,127,0,0,0,1.2835,0,0,90,4168.8,16,58639
224,2026-07-07 19:30:00,4180.1,4188.3,4179.4,4186.0,318,134,46,52,318,6,6,6,6,-21,134,0,0,0,2.3731,0,0,50,4186.5,213,58639
225,2026-07-07 20:00:00,4184.5,4186.2,4177.8,4182.3,34,31,10,10,34,0,0,0,0,-21,31,0,0,0,1.0968,0,0,26,4186.0,3,58639
226,2026-07-07 20:30:00,4180.8,4180.8,4176.1,4178.0,6,6,0,1,6,1,1,1,1,-20,6,0,0,0,1,0,0,6,4176.1,1,58639
227,2026-07-07 22:00:00,4171.0,4175.5,4171.0,4172.9,23,20,12,8,23,-4,-4,-4,-4,-24,20,0,0,0,1.15,0,0,15,4171.0,3,58639
228,2026-07-07 22:30:00,4171.3,4173.1,4168.5,4169.8,12,12,5,2,12,-3,-3,-3,-3,-27,12,0,0,0,1,0,0,12,4168.5,1,58639
229,2026-07-07 23:00:00,4170.8,4177.9,4170.8,4174.5,19,19,3,8,19,5,5,5,5,-22,19,0,0,0,1,0,0,17,4172.9,2,58639
230,2026-07-07 23:30:00,4173.4,4174.8,4167.5,4167.5,13,12,4,5,13,1,1,1,1,-21,12,0,0,0,1.0833,0,0,12,4173.5,2,58639
231,2026-07-08 00:00:00,4171.9,4176.9,4168.7,4175.7,14,14,5,3,14,-2,-2,-2,-2,-23,14,0,0,0,1,0,0,14,4168.7,1,62633
232,2026-07-08 00:30:00,4174.7,4195.9,4174.7,4184.2,36,33,10,10,36,0,0,0,0,-23,33,0,0,0,1.0909,0,0,26,4194.1,4,62633
233,2026-07-08 01:00:00,4183.4,4187.5,4171.6,4174.8,67,67,14,20,67,6,6,6,6,-17,67,0,0,0,1,0,0,53,4172.1,5,62633
234,2026-07-08 01:30:00,4175.2,4184.3,4170.5,4177.8,31,29,5,18,31,13,13,13,13,-4,29,0,0,0,1.069,0,0,24,4183.2,4,62633
235,2026-07-08 02:00:00,4183.0,4194.8,4178.0,4193.9,26,26,9,9,26,0,0,0,0,-4,26,0,0,0,1,0,0,21,4178.0,4,62633
236,2026-07-08 02:30:00,4191.8,4191.8,4185.5,4185.5,17,17,6,6,17,0,0,0,0,-4,17,0,0,0,1,0,0,15,4188.7,2,62633
237,2026-07-08 03:00:00,4187.7,4201.7,4187.7,4201.0,37,34,6,16,37,10,10,10,10,6,34,0,0,0,1.0882,0,0,24,4200.0,5,62633
238,2026-07-08 03:30:00,4198.9,4198.9,4194.9,4195.1,7,6,2,2,7,0,0,0,0,6,6,0,0,0,1.1667,0,0,6,4195.7,2,62633
239,2026-07-08 04:00:00,4195.5,4198.3,4192.7,4193.4,10,10,1,3,10,2,2,2,2,8,10,0,0,0,1,0,0,10,4192.7,1,62633
240,2026-07-08 04:30:00,4198.7,4199.1,4195.0,4195.0,7,7,1,3,7,2,2,2,2,10,7,0,0,0,1,0,0,6,4198.9,2,62633
241,2026-07-08 05:00:00,4196.4,4204.6,4194.6,4194.6,13,13,6,2,13,-4,-4,-4,-4,6,13,0,0,0,1,0,0,13,4194.6,1,62633
242,2026-07-08 05:30:00,4192.0,4202.7,4192.0,4196.2,17,15,6,5,17,-1,-1,-1,-1,5,15,0,0,0,1.1333,0,0,14,4200.0,3,62633
243,2026-07-08 06:00:00,4197.0,4204.8,4194.9,4204.8,11,11,4,4,11,0,0,0,0,5,11,0,0,0,1,0,0,11,4194.9,1,62633
244,2026-07-08 06:30:00,4196.5,4199.3,4195.6,4195.6,18,17,3,5,18,2,2,2,2,7,17,0,0,0,1.0588,0,0,13,4197.3,4,62633
245,2026-07-08 07:00:00,4194.3,4194.8,4188.2,4192.0,18,18,2,3,18,1,1,1,1,8,18,0,0,0,1,0,0,16,4189.6,3,62633
246,2026-07-08 07:30:00,4193.6,4197.1,4190.0,4192.4,30,23,13,4,30,-9,-9,-9,-9,-1,23,0,0,0,1.3043,0,0,18,4196.3,6,62633
247,2026-07-08 08:00:00,4191.6,4191.6,4152.1,4160.7,206,192,38,44,206,6,6,6,6,5,192,0,0,0,1.0729,0,0,132,4158.0,5,62633
248,2026-07-08 08:30:00,4157.1,4162.0,4122.0,4125.9,302,260,66,97,302,31,31,31,31,36,260,0,0,0,1.1615,0,0,155,4135.0,9,62633
249,2026-07-08 09:00:00,4125.4,4129.9,4120.5,4127.1,106,90,16,47,106,31,31,31,31,67,90,0,0,0,1.1778,0,0,53,4127.5,8,62633
250,2026-07-08 09:30:00,4125.1,4128.6,4111.8,4111.8,73,67,16,19,73,3,3,3,3,70,67,0,0,0,1.0896,0,0,51,4121.7,4,62633
251,2026-07-08 10:00:00,4113.2,4125.4,4110.6,4121.7,48,47,7,17,48,10,10,10,10,80,47,0,0,0,1.0213,0,0,35,4115.4,3,62633
252,2026-07-08 10:30:00,4122.3,4128.6,4121.3,4125.0,72,50,7,30,72,23,23,23,23,103,50,0,0,0,1.44,0,0,37,4124.6,14,62633
253,2026-07-08 11:00:00,4123.3,4126.7,4118.7,4121.3,48,36,9,7,48,-2,-2,-2,-2,101,36,0,0,0,1.3333,0,0,25,4120.4,15,62633
254,2026-07-08 11:30:00,4119.5,4142.4,4111.4,4131.5,207,187,27,43,207,16,16,16,16,117,187,0,0,0,1.107,0,0,103,4117.4,15,62633
255,2026-07-08 12:00:00,4133.2,4145.4,4130.1,4141.8,85,80,17,24,85,7,7,7,7,124,80,0,0,0,1.0625,0,0,53,4141.8,5,62633
256,2026-07-08 12:30:00,4140.6,4156.2,4138.5,4142.0,210,185,26,61,210,35,35,35,35,159,185,0,0,0,1.1351,0,0,103,4146.3,8,62633
257,2026-07-08 13:00:00,4141.7,4152.7,4135.8,4137.8,89,84,26,25,89,-1,-1,-1,-1,158,84,0,0,0,1.0595,0,0,54,4144.8,5,62633
258,2026-07-08 13:30:00,4137.2,4150.5,4137.2,4141.5,126,93,43,23,126,-20,-20,-20,-20,138,93,0,0,0,1.3548,0,0,54,4141.0,29,62633
259,2026-07-08 14:00:00,4141.0,4141.8,4122.6,4134.2,126,106,34,28,126,-6,-6,-6,-6,132,106,0,0,0,1.1887,0,0,76,4133.0,7,62383
260,2026-07-08 14:30:00,4130.6,4130.6,4103.5,4111.5,173,147,26,57,173,31,31,31,31,163,147,0,0,0,1.1769,0,0,104,4105.7,6,62383
261,2026-07-08 15:00:00,4110.8,4113.3,4096.4,4101.6,314,186,68,66,314,-2,-2,-2,-2,161,186,0,0,0,1.6882,0,0,84,4106.2,20,62383
262,2026-07-08 15:30:00,4101.5,4106.4,4092.0,4102.0,98,90,16,26,98,10,10,10,10,171,90,0,0,0,1.0889,0,0,57,4098.8,16,62383
263,2026-07-08 16:00:00,4103.8,4113.3,4103.8,4111.9,69,54,20,28,69,8,8,8,8,179,54,0,0,0,1.2778,0,0,38,4109.8,9,62383
264,2026-07-08 16:30:00,4112.3,4134.1,4108.9,4133.5,340,209,95,90,340,-5,-5,-5,-5,174,209,0,0,0,1.6268,0,0,117,4115.2,35,62383
265,2026-07-08 17:00:00,4133.2,4143.6,4129.6,4143.1,227,211,64,44,227,-20,-20,-20,-20,-20,211,0,0,0,1.0758,0,0,66,4142.4,37,62383
266,2026-07-08 17:30:00,4142.7,4146.3,4134.6,4134.6,76,64,23,22,76,-1,-1,-1,-1,-21,64,0,0,0,1.1875,0,0,38,4144.4,6,62383
267,2026-07-08 18:00:00,4134.2,4145.2,4133.8,4140.9,65,46,37,17,65,-20,-20,-20,-20,-41,46,0,0,0,1.413,0,0,33,4140.5,12,62383
268,2026-07-08 18:30:00,4140.3,4160.1,4137.9,4153.0,35,35,5,8,35,3,3,3,3,-38,35,0,0,0,1,0,0,32,4139.6,2,62383
269,2026-07-08 19:00:00,4157.6,4160.0,4155.7,4156.4,15,14,5,3,15,-2,-2,-2,-2,-40,14,0,0,0,1.0714,0,0,12,4156.4,2,62383
270,2026-07-08 19:30:00,4158.5,4160.7,4148.8,4150.9,63,49,32,14,63,-18,-18,-18,-18,-58,49,0,0,0,1.2857,0,0,32,4151.0,6,62383
271,2026-07-08 20:00:00,4150.1,4153.1,4144.4,4146.3,35,35,3,14,35,11,11,11,11,-47,35,0,0,0,1,0,0,27,4144.8,2,62383
272,2026-07-08 20:30:00,4147.3,4148.1,4142.3,4147.7,19,18,5,4,19,-1,-1,-1,-1,-48,18,0,0,0,1.0556,0,0,15,4142.3,2,62383
273,2026-07-08 22:00:00,4147.0,4147.5,4147.0,4147.5,5,4,3,1,5,-2,-2,-2,-2,-50,4,0,0,0,1.25,0,0,2,4147.0,3,62383
274,2026-07-08 22:30:00,4144.6,4147.4,4143.2,4146.2,7,7,2,2,7,0,0,0,0,-50,7,0,0,0,1,0,0,7,4143.2,1,62383
275,2026-07-08 23:00:00,4145.4,4146.4,4144.5,4144.9,4,4,1,0,4,-1,-1,-1,-1,-51,4,0,0,0,1,0,0,4,4144.5,1,62383
276,2026-07-08 23:30:00,4146.6,4147.0,4141.5,4147.0,13,12,4,6,13,2,2,2,2,-49,12,0,0,0,1.0833,0,0,12,4145.2,2,62383
277,2026-07-09 00:00:00,4149.3,4156.9,4143.9,4144.7,21,21,5,9,21,4,4,4,4,-45,21,0,0,0,1,0,0,18,4149.3,3,68382
278,2026-07-09 00:30:00,4148.0,4150.1,4140.6,4142.2,15,13,2,7,15,5,5,5,5,-40,13,0,0,0,1.1538,0,0,12,4140.6,2,68382
279,2026-07-09 01:00:00,4143.5,4144.7,4135.9,4140.9,39,36,12,11,39,-1,-1,-1,-1,-41,36,0,0,0,1.0833,0,0,27,4140.5,5,68382
280,2026-07-09 01:30:00,4134.7,4144.8,4134.3,4140.0,24,24,5,5,24,0,0,0,0,-41,24,0,0,0,1,0,0,21,4138.0,2,68382
281,2026-07-09 02:00:00,4142.6,4150.9,4142.6,4149.3,9,9,5,1,9,-4,-4,-4,-4,-45,9,0,0,0,1,0,0,9,4142.6,1,68382
282,2026-07-09 02:30:00,4149.4,4149.4,4134.8,4134.8,15,14,3,4,15,1,1,1,1,-44,14,0,0,0,1.0714,0,0,13,4135.0,2,68382
283,2026-07-09 03:00:00,4131.1,4131.7,4123.7,4127.9,15,15,3,4,15,1,1,1,1,-43,15,0,0,0,1,0,0,14,4127.6,2,68382
284,2026-07-09 03:30:00,4127.7,4133.0,4127.7,4131.5,57,35,7,46,57,39,39,39,39,-4,35,0,0,0,1.6286,0,0,20,4130.4,8,68382
285,2026-07-09 04:00:00,4131.2,4132.5,4126.7,4128.6,9,9,3,3,9,0,0,0,0,-4,9,0,0,0,1,0,0,9,4126.7,1,68382
286,2026-07-09 04:30:00,4128.1,4131.3,4126.4,4131.1,9,9,2,3,9,1,1,1,1,-3,9,0,0,0,1,0,0,8,4131.0,2,68382
287,2026-07-09 05:00:00,4133.2,4144.9,4133.2,4140.8,101,77,28,26,101,-2,-2,-2,-2,-5,77,0,0,0,1.3117,0,0,47,4142.9,22,68382
288,2026-07-09 05:30:00,4141.7,4153.3,4136.8,4151.0,43,37,18,12,43,-6,-6,-6,-6,-11,37,0,0,0,1.1622,0,0,31,4148.7,5,68382
289,2026-07-09 06:00:00,4154.4,4171.7,4154.4,4171.7,36,36,12,5,36,-7,-7,-7,-7,-18,36,0,0,0,1,0,0,32,4162.8,2,68382
290,2026-07-09 06:30:00,4169.9,4176.1,4166.2,4175.8,32,32,9,8,32,-1,-1,-1,-1,-19,32,0,0,0,1,0,0,28,4172.7,3,68382
291,2026-07-09 07:00:00,4176.8,4177.8,4172.7,4176.6,17,16,5,5,17,0,0,0,0,-19,16,0,0,0,1.0625,0,0,15,4176.6,2,68382
292,2026-07-09 07:30:00,4177.3,4180.9,4175.5,4177.0,13,12,5,2,13,-3,-3,-3,-3,-22,12,0,0,0,1.0833,0,0,10,4178.0,3,68382
293,2026-07-09 08:00:00,4176.7,4186.2,4175.0,4184.5,20,19,4,5,20,1,1,1,1,-21,19,0,0,0,1.0526,0,0,19,4175.0,2,68382
294,2026-07-09 08:30:00,4183.9,4183.9,4177.1,4179.3,49,31,11,15,49,4,4,4,4,-17,31,0,0,0,1.5806,0,0,21,4182.1,20,68382
295,2026-07-09 09:00:00,4177.3,4181.0,4176.8,4177.5,12,12,1,0,12,-1,-1,-1,-1,-18,12,0,0,0,1,0,0,11,4177.5,2,68382
296,2026-07-09 09:30:00,4178.6,4178.6,4172.8,4174.0,12,12,2,1,12,-1,-1,-1,-1,-19,12,0,0,0,1,0,0,11,4176.3,2,68382
297,2026-07-09 10:00:00,4178.0,4178.0,4174.6,4176.3,4,4,1,0,4,-1,-1,-1,-1,-20,4,0,0,0,1,0,0,4,4174.6,1,68382
298,2026-07-09 10:30:00,4172.3,4173.2,4164.1,4168.2,38,29,4,12,38,8,8,8,8,-12,29,0,0,0,1.3103,0,0,24,4173.0,8,68382
299,2026-07-09 11:00:00,4167.1,4176.1,4167.1,4168.8,22,22,5,7,22,2,2,2,2,-10,22,0,0,0,1,0,0,18,4172.1,4,68382
300,2026-07-09 11:30:00,4169.9,4180.2,4169.9,4178.8,32,32,4,10,32,6,6,6,6,-4,32,0,0,0,1,0,0,26,4173.9,2,68382
301,2026-07-09 12:00:00,4182.2,4188.0,4175.4,4176.1,40,40,5,16,40,11,11,11,11,7,40,0,0,0,1,0,0,34,4175.5,2,68382
302,2026-07-09 12:30:00,4177.1,4190.8,4177.1,4177.6,74,60,10,22,74,12,12,12,12,19,60,0,0,0,1.2333,0,0,38,4188.2,18,68382
303,2026-07-09 13:00:00,4181.5,4197.3,4181.2,4194.4,45,43,16,9,45,-7,-7,-7,-7,12,43,0,0,0,1.0465,0,0,38,4186.4,3,68382
304,2026-07-09 13:30:00,4195.2,4199.5,4189.1,4192.3,85,80,27,22,85,-5,-5,-5,-5,7,80,0,0,0,1.0625,0,0,49,4192.1,5,68382
305,2026-07-09 14:00:00,4191.9,4207.7,4184.2,4194.6,126,110,29,39,126,10,10,10,10,17,110,0,0,0,1.1455,0,0,73,4194.6,11,68381
306,2026-07-09 14:30:00,4194.8,4198.2,4189.0,4198.2,46,46,8,9,46,1,1,1,1,18,46,0,0,0,1,0,0,28,4194.0,4,68381
307,2026-07-09 15:00:00,4198.2,4200.4,4195.3,4199.1,80,69,18,21,80,3,3,3,3,21,69,0,0,0,1.1594,0,0,31,4198.9,9,68381
308,2026-07-09 15:30:00,4198.5,4202.2,4197.0,4197.8,25,24,5,7,25,2,2,2,2,23,24,0,0,0,1.0417,0,0,19,4197.7,3,68381
309,2026-07-09 16:00:00,4197.9,4203.8,4196.4,4202.6,36,35,7,12,36,5,5,5,5,28,35,0,0,0,1.0286,0,0,31,4200.7,3,68381
310,2026-07-09 16:30:00,4204.1,4208.8,4198.5,4199.4,57,53,17,6,57,-11,-11,-11,-11,17,53,0,0,0,1.0755,0,0,33,4199.9,4,68381
311,2026-07-09 17:00:00,4197.8,4202.6,4196.0,4202.4,135,127,35,57,135,22,22,22,22,22,127,0,0,0,1.063,0,0,43,4202.0,13,68381
312,2026-07-09 17:30:00,4202.6,4208.3,4200.2,4207.1,62,51,4,39,62,35,35,35,35,57,51,0,0,0,1.2157,0,0,33,4203.3,5,68381
313,2026-07-09 18:00:00,4206.6,4206.6,4194.1,4194.7,31,31,5,19,31,14,14,14,14,71,31,0,0,0,1,0,0,25,4197.4,3,68381
314,2026-07-09 18:30:00,4194.1,4195.6,4193.3,4195.6,13,13,2,3,13,1,1,1,1,72,13,0,0,0,1,0,0,10,4193.3,3,68381
315,2026-07-09 19:00:00,4196.6,4197.3,4191.1,4191.1,8,8,1,2,8,1,1,1,1,73,8,0,0,0,1,0,0,8,4191.1,1,68381
316,2026-07-09 19:30:00,4191.0,4193.1,4189.7,4192.4,25,25,5,10,25,5,5,5,5,78,25,0,0,0,1,0,0,17,4190.8,3,68381
317,2026-07-09 20:00:00,4191.9,4191.9,4191.3,4191.3,3,3,2,1,3,-1,-1,-1,-1,77,3,0,0,0,1,0,0,3,4191.3,1,68381
318,2026-07-09 20:30:00,4193.7,4193.7,4192.8,4192.8,3,3,2,1,3,-1,-1,-1,-1,76,3,0,0,0,1,0,0,2,4192.8,2,68381
319,2026-07-09 22:00:00,4194.9,4195.6,4192.0,4192.6,5,5,3,0,5,-3,-3,-3,-3,73,5,0,0,0,1,0,0,5,4192.0,1,68381
320,2026-07-09 22:30:00,4191.8,4191.8,4191.7,4191.7,2,2,0,0,2,0,0,0,0,73,2,0,0,0,1,0,0,2,4191.7,1,68381
321,2026-07-09 23:00:00,4190.8,4193.9,4190.8,4192.2,8,8,3,1,8,-2,-2,-2,-2,71,8,0,0,0,1,0,0,7,4192.2,2,68381
322,2026-07-09 23:30:00,4193.2,4194.3,4193.2,4194.3,3,3,0,1,3,1,1,1,1,72,3,0,0,0,1,0,0,2,4194.3,2,68381
323,2026-07-10 00:00:00,4191.8,4194.9,4189.0,4189.0,9,8,1,5,9,4,4,4,4,76,8,0,0,0,1.125,0,0,7,4189.0,2,68381
324,2026-07-10 00:30:00,4186.3,4198.2,4186.2,4196.5,15,15,2,5,15,3,3,3,3,79,15,0,0,0,1,0,0,14,4195.0,2,79298
325,2026-07-10 01:00:00,4197.1,4200.6,4191.9,4192.0,18,18,4,7,18,3,3,3,3,82,18,0,0,0,1,0,0,15,4192.0,3,79298
326,2026-07-10 01:30:00,4188.0,4188.0,4180.2,4186.8,27,24,7,10,27,3,3,3,3,85,24,0,0,0,1.125,0,0,19,4182.8,4,79298
327,2026-07-10 02:00:00,4194.7,4198.7,4193.0,4194.7,13,13,1,5,13,4,4,4,4,89,13,0,0,0,1,0,0,11,4193.1,2,79298
328,2026-07-10 02:30:00,4195.5,4199.1,4193.0,4198.9,17,17,6,5,17,-1,-1,-1,-1,88,17,0,0,0,1,0,0,13,4195.5,3,79298
329,2026-07-10 03:00:00,4200.0,4204.4,4192.9,4196.6,56,33,16,17,56,1,1,1,1,89,33,0,0,0,1.697,0,0,26,4199.2,14,79298
330,2026-07-10 03:30:00,4194.4,4194.9,4189.6,4189.6,10,9,3,2,10,-1,-1,-1,-1,88,9,0,0,0,1.1111,0,0,8,4189.6,2,79298
331,2026-07-10 04:00:00,4187.7,4189.4,4182.2,4186.8,17,13,3,8,17,5,5,5,5,93,13,0,0,0,1.3077,0,0,10,4187.7,6,79298
332,2026-07-10 04:30:00,4188.1,4188.1,4185.0,4185.0,2,2,0,0,2,0,0,0,0,93,2,0,0,0,1,0,0,2,4185.0,1,79298
333,2026-07-10 05:00:00,4184.3,4185.9,4182.9,4184.5,13,13,2,3,13,1,1,1,1,94,13,0,0,0,1,0,0,11,4184.3,2,79298
334,2026-07-10 05:30:00,4182.4,4186.5,4178.0,4186.5,22,19,3,3,22,0,0,0,0,94,19,0,0,0,1.1579,0,0,13,4178.0,6,79298
335,2026-07-10 06:00:00,4188.5,4188.5,4183.1,4184.8,42,32,7,13,42,6,6,6,6,100,32,0,0,0,1.3125,0,0,16,4184.0,11,79298
336,2026-07-10 06:30:00,4181.8,4183.5,4181.6,4181.6,6,6,1,2,6,1,1,1,1,101,6,0,0,0,1,0,0,5,4181.6,2,79298
337,2026-07-10 07:00:00,4181.8,4184.5,4178.2,4184.5,12,12,3,4,12,1,1,1,1,102,12,0,0,0,1,0,0,10,4179.8,2,79298
338,2026-07-10 07:30:00,4182.5,4182.5,4173.7,4173.7,8,6,4,0,8,-4,-4,-4,-4,98,6,0,0,0,1.3333,0,0,6,4176.1,2,79298
339,2026-07-10 08:00:00,4174.7,4177.9,4173.4,4174.2,20,15,10,5,20,-5,-5,-5,-5,93,15,0,0,0,1.3333,0,0,14,4174.7,3,79298
340,2026-07-10 08:30:00,4174.0,4174.0,4163.7,4166.5,90,73,56,11,90,-45,-45,-45,-45,48,73,0,0,0,1.2329,0,0,43,4167.5,7,79298
341,2026-07-10 09:00:00,4166.8,4172.2,4164.1,4170.1,53,47,35,1,53,-34,-34,-34,-34,14,47,0,0,0,1.1277,0,0,30,4166.8,4,79298
342,2026-07-10 09:30:00,4170.7,4173.8,4170.7,4172.6,27,21,7,9,27,2,2,2,2,16,21,0,0,0,1.2857,0,0,16,4172.1,4,79298
343,2026-07-10 10:00:00,4177.5,4178.2,4175.4,4177.4,12,10,7,2,12,-5,-5,-5,-5,11,10,0,0,0,1.2,0,0,9,4175.4,2,79298
344,2026-07-10 10:30:00,4179.3,4179.3,4174.1,4174.1,21,20,4,6,21,2,2,2,2,13,20,0,0,0,1.05,0,0,17,4176.4,4,79298
345,2026-07-10 11:00:00,4174.6,4176.4,4171.0,4171.0,14,14,7,1,14,-6,-6,-6,-6,7,14,0,0,0,1,0,0,13,4175.6,2,79298
346,2026-07-10 11:30:00,4168.5,4176.0,4166.3,4171.0,29,27,5,6,29,1,1,1,1,8,27,0,0,0,1.0741,0,0,25,4166.3,2,79298
347,2026-07-10 12:00:00,4172.5,4185.8,4170.3,4174.6,69,66,21,15,69,-6,-6,-6,-6,2,66,0,0,0,1.0455,0,0,53,4179.5,4,79298
348,2026-07-10 12:30:00,4175.2,4175.2,4165.8,4169.7,46,44,13,14,46,1,1,1,1,3,44,0,0,0,1.0455,0,0,34,4169.2,4,79298
349,2026-07-10 13:00:00,4167.4,4174.7,4153.5,4155.3,126,108,38,23,126,-15,-15,-15,-15,-12,108,0,0,0,1.1667,0,0,69,4171.3,5,79298
350,2026-07-10 13:30:00,4155.7,4173.9,4155.5,4168.2,105,99,19,38,105,19,19,19,19,7,99,0,0,0,1.0606,0,0,69,4172.0,5,79298
351,2026-07-10 14:00:00,4167.8,4177.3,4166.1,4174.4,129,124,20,44,129,24,24,24,24,31,124,0,0,0,1.0403,0,0,64,4170.2,7,77749
352,2026-07-10 14:30:00,4174.1,4176.7,4142.0,4162.7,219,208,68,64,219,-4,-4,-4,-4,27,208,0,0,0,1.0529,0,0,144,4169.6,6,77749
353,2026-07-10 15:00:00,4160.7,4176.3,4160.7,4170.3,90,79,31,23,90,-8,-8,-8,-8,19,79,0,0,0,1.1392,0,0,58,4165.0,5,77749
354,2026-07-10 15:30:00,4171.2,4182.4,4170.5,4182.4,48,40,13,13,48,0,0,0,0,19,40,0,0,0,1.2,0,0,24,4180.2,12,77749
355,2026-07-10 16:00:00,4182.0,4182.9,4176.3,4182.8,38,37,4,9,38,5,5,5,5,24,37,0,0,0,1.027,0,0,23,4182.9,5,77749
356,2026-07-10 16:30:00,4184.2,4184.3,4173.4,4173.4,77,45,22,8,77,-14,-14,-14,-14,10,45,0,0,0,1.7111,0,0,26,4182.4,32,77749
357,2026-07-10 17:00:00,4173.3,4175.2,4171.4,4174.6,134,123,51,28,134,-23,-23,-23,-23,-23,123,0,0,0,1.0894,0,0,33,4173.3,11,77749
358,2026-07-10 17:30:00,4174.5,4175.2,4169.9,4169.9,54,46,11,7,54,-4,-4,-4,-4,-27,46,0,0,0,1.1739,0,0,27,4172.9,7,77749
359,2026-07-10 18:00:00,4172.4,4174.0,4172.2,4172.2,20,20,9,7,20,-2,-2,-2,-2,-29,20,0,0,0,1,0,0,13,4173.0,4,77749
360,2026-07-10 18:30:00,4171.3,4171.5,4167.1,4168.3,12,11,4,1,12,-3,-3,-3,-3,-32,11,0,0,0,1.0909,0,0,10,4168.2,2,77749
361,2026-07-10 19:00:00,4168.6,4170.9,4166.5,4170.3,22,15,2,6,22,4,4,4,4,-28,15,0,0,0,1.4667,0,0,14,4170.3,7,77749
362,2026-07-10 19:30:00,4169.6,4176.9,4169.5,4176.8,49,38,14,22,49,8,8,8,8,-20,38,0,0,0,1.2895,0,0,24,4176.3,10,77749
363,2026-07-10 20:00:00,4177.2,4182.9,4177.2,4179.5,18,12,2,13,18,11,11,11,11,-9,12,0,0,0,1.5,0,0,11,4182.9,7,77749
364,2026-07-10 20:30:00,4179.6,4188.4,4179.6,4187.8,13,11,1,5,13,4,4,4,4,-5,11,0,0,0,1.1818,0,0,11,4180.9,2,77749
365,2026-07-13 00:00:00,4152.3,4156.1,4145.0,4145.0,126,67,21,6,126,-15,-15,-15,-15,-15,67,0,0,0,1.8806,0,0,27,4150.0,22,84999
366,2026-07-13 00:30:00,4142.0,4144.2,4129.3,4142.2,346,169,15,14,346,-1,-1,-1,-1,-16,169,0,0,0,2.0473,0,0,44,4137.0,51,84999
367,2026-07-13 01:00:00,4142.6,4148.8,4134.0,4146.9,148,73,30,17,148,-13,-13,-13,-13,-29,73,0,0,0,2.0274,0,0,33,4140.0,41,84999
368,2026-07-13 01:30:00,4148.1,4155.8,4135.0,4140.5,121,67,13,9,121,-4,-4,-4,-4,-33,67,0,0,0,1.806,0,0,34,4138.0,20,84999
369,2026-07-13 02:00:00,4139.9,4142.1,4134.6,4134.6,169,69,19,18,169,-1,-1,-1,-1,-34,69,0,0,0,2.4493,0,0,20,4138.0,41,84999
370,2026-07-13 02:30:00,4137.0,4144.3,4132.6,4137.5,116,54,12,19,116,7,7,7,7,-27,54,0,0,0,2.1481,0,0,23,4136.7,26,84999
371,2026-07-13 03:00:00,4136.4,4136.4,4120.3,4127.2,86,63,23,28,86,5,5,5,5,-22,63,0,0,0,1.3651,0,0,40,4128.4,14,84999
372,2026-07-13 03:30:00,4127.5,4127.5,4124.3,4127.0,3,3,1,2,3,1,1,1,1,-21,3,0,0,0,1,0,0,3,4124.3,1,84999
373,2026-07-13 04:00:00,4125.3,4126.0,4119.9,4122.2,17,16,2,5,17,3,3,3,3,-18,16,0,0,0,1.0625,0,0,12,4120.0,3,84999
374,2026-07-13 04:30:00,4124.2,4125.9,4120.4,4125.8,19,18,6,7,19,1,1,1,1,-17,18,0,0,0,1.0556,0,0,15,4120.4,3,84999
375,2026-07-13 05:00:00,4125.7,4138.1,4123.1,4126.0,48,31,27,3,48,-24,-24,-24,-24,-41,31,0,0,0,1.5484,0,0,25,4128.1,5,84999
376,2026-07-13 05:30:00,4125.8,4132.5,4120.2,4120.7,77,41,32,33,77,1,1,1,1,-40,41,0,0,0,1.878,0,0,26,4131.5,10,84999
377,2026-07-13 06:00:00,4118.2,4125.8,4112.6,4125.8,26,26,6,9,26,3,3,3,3,-37,26,0,0,0,1,0,0,23,4116.0,3,84999
378,2026-07-13 06:30:00,4128.3,4132.0,4120.4,4120.4,37,35,6,7,37,1,1,1,1,-36,35,0,0,0,1.0571,0,0,26,4121.6,4,84999
379,2026-07-13 07:00:00,4122.8,4127.4,4116.6,4126.5,31,31,3,3,31,0,0,0,0,-36,31,0,0,0,1,0,0,25,4122.4,2,84999
380,2026-07-13 07:30:00,4125.4,4132.1,4124.9,4131.7,24,23,1,7,24,6,6,6,6,-30,23,0,0,0,1.0435,0,0,19,4125.9,3,84999
381,2026-07-13 08:00:00,4133.6,4146.1,4132.7,4142.9,35,34,1,11,35,10,10,10,10,-20,34,0,0,0,1.0294,0,0,27,4137.7,5,84999
382,2026-07-13 08:30:00,4141.3,4146.5,4139.8,4145.3,17,16,6,1,17,-5,-5,-5,-5,-25,16,0,0,0,1.0625,0,0,13,4139.8,2,84999
383,2026-07-13 09:00:00,4142.5,4142.9,4139.9,4139.9,15,15,1,3,15,2,2,2,2,-23,15,0,0,0,1,0,0,13,4142.5,2,84999
384,2026-07-13 09:30:00,4138.8,4140.5,4136.5,4136.5,7,7,1,0,7,-1,-1,-1,-1,-24,7,0,0,0,1,0,0,7,4136.5,1,84999
385,2026-07-13 10:00:00,4136.0,4136.4,4133.8,4134.4,10,10,5,2,10,-3,-3,-3,-3,-27,10,0,0,0,1,0,0,8,4135.8,2,84999
386,2026-07-13 10:30:00,4133.6,4133.6,4115.3,4127.7,55,53,8,14,55,6,6,6,6,-21,53,0,0,0,1.0377,0,0,43,4115.4,3,84999
387,2026-07-13 11:00:00,4129.1,4132.9,4125.8,4130.0,47,44,13,7,47,-6,-6,-6,-6,-27,44,0,0,0,1.0682,0,0,34,4130.3,5,84999
388,2026-07-13 11:30:00,4130.0,4135.0,4123.2,4123.2,18,18,5,4,18,-1,-1,-1,-1,-28,18,0,0,0,1,0,0,17,4134.5,2,84999
389,2026-07-13 12:00:00,4124.1,4129.7,4120.9,4126.8,36,36,8,10,36,2,2,2,2,-26,36,0,0,0,1,0,0,31,4127.2,3,84999
390,2026-07-13 12:30:00,4126.3,4133.2,4126.2,4133.0,23,21,6,6,23,0,0,0,0,-26,21,0,0,0,1.0952,0,0,18,4127.4,3,84999
391,2026-07-13 13:00:00,4134.6,4134.6,4126.0,4128.9,40,38,13,10,40,-3,-3,-3,-3,-29,38,0,0,0,1.0526,0,0,30,4130.8,3,84999
392,2026-07-13 13:30:00,4130.0,4130.0,4108.1,4109.4,125,124,43,19,125,-24,-24,-24,-24,-53,124,0,0,0,1.0081,0,0,87,4110.0,5,84999
393,2026-07-13 14:00:00,4112.7,4112.7,4068.3,4085.3,487,441,103,182,487,79,79,79,79,26,441,0,0,0,1.1043,0,0,245,4109.3,9,84445
394,2026-07-13 14:30:00,4081.1,4081.9,4065.4,4078.7,259,215,94,70,259,-24,-24,-24,-24,2,215,0,0,0,1.2047,0,0,97,4073.0,12,84445
395,2026-07-13 15:00:00,4081.7,4085.1,4076.7,4082.9,117,88,41,34,117,-7,-7,-7,-7,-5,88,0,0,0,1.3295,0,0,43,4083.3,21,84445
396,2026-07-13 15:30:00,4080.9,4082.4,4076.8,4079.2,36,35,7,9,36,2,2,2,2,-3,35,0,0,0,1.0286,0,0,25,4079.0,3,84445
397,2026-07-13 16:00:00,4080.6,4082.9,4066.2,4066.2,82,71,23,15,82,-8,-8,-8,-8,-11,71,0,0,0,1.1549,0,0,47,4077.0,10,84445
398,2026-07-13 16:30:00,4069.0,4070.0,4052.6,4056.9,197,165,56,57,197,1,1,1,1,-10,165,0,0,0,1.1939,0,0,96,4070.0,10,84445
399,2026-07-13 17:00:00,4058.4,4066.5,4057.5,4064.3,172,153,52,44,172,-8,-8,-8,-8,-8,153,0,0,0,1.1242,0,0,46,4063.7,19,84445
400,2026-07-13 17:30:00,4064.0,4065.8,4057.5,4057.5,54,45,18,9,54,-9,-9,-9,-9,-17,45,0,0,0,1.2,0,0,33,4064.4,6,84445
401,2026-07-13 18:00:00,4058.5,4061.2,4051.7,4059.6,67,54,23,14,67,-9,-9,-9,-9,-26,54,0,0,0,1.2407,0,0,37,4051.7,15,84445
402,2026-07-13 18:30:00,4060.8,4070.0,4059.2,4066.3,51,46,20,16,51,-4,-4,-4,-4,-30,46,0,0,0,1.1087,0,0,33,4066.6,9,84445
403,2026-07-13 19:00:00,4064.2,4068.6,4062.3,4063.9,52,39,12,32,52,20,20,20,20,-10,39,0,0,0,1.3333,0,0,22,4063.0,6,84445
404,2026-07-13 19:30:00,4065.2,4067.7,4058.4,4067.2,95,81,36,25,95,-11,-11,-11,-11,-21,81,0,0,0,1.1728,0,0,51,4060.7,12,84445
405,2026-07-13 20:00:00,4068.5,4071.3,4060.7,4064.4,27,26,8,5,27,-3,-3,-3,-3,-24,26,0,0,0,1.0385,0,0,24,4062.5,2,84445
406,2026-07-13 20:30:00,4064.4,4065.8,4062.3,4065.8,18,16,6,3,18,-3,-3,-3,-3,-27,16,0,0,0,1.125,0,0,13,4063.6,3,84445
407,2026-07-13 22:00:00,4065.8,4070.5,4065.8,4070.5,5,5,1,2,5,1,1,1,1,-26,5,0,0,0,1,0,0,4,4070.5,2,84445
408,2026-07-13 22:30:00,4068.4,4068.4,4066.0,4066.0,5,4,4,0,5,-4,-4,-4,-4,-30,4,0,0,0,1.25,0,0,3,4066.8,3,84445
409,2026-07-13 23:00:00,4066.9,4066.9,4062.5,4062.5,10,10,1,1,10,0,0,0,0,-30,10,0,0,0,1,0,0,9,4062.7,2,84445
410,2026-07-13 23:30:00,4061.3,4065.0,4057.7,4065.0,8,8,0,3,8,3,3,3,3,-27,8,0,0,0,1,0,0,7,4061.3,2,84445
411,2026-07-14 00:00:00,4067.0,4070.0,4049.2,4061.7,32,31,6,5,32,-1,-1,-1,-1,-28,31,0,0,0,1.0323,0,0,27,4050.0,3,94970
412,2026-07-14 00:30:00,4062.3,4072.0,4062.1,4069.4,47,35,2,26,47,24,24,24,24,-4,35,0,0,0,1.3429,0,0,31,4064.0,6,94970
413,2026-07-14 01:00:00,4066.4,4069.0,4058.5,4063.6,54,48,10,11,54,1,1,1,1,-3,48,0,0,0,1.125,0,0,33,4065.7,5,94970
414,2026-07-14 01:30:00,4066.7,4077.4,4059.3,4077.4,32,27,8,8,32,0,0,0,0,-3,27,0,0,0,1.1852,0,0,24,4077.4,4,94970
415,2026-07-14 02:00:00,4074.2,4083.8,4071.8,4082.4,51,43,17,11,51,-6,-6,-6,-6,-9,43,0,0,0,1.186,0,0,29,4083.1,13,94970
416,2026-07-14 02:30:00,4080.9,4081.5,4074.9,4076.1,7,7,2,1,7,-1,-1,-1,-1,-10,7,0,0,0,1,0,0,7,4074.9,1,94970
417,2026-07-14 03:00:00,4080.0,4081.1,4076.7,4076.7,21,16,12,6,21,-6,-6,-6,-6,-16,16,0,0,0,1.3125,0,0,14,4077.1,3,94970
418,2026-07-14 03:30:00,4083.9,4083.9,4080.0,4080.0,48,32,31,8,48,-23,-23,-23,-23,-39,32,0,0,0,1.5,0,0,18,4081.4,10,94970
419,2026-07-14 04:00:00,4083.1,4083.1,4078.6,4081.5,13,13,2,7,13,5,5,5,5,-34,13,0,0,0,1,0,0,10,4081.5,3,94970
420,2026-07-14 04:30:00,4082.4,4087.5,4081.9,4085.7,21,19,7,3,21,-4,-4,-4,-4,-38,19,0,0,0,1.1053,0,0,18,4083.0,3,94970
421,2026-07-14 05:00:00,4087.6,4088.8,4085.8,4088.2,13,13,6,1,13,-5,-5,-5,-5,-43,13,0,0,0,1,0,0,11,4086.5,2,94970
422,2026-07-14 05:30:00,4088.2,4098.9,4088.2,4096.6,28,28,6,14,28,8,8,8,8,-35,28,0,0,0,1,0,0,26,4090.5,2,94970
423,2026-07-14 06:00:00,4095.5,4097.2,4088.4,4088.8,34,32,19,6,34,-13,-13,-13,-13,-48,32,0,0,0,1.0625,0,0,24,4089.5,2,94970
424,2026-07-14 06:30:00,4089.5,4092.1,4088.4,4088.6,40,35,16,11,40,-5,-5,-5,-5,-53,35,0,0,0,1.1429,0,0,21,4090.0,5,94970
425,2026-07-14 07:00:00,4086.5,4094.8,4085.9,4093.3,35,32,9,5,35,-4,-4,-4,-4,-57,32,0,0,0,1.0938,0,0,26,4092.8,4,94970
426,2026-07-14 07:30:00,4091.5,4091.5,4087.6,4087.6,14,8,4,1,14,-3,-3,-3,-3,-60,8,0,0,0,1.75,0,0,8,4089.0,5,94970
427,2026-07-14 08:00:00,4086.0,4087.9,4079.5,4087.7,62,59,12,12,62,0,0,0,0,-60,59,0,0,0,1.0508,0,0,43,4084.8,3,94970
428,2026-07-14 08:30:00,4087.9,4089.4,4081.5,4081.5,61,51,25,3,61,-22,-22,-22,-22,-82,51,0,0,0,1.1961,0,0,32,4084.8,8,94970
429,2026-07-14 09:00:00,4080.7,4088.5,4080.0,4080.0,49,49,7,2,49,-5,-5,-5,-5,-87,49,0,0,0,1,0,0,32,4083.0,4,94970
430,2026-07-14 09:30:00,4081.8,4089.0,4078.8,4086.5,54,54,9,2,54,-7,-7,-7,-7,-94,54,0,0,0,1,0,0,37,4081.5,5,94970
431,2026-07-14 10:00:00,4087.0,4087.6,4080.9,4082.4,84,82,14,2,84,-12,-12,-12,-12,-106,82,0,0,0,1.0244,0,0,36,4083.8,28,94970
432,2026-07-14 10:30:00,4083.2,4087.5,4080.7,4087.5,42,42,4,2,42,-2,-2,-2,-2,-108,42,0,0,0,1,0,0,30,4083.4,3,94970
433,2026-07-14 11:00:00,4087.6,4093.5,4081.1,4090.7,57,57,7,5,57,-2,-2,-2,-2,-110,57,0,0,0,1,0,0,40,4085.4,3,94970
434,2026-07-14 11:30:00,4090.6,4098.0,4090.5,4096.4,85,80,13,15,85,2,2,2,2,-108,80,0,0,0,1.0625,0,0,36,4095.0,7,94970
435,2026-07-14 12:00:00,4096.8,4100.9,4088.2,4094.9,111,110,13,15,111,2,2,2,2,-106,110,0,0,0,1.0091,0,0,65,4092.4,6,94970
436,2026-07-14 12:30:00,4096.1,4170.3,4096.1,4141.6,560,499,185,113,560,-72,-72,-72,-72,-178,499,0,0,0,1.1222,0,0,255,4140.0,17,94970
437,2026-07-14 13:00:00,4142.0,4150.9,4138.0,4147.5,118,105,33,36,118,3,3,3,3,-175,105,0,0,0,1.1238,0,0,65,4138.5,7,94970
438,2026-07-14 13:30:00,4147.9,4154.3,4141.4,4143.8,64,62,17,17,64,0,0,0,0,-175,62,0,0,0,1.0323,0,0,42,4143.7,7,94970
439,2026-07-14 14:00:00,4142.5,4150.2,4136.9,4140.7,112,102,42,39,112,-3,-3,-3,-3,-178,102,0,0,0,1.098,0,0,71,4144.4,5,94791
440,2026-07-14 14:30:00,4141.2,4156.6,4141.2,4150.9,87,86,20,21,87,1,1,1,1,-177,86,0,0,0,1.0116,0,0,63,4146.4,3,94791
441,2026-07-14 15:00:00,4149.0,4166.6,4145.2,4148.7,141,117,30,52,141,22,22,22,22,-155,117,0,0,0,1.2051,0,0,90,4148.9,6,94791
442,2026-07-14 15:30:00,4149.0,4150.7,4130.0,4130.9,126,92,53,25,126,-28,-28,-28,-28,-183,92,0,0,0,1.3696,0,0,62,4133.2,20,94791
443,2026-07-14 16:00:00,4131.0,4131.0,4122.0,4124.7,63,54,9,13,63,4,4,4,4,-179,54,0,0,0,1.1667,0,0,42,4127.5,7,94791
444,2026-07-14 16:30:00,4124.8,4127.4,4123.2,4126.6,66,65,16,10,66,-6,-6,-6,-6,-185,65,0,0,0,1.0154,0,0,33,4125.4,6,94791
445,2026-07-14 17:00:00,4126.4,4128.9,4119.6,4128.0,204,195,48,69,204,21,21,21,21,21,195,0,0,0,1.0462,0,0,49,4127.6,26,94791
446,2026-07-14 17:30:00,4128.2,4129.4,4124.7,4127.9,36,34,7,14,36,7,7,7,7,28,34,0,0,0,1.0588,0,0,21,4127.0,7,94791
447,2026-07-14 18:00:00,4125.7,4127.8,4123.8,4123.9,23,18,12,8,23,-4,-4,-4,-4,24,18,0,0,0,1.2778,0,0,12,4125.9,6,94791
448,2026-07-14 18:30:00,4122.5,4122.5,4107.9,4119.0,79,65,22,12,79,-10,-10,-10,-10,14,65,0,0,0,1.2154,0,0,39,4109.6,15,94791
449,2026-07-14 19:00:00,4118.8,4122.1,4117.4,4119.8,27,24,10,11,27,1,1,1,1,15,24,0,0,0,1.125,0,0,18,4120.3,3,94791
450,2026-07-14 19:30:00,4115.9,4121.7,4113.5,4121.1,43,43,8,12,43,4,4,4,4,19,43,0,0,0,1,0,0,33,4113.5,2,94791
451,2026-07-14 20:00:00,4120.9,4120.9,4117.9,4117.9,7,7,2,3,7,1,1,1,1,20,7,0,0,0,1,0,0,6,4120.9,2,94791
452,2026-07-14 20:30:00,4115.7,4117.5,4113.8,4117.5,140,57,13,20,140,7,7,7,7,27,57,0,0,0,2.4561,0,0,14,4114.4,30,94791
453,2026-07-14 22:00:00,4117.1,4117.1,4113.6,4116.0,25,21,11,5,25,-6,-6,-6,-6,21,21,0,0,0,1.1905,0,0,8,4114.3,12,94791
454,2026-07-14 22:30:00,4116.7,4116.7,4113.3,4113.3,8,7,3,2,8,-1,-1,-1,-1,20,7,0,0,0,1.1429,0,0,4,4113.3,2,94791
455,2026-07-14 23:00:00,4112.7,4116.6,4111.9,4116.6,36,18,3,20,36,17,17,17,17,37,18,0,0,0,2,0,0,10,4114.8,9,94791
456,2026-07-14 23:30:00,4116.8,4120.8,4116.5,4118.1,26,17,8,4,26,-4,-4,-4,-4,33,17,0,0,0,1.5294,0,0,10,4119.9,13,94791
457,2026-07-15 00:00:00,4118.4,4122.7,4117.7,4122.7,6,6,1,4,6,3,3,3,3,36,6,0,0,0,1,0,0,6,4117.7,1,101810
458,2026-07-15 00:30:00,4119.0,4125.1,4118.0,4123.6,42,22,5,12,42,7,7,7,7,43,22,0,0,0,1.9091,0,0,15,4118.0,10,101810
459,2026-07-15 01:00:00,4125.4,4125.9,4118.6,4119.4,63,50,8,34,63,26,26,26,26,69,50,0,0,0,1.26,0,0,30,4123.0,7,101810
460,2026-07-15 01:30:00,4119.4,4119.6,4099.8,4099.8,266,123,63,17,266,-46,-46,-46,-46,23,123,0,0,0,2.1626,0,0,48,4103.0,33,101810
461,2026-07-15 02:00:00,4101.1,4106.3,4093.8,4095.8,109,68,15,15,109,0,0,0,0,23,68,0,0,0,1.6029,0,0,32,4101.0,22,101810
462,2026-07-15 02:30:00,4099.5,4106.2,4099.5,4103.7,39,23,7,16,39,9,9,9,9,32,23,0,0,0,1.6957,0,0,16,4106.0,13,101810
463,2026-07-15 03:00:00,4103.0,4103.0,4094.7,4094.7,11,11,3,1,11,-2,-2,-2,-2,30,11,0,0,0,1,0,0,11,4094.7,1,101810
464,2026-07-15 03:30:00,4096.2,4099.3,4092.0,4095.7,24,21,6,13,24,7,7,7,7,37,21,0,0,0,1.1429,0,0,18,4099.0,3,101810
465,2026-07-15 04:00:00,4096.9,4099.0,4094.5,4099.0,69,36,21,3,69,-18,-18,-18,-18,19,36,0,0,0,1.9167,0,0,11,4096.0,30,101810
466,2026-07-15 04:30:00,4095.5,4098.9,4093.7,4098.7,51,27,1,6,51,5,5,5,5,24,27,0,0,0,1.8889,0,0,15,4095.5,17,101810
467,2026-07-15 05:00:00,4098.0,4100.2,4090.2,4091.7,14,14,5,5,14,0,0,0,0,24,14,0,0,0,1,0,0,11,4090.2,2,101810
468,2026-07-15 05:30:00,4088.6,4102.0,4086.6,4099.7,61,52,10,16,61,6,6,6,6,30,52,0,0,0,1.1731,0,0,40,4094.8,13,101810
469,2026-07-15 06:00:00,4099.5,4099.5,4087.4,4091.6,22,19,4,9,22,5,5,5,5,35,19,0,0,0,1.1579,0,0,18,4095.4,4,101810
470,2026-07-15 06:30:00,4091.3,4097.2,4091.3,4097.2,15,13,4,5,15,1,1,1,1,36,13,0,0,0,1.1538,0,0,13,4092.3,3,101810
471,2026-07-15 07:00:00,4095.8,4098.7,4085.3,4087.5,19,18,2,7,19,5,5,5,5,41,18,0,0,0,1.0556,0,0,17,4094.9,2,101810
472,2026-07-15 07:30:00,4087.0,4089.1,4085.5,4088.0,8,8,2,1,8,-1,-1,-1,-1,40,8,0,0,0,1,0,0,8,4085.5,1,101810
473,2026-07-15 08:00:00,4089.3,4090.4,4085.2,4090.3,24,24,5,7,24,2,2,2,2,42,24,0,0,0,1,0,0,19,4085.9,2,101810
474,2026-07-15 08:30:00,4091.2,4096.6,4090.2,4095.9,22,22,4,8,22,4,4,4,4,46,22,0,0,0,1,0,0,17,4096.6,3,101810
475,2026-07-15 09:00:00,4096.5,4097.9,4093.4,4093.4,22,22,3,6,22,3,3,3,3,49,22,0,0,0,1,0,0,17,4094.2,2,101810
476,2026-07-15 09:30:00,4091.9,4093.4,4090.9,4092.6,13,13,2,3,13,1,1,1,1,50,13,0,0,0,1,0,0,11,4091.2,2,101810
477,2026-07-15 10:00:00,4094.7,4100.0,4092.6,4092.8,57,30,39,4,57,-35,-35,-35,-35,15,30,0,0,0,1.9,0,0,23,4092.9,16,101810
478,2026-07-15 10:30:00,4093.7,4097.9,4091.4,4092.1,26,18,8,4,26,-4,-4,-4,-4,11,18,0,0,0,1.4444,0,0,13,4097.9,12,101810
479,2026-07-15 11:00:00,4093.2,4096.4,4092.1,4093.9,19,19,6,5,19,-1,-1,-1,-1,10,19,0,0,0,1,0,0,15,4093.2,2,101810
480,2026-07-15 11:30:00,4094.4,4103.5,4094.4,4103.2,30,29,2,8,30,6,6,6,6,16,29,0,0,0,1.0345,0,0,17,4100.0,5,101810
481,2026-07-15 12:00:00,4103.1,4104.9,4101.0,4102.9,56,39,5,8,56,3,3,3,3,19,39,0,0,0,1.4359,0,0,20,4103.2,16,101810
482,2026-07-15 12:30:00,4102.9,4133.8,4102.9,4133.2,159,134,46,48,159,2,2,2,2,21,134,0,0,0,1.1866,0,0,100,4129.6,10,101810
483,2026-07-15 13:00:00,4131.7,4138.7,4118.1,4120.7,163,115,41,41,163,0,0,0,0,21,115,0,0,0,1.4174,0,0,75,4121.8,16,101810
484,2026-07-15 13:30:00,4119.4,4129.3,4119.4,4126.9,248,178,49,67,248,18,18,18,18,39,178,0,0,0,1.3933,0,0,62,4124.2,31,101810
485,2026-07-15 14:00:00,4126.3,4130.1,4119.6,4123.4,79,75,22,33,79,11,11,11,11,50,75,0,0,0,1.0533,0,0,48,4129.7,7,101771
486,2026-07-15 14:30:00,4122.7,4127.7,4118.8,4123.8,72,66,17,18,72,1,1,1,1,51,66,0,0,0,1.0909,0,0,47,4119.0,7,101771
487,2026-07-15 15:00:00,4125.6,4125.6,4103.9,4113.2,240,171,57,73,240,16,16,16,16,67,171,0,0,0,1.4035,0,0,90,4114.1,18,101771
488,2026-07-15 15:30:00,4113.2,4114.8,4109.9,4110.7,62,57,22,14,62,-8,-8,-8,-8,59,57,0,0,0,1.0877,0,0,29,4110.0,6,101771
489,2026-07-15 16:00:00,4111.0,4111.1,4097.1,4098.8,164,116,61,70,164,9,9,9,9,68,116,0,0,0,1.4138,0,0,61,4104.7,15,101771
490,2026-07-15 16:30:00,4098.7,4100.6,4090.7,4095.6,240,171,60,98,240,38,38,38,38,106,171,0,0,0,1.4035,0,0,83,4094.1,15,101771
491,2026-07-15 17:00:00,4100.0,4112.2,4097.3,4111.5,179,134,61,62,179,1,1,1,1,1,134,0,0,0,1.3358,0,0,78,4102.0,18,101771
492,2026-07-15 17:30:00,4114.0,4131.0,4113.4,4126.8,192,146,36,56,192,20,20,20,20,21,146,0,0,0,1.3151,0,0,70,4126.6,31,101771
493,2026-07-15 18:00:00,4128.3,4139.8,4128.2,4139.2,64,57,28,9,64,-19,-19,-19,-19,2,57,0,0,0,1.1228,0,0,37,4132.8,11,101771
494,2026-07-15 18:30:00,4140.2,4146.9,4123.3,4123.3,83,78,39,21,83,-18,-18,-18,-18,-16,78,0,0,0,1.0641,0,0,58,4123.6,5,101771
495,2026-07-15 19:00:00,4125.6,4126.7,4118.0,4122.9,36,36,7,13,36,6,6,6,6,-10,36,0,0,0,1,0,0,29,4125.3,3,101771
496,2026-07-15 19:30:00,4122.4,4122.4,4113.4,4121.5,59,45,30,17,59,-13,-13,-13,-13,-23,45,0,0,0,1.3111,0,0,33,4118.2,6,101771
497,2026-07-15 20:00:00,4121.3,4124.9,4121.0,4124.9,7,7,1,3,7,2,2,2,2,-21,7,0,0,0,1,0,0,7,4121.0,1,101771
498,2026-07-15 20:30:00,4126.0,4126.0,4124.2,4124.2,3,3,0,1,3,1,1,1,1,-20,3,0,0,0,1,0,0,3,4124.2,1,101771
499,2026-07-15 22:00:00,4124.2,4127.0,4124.2,4125.3,16,10,14,1,16,-13,-13,-13,-13,-33,10,0,0,0,1.6,0,0,9,4125.3,6,101771
500,2026-07-15 22:30:00,4125.5,4125.5,4121.9,4121.9,8,8,3,2,8,-1,-1,-1,-1,-34,8,0,0,0,1,0,0,8,4121.9,1,101771
501,2026-07-15 23:00:00,4122.8,4124.3,4121.3,4121.3,24,16,6,7,24,1,1,1,1,-33,16,0,0,0,1.5,0,0,8,4123.8,12,101771
502,2026-07-15 23:30:00,4120.7,4122.7,4119.6,4122.7,8,8,4,2,8,-2,-2,-2,-2,-35,8,0,0,0,1,0,0,8,4119.6,1,101771
503,2026-07-16 00:00:00,4120.7,4122.7,4118.3,4122.7,7,5,4,2,7,-2,-2,-2,-2,-37,5,0,0,0,1.4,0,0,5,4120.2,3,101771
504,2026-07-16 00:30:00,4122.5,4123.9,4111.6,4111.6,13,13,2,2,13,0,0,0,0,-37,13,0,0,0,1,0,0,13,4111.6,1,105971
505,2026-07-16 01:00:00,4107.3,4112.5,4097.8,4100.1,46,46,15,17,46,2,2,2,2,-35,46,0,0,0,1,0,0,39,4108.6,3,105971
506,2026-07-16 01:30:00,4099.6,4107.7,4099.6,4103.3,17,17,5,5,17,0,0,0,0,-35,17,0,0,0,1,0,0,16,4101.8,2,105971
507,2026-07-16 02:00:00,4097.0,4098.1,4091.8,4096.9,13,13,4,3,13,-1,-1,-1,-1,-36,13,0,0,0,1,0,0,10,4097.0,3,105971
508,2026-07-16 02:30:00,4097.6,4097.6,4087.6,4094.2,23,22,4,10,23,6,6,6,6,-30,22,0,0,0,1.0455,0,0,18,4087.6,2,105971
509,2026-07-16 03:00:00,4094.0,4096.8,4092.0,4096.8,24,18,4,12,24,8,8,8,8,-22,18,0,0,0,1.3333,0,0,16,4096.7,5,105971
510,2026-07-16 03:30:00,4097.0,4099.0,4096.9,4098.6,23,19,6,14,23,8,8,8,8,-14,19,0,0,0,1.2105,0,0,12,4097.5,4,105971
511,2026-07-16 04:00:00,4097.8,4098.7,4095.0,4095.6,23,16,5,15,23,10,10,10,10,-4,16,0,0,0,1.4375,0,0,14,4098.1,5,105971
512,2026-07-16 04:30:00,4097.6,4097.7,4095.7,4095.7,4,4,1,0,4,-1,-1,-1,-1,-5,4,0,0,0,1,0,0,4,4095.7,1,105971
513,2026-07-16 05:00:00,4095.8,4095.8,4089.3,4090.0,20,18,8,3,20,-5,-5,-5,-5,-10,18,0,0,0,1.1111,0,0,13,4092.2,4,105971
514,2026-07-16 05:30:00,4090.0,4093.6,4087.9,4090.6,47,45,13,24,47,11,11,11,11,1,45,0,0,0,1.0444,0,0,28,4089.3,5,105971
515,2026-07-16 06:00:00,4090.4,4099.0,4090.4,4093.2,72,50,42,19,72,-23,-23,-23,-23,-22,50,0,0,0,1.44,0,0,33,4091.3,6,105971
516,2026-07-16 06:30:00,4091.9,4092.5,4085.4,4092.5,40,38,8,24,40,16,16,16,16,-6,38,0,0,0,1.0526,0,0,27,4090.4,4,105971
517,2026-07-16 07:00:00,4092.7,4092.8,4086.8,4087.0,14,14,4,5,14,1,1,1,1,-5,14,0,0,0,1,0,0,12,4092.3,3,105971
518,2026-07-16 07:30:00,4087.2,4092.9,4086.0,4092.9,19,18,0,9,19,9,9,9,9,4,18,0,0,0,1.0556,0,0,13,4087.1,4,105971
519,2026-07-16 08:00:00,4093.4,4094.8,4088.4,4093.6,17,17,1,3,17,2,2,2,2,6,17,0,0,0,1,0,0,15,4089.4,2,105971
520,2026-07-16 08:30:00,4094.9,4097.8,4094.8,4097.8,15,15,7,4,15,-3,-3,-3,-3,3,15,0,0,0,1,0,0,13,4095.5,2,105971
521,2026-07-16 09:00:00,4099.3,4100.8,4094.0,4094.0,22,20,8,6,22,-2,-2,-2,-2,1,20,0,0,0,1.1,0,0,15,4097.0,4,105971
522,2026-07-16 09:30:00,4095.7,4099.3,4093.8,4095.2,21,19,7,3,21,-4,-4,-4,-4,-3,19,0,0,0,1.1053,0,0,17,4094.6,3,105971
523,2026-07-16 10:00:00,4094.6,4096.5,4093.2,4096.5,8,7,2,0,8,-2,-2,-2,-2,-5,7,0,0,0,1.1429,0,0,7,4094.0,2,105971
524,2026-07-16 10:30:00,4095.0,4095.0,4092.1,4092.1,6,6,0,0,6,0,0,0,0,-5,6,0,0,0,1,0,0,6,4092.1,1,105971
525,2026-07-16 11:00:00,4092.2,4093.0,4084.5,4089.1,18,18,6,5,18,-1,-1,-1,-1,-6,18,0,0,0,1,0,0,18,4084.5,1,105971
526,2026-07-16 11:30:00,4087.0,4104.4,4086.5,4101.1,88,83,19,30,88,11,11,11,11,5,83,0,0,0,1.0602,0,0,60,4101.1,5,105971
527,2026-07-16 12:00:00,4102.2,4102.2,4074.7,4087.0,162,152,38,37,162,-1,-1,-1,-1,4,152,0,0,0,1.0658,0,0,109,4075.0,5,105971
528,2026-07-16 12:30:00,4085.7,4091.5,4051.3,4054.2,194,179,48,52,194,4,4,4,4,8,179,0,0,0,1.0838,0,0,111,4057.5,11,105971
529,2026-07-16 13:00:00,4052.3,4067.4,4033.5,4067.3,305,230,119,77,305,-42,-42,-42,-42,-34,230,0,0,0,1.3261,0,0,137,4050.0,25,105971
530,2026-07-16 13:30:00,4067.1,4068.3,4042.8,4050.0,131,127,34,36,131,2,2,2,2,-32,127,0,0,0,1.0315,0,0,85,4045.6,4,105971
531,2026-07-16 14:00:00,4050.5,4061.2,4048.1,4061.0,140,124,41,47,140,6,6,6,6,-26,124,0,0,0,1.129,0,0,79,4054.8,9,105898
532,2026-07-16 14:30:00,4060.2,4067.5,4054.2,4058.0,193,182,39,40,193,1,1,1,1,-25,182,0,0,0,1.0604,0,0,74,4063.8,8,105898
533,2026-07-16 15:00:00,4058.9,4078.1,4050.4,4073.4,86,84,20,31,86,11,11,11,11,-14,84,0,0,0,1.0238,0,0,68,4075.2,4,105898
534,2026-07-16 15:30:00,4070.2,4078.0,4067.8,4067.8,48,45,22,9,48,-13,-13,-13,-13,-27,45,0,0,0,1.0667,0,0,37,4071.4,2,105898
535,2026-07-16 16:00:00,4066.7,4066.7,4043.7,4046.9,88,82,17,33,88,16,16,16,16,-11,82,0,0,0,1.0732,0,0,59,4059.1,12,105898
536,2026-07-16 16:30:00,4048.6,4058.1,4048.6,4053.3,53,53,7,15,53,8,8,8,8,-3,53,0,0,0,1,0,0,28,4050.7,5,105898
537,2026-07-16 17:00:00,4053.6,4053.9,4044.0,4048.7,193,147,64,33,193,-31,-31,-31,-31,-31,147,0,0,0,1.3129,0,0,55,4049.3,19,105898
538,2026-07-16 17:30:00,4049.2,4049.4,4040.6,4047.5,77,59,27,12,77,-15,-15,-15,-15,-46,59,0,0,0,1.3051,0,0,36,4043.0,13,105898
539,2026-07-16 18:00:00,4047.4,4050.2,4045.9,4047.4,37,24,6,6,37,0,0,0,0,-46,24,0,0,0,1.5417,0,0,16,4046.0,11,105898
540,2026-07-16 18:30:00,4046.5,4046.5,4038.9,4042.4,47,41,18,12,47,-6,-6,-6,-6,-52,41,0,0,0,1.1463,0,0,28,4044.0,6,105898
541,2026-07-16 19:00:00,4043.5,4046.2,4039.8,4039.8,10,9,5,1,10,-4,-4,-4,-4,-56,9,0,0,0,1.1111,0,0,8,4045.7,3,105898
542,2026-07-16 19:30:00,4037.9,4043.4,4029.9,4040.1,54,52,18,15,54,-3,-3,-3,-3,-59,52,0,0,0,1.0385,0,0,38,4036.5,3,105898
543,2026-07-16 20:00:00,4038.5,4038.8,4032.7,4034.6,31,27,10,5,31,-5,-5,-5,-5,-64,27,0,0,0,1.1481,0,0,20,4032.7,7,105898
544,2026-07-16 20:30:00,4035.5,4036.3,4035.4,4036.2,5,5,2,3,5,1,1,1,1,-63,5,0,0,0,1,0,0,5,4035.4,1,105898
545,2026-07-16 22:00:00,4037.0,4038.4,4035.0,4036.0,16,11,3,3,16,0,0,0,0,-63,11,0,0,0,1.4545,0,0,7,4037.9,9,105898
546,2026-07-16 22:30:00,4035.2,4037.7,4034.0,4037.7,4,4,0,2,4,2,2,2,2,-61,4,0,0,0,1,0,0,4,4034.0,1,105898
547,2026-07-16 23:00:00,4037.4,4040.8,4035.0,4039.5,13,13,5,3,13,-2,-2,-2,-2,-63,13,0,0,0,1,0,0,12,4037.8,2,105898
548,2026-07-16 23:30:00,4035.6,4044.9,4035.6,4044.9,14,13,7,4,14,-3,-3,-3,-3,-66,13,0,0,0,1.0769,0,0,13,4036.4,2,105898
549,2026-07-17 00:00:00,4044.2,4050.4,4043.6,4045.4,13,13,3,4,13,1,1,1,1,-65,13,0,0,0,1,0,0,13,4043.6,1,107372
550,2026-07-17 00:30:00,4042.4,4051.5,4040.8,4051.5,14,13,2,9,14,7,7,7,7,-58,13,0,0,0,1.0769,0,0,12,4044.0,2,107372
551,2026-07-17 01:00:00,4051.5,4055.5,4048.2,4050.0,47,41,5,9,47,4,4,4,4,-54,41,0,0,0,1.1463,0,0,29,4053.0,5,107372
552,2026-07-17 01:30:00,4050.0,4055.4,4039.3,4040.6,53,53,36,5,53,-31,-31,-31,-31,-85,53,0,0,0,1,0,0,44,4046.5,3,107372
553,2026-07-17 02:00:00,4045.4,4045.4,4040.7,4041.8,5,5,1,3,5,2,2,2,2,-83,5,0,0,0,1,0,0,4,4041.8,2,107372
554,2026-07-17 02:30:00,4043.0,4043.0,4032.4,4038.6,15,15,5,4,15,-1,-1,-1,-1,-84,15,0,0,0,1,0,0,15,4032.4,1,107372
555,2026-07-17 03:00:00,4039.9,4067.8,4039.9,4058.7,73,71,20,21,73,1,1,1,1,-83,71,0,0,0,1.0282,0,0,59,4050.2,3,107372
556,2026-07-17 03:30:00,4058.7,4060.1,4051.1,4051.1,18,17,4,2,18,-2,-2,-2,-2,-85,17,0,0,0,1.0588,0,0,14,4058.8,5,107372
557,2026-07-17 04:00:00,4049.8,4049.8,4045.6,4045.6,48,32,31,3,48,-28,-28,-28,-28,-113,32,0,0,0,1.5,0,0,22,4047.4,8,107372
558,2026-07-17 04:30:00,4047.1,4047.1,4039.6,4041.1,29,23,18,7,29,-11,-11,-11,-11,-124,23,0,0,0,1.2609,0,0,15,4040.8,6,107372
559,2026-07-17 05:00:00,4040.7,4042.0,4034.6,4040.0,23,18,18,3,23,-15,-15,-15,-15,-139,18,0,0,0,1.2778,0,0,15,4038.2,3,107372
560,2026-07-17 05:30:00,4039.3,4051.2,4038.0,4049.3,36,36,13,12,36,-1,-1,-1,-1,-140,36,0,0,0,1,0,0,31,4044.6,2,107372
561,2026-07-17 06:00:00,4049.8,4064.8,4049.3,4064.2,62,54,32,18,62,-14,-14,-14,-14,-154,54,0,0,0,1.1481,0,0,41,4059.8,4,107372
562,2026-07-17 06:30:00,4066.4,4066.4,4056.8,4060.7,44,35,8,22,44,14,14,14,14,-140,35,0,0,0,1.2571,0,0,26,4065.0,10,107372
563,2026-07-17 07:00:00,4059.1,4059.1,4054.4,4057.8,21,21,6,5,21,-1,-1,-1,-1,-141,21,0,0,0,1,0,0,17,4055.0,2,107372
564,2026-07-17 07:30:00,4055.8,4059.0,4055.5,4055.6,23,19,2,16,23,14,14,14,14,-127,19,0,0,0,1.2105,0,0,15,4057.4,5,107372
565,2026-07-17 08:00:00,4053.1,4056.9,4048.7,4053.1,26,25,15,2,26,-13,-13,-13,-13,-140,25,0,0,0,1.04,0,0,22,4050.7,2,107372
566,2026-07-17 08:30:00,4053.0,4060.1,4048.6,4055.3,25,23,12,5,25,-7,-7,-7,-7,-147,23,0,0,0,1.087,0,0,17,4051.1,3,107372
567,2026-07-17 09:00:00,4054.1,4062.7,4053.8,4062.5,27,27,7,7,27,0,0,0,0,-147,27,0,0,0,1,0,0,21,4054.1,3,107372
568,2026-07-17 09:30:00,4058.9,4058.9,4055.3,4056.2,6,6,2,1,6,-1,-1,-1,-1,-148,6,0,0,0,1,0,0,5,4057.3,2,107372
569,2026-07-17 10:00:00,4058.1,4058.4,4055.2,4055.2,12,11,1,4,12,3,3,3,3,-145,11,0,0,0,1.0909,0,0,10,4055.2,2,107372
570,2026-07-17 10:30:00,4056.9,4056.9,4050.4,4051.6,87,52,68,5,87,-63,-63,-63,-63,-208,52,0,0,0,1.6731,0,0,32,4050.9,9,107372
571,2026-07-17 11:00:00,4050.9,4055.9,4050.2,4055.8,21,21,7,3,21,-4,-4,-4,-4,-212,21,0,0,0,1,0,0,15,4052.0,4,107372
572,2026-07-17 11:30:00,4056.0,4058.0,4051.4,4054.1,44,39,12,11,44,-1,-1,-1,-1,-213,39,0,0,0,1.1282,0,0,26,4053.1,6,107372
573,2026-07-17 12:00:00,4055.2,4055.2,4043.9,4047.0,89,68,32,26,89,-6,-6,-6,-6,-219,68,0,0,0,1.3088,0,0,40,4046.0,13,107372
574,2026-07-17 12:30:00,4047.0,4047.0,4023.8,4025.5,190,141,73,51,190,-22,-22,-22,-22,-241,141,0,0,0,1.3475,0,0,82,4029.2,22,107372
575,2026-07-17 13:00:00,4024.1,4034.9,4019.0,4029.6,129,115,47,40,129,-7,-7,-7,-7,-248,115,0,0,0,1.1217,0,0,73,4021.1,6,107372
576,2026-07-17 13:30:00,4027.9,4062.7,4023.7,4057.0,367,266,80,124,367,44,44,44,44,-204,266,0,0,0,1.3797,0,0,146,4050.0,28,107372
577,2026-07-17 14:00:00,4056.5,4064.4,4051.0,4058.9,216,182,78,50,216,-28,-28,-28,-28,-232,182,0,0,0,1.1868,0,0,88,4055.6,18,107116
578,2026-07-17 14:30:00,4056.3,4061.9,4052.7,4061.6,237,138,157,37,237,-120,-120,-120,-120,-352,138,0,0,0,1.7174,0,0,59,4056.5,15,107116
579,2026-07-17 15:00:00,4061.7,4075.0,4059.0,4072.7,251,218,68,75,251,7,7,7,7,-345,218,0,0,0,1.1514,0,0,99,4069.3,16,107116
580,2026-07-17 15:30:00,4073.8,4082.5,4069.9,4079.5,130,130,36,29,130,-7,-7,-7,-7,-352,130,0,0,0,1,0,0,74,4079.4,6,107116
581,2026-07-17 16:00:00,4080.6,4085.4,4072.7,4080.7,192,168,69,61,192,-8,-8,-8,-8,-360,168,0,0,0,1.1429,0,0,76,4080.7,12,107116
582,2026-07-17 16:30:00,4080.4,4082.2,4074.4,4076.6,128,126,40,34,128,-6,-6,-6,-6,-366,126,0,0,0,1.0159,0,0,52,4077.0,7,107116
583,2026-07-17 17:00:00,4077.3,4080.6,4074.3,4075.4,178,149,35,44,178,9,9,9,9,9,149,0,0,0,1.1946,0,0,44,4079.0,46,107116
584,2026-07-17 17:30:00,4075.8,4076.3,4070.0,4070.6,85,72,39,15,85,-24,-24,-24,-24,-15,72,0,0,0,1.1806,0,0,41,4073.8,15,107116
585,2026-07-17 18:00:00,4072.0,4077.8,4070.8,4077.5,56,55,15,8,56,-7,-7,-7,-7,-22,55,0,0,0,1.0182,0,0,32,4073.4,5,107116
586,2026-07-17 18:30:00,4077.7,4078.3,4068.9,4073.8,65,44,7,18,65,11,11,11,11,-11,44,0,0,0,1.4773,0,0,28,4077.7,16,107116
587,2026-07-17 19:00:00,4070.8,4070.8,4065.0,4065.0,23,23,9,4,23,-5,-5,-5,-5,-16,23,0,0,0,1,0,0,17,4067.8,4,107116
588,2026-07-17 19:30:00,4068.0,4077.3,4067.8,4076.1,29,27,4,6,29,2,2,2,2,-14,27,0,0,0,1.0741,0,0,21,4071.6,4,107116
589,2026-07-17 20:00:00,4076.4,4076.4,4071.3,4071.3,13,13,2,3,13,1,1,1,1,-13,13,0,0,0,1,0,0,11,4071.3,2,107116
590,2026-07-17 20:30:00,4071.4,4079.6,4071.1,4079.6,18,17,8,1,18,-7,-7,-7,-7,-20,17,0,0,0,1.0588,0,0,16,4078.3,2,107116
591,2026-07-20 00:00:00,4051.0,4066.9,4044.0,4064.0,69,59,13,19,69,6,6,6,6,6,59,0,0,0,1.1695,0,0,41,4064.0,16,110135
592,2026-07-20 00:30:00,4060.4,4070.0,4059.5,4069.4,22,22,1,5,22,4,4,4,4,10,22,0,0,0,1,0,0,20,4059.9,2,110135
593,2026-07-20 01:00:00,4070.8,4081.9,4062.1,4063.8,113,95,26,33,113,7,7,7,7,17,95,0,0,0,1.1895,0,0,62,4078.5,16,110135
594,2026-07-20 01:30:00,4065.5,4066.8,4059.1,4063.4,25,23,8,9,25,1,1,1,1,18,23,0,0,0,1.087,0,0,20,4059.5,2,110135
595,2026-07-20 02:00:00,4064.1,4070.8,4062.9,4068.2,18,17,2,11,18,9,9,9,9,27,17,0,0,0,1.0588,0,0,13,4068.2,3,110135
596,2026-07-20 02:30:00,4069.3,4091.0,4069.3,4085.8,64,59,16,22,64,6,6,6,6,33,59,0,0,0,1.0847,0,0,49,4083.5,4,110135
597,2026-07-20 03:00:00,4082.5,4088.0,4081.8,4085.0,20,18,4,4,20,0,0,0,0,33,18,0,0,0,1.1111,0,0,15,4088.0,5,110135
598,2026-07-20 03:30:00,4082.1,4088.9,4081.1,4087.4,10,10,3,5,10,2,2,2,2,35,10,0,0,0,1,0,0,9,4087.4,2,110135
599,2026-07-20 04:00:00,4087.2,4087.5,4084.2,4086.8,8,8,1,2,8,1,1,1,1,36,8,0,0,0,1,0,0,8,4084.2,1,110135
600,2026-07-20 04:30:00,4085.1,4085.1,4080.0,4080.0,10,10,2,3,10,1,1,1,1,37,10,0,0,0,1,0,0,8,4082.3,2,110135
601,2026-07-20 05:00:00,4080.3,4081.9,4072.2,4072.2,24,24,11,3,24,-8,-8,-8,-8,29,24,0,0,0,1,0,0,23,4081.9,2,110135
602,2026-07-20 05:30:00,4074.0,4074.7,4068.8,4068.8,21,20,5,5,21,0,0,0,0,29,20,0,0,0,1.05,0,0,16,4073.9,3,110135
603,2026-07-20 06:00:00,4072.2,4072.4,4065.0,4065.0,25,25,9,7,25,-2,-2,-2,-2,27,25,0,0,0,1,0,0,17,4072.2,3,110135
604,2026-07-20 06:30:00,4066.2,4068.5,4063.9,4066.2,16,16,3,6,16,3,3,3,3,30,16,0,0,0,1,0,0,13,4065.0,2,110135
605,2026-07-20 07:00:00,4065.2,4069.1,4064.1,4067.3,37,37,6,7,37,1,1,1,1,31,37,0,0,0,1,0,0,24,4064.8,3,110135
606,2026-07-20 07:30:00,4068.7,4082.9,4068.7,4079.2,38,37,8,9,38,1,1,1,1,32,37,0,0,0,1.027,0,0,30,4076.8,5,110135
607,2026-07-20 08:00:00,4082.1,4091.6,4081.8,4084.7,36,36,8,6,36,-2,-2,-2,-2,30,36,0,0,0,1,0,0,29,4085.5,4,110135
608,2026-07-20 08:30:00,4083.3,4085.7,4079.3,4080.7,26,26,7,4,26,-3,-3,-3,-3,27,26,0,0,0,1,0,0,22,4081.3,2,110135
609,2026-07-20 09:00:00,4079.6,4082.7,4077.0,4079.2,32,32,5,8,32,3,3,3,3,30,32,0,0,0,1,0,0,25,4079.5,3,110135
610,2026-07-20 09:30:00,4077.6,4083.6,4076.0,4081.4,26,24,1,6,26,5,5,5,5,35,24,0,0,0,1.0833,0,0,21,4083.0,4,110135
611,2026-07-20 10:00:00,4081.4,4083.9,4080.8,4083.9,45,29,7,7,45,0,0,0,0,35,29,0,0,0,1.5517,0,0,16,4081.0,15,110135
612,2026-07-20 10:30:00,4083.9,4086.0,4082.8,4086.0,11,11,0,2,11,2,2,2,2,37,11,0,0,0,1,0,0,10,4083.5,2,110135
613,2026-07-20 11:00:00,4086.3,4087.9,4081.3,4081.3,125,66,20,51,125,31,31,31,31,68,66,0,0,0,1.8939,0,0,35,4086.0,17,110135
614,2026-07-20 11:30:00,4083.3,4102.8,4083.3,4087.5,126,112,19,29,126,10,10,10,10,78,112,0,0,0,1.125,0,0,69,4095.0,16,110135
615,2026-07-20 12:00:00,4085.1,4085.1,4067.9,4073.5,163,141,15,67,163,52,52,52,52,130,141,0,0,0,1.156,0,0,64,4073.5,8,110135
616,2026-07-20 12:30:00,4073.8,4075.6,4067.2,4069.8,79,74,18,24,79,6,6,6,6,136,74,0,0,0,1.0676,0,0,44,4070.7,5,110135
617,2026-07-20 13:00:00,4068.8,4073.9,4068.5,4069.4,77,68,13,26,77,13,13,13,13,149,68,0,0,0,1.1324,0,0,38,4072.1,15,110135
618,2026-07-20 13:30:00,4069.2,4078.1,4067.0,4068.1,132,109,24,48,132,24,24,24,24,173,109,0,0,0,1.211,0,0,66,4076.1,6,110135
619,2026-07-20 14:00:00,4066.5,4068.5,4058.8,4065.9,147,136,58,26,147,-32,-32,-32,-32,141,136,0,0,0,1.0809,0,0,60,4066.1,9,110067
620,2026-07-20 14:30:00,4067.8,4075.0,4066.8,4066.8,148,118,24,24,148,0,0,0,0,141,118,0,0,0,1.2542,0,0,58,4071.2,27,110067
621,2026-07-20 15:00:00,4065.8,4080.4,4065.8,4077.8,170,112,41,34,170,-7,-7,-7,-7,134,112,0,0,0,1.5179,0,0,68,4074.7,47,110067
622,2026-07-20 15:30:00,4077.6,4078.2,4071.7,4074.1,65,56,12,17,65,5,5,5,5,139,56,0,0,0,1.1607,0,0,36,4072.6,8,110067
623,2026-07-20 16:00:00,4073.0,4078.9,4073.0,4074.3,67,52,9,36,67,27,27,27,27,166,52,0,0,0,1.2885,0,0,27,4075.0,7,110067
624,2026-07-20 16:30:00,4072.0,4073.4,4062.5,4071.6,150,130,27,35,150,8,8,8,8,174,130,0,0,0,1.1538,0,0,65,4069.2,30,110067
625,2026-07-20 17:00:00,4072.2,4073.8,4070.1,4073.0,240,154,28,171,240,143,143,143,143,143,154,0,0,0,1.5584,0,0,29,4073.4,26,110067
626,2026-07-20 17:30:00,4073.2,4074.0,4065.2,4065.8,83,71,15,16,83,1,1,1,1,144,71,0,0,0,1.169,0,0,39,4072.9,11,110067
627,2026-07-20 18:00:00,4068.1,4072.8,4065.9,4068.3,50,45,8,6,50,-2,-2,-2,-2,142,45,0,0,0,1.1111,0,0,34,4069.0,5,110067
628,2026-07-20 18:30:00,4068.1,4069.6,4067.0,4068.3,13,12,5,1,13,-4,-4,-4,-4,138,12,0,0,0,1.0833,0,0,8,4067.7,3,110067
629,2026-07-20 19:00:00,4068.6,4072.0,4067.8,4071.7,20,19,5,7,20,2,2,2,2,140,19,0,0,0,1.0526,0,0,13,4070.0,4,110067
630,2026-07-20 19:30:00,4074.1,4077.7,4066.9,4068.0,96,77,16,46,96,30,30,30,30,170,77,0,0,0,1.2468,0,0,54,4070.6,6,110067
631,2026-07-20 20:00:00,4069.0,4070.6,4068.4,4070.4,62,41,0,58,62,58,58,58,58,228,41,0,0,0,1.5122,0,0,19,4069.9,8,110067
632,2026-07-20 20:30:00,4069.9,4070.4,4066.0,4067.0,90,30,72,13,90,-59,-59,-59,-59,169,30,0,0,0,3,0,0,24,4068.6,36,110067
633,2026-07-20 22:00:00,4070.1,4071.2,4065.7,4069.0,22,21,4,8,22,4,4,4,4,173,21,0,0,0,1.0476,0,0,15,4066.6,4,110067
634,2026-07-20 22:30:00,4069.2,4069.3,4060.5,4061.1,57,45,8,22,57,14,14,14,14,187,45,0,0,0,1.2667,0,0,36,4063.3,7,110067
635,2026-07-20 23:00:00,4060.6,4068.3,4060.6,4067.1,44,33,21,6,44,-15,-15,-15,-15,172,33,0,0,0,1.3333,0,0,30,4062.5,5,110067
636,2026-07-20 23:30:00,4065.9,4069.4,4065.9,4069.3,7,6,3,3,7,0,0,0,0,172,6,0,0,0,1.1667,0,0,6,4066.3,2,110067
637,2026-07-21 00:00:00,4067.4,4078.6,4065.9,4078.6,10,10,0,3,10,3,3,3,3,175,10,0,0,0,1,0,0,8,4067.4,2,110067
638,2026-07-21 00:30:00,4077.9,4089.2,4077.9,4086.9,22,22,4,6,22,2,2,2,2,177,22,0,0,0,1,0,0,20,4083.4,2,116958
639,2026-07-21 01:00:00,4087.5,4097.2,4080.1,4090.1,60,51,17,14,60,-3,-3,-3,-3,174,51,0,0,0,1.1765,0,0,37,4088.3,13,116958
640,2026-07-21 01:30:00,4091.6,4092.0,4082.8,4082.8,16,16,3,3,16,0,0,0,0,174,16,0,0,0,1,0,0,15,4084.0,2,116958
641,2026-07-21 02:00:00,4085.1,4088.5,4084.9,4088.5,11,9,3,5,11,2,2,2,2,176,9,0,0,0,1.2222,0,0,9,4084.9,2,116958
642,2026-07-21 02:30:00,4090.6,4106.3,4090.6,4099.9,89,64,17,11,89,-6,-6,-6,-6,170,64,0,0,0,1.3906,0,0,46,4097.7,13,116958
643,2026-07-21 03:00:00,4101.8,4112.6,4100.1,4108.9,43,39,10,12,43,2,2,2,2,172,39,0,0,0,1.1026,0,0,29,4108.0,4,116958
644,2026-07-21 03:30:00,4108.6,4110.5,4104.7,4109.3,20,16,13,3,20,-10,-10,-10,-10,162,16,0,0,0,1.25,0,0,13,4107.0,3,116958
645,2026-07-21 04:00:00,4110.0,4113.4,4106.8,4107.6,25,22,6,12,25,6,6,6,6,168,22,0,0,0,1.1364,0,0,19,4108.0,4,116958
646,2026-07-21 04:30:00,4107.1,4110.1,4107.1,4110.1,11,11,4,4,11,0,0,0,0,168,11,0,0,0,1,0,0,9,4108.8,3,116958
647,2026-07-21 05:00:00,4112.4,4117.5,4110.6,4115.8,34,30,11,6,34,-5,-5,-5,-5,163,30,0,0,0,1.1333,0,0,21,4116.4,5,116958
648,2026-07-21 05:30:00,4118.5,4129.8,4117.8,4123.6,240,151,53,64,240,11,11,11,11,174,151,0,0,0,1.5894,0,0,59,4129.0,40,116958
649,2026-07-21 06:00:00,4124.7,4136.0,4124.7,4133.9,250,142,33,39,250,6,6,6,6,180,142,0,0,0,1.7606,0,0,57,4134.0,31,116958
650,2026-07-21 06:30:00,4134.4,4146.1,4134.2,4141.0,230,132,47,55,230,8,8,8,8,188,132,0,0,0,1.7424,0,0,51,4140.0,23,116958
651,2026-07-21 07:00:00,4140.5,4141.2,4130.0,4132.1,330,174,121,32,330,-89,-89,-89,-89,99,174,0,0,0,1.8966,0,0,75,4133.0,73,116958
652,2026-07-21 07:30:00,4130.6,4136.3,4130.0,4132.5,54,52,7,8,54,1,1,1,1,100,52,0,0,0,1.0385,0,0,34,4132.5,4,116958
653,2026-07-21 08:00:00,4132.5,4132.5,4125.1,4125.3,102,50,7,64,102,57,57,57,57,157,50,0,0,0,2.04,0,0,34,4129.9,52,116958
654,2026-07-21 08:30:00,4125.1,4126.6,4121.3,4124.7,41,39,8,8,41,0,0,0,0,157,39,0,0,0,1.0513,0,0,24,4124.3,7,116958
655,2026-07-21 09:00:00,4126.6,4130.2,4124.4,4124.4,58,56,6,20,58,14,14,14,14,171,56,0,0,0,1.0357,0,0,31,4127.3,7,116958
656,2026-07-21 09:30:00,4125.1,4132.2,4123.3,4128.0,102,89,12,13,102,1,1,1,1,172,89,0,0,0,1.1461,0,0,49,4124.4,11,116958
657,2026-07-21 10:00:00,4130.2,4131.1,4124.2,4129.0,72,72,9,18,72,9,9,9,9,181,72,0,0,0,1,0,0,43,4128.9,5,116958
658,2026-07-21 10:30:00,4129.2,4132.6,4125.4,4125.5,47,42,11,8,47,-3,-3,-3,-3,178,42,0,0,0,1.119,0,0,27,4125.4,9,116958
659,2026-07-21 11:00:00,4126.0,4126.0,4118.0,4121.8,96,71,11,21,96,10,10,10,10,188,71,0,0,0,1.3521,0,0,36,4120.8,17,116958
660,2026-07-21 11:30:00,4120.0,4123.7,4116.9,4118.2,79,65,8,23,79,15,15,15,15,203,65,0,0,0,1.2154,0,0,37,4117.0,13,116958
661,2026-07-21 12:00:00,4120.2,4127.8,4118.1,4123.9,144,135,22,58,144,36,36,36,36,239,135,0,0,0,1.0667,0,0,69,4120.5,7,116958
662,2026-07-21 12:30:00,4124.3,4126.0,4113.2,4117.4,145,143,16,54,145,38,38,38,38,277,143,0,0,0,1.014,0,0,77,4124.2,9,116958
663,2026-07-21 13:00:00,4118.5,4122.8,4112.0,4112.6,111,105,23,40,111,17,17,17,17,294,105,0,0,0,1.0571,0,0,64,4121.4,8,116958
664,2026-07-21 13:30:00,4112.5,4118.6,4106.4,4114.9,210,164,52,52,210,0,0,0,0,294,164,0,0,0,1.2805,0,0,80,4109.0,15,116958
665,2026-07-21 14:00:00,4115.4,4131.5,4113.3,4131.3,229,183,58,79,229,21,21,21,21,315,183,0,0,0,1.2514,0,0,100,4113.8,28,116816
666,2026-07-21 14:30:00,4132.1,4136.0,4124.6,4130.1,171,154,86,22,171,-64,-64,-64,-64,251,154,0,0,0,1.1104,0,0,75,4134.1,17,116816
667,2026-07-21 15:00:00,4132.4,4141.1,4128.9,4139.6,124,111,33,34,124,1,1,1,1,252,111,0,0,0,1.1171,0,0,62,4138.5,14,116816
668,2026-07-21 15:30:00,4138.8,4144.9,4134.4,4135.8,92,88,24,23,92,-1,-1,-1,-1,251,88,0,0,0,1.0455,0,0,56,4139.8,4,116816
669,2026-07-21 16:00:00,4137.3,4141.2,4136.7,4136.7,80,71,10,18,80,8,8,8,8,259,71,0,0,0,1.1268,0,0,32,4140.1,6,116816
670,2026-07-21 16:30:00,4137.6,4138.3,4132.0,4133.6,127,111,13,38,127,25,25,25,25,284,111,0,0,0,1.1441,0,0,48,4137.9,8,116816
671,2026-07-21 17:00:00,4134.1,4134.7,4131.4,4134.5,198,186,26,35,198,9,9,9,9,9,186,0,0,0,1.0645,0,0,33,4133.2,21,116816
672,2026-07-21 17:30:00,4134.3,4134.3,4129.0,4129.5,96,83,13,15,96,2,2,2,2,11,83,0,0,0,1.1566,0,0,31,4129.5,12,116816
673,2026-07-21 18:00:00,4130.3,4148.5,4129.7,4145.8,94,93,20,14,94,-6,-6,-6,-6,5,93,0,0,0,1.0108,0,0,54,4133.9,5,116816
674,2026-07-21 18:30:00,4146.5,4148.2,4142.2,4144.2,79,77,13,14,79,1,1,1,1,6,77,0,0,0,1.026,0,0,36,4143.1,8,116816
675,2026-07-21 19:00:00,4145.7,4147.6,4142.6,4146.2,77,76,11,19,77,8,8,8,8,14,76,0,0,0,1.0132,0,0,41,4146.0,6,116816
676,2026-07-21 19:30:00,4146.8,4147.3,4144.1,4146.5,85,73,25,28,85,3,3,3,3,17,73,0,0,0,1.1644,0,0,28,4145.7,17,116816
677,2026-07-21 20:00:00,4146.2,4147.9,4144.2,4145.1,22,21,5,4,22,-1,-1,-1,-1,16,21,0,0,0,1.0476,0,0,18,4145.1,2,116816
678,2026-07-21 20:30:00,4145.7,4146.0,4139.8,4139.8,32,25,11,6,32,-5,-5,-5,-5,11,25,0,0,0,1.28,0,0,21,4143.4,6,116816
679,2026-07-21 22:00:00,4140.7,4144.8,4140.1,4144.8,10,9,1,3,10,2,2,2,2,13,9,0,0,0,1.1111,0,0,7,4140.8,3,116816
680,2026-07-21 22:30:00,4145.3,4146.4,4140.6,4142.6,18,15,8,6,18,-2,-2,-2,-2,11,15,0,0,0,1.2,0,0,11,4142.6,3,116816
681,2026-07-21 23:00:00,4142.4,4144.4,4141.6,4144.4,7,7,0,2,7,2,2,2,2,13,7,0,0,0,1,0,0,6,4144.4,2,116816
682,2026-07-21 23:30:00,4143.4,4144.4,4141.6,4142.4,36,23,6,17,36,11,11,11,11,24,23,0,0,0,1.5652,0,0,13,4144.3,14,116816
683,2026-07-22 00:00:00,4138.9,4161.5,4138.9,4161.2,78,56,15,25,78,10,10,10,10,34,56,0,0,0,1.3929,0,0,46,4160.0,21,127205
684,2026-07-22 00:30:00,4162.0,4165.3,4152.7,4159.3,102,72,29,19,102,-10,-10,-10,-10,24,72,0,0,0,1.4167,0,0,41,4162.0,17,127205
685,2026-07-22 01:00:00,4161.3,4184.0,4161.3,4177.0,250,161,31,80,250,49,49,49,49,73,161,0,0,0,1.5528,0,0,72,4168.0,19,127205
686,2026-07-22 01:30:00,4176.4,4186.0,4176.4,4184.8,49,46,12,30,49,18,18,18,18,91,46,0,0,0,1.0652,0,0,33,4182.1,4,127205
687,2026-07-22 02:00:00,4184.3,4187.6,4181.6,4186.6,75,50,16,26,75,10,10,10,10,101,50,0,0,0,1.5,0,0,24,4181.7,25,127205
688,2026-07-22 02:30:00,4184.9,4192.0,4184.9,4189.0,262,83,73,28,262,-45,-45,-45,-45,56,83,0,0,0,3.1566,0,0,36,4191.0,178,127205
689,2026-07-22 03:00:00,4193.5,4203.3,4193.2,4199.9,85,73,15,33,85,18,18,18,18,74,73,0,0,0,1.1644,0,0,41,4200.4,9,127205
690,2026-07-22 03:30:00,4199.8,4199.8,4193.0,4193.5,45,35,14,14,45,0,0,0,0,74,35,0,0,0,1.2857,0,0,25,4195.4,12,127205
691,2026-07-22 04:00:00,4190.3,4192.5,4189.9,4190.9,32,17,22,4,32,-18,-18,-18,-18,56,17,0,0,0,1.8824,0,0,13,4190.9,10,127205
692,2026-07-22 04:30:00,4189.1,4190.1,4188.0,4189.6,8,8,2,4,8,2,2,2,2,58,8,0,0,0,1,0,0,7,4188.5,2,127205
693,2026-07-22 05:00:00,4189.3,4191.5,4185.7,4186.8,44,36,15,15,44,0,0,0,0,58,36,0,0,0,1.2222,0,0,19,4191.0,20,127205
694,2026-07-22 05:30:00,4185.3,4196.1,4185.3,4193.1,36,33,15,17,36,2,2,2,2,60,33,0,0,0,1.0909,0,0,25,4185.3,4,127205
695,2026-07-22 06:00:00,4196.1,4196.1,4176.3,4179.2,127,90,66,24,127,-42,-42,-42,-42,18,90,0,0,0,1.4111,0,0,57,4180.0,15,127205
696,2026-07-22 06:30:00,4180.9,4181.8,4176.4,4177.9,86,61,28,44,86,16,16,16,16,34,61,0,0,0,1.4098,0,0,32,4181.3,8,127205
697,2026-07-22 07:00:00,4179.4,4184.9,4174.4,4182.0,90,72,31,33,90,2,2,2,2,36,72,0,0,0,1.25,0,0,45,4176.9,7,127205
698,2026-07-22 07:30:00,4182.8,4184.6,4171.7,4172.5,38,36,6,7,38,1,1,1,1,37,36,0,0,0,1.0556,0,0,27,4182.8,4,127205
699,2026-07-22 08:00:00,4173.8,4180.4,4173.8,4179.5,48,36,15,18,48,3,3,3,3,40,36,0,0,0,1.3333,0,0,26,4176.5,11,127205
700,2026-07-22 08:30:00,4180.3,4181.7,4176.2,4180.2,93,78,28,31,93,3,3,3,3,43,78,0,0,0,1.1923,0,0,33,4180.2,10,127205
701,2026-07-22 09:00:00,4181.7,4184.4,4181.4,4181.9,43,41,14,13,43,-1,-1,-1,-1,42,41,0,0,0,1.0488,0,0,22,4182.4,9,127205
702,2026-07-22 09:30:00,4181.4,4183.2,4176.6,4177.3,31,31,6,10,31,4,4,4,4,46,31,0,0,0,1,0,0,26,4178.9,3,127205
703,2026-07-22 10:00:00,4178.9,4183.9,4178.9,4181.8,25,23,10,3,25,-7,-7,-7,-7,39,23,0,0,0,1.087,0,0,15,4178.9,3,127205
704,2026-07-22 10:30:00,4181.5,4182.0,4178.7,4179.7,32,24,11,7,32,-4,-4,-4,-4,35,24,0,0,0,1.3333,0,0,15,4180.7,14,127205
705,2026-07-22 11:00:00,4179.3,4185.1,4178.5,4181.5,40,38,5,15,40,10,10,10,10,45,38,0,0,0,1.0526,0,0,27,4180.6,5,127205
706,2026-07-22 11:30:00,4181.4,4185.8,4176.4,4185.8,63,61,22,21,63,-1,-1,-1,-1,44,61,0,0,0,1.0328,0,0,46,4180.0,7,127205
707,2026-07-22 12:00:00,4185.6,4196.3,4185.6,4196.3,183,167,30,60,183,30,30,30,30,74,167,0,0,0,1.0958,0,0,68,4189.2,12,127205
708,2026-07-22 12:30:00,4196.5,4197.0,4169.0,4174.5,196,188,50,47,196,-3,-3,-3,-3,71,188,0,0,0,1.0426,0,0,122,4176.1,10,127205
709,2026-07-22 13:00:00,4178.8,4198.1,4177.1,4195.0,126,120,33,36,126,3,3,3,3,74,120,0,0,0,1.05,0,0,80,4180.3,4,127205
710,2026-07-22 13:30:00,4195.5,4219.4,4195.5,4218.4,378,333,93,148,378,55,55,55,55,129,333,0,0,0,1.1351,0,0,145,4204.5,10,127205
711,2026-07-22 14:00:00,4218.7,4226.1,4208.9,4210.0,383,305,114,147,383,33,33,33,33,162,305,0,0,0,1.2557,0,0,117,4219.0,24,127205
712,2026-07-22 14:30:00,4209.8,4216.0,4208.3,4212.2,133,118,38,45,133,7,7,7,7,169,118,0,0,0,1.1271,0,0,57,4214.7,10,127205
713,2026-07-22 15:00:00,4212.2,4225.1,4212.2,4220.9,210,171,62,76,210,14,14,14,14,183,171,0,0,0,1.2281,0,0,73,4223.0,13,127205
714,2026-07-22 15:30:00,4221.2,4230.0,4220.0,4223.6,187,155,41,82,187,41,41,41,41,224,155,0,0,0,1.2065,0,0,59,4228.1,19,127205
715,2026-07-22 16:00:00,4223.2,4223.2,4212.4,4213.0,175,132,63,47,175,-16,-16,-16,-16,208,132,0,0,0,1.3258,0,0,64,4218.1,27,127205
716,2026-07-22 16:30:00,4213.7,4215.4,4208.9,4211.0,257,181,120,59,257,-61,-61,-61,-61,147,181,0,0,0,1.4199,0,0,48,4209.7,31,127205
717,2026-07-22 17:00:00,4211.2,4211.7,4206.8,4210.0,274,259,125,43,274,-82,-82,-82,-82,-82,259,0,0,0,1.0579,0,0,48,4209.0,15,127205
718,2026-07-22 17:30:00,4210.0,4211.5,4202.8,4206.7,80,71,29,22,80,-7,-7,-7,-7,-89,71,0,0,0,1.1268,0,0,38,4205.2,5,127205
719,2026-07-22 18:00:00,4206.3,4206.4,4198.9,4199.4,60,51,13,12,60,-1,-1,-1,-1,-90,51,0,0,0,1.1765,0,0,32,4204.8,18,127205
720,2026-07-22 18:30:00,4199.2,4202.3,4196.5,4200.4,45,36,7,8,45,1,1,1,1,-89,36,0,0,0,1.25,0,0,23,4201.8,7,127205
721,2026-07-22 19:00:00,4199.4,4200.5,4195.9,4198.9,36,27,9,18,36,9,9,9,9,-80,27,0,0,0,1.3333,0,0,19,4197.9,7,127205
722,2026-07-22 19:30:00,4197.0,4198.8,4192.7,4194.7,69,62,19,21,69,2,2,2,2,-78,62,0,0,0,1.1129,0,0,39,4193.0,5,127205
723,2026-07-22 20:00:00,4194.9,4200.0,4194.0,4200.0,161,77,28,20,161,-8,-8,-8,-8,-86,77,0,0,0,2.0909,0,0,24,4194.5,32,127205
724,2026-07-22 20:30:00,4199.9,4200.2,4192.3,4192.3,59,31,19,7,59,-12,-12,-12,-12,-98,31,0,0,0,1.9032,0,0,15,4195.0,10,127205
725,2026-07-22 22:00:00,4190.0,4190.0,4134.3,4187.3,115,90,33,39,115,6,6,6,6,-92,90,0,0,0,1.2778,0,0,59,4181.7,7,127205
726,2026-07-22 22:30:00,4187.1,4188.8,4182.4,4184.4,32,19,17,10,32,-7,-7,-7,-7,-99,19,0,0,0,1.6842,0,0,17,4182.4,6,127205
727,2026-07-22 23:00:00,4182.5,4184.8,4177.5,4181.3,57,44,7,31,57,24,24,24,24,-75,44,0,0,0,1.2955,0,0,34,4179.1,6,127205
728,2026-07-22 23:30:00,4180.0,4194.6,4180.0,4193.9,48,43,6,31,48,25,25,25,25,-50,43,0,0,0,1.1163,0,0,33,4191.0,4,127205
729,2026-07-23 00:00:00,4194.5,4195.0,4187.8,4195.0,19,19,5,5,19,0,0,0,0,-50,19,0,0,0,1,0,0,17,4192.2,2,137528
730,2026-07-23 00:30:00,4192.2,4194.9,4187.2,4194.0,18,14,4,8,18,4,4,4,4,-46,14,0,0,0,1.2857,0,0,10,4188.9,4,137528
731,2026-07-23 01:00:00,4195.2,4202.4,4193.6,4199.0,71,66,22,36,71,14,14,14,14,-32,66,0,0,0,1.0758,0,0,42,4199.7,5,137528
732,2026-07-23 01:30:00,4199.1,4200.0,4175.9,4178.2,95,69,30,32,95,2,2,2,2,-30,69,0,0,0,1.3768,0,0,52,4183.0,24,137528
733,2026-07-23 02:00:00,4179.1,4179.1,4173.1,4176.0,75,38,15,7,75,-8,-8,-8,-8,-38,38,0,0,0,1.9737,0,0,24,4178.3,50,137528
734,2026-07-23 02:30:00,4177.0,4189.1,4175.3,4188.9,29,28,9,11,29,2,2,2,2,-36,28,0,0,0,1.0357,0,0,26,4180.2,2,137528
735,2026-07-23 03:00:00,4190.1,4194.0,4185.4,4191.7,28,17,2,14,28,12,12,12,12,-24,17,0,0,0,1.6471,0,0,14,4189.9,10,137528
736,2026-07-23 03:30:00,4189.5,4190.9,4187.8,4189.3,13,12,8,5,13,-3,-3,-3,-3,-27,12,0,0,0,1.0833,0,0,9,4187.8,4,137528
737,2026-07-23 04:00:00,4185.0,4189.2,4183.5,4189.2,12,12,6,5,12,-1,-1,-1,-1,-28,12,0,0,0,1,0,0,11,4183.6,2,137528
738,2026-07-23 04:30:00,4190.3,4190.3,4182.8,4182.8,6,6,1,2,6,1,1,1,1,-27,6,0,0,0,1,0,0,6,4182.8,1,137528
739,2026-07-23 05:00:00,4182.5,4185.5,4180.6,4185.4,15,15,6,5,15,-1,-1,-1,-1,-28,15,0,0,0,1,0,0,12,4185.4,4,137528
740,2026-07-23 05:30:00,4186.7,4191.9,4182.1,4185.3,36,35,13,14,36,1,1,1,1,-27,35,0,0,0,1.0286,0,0,29,4184.5,3,137528
741,2026-07-23 06:00:00,4185.5,4188.7,4182.7,4183.2,44,41,11,20,44,9,9,9,9,-18,41,0,0,0,1.0732,0,0,26,4184.6,5,137528
742,2026-07-23 06:30:00,4183.4,4183.4,4178.8,4179.7,21,21,10,7,21,-3,-3,-3,-3,-21,21,0,0,0,1,0,0,16,4180.4,3,137528
743,2026-07-23 07:00:00,4179.9,4180.9,4163.2,4169.1,110,92,45,29,110,-16,-16,-16,-16,-37,92,0,0,0,1.1957,0,0,65,4170.8,6,137528
744,2026-07-23 07:30:00,4168.7,4168.7,4152.4,4156.1,171,135,49,60,171,11,11,11,11,-26,135,0,0,0,1.2667,0,0,76,4164.6,14,137528
745,2026-07-23 08:00:00,4156.9,4158.5,4149.7,4152.4,105,71,24,52,105,28,28,28,28,2,71,0,0,0,1.4789,0,0,37,4152.4,31,137528
746,2026-07-23 08:30:00,4151.9,4155.6,4149.8,4154.4,45,39,3,18,45,15,15,15,15,17,39,0,0,0,1.1538,0,0,27,4154.4,7,137528
747,2026-07-23 09:00:00,4154.2,4160.1,4150.9,4151.0,131,104,27,67,131,40,40,40,40,57,104,0,0,0,1.2596,0,0,48,4156.3,14,137528
748,2026-07-23 09:30:00,4152.6,4155.3,4150.1,4151.4,85,70,10,31,85,21,21,21,21,78,70,0,0,0,1.2143,0,0,36,4152.6,15,137528
749,2026-07-23 10:00:00,4151.5,4154.1,4147.2,4151.5,53,46,17,12,53,-5,-5,-5,-5,73,46,0,0,0,1.1522,0,0,30,4151.5,5,137528
750,2026-07-23 10:30:00,4152.0,4156.7,4148.4,4154.7,86,57,20,56,86,36,36,36,36,109,57,0,0,0,1.5088,0,0,36,4152.4,12,137528
751,2026-07-23 11:00:00,4154.5,4154.5,4142.3,4143.7,108,89,18,33,108,15,15,15,15,124,89,0,0,0,1.2135,0,0,51,4146.6,10,137528
752,2026-07-23 11:30:00,4144.4,4149.8,4133.6,4146.6,349,214,145,114,349,-31,-31,-31,-31,93,214,0,0,0,1.6308,0,0,82,4141.7,29,137528
753,2026-07-23 12:00:00,4146.7,4146.7,4130.7,4134.4,322,243,135,84,322,-51,-51,-51,-51,42,243,0,0,0,1.3251,0,0,100,4139.9,50,137528
754,2026-07-23 12:30:00,4131.1,4135.4,4121.6,4121.7,320,251,130,91,320,-39,-39,-39,-39,3,251,0,0,0,1.2749,0,0,98,4131.0,14,137528
755,2026-07-23 13:00:00,4122.5,4123.6,4099.9,4118.4,753,537,232,222,753,-10,-10,-10,-10,-7,537,0,0,0,1.4022,0,0,177,4101.8,53,137528
756,2026-07-23 13:30:00,4118.7,4127.5,4103.1,4103.1,415,343,124,129,415,5,5,5,5,-2,343,0,0,0,1.2099,0,0,152,4116.6,14,137528
757,2026-07-23 14:00:00,4103.7,4117.9,4100.1,4117.3,535,462,145,215,535,70,70,70,70,68,462,0,0,0,1.158,0,0,139,4100.4,20,137528
758,2026-07-23 14:30:00,4117.0,4122.1,4112.6,4119.4,415,318,131,101,415,-30,-30,-30,-30,38,318,0,0,0,1.305,0,0,85,4118.0,54,137528
759,2026-07-23 15:00:00,4119.6,4120.1,4106.7,4108.0,184,156,68,39,184,-29,-29,-29,-29,9,156,0,0,0,1.1795,0,0,80,4112.2,11,137528
760,2026-07-23 15:30:00,4106.5,4113.2,4103.4,4108.9,146,137,33,49,146,16,16,16,16,25,137,0,0,0,1.0657,0,0,65,4110.8,7,137528
761,2026-07-23 16:00:00,4109.7,4111.9,4107.1,4110.4,122,94,28,36,122,8,8,8,8,33,94,0,0,0,1.2979,0,0,34,4109.5,28,137528
762,2026-07-23 16:30:00,4111.8,4113.1,4108.5,4113.0,108,96,26,40,108,14,14,14,14,47,96,0,0,0,1.125,0,0,36,4110.5,10,137528
763,2026-07-23 17:00:00,4113.0,4115.6,4107.4,4108.3,387,329,102,116,387,14,14,14,14,14,329,0,0,0,1.1763,0,0,66,4108.5,33,137528
764,2026-07-23 17:30:00,4108.0,4110.0,4103.2,4104.7,142,105,52,40,142,-12,-12,-12,-12,2,105,0,0,0,1.3524,0,0,41,4105.3,28,137528
765,2026-07-23 18:00:00,4102.0,4105.6,4101.5,4105.6,125,72,17,57,125,40,40,40,40,42,72,0,0,0,1.7361,0,0,26,4104.1,33,137528
766,2026-07-23 18:30:00,4105.2,4109.3,4105.2,4106.5,101,60,29,33,101,4,4,4,4,46,60,0,0,0,1.6833,0,0,24,4106.1,27,137528
767,2026-07-23 19:00:00,4107.7,4109.1,4104.3,4108.4,39,27,20,14,39,-6,-6,-6,-6,40,27,0,0,0,1.4444,0,0,20,4108.7,6,137528
768,2026-07-23 19:30:00,4108.9,4111.6,4106.3,4110.4,116,76,39,45,116,6,6,6,6,46,76,0,0,0,1.5263,0,0,28,4111.4,24,137528
769,2026-07-23 20:00:00,4110.8,4112.1,4109.7,4111.5,33,19,4,6,33,2,2,2,2,48,19,0,0,0,1.7368,0,0,11,4109.7,20,137528
770,2026-07-23 20:30:00,4111.4,4111.4,4110.0,4110.8,30,16,2,15,30,13,13,13,13,61,16,0,0,0,1.875,0,0,6,4110.0,21,137528
771,2026-07-23 22:00:00,4109.4,4111.3,4108.8,4110.7,21,18,6,7,21,1,1,1,1,62,18,0,0,0,1.1667,0,0,15,4109.0,2,137528
772,2026-07-23 22:30:00,4110.8,4111.3,4109.8,4109.8,19,18,2,11,19,9,9,9,9,71,18,0,0,0,1.0556,0,0,10,4111.1,4,137528
773,2026-07-23 23:00:00,4110.3,4110.4,4107.9,4110.1,27,25,18,5,27,-13,-13,-13,-13,58,25,0,0,0,1.08,0,0,18,4108.4,3,137528
774,2026-07-23 23:30:00,4110.1,4111.8,4108.4,4108.4,35,30,15,15,35,0,0,0,0,58,30,0,0,0,1.1667,0,0,17,4111.2,6,137528
775,2026-07-24 00:00:00,4108.4,4110.3,4101.5,4106.2,49,41,15,19,49,4,4,4,4,62,41,0,0,0,1.1951,0,0,31,4105.4,4,137528
776,2026-07-24 00:30:00,4107.6,4111.5,4106.4,4111.2,23,20,8,9,23,1,1,1,1,63,20,0,0,0,1.15,0,0,14,4107.5,3,137528
777,2026-07-24 01:00:00,4110.5,4110.5,4100.2,4103.2,84,73,54,20,84,-34,-34,-34,-34,29,73,0,0,0,1.1507,0,0,46,4103.4,10,157353
778,2026-07-24 01:30:00,4103.1,4111.3,4102.0,4103.1,178,95,32,50,178,18,18,18,18,47,95,0,0,0,1.8737,0,0,46,4108.1,50,157353
779,2026-07-24 02:00:00,4101.8,4109.0,4101.8,4109.0,50,30,8,37,50,29,29,29,29,76,30,0,0,0,1.6667,0,0,22,4105.3,6,157353
780,2026-07-24 02:30:00,4106.3,4107.8,4083.6,4084.0,397,225,164,81,397,-83,-83,-83,-83,-7,225,0,0,0,1.7644,0,0,100,4087.3,77,157353
781,2026-07-24 03:00:00,4084.3,4093.0,4084.0,4090.6,103,69,34,32,103,-2,-2,-2,-2,-9,69,0,0,0,1.4928,0,0,36,4086.8,12,157353
782,2026-07-24 03:30:00,4092.2,4093.1,4088.9,4089.4,23,23,4,13,23,9,9,9,9,0,23,0,0,0,1,0,0,14,4091.8,4,157353
783,2026-07-24 04:00:00,4089.2,4090.5,4087.4,4090.1,12,12,6,2,12,-4,-4,-4,-4,-4,12,0,0,0,1,0,0,12,4087.4,1,157353
784,2026-07-24 04:30:00,4090.5,4090.5,4086.4,4088.5,13,12,3,6,13,3,3,3,3,-1,12,0,0,0,1.0833,0,0,10,4086.5,2,157353
785,2026-07-24 05:00:00,4087.9,4092.0,4082.4,4086.1,279,203,90,53,279,-37,-37,-37,-37,-38,203,0,0,0,1.3744,0,0,52,4085.0,28,157353
786,2026-07-24 05:30:00,4086.2,4091.1,4081.8,4083.1,150,120,55,58,150,3,3,3,3,-35,120,0,0,0,1.25,0,0,51,4090.0,17,157353
787,2026-07-24 06:00:00,4082.9,4098.4,4082.8,4096.1,136,127,63,39,136,-24,-24,-24,-24,-59,127,0,0,0,1.0709,0,0,67,4095.5,7,157353
788,2026-07-24 06:30:00,4095.0,4098.8,4092.4,4098.0,84,73,26,29,84,3,3,3,3,-56,73,0,0,0,1.1507,0,0,38,4098.1,10,157353
789,2026-07-24 07:00:00,4095.8,4110.7,4095.8,4109.0,411,237,66,171,411,105,105,105,105,49,237,0,0,0,1.7342,0,0,86,4102.4,81,157353
790,2026-07-24 07:30:00,4110.3,4113.3,4106.8,4108.9,102,81,22,21,102,-1,-1,-1,-1,48,81,0,0,0,1.2593,0,0,42,4108.0,13,157353
791,2026-07-24 08:00:00,4108.8,4112.5,4105.2,4112.5,225,137,68,71,225,3,3,3,3,51,137,0,0,0,1.6423,0,0,39,4106.5,34,157353
792,2026-07-24 08:30:00,4112.1,4119.0,4110.0,4118.4,209,150,50,51,209,1,1,1,1,52,150,0,0,0,1.3933,0,0,58,4117.0,41,157353
793,2026-07-24 09:00:00,4117.8,4120.6,4113.2,4113.2,248,195,74,56,248,-18,-18,-18,-18,34,195,0,0,0,1.2718,0,0,58,4117.0,23,157353
794,2026-07-24 09:30:00,4113.5,4120.2,4112.2,4120.2,133,85,22,49,133,27,27,27,27,61,85,0,0,0,1.5647,0,0,45,4113.0,19,157353
795,2026-07-24 10:00:00,4120.5,4124.2,4118.5,4122.9,128,98,40,30,128,-10,-10,-10,-10,51,98,0,0,0,1.3061,0,0,37,4124.0,21,157353
796,2026-07-24 10:30:00,4122.6,4124.3,4117.6,4120.1,89,72,26,16,89,-10,-10,-10,-10,41,72,0,0,0,1.2361,0,0,40,4118.8,7,157353
797,2026-07-24 11:00:00,4120.2,4123.5,4118.5,4120.1,78,71,19,26,78,7,7,7,7,48,71,0,0,0,1.0986,0,0,32,4121.5,6,157353
798,2026-07-24 11:30:00,4119.4,4120.6,4111.4,4117.8,172,140,48,40,172,-8,-8,-8,-8,40,140,0,0,0,1.2286,0,0,68,4113.0,17,157353
799,2026-07-24 12:00:00,4119.0,4120.8,4112.9,4120.7,379,336,85,200,379,115,115,115,115,155,336,0,0,0,1.128,0,0,68,4116.2,20,157353
800,2026-07-24 12:30:00,4119.7,4120.1,4112.1,4116.5,354,290,99,181,354,82,82,82,82,237,290,0,0,0,1.2207,0,0,71,4117.6,14,157353
801,2026-07-24 13:00:00,4115.9,4118.7,4105.1,4107.3,467,276,145,147,467,2,2,2,2,239,276,0,0,0,1.692,0,0,86,4107.0,80,157353
802,2026-07-24 13:30:00,4107.5,4129.3,4106.3,4128.3,461,374,128,171,461,43,43,43,43,282,374,0,0,0,1.2326,0,0,162,4120.0,14,157353
803,2026-07-24 14:00:00,4128.7,4131.0,4117.2,4127.5,557,394,160,158,557,-2,-2,-2,-2,280,394,0,0,0,1.4137,0,0,117,4129.4,95,157027
804,2026-07-24 14:30:00,4127.3,4129.6,4120.1,4124.3,380,301,113,122,380,9,9,9,9,289,301,0,0,0,1.2625,0,0,87,4122.0,22,157027
805,2026-07-24 15:00:00,4124.1,4144.0,4123.6,4136.4,694,485,214,199,694,-15,-15,-15,-15,274,485,0,0,0,1.4309,0,0,151,4136.4,64,157027
806,2026-07-24 15:30:00,4136.2,4140.9,4132.5,4138.6,399,273,39,200,399,161,161,161,161,435,273,0,0,0,1.4615,0,0,69,4134.0,23,157027
807,2026-07-24 16:00:00,4138.3,4139.3,4135.1,4135.7,224,163,72,48,224,-24,-24,-24,-24,411,163,0,0,0,1.3742,0,0,38,4136.5,23,157027
808,2026-07-24 16:30:00,4134.8,4134.8,4125.4,4128.6,282,219,74,87,282,13,13,13,13,424,219,0,0,0,1.2877,0,0,70,4129.5,17,157027
809,2026-07-24 17:00:00,4128.3,4131.4,4124.8,4130.2,465,349,175,140,465,-35,-35,-35,-35,-35,349,0,0,0,1.3324,0,0,65,4129.5,36,157027
810,2026-07-24 17:30:00,4130.0,4131.5,4124.1,4124.7,109,87,33,23,109,-10,-10,-10,-10,-45,87,0,0,0,1.2529,0,0,39,4126.1,9,157027
811,2026-07-24 18:00:00,4125.3,4126.1,4115.9,4116.8,335,186,113,98,335,-15,-15,-15,-15,-60,186,0,0,0,1.8011,0,0,58,4119.5,53,157027
812,2026-07-24 18:30:00,4116.6,4117.8,4112.3,4116.1,182,130,60,56,182,-4,-4,-4,-4,-64,130,0,0,0,1.4,0,0,46,4113.0,32,157027
813,2026-07-24 19:00:00,4115.4,4116.2,4109.9,4111.6,127,95,47,31,127,-16,-16,-16,-16,-80,95,0,0,0,1.3368,0,0,43,4111.1,13,157027
814,2026-07-24 19:30:00,4112.5,4118.9,4112.3,4115.4,118,104,17,45,118,28,28,28,28,-52,104,0,0,0,1.1346,0,0,44,4113.9,10,157027
815,2026-07-24 20:00:00,4114.7,4116.1,4113.0,4114.9,44,39,19,5,44,-14,-14,-14,-14,-66,39,0,0,0,1.1282,0,0,20,4114.0,5,157027
816,2026-07-24 20:30:00,4114.7,4116.8,4112.8,4114.3,29,25,4,11,29,7,7,7,7,-59,25,0,0,0,1.16,0,0,18,4114.8,4,157027
817,2026-07-27 00:00:00,4155.6,4178.5,4152.6,4157.0,737,395,121,432,737,311,311,311,311,311,395,0,0,0,1.8658,0,0,168,4168.6,70,177073
818,2026-07-27 00:30:00,4157.7,4170.1,4155.9,4160.4,180,126,68,64,180,-4,-4,-4,-4,307,126,0,0,0,1.4286,0,0,75,4163.3,11,177073
819,2026-07-27 01:00:00,4162.3,4174.2,4158.0,4161.4,257,216,52,168,257,116,116,116,116,423,216,0,0,0,1.1898,0,0,91,4166.0,17,177073
820,2026-07-27 01:30:00,4161.9,4169.7,4159.2,4167.7,115,85,35,57,115,22,22,22,22,445,85,0,0,0,1.3529,0,0,45,4161.9,14,177073
821,2026-07-27 02:00:00,4171.5,4171.5,4164.5,4165.0,47,38,17,18,47,1,1,1,1,446,38,0,0,0,1.2368,0,0,23,4167.0,5,177073
822,2026-07-27 02:30:00,4162.7,4163.0,4154.8,4154.8,134,91,51,32,134,-19,-19,-19,-19,427,91,0,0,0,1.4725,0,0,39,4159.0,51,177073
823,2026-07-27 03:00:00,4154.5,4156.5,4146.8,4146.8,194,151,85,67,194,-18,-18,-18,-18,409,151,0,0,0,1.2848,0,0,45,4152.6,14,177073
824,2026-07-27 03:30:00,4146.4,4151.7,4146.0,4151.7,30,28,11,13,30,2,2,2,2,411,28,0,0,0,1.0714,0,0,20,4150.0,5,177073
825,2026-07-27 04:00:00,4152.5,4153.9,4148.7,4148.7,27,27,7,12,27,5,5,5,5,416,27,0,0,0,1,0,0,21,4150.8,4,177073
826,2026-07-27 04:30:00,4152.5,4152.7,4150.5,4150.9,20,17,7,1,20,-6,-6,-6,-6,410,17,0,0,0,1.1765,0,0,10,4151.0,11,177073
827,2026-07-27 05:00:00,4151.6,4156.0,4147.7,4148.4,65,47,15,25,65,10,10,10,10,420,47,0,0,0,1.383,0,0,30,4153.5,19,177073
828,2026-07-27 05:30:00,4147.9,4154.4,4145.6,4154.3,90,76,27,42,90,15,15,15,15,435,76,0,0,0,1.1842,0,0,43,4145.7,10,177073
829,2026-07-27 06:00:00,4153.9,4157.6,4152.8,4155.9,231,205,80,96,231,16,16,16,16,451,205,0,0,0,1.1268,0,0,47,4154.4,24,177073
830,2026-07-27 06:30:00,4157.3,4160.2,4155.8,4158.2,177,140,40,53,177,13,13,13,13,464,140,0,0,0,1.2643,0,0,40,4157.7,20,177073
831,2026-07-27 07:00:00,4157.5,4167.8,4157.5,4164.8,395,250,86,117,395,31,31,31,31,495,250,0,0,0,1.58,0,0,77,4161.6,30,177073
832,2026-07-27 07:30:00,4164.3,4165.2,4150.0,4150.0,220,173,77,47,220,-30,-30,-30,-30,465,173,0,0,0,1.2717,0,0,81,4160.1,17,177073
833,2026-07-27 08:00:00,4149.8,4154.0,4149.0,4152.9,112,99,22,29,112,7,7,7,7,472,99,0,0,0,1.1313,0,0,38,4152.0,9,177073
834,2026-07-27 08:30:00,4151.7,4158.0,4148.6,4157.5,102,72,25,38,102,13,13,13,13,485,72,0,0,0,1.4167,0,0,44,4152.3,9,177073
835,2026-07-27 09:00:00,4156.2,4159.6,4152.9,4152.9,117,99,38,35,117,-3,-3,-3,-3,482,99,0,0,0,1.1818,0,0,47,4155.6,9,177073
836,2026-07-27 09:30:00,4153.3,4161.2,4151.8,4158.2,328,227,37,108,328,71,71,71,71,553,227,0,0,0,1.4449,0,0,67,4158.5,66,177073
837,2026-07-27 10:00:00,4157.2,4157.2,4147.9,4154.4,188,145,30,104,188,74,74,74,74,627,145,0,0,0,1.2966,0,0,64,4154.3,10,177073
838,2026-07-27 10:30:00,4154.5,4163.8,4154.1,4161.3,161,118,72,58,161,-14,-14,-14,-14,613,118,0,0,0,1.3644,0,0,47,4161.0,15,177073
839,2026-07-27 11:00:00,4161.5,4166.0,4158.2,4158.2,161,125,52,53,161,1,1,1,1,614,125,0,0,0,1.288,0,0,60,4158.9,10,177073
840,2026-07-27 11:30:00,4158.0,4161.3,4155.1,4155.6,208,159,41,104,208,63,63,63,63,677,159,0,0,0,1.3082,0,0,45,4155.7,24,177073
841,2026-07-27 12:00:00,4155.7,4159.1,4142.8,4148.3,625,464,213,139,625,-74,-74,-74,-74,603,464,0,0,0,1.347,0,0,114,4147.8,58,177073
842,2026-07-27 12:30:00,4148.4,4150.1,4142.0,4144.8,460,355,181,168,460,-13,-13,-13,-13,590,355,0,0,0,1.2958,0,0,74,4143.0,51,177073
843,2026-07-27 13:00:00,4146.5,4150.3,4137.3,4137.4,578,503,199,208,578,9,9,9,9,599,503,0,0,0,1.1491,0,0,99,4144.5,29,177073
844,2026-07-27 13:30:00,4137.5,4151.0,4132.2,4135.4,725,611,279,233,725,-46,-46,-46,-46,553,611,0,0,0,1.1866,0,0,159,4137.8,31,177073
845,2026-07-27 14:00:00,4135.8,4140.7,4128.1,4130.0,727,570,283,248,727,-35,-35,-35,-35,518,570,0,0,0,1.2754,0,0,101,4138.1,33,176377
846,2026-07-27 14:30:00,4129.4,4138.7,4126.5,4137.4,676,555,252,224,676,-28,-28,-28,-28,490,555,0,0,0,1.218,0,0,109,4128.0,28,176377
847,2026-07-27 15:00:00,4137.6,4141.3,4133.8,4137.9,426,352,168,150,426,-18,-18,-18,-18,472,352,0,0,0,1.2102,0,0,64,4135.2,22,176377
848,2026-07-27 15:30:00,4137.9,4141.4,4134.2,4140.1,286,240,139,88,286,-51,-51,-51,-51,421,240,0,0,0,1.1917,0,0,62,4139.7,12,176377
849,2026-07-27 16:00:00,4140.1,4150.0,4139.2,4145.8,334,276,148,93,334,-55,-55,-55,-55,366,276,0,0,0,1.2101,0,0,90,4140.1,14,176377
850,2026-07-27 16:30:00,4147.5,4155.2,4142.0,4143.6,376,330,162,112,376,-50,-50,-50,-50,316,330,0,0,0,1.1394,0,0,101,4152.0,11,176377
851,2026-07-27 17:00:00,4143.2,4143.2,4131.8,4136.1,2205,992,579,454,2205,-125,-125,-125,-125,-125,992,0,0,0,2.2228,0,0,70,4136.0,208,176377
852,2026-07-27 17:30:00,4135.8,4138.0,4133.3,4137.7,287,193,54,70,287,16,16,16,16,-109,193,0,0,0,1.487,0,0,43,4136.0,38,176377
853,2026-07-27 18:00:00,4137.5,4140.3,4135.3,4137.6,89,81,26,25,89,-1,-1,-1,-1,-110,81,0,0,0,1.0988,0,0,37,4135.8,11,176377
854,2026-07-27 18:30:00,4137.8,4140.5,4134.0,4139.2,230,185,90,78,230,-12,-12,-12,-12,-122,185,0,0,0,1.2432,0,0,51,4136.0,15,176377
855,2026-07-27 19:00:00,4139.3,4149.7,4137.4,4147.1,226,176,153,41,226,-112,-112,-112,-112,-234,176,0,0,0,1.2841,0,0,78,4146.2,14,176377
856,2026-07-27 19:30:00,4148.0,4151.0,4144.4,4144.7,151,128,57,50,151,-7,-7,-7,-7,-241,128,0,0,0,1.1797,0,0,44,4144.4,8,176377
857,2026-07-27 20:00:00,4145.2,4145.5,4139.0,4140.1,198,115,119,59,198,-60,-60,-60,-60,-301,115,0,0,0,1.7217,0,0,49,4143.6,26,176377
858,2026-07-27 20:30:00,4140.1,4141.0,4137.0,4138.4,159,95,122,19,159,-103,-103,-103,-103,-404,95,0,0,0,1.6737,0,0,36,4139.0,16,176377
859,2026-07-27 22:00:00,4142.0,4145.0,4131.6,4133.0,117,103,30,23,117,-7,-7,-7,-7,-411,103,0,0,0,1.1359,0,0,59,4133.4,12,176377
860,2026-07-27 22:30:00,4134.4,4135.7,4134.4,4134.4,33,28,7,23,33,16,16,16,16,-395,28,0,0,0,1.1786,0,0,9,4134.7,11,176377
861,2026-07-27 23:00:00,4134.4,4134.9,4133.8,4134.3,67,31,43,15,67,-28,-28,-28,-28,-423,31,0,0,0,2.1613,0,0,11,4134.2,42,176377
862,2026-07-27 23:30:00,4133.4,4134.3,4130.3,4133.8,42,40,16,16,42,0,0,0,0,-423,40,0,0,0,1.05,0,0,23,4132.5,7,176377
863,2026-07-28 00:00:00,4134.0,4134.0,4119.1,4122.2,295,181,102,100,295,-2,-2,-2,-2,-425,181,0,0,0,1.6298,0,0,71,4120.9,91,176377
864,2026-07-28 00:30:00,4120.9,4125.1,4117.5,4118.2,132,117,73,48,132,-25,-25,-25,-25,-450,117,0,0,0,1.1282,0,0,46,4119.2,8,202177
865,2026-07-28 01:00:00,4118.3,4120.4,4106.0,4106.9,425,338,218,136,425,-82,-82,-82,-82,-532,338,0,0,0,1.2574,0,0,107,4109.8,28,202177
866,2026-07-28 01:30:00,4108.6,4110.5,4102.7,4105.0,188,162,88,70,188,-18,-18,-18,-18,-550,162,0,0,0,1.1605,0,0,58,4104.2,21,202177
867,2026-07-28 02:00:00,4105.5,4109.0,4102.0,4105.8,266,183,102,103,266,1,1,1,1,-549,183,0,0,0,1.4536,0,0,51,4102.6,22,202177
868,2026-07-28 02:30:00,4105.3,4107.3,4100.2,4101.5,169,131,76,58,169,-18,-18,-18,-18,-567,131,0,0,0,1.2901,0,0,48,4102.0,18,202177
869,2026-07-28 03:00:00,4101.2,4109.1,4100.0,4107.4,202,167,41,120,202,79,79,79,79,-488,167,0,0,0,1.2096,0,0,51,4107.0,15,202177
870,2026-07-28 03:30:00,4107.3,4110.7,4107.1,4109.0,92,88,14,61,92,47,47,47,47,-441,88,0,0,0,1.0455,0,0,31,4109.0,10,202177
871,2026-07-28 04:00:00,4108.2,4109.2,4102.6,4104.7,234,178,175,40,234,-135,-135,-135,-135,-576,178,0,0,0,1.3146,0,0,50,4103.0,15,202177
872,2026-07-28 04:30:00,4104.5,4107.3,4100.7,4101.4,90,79,27,37,90,10,10,10,10,-566,79,0,0,0,1.1392,0,0,46,4103.0,7,202177
873,2026-07-28 05:00:00,4100.4,4103.1,4098.8,4101.5,177,137,48,64,177,16,16,16,16,-550,137,0,0,0,1.292,0,0,36,4100.0,27,202177
874,2026-07-28 05:30:00,4102.3,4106.3,4094.2,4105.0,247,191,117,99,247,-18,-18,-18,-18,-568,191,0,0,0,1.2932,0,0,80,4100.0,22,202177
875,2026-07-28 06:00:00,4104.7,4109.1,4102.4,4107.2,315,242,111,109,315,-2,-2,-2,-2,-570,242,0,0,0,1.3017,0,0,49,4106.1,32,202177
876,2026-07-28 06:30:00,4107.3,4112.0,4107.0,4107.9,371,292,107,122,371,15,15,15,15,-555,292,0,0,0,1.2705,0,0,44,4108.6,23,202177
877,2026-07-28 07:00:00,4108.3,4112.5,4107.3,4110.7,284,227,99,88,284,-11,-11,-11,-11,-566,227,0,0,0,1.2511,0,0,50,4111.3,24,202177
878,2026-07-28 07:30:00,4110.4,4110.5,4105.9,4107.3,196,162,99,33,196,-66,-66,-66,-66,-632,162,0,0,0,1.2099,0,0,43,4107.3,10,202177
879,2026-07-28 08:00:00,4106.7,4115.2,4103.0,4109.4,428,349,185,108,428,-77,-77,-77,-77,-709,349,0,0,0,1.2264,0,0,107,4108.5,15,202177
880,2026-07-28 08:30:00,4108.8,4108.8,4101.5,4105.2,341,234,117,88,341,-29,-29,-29,-29,-738,234,0,0,0,1.4573,0,0,57,4102.9,37,202177
881,2026-07-28 09:00:00,4105.6,4105.8,4099.0,4100.1,199,171,74,68,199,-6,-6,-6,-6,-744,171,0,0,0,1.1637,0,0,56,4100.0,14,202177
882,2026-07-28 09:30:00,4100.2,4100.2,4078.0,4083.1,799,589,298,192,799,-106,-106,-106,-106,-850,589,0,0,0,1.3565,0,0,160,4080.0,38,202177
883,2026-07-28 10:00:00,4082.4,4086.8,4076.2,4077.4,526,398,170,163,526,-7,-7,-7,-7,-857,398,0,0,0,1.3216,0,0,94,4077.9,34,202177
884,2026-07-28 10:30:00,4076.5,4087.4,4076.4,4085.2,348,285,119,109,348,-10,-10,-10,-10,-867,285,0,0,0,1.2211,0,0,81,4084.0,17,202177
885,2026-07-28 11:00:00,4085.6,4091.1,4082.0,4086.0,422,302,155,156,422,1,1,1,1,-866,302,0,0,0,1.3974,0,0,82,4083.8,16,202177
886,2026-07-28 11:30:00,4086.5,4090.2,4082.9,4087.5,341,254,86,167,341,81,81,81,81,-785,254,0,0,0,1.3425,0,0,65,4086.5,22,202177
887,2026-07-28 12:00:00,4087.3,4094.0,4082.4,4093.9,534,449,181,206,534,25,25,25,25,-760,449,0,0,0,1.1893,0,0,100,4087.0,19,202177
888,2026-07-28 12:30:00,4094.0,4097.3,4084.6,4089.1,740,630,375,138,740,-237,-237,-237,-237,-997,630,0,0,0,1.1746,0,0,113,4091.8,30,202177
889,2026-07-28 13:00:00,4089.1,4095.5,4088.1,4088.3,610,516,312,181,610,-131,-131,-131,-131,-1128,516,0,0,0,1.1822,0,0,68,4092.6,52,202177
890,2026-07-28 13:30:00,4088.2,4092.4,4079.8,4081.6,1342,1170,471,434,1342,-37,-37,-37,-37,-1165,1170,0,0,0,1.147,0,0,123,4085.0,44,202177
891,2026-07-28 14:00:00,4081.2,4093.5,4071.0,4081.5,2358,1541,784,749,2358,-35,-35,-35,-35,-1200,1541,0,0,0,1.5302,0,0,203,4073.6,192,203066
892,2026-07-28 14:30:00,4081.6,4088.8,4078.1,4084.3,965,805,295,295,965,0,0,0,0,-1200,805,0,0,0,1.1988,0,0,105,4081.9,32,203066
893,2026-07-28 15:00:00,4085.0,4101.0,4081.8,4095.2,1291,959,394,381,1291,-13,-13,-13,-13,-1213,959,0,0,0,1.3462,0,0,178,4096.9,58,203066
894,2026-07-28 15:30:00,4095.5,4107.3,4092.6,4106.3,952,716,227,350,952,123,123,123,123,-1090,716,0,0,0,1.3296,0,0,138,4105.5,33,203066
895,2026-07-28 16:00:00,4106.4,4106.6,4102.1,4102.1,586,477,206,140,586,-66,-66,-66,-66,-1156,477,0,0,0,1.2285,0,0,45,4104.3,53,203066
896,2026-07-28 16:30:00,4102.0,4103.9,4096.7,4097.5,453,387,140,126,453,-14,-14,-14,-14,-1170,387,0,0,0,1.1705,0,0,66,4098.0,23,203066
897,2026-07-28 17:00:00,4097.9,4101.4,4095.2,4098.1,1034,898,299,377,1034,78,78,78,78,78,898,0,0,0,1.1514,0,0,62,4098.6,49,203066
898,2026-07-28 17:30:00,4098.3,4098.3,4085.4,4088.2,659,505,292,216,659,-76,-76,-76,-76,2,505,0,0,0,1.305,0,0,108,4088.6,40,203066
899,2026-07-28 18:00:00,4088.5,4090.5,4086.2,4087.2,269,227,63,119,269,56,56,56,56,58,227,0,0,0,1.185,0,0,41,4089.8,16,203066
900,2026-07-28 18:30:00,4087.1,4087.6,4081.4,4082.6,649,532,352,153,649,-199,-199,-199,-199,-141,532,0,0,0,1.2199,0,0,56,4083.9,59,203066
901,2026-07-28 19:00:00,4082.9,4085.6,4081.2,4082.3,624,490,368,116,624,-252,-252,-252,-252,-393,490,0,0,0,1.2735,0,0,44,4084.0,73,203066
902,2026-07-28 19:30:00,4083.6,4087.4,4082.8,4085.7,415,325,196,88,415,-108,-108,-108,-108,-501,325,0,0,0,1.2769,0,0,41,4085.5,27,203066
903,2026-07-28 20:00:00,4085.3,4087.1,4082.0,4086.7,114,110,34,38,114,4,4,4,4,-497,110,0,0,0,1.0364,0,0,44,4087.0,8,203066
904,2026-07-28 20:30:00,4087.1,4090.4,4086.9,4088.5,140,101,53,45,140,-8,-8,-8,-8,-505,101,0,0,0,1.3861,0,0,29,4090.0,17,203066
905,2026-07-28 22:00:00,4084.0,4092.4,4076.0,4079.6,675,621,252,210,675,-42,-42,-42,-42,-547,621,0,0,0,1.087,0,0,121,4086.2,24,203066
906,2026-07-28 22:30:00,4080.4,4080.5,4073.0,4077.7,606,556,207,215,606,8,8,8,8,-539,556,0,0,0,1.0899,0,0,70,4075.0,33,203066
907,2026-07-28 23:00:00,4077.2,4082.5,4074.0,4077.8,663,609,302,234,663,-68,-68,-68,-68,-607,609,0,0,0,1.0887,0,0,82,4074.9,29,203066
908,2026-07-28 23:30:00,4077.9,4085.8,4076.9,4083.8,548,453,267,223,548,-44,-44,-44,-44,-651,453,0,0,0,1.2097,0,0,87,4084.0,40,203066
909,2026-07-29 00:00:00,4084.5,4090.5,4076.8,4082.1,979,844,363,460,979,97,97,97,97,-554,844,0,0,0,1.16,0,0,132,4082.1,47,203066
910,2026-07-29 00:30:00,4081.9,4087.4,4079.5,4080.9,526,503,259,199,526,-60,-60,-60,-60,-614,503,0,0,0,1.0457,0,0,70,4081.3,22,241788
911,2026-07-29 01:00:00,4081.2,4081.2,4069.2,4077.7,1663,1437,750,578,1663,-172,-172,-172,-172,-786,1437,0,0,0,1.1573,0,0,116,4074.6,78,241788
912,2026-07-29 01:30:00,4076.9,4089.6,4073.7,4085.0,1235,1132,518,493,1235,-25,-25,-25,-25,-811,1132,0,0,0,1.091,0,0,149,4082.2,46,241788
913,2026-07-29 02:00:00,4084.6,4094.3,4081.9,4091.2,1029,898,384,488,1029,104,104,104,104,-707,898,0,0,0,1.1459,0,0,116,4086.2,85,241788
914,2026-07-29 02:30:00,4092.1,4096.7,4088.0,4088.0,730,680,266,333,730,67,67,67,67,-640,680,0,0,0,1.0735,0,0,85,4090.5,27,241788
915,2026-07-29 03:00:00,4087.7,4091.3,4083.8,4085.6,722,650,258,377,722,119,119,119,119,-521,650,0,0,0,1.1108,0,0,74,4088.3,27,241788
916,2026-07-29 03:30:00,4084.6,4087.7,4081.1,4081.4,855,749,480,213,855,-267,-267,-267,-267,-788,749,0,0,0,1.1415,0,0,65,4083.9,42,241788
917,2026-07-29 04:00:00,4081.8,4083.5,4078.6,4081.6,545,511,177,220,545,43,43,43,43,-745,511,0,0,0,1.0665,0,0,50,4080.3,35,241788
918,2026-07-29 04:30:00,4081.6,4085.8,4081.6,4085.4,541,518,198,206,541,8,8,8,8,-737,518,0,0,0,1.0444,0,0,42,4084.5,38,241788
919,2026-07-29 05:00:00,4085.4,4089.6,4084.9,4088.6,705,672,291,256,705,-35,-35,-35,-35,-772,672,0,0,0,1.0491,0,0,48,4085.8,50,241788
920,2026-07-29 05:30:00,4088.7,4098.3,4087.4,4091.1,1238,1105,559,430,1238,-129,-129,-129,-129,-901,1105,0,0,0,1.1204,0,0,105,4090.0,44,241788
921,2026-07-29 06:00:00,4091.3,4101.1,4091.3,4099.0,1151,1059,399,552,1151,153,153,153,153,-748,1059,0,0,0,1.0869,0,0,97,4095.1,39,241788
922,2026-07-29 06:30:00,4099.2,4103.0,4098.3,4099.8,881,803,377,276,881,-101,-101,-101,-101,-849,803,0,0,0,1.0971,0,0,48,4099.4,45,241788
923,2026-07-29 07:00:00,4099.5,4106.6,4099.5,4105.0,1371,1150,546,604,1371,58,58,58,58,-791,1150,0,0,0,1.1922,0,0,70,4103.5,84,241788
924,2026-07-29 07:30:00,4105.0,4106.7,4101.5,4102.6,1008,866,488,352,1008,-136,-136,-136,-136,-927,866,0,0,0,1.164,0,0,53,4105.6,57,241788
925,2026-07-29 08:00:00,4103.0,4103.5,4094.6,4096.3,1039,928,542,354,1039,-188,-188,-188,-188,-1115,928,0,0,0,1.1196,0,0,87,4098.0,40,241788
926,2026-07-29 08:30:00,4096.3,4099.4,4094.7,4096.5,979,823,488,402,979,-86,-86,-86,-86,-1201,823,0,0,0,1.1896,0,0,48,4096.7,72,241788
927,2026-07-29 09:00:00,4096.8,4097.6,4092.5,4092.6,738,655,372,321,738,-51,-51,-51,-51,-1252,655,0,0,0,1.1267,0,0,52,4093.0,39,241788
928,2026-07-29 09:30:00,4093.0,4095.5,4090.4,4091.9,1536,1336,760,629,1536,-131,-131,-131,-131,-1383,1336,0,0,0,1.1497,0,0,52,4092.0,90,241788
929,2026-07-29 10:00:00,4091.5,4093.1,4089.2,4092.3,944,786,506,344,944,-162,-162,-162,-162,-1545,786,0,0,0,1.201,0,0,40,4090.3,80,241788
930,2026-07-29 10:30:00,4092.0,4093.7,4085.1,4086.1,864,735,403,333,864,-70,-70,-70,-70,-1615,735,0,0,0,1.1755,0,0,83,4086.7,37,241788
931,2026-07-29 11:00:00,4086.8,4092.7,4084.0,4091.7,870,779,366,366,870,0,0,0,0,-1615,779,0,0,0,1.1168,0,0,83,4087.4,43,241788
932,2026-07-29 11:30:00,4092.0,4095.4,4089.6,4091.5,806,662,324,346,806,22,22,22,22,-1593,662,0,0,0,1.2175,0,0,59,4091.1,65,241788
933,2026-07-29 12:00:00,4091.7,4092.5,4070.8,4072.0,3050,2671,1505,1085,3050,-420,-420,-420,-420,-2013,2671,0,0,0,1.1419,0,0,212,4075.5,50,241788
934,2026-07-29 12:30:00,4071.2,4082.3,4067.4,4080.9,2945,2440,1325,1230,2945,-95,-95,-95,-95,-2108,2440,0,0,0,1.207,0,0,149,4073.5,114,241788
935,2026-07-29 13:00:00,4081.3,4084.8,4071.9,4072.5,3930,3077,1681,1259,3930,-422,-422,-422,-422,-2530,3077,0,0,0,1.2772,0,0,128,4079.0,216,241788
936,2026-07-29 13:30:00,4072.8,4075.7,4060.3,4064.8,4636,4120,1654,1546,4636,-108,-108,-108,-108,-2638,4120,0,0,0,1.1252,0,0,155,4072.0,118,241788
937,2026-07-29 14:00:00,4065.1,4068.4,4053.9,4063.9,6119,5076,2922,2397,6119,-525,-525,-525,-525,-3163,5076,0,0,0,1.2055,0,0,146,4065.0,184,241826
938,2026-07-29 14:30:00,4063.6,4067.8,4056.4,4063.2,2337,2051,953,969,2337,16,16,16,16,-3147,2051,0,0,0,1.1394,0,0,115,4062.7,80,241826
939,2026-07-29 15:00:00,4063.6,4069.9,4061.7,4069.1,2282,2037,705,1172,2282,467,467,467,467,-2680,2037,0,0,0,1.1203,0,0,82,4067.0,96,241826
940,2026-07-29 15:30:00,4069.2,4072.2,4065.4,4068.5,2164,1860,964,905,2164,-59,-59,-59,-59,-2739,1860,0,0,0,1.1634,0,0,69,4069.0,118,241826
941,2026-07-29 16:00:00,4068.5,4076.4,4066.3,4075.1,3126,2653,1521,1291,3126,-230,-230,-230,-230,-2969,2653,0,0,0,1.1783,0,0,102,4074.0,108,241826
942,2026-07-29 16:30:00,4075.0,4091.7,4073.4,4086.1,2836,2305,1199,1355,2836,156,156,156,156,-2813,2305,0,0,0,1.2304,0,0,175,4075.2,74,241826
943,2026-07-29 17:00:00,4086.2,4109.3,4086.1,4097.2,6524,5880,3075,2507,6524,-568,-568,-568,-568,-568,5880,0,0,0,1.1095,0,0,232,4102.0,110,241826
944,2026-07-29 17:30:00,4097.1,4106.4,4094.1,4102.9,2409,2163,1036,948,2409,-88,-88,-88,-88,-656,2163,0,0,0,1.1137,0,0,123,4097.1,52,241826
945,2026-07-29 18:00:00,4103.1,4149.4,4101.3,4127.0,11868,10190,4947,5099,11868,152,152,152,152,-504,10190,0,0,0,1.1647,0,0,401,4140.0,126,241826
946,2026-07-29 18:30:00,4126.6,4170.3,4111.1,4166.8,13064,10915,5463,5912,13064,449,449,449,449,-55,10915,0,0,0,1.1969,0,0,588,4145.4,108,241826
947,2026-07-29 19:00:00,4167.1,4176.8,4140.1,4143.6,8732,7347,4108,3803,8732,-305,-305,-305,-305,-360,7347,0,0,0,1.1885,0,0,366,4175.0,166,241826
948,2026-07-29 19:30:00,4143.7,4147.8,4103.8,4104.7,7258,6482,3239,2726,7258,-513,-513,-513,-513,-873,6482,0,0,0,1.1197,0,0,423,4130.0,110,241826
949,2026-07-29 20:00:00,4104.2,4116.2,4101.7,4114.2,3163,2624,1364,1469,3163,105,105,105,105,-768,2624,0,0,0,1.2054,0,0,142,4111.6,81,241826
950,2026-07-29 20:30:00,4114.2,4128.9,4112.7,4126.0,1867,1408,623,1009,1867,386,386,386,386,-382,1408,0,0,0,1.326,0,0,154,4128.1,54,241826
951,2026-07-29 22:00:00,4126.7,4135.5,4121.1,4132.7,1452,1279,753,579,1452,-174,-174,-174,-174,-556,1279,0,0,0,1.1353,0,0,140,4133.1,60,241826
952,2026-07-29 22:30:00,4132.5,4148.2,4130.5,4146.3,1553,1387,739,716,1553,-23,-23,-23,-23,-579,1387,0,0,0,1.1197,0,0,177,4145.0,42,241826
953,2026-07-29 23:00:00,4146.5,4158.0,4146.2,4151.1,1312,1168,513,568,1312,55,55,55,55,-524,1168,0,0,0,1.1233,0,0,115,4152.0,66,241826
954,2026-07-29 23:30:00,4151.6,4152.5,4142.0,4142.0,849,817,477,276,849,-201,-201,-201,-201,-725,817,0,0,0,1.0392,0,0,104,4150.3,26,241826
955,2026-07-30 00:00:00,4142.5,4144.3,4130.1,4132.6,1682,1469,940,688,1682,-252,-252,-252,-252,-977,1469,0,0,0,1.145,0,0,141,4139.0,94,241826
956,2026-07-30 00:30:00,4133.8,4134.3,4122.3,4129.7,2079,1758,1068,946,2079,-122,-122,-122,-122,-1099,1758,0,0,0,1.1826,0,0,120,4124.0,173,241826
957,2026-07-30 01:00:00,4130.0,4151.5,4127.8,4139.0,4002,3524,1855,1935,4002,80,80,80,80,-1019,3524,0,0,0,1.1356,0,0,231,4135.0,118,275668
958,2026-07-30 01:30:00,4138.8,4149.0,4138.2,4142.4,1539,1309,693,783,1539,90,90,90,90,-929,1309,0,0,0,1.1757,0,0,105,4145.0,100,275668
959,2026-07-30 02:00:00,4142.1,4148.0,4137.5,4140.5,926,849,459,385,926,-74,-74,-74,-74,-1003,849,0,0,0,1.0907,0,0,104,4146.3,50,275668
960,2026-07-30 02:30:00,4140.2,4140.2,4120.7,4121.4,1639,1440,822,672,1639,-150,-150,-150,-150,-1153,1440,0,0,0,1.1382,0,0,179,4131.0,73,275668
961,2026-07-30 03:00:00,4121.1,4127.5,4109.9,4111.1,1939,1641,997,759,1939,-238,-238,-238,-238,-1391,1641,0,0,0,1.1816,0,0,171,4112.2,87,275668
962,2026-07-30 03:30:00,4111.3,4116.9,4107.6,4115.6,1548,1346,751,640,1548,-111,-111,-111,-111,-1502,1346,0,0,0,1.1501,0,0,94,4110.3,56,275668
963,2026-07-30 04:00:00,4115.9,4117.1,4107.6,4110.7,855,786,431,338,855,-93,-93,-93,-93,-1595,786,0,0,0,1.0878,0,0,87,4110.0,37,275668
964,2026-07-30 04:30:00,4110.9,4110.9,4100.3,4102.5,1541,1388,814,557,1541,-257,-257,-257,-257,-1852,1388,0,0,0,1.1102,0,0,102,4104.2,58,275668
965,2026-07-30 05:00:00,4102.2,4104.0,4093.9,4103.5,1593,1362,873,606,1593,-267,-267,-267,-267,-2119,1362,0,0,0,1.1696,0,0,102,4100.0,88,275668
966,2026-07-30 05:30:00,4103.2,4108.0,4085.0,4090.4,3009,2702,1524,1331,3009,-193,-193,-193,-193,-2312,2702,0,0,0,1.1136,0,0,229,4091.2,85,275668
967,2026-07-30 06:00:00,4090.8,4096.4,4086.3,4090.5,1855,1615,858,921,1855,63,63,63,63,-2249,1615,0,0,0,1.1486,0,0,102,4092.8,85,275668
968,2026-07-30 06:30:00,4090.1,4098.1,4088.3,4093.8,1348,1098,751,540,1348,-211,-211,-211,-211,-2460,1098,0,0,0,1.2277,0,0,94,4093.7,120,275668
969,2026-07-30 07:00:00,4093.8,4108.5,4092.7,4103.2,2351,2040,1027,1170,2351,143,143,143,143,-2317,2040,0,0,0,1.1525,0,0,142,4101.8,71,275668
970,2026-07-30 07:30:00,4103.0,4104.7,4093.0,4096.1,1535,1344,836,644,1535,-192,-192,-192,-192,-2509,1344,0,0,0,1.1421,0,0,117,4098.5,52,275668
971,2026-07-30 08:00:00,4096.1,4126.4,4093.9,4122.0,3101,2712,1392,1512,3101,120,120,120,120,-2389,2712,0,0,0,1.1434,0,0,306,4107.9,69,275668
972,2026-07-30 08:30:00,4122.1,4130.9,4117.2,4119.2,3112,2596,1359,1360,3112,1,1,1,1,-2388,2596,0,0,0,1.1988,0,0,135,4125.9,121,275668
973,2026-07-30 09:00:00,4119.4,4130.3,4118.3,4125.6,2368,1923,1019,1140,2368,121,121,121,121,-2267,1923,0,0,0,1.2314,0,0,112,4126.0,112,275668
974,2026-07-30 09:30:00,4125.5,4131.5,4118.4,4121.5,2585,2080,1216,1263,2585,47,47,47,47,-2220,2080,0,0,0,1.2428,0,0,131,4131.5,89,275668
975,2026-07-30 10:00:00,4121.8,4136.3,4121.2,4134.8,3526,2850,1511,1908,3526,397,397,397,397,-1823,2850,0,0,0,1.2372,0,0,152,4131.5,126,275668
976,2026-07-30 10:30:00,4134.8,4142.2,4133.5,4136.4,2419,2019,1037,1188,2419,151,151,151,151,-1672,2019,0,0,0,1.1981,0,0,87,4141.2,127,275668
977,2026-07-30 11:00:00,4136.5,4141.5,4134.9,4136.6,1366,1189,712,593,1366,-119,-119,-119,-119,-1791,1189,0,0,0,1.1489,0,0,67,4140.8,64,275668
978,2026-07-30 11:30:00,4136.7,4138.9,4133.6,4136.0,1522,1269,633,629,1522,-4,-4,-4,-4,-1795,1269,0,0,0,1.1994,0,0,54,4135.6,147,275668
979,2026-07-30 12:00:00,4136.0,4141.0,4129.8,4135.4,2489,2162,1283,1096,2489,-187,-187,-187,-187,-1982,2162,0,0,0,1.1512,0,0,113,4134.2,136,275668
980,2026-07-30 12:30:00,4139.0,4145.4,4125.4,4127.4,4185,3442,1936,2038,4185,102,102,102,102,-1880,3442,0,0,0,1.2159,0,0,199,4130.0,79,275668
981,2026-07-30 13:00:00,4127.3,4142.2,4123.2,4138.6,3310,3024,1597,1527,3310,-70,-70,-70,-70,-1950,3024,0,0,0,1.0946,0,0,190,4133.3,58,275668
982,2026-07-30 13:30:00,4138.6,4172.5,4133.2,4172.0,12573,10995,5648,6167,12573,519,519,519,519,-1431,10995,0,0,0,1.1435,0,0,389,4171.0,116,275668
983,2026-07-30 14:00:00,4172.1,4180.2,4145.6,4155.2,14496,12388,6804,6700,14496,-104,-104,-104,-104,-1535,12388,0,0,0,1.1702,0,0,347,4169.5,158,275504
984,2026-07-30 14:30:00,4155.3,4172.7,4154.0,4159.1,5355,4712,2525,2448,5355,-77,-77,-77,-77,-1612,4712,0,0,0,1.1365,0,0,186,4162.0,110,275504
985,2026-07-30 15:00:00,4159.4,4159.4,4141.9,4155.1,4243,3813,2014,1883,4243,-131,-131,-131,-131,-1743,3813,0,0,0,1.1128,0,0,176,4150.3,112,275504
986,2026-07-30 15:30:00,4155.0,4169.2,4151.8,4167.0,3127,2750,1502,1422,3127,-80,-80,-80,-80,-1823,2750,0,0,0,1.1371,0,0,172,4165.0,128,275504
987,2026-07-30 16:00:00,4166.8,4178.3,4166.8,4175.4,3570,3156,1719,1669,3570,-50,-50,-50,-50,-1873,3156,0,0,0,1.1312,0,0,115,4171.5,111,275504
