bar_idx,datetime,price,bid_vol,ask_vol,volume,delta,trades,buy_trades,sell_trades,max_one_trade
0,2024-08-05 19:07:00,2640.0,1,0,1,-1,1,0,0,0
1,2024-08-05 19:08:00,2640.0,1,0,1,-1,1,0,0,0
2,2024-08-13 12:46:00,2710.0,1,0,1,-1,1,0,0,0
3,2024-08-19 13:52:00,2730.0,0,1,1,1,1,0,0,0
4,2024-09-04 09:16:00,2700.0,0,0,1,0,1,0,0,0
5,2024-09-05 07:22:00,2720.0,0,1,1,1,1,0,0,0
6,2024-09-11 18:39:00,2733.7,1,0,1,-1,1,0,0,0
7,2024-09-27 07:39:00,2890.5,1,0,1,-1,1,0,0,0
8,2024-09-30 13:47:00,2860.6,1,0,1,-1,1,0,0,0
9,2024-10-02 14:02:00,2890.0,1,0,1,-1,1,0,0,0
10,2024-10-02 14:04:00,2890.0,2,0,2,-2,2,0,0,0
11,2024-10-22 05:13:00,2982.1,0,1,1,1,1,0,0,0
12,2024-10-29 06:49:00,3000.0,1,0,1,-1,1,0,0,0
13,2024-10-31 14:38:00,2997.6,1,0,1,-1,1,0,0,0
14,2024-10-31 14:40:00,2997.6,3,0,3,-3,3,0,0,0
15,2024-10-31 18:40:00,2988.7,0,2,2,2,2,0,0,0
16,2024-10-31 18:41:00,2987.3,0,1,1,1,1,0,0,0
17,2024-10-31 19:57:00,2987.3,0,1,1,1,1,0,0,0
18,2024-11-01 04:07:00,2987.6,0,2,2,2,2,0,0,0
19,2024-11-01 14:43:00,2987.1,1,0,1,-1,1,0,0,0
20,2024-11-11 13:00:00,2900.0,1,0,1,-1,1,0,0,0
21,2024-11-13 23:23:00,2810.0,0,1,1,1,1,0,0,0
22,2024-12-09 04:49:00,2854.0,2,0,2,-2,1,0,0,0
23,2024-12-09 04:57:00,2873.1,0,2,2,2,1,0,0,0
24,2024-12-09 14:44:00,2900.0,0,0,1,0,1,0,0,0
25,2024-12-12 15:42:00,2918.0,1,0,1,-1,1,0,0,0
26,2024-12-13 19:14:00,2895.0,1,0,1,-1,1,0,0,0
27,2025-01-16 02:38:00,2965.0,0,1,1,1,1,0,0,0
28,2025-01-16 18:19:00,3000.0,1,0,1,-1,1,0,0,0
29,2025-01-16 18:21:00,3000.0,0,0,1,0,1,0,0,0
30,2025-01-16 18:28:00,2990.0,0,1,1,1,1,0,0,0
31,2025-01-16 18:35:00,2990.0,1,0,1,-1,1,0,0,0
32,2025-01-17 20:07:00,2990.0,1,0,1,-1,1,0,0,0
33,2025-01-22 02:11:00,3003.0,0,1,1,1,1,0,0,0
34,2025-02-14 15:32:00,3150.0,1,0,1,-1,1,0,0,0
35,2025-02-28 03:42:00,3115.0,1,0,1,-1,1,0,0,0
36,2025-03-07 15:00:00,3169.1,0,1,1,1,1,0,0,0
37,2025-03-11 06:33:00,3130.8,0,1,1,1,1,0,0,0
38,2025-03-20 00:44:00,3294.2,0,1,1,1,1,0,0,0
38,2025-03-20 00:44:00,3294.4,2,1,3,-1,2,0,0,0
39,2025-03-20 10:21:00,3274.8,1,0,1,-1,1,0,0,0
40,2025-03-27 10:36:00,3290.4,1,0,1,-1,1,0,0,0
41,2025-03-30 22:04:00,3318.0,1,0,1,-1,1,0,0,0
42,2025-03-31 08:46:00,3349.7,0,1,1,1,1,0,0,0
43,2025-03-31 16:13:00,3347.3,0,1,1,1,1,0,0,0
44,2025-04-01 10:19:00,3360.0,0,1,1,1,1,0,0,0
45,2025-04-01 16:38:00,3342.9,1,0,1,-1,1,0,0,0
46,2025-04-02 00:31:00,3350.0,1,0,1,-1,1,0,0,0
47,2025-04-02 16:56:00,3372.1,1,0,1,-1,1,0,0,0
48,2025-04-02 22:25:00,3367.8,0,1,1,1,1,0,0,0
49,2025-04-02 23:26:00,3377.5,1,0,1,-1,1,0,0,0
50,2025-04-03 00:19:00,3371.9,0,0,1,0,1,0,0,0
51,2025-04-03 01:34:00,3375.3,0,1,1,1,1,0,0,0
52,2025-04-03 05:31:00,3354.2,0,1,1,1,1,0,0,0
53,2025-04-03 10:29:00,3324.0,0,1,1,1,1,0,0,0
54,2025-04-03 11:31:00,3310.0,0,0,1,0,1,0,0,0
55,2025-04-03 14:10:00,3326.5,1,0,1,-1,1,0,0,0
56,2025-04-03 14:50:00,3352.4,0,1,1,1,1,0,0,0
57,2025-04-03 15:11:00,3339.8,1,0,1,-1,1,0,0,0
58,2025-04-04 08:16:00,3308.2,1,0,1,-1,1,0,0,0
59,2025-04-04 10:26:00,3320.5,1,0,1,-1,1,0,0,0
60,2025-04-04 11:33:00,3341.1,1,0,1,-1,1,0,0,0
61,2025-04-04 11:48:00,3322.9,1,0,1,-1,1,0,0,0
62,2025-04-04 12:56:00,3287.4,1,0,1,-1,1,0,0,0
63,2025-04-04 13:19:00,3297.0,1,0,1,-1,1,0,0,0
64,2025-04-04 14:00:00,3278.0,1,0,1,-1,1,0,0,0
65,2025-04-04 15:25:00,3250.0,0,0,1,0,1,0,0,0
66,2025-04-04 16:05:00,3237.1,0,1,1,1,1,0,0,0
67,2025-04-04 18:46:00,3234.0,1,0,1,-1,1,0,0,0
68,2025-04-04 19:25:00,3247.4,1,0,1,-1,1,0,0,0
69,2025-04-06 23:53:00,3198.5,1,0,1,-1,1,0,0,0
70,2025-04-07 00:03:00,3211.0,0,0,1,0,1,0,0,0
71,2025-04-07 00:06:00,3206.0,0,0,1,0,1,0,0,0
72,2025-04-07 00:10:00,3190.0,0,0,1,0,1,0,0,0
73,2025-04-07 14:05:00,3225.0,1,0,1,-1,1,0,0,0
74,2025-04-07 14:09:00,3225.0,1,0,1,-1,1,0,0,0
75,2025-04-07 16:10:00,3190.0,0,1,1,1,1,0,0,0
76,2025-04-07 17:32:00,3169.5,0,1,1,1,1,0,0,0
77,2025-04-07 17:33:00,3170.0,1,0,1,-1,1,0,0,0
78,2025-04-08 02:17:00,3210.4,1,0,1,-1,1,0,0,0
79,2025-04-08 17:31:00,3188.2,0,1,1,1,1,0,0,0
80,2025-04-08 18:37:00,3199.1,1,0,1,-1,1,0,0,0
81,2025-04-08 20:16:00,3190.4,0,1,1,1,1,0,0,0
82,2025-04-08 23:06:00,3197.0,0,0,1,0,1,0,0,0
83,2025-04-08 23:33:00,3190.5,1,0,1,-1,1,0,0,0
84,2025-04-09 00:30:00,3197.7,0,1,1,1,1,0,0,0
85,2025-04-09 12:08:00,3276.9,0,1,1,1,1,0,0,0
86,2025-04-09 17:21:00,3315.1,0,0,1,0,1,0,0,0
87,2025-04-09 18:16:00,3275.9,0,0,1,0,1,0,0,0
88,2025-04-09 18:40:00,3291.8,1,0,1,-1,1,0,0,0
89,2025-04-09 22:05:00,3300.0,0,0,1,0,1,0,0,0
90,2025-04-10 07:38:00,3325.8,1,0,1,-1,1,0,0,0
91,2025-04-10 07:58:00,3326.5,0,0,1,0,1,0,0,0
92,2025-04-10 12:09:00,3350.0,0,1,1,1,1,0,0,0
93,2025-04-10 13:59:00,3340.0,1,0,1,-1,1,0,0,0
94,2025-04-10 14:08:00,3362.0,0,0,1,0,1,0,0,0
95,2025-04-10 15:11:00,3377.7,0,1,1,1,1,0,0,0
96,2025-04-10 15:38:00,3390.1,0,0,1,0,1,0,0,0
97,2025-04-10 23:05:00,3415.6,0,1,1,1,1,0,0,0
98,2025-04-11 01:06:00,3445.6,0,1,1,1,1,0,0,0
99,2025-04-11 01:22:00,3432.0,1,0,1,-1,1,0,0,0
100,2025-04-11 08:29:00,3444.0,0,1,1,1,1,0,0,0
101,2025-04-11 10:15:00,3459.6,0,1,1,1,1,0,0,0
102,2025-04-11 10:47:00,3439.7,1,0,1,-1,1,0,0,0
103,2025-04-11 10:59:00,3437.8,0,0,1,0,1,0,0,0
104,2025-04-11 12:56:00,3455.0,0,1,1,1,1,0,0,0
105,2025-04-11 13:36:00,3465.4,0,0,1,0,1,0,0,0
106,2025-04-11 13:51:00,3456.5,1,0,1,-1,1,0,0,0
107,2025-04-11 15:22:00,3470.0,0,1,1,1,1,0,0,0
108,2025-04-11 17:20:00,3460.7,1,0,1,-1,1,0,0,0
109,2025-04-11 18:39:00,3470.0,0,1,1,1,1,0,0,0
110,2025-04-11 18:40:00,3470.0,1,0,1,-1,1,0,0,0
111,2025-04-11 18:53:00,3470.0,1,0,2,-1,2,0,0,0
112,2025-04-11 18:54:00,3470.0,1,0,1,-1,1,0,0,0
113,2025-04-13 23:03:00,3453.6,0,1,1,1,1,0,0,0
114,2025-04-14 10:23:00,3445.0,0,0,1,0,1,0,0,0
115,2025-04-15 04:42:00,3458.7,1,0,1,-1,1,0,0,0
116,2025-04-15 11:48:00,3451.8,0,1,1,1,1,0,0,0
117,2025-04-15 19:17:00,3459.6,1,0,1,-1,1,0,0,0
118,2025-04-16 03:36:00,3507.4,0,1,1,1,1,0,0,0
119,2025-04-16 06:01:00,3524.0,1,0,1,-1,1,0,0,0
120,2025-04-16 08:18:00,3550.0,0,0,1,0,1,0,0,0
121,2025-04-17 14:32:00,3520.3,1,0,1,-1,1,0,0,0
122,2025-04-17 17:13:00,3553.9,1,0,1,-1,1,0,0,0
123,2025-04-17 19:21:00,3545.3,1,0,1,-1,1,0,0,0
124,2025-04-21 19:30:00,3657.6,1,0,1,-1,1,0,0,0
125,2025-04-22 04:36:00,3719.0,0,1,1,1,1,0,0,0
126,2025-04-22 04:39:00,3720.1,2,0,2,-2,2,0,0,0
127,2025-04-22 04:51:00,3716.5,1,0,1,-1,1,0,0,0
128,2025-04-22 04:52:00,3715.5,1,0,1,-1,1,0,0,0
129,2025-04-22 07:05:00,3709.5,0,1,1,1,1,0,0,0
130,2025-04-22 07:13:00,3701.7,1,0,1,-1,1,0,0,0
131,2025-04-22 13:49:00,3663.5,0,1,1,1,1,0,0,0
132,2025-04-22 14:47:00,3663.8,1,0,1,-1,1,0,0,0
133,2025-04-22 15:34:00,3656.0,1,0,1,-1,1,0,0,0
134,2025-04-23 01:05:00,3600.0,1,0,1,-1,1,0,0,0
135,2025-04-23 09:22:00,3578.0,1,0,1,-1,1,0,0,0
136,2025-04-23 13:08:00,3539.9,1,0,1,-1,1,0,0,0
137,2025-04-23 13:44:00,3526.4,0,0,1,0,1,0,0,0
138,2025-04-24 01:02:00,3570.8,0,0,1,0,1,0,0,0
139,2025-04-28 14:30:00,3547.0,0,1,1,1,1,0,0,0
140,2025-04-28 15:14:00,3562.0,0,1,1,1,1,0,0,0
141,2025-04-29 12:16:00,3539.5,1,0,1,-1,1,0,0,0
142,2025-04-30 17:18:00,3539.4,0,1,1,1,1,0,0,0
142,2025-04-30 17:18:00,3540.6,0,1,1,1,1,0,0,0
143,2025-05-01 04:57:00,3458.7,0,1,1,1,1,0,0,0
144,2025-05-01 04:58:00,3458.0,1,0,2,-1,2,0,0,0
145,2025-05-01 04:59:00,3458.0,1,0,2,-1,2,0,0,0
146,2025-05-01 05:01:00,3458.0,1,0,1,-1,1,0,0,0
147,2025-05-01 05:02:00,3459.0,2,0,3,-2,3,0,0,0
148,2025-05-01 05:03:00,3459.0,2,0,2,-2,2,0,0,0
149,2025-05-01 05:09:00,3461.5,0,1,1,1,1,0,0,0
149,2025-05-01 05:09:00,3462.0,4,0,5,-4,4,0,0,0
150,2025-05-01 05:10:00,3462.0,1,0,1,-1,1,0,0,0
151,2025-05-01 05:13:00,3464.0,1,0,1,-1,1,0,0,0
151,2025-05-01 05:13:00,3465.0,1,0,1,-1,1,0,0,0
152,2025-05-01 05:25:00,3465.0,0,0,1,0,1,0,0,0
153,2025-05-01 05:30:00,3467.5,3,0,4,-3,4,0,0,0
154,2025-05-01 05:34:00,3471.6,0,1,1,1,1,0,0,0
154,2025-05-01 05:34:00,3472.0,2,0,3,-2,2,0,0,0
155,2025-05-02 12:50:00,3480.3,0,1,1,1,1,0,0,0
156,2025-05-02 20:39:00,3461.8,1,2,3,1,2,0,0,0
156,2025-05-02 20:39:00,3462.7,1,0,1,-1,1,0,0,0
157,2025-05-05 06:25:00,3486.0,0,1,1,1,1,0,0,0
157,2025-05-05 06:25:00,3487.0,2,0,3,-2,3,0,0,0
158,2025-05-06 19:44:00,3652.1,0,0,1,0,1,0,0,0
159,2025-05-07 08:45:00,3615.0,0,1,1,1,1,0,0,0
160,2025-05-08 09:57:00,3565.0,1,0,1,-1,1,0,0,0
161,2025-05-08 13:53:00,3591.3,1,0,1,-1,1,0,0,0
162,2025-05-08 19:20:00,3530.0,0,0,1,0,1,0,0,0
163,2025-05-09 19:11:00,3562.7,0,2,2,2,2,0,0,0
163,2025-05-09 19:11:00,3563.3,2,0,2,-2,1,0,0,0
164,2025-05-12 07:52:00,3451.9,0,1,1,1,1,0,0,0
164,2025-05-12 07:52:00,3453.0,0,1,1,1,1,0,0,0
164,2025-05-12 07:52:00,3453.3,0,1,1,1,1,0,0,0
164,2025-05-12 07:52:00,3456.3,0,0,1,0,1,0,0,0
165,2025-05-14 13:02:00,3410.0,0,0,1,0,1,0,0,0
166,2025-05-14 19:00:00,3400.0,1,0,1,-1,1,0,0,0
167,2025-05-15 00:17:00,3407.7,1,0,1,-1,1,0,0,0
168,2025-05-15 07:18:00,3374.7,1,0,1,-1,1,0,0,0
169,2025-05-15 07:19:00,3374.7,1,0,1,-1,1,0,0,0
170,2025-05-20 14:42:00,3511.0,1,0,1,-1,1,0,0,0
171,2025-05-21 03:08:00,3528.1,0,1,1,1,1,0,0,0
171,2025-05-21 03:08:00,3528.2,0,1,1,1,1,0,0,0
172,2025-05-21 19:06:00,3550.1,0,1,1,1,1,0,0,0
173,2025-05-21 20:58:00,3545.5,2,0,2,-2,1,0,0,0
174,2025-05-23 13:15:00,3584.0,0,1,1,1,1,0,0,0
175,2025-05-23 15:09:00,3587.8,1,0,1,-1,1,0,0,0
176,2025-05-27 07:50:00,3535.0,1,0,1,-1,1,0,0,0
177,2025-05-27 15:39:00,3521.0,0,1,1,1,1,0,0,0
178,2025-05-27 19:41:00,3536.9,0,0,1,0,1,0,0,0
179,2025-05-27 20:00:00,3536.0,1,0,1,-1,1,0,0,0
180,2025-05-28 08:14:00,3550.0,0,0,1,0,1,0,0,0
181,2025-05-28 09:30:00,3552.2,0,1,1,1,1,0,0,0
182,2025-05-28 15:28:00,3526.0,0,0,1,0,1,0,0,0
183,2025-05-28 20:49:00,3520.0,1,0,1,-1,1,0,0,0
184,2025-05-29 01:16:00,3477.7,1,0,1,-1,1,0,0,0
185,2025-05-29 08:39:00,3505.0,1,0,1,-1,1,0,0,0
186,2025-05-29 12:16:00,3531.0,0,0,1,0,1,0,0,0
187,2025-05-29 12:24:00,3535.6,0,0,1,0,1,0,0,0
188,2025-05-29 12:35:00,3538.9,0,1,1,1,1,0,0,0
189,2025-05-29 12:59:00,3540.2,0,1,1,1,1,0,0,0
190,2025-06-02 06:02:00,3545.1,0,1,1,1,1,0,0,0
191,2025-06-02 18:42:00,3602.0,0,1,1,1,1,0,0,0
192,2025-06-03 00:17:00,3607.6,0,1,1,1,1,0,0,0
193,2025-06-04 14:37:00,3600.0,0,0,1,0,1,0,0,0
194,2025-06-05 13:24:00,3603.2,0,1,1,1,1,0,0,0
195,2025-06-06 01:06:00,3584.2,0,1,1,1,1,0,0,0
196,2025-06-06 01:25:00,3588.0,0,0,1,0,1,0,0,0
197,2025-06-06 14:18:00,3550.0,0,0,1,0,1,0,0,0
198,2025-06-09 00:14:00,3534.1,0,2,2,2,1,0,0,0
199,2025-06-11 15:21:00,3561.5,0,0,1,0,1,0,0,0
200,2025-06-11 22:55:00,3587.1,0,1,1,1,1,0,0,0
201,2025-06-11 23:21:00,3587.7,0,1,1,1,1,0,0,0
201,2025-06-11 23:21:00,3587.8,0,1,1,1,1,0,0,0
202,2025-06-12 08:14:00,3571.3,0,1,1,1,1,0,0,0
203,2025-06-12 10:28:00,3595.0,0,0,1,0,1,0,0,0
204,2025-06-12 15:18:00,3595.9,0,1,1,1,1,0,0,0
204,2025-06-12 15:18:00,3596.2,1,0,1,-1,1,0,0,0
205,2025-06-13 07:19:00,3631.7,0,0,1,0,1,0,0,0
206,2025-06-13 13:21:00,3660.0,0,0,1,0,1,0,0,0
207,2025-06-13 19:48:00,3653.2,0,1,1,1,1,0,0,0
208,2025-06-16 00:52:00,3655.0,0,0,1,0,1,0,0,0
209,2025-06-16 02:35:00,3658.2,1,0,1,-1,1,0,0,0
210,2025-06-16 14:51:00,3614.3,0,0,1,0,1,0,0,0
211,2025-06-16 15:09:00,3620.0,0,1,1,1,1,0,0,0
212,2025-06-16 16:22:00,3616.5,1,0,1,-1,1,0,0,0
213,2025-06-17 00:13:00,3621.4,0,1,1,1,1,0,0,0
214,2025-06-17 03:05:00,3603.3,0,1,1,1,1,0,0,0
215,2025-06-17 14:57:00,3601.0,0,1,1,1,1,0,0,0
216,2025-06-17 17:21:00,3607.0,0,0,1,0,1,0,0,0
217,2025-06-17 22:23:00,3611.6,0,1,1,1,1,0,0,0
218,2025-06-18 09:25:00,3602.0,0,1,1,1,1,0,0,0
219,2025-06-18 10:45:00,3596.4,1,0,1,-1,1,0,0,0
220,2025-06-18 19:07:00,3593.1,0,0,1,0,1,0,0,0
221,2025-06-18 23:53:00,3591.6,0,1,1,1,1,0,0,0
222,2025-06-20 07:52:00,3564.5,0,1,1,1,1,0,0,0
223,2025-06-20 08:32:00,3565.0,0,0,1,0,1,0,0,0
224,2025-06-22 22:10:00,3593.0,1,0,1,-1,1,0,0,0
225,2025-06-22 22:54:00,3597.0,0,0,1,0,1,0,0,0
226,2025-06-24 13:49:00,3507.0,1,0,1,-1,1,0,0,0
227,2025-06-24 14:09:00,3519.0,0,0,1,0,1,0,0,0
228,2025-06-24 15:26:00,3520.0,0,0,1,0,1,0,0,0
229,2025-06-25 00:30:00,3540.0,0,1,1,1,1,0,0,0
230,2025-06-25 08:01:00,3545.0,1,0,1,-1,1,0,0,0
231,2025-06-25 16:38:00,3543.0,0,1,1,1,1,0,0,0
232,2025-06-25 17:29:00,3541.8,1,0,1,-1,1,0,0,0
233,2025-06-25 17:48:00,3540.0,1,0,1,-1,1,0,0,0
234,2025-06-26 12:36:00,3545.1,0,0,1,0,1,0,0,0
235,2025-06-30 11:01:00,3489.0,0,1,1,1,1,0,0,0
236,2025-06-30 20:06:00,3513.8,1,0,1,-1,1,0,0,0
237,2025-06-30 22:52:00,3521.4,0,1,1,1,1,0,0,0
238,2025-07-01 00:24:00,3520.0,1,0,1,-1,1,0,0,0
239,2025-07-01 01:12:00,3527.0,1,0,1,-1,1,0,0,0
240,2025-07-01 12:20:00,3561.0,0,0,1,0,1,0,0,0
241,2025-07-01 13:45:00,3551.2,1,0,1,-1,1,0,0,0
242,2025-07-02 12:54:00,3558.1,0,1,1,1,1,0,0,0
243,2025-07-03 09:35:00,3556.2,1,0,1,-1,1,0,0,0
244,2025-07-03 13:15:00,3537.6,0,1,1,1,1,0,0,0
245,2025-07-04 11:08:00,3547.1,0,1,1,1,1,0,0,0
246,2025-07-04 14:00:00,3538.4,0,1,1,1,1,0,0,0
247,2025-07-07 11:55:00,3511.9,1,0,1,-1,1,0,0,0
248,2025-07-08 15:01:00,3505.2,0,1,1,1,1,0,0,0
249,2025-07-10 09:11:00,3536.7,0,1,1,1,1,0,0,0
250,2025-07-10 15:46:00,3527.0,2,0,2,-2,1,0,0,0
251,2025-07-11 14:11:00,3566.0,1,0,1,-1,1,0,0,0
252,2025-07-14 07:02:00,3581.0,1,0,1,-1,1,0,0,0
253,2025-07-14 07:07:00,3582.0,1,0,1,-1,1,0,0,0
254,2025-07-15 01:59:00,3555.1,1,0,1,-1,1,0,0,0
255,2025-07-15 03:22:00,3566.0,1,0,1,-1,1,0,0,0
256,2025-07-15 16:08:00,3534.0,1,0,1,-1,1,0,0,0
257,2025-07-15 17:53:00,3534.0,1,0,1,-1,1,0,0,0
258,2025-07-16 05:51:00,3545.1,0,1,1,1,1,0,0,0
259,2025-07-16 07:46:00,3541.8,1,1,2,0,2,0,0,0
260,2025-07-17 07:57:00,3531.6,0,1,1,1,1,0,0,0
261,2025-07-17 08:21:00,3533.6,0,2,2,2,1,0,0,0
262,2025-07-17 12:22:00,3530.2,1,0,1,-1,1,0,0,0
263,2025-07-21 11:30:00,3582.0,0,0,1,0,1,0,0,0
264,2025-07-21 13:59:00,3603.0,0,0,1,0,1,0,0,0
265,2025-07-21 14:33:00,3616.0,0,1,1,1,1,0,0,0
266,2025-07-22 12:32:00,3615.8,0,0,1,0,1,0,0,0
267,2025-07-22 13:32:00,3634.8,0,1,1,1,1,0,0,0
268,2025-07-22 14:14:00,3631.3,1,0,1,-1,1,0,0,0
269,2025-07-22 14:55:00,3644.5,0,1,1,1,1,0,0,0
270,2025-07-22 15:35:00,3644.0,0,1,1,1,1,0,0,0
271,2025-07-22 17:21:00,3648.8,0,1,1,1,1,0,0,0
272,2025-07-22 18:16:00,3649.0,0,1,1,1,1,0,0,0
273,2025-07-22 20:18:00,3648.4,2,0,2,-2,2,0,0,0
274,2025-07-22 23:36:00,3647.0,1,0,1,-1,1,0,0,0
275,2025-07-23 15:56:00,3617.7,0,0,1,0,1,0,0,0
276,2025-07-24 11:11:00,3570.3,0,0,1,0,1,0,0,0
277,2025-07-24 13:48:00,3574.6,1,0,1,-1,1,0,0,0
278,2025-07-25 09:10:00,3547.8,1,0,1,-1,1,0,0,0
279,2025-07-25 09:15:00,3551.9,0,1,1,1,1,0,0,0
280,2025-07-28 17:43:00,3508.2,1,0,1,-1,1,0,0,0
281,2025-07-29 13:31:00,3518.0,0,0,1,0,1,0,0,0
282,2025-07-29 15:39:00,3522.0,0,1,1,1,1,0,0,0
283,2025-07-30 11:21:00,3528.0,0,1,1,1,1,0,0,0
284,2025-07-30 12:01:00,3528.9,1,0,1,-1,1,0,0,0
285,2025-07-30 18:50:00,3480.2,1,0,1,-1,1,0,0,0
286,2025-07-30 19:03:00,3472.5,0,0,1,0,1,0,0,0
287,2025-07-30 19:17:00,3469.9,1,0,1,-1,1,0,0,0
288,2025-07-30 20:56:00,3471.1,0,1,1,1,1,0,0,0
289,2025-07-30 22:21:00,3470.7,1,0,1,-1,1,0,0,0
290,2025-08-01 12:44:00,3538.0,0,1,1,1,1,0,0,0
291,2025-08-01 19:49:00,3553.0,0,1,1,1,1,0,0,0
292,2025-08-04 08:34:00,3550.8,0,2,2,2,1,0,0,0
292,2025-08-04 08:34:00,3551.0,3,0,4,-3,3,0,0,0
293,2025-08-04 08:35:00,3551.0,4,0,4,-4,1,0,0,0
294,2025-08-04 08:37:00,3551.0,0,6,6,6,1,0,0,0
295,2025-08-04 08:38:00,3551.0,0,1,1,1,1,0,0,0
296,2025-08-04 08:42:00,3551.0,0,1,1,1,1,0,0,0
297,2025-08-04 08:49:00,3551.0,0,3,3,3,3,0,0,0
298,2025-08-04 08:54:00,3551.0,0,0,2,0,1,0,0,0
299,2025-08-04 12:11:00,3561.5,0,0,1,0,1,0,0,0
300,2025-08-08 13:10:00,3614.2,1,0,1,-1,1,0,0,0
301,2025-08-11 11:35:00,3544.0,0,1,1,1,1,0,0,0
302,2025-08-11 12:28:00,3543.0,1,0,1,-1,1,0,0,0
303,2025-08-12 08:30:00,3542.0,0,1,1,1,1,0,0,0
304,2025-08-12 11:44:00,3535.4,0,1,1,1,1,0,0,0
305,2025-08-12 12:15:00,3535.0,1,0,1,-1,1,0,0,0
306,2025-08-12 13:55:00,3538.7,0,1,1,1,1,0,0,0
307,2025-08-12 16:40:00,3543.0,0,3,3,3,3,0,0,0
308,2025-08-12 16:43:00,3543.0,3,0,3,-3,1,0,0,0
309,2025-08-12 16:46:00,3542.0,0,0,1,0,1,0,0,0
310,2025-08-12 16:47:00,3541.9,0,1,1,1,1,0,0,0
311,2025-08-12 16:48:00,3542.3,0,2,2,2,1,0,0,0
311,2025-08-12 16:48:00,3542.4,0,1,1,1,1,0,0,0
312,2025-08-12 16:51:00,3542.8,0,2,2,2,1,0,0,0
313,2025-08-12 17:25:00,3544.0,1,0,1,-1,1,0,0,0
314,2025-08-12 17:26:00,3543.0,3,0,3,-3,1,0,0,0
315,2025-08-12 19:44:00,3543.0,0,0,1,0,1,0,0,0
316,2025-08-14 12:30:00,3535.0,0,0,1,0,1,0,0,0
317,2025-08-15 11:09:00,3525.0,1,0,1,-1,1,0,0,0
318,2025-08-18 01:41:00,3530.0,0,0,1,0,1,0,0,0
319,2025-08-18 13:53:00,3524.0,1,0,1,-1,1,0,0,0
320,2025-08-19 16:52:00,3500.0,1,0,1,-1,1,0,0,0
321,2025-08-19 17:29:00,3498.8,0,1,1,1,1,0,0,0
322,2025-08-20 14:47:00,3530.0,0,1,1,1,1,0,0,0
323,2025-08-21 15:53:00,3529.8,0,1,1,1,1,0,0,0
324,2025-08-22 02:51:00,3518.1,0,1,1,1,1,0,0,0
325,2025-08-22 05:36:00,3514.0,0,1,1,1,1,0,0,0
326,2025-08-22 05:51:00,3515.0,0,1,1,1,1,0,0,0
327,2025-08-22 12:12:00,3508.0,0,0,1,0,1,0,0,0
328,2025-08-22 14:00:00,3520.0,0,1,1,1,1,0,0,0
329,2025-08-22 14:06:00,3539.0,0,1,1,1,1,0,0,0
330,2025-08-22 14:34:00,3557.9,0,0,1,0,1,0,0,0
331,2025-08-22 14:50:00,3561.0,0,1,1,1,1,0,0,0
332,2025-08-22 15:08:00,3562.0,1,0,1,-1,1,0,0,0
333,2025-08-24 22:27:00,3552.1,1,0,1,-1,1,0,0,0
334,2025-08-25 01:25:00,3551.7,0,1,1,1,1,0,0,0
335,2025-08-25 22:26:00,3551.0,1,0,1,-1,1,0,0,0
336,2025-08-25 23:14:00,3545.0,1,0,1,-1,1,0,0,0
337,2025-08-25 23:16:00,3543.3,1,0,2,-1,2,0,0,0
338,2025-08-26 04:17:00,3563.0,0,1,1,1,1,0,0,0
339,2025-08-26 15:35:00,3573.0,1,0,1,-1,1,0,0,0
340,2025-08-27 02:14:00,3579.0,1,0,1,-1,1,0,0,0
341,2025-08-27 16:48:00,3593.0,1,0,1,-1,1,0,0,0
342,2025-08-28 12:13:00,3610.0,0,0,1,0,1,0,0,0
343,2025-08-28 12:45:00,3605.0,1,0,1,-1,1,0,0,0
344,2025-08-28 16:28:00,3619.2,0,0,1,0,1,0,0,0
345,2025-08-29 12:13:00,3613.2,1,0,1,-1,1,0,0,0
346,2025-08-29 13:40:00,3628.0,0,1,1,1,1,0,0,0
347,2025-08-29 19:50:00,3661.1,0,1,1,1,1,0,0,0
348,2025-09-01 01:48:00,3664.0,1,0,1,-1,1,0,0,0
349,2025-09-01 02:07:00,3684.0,0,1,1,1,1,0,0,0
350,2025-09-01 02:41:00,3692.8,0,1,1,1,1,0,0,0
351,2025-09-01 02:49:00,3697.0,1,0,1,-1,1,0,0,0
352,2025-09-01 04:50:00,3693.0,1,0,1,-1,1,0,0,0
353,2025-09-01 05:18:00,3694.0,0,1,1,1,1,0,0,0
354,2025-09-01 05:31:00,3696.0,0,1,1,1,1,0,0,0
355,2025-09-01 05:44:00,3693.0,1,0,1,-1,1,0,0,0
356,2025-09-01 07:52:00,3692.1,1,0,1,-1,1,0,0,0
357,2025-09-02 04:39:00,3711.9,0,1,1,1,1,0,0,0
358,2025-09-02 06:00:00,3709.0,0,1,2,1,2,0,0,0
359,2025-09-02 12:39:00,3688.0,1,0,1,-1,1,0,0,0
360,2025-09-02 14:08:00,3705.0,0,0,1,0,1,0,0,0
361,2025-09-02 14:41:00,3713.8,0,0,1,0,1,0,0,0
362,2025-09-02 15:06:00,3725.0,0,1,1,1,1,0,0,0
363,2025-09-02 15:55:00,3730.8,1,0,2,-1,2,0,0,0
364,2025-09-02 16:34:00,3740.0,2,0,2,-2,1,0,0,0
365,2025-09-02 16:38:00,3740.0,1,0,1,-1,1,0,0,0
366,2025-09-02 16:39:00,3740.0,1,0,1,-1,1,0,0,0
367,2025-09-02 20:36:00,3750.0,0,0,1,0,1,0,0,0
368,2025-09-03 00:20:00,3750.0,0,1,1,1,1,0,0,0
369,2025-09-03 13:37:00,3765.3,0,1,1,1,1,0,0,0
370,2025-09-03 16:43:00,3780.7,0,0,1,0,1,0,0,0
371,2025-09-03 19:06:00,3776.3,1,0,1,-1,1,0,0,0
372,2025-09-03 19:57:00,3769.1,0,3,3,3,1,0,0,0
373,2025-09-03 20:06:00,3770.0,0,3,3,3,3,0,0,0
374,2025-09-04 01:39:00,3753.0,0,0,1,0,1,0,0,0
375,2025-09-04 02:50:00,3734.9,1,0,1,-1,1,0,0,0
376,2025-09-04 03:09:00,3735.0,0,0,1,0,1,0,0,0
377,2025-09-04 08:00:00,3750.0,0,1,1,1,1,0,0,0
378,2025-09-04 10:22:00,3747.2,1,0,1,-1,1,0,0,0
378,2025-09-04 10:22:00,3748.0,0,1,1,1,1,0,0,0
379,2025-09-04 12:23:00,3756.4,0,0,1,0,1,0,0,0
380,2025-09-04 17:29:00,3754.2,0,1,1,1,1,0,0,0
381,2025-09-05 12:38:00,3787.6,1,0,1,-1,1,0,0,0
382,2025-09-05 12:39:00,3791.0,0,1,1,1,1,0,0,0
383,2025-09-05 12:42:00,3785.6,0,0,1,0,1,0,0,0
384,2025-09-05 13:46:00,3792.2,0,1,1,1,1,0,0,0
385,2025-09-05 14:10:00,3796.8,0,1,1,1,1,0,0,0
386,2025-09-05 15:41:00,3794.0,0,1,1,1,1,0,0,0
387,2025-09-05 17:15:00,3797.1,0,1,1,1,1,0,0,0
388,2025-09-05 17:22:00,3800.3,0,1,1,1,1,0,0,0
389,2025-09-07 22:15:00,3777.6,0,1,2,1,2,0,0,0
390,2025-09-07 23:13:00,3775.5,0,0,1,0,1,0,0,0
391,2025-09-08 00:05:00,3774.0,0,1,1,1,1,0,0,0
392,2025-09-08 00:47:00,3775.5,1,0,1,-1,1,0,0,0
393,2025-09-08 04:02:00,3770.0,0,0,1,0,1,0,0,0
393,2025-09-08 04:02:00,3772.0,0,0,2,0,2,0,0,0
394,2025-09-08 04:31:00,3770.7,2,0,2,-2,2,0,0,0
395,2025-09-08 12:24:00,3799.0,0,1,1,1,1,0,0,0
396,2025-09-08 12:32:00,3803.0,0,0,4,0,2,0,0,0
397,2025-09-08 13:04:00,3810.4,0,1,1,1,1,0,0,0
398,2025-09-08 14:08:00,3822.0,0,1,1,1,1,0,0,0
399,2025-09-09 07:27:00,3833.1,1,0,1,-1,1,0,0,0
399,2025-09-09 07:27:00,3833.5,1,0,1,-1,1,0,0,0
399,2025-09-09 07:27:00,3833.6,1,0,1,-1,1,0,0,0
399,2025-09-09 07:27:00,3833.7,1,0,1,-1,1,0,0,0
400,2025-09-09 15:15:00,3818.3,1,0,1,-1,1,0,0,0
401,2025-09-09 16:15:00,3834.6,0,1,1,1,1,0,0,0
402,2025-09-09 18:47:00,3825.0,0,1,3,1,3,0,0,0
403,2025-09-09 19:23:00,3819.9,0,0,1,0,1,0,0,0
404,2025-09-09 19:44:00,3816.8,1,0,1,-1,1,0,0,0
405,2025-09-10 04:02:00,3821.0,0,1,1,1,1,0,0,0
406,2025-09-10 10:50:00,3841.0,0,1,1,1,1,0,0,0
407,2025-09-10 11:53:00,3834.0,0,0,1,0,1,0,0,0
408,2025-09-10 14:38:00,3839.2,1,0,1,-1,1,0,0,0
409,2025-09-10 15:04:00,3830.0,0,0,1,0,1,0,0,0
410,2025-09-10 15:24:00,3827.0,0,0,1,0,1,0,0,0
411,2025-09-10 17:32:00,3830.0,0,0,1,0,1,0,0,0
412,2025-09-10 19:58:00,3827.2,0,0,3,0,3,0,0,0
413,2025-09-10 20:08:00,3826.0,0,0,3,0,1,0,0,0
414,2025-09-11 05:32:00,3811.0,0,0,1,0,1,0,0,0
415,2025-09-11 09:15:00,3800.0,0,0,1,0,1,0,0,0
416,2025-09-11 12:36:00,3825.0,0,0,1,0,1,0,0,0
417,2025-09-11 12:39:00,3820.0,0,0,1,0,1,0,0,0
418,2025-09-11 12:46:00,3815.0,1,0,1,-1,1,0,0,0
419,2025-09-11 16:13:00,3825.0,0,0,1,0,1,0,0,0
420,2025-09-11 16:57:00,3820.5,0,1,1,1,1,0,0,0
421,2025-09-11 16:58:00,3820.0,0,0,1,0,1,0,0,0
422,2025-09-11 16:59:00,3820.0,0,0,1,0,1,0,0,0
423,2025-09-11 17:08:00,3817.5,0,1,1,1,1,0,0,0
424,2025-09-12 01:31:00,3828.2,0,1,1,1,1,0,0,0
425,2025-09-12 02:11:00,3831.8,0,1,1,1,1,0,0,0
426,2025-09-12 05:17:00,3840.0,0,0,1,0,1,0,0,0
427,2025-09-12 07:58:00,3831.5,0,0,1,0,1,0,0,0
428,2025-09-12 08:05:00,3834.1,0,1,1,1,1,0,0,0
429,2025-09-12 10:29:00,3834.9,1,0,1,-1,1,0,0,0
429,2025-09-12 10:29:00,3835.0,1,0,1,-1,1,0,0,0
430,2025-09-12 10:58:00,3835.0,0,0,1,0,1,0,0,0
431,2025-09-12 12:09:00,3828.0,0,0,1,0,1,0,0,0
432,2025-09-12 13:41:00,3835.0,0,0,1,0,1,0,0,0
433,2025-09-12 14:47:00,3832.0,0,0,1,0,1,0,0,0
434,2025-09-12 15:59:00,3826.5,0,0,1,0,1,0,0,0
435,2025-09-12 16:18:00,3828.0,0,0,1,0,1,0,0,0
436,2025-09-12 20:08:00,3828.0,0,0,1,0,1,0,0,0
437,2025-09-15 03:01:00,3824.0,0,0,5,0,1,0,0,0
438,2025-09-15 05:43:00,3828.0,0,1,1,1,1,0,0,0
439,2025-09-15 12:09:00,3825.6,1,1,5,0,4,0,0,0
440,2025-09-15 12:10:00,3825.2,0,1,1,1,1,0,0,0
440,2025-09-15 12:10:00,3825.3,0,2,2,2,1,0,0,0
440,2025-09-15 12:10:00,3825.4,0,2,2,2,1,0,0,0
441,2025-09-15 14:11:00,3844.5,0,1,1,1,1,0,0,0
442,2025-09-15 14:57:00,3848.0,0,0,1,0,1,0,0,0
443,2025-09-15 15:10:00,3849.8,1,0,1,-1,1,0,0,0
444,2025-09-15 17:37:00,3867.8,0,0,1,0,1,0,0,0
445,2025-09-16 01:51:00,3863.4,0,2,2,2,1,0,0,0
446,2025-09-16 07:04:00,3877.9,0,1,1,1,1,0,0,0
447,2025-09-16 09:59:00,3883.0,0,0,1,0,1,0,0,0
448,2025-09-16 10:48:00,3878.6,2,0,2,-2,1,0,0,0
449,2025-09-16 11:19:00,3876.0,0,0,1,0,1,0,0,0
450,2025-09-16 13:06:00,3869.9,0,1,1,1,1,0,0,0
451,2025-09-16 13:12:00,3871.2,1,0,1,-1,1,0,0,0
452,2025-09-16 13:35:00,3880.0,0,1,1,1,1,0,0,0
453,2025-09-16 13:39:00,3882.1,1,0,1,-1,1,0,0,0
454,2025-09-16 14:31:00,3876.0,0,0,1,0,1,0,0,0
455,2025-09-16 14:43:00,3873.0,0,0,1,0,1,0,0,0
456,2025-09-16 14:50:00,3873.0,0,0,1,0,1,0,0,0
457,2025-09-16 15:06:00,3865.0,0,0,1,0,1,0,0,0
458,2025-09-17 00:52:00,3874.5,1,0,1,-1,1,0,0,0
458,2025-09-17 00:52:00,3874.7,1,0,1,-1,1,0,0,0
458,2025-09-17 00:52:00,3875.0,2,0,2,-2,1,0,0,0
459,2025-09-17 01:28:00,3871.0,0,0,1,0,1,0,0,0
460,2025-09-17 01:38:00,3860.0,0,0,1,0,1,0,0,0
461,2025-09-17 02:38:00,3860.0,0,0,1,0,1,0,0,0
462,2025-09-17 10:12:00,3846.0,0,0,1,0,1,0,0,0
463,2025-09-17 10:32:00,3849.0,0,0,1,0,1,0,0,0
464,2025-09-17 11:52:00,3850.0,0,0,1,0,1,0,0,0
465,2025-09-17 12:31:00,3854.0,0,0,1,0,1,0,0,0
466,2025-09-17 12:38:00,3856.0,0,0,1,0,1,0,0,0
467,2025-09-17 15:12:00,3867.8,0,0,1,0,1,0,0,0
468,2025-09-17 15:44:00,3867.0,0,0,1,0,1,0,0,0
469,2025-09-17 18:01:00,3840.0,0,0,1,0,1,0,0,0
469,2025-09-17 18:01:00,3841.6,0,0,3,0,2,0,0,0
470,2025-09-17 18:08:00,3885.0,0,0,1,0,1,0,0,0
471,2025-09-17 18:20:00,3871.7,0,2,2,2,1,0,0,0
471,2025-09-17 18:20:00,3871.8,0,1,1,1,1,0,0,0
472,2025-09-17 18:32:00,3860.0,0,0,1,0,1,0,0,0
473,2025-09-17 18:44:00,3841.9,0,1,1,1,1,0,0,0
474,2025-09-17 18:51:00,3832.6,1,0,1,-1,1,0,0,0
475,2025-09-17 18:55:00,3830.1,0,1,2,1,2,0,0,0
476,2025-09-17 19:35:00,3846.3,0,1,1,1,1,0,0,0
477,2025-09-17 23:27:00,3850.0,0,1,1,1,1,0,0,0
478,2025-09-18 01:19:00,3836.0,0,0,1,0,1,0,0,0
479,2025-09-18 02:06:00,3841.0,0,0,1,0,1,0,0,0
480,2025-09-18 06:39:00,3815.6,1,0,1,-1,1,0,0,0
481,2025-09-18 06:56:00,3817.0,0,0,1,0,1,0,0,0
482,2025-09-18 07:41:00,3835.1,0,1,1,1,1,0,0,0
483,2025-09-18 07:49:00,3839.0,0,0,1,0,1,0,0,0
484,2025-09-18 12:24:00,3850.9,0,0,2,0,2,0,0,0
485,2025-09-18 12:42:00,3848.4,0,0,1,0,1,0,0,0
486,2025-09-18 13:24:00,3834.4,0,0,2,0,1,0,0,0
487,2025-09-18 13:39:00,3820.0,0,0,1,0,1,0,0,0
488,2025-09-18 13:45:00,3806.5,1,0,1,-1,1,0,0,0
488,2025-09-18 13:45:00,3807.5,0,1,1,1,1,0,0,0
489,2025-09-18 13:46:00,3811.5,0,1,3,1,2,0,0,0
490,2025-09-18 13:52:00,3820.3,0,1,1,1,1,0,0,0
491,2025-09-18 13:55:00,3814.0,1,0,1,-1,1,0,0,0
492,2025-09-18 13:58:00,3819.3,0,0,1,0,1,0,0,0
493,2025-09-18 14:04:00,3825.0,0,1,1,1,1,0,0,0
494,2025-09-18 14:14:00,3821.1,0,1,1,1,1,0,0,0
495,2025-09-18 23:16:00,3819.9,0,1,1,1,1,0,0,0
496,2025-09-19 02:14:00,3825.0,0,0,1,0,1,0,0,0
497,2025-09-19 02:23:00,3824.0,0,0,1,0,1,0,0,0
498,2025-09-19 07:20:00,3830.0,1,0,1,-1,1,0,0,0
499,2025-09-19 13:56:00,3840.0,0,0,1,0,1,0,0,0
500,2025-09-22 06:25:00,3885.1,0,0,1,0,1,0,0,0
501,2025-09-22 12:19:00,3900.0,0,0,2,0,2,0,0,0
502,2025-09-22 12:27:00,3895.0,0,0,1,0,1,0,0,0
503,2025-09-22 12:44:00,3896.3,0,0,1,0,1,0,0,0
503,2025-09-22 12:44:00,3897.5,0,0,1,0,1,0,0,0
504,2025-09-22 12:45:00,3897.1,0,0,1,0,1,0,0,0
504,2025-09-22 12:45:00,3897.7,0,0,1,0,1,0,0,0
505,2025-09-22 12:48:00,3898.8,0,0,1,0,1,0,0,0
506,2025-09-22 12:49:00,3899.7,0,0,1,0,1,0,0,0
506,2025-09-22 12:49:00,3900.8,0,0,1,0,1,0,0,0
507,2025-09-22 12:50:00,3902.0,0,0,1,0,1,0,0,0
508,2025-09-22 12:51:00,3903.5,0,0,1,0,1,0,0,0
509,2025-09-22 13:00:00,3903.3,0,0,1,0,1,0,0,0
510,2025-09-22 13:01:00,3904.0,0,0,1,0,1,0,0,0
511,2025-09-22 13:02:00,3905.0,0,0,1,0,1,0,0,0
512,2025-09-22 14:05:00,3900.8,0,1,1,1,1,0,0,0
513,2025-09-22 14:55:00,3908.2,0,0,1,0,1,0,0,0
514,2025-09-22 15:37:00,3912.8,1,0,1,-1,1,0,0,0
515,2025-09-22 15:41:00,3914.6,0,0,1,0,1,0,0,0
516,2025-09-22 15:49:00,3917.0,0,0,3,0,2,0,0,0
517,2025-09-22 15:50:00,3917.0,0,0,1,0,1,0,0,0
518,2025-09-22 15:51:00,3917.3,0,0,1,0,1,0,0,0
519,2025-09-22 15:52:00,3917.0,0,0,1,0,1,0,0,0
520,2025-09-22 15:55:00,3917.0,0,0,1,0,1,0,0,0
521,2025-09-22 15:59:00,3917.9,0,0,1,0,1,0,0,0
522,2025-09-22 16:04:00,3919.4,0,0,1,0,1,0,0,0
523,2025-09-23 12:33:00,3964.5,0,2,2,2,1,0,0,0
523,2025-09-23 12:33:00,3964.6,1,2,3,1,2,0,0,0
523,2025-09-23 12:33:00,3964.7,0,0,6,0,4,0,0,0
524,2025-09-23 12:43:00,3966.7,0,1,1,1,1,0,0,0
525,2025-09-23 12:44:00,3966.6,0,1,1,1,1,0,0,0
526,2025-09-23 12:55:00,3967.5,0,1,1,1,1,0,0,0
527,2025-09-23 14:21:00,3950.0,0,0,1,0,1,0,0,0
528,2025-09-23 16:40:00,3952.3,0,1,1,1,1,0,0,0
529,2025-09-23 17:29:00,3965.7,0,1,1,1,1,0,0,0
530,2025-09-24 02:57:00,3941.0,0,0,1,0,1,0,0,0
531,2025-09-24 11:08:00,3944.6,0,1,1,1,1,0,0,0
532,2025-09-24 11:09:00,3943.9,1,0,1,-1,1,0,0,0
533,2025-09-24 12:12:00,3952.9,0,1,1,1,1,0,0,0
534,2025-09-24 12:15:00,3951.4,0,1,1,1,1,0,0,0
535,2025-09-24 15:53:00,3928.0,0,1,4,1,3,0,0,0
536,2025-09-24 17:29:00,3918.7,0,1,1,1,1,0,0,0
537,2025-09-24 19:30:00,3902.0,0,0,1,0,1,0,0,0
538,2025-09-24 22:23:00,3925.0,0,0,1,0,1,0,0,0
539,2025-09-24 22:31:00,3925.4,0,0,1,0,1,0,0,0
540,2025-09-24 22:38:00,3921.6,1,0,1,-1,1,0,0,0
541,2025-09-24 23:49:00,3926.4,0,0,1,0,1,0,0,0
542,2025-09-25 00:27:00,3931.0,0,1,1,1,1,0,0,0
543,2025-09-25 01:01:00,3930.0,0,0,1,0,1,0,0,0
544,2025-09-25 11:52:00,3933.7,0,0,1,0,1,0,0,0
545,2025-09-25 12:36:00,3925.0,0,0,1,0,1,0,0,0
546,2025-09-25 15:21:00,3920.4,0,0,1,0,1,0,0,0
547,2025-09-25 15:27:00,3916.0,0,2,2,2,1,0,0,0
548,2025-09-25 15:40:00,3917.1,0,1,1,1,1,0,0,0
549,2025-09-25 17:29:00,3927.9,0,1,1,1,1,0,0,0
550,2025-09-25 19:06:00,3942.1,0,1,1,1,1,0,0,0
550,2025-09-25 19:06:00,3942.2,0,1,1,1,1,0,0,0
551,2025-09-25 19:11:00,3942.2,0,2,2,2,1,0,0,0
552,2025-09-25 19:14:00,3941.9,0,2,2,2,1,0,0,0
553,2025-09-25 19:54:00,3933.9,0,1,1,1,1,0,0,0
554,2025-09-26 05:07:00,3930.7,0,1,1,1,1,0,0,0
555,2025-09-26 06:40:00,3934.8,0,1,1,1,1,0,0,0
556,2025-09-26 07:08:00,3926.4,1,0,1,-1,1,0,0,0
557,2025-09-26 07:10:00,3926.6,0,1,1,1,1,0,0,0
558,2025-09-26 13:57:00,3945.6,0,0,1,0,1,0,0,0
559,2025-09-26 14:01:00,3950.0,0,0,1,0,1,0,0,0
560,2025-09-26 15:08:00,3960.0,0,0,1,0,1,0,0,0
561,2025-09-26 16:13:00,3963.0,0,0,1,0,1,0,0,0
562,2025-09-26 16:41:00,3962.0,0,0,5,0,2,0,0,0
563,2025-09-26 16:45:00,3963.0,0,1,1,1,1,0,0,0
564,2025-09-26 17:01:00,3961.0,0,0,1,0,1,0,0,0
565,2025-09-26 17:17:00,3965.0,0,0,1,0,1,0,0,0
566,2025-09-26 18:39:00,3965.3,0,1,5,1,3,0,0,0
567,2025-09-26 19:06:00,3960.0,1,0,1,-1,1,0,0,0
568,2025-09-26 20:24:00,3953.6,0,0,1,0,1,0,0,0
569,2025-09-26 20:41:00,3950.0,0,0,1,0,1,0,0,0
570,2025-09-28 22:13:00,3953.1,1,0,1,-1,1,0,0,0
571,2025-09-28 22:28:00,3953.0,0,0,1,0,1,0,0,0
572,2025-09-28 22:40:00,3955.0,0,0,1,0,1,0,0,0
573,2025-09-28 23:39:00,3954.7,0,1,2,1,2,0,0,0
574,2025-09-29 02:19:00,3973.7,0,0,1,0,1,0,0,0
575,2025-09-29 02:34:00,3979.1,0,1,1,1,1,0,0,0
576,2025-09-29 04:04:00,3980.5,0,1,1,1,1,0,0,0
577,2025-09-29 04:23:00,3983.1,1,0,1,-1,1,0,0,0
578,2025-09-29 04:30:00,3985.1,0,0,1,0,1,0,0,0
579,2025-09-29 04:38:00,3990.0,0,0,1,0,1,0,0,0
580,2025-09-29 05:17:00,3990.8,1,0,1,-1,1,0,0,0
580,2025-09-29 05:17:00,3991.9,0,1,1,1,1,0,0,0
581,2025-09-29 06:01:00,3996.9,0,0,1,0,1,0,0,0
582,2025-09-29 07:23:00,4001.4,0,1,1,1,1,0,0,0
583,2025-09-29 07:28:00,3999.9,0,0,1,0,1,0,0,0
584,2025-09-29 09:13:00,4002.3,1,0,1,-1,1,0,0,0
585,2025-09-29 09:33:00,3999.9,0,1,1,1,1,0,0,0
586,2025-09-29 10:12:00,3995.2,0,1,1,1,1,0,0,0
587,2025-09-29 10:32:00,4002.1,2,0,2,-2,1,0,0,0
587,2025-09-29 10:32:00,4002.2,1,0,1,-1,1,0,0,0
588,2025-09-29 11:28:00,4009.5,0,0,2,0,1,0,0,0
589,2025-09-29 11:32:00,4011.0,0,1,1,1,1,0,0,0
590,2025-09-29 11:44:00,4013.4,0,1,1,1,1,0,0,0
591,2025-09-29 11:47:00,4010.4,0,0,1,0,1,0,0,0
592,2025-09-29 11:49:00,4012.0,0,0,1,0,1,0,0,0
593,2025-09-29 12:16:00,4009.0,0,0,1,0,1,0,0,0
594,2025-09-29 13:34:00,4011.4,0,0,1,0,1,0,0,0
595,2025-09-29 13:55:00,4009.1,0,1,1,1,1,0,0,0
596,2025-09-29 13:56:00,4006.0,0,0,1,0,1,0,0,0
597,2025-09-29 14:36:00,4015.1,0,2,2,2,2,0,0,0
598,2025-09-29 14:47:00,4012.8,0,1,1,1,1,0,0,0
599,2025-09-29 18:38:00,4015.2,0,1,1,1,1,0,0,0
600,2025-09-30 01:36:00,4037.0,0,1,1,1,1,0,0,0
601,2025-09-30 01:39:00,4036.0,0,0,1,0,1,0,0,0
602,2025-09-30 02:01:00,4039.0,0,0,1,0,1,0,0,0
603,2025-09-30 02:04:00,4038.0,1,0,1,-1,1,0,0,0
604,2025-09-30 03:05:00,4033.6,0,1,1,1,1,0,0,0
605,2025-09-30 03:13:00,4040.0,0,1,1,1,1,0,0,0
606,2025-09-30 03:19:00,4041.2,0,1,1,1,1,0,0,0
607,2025-09-30 03:27:00,4045.0,0,1,1,1,1,0,0,0
608,2025-09-30 03:34:00,4046.2,1,0,1,-1,1,0,0,0
609,2025-09-30 03:49:00,4048.8,1,0,1,-1,1,0,0,0
610,2025-09-30 04:10:00,4051.6,0,1,1,1,1,0,0,0
611,2025-09-30 04:15:00,4049.3,0,1,1,1,1,0,0,0
612,2025-09-30 04:32:00,4051.7,0,1,1,1,1,0,0,0
613,2025-09-30 05:03:00,4054.5,0,0,1,0,1,0,0,0
614,2025-09-30 05:08:00,4050.7,0,1,1,1,1,0,0,0
615,2025-09-30 05:17:00,4054.0,0,0,1,0,1,0,0,0
616,2025-09-30 05:39:00,4053.0,0,0,1,0,1,0,0,0
617,2025-09-30 05:53:00,4055.0,0,0,1,0,1,0,0,0
618,2025-09-30 06:49:00,4052.8,0,1,1,1,1,0,0,0
619,2025-09-30 06:53:00,4044.7,0,1,1,1,1,0,0,0
620,2025-09-30 07:00:00,4045.3,0,1,1,1,1,0,0,0
621,2025-09-30 07:11:00,4040.0,0,0,1,0,1,0,0,0
622,2025-09-30 07:50:00,4032.2,1,0,1,-1,1,0,0,0
623,2025-09-30 08:20:00,4020.0,0,0,1,0,1,0,0,0
624,2025-09-30 08:35:00,4000.0,0,0,2,0,2,0,0,0
624,2025-09-30 08:35:00,4001.0,0,0,1,0,1,0,0,0
625,2025-09-30 08:36:00,4001.0,1,0,1,-1,1,0,0,0
626,2025-09-30 09:11:00,3995.0,0,0,1,0,1,0,0,0
627,2025-09-30 09:46:00,3978.7,1,0,1,-1,1,0,0,0
627,2025-09-30 09:46:00,3980.0,0,0,1,0,1,0,0,0
628,2025-09-30 09:50:00,3984.0,0,0,1,0,1,0,0,0
629,2025-09-30 09:51:00,3984.0,0,0,2,0,1,0,0,0
630,2025-09-30 10:33:00,3992.2,0,1,1,1,1,0,0,0
631,2025-09-30 12:58:00,4007.3,0,0,1,0,1,0,0,0
632,2025-09-30 13:17:00,4005.4,1,0,1,-1,1,0,0,0
633,2025-09-30 14:06:00,4019.0,0,0,1,0,1,0,0,0
634,2025-09-30 14:10:00,4027.7,0,1,1,1,1,0,0,0
635,2025-09-30 14:11:00,4026.8,0,1,1,1,1,0,0,0
636,2025-09-30 14:12:00,4032.3,0,0,1,0,1,0,0,0
637,2025-09-30 14:14:00,4031.2,1,0,1,-1,1,0,0,0
638,2025-09-30 14:25:00,4038.0,0,0,1,0,1,0,0,0
639,2025-09-30 15:00:00,4041.5,0,1,1,1,1,0,0,0
640,2025-09-30 15:01:00,4038.9,0,1,1,1,1,0,0,0
641,2025-09-30 15:09:00,4021.3,1,0,1,-1,1,0,0,0
642,2025-09-30 15:11:00,4025.0,0,2,11,2,10,0,0,0
643,2025-09-30 15:18:00,4019.2,0,0,5,0,4,0,0,0
644,2025-09-30 17:29:00,4033.4,0,1,1,1,1,0,0,0
645,2025-09-30 19:11:00,4037.3,0,1,1,1,1,0,0,0
646,2025-09-30 19:22:00,4041.1,0,1,1,1,1,0,0,0
647,2025-09-30 19:46:00,4042.1,0,1,1,1,1,0,0,0
648,2025-09-30 20:10:00,4038.9,1,0,1,-1,1,0,0,0
648,2025-09-30 20:10:00,4039.0,2,0,2,-2,1,0,0,0
648,2025-09-30 20:10:00,4039.1,1,0,1,-1,1,0,0,0
649,2025-09-30 20:50:00,4047.1,0,1,1,1,1,0,0,0
650,2025-09-30 22:00:00,4048.3,0,1,1,1,1,0,0,0
650,2025-09-30 22:00:00,4048.4,0,1,1,1,1,0,0,0
651,2025-09-30 22:05:00,4047.8,1,0,1,-1,1,0,0,0
652,2025-09-30 22:46:00,4048.0,0,0,1,0,1,0,0,0
653,2025-10-01 00:37:00,4048.3,0,1,1,1,1,0,0,0
654,2025-10-01 01:18:00,4051.0,0,0,1,0,1,0,0,0
655,2025-10-01 01:59:00,4057.1,0,2,2,2,1,0,0,0
655,2025-10-01 01:59:00,4057.2,0,1,1,1,1,0,0,0
655,2025-10-01 01:59:00,4057.3,0,2,2,2,1,0,0,0
655,2025-10-01 01:59:00,4057.7,0,1,1,1,1,0,0,0
656,2025-10-01 02:05:00,4062.1,0,2,2,2,1,0,0,0
657,2025-10-01 02:14:00,4060.0,0,0,1,0,1,0,0,0
658,2025-10-01 02:46:00,4054.4,0,3,3,3,1,0,0,0
658,2025-10-01 02:46:00,4054.5,0,1,1,1,1,0,0,0
658,2025-10-01 02:46:00,4054.7,4,0,6,-4,5,0,0,0
659,2025-10-01 04:08:00,4050.0,0,0,1,0,1,0,0,0
660,2025-10-01 06:50:00,4053.0,1,0,1,-1,1,0,0,0
661,2025-10-01 07:01:00,4051.1,0,1,1,1,1,0,0,0
662,2025-10-01 07:25:00,4058.7,1,0,1,-1,1,0,0,0
663,2025-10-01 07:40:00,4064.2,1,0,1,-1,1,0,0,0
664,2025-10-01 07:43:00,4059.1,1,0,1,-1,1,0,0,0
665,2025-10-01 07:51:00,4067.2,0,1,1,1,1,0,0,0
666,2025-10-01 07:52:00,4067.9,1,0,1,-1,1,0,0,0
667,2025-10-01 09:19:00,4080.0,0,0,1,0,1,0,0,0
668,2025-10-01 11:31:00,4071.6,1,0,1,-1,1,0,0,0
669,2025-10-01 11:32:00,4070.0,0,0,1,0,1,0,0,0
670,2025-10-01 12:11:00,4077.5,0,1,1,1,1,0,0,0
671,2025-10-01 12:41:00,4065.0,0,0,1,0,1,0,0,0
672,2025-10-01 12:45:00,4067.5,0,0,1,0,1,0,0,0
673,2025-10-01 12:47:00,4065.0,1,0,1,-1,1,0,0,0
673,2025-10-01 12:47:00,4066.4,0,0,1,0,1,0,0,0
674,2025-10-01 13:22:00,4060.0,0,0,1,0,1,0,0,0
675,2025-10-01 13:39:00,4063.4,0,1,1,1,1,0,0,0
676,2025-10-01 14:51:00,4061.9,0,1,1,1,1,0,0,0
677,2025-10-01 15:35:00,4053.5,1,0,1,-1,1,0,0,0
678,2025-10-01 15:53:00,4058.0,0,0,1,0,1,0,0,0
679,2025-10-01 16:33:00,4061.0,1,0,1,-1,1,0,0,0
680,2025-10-01 16:49:00,4060.5,0,1,1,1,1,0,0,0
681,2025-10-01 18:26:00,4053.3,0,2,2,2,1,0,0,0
681,2025-10-01 18:26:00,4053.4,0,2,2,2,1,0,0,0
681,2025-10-01 18:26:00,4053.5,0,1,1,1,1,0,0,0
681,2025-10-01 18:26:00,4053.7,0,1,1,1,1,0,0,0
681,2025-10-01 18:26:00,4053.9,0,1,1,1,1,0,0,0
681,2025-10-01 18:26:00,4054.1,0,1,1,1,1,0,0,0
681,2025-10-01 18:26:00,4054.4,0,1,1,1,1,0,0,0
681,2025-10-01 18:26:00,4054.5,0,4,4,4,1,0,0,0
681,2025-10-01 18:26:00,4054.6,0,1,1,1,1,0,0,0
681,2025-10-01 18:26:00,4055.0,0,2,2,2,1,0,0,0
681,2025-10-01 18:26:00,4055.1,0,2,2,2,1,0,0,0
681,2025-10-01 18:26:00,4055.5,0,1,1,1,1,0,0,0
681,2025-10-01 18:26:00,4055.9,0,1,1,1,1,0,0,0
681,2025-10-01 18:26:00,4056.0,0,5,5,5,1,0,0,0
681,2025-10-01 18:26:00,4056.4,0,1,1,1,1,0,0,0
681,2025-10-01 18:26:00,4056.8,0,2,2,2,1,0,0,0
681,2025-10-01 18:26:00,4057.8,0,1,1,1,1,0,0,0
681,2025-10-01 18:26:00,4058.2,0,2,2,2,1,0,0,0
681,2025-10-01 18:26:00,4058.3,6,0,9,-6,7,0,0,0
682,2025-10-01 22:00:00,4049.5,0,19,22,19,18,0,0,0
682,2025-10-01 22:00:00,4050.3,2,0,2,-2,1,0,0,0
682,2025-10-01 22:00:00,4050.5,1,0,1,-1,1,0,0,0
682,2025-10-01 22:00:00,4050.6,1,0,1,-1,1,0,0,0
682,2025-10-01 22:00:00,4050.9,2,0,2,-2,1,0,0,0
682,2025-10-01 22:00:00,4051.1,1,0,1,-1,1,0,0,0
682,2025-10-01 22:00:00,4052.8,1,0,1,-1,1,0,0,0
682,2025-10-01 22:00:00,4053.0,1,0,1,-1,1,0,0,0
682,2025-10-01 22:00:00,4053.5,2,0,2,-2,1,0,0,0
682,2025-10-01 22:00:00,4054.5,2,0,2,-2,1,0,0,0
683,2025-10-02 00:19:00,4047.8,0,1,1,1,1,0,0,0
684,2025-10-02 00:41:00,4044.8,1,0,1,-1,1,0,0,0
684,2025-10-02 00:41:00,4044.9,1,0,1,-1,1,0,0,0
685,2025-10-02 02:00:00,4053.2,0,2,2,2,1,0,0,0
686,2025-10-02 02:01:00,4053.7,0,1,1,1,1,0,0,0
686,2025-10-02 02:01:00,4054.0,0,2,2,2,1,0,0,0
686,2025-10-02 02:01:00,4054.1,0,1,1,1,1,0,0,0
687,2025-10-02 02:15:00,4057.1,0,1,1,1,1,0,0,0
687,2025-10-02 02:15:00,4057.2,0,1,1,1,1,0,0,0
688,2025-10-02 09:04:00,4063.7,0,0,1,0,1,0,0,0
689,2025-10-02 12:40:00,4074.0,0,0,1,0,1,0,0,0
690,2025-10-02 13:33:00,4081.2,0,1,1,1,1,0,0,0
691,2025-10-02 13:39:00,4071.1,0,2,2,2,1,0,0,0
691,2025-10-02 13:39:00,4071.2,0,1,1,1,1,0,0,0
691,2025-10-02 13:39:00,4071.6,0,1,1,1,1,0,0,0
691,2025-10-02 13:39:00,4071.8,0,1,1,1,1,0,0,0
691,2025-10-02 13:39:00,4072.0,0,1,1,1,1,0,0,0
692,2025-10-02 13:40:00,4071.2,0,0,1,0,1,0,0,0
693,2025-10-02 14:00:00,4062.7,1,0,1,-1,1,0,0,0
694,2025-10-02 14:43:00,4025.0,0,1,1,1,1,0,0,0
695,2025-10-02 14:56:00,4015.5,0,0,1,0,1,0,0,0
696,2025-10-02 15:22:00,4018.9,0,3,3,3,1,0,0,0
696,2025-10-02 15:22:00,4019.1,0,1,1,1,1,0,0,0
696,2025-10-02 15:22:00,4019.2,0,1,1,1,1,0,0,0
697,2025-10-02 15:38:00,4005.6,1,0,1,-1,1,0,0,0
697,2025-10-02 15:38:00,4006.8,1,0,1,-1,1,0,0,0
697,2025-10-02 15:38:00,4007.0,1,0,1,-1,1,0,0,0
697,2025-10-02 15:38:00,4007.2,1,0,1,-1,1,0,0,0
698,2025-10-02 16:48:00,4027.0,0,0,1,0,1,0,0,0
699,2025-10-02 17:01:00,4031.0,0,0,1,0,1,0,0,0
700,2025-10-02 17:09:00,4032.6,0,1,1,1,1,0,0,0
701,2025-10-02 17:17:00,4030.0,0,0,1,0,1,0,0,0
702,2025-10-02 17:29:00,4029.4,0,1,1,1,1,0,0,0
703,2025-10-02 18:05:00,4032.8,0,1,1,1,1,0,0,0
704,2025-10-02 19:02:00,4039.7,0,1,2,1,2,0,0,0
705,2025-10-02 19:13:00,4041.7,0,1,1,1,1,0,0,0
706,2025-10-02 19:24:00,4043.0,0,0,1,0,1,0,0,0
707,2025-10-02 19:28:00,4042.9,0,1,1,1,1,0,0,0
708,2025-10-02 19:41:00,4042.3,1,0,1,-1,1,0,0,0
709,2025-10-02 19:43:00,4041.9,1,0,1,-1,1,0,0,0
710,2025-10-02 23:38:00,4047.7,0,0,1,0,1,0,0,0
711,2025-10-03 02:00:00,4044.9,0,1,1,1,1,0,0,0
712,2025-10-03 03:23:00,4027.3,0,2,2,2,1,0,0,0
713,2025-10-03 03:34:00,4023.2,1,0,1,-1,1,0,0,0
714,2025-10-03 08:24:00,4046.3,1,0,1,-1,1,0,0,0
715,2025-10-03 11:14:00,4046.3,1,0,1,-1,1,0,0,0
715,2025-10-03 11:14:00,4046.7,1,0,1,-1,1,0,0,0
716,2025-10-03 12:57:00,4059.0,0,0,4,0,1,0,0,0
717,2025-10-03 12:58:00,4059.0,0,0,1,0,1,0,0,0
717,2025-10-03 12:58:00,4059.8,0,1,1,1,1,0,0,0
718,2025-10-03 13:23:00,4070.0,0,0,1,0,1,0,0,0
719,2025-10-03 13:30:00,4069.0,0,0,1,0,1,0,0,0
720,2025-10-03 13:31:00,4063.2,0,1,1,1,1,0,0,0
720,2025-10-03 13:31:00,4066.3,0,1,1,1,1,0,0,0
721,2025-10-03 13:45:00,4075.7,0,0,1,0,1,0,0,0
721,2025-10-03 13:45:00,4076.7,0,1,1,1,1,0,0,0
722,2025-10-03 14:39:00,4060.0,0,0,1,0,1,0,0,0
723,2025-10-03 14:40:00,4057.4,2,0,2,-2,1,0,0,0
723,2025-10-03 14:40:00,4057.5,1,0,1,-1,1,0,0,0
723,2025-10-03 14:40:00,4057.6,1,0,1,-1,1,0,0,0
723,2025-10-03 14:40:00,4057.7,1,0,1,-1,1,0,0,0
723,2025-10-03 14:40:00,4057.8,1,0,1,-1,1,0,0,0
723,2025-10-03 14:40:00,4058.1,1,0,1,-1,1,0,0,0
723,2025-10-03 14:40:00,4058.3,1,0,1,-1,1,0,0,0
723,2025-10-03 14:40:00,4058.4,1,0,1,-1,1,0,0,0
723,2025-10-03 14:40:00,4058.5,1,0,1,-1,1,0,0,0
723,2025-10-03 14:40:00,4058.6,2,0,2,-2,1,0,0,0
723,2025-10-03 14:40:00,4059.0,3,0,3,-3,1,0,0,0
724,2025-10-03 14:41:00,4058.9,2,0,2,-2,1,0,0,0
725,2025-10-03 15:24:00,4072.4,0,1,1,1,1,0,0,0
726,2025-10-03 15:25:00,4071.4,1,0,1,-1,1,0,0,0
727,2025-10-03 15:28:00,4075.0,0,1,1,1,1,0,0,0
727,2025-10-03 15:28:00,4075.1,0,0,1,0,1,0,0,0
728,2025-10-03 16:40:00,4068.0,0,0,1,0,1,0,0,0
729,2025-10-03 17:29:00,4071.7,0,1,1,1,1,0,0,0
730,2025-10-05 22:04:00,4077.3,1,0,1,-1,1,0,0,0
731,2025-10-05 22:05:00,4075.9,0,1,1,1,1,0,0,0
732,2025-10-05 22:06:00,4075.8,0,0,1,0,1,0,0,0
733,2025-10-05 22:45:00,4080.0,0,0,1,0,1,0,0,0
734,2025-10-05 23:03:00,4095.6,0,1,1,1,1,0,0,0
735,2025-10-05 23:31:00,4097.0,1,0,1,-1,1,0,0,0
736,2025-10-06 00:13:00,4092.4,1,0,1,-1,1,0,0,0
737,2025-10-06 00:31:00,4089.7,0,1,1,1,1,0,0,0
738,2025-10-06 00:47:00,4094.0,0,0,1,0,1,0,0,0
739,2025-10-06 01:48:00,4099.1,0,1,1,1,1,0,0,0
740,2025-10-06 02:07:00,4110.7,0,1,1,1,1,0,0,0
741,2025-10-06 02:14:00,4110.1,0,0,1,0,1,0,0,0
742,2025-10-06 02:15:00,4110.0,0,2,2,2,1,0,0,0
743,2025-10-06 02:18:00,4110.8,0,1,1,1,1,0,0,0
743,2025-10-06 02:18:00,4111.0,0,1,1,1,1,0,0,0
744,2025-10-06 03:14:00,4111.0,1,0,1,-1,1,0,0,0
745,2025-10-06 04:45:00,4127.3,0,1,1,1,1,0,0,0
746,2025-10-06 05:15:00,4127.0,0,0,1,0,1,0,0,0
747,2025-10-06 06:06:00,4111.0,0,0,2,0,1,0,0,0
748,2025-10-06 06:13:00,4112.8,0,0,1,0,1,0,0,0
749,2025-10-06 06:18:00,4115.3,0,1,1,1,1,0,0,0
750,2025-10-06 09:33:00,4128.1,1,0,1,-1,1,0,0,0
751,2025-10-06 09:48:00,4126.4,1,0,1,-1,1,0,0,0
751,2025-10-06 09:48:00,4126.5,0,0,1,0,1,0,0,0
752,2025-10-06 10:52:00,4132.3,0,1,1,1,1,0,0,0
753,2025-10-06 13:51:00,4135.0,0,1,1,1,1,0,0,0
754,2025-10-06 14:06:00,4130.0,0,0,1,0,1,0,0,0
755,2025-10-06 14:25:00,4134.8,0,0,1,0,1,0,0,0
756,2025-10-06 14:37:00,4142.4,0,1,1,1,1,0,0,0
757,2025-10-06 15:34:00,4142.0,0,0,1,0,1,0,0,0
758,2025-10-06 16:17:00,4138.7,0,1,1,1,1,0,0,0
759,2025-10-06 16:45:00,4142.0,0,0,1,0,1,0,0,0
760,2025-10-06 17:29:00,4143.9,0,1,1,1,1,0,0,0
760,2025-10-06 17:29:00,4144.2,0,1,1,1,1,0,0,0
760,2025-10-06 17:29:00,4144.3,0,1,1,1,1,0,0,0
760,2025-10-06 17:29:00,4144.5,0,1,1,1,1,0,0,0
761,2025-10-06 17:50:00,4148.8,0,0,2,0,2,0,0,0
762,2025-10-06 17:52:00,4149.4,0,0,2,0,2,0,0,0
763,2025-10-06 18:09:00,4150.0,0,0,1,0,1,0,0,0
764,2025-10-06 20:19:00,4152.8,0,2,2,2,1,0,0,0
764,2025-10-06 20:19:00,4153.1,0,2,2,2,1,0,0,0
765,2025-10-07 00:58:00,4155.0,1,0,1,-1,1,0,0,0
766,2025-10-07 01:00:00,4149.7,1,0,1,-1,1,0,0,0
766,2025-10-07 01:00:00,4152.4,1,0,1,-1,1,0,0,0
767,2025-10-07 07:34:00,4145.0,0,0,9,0,6,0,0,0
768,2025-10-07 07:58:00,4135.0,0,0,1,0,1,0,0,0
769,2025-10-07 08:04:00,4134.8,1,0,1,-1,1,0,0,0
770,2025-10-07 08:05:00,4133.6,1,0,1,-1,1,0,0,0
771,2025-10-07 09:06:00,4143.0,0,0,1,0,1,0,0,0
772,2025-10-07 10:57:00,4150.0,0,0,3,0,2,0,0,0
773,2025-10-07 11:39:00,4155.0,0,1,1,1,1,0,0,0
774,2025-10-07 12:46:00,4165.9,0,0,1,0,1,0,0,0
775,2025-10-07 12:54:00,4169.7,0,2,2,2,1,0,0,0
776,2025-10-07 12:58:00,4172.6,0,3,3,3,1,0,0,0
777,2025-10-07 12:59:00,4172.2,0,1,1,1,1,0,0,0
778,2025-10-07 13:04:00,4173.5,0,0,1,0,1,0,0,0
779,2025-10-07 13:09:00,4177.4,0,1,1,1,1,0,0,0
780,2025-10-07 13:12:00,4175.0,0,0,1,0,1,0,0,0
781,2025-10-07 13:30:00,4175.0,1,0,1,-1,1,0,0,0
782,2025-10-07 13:31:00,4170.0,0,0,1,0,1,0,0,0
783,2025-10-07 13:50:00,4172.5,0,2,2,2,1,0,0,0
783,2025-10-07 13:50:00,4172.7,0,2,2,2,1,0,0,0
783,2025-10-07 13:50:00,4173.1,18,1,21,-17,16,0,0,0
784,2025-10-07 13:52:00,4170.0,0,0,1,0,1,0,0,0
785,2025-10-07 14:05:00,4170.0,0,0,1,0,1,0,0,0
786,2025-10-07 14:06:00,4165.0,0,0,1,0,1,0,0,0
787,2025-10-07 14:12:00,4166.6,1,0,1,-1,1,0,0,0
788,2025-10-07 14:32:00,4172.9,0,1,1,1,1,0,0,0
789,2025-10-07 14:38:00,4178.2,0,1,1,1,1,0,0,0
790,2025-10-07 14:46:00,4180.6,0,1,1,1,1,0,0,0
791,2025-10-07 15:20:00,4185.6,0,0,1,0,1,0,0,0
792,2025-10-07 15:49:00,4158.1,1,0,1,-1,1,0,0,0
793,2025-10-07 16:17:00,4160.6,0,0,1,0,1,0,0,0
794,2025-10-07 16:19:00,4160.6,0,1,1,1,1,0,0,0
795,2025-10-07 16:29:00,4165.0,1,0,1,-1,1,0,0,0
796,2025-10-07 17:22:00,4179.0,0,1,1,1,1,0,0,0
797,2025-10-07 17:25:00,4178.5,1,0,1,-1,1,0,0,0
798,2025-10-07 17:39:00,4181.1,0,1,1,1,1,0,0,0
799,2025-10-07 18:05:00,4171.0,0,1,1,1,1,0,0,0
800,2025-10-07 18:50:00,4175.2,1,0,1,-1,1,0,0,0
800,2025-10-07 18:50:00,4175.3,1,0,1,-1,1,0,0,0
801,2025-10-07 20:19:00,4176.0,0,1,1,1,1,0,0,0
802,2025-10-07 20:55:00,4181.4,0,1,1,1,1,0,0,0
803,2025-10-08 00:43:00,4191.0,0,0,1,0,1,0,0,0
804,2025-10-08 01:00:00,4187.9,1,0,1,-1,1,0,0,0
805,2025-10-08 02:11:00,4198.1,0,1,1,1,1,0,0,0
805,2025-10-08 02:11:00,4198.2,0,1,1,1,1,0,0,0
806,2025-10-08 02:24:00,4201.1,0,0,1,0,1,0,0,0
807,2025-10-08 02:28:00,4201.1,1,0,9,-1,3,0,0,0
808,2025-10-08 02:34:00,4202.9,1,0,1,-1,1,0,0,0
809,2025-10-08 02:50:00,4205.1,0,0,1,0,1,0,0,0
810,2025-10-08 03:44:00,4208.5,0,0,1,0,1,0,0,0
811,2025-10-08 04:02:00,4215.4,0,1,1,1,1,0,0,0
811,2025-10-08 04:02:00,4216.1,0,1,1,1,1,0,0,0
812,2025-10-08 04:03:00,4214.9,0,1,1,1,1,0,0,0
812,2025-10-08 04:03:00,4215.0,0,2,2,2,1,0,0,0
812,2025-10-08 04:03:00,4215.4,0,1,1,1,1,0,0,0
812,2025-10-08 04:03:00,4215.8,0,1,1,1,1,0,0,0
813,2025-10-08 04:17:00,4215.5,0,0,2,0,2,0,0,0
814,2025-10-08 04:29:00,4215.0,0,0,1,0,1,0,0,0
815,2025-10-08 04:57:00,4223.7,0,3,3,3,1,0,0,0
815,2025-10-08 04:57:00,4224.2,0,1,1,1,1,0,0,0
815,2025-10-08 04:57:00,4224.6,0,1,1,1,1,0,0,0
816,2025-10-08 05:20:00,4228.7,0,1,1,1,1,0,0,0
816,2025-10-08 05:20:00,4228.8,0,2,2,2,1,0,0,0
816,2025-10-08 05:20:00,4229.4,0,1,1,1,1,0,0,0
816,2025-10-08 05:20:00,4229.9,0,1,1,1,1,0,0,0
817,2025-10-08 05:24:00,4230.1,0,0,1,0,1,0,0,0
818,2025-10-08 05:39:00,4232.8,0,2,2,2,1,0,0,0
819,2025-10-08 07:07:00,4231.0,0,0,1,0,1,0,0,0
820,2025-10-08 07:09:00,4233.1,1,0,1,-1,1,0,0,0
821,2025-10-08 07:30:00,4233.7,1,0,1,-1,1,0,0,0
822,2025-10-08 07:58:00,4230.0,0,0,1,0,1,0,0,0
823,2025-10-08 09:00:00,4233.1,0,0,3,0,3,0,0,0
824,2025-10-08 10:38:00,4234.3,0,1,1,1,1,0,0,0
825,2025-10-08 10:44:00,4235.0,0,0,1,0,1,0,0,0
826,2025-10-08 12:39:00,4230.0,0,0,1,0,1,0,0,0
827,2025-10-08 13:55:00,4234.9,0,1,1,1,1,0,0,0
828,2025-10-08 14:55:00,4242.7,0,3,3,3,1,0,0,0
828,2025-10-08 14:55:00,4242.8,0,0,1,0,1,0,0,0
829,2025-10-08 15:00:00,4248.0,0,0,3,0,3,0,0,0
830,2025-10-08 15:10:00,4244.0,0,0,1,0,1,0,0,0
831,2025-10-08 15:13:00,4242.7,0,0,7,0,5,0,0,0
832,2025-10-08 15:20:00,4240.5,0,0,4,0,4,0,0,0
832,2025-10-08 15:20:00,4240.8,1,0,1,-1,1,0,0,0
833,2025-10-08 16:00:00,4244.8,0,2,2,2,1,0,0,0
833,2025-10-08 16:00:00,4244.9,0,2,2,2,1,0,0,0
834,2025-10-08 16:33:00,4257.0,0,2,2,2,1,0,0,0
835,2025-10-08 16:43:00,4258.0,0,2,3,2,3,0,0,0
836,2025-10-08 17:11:00,4256.2,0,1,1,1,1,0,0,0
837,2025-10-08 17:17:00,4254.9,1,0,1,-1,1,0,0,0
838,2025-10-08 17:30:00,4246.0,0,2,2,2,1,0,0,0
838,2025-10-08 17:30:00,4246.4,0,1,1,1,1,0,0,0
838,2025-10-08 17:30:00,4246.6,0,1,1,1,1,0,0,0
838,2025-10-08 17:30:00,4246.8,0,1,1,1,1,0,0,0
838,2025-10-08 17:30:00,4246.9,2,1,3,-1,2,0,0,0
839,2025-10-08 17:56:00,4250.8,1,0,1,-1,1,0,0,0
840,2025-10-08 18:12:00,4247.1,0,0,1,0,1,0,0,0
841,2025-10-08 18:52:00,4247.1,1,0,1,-1,1,0,0,0
842,2025-10-08 19:06:00,4240.0,0,0,1,0,1,0,0,0
843,2025-10-08 19:10:00,4234.6,0,0,1,0,1,0,0,0
844,2025-10-08 19:22:00,4240.9,0,1,1,1,1,0,0,0
845,2025-10-08 19:28:00,4245.8,0,4,4,4,1,0,0,0
845,2025-10-08 19:28:00,4245.9,0,1,1,1,1,0,0,0
845,2025-10-08 19:28:00,4246.3,1,2,3,1,2,0,0,0
846,2025-10-08 19:29:00,4246.3,0,0,9,0,6,0,0,0
847,2025-10-08 19:45:00,4237.7,0,1,1,1,1,0,0,0
848,2025-10-08 20:02:00,4243.2,0,0,2,0,2,0,0,0
849,2025-10-08 20:17:00,4242.3,0,1,1,1,1,0,0,0
850,2025-10-08 20:37:00,4240.0,0,0,1,0,1,0,0,0
851,2025-10-08 22:00:00,4240.8,0,2,2,2,1,0,0,0
852,2025-10-08 22:05:00,4233.6,0,1,1,1,1,0,0,0
853,2025-10-08 22:22:00,4223.9,1,0,1,-1,1,0,0,0
854,2025-10-08 22:23:00,4223.0,0,0,1,0,1,0,0,0
855,2025-10-08 22:25:00,4224.5,0,1,1,1,1,0,0,0
856,2025-10-08 22:35:00,4223.9,0,0,1,0,1,0,0,0
857,2025-10-08 22:38:00,4221.0,1,0,2,-1,2,0,0,0
858,2025-10-08 23:31:00,4216.8,0,1,1,1,1,0,0,0
858,2025-10-08 23:31:00,4216.9,0,1,1,1,1,0,0,0
859,2025-10-08 23:50:00,4200.0,0,0,1,0,1,0,0,0
860,2025-10-09 00:00:00,4207.7,1,0,1,-1,1,0,0,0
861,2025-10-09 00:54:00,4225.3,0,1,1,1,1,0,0,0
862,2025-10-09 00:59:00,4224.4,0,1,1,1,1,0,0,0
863,2025-10-09 01:01:00,4220.0,1,0,1,-1,1,0,0,0
864,2025-10-09 01:03:00,4215.3,0,0,1,0,1,0,0,0
865,2025-10-09 01:09:00,4210.1,1,0,1,-1,1,0,0,0
866,2025-10-09 01:12:00,4211.9,1,0,1,-1,1,0,0,0
867,2025-10-09 01:27:00,4229.0,0,0,2,0,1,0,0,0
868,2025-10-09 01:48:00,4226.6,1,0,1,-1,1,0,0,0
869,2025-10-09 01:53:00,4219.3,1,0,1,-1,1,0,0,0
870,2025-10-09 02:17:00,4204.3,1,0,1,-1,1,0,0,0
870,2025-10-09 02:17:00,4205.0,1,0,2,-1,2,0,0,0
870,2025-10-09 02:17:00,4207.7,1,0,1,-1,1,0,0,0
871,2025-10-09 03:27:00,4222.7,0,0,1,0,1,0,0,0
871,2025-10-09 03:27:00,4223.0,1,0,1,-1,1,0,0,0
872,2025-10-09 04:06:00,4227.5,1,0,1,-1,1,0,0,0
873,2025-10-09 04:12:00,4230.0,0,0,2,0,1,0,0,0
874,2025-10-09 06:48:00,4225.0,0,0,1,0,1,0,0,0
875,2025-10-09 10:26:00,4237.6,1,0,1,-1,1,0,0,0
876,2025-10-09 11:00:00,4244.3,0,1,1,1,1,0,0,0
877,2025-10-09 11:46:00,4243.3,2,0,5,-2,3,0,0,0
877,2025-10-09 11:46:00,4243.7,0,0,1,0,1,0,0,0
878,2025-10-09 11:47:00,4244.0,0,0,1,0,1,0,0,0
878,2025-10-09 11:47:00,4244.5,0,0,1,0,1,0,0,0
879,2025-10-09 11:50:00,4244.1,1,0,1,-1,1,0,0,0
880,2025-10-09 11:51:00,4244.1,0,0,1,0,1,0,0,0
881,2025-10-09 11:58:00,4243.6,0,1,1,1,1,0,0,0
882,2025-10-09 12:06:00,4242.3,0,0,1,0,1,0,0,0
883,2025-10-09 12:07:00,4242.2,0,0,1,0,1,0,0,0
884,2025-10-09 12:22:00,4237.9,0,1,1,1,1,0,0,0
885,2025-10-09 12:29:00,4240.2,0,1,1,1,1,0,0,0
885,2025-10-09 12:29:00,4240.4,0,3,3,3,3,0,0,0
886,2025-10-09 12:30:00,4241.2,0,0,1,0,1,0,0,0
887,2025-10-09 12:35:00,4241.4,0,1,1,1,1,0,0,0
888,2025-10-09 12:45:00,4244.6,0,1,1,1,1,0,0,0
889,2025-10-09 12:47:00,4245.3,2,0,2,-2,1,0,0,0
889,2025-10-09 12:47:00,4245.6,1,0,1,-1,1,0,0,0
890,2025-10-09 12:48:00,4245.7,0,1,1,1,1,0,0,0
891,2025-10-09 12:49:00,4245.1,0,0,1,0,1,0,0,0
892,2025-10-09 12:54:00,4249.2,0,1,1,1,1,0,0,0
893,2025-10-09 12:56:00,4249.2,1,0,1,-1,1,0,0,0
894,2025-10-09 13:06:00,4254.4,0,1,1,1,1,0,0,0
895,2025-10-09 13:08:00,4255.1,0,1,1,1,1,0,0,0
895,2025-10-09 13:08:00,4255.7,1,0,1,-1,1,0,0,0
895,2025-10-09 13:08:00,4255.9,3,0,3,-3,1,0,0,0
895,2025-10-09 13:08:00,4256.2,0,1,1,1,1,0,0,0
895,2025-10-09 13:08:00,4256.3,0,1,1,1,1,0,0,0
896,2025-10-09 13:12:00,4254.0,3,0,3,-3,1,0,0,0
897,2025-10-09 13:14:00,4254.6,0,1,1,1,1,0,0,0
898,2025-10-09 13:16:00,4250.3,0,1,1,1,1,0,0,0
899,2025-10-09 13:17:00,4248.5,0,0,1,0,1,0,0,0
900,2025-10-09 13:28:00,4254.7,1,0,1,-1,1,0,0,0
900,2025-10-09 13:28:00,4255.0,0,0,1,0,1,0,0,0
900,2025-10-09 13:28:00,4255.1,1,0,1,-1,1,0,0,0
901,2025-10-09 13:32:00,4251.9,0,0,2,0,2,0,0,0
902,2025-10-09 13:33:00,4250.0,1,0,1,-1,1,0,0,0
903,2025-10-09 13:37:00,4241.9,1,1,2,0,2,0,0,0
903,2025-10-09 13:37:00,4242.0,1,0,1,-1,1,0,0,0
903,2025-10-09 13:37:00,4242.1,4,0,4,-4,1,0,0,0
903,2025-10-09 13:37:00,4242.2,1,0,1,-1,1,0,0,0
903,2025-10-09 13:37:00,4244.4,2,1,6,-1,5,0,0,0
903,2025-10-09 13:37:00,4244.5,3,0,3,-3,1,0,0,0
904,2025-10-09 13:42:00,4236.9,0,0,1,0,1,0,0,0
905,2025-10-09 13:44:00,4228.6,1,0,1,-1,1,0,0,0
906,2025-10-09 13:45:00,4228.5,1,0,2,-1,2,0,0,0
907,2025-10-09 13:46:00,4218.2,1,0,1,-1,1,0,0,0
907,2025-10-09 13:46:00,4218.4,1,0,1,-1,1,0,0,0
907,2025-10-09 13:46:00,4218.9,2,0,2,-2,1,0,0,0
907,2025-10-09 13:46:00,4219.1,2,0,2,-2,1,0,0,0
907,2025-10-09 13:46:00,4219.4,2,0,2,-2,1,0,0,0
907,2025-10-09 13:46:00,4219.5,2,0,2,-2,1,0,0,0
907,2025-10-09 13:46:00,4224.5,1,0,1,-1,1,0,0,0
907,2025-10-09 13:46:00,4224.9,4,0,4,-4,1,0,0,0
908,2025-10-09 13:47:00,4218.0,0,0,1,0,1,0,0,0
908,2025-10-09 13:47:00,4219.6,1,0,1,-1,1,0,0,0
908,2025-10-09 13:47:00,4223.1,1,0,1,-1,1,0,0,0
909,2025-10-09 13:52:00,4218.1,1,0,1,-1,1,0,0,0
909,2025-10-09 13:52:00,4219.2,0,0,1,0,1,0,0,0
910,2025-10-09 13:54:00,4218.4,1,0,1,-1,1,0,0,0
910,2025-10-09 13:54:00,4221.9,0,1,1,1,1,0,0,0
911,2025-10-09 14:00:00,4213.0,0,0,1,0,1,0,0,0
911,2025-10-09 14:00:00,4214.2,0,1,1,1,1,0,0,0
912,2025-10-09 14:20:00,4212.9,1,0,1,-1,1,0,0,0
913,2025-10-09 14:29:00,4200.0,0,0,2,0,2,0,0,0
914,2025-10-09 15:10:00,4216.3,0,1,1,1,1,0,0,0
915,2025-10-09 15:11:00,4217.0,0,0,1,0,1,0,0,0
916,2025-10-09 15:22:00,4214.3,1,0,1,-1,1,0,0,0
917,2025-10-09 15:46:00,4203.2,0,1,1,1,1,0,0,0
918,2025-10-09 16:00:00,4206.2,0,0,2,0,1,0,0,0
918,2025-10-09 16:00:00,4208.1,0,1,1,1,1,0,0,0
919,2025-10-09 16:38:00,4179.7,1,0,1,-1,1,0,0,0
919,2025-10-09 16:38:00,4180.0,0,0,1,0,1,0,0,0
920,2025-10-09 16:43:00,4173.2,1,0,1,-1,1,0,0,0
920,2025-10-09 16:43:00,4173.3,1,0,1,-1,1,0,0,0
920,2025-10-09 16:43:00,4173.5,1,0,1,-1,1,0,0,0
920,2025-10-09 16:43:00,4173.6,1,0,1,-1,1,0,0,0
920,2025-10-09 16:43:00,4173.8,1,0,1,-1,1,0,0,0
920,2025-10-09 16:43:00,4173.9,1,0,1,-1,1,0,0,0
920,2025-10-09 16:43:00,4174.1,1,0,1,-1,1,0,0,0
920,2025-10-09 16:43:00,4174.4,2,0,2,-2,1,0,0,0
920,2025-10-09 16:43:00,4174.5,2,0,2,-2,1,0,0,0
920,2025-10-09 16:43:00,4174.8,2,0,2,-2,1,0,0,0
920,2025-10-09 16:43:00,4175.0,1,0,1,-1,1,0,0,0
920,2025-10-09 16:43:00,4175.1,1,0,1,-1,1,0,0,0
920,2025-10-09 16:43:00,4175.2,1,0,1,-1,1,0,0,0
920,2025-10-09 16:43:00,4175.8,0,0,1,0,1,0,0,0
921,2025-10-09 16:45:00,4170.3,1,0,1,-1,1,0,0,0
921,2025-10-09 16:45:00,4170.4,1,0,1,-1,1,0,0,0
921,2025-10-09 16:45:00,4170.9,3,0,3,-3,1,0,0,0
921,2025-10-09 16:45:00,4171.0,1,0,1,-1,1,0,0,0
922,2025-10-09 16:46:00,4168.6,2,0,2,-2,1,0,0,0
922,2025-10-09 16:46:00,4168.7,1,0,2,-1,2,0,0,0
922,2025-10-09 16:46:00,4168.8,1,0,1,-1,1,0,0,0
923,2025-10-09 16:53:00,4163.0,0,0,1,0,1,0,0,0
924,2025-10-09 16:54:00,4158.7,4,0,4,-4,1,0,0,0
924,2025-10-09 16:54:00,4159.0,1,0,1,-1,1,0,0,0
924,2025-10-09 16:54:00,4159.3,4,0,4,-4,1,0,0,0
924,2025-10-09 16:54:00,4160.0,0,0,1,0,1,0,0,0
925,2025-10-09 17:02:00,4156.2,1,0,1,-1,1,0,0,0
926,2025-10-09 17:10:00,4158.1,0,0,1,0,1,0,0,0
927,2025-10-09 17:16:00,4140.0,0,0,1,0,1,0,0,0
928,2025-10-09 17:28:00,4145.0,0,1,1,1,1,0,0,0
929,2025-10-09 17:29:00,4149.4,0,1,1,1,1,0,0,0
930,2025-10-09 17:30:00,4148.1,0,0,1,0,1,0,0,0
931,2025-10-09 17:32:00,4145.9,0,1,1,1,1,0,0,0
931,2025-10-09 17:32:00,4146.1,0,2,2,2,1,0,0,0
931,2025-10-09 17:32:00,4146.2,0,1,1,1,1,0,0,0
931,2025-10-09 17:32:00,4146.4,0,2,2,2,1,0,0,0
932,2025-10-09 17:35:00,4146.5,0,0,1,0,1,0,0,0
933,2025-10-09 17:47:00,4141.4,0,2,2,2,1,0,0,0
934,2025-10-09 17:50:00,4144.6,0,2,2,2,2,0,0,0
934,2025-10-09 17:50:00,4145.6,0,1,1,1,1,0,0,0
935,2025-10-09 17:51:00,4145.6,0,1,1,1,1,0,0,0
936,2025-10-09 17:52:00,4145.5,0,1,1,1,1,0,0,0
936,2025-10-09 17:52:00,4145.6,0,4,4,4,2,0,0,0
936,2025-10-09 17:52:00,4145.7,0,3,3,3,2,0,0,0
936,2025-10-09 17:52:00,4146.0,0,1,1,1,1,0,0,0
937,2025-10-09 18:14:00,4148.5,0,1,1,1,1,0,0,0
938,2025-10-09 19:40:00,4170.0,1,0,1,-1,1,0,0,0
939,2025-10-09 20:59:00,4165.4,0,2,2,2,1,0,0,0
939,2025-10-09 20:59:00,4165.5,0,3,3,3,1,0,0,0
940,2025-10-09 23:23:00,4171.1,0,1,1,1,1,0,0,0
941,2025-10-10 00:50:00,4183.9,0,1,1,1,1,0,0,0
942,2025-10-10 01:09:00,4174.4,1,0,1,-1,1,0,0,0
943,2025-10-10 01:15:00,4173.1,1,0,1,-1,1,0,0,0
944,2025-10-10 01:16:00,4172.2,1,0,1,-1,1,0,0,0
945,2025-10-10 01:28:00,4169.5,1,0,1,-1,1,0,0,0
945,2025-10-10 01:28:00,4170.0,0,0,2,0,2,0,0,0
946,2025-10-10 02:03:00,4167.7,0,0,1,0,1,0,0,0
947,2025-10-10 03:16:00,4158.1,0,0,1,0,1,0,0,0
948,2025-10-10 03:27:00,4152.1,0,0,1,0,1,0,0,0
949,2025-10-10 03:33:00,4160.9,1,0,1,-1,1,0,0,0
950,2025-10-10 03:46:00,4150.0,0,0,1,0,1,0,0,0
951,2025-10-10 04:14:00,4140.4,2,0,2,-2,2,0,0,0
952,2025-10-10 08:07:00,4166.0,0,0,1,0,1,0,0,0
953,2025-10-10 08:12:00,4171.9,1,0,1,-1,1,0,0,0
954,2025-10-10 08:44:00,4175.3,0,0,2,0,2,0,0,0
955,2025-10-10 09:10:00,4185.0,0,1,2,1,2,0,0,0
956,2025-10-10 09:12:00,4185.0,0,1,3,1,3,0,0,0
957,2025-10-10 09:29:00,4185.0,0,0,1,0,1,0,0,0
958,2025-10-10 09:30:00,4185.0,0,0,1,0,1,0,0,0
959,2025-10-10 09:47:00,4194.0,0,0,1,0,1,0,0,0
960,2025-10-10 09:51:00,4190.1,1,0,1,-1,1,0,0,0
961,2025-10-10 09:53:00,4189.0,0,0,1,0,1,0,0,0
961,2025-10-10 09:53:00,4190.3,4,0,4,-4,1,0,0,0
962,2025-10-10 09:54:00,4185.5,1,0,1,-1,1,0,0,0
962,2025-10-10 09:54:00,4185.6,4,0,4,-4,2,0,0,0
962,2025-10-10 09:54:00,4185.7,1,0,1,-1,1,0,0,0
963,2025-10-10 09:57:00,4186.1,1,0,1,-1,1,0,0,0
964,2025-10-10 10:08:00,4182.7,1,0,1,-1,1,0,0,0
965,2025-10-10 10:09:00,4182.0,1,0,1,-1,1,0,0,0
966,2025-10-10 10:14:00,4179.8,1,0,1,-1,1,0,0,0
967,2025-10-10 10:21:00,4182.0,0,1,1,1,1,0,0,0
968,2025-10-10 10:52:00,4186.0,0,0,1,0,1,0,0,0
969,2025-10-10 10:57:00,4183.8,0,1,1,1,1,0,0,0
970,2025-10-10 11:00:00,4181.5,0,1,1,1,1,0,0,0
971,2025-10-10 11:33:00,4179.9,1,0,1,-1,1,0,0,0
972,2025-10-10 11:43:00,4180.7,0,1,1,1,1,0,0,0
973,2025-10-10 12:04:00,4177.1,0,1,1,1,1,0,0,0
974,2025-10-10 12:08:00,4177.1,0,0,1,0,1,0,0,0
975,2025-10-10 12:35:00,4174.0,0,0,1,0,1,0,0,0
976,2025-10-10 12:42:00,4173.5,0,0,1,0,1,0,0,0
976,2025-10-10 12:42:00,4174.0,0,1,1,1,1,0,0,0
976,2025-10-10 12:42:00,4174.1,0,1,1,1,1,0,0,0
977,2025-10-10 12:49:00,4170.4,0,1,1,1,1,0,0,0
977,2025-10-10 12:49:00,4170.5,0,1,1,1,1,0,0,0
978,2025-10-10 13:04:00,4169.1,0,2,2,2,1,0,0,0
979,2025-10-10 13:23:00,4181.1,0,1,1,1,1,0,0,0
980,2025-10-10 14:59:00,4180.8,0,0,10,0,7,0,0,0
981,2025-10-10 15:03:00,4180.5,0,0,10,0,5,0,0,0
982,2025-10-10 15:12:00,4192.9,1,0,1,-1,1,0,0,0
983,2025-10-10 15:13:00,4193.8,1,0,1,-1,1,0,0,0
983,2025-10-10 15:13:00,4194.1,1,0,1,-1,1,0,0,0
984,2025-10-10 15:14:00,4197.0,1,0,1,-1,1,0,0,0
985,2025-10-10 15:15:00,4197.2,2,0,2,-2,1,0,0,0
985,2025-10-10 15:15:00,4197.3,1,0,1,-1,1,0,0,0
986,2025-10-10 15:16:00,4198.3,1,0,1,-1,1,0,0,0
987,2025-10-10 15:19:00,4197.6,1,0,1,-1,1,0,0,0
988,2025-10-10 15:20:00,4200.0,1,0,1,-1,1,0,0,0
989,2025-10-10 15:23:00,4195.0,1,0,1,-1,1,0,0,0
990,2025-10-10 15:24:00,4201.4,1,0,1,-1,1,0,0,0
990,2025-10-10 15:24:00,4201.5,2,0,2,-2,1,0,0,0
991,2025-10-10 15:28:00,4204.5,1,0,1,-1,1,0,0,0
991,2025-10-10 15:28:00,4204.8,2,0,2,-2,1,0,0,0
991,2025-10-10 15:28:00,4204.9,1,0,1,-1,1,0,0,0
991,2025-10-10 15:28:00,4205.0,1,0,1,-1,1,0,0,0
992,2025-10-10 15:31:00,4208.3,2,0,2,-2,2,0,0,0
992,2025-10-10 15:31:00,4208.4,2,0,2,-2,2,0,0,0
992,2025-10-10 15:31:00,4208.5,1,0,1,-1,1,0,0,0
993,2025-10-10 15:38:00,4208.4,0,1,1,1,1,0,0,0
994,2025-10-10 15:39:00,4204.9,0,0,1,0,1,0,0,0
994,2025-10-10 15:39:00,4206.0,3,0,3,-3,1,0,0,0
995,2025-10-10 15:40:00,4200.0,0,0,1,0,1,0,0,0
996,2025-10-10 15:45:00,4191.8,1,0,1,-1,1,0,0,0
996,2025-10-10 15:45:00,4196.0,1,0,2,-1,2,0,0,0
997,2025-10-10 15:52:00,4192.1,2,0,2,-2,2,0,0,0
998,2025-10-10 15:54:00,4189.0,0,0,1,0,1,0,0,0
999,2025-10-10 15:58:00,4187.6,1,0,1,-1,1,0,0,0
1000,2025-10-10 16:05:00,4177.7,1,0,1,-1,1,0,0,0
1001,2025-10-10 16:18:00,4170.4,1,0,1,-1,1,0,0,0
1001,2025-10-10 16:18:00,4170.5,2,0,2,-2,1,0,0,0
1002,2025-10-10 16:20:00,4163.6,1,0,1,-1,1,0,0,0
1003,2025-10-10 16:27:00,4175.0,0,0,1,0,1,0,0,0
1004,2025-10-10 16:58:00,4171.0,1,0,1,-1,1,0,0,0
1005,2025-10-10 17:29:00,4171.2,0,1,1,1,1,0,0,0
1006,2025-10-10 17:55:00,4177.5,2,0,2,-2,2,0,0,0
1006,2025-10-10 17:55:00,4177.6,3,0,3,-3,1,0,0,0
1007,2025-10-10 18:07:00,4180.8,0,1,1,1,1,0,0,0
1007,2025-10-10 18:07:00,4180.9,0,1,1,1,1,0,0,0
1008,2025-10-10 18:10:00,4180.5,4,0,4,-4,3,0,0,0
1009,2025-10-10 18:11:00,4180.6,1,0,1,-1,1,0,0,0
1010,2025-10-10 18:15:00,4185.1,2,0,2,-2,1,0,0,0
1010,2025-10-10 18:15:00,4185.2,2,0,2,-2,1,0,0,0
1010,2025-10-10 18:15:00,4185.3,1,0,1,-1,1,0,0,0
1011,2025-10-10 18:17:00,4186.7,2,0,2,-2,1,0,0,0
1011,2025-10-10 18:17:00,4186.8,2,0,2,-2,1,0,0,0
1012,2025-10-10 18:18:00,4186.7,1,0,1,-1,1,0,0,0
1013,2025-10-10 18:23:00,4193.6,3,0,3,-3,1,0,0,0
1013,2025-10-10 18:23:00,4193.7,2,0,2,-2,1,0,0,0
1014,2025-10-10 18:51:00,4190.3,0,1,1,1,1,0,0,0
1015,2025-10-10 19:22:00,4196.0,0,1,1,1,1,0,0,0
1016,2025-10-10 19:44:00,4206.3,0,2,2,2,2,0,0,0
1017,2025-10-10 19:45:00,4203.3,1,0,1,-1,1,0,0,0
1018,2025-10-10 19:47:00,4203.1,0,1,1,1,1,0,0,0
1018,2025-10-10 19:47:00,4203.4,1,0,1,-1,1,0,0,0
1019,2025-10-10 19:48:00,4205.1,1,0,1,-1,1,0,0,0
1020,2025-10-10 20:03:00,4205.3,0,1,1,1,1,0,0,0
1021,2025-10-12 22:00:00,4193.3,0,1,1,1,1,0,0,0
1021,2025-10-12 22:00:00,4203.8,0,0,1,0,1,0,0,0
1022,2025-10-12 22:32:00,4222.2,1,0,1,-1,1,0,0,0
1022,2025-10-12 22:32:00,4223.2,1,0,1,-1,1,0,0,0
1023,2025-10-12 22:33:00,4224.0,0,1,1,1,1,0,0,0
1024,2025-10-12 22:34:00,4222.9,0,0,1,0,1,0,0,0
1025,2025-10-12 23:00:00,4233.1,0,1,1,1,1,0,0,0
1026,2025-10-12 23:01:00,4235.1,0,1,1,1,1,0,0,0
1027,2025-10-12 23:05:00,4242.0,0,0,1,0,1,0,0,0
1028,2025-10-12 23:09:00,4248.3,0,0,1,0,1,0,0,0
1029,2025-10-12 23:10:00,4247.8,0,0,1,0,1,0,0,0
1030,2025-10-13 00:44:00,4249.0,1,0,1,-1,1,0,0,0
1031,2025-10-13 00:49:00,4240.3,0,1,1,1,1,0,0,0
1032,2025-10-13 03:42:00,4246.0,1,0,1,-1,1,0,0,0
1033,2025-10-13 03:44:00,4245.8,1,0,1,-1,1,0,0,0
1034,2025-10-13 03:45:00,4247.1,0,1,1,1,1,0,0,0
1035,2025-10-13 03:46:00,4245.1,1,0,1,-1,1,0,0,0
1036,2025-10-13 05:25:00,4265.5,0,1,1,1,1,0,0,0
1037,2025-10-13 05:40:00,4266.9,1,0,1,-1,1,0,0,0
1037,2025-10-13 05:40:00,4267.0,2,0,2,-2,1,0,0,0
1037,2025-10-13 05:40:00,4267.1,1,0,1,-1,1,0,0,0
1037,2025-10-13 05:40:00,4267.2,1,0,1,-1,1,0,0,0
1037,2025-10-13 05:40:00,4267.3,2,0,2,-2,1,0,0,0
1037,2025-10-13 05:40:00,4267.7,2,0,2,-2,1,0,0,0
1038,2025-10-13 05:56:00,4258.1,1,0,1,-1,1,0,0,0
1039,2025-10-13 05:57:00,4258.7,1,0,1,-1,1,0,0,0
1039,2025-10-13 05:57:00,4258.8,1,0,1,-1,1,0,0,0
1040,2025-10-13 06:01:00,4258.9,2,0,2,-2,2,0,0,0
1041,2025-10-13 07:14:00,4265.5,3,0,3,-3,3,0,0,0
1041,2025-10-13 07:14:00,4265.6,2,0,2,-2,2,0,0,0
1041,2025-10-13 07:14:00,4265.7,2,0,2,-2,1,0,0,0
1042,2025-10-13 07:53:00,4267.6,1,0,1,-1,1,0,0,0
1043,2025-10-13 09:02:00,4273.4,0,1,1,1,1,0,0,0
1044,2025-10-13 10:47:00,4273.7,0,2,2,2,2,0,0,0
1045,2025-10-13 10:57:00,4274.4,1,0,1,-1,1,0,0,0
1046,2025-10-13 12:29:00,4277.7,0,1,1,1,1,0,0,0
1047,2025-10-13 12:31:00,4278.6,0,0,1,0,1,0,0,0
1047,2025-10-13 12:31:00,4278.9,0,0,1,0,1,0,0,0
1047,2025-10-13 12:31:00,4279.3,0,0,1,0,1,0,0,0
1047,2025-10-13 12:31:00,4279.4,0,0,1,0,1,0,0,0
1047,2025-10-13 12:31:00,4279.5,0,1,2,1,2,0,0,0
1047,2025-10-13 12:31:00,4279.6,0,0,1,0,1,0,0,0
1048,2025-10-13 12:32:00,4279.3,0,0,1,0,1,0,0,0
1049,2025-10-13 13:09:00,4279.8,0,0,1,0,1,0,0,0
1049,2025-10-13 13:09:00,4280.0,0,0,1,0,1,0,0,0
1049,2025-10-13 13:09:00,4280.8,0,1,1,1,1,0,0,0
1050,2025-10-13 13:25:00,4287.5,0,0,1,0,1,0,0,0
1051,2025-10-13 13:28:00,4286.8,0,1,1,1,1,0,0,0
1052,2025-10-13 13:39:00,4282.7,0,1,1,1,1,0,0,0
1053,2025-10-13 13:49:00,4285.8,1,0,1,-1,1,0,0,0
1053,2025-10-13 13:49:00,4286.8,1,0,1,-1,1,0,0,0
1054,2025-10-13 13:50:00,4287.7,1,0,1,-1,1,0,0,0
1054,2025-10-13 13:50:00,4287.8,0,1,1,1,1,0,0,0
1055,2025-10-13 13:51:00,4288.0,1,0,1,-1,1,0,0,0
1056,2025-10-13 13:52:00,4288.1,1,0,1,-1,1,0,0,0
1057,2025-10-13 13:54:00,4289.7,0,0,1,0,1,0,0,0
1058,2025-10-13 14:02:00,4289.0,0,0,1,0,1,0,0,0
1059,2025-10-13 14:09:00,4289.1,0,1,1,1,1,0,0,0
1059,2025-10-13 14:09:00,4289.3,0,1,1,1,1,0,0,0
1060,2025-10-13 14:18:00,4287.7,0,1,1,1,1,0,0,0
1061,2025-10-13 14:30:00,4290.5,0,0,1,0,1,0,0,0
1062,2025-10-13 14:34:00,4293.6,0,1,1,1,1,0,0,0
1063,2025-10-13 14:37:00,4293.1,0,0,1,0,1,0,0,0
1064,2025-10-13 14:44:00,4293.0,2,0,5,-2,5,0,0,0
1064,2025-10-13 14:44:00,4293.2,0,1,1,1,1,0,0,0
1065,2025-10-13 14:59:00,4294.3,1,0,1,-1,1,0,0,0
1066,2025-10-13 15:14:00,4293.2,0,1,1,1,1,0,0,0
1067,2025-10-13 15:19:00,4295.6,0,1,1,1,1,0,0,0
1068,2025-10-13 15:44:00,4295.9,0,1,1,1,1,0,0,0
1069,2025-10-13 16:00:00,4301.5,1,0,1,-1,1,0,0,0
1070,2025-10-13 16:13:00,4312.4,0,1,1,1,1,0,0,0
1071,2025-10-13 16:25:00,4308.2,0,1,1,1,1,0,0,0
1072,2025-10-13 16:55:00,4306.7,0,1,1,1,1,0,0,0
1073,2025-10-13 17:08:00,4300.0,0,0,1,0,1,0,0,0
1074,2025-10-13 17:24:00,4309.3,0,1,1,1,1,0,0,0
1075,2025-10-13 18:52:00,4300.3,0,1,1,1,1,0,0,0
1076,2025-10-13 19:04:00,4297.0,0,0,1,0,1,0,0,0
1077,2025-10-13 19:11:00,4294.5,1,0,1,-1,1,0,0,0
1078,2025-10-13 19:12:00,4292.5,1,0,1,-1,1,0,0,0
1078,2025-10-13 19:12:00,4294.0,0,1,1,1,1,0,0,0
1079,2025-10-13 19:21:00,4299.5,0,1,1,1,1,0,0,0
1080,2025-10-13 19:28:00,4302.3,0,1,1,1,1,0,0,0
1081,2025-10-13 19:31:00,4302.7,0,1,1,1,1,0,0,0
1082,2025-10-13 19:32:00,4303.3,0,1,1,1,1,0,0,0
1083,2025-10-13 20:30:00,4304.8,2,0,2,-2,1,0,0,0
1084,2025-10-13 23:48:00,4325.0,0,0,1,0,1,0,0,0
1085,2025-10-13 23:54:00,4320.0,0,0,1,0,1,0,0,0
1086,2025-10-14 00:30:00,4322.1,0,0,1,0,1,0,0,0
1087,2025-10-14 00:57:00,4320.6,0,2,2,2,2,0,0,0
1087,2025-10-14 00:57:00,4320.7,1,0,1,-1,1,0,0,0
1087,2025-10-14 00:57:00,4320.9,1,0,1,-1,1,0,0,0
1088,2025-10-14 01:53:00,4325.0,2,0,2,-2,2,0,0,0
1089,2025-10-14 01:55:00,4329.0,0,0,1,0,1,0,0,0
1090,2025-10-14 01:58:00,4330.0,0,0,1,0,1,0,0,0
1091,2025-10-14 02:41:00,4342.2,0,2,2,2,1,0,0,0
1091,2025-10-14 02:41:00,4342.7,0,1,1,1,1,0,0,0
1092,2025-10-14 02:43:00,4342.4,1,0,2,-1,2,0,0,0
1092,2025-10-14 02:43:00,4343.3,0,1,1,1,1,0,0,0
1093,2025-10-14 02:46:00,4336.2,1,0,1,-1,1,0,0,0
1094,2025-10-14 03:25:00,4347.2,1,0,1,-1,1,0,0,0
1094,2025-10-14 03:25:00,4347.3,1,0,1,-1,1,0,0,0
1095,2025-10-14 03:33:00,4351.3,0,2,2,2,1,0,0,0
1096,2025-10-14 03:40:00,4352.6,0,1,1,1,1,0,0,0
1096,2025-10-14 03:40:00,4352.7,0,1,1,1,1,0,0,0
1096,2025-10-14 03:40:00,4353.0,0,1,1,1,1,0,0,0
1097,2025-10-14 03:41:00,4353.8,0,2,2,2,1,0,0,0
1098,2025-10-14 03:48:00,4353.9,1,0,2,-1,2,0,0,0
1099,2025-10-14 03:59:00,4354.2,0,2,2,2,1,0,0,0
1100,2025-10-14 04:18:00,4350.0,1,0,2,-1,2,0,0,0
1101,2025-10-14 04:21:00,4348.8,0,0,1,0,1,0,0,0
1102,2025-10-14 04:25:00,4351.4,1,0,1,-1,1,0,0,0
1103,2025-10-14 04:36:00,4349.0,1,0,1,-1,1,0,0,0
1104,2025-10-14 04:38:00,4346.6,0,0,1,0,1,0,0,0
1105,2025-10-14 05:31:00,4366.6,0,0,1,0,1,0,0,0
1106,2025-10-14 05:36:00,4355.6,1,0,1,-1,1,0,0,0
1107,2025-10-14 05:37:00,4352.8,1,0,1,-1,1,0,0,0
1108,2025-10-14 05:43:00,4318.8,1,0,1,-1,1,0,0,0
1109,2025-10-14 06:05:00,4310.8,1,0,1,-1,1,0,0,0
1110,2025-10-14 06:07:00,4310.8,1,0,1,-1,1,0,0,0
1111,2025-10-14 06:14:00,4300.0,0,0,1,0,1,0,0,0
1112,2025-10-14 07:10:00,4294.9,0,1,1,1,1,0,0,0
1112,2025-10-14 07:10:00,4295.0,0,1,1,1,1,0,0,0
1113,2025-10-14 09:09:00,4326.2,1,0,1,-1,1,0,0,0
1114,2025-10-14 13:06:00,4295.0,0,0,1,0,1,0,0,0
1115,2025-10-14 13:18:00,4306.4,0,0,1,0,1,0,0,0
1115,2025-10-14 13:18:00,4307.3,2,0,2,-2,1,0,0,0
1115,2025-10-14 13:18:00,4307.4,1,0,1,-1,1,0,0,0
1116,2025-10-14 13:19:00,4301.1,2,0,2,-2,1,0,0,0
1116,2025-10-14 13:19:00,4303.5,2,0,2,-2,1,0,0,0
1117,2025-10-14 13:29:00,4303.0,0,1,2,1,2,0,0,0
1118,2025-10-14 13:40:00,4314.9,0,1,1,1,1,0,0,0
1119,2025-10-14 13:47:00,4314.0,1,0,1,-1,1,0,0,0
1120,2025-10-14 13:51:00,4309.9,0,0,1,0,1,0,0,0
1121,2025-10-14 14:02:00,4318.0,0,0,1,0,1,0,0,0
1122,2025-10-14 14:10:00,4322.8,0,1,1,1,1,0,0,0
1122,2025-10-14 14:10:00,4323.0,0,1,1,1,1,0,0,0
1123,2025-10-14 14:22:00,4323.4,1,0,1,-1,1,0,0,0
1124,2025-10-14 14:59:00,4320.7,0,1,1,1,1,0,0,0
1125,2025-10-14 15:52:00,4330.4,0,0,1,0,1,0,0,0
1126,2025-10-14 17:13:00,4339.6,1,0,1,-1,1,0,0,0
1127,2025-10-14 17:23:00,4340.0,1,0,1,-1,1,0,0,0
1128,2025-10-14 18:18:00,4338.1,0,1,1,1,1,0,0,0
1129,2025-10-14 18:26:00,4340.2,0,1,1,1,1,0,0,0
1130,2025-10-14 18:31:00,4341.3,1,0,1,-1,1,0,0,0
1131,2025-10-14 18:41:00,4341.3,0,1,1,1,1,0,0,0
1132,2025-10-14 18:43:00,4341.0,0,1,1,1,1,0,0,0
1133,2025-10-14 18:45:00,4341.9,0,1,1,1,1,0,0,0
1134,2025-10-14 18:46:00,4343.0,0,0,1,0,1,0,0,0
1135,2025-10-14 19:10:00,4342.9,1,0,1,-1,1,0,0,0
1135,2025-10-14 19:10:00,4343.3,1,0,1,-1,1,0,0,0
1136,2025-10-14 19:34:00,4340.0,0,0,1,0,1,0,0,0
1137,2025-10-14 19:41:00,4334.0,0,2,2,2,1,0,0,0
1138,2025-10-14 20:17:00,4337.7,1,0,1,-1,1,0,0,0
1138,2025-10-14 20:17:00,4339.5,0,1,1,1,1,0,0,0
1139,2025-10-14 20:18:00,4338.1,1,0,1,-1,1,0,0,0
1140,2025-10-14 20:51:00,4339.1,0,1,1,1,1,0,0,0
1141,2025-10-14 22:27:00,4346.6,2,0,2,-2,1,0,0,0
1142,2025-10-14 22:45:00,4352.3,0,1,1,1,1,0,0,0
1142,2025-10-14 22:45:00,4352.4,0,1,1,1,1,0,0,0
1143,2025-10-14 23:06:00,4353.3,1,0,1,-1,1,0,0,0
1144,2025-10-14 23:12:00,4354.2,0,1,1,1,1,0,0,0
1145,2025-10-14 23:29:00,4358.2,0,1,1,1,1,0,0,0
1146,2025-10-14 23:31:00,4358.4,0,1,1,1,1,0,0,0
1147,2025-10-15 01:04:00,4369.2,0,1,1,1,1,0,0,0
1148,2025-10-15 01:05:00,4370.5,0,1,1,1,1,0,0,0
1149,2025-10-15 01:10:00,4376.4,0,1,1,1,1,0,0,0
1149,2025-10-15 01:10:00,4376.8,0,1,1,1,1,0,0,0
1149,2025-10-15 01:10:00,4376.9,0,1,1,1,1,0,0,0
1150,2025-10-15 01:32:00,4382.7,0,0,1,0,1,0,0,0
1151,2025-10-15 01:36:00,4377.3,1,0,1,-1,1,0,0,0
1152,2025-10-15 02:55:00,4370.8,1,0,1,-1,1,0,0,0
1153,2025-10-15 02:58:00,4371.4,1,0,1,-1,1,0,0,0
1154,2025-10-15 03:47:00,4385.1,1,0,1,-1,1,0,0,0
1154,2025-10-15 03:47:00,4386.7,0,1,1,1,1,0,0,0
1155,2025-10-15 04:26:00,4371.5,0,1,1,1,1,0,0,0
1156,2025-10-15 04:35:00,4372.6,1,0,1,-1,1,0,0,0
1156,2025-10-15 04:35:00,4372.7,1,0,1,-1,1,0,0,0
1157,2025-10-15 04:38:00,4372.2,0,1,1,1,1,0,0,0
1158,2025-10-15 05:29:00,4387.8,0,1,1,1,1,0,0,0
1159,2025-10-15 05:32:00,4385.0,0,1,1,1,1,0,0,0
1160,2025-10-15 05:46:00,4385.4,0,1,1,1,1,0,0,0
1161,2025-10-15 06:36:00,4384.0,0,0,1,0,1,0,0,0
1162,2025-10-15 06:56:00,4394.5,1,0,1,-1,1,0,0,0
1162,2025-10-15 06:56:00,4394.6,1,0,1,-1,1,0,0,0
1163,2025-10-15 07:11:00,4395.7,1,0,1,-1,1,0,0,0
1163,2025-10-15 07:11:00,4395.8,1,0,1,-1,1,0,0,0
1164,2025-10-15 07:33:00,4397.7,0,0,4,0,2,0,0,0
1165,2025-10-15 09:04:00,4404.2,0,0,1,0,1,0,0,0
1166,2025-10-15 09:21:00,4370.0,0,0,2,0,1,0,0,0
1167,2025-10-15 10:16:00,4400.0,0,0,2,0,1,0,0,0
1168,2025-10-15 10:19:00,4400.5,0,2,2,2,1,0,0,0
1169,2025-10-15 10:25:00,4396.6,0,1,1,1,1,0,0,0
1170,2025-10-15 10:41:00,4392.0,2,0,2,-2,1,0,0,0
1171,2025-10-15 11:01:00,4397.3,0,1,1,1,1,0,0,0
1172,2025-10-15 12:53:00,4383.9,0,1,1,1,1,0,0,0
1173,2025-10-15 12:58:00,4387.9,0,1,1,1,1,0,0,0
1174,2025-10-15 13:07:00,4380.3,0,0,2,0,1,0,0,0
1174,2025-10-15 13:07:00,4381.1,0,0,1,0,1,0,0,0
1175,2025-10-15 13:08:00,4382.5,1,0,1,-1,1,0,0,0
1176,2025-10-15 13:12:00,4389.6,0,1,1,1,1,0,0,0
1177,2025-10-15 13:20:00,4389.0,0,0,1,0,1,0,0,0
1178,2025-10-15 13:31:00,4390.9,0,1,1,1,1,0,0,0
1179,2025-10-15 13:32:00,4380.4,2,0,2,-2,1,0,0,0
1180,2025-10-15 13:35:00,4381.7,3,0,3,-3,1,0,0,0
1181,2025-10-15 13:38:00,4380.6,1,0,1,-1,1,0,0,0
1182,2025-10-15 13:39:00,4386.8,0,1,1,1,1,0,0,0
1182,2025-10-15 13:39:00,4387.2,2,0,2,-2,1,0,0,0
1182,2025-10-15 13:39:00,4387.9,0,0,1,0,1,0,0,0
1183,2025-10-15 13:40:00,4387.2,3,0,3,-3,2,0,0,0
1183,2025-10-15 13:40:00,4387.3,4,0,4,-4,3,0,0,0
1183,2025-10-15 13:40:00,4387.4,1,0,1,-1,1,0,0,0
1183,2025-10-15 13:40:00,4388.5,0,1,1,1,1,0,0,0
1184,2025-10-15 13:41:00,4388.9,2,2,5,0,5,0,0,0
1185,2025-10-15 13:44:00,4385.2,2,0,2,-2,1,0,0,0
1185,2025-10-15 13:44:00,4385.3,2,0,2,-2,1,0,0,0
1185,2025-10-15 13:44:00,4385.4,1,0,1,-1,1,0,0,0
1186,2025-10-15 13:45:00,4387.5,1,1,2,0,2,0,0,0
1186,2025-10-15 13:45:00,4387.6,3,0,3,-3,1,0,0,0
1187,2025-10-15 13:46:00,4385.0,0,1,5,1,5,0,0,0
1188,2025-10-15 13:48:00,4385.0,5,0,5,-5,2,0,0,0
1189,2025-10-15 13:51:00,4387.0,1,0,1,-1,1,0,0,0
1190,2025-10-15 13:52:00,4388.6,0,1,1,1,1,0,0,0
1190,2025-10-15 13:52:00,4388.8,4,0,4,-4,3,0,0,0
1190,2025-10-15 13:52:00,4388.9,1,0,1,-1,1,0,0,0
1191,2025-10-15 13:53:00,4390.0,0,2,4,2,4,0,0,0
1191,2025-10-15 13:53:00,4390.9,0,1,1,1,1,0,0,0
1192,2025-10-15 13:58:00,4386.8,0,1,1,1,1,0,0,0
1192,2025-10-15 13:58:00,4386.9,0,1,1,1,1,0,0,0
1192,2025-10-15 13:58:00,4387.2,0,3,3,3,1,0,0,0
1193,2025-10-15 14:00:00,4390.3,1,0,1,-1,1,0,0,0
1193,2025-10-15 14:00:00,4390.4,1,0,1,-1,1,0,0,0
1194,2025-10-15 14:02:00,4396.2,0,1,1,1,1,0,0,0
1195,2025-10-15 14:04:00,4398.7,1,0,1,-1,1,0,0,0
1195,2025-10-15 14:04:00,4398.8,2,0,2,-2,2,0,0,0
1195,2025-10-15 14:04:00,4398.9,2,0,2,-2,1,0,0,0
1196,2025-10-15 14:05:00,4395.4,0,1,1,1,1,0,0,0
1197,2025-10-15 14:06:00,4398.4,0,1,1,1,1,0,0,0
1198,2025-10-15 14:09:00,4398.8,0,1,1,1,1,0,0,0
1199,2025-10-15 14:10:00,4400.5,0,1,1,1,1,0,0,0
1200,2025-10-15 14:19:00,4403.9,0,1,1,1,1,0,0,0
1201,2025-10-15 14:20:00,4403.0,0,0,1,0,1,0,0,0
1202,2025-10-15 14:21:00,4405.7,0,2,2,2,2,0,0,0
1203,2025-10-15 14:42:00,4392.7,1,0,1,-1,1,0,0,0
1203,2025-10-15 14:42:00,4392.9,1,0,1,-1,1,0,0,0
1204,2025-10-15 14:48:00,4396.1,1,0,1,-1,1,0,0,0
1204,2025-10-15 14:48:00,4398.1,0,1,1,1,1,0,0,0
1205,2025-10-15 14:53:00,4391.0,1,0,1,-1,1,0,0,0
1206,2025-10-15 15:04:00,4390.0,1,0,2,-1,2,0,0,0
1207,2025-10-15 15:26:00,4400.3,0,1,1,1,1,0,0,0
1208,2025-10-15 15:29:00,4399.0,0,0,1,0,1,0,0,0
1209,2025-10-15 15:35:00,4383.0,0,0,1,0,1,0,0,0
1210,2025-10-15 15:41:00,4390.5,0,2,8,2,7,0,0,0
1210,2025-10-15 15:41:00,4390.6,1,0,1,-1,1,0,0,0
1210,2025-10-15 15:41:00,4390.7,1,0,1,-1,1,0,0,0
1211,2025-10-15 16:02:00,4383.3,1,0,1,-1,1,0,0,0
1212,2025-10-15 16:21:00,4389.7,1,0,1,-1,1,0,0,0
1213,2025-10-15 16:24:00,4393.0,0,0,10,0,5,0,0,0
1214,2025-10-15 16:56:00,4393.0,1,0,1,-1,1,0,0,0
1215,2025-10-15 17:12:00,4384.6,1,0,1,-1,1,0,0,0
1216,2025-10-15 17:28:00,4380.0,0,0,1,0,1,0,0,0
1217,2025-10-15 17:48:00,4390.1,0,0,1,0,1,0,0,0
1218,2025-10-15 18:07:00,4397.6,0,2,2,2,1,0,0,0
1218,2025-10-15 18:07:00,4398.3,1,0,1,-1,1,0,0,0
1219,2025-10-15 18:14:00,4396.2,0,2,2,2,1,0,0,0
1219,2025-10-15 18:14:00,4396.3,0,3,3,3,1,0,0,0
1219,2025-10-15 18:14:00,4396.4,0,3,3,3,1,0,0,0
1219,2025-10-15 18:14:00,4396.5,0,2,2,2,1,0,0,0
1220,2025-10-15 18:36:00,4394.2,0,0,1,0,1,0,0,0
1221,2025-10-15 20:08:00,4404.8,1,0,1,-1,1,0,0,0
1222,2025-10-15 22:15:00,4395.0,1,0,1,-1,1,0,0,0
1222,2025-10-15 22:15:00,4395.4,3,0,3,-3,1,0,0,0
1222,2025-10-15 22:15:00,4395.6,1,0,1,-1,1,0,0,0
1222,2025-10-15 22:15:00,4395.7,1,0,1,-1,1,0,0,0
1223,2025-10-15 23:41:00,4400.0,0,0,1,0,1,0,0,0
1224,2025-10-16 00:09:00,4403.5,0,6,9,6,9,0,0,0
1225,2025-10-16 00:12:00,4403.5,0,0,1,0,1,0,0,0
1226,2025-10-16 00:41:00,4415.0,0,0,3,0,3,0,0,0
1227,2025-10-16 00:42:00,4415.0,0,0,2,0,2,0,0,0
1228,2025-10-16 01:03:00,4406.4,1,0,1,-1,1,0,0,0
1228,2025-10-16 01:03:00,4408.1,1,0,1,-1,1,0,0,0
1229,2025-10-16 01:09:00,4407.3,1,0,1,-1,1,0,0,0
1229,2025-10-16 01:09:00,4407.4,1,0,1,-1,1,0,0,0
1230,2025-10-16 01:16:00,4415.2,1,0,1,-1,1,0,0,0
1231,2025-10-16 01:37:00,4420.0,1,0,1,-1,1,0,0,0
1232,2025-10-16 01:46:00,4420.0,3,0,5,-3,4,0,0,0
1233,2025-10-16 02:08:00,4425.0,0,1,1,1,1,0,0,0
1234,2025-10-16 02:13:00,4425.8,0,1,1,1,1,0,0,0
1235,2025-10-16 02:19:00,4425.0,0,0,1,0,1,0,0,0
1236,2025-10-16 02:31:00,4423.3,0,1,1,1,1,0,0,0
1237,2025-10-16 02:33:00,4418.1,1,0,1,-1,1,0,0,0
1238,2025-10-16 02:48:00,4426.0,0,0,1,0,1,0,0,0
1239,2025-10-16 02:55:00,4429.2,0,1,1,1,1,0,0,0
1239,2025-10-16 02:55:00,4429.3,0,0,1,0,1,0,0,0
1239,2025-10-16 02:55:00,4430.0,0,0,1,0,1,0,0,0
1240,2025-10-16 03:00:00,4432.0,0,1,1,1,1,0,0,0
1240,2025-10-16 03:00:00,4432.2,0,1,1,1,1,0,0,0
1240,2025-10-16 03:00:00,4432.7,0,1,1,1,1,0,0,0
1241,2025-10-16 03:38:00,4420.6,1,0,1,-1,1,0,0,0
1242,2025-10-16 04:45:00,4421.4,1,0,1,-1,1,0,0,0
1243,2025-10-16 05:33:00,4400.0,0,0,3,0,2,0,0,0
1244,2025-10-16 07:57:00,4419.4,1,0,1,-1,1,0,0,0
1244,2025-10-16 07:57:00,4419.9,0,0,1,0,1,0,0,0
1244,2025-10-16 07:57:00,4420.0,4,2,7,-2,3,0,0,0
1244,2025-10-16 07:57:00,4420.1,1,0,1,-1,1,0,0,0
1244,2025-10-16 07:57:00,4420.2,2,0,2,-2,1,0,0,0
1245,2025-10-16 08:06:00,4422.8,1,0,1,-1,1,0,0,0
1246,2025-10-16 09:12:00,4424.9,0,1,1,1,1,0,0,0
1247,2025-10-16 09:30:00,4417.1,1,0,1,-1,1,0,0,0
1248,2025-10-16 09:36:00,4416.0,1,0,1,-1,1,0,0,0
1248,2025-10-16 09:36:00,4416.8,1,0,1,-1,1,0,0,0
1249,2025-10-16 09:58:00,4434.0,0,0,3,0,1,0,0,0
1250,2025-10-16 09:59:00,4434.0,2,0,4,-2,4,0,0,0
1251,2025-10-16 10:01:00,4435.0,1,0,1,-1,1,0,0,0
1252,2025-10-16 10:34:00,4430.9,0,1,1,1,1,0,0,0
1253,2025-10-16 10:42:00,4431.3,1,0,1,-1,1,0,0,0
1254,2025-10-16 10:58:00,4440.0,1,0,1,-1,1,0,0,0
1255,2025-10-16 11:22:00,4441.0,0,1,1,1,1,0,0,0
1256,2025-10-16 11:27:00,4441.7,0,1,1,1,1,0,0,0
1256,2025-10-16 11:27:00,4441.8,0,1,1,1,1,0,0,0
1257,2025-10-16 11:36:00,4440.8,0,4,4,4,2,0,0,0
1258,2025-10-16 11:44:00,4445.0,0,2,2,2,2,0,0,0
1259,2025-10-16 11:47:00,4442.9,0,1,1,1,1,0,0,0
1260,2025-10-16 12:05:00,4438.5,0,1,1,1,1,0,0,0
1261,2025-10-16 12:26:00,4432.0,0,1,1,1,1,0,0,0
1261,2025-10-16 12:26:00,4432.2,0,1,1,1,1,0,0,0
1262,2025-10-16 12:29:00,4434.9,0,1,1,1,1,0,0,0
1262,2025-10-16 12:29:00,4435.0,0,1,1,1,1,0,0,0
1263,2025-10-16 12:30:00,4435.4,0,1,1,1,1,0,0,0
1264,2025-10-16 12:31:00,4438.9,0,1,1,1,1,0,0,0
1264,2025-10-16 12:31:00,4439.0,0,1,1,1,1,0,0,0
1265,2025-10-16 12:37:00,4445.0,1,0,1,-1,1,0,0,0
1265,2025-10-16 12:37:00,4446.7,0,2,2,2,2,0,0,0
1266,2025-10-16 12:41:00,4429.6,0,0,1,0,1,0,0,0
1267,2025-10-16 12:42:00,4433.2,0,2,2,2,1,0,0,0
1268,2025-10-16 12:50:00,4435.3,0,1,1,1,1,0,0,0
1268,2025-10-16 12:50:00,4435.5,0,1,1,1,1,0,0,0
1269,2025-10-16 12:53:00,4434.4,0,1,1,1,1,0,0,0
1270,2025-10-16 13:01:00,4439.4,0,1,1,1,1,0,0,0
1270,2025-10-16 13:01:00,4439.5,0,1,1,1,1,0,0,0
1270,2025-10-16 13:01:00,4439.6,0,1,1,1,1,0,0,0
1271,2025-10-16 13:04:00,4437.8,0,1,1,1,1,0,0,0
1271,2025-10-16 13:04:00,4437.9,0,1,1,1,1,0,0,0
1272,2025-10-16 13:19:00,4444.6,0,1,1,1,1,0,0,0
1273,2025-10-16 13:32:00,4443.5,0,1,1,1,1,0,0,0
1274,2025-10-16 13:36:00,4445.7,0,1,1,1,1,0,0,0
1274,2025-10-16 13:36:00,4445.8,0,1,1,1,1,0,0,0
1275,2025-10-16 13:37:00,4450.0,1,0,1,-1,1,0,0,0
1276,2025-10-16 13:38:00,4449.0,0,0,1,0,1,0,0,0
1277,2025-10-16 13:43:00,4454.0,1,0,1,-1,1,0,0,0
1278,2025-10-16 13:55:00,4449.3,0,1,1,1,1,0,0,0
1279,2025-10-16 14:01:00,4451.8,1,0,1,-1,1,0,0,0
1280,2025-10-16 14:07:00,4456.6,5,0,5,-5,3,0,0,0
1281,2025-10-16 14:15:00,4461.7,1,0,1,-1,1,0,0,0
1281,2025-10-16 14:15:00,4461.8,2,0,2,-2,1,0,0,0
1281,2025-10-16 14:15:00,4461.9,1,0,1,-1,1,0,0,0
1281,2025-10-16 14:15:00,4462.4,1,0,1,-1,1,0,0,0
1281,2025-10-16 14:15:00,4462.9,0,1,1,1,1,0,0,0
1282,2025-10-16 14:35:00,4463.9,1,0,1,-1,1,0,0,0
1283,2025-10-16 15:00:00,4460.0,0,0,1,0,1,0,0,0
1284,2025-10-16 15:06:00,4467.0,0,0,1,0,1,0,0,0
1284,2025-10-16 15:06:00,4467.6,0,1,1,1,1,0,0,0
1285,2025-10-16 15:12:00,4466.0,0,0,1,0,1,0,0,0
1286,2025-10-16 15:18:00,4470.9,2,0,2,-2,1,0,0,0
1287,2025-10-16 15:19:00,4470.9,0,0,3,0,3,0,0,0
1288,2025-10-16 15:20:00,4470.4,0,1,1,1,1,0,0,0
1289,2025-10-16 15:21:00,4468.3,0,0,1,0,1,0,0,0
1290,2025-10-16 15:34:00,4470.4,0,0,1,0,1,0,0,0
1291,2025-10-16 15:40:00,4469.5,0,0,1,0,1,0,0,0
1292,2025-10-16 16:00:00,4472.5,0,1,1,1,1,0,0,0
1293,2025-10-16 16:02:00,4473.2,1,0,1,-1,1,0,0,0
1293,2025-10-16 16:02:00,4473.9,0,2,2,2,2,0,0,0
1294,2025-10-16 16:34:00,4480.0,0,0,1,0,1,0,0,0
1295,2025-10-16 16:37:00,4469.8,0,1,1,1,1,0,0,0
1296,2025-10-16 16:41:00,4456.7,0,0,2,0,1,0,0,0
1297,2025-10-16 16:42:00,4468.9,0,1,1,1,1,0,0,0
1297,2025-10-16 16:42:00,4469.0,0,1,1,1,1,0,0,0
1297,2025-10-16 16:42:00,4469.1,0,1,1,1,1,0,0,0
1298,2025-10-16 16:45:00,4463.6,0,1,1,1,1,0,0,0
1299,2025-10-16 17:20:00,4491.0,0,0,1,0,1,0,0,0
1300,2025-10-16 17:25:00,4486.6,1,0,1,-1,1,0,0,0
1301,2025-10-16 17:29:00,4484.6,0,1,1,1,1,0,0,0
1301,2025-10-16 17:29:00,4484.7,0,1,1,1,1,0,0,0
1302,2025-10-16 17:30:00,4486.6,1,0,1,-1,1,0,0,0
1303,2025-10-16 17:35:00,4491.1,1,0,1,-1,1,0,0,0
1304,2025-10-16 17:36:00,4492.4,0,1,1,1,1,0,0,0
1304,2025-10-16 17:36:00,4492.5,0,1,1,1,1,0,0,0
1304,2025-10-16 17:36:00,4493.7,0,1,1,1,1,0,0,0
1305,2025-10-16 17:37:00,4492.5,0,1,1,1,1,0,0,0
1306,2025-10-16 17:39:00,4491.4,1,0,1,-1,1,0,0,0
1307,2025-10-16 17:40:00,4488.0,1,0,1,-1,1,0,0,0
1308,2025-10-16 17:43:00,4484.2,1,0,1,-1,1,0,0,0
1309,2025-10-16 18:06:00,4488.8,0,1,1,1,1,0,0,0
1310,2025-10-16 19:54:00,4499.0,0,0,1,0,1,0,0,0
1310,2025-10-16 19:54:00,4500.1,0,0,1,0,1,0,0,0
1311,2025-10-16 19:56:00,4505.3,1,0,1,-1,1,0,0,0
1311,2025-10-16 19:56:00,4508.1,0,1,1,1,1,0,0,0
1312,2025-10-16 20:02:00,4507.6,1,0,1,-1,1,0,0,0
1313,2025-10-16 20:06:00,4512.8,1,0,1,-1,1,0,0,0
1314,2025-10-16 20:24:00,4510.0,0,0,1,0,1,0,0,0
1315,2025-10-16 20:26:00,4513.4,0,2,2,2,1,0,0,0
1316,2025-10-16 20:47:00,4518.4,0,1,1,1,1,0,0,0
1317,2025-10-16 20:48:00,4518.3,0,0,1,0,1,0,0,0
1318,2025-10-16 20:53:00,4521.0,0,0,1,0,1,0,0,0
1319,2025-10-16 22:05:00,4530.0,0,0,1,0,1,0,0,0
1320,2025-10-16 22:10:00,4549.7,0,1,1,1,1,0,0,0
1321,2025-10-16 22:16:00,4553.0,0,0,2,0,1,0,0,0
1322,2025-10-16 22:30:00,4560.0,0,0,1,0,1,0,0,0
1323,2025-10-16 22:43:00,4552.1,0,1,1,1,1,0,0,0
1324,2025-10-16 22:47:00,4558.4,0,1,1,1,1,0,0,0
1325,2025-10-16 22:55:00,4540.0,0,0,1,0,1,0,0,0
1326,2025-10-16 23:51:00,4572.7,0,1,1,1,1,0,0,0
1327,2025-10-17 00:36:00,4550.0,0,0,1,0,1,0,0,0
1328,2025-10-17 00:41:00,4560.1,0,0,1,0,1,0,0,0
1329,2025-10-17 01:02:00,4545.1,1,0,1,-1,1,0,0,0
1329,2025-10-17 01:02:00,4547.3,1,0,1,-1,1,0,0,0
1330,2025-10-17 01:06:00,4545.3,1,0,1,-1,1,0,0,0
1331,2025-10-17 01:08:00,4542.4,1,0,1,-1,1,0,0,0
1332,2025-10-17 01:11:00,4552.5,0,1,1,1,1,0,0,0
1333,2025-10-17 01:25:00,4528.0,1,0,1,-1,1,0,0,0
1333,2025-10-17 01:25:00,4528.8,1,0,1,-1,1,0,0,0
1333,2025-10-17 01:25:00,4530.0,0,0,1,0,1,0,0,0
1334,2025-10-17 01:31:00,4525.0,1,0,2,-1,2,0,0,0
1335,2025-10-17 01:32:00,4517.0,0,0,1,0,1,0,0,0
1336,2025-10-17 01:42:00,4500.0,0,0,2,0,2,0,0,0
1337,2025-10-17 02:09:00,4521.0,0,0,1,0,1,0,0,0
1338,2025-10-17 02:16:00,4517.5,1,0,1,-1,1,0,0,0
1339,2025-10-17 02:22:00,4517.0,0,0,1,0,1,0,0,0
1340,2025-10-17 02:25:00,4521.0,0,0,1,0,1,0,0,0
1341,2025-10-17 02:33:00,4530.3,0,1,1,1,1,0,0,0
1342,2025-10-17 03:44:00,4548.0,0,1,1,1,1,0,0,0
1343,2025-10-17 04:50:00,4559.9,0,0,3,0,3,0,0,0
1343,2025-10-17 04:50:00,4560.2,1,0,2,-1,2,0,0,0
1344,2025-10-17 05:17:00,4556.8,1,0,1,-1,1,0,0,0
1345,2025-10-17 05:18:00,4553.1,1,0,1,-1,1,0,0,0
1346,2025-10-17 06:01:00,4561.7,0,1,1,1,1,0,0,0
1347,2025-10-17 06:50:00,4556.7,1,0,1,-1,1,0,0,0
1348,2025-10-17 06:52:00,4557.0,0,1,1,1,1,0,0,0
1349,2025-10-17 06:59:00,4552.7,0,0,1,0,1,0,0,0
1350,2025-10-17 07:20:00,4505.0,0,0,1,0,1,0,0,0
1350,2025-10-17 07:20:00,4530.0,0,0,1,0,1,0,0,0
1351,2025-10-17 07:21:00,4528.2,0,0,1,0,1,0,0,0
1352,2025-10-17 07:27:00,4538.0,1,0,1,-1,1,0,0,0
1353,2025-10-17 08:08:00,4520.0,0,0,1,0,1,0,0,0
1354,2025-10-17 10:37:00,4520.0,0,0,1,0,1,0,0,0
1355,2025-10-17 11:01:00,4520.7,1,0,1,-1,1,0,0,0
1356,2025-10-17 11:17:00,4514.4,1,0,1,-1,1,0,0,0
1356,2025-10-17 11:17:00,4515.0,0,0,1,0,1,0,0,0
1357,2025-10-17 11:45:00,4500.0,0,0,1,0,1,0,0,0
1358,2025-10-17 11:56:00,4490.0,0,0,1,0,1,0,0,0
1359,2025-10-17 12:09:00,4494.9,0,1,1,1,1,0,0,0
1360,2025-10-17 12:12:00,4500.0,0,0,3,0,1,0,0,0
1361,2025-10-17 12:13:00,4501.7,0,1,1,1,1,0,0,0
1361,2025-10-17 12:13:00,4501.8,0,1,1,1,1,0,0,0
1362,2025-10-17 12:15:00,4500.6,1,0,1,-1,1,0,0,0
1363,2025-10-17 12:16:00,4498.6,1,0,1,-1,1,0,0,0
1364,2025-10-17 12:25:00,4486.5,1,0,1,-1,1,0,0,0
1364,2025-10-17 12:25:00,4487.5,0,1,1,1,1,0,0,0
1365,2025-10-17 13:00:00,4505.0,0,0,1,0,1,0,0,0
1366,2025-10-17 13:04:00,4493.6,2,0,2,-2,2,0,0,0
1367,2025-10-17 13:33:00,4488.0,0,0,1,0,1,0,0,0
1368,2025-10-17 13:35:00,4460.0,0,0,1,0,1,0,0,0
1368,2025-10-17 13:35:00,4462.1,2,0,2,-2,1,0,0,0
1368,2025-10-17 13:35:00,4462.3,1,0,1,-1,1,0,0,0
1368,2025-10-17 13:35:00,4462.6,1,0,1,-1,1,0,0,0
1368,2025-10-17 13:35:00,4462.7,1,0,1,-1,1,0,0,0
1369,2025-10-17 13:37:00,4455.2,1,0,1,-1,1,0,0,0
1370,2025-10-17 13:46:00,4482.2,2,0,2,-2,1,0,0,0
1371,2025-10-17 13:53:00,4477.5,0,2,2,2,1,0,0,0
1372,2025-10-17 14:06:00,4431.5,1,0,1,-1,1,0,0,0
1373,2025-10-17 14:07:00,4425.4,1,0,1,-1,1,0,0,0
1373,2025-10-17 14:07:00,4428.0,0,0,1,0,1,0,0,0
1374,2025-10-17 14:10:00,4433.8,0,1,1,1,1,0,0,0
1375,2025-10-17 14:11:00,4438.6,0,1,1,1,1,0,0,0
1376,2025-10-17 14:12:00,4436.6,0,1,1,1,1,0,0,0
1377,2025-10-17 14:14:00,4417.5,1,0,1,-1,1,0,0,0
1378,2025-10-17 14:20:00,4425.0,0,0,1,0,1,0,0,0
1379,2025-10-17 14:21:00,4419.0,1,0,1,-1,1,0,0,0
1380,2025-10-17 14:31:00,4435.7,0,1,1,1,1,0,0,0
1381,2025-10-17 14:38:00,4442.8,0,1,1,1,1,0,0,0
1382,2025-10-17 14:46:00,4439.6,2,0,2,-2,1,0,0,0
1383,2025-10-17 14:55:00,4451.8,0,1,1,1,1,0,0,0
1384,2025-10-17 14:57:00,4445.4,1,0,1,-1,1,0,0,0
1385,2025-10-17 14:59:00,4438.1,1,0,1,-1,1,0,0,0
1385,2025-10-17 14:59:00,4438.2,2,0,2,-2,1,0,0,0
1386,2025-10-17 15:00:00,4437.5,0,0,1,0,1,0,0,0
1387,2025-10-17 15:02:00,4451.8,0,1,1,1,1,0,0,0
1388,2025-10-17 15:03:00,4451.9,0,1,1,1,1,0,0,0
1388,2025-10-17 15:03:00,4452.0,0,1,1,1,1,0,0,0
1389,2025-10-17 15:39:00,4444.5,1,0,1,-1,1,0,0,0
1390,2025-10-17 16:07:00,4423.2,1,0,1,-1,1,0,0,0
1390,2025-10-17 16:07:00,4423.3,1,0,1,-1,1,0,0,0
1391,2025-10-17 16:11:00,4425.7,0,1,1,1,1,0,0,0
1392,2025-10-17 16:30:00,4405.8,0,0,1,0,1,0,0,0
1393,2025-10-17 16:31:00,4404.0,1,0,2,-1,2,0,0,0
1393,2025-10-17 16:31:00,4407.6,0,1,1,1,1,0,0,0
1394,2025-10-17 16:33:00,4400.0,0,0,1,0,1,0,0,0
1395,2025-10-17 16:37:00,4401.2,1,0,1,-1,1,0,0,0
1396,2025-10-17 16:45:00,4394.1,1,0,1,-1,1,0,0,0
1397,2025-10-17 16:46:00,4393.2,0,1,1,1,1,0,0,0
1398,2025-10-17 16:49:00,4403.3,0,1,1,1,1,0,0,0
1399,2025-10-17 16:54:00,4398.7,1,0,1,-1,1,0,0,0
1400,2025-10-17 16:56:00,4387.4,1,0,1,-1,1,0,0,0
1401,2025-10-17 17:02:00,4387.5,0,1,1,1,1,0,0,0
1402,2025-10-17 17:03:00,4381.8,1,0,1,-1,1,0,0,0
1402,2025-10-17 17:03:00,4381.9,1,0,1,-1,1,0,0,0
1402,2025-10-17 17:03:00,4382.0,1,0,1,-1,1,0,0,0
1403,2025-10-17 17:07:00,4387.0,0,1,1,1,1,0,0,0
1403,2025-10-17 17:07:00,4388.0,0,1,1,1,1,0,0,0
1404,2025-10-17 17:14:00,4389.8,0,1,1,1,1,0,0,0
1405,2025-10-17 17:15:00,4393.8,0,1,1,1,1,0,0,0
1406,2025-10-17 17:16:00,4392.9,1,1,2,0,2,0,0,0
1406,2025-10-17 17:16:00,4393.3,0,1,1,1,1,0,0,0
1407,2025-10-17 17:31:00,4386.3,1,0,1,-1,1,0,0,0
1408,2025-10-17 17:41:00,4412.3,0,1,1,1,1,0,0,0
1409,2025-10-17 17:47:00,4411.8,0,1,1,1,1,0,0,0
1409,2025-10-17 17:47:00,4414.1,0,1,1,1,1,0,0,0
1410,2025-10-17 18:02:00,4412.0,0,0,1,0,1,0,0,0
1411,2025-10-17 18:08:00,4425.0,0,0,1,0,1,0,0,0
1412,2025-10-17 18:13:00,4421.2,1,0,1,-1,1,0,0,0
1413,2025-10-17 18:14:00,4420.8,1,0,1,-1,1,0,0,0
1413,2025-10-17 18:14:00,4421.3,0,0,1,0,1,0,0,0
1414,2025-10-17 18:15:00,4422.7,0,0,1,0,1,0,0,0
1415,2025-10-17 18:23:00,4427.5,0,0,1,0,1,0,0,0
1416,2025-10-17 19:16:00,4411.7,0,1,1,1,1,0,0,0
1417,2025-10-17 19:19:00,4403.5,0,1,1,1,1,0,0,0
1418,2025-10-17 19:26:00,4408.4,1,0,1,-1,1,0,0,0
1418,2025-10-17 19:26:00,4408.5,1,0,1,-1,1,0,0,0
1419,2025-10-17 19:58:00,4416.0,0,0,1,0,1,0,0,0
1420,2025-10-17 19:59:00,4419.7,0,1,4,1,3,0,0,0
1421,2025-10-17 20:26:00,4430.0,0,0,1,0,1,0,0,0
1422,2025-10-17 20:29:00,4437.2,0,2,2,2,1,0,0,0
1422,2025-10-17 20:29:00,4437.4,0,1,1,1,1,0,0,0
1423,2025-10-17 20:35:00,4433.1,1,0,1,-1,1,0,0,0
1423,2025-10-17 20:35:00,4433.2,0,0,1,0,1,0,0,0
1424,2025-10-17 20:43:00,4437.5,0,0,3,0,3,0,0,0
1425,2025-10-17 20:47:00,4441.7,0,1,1,1,1,0,0,0
1426,2025-10-19 22:38:00,4445.0,0,0,1,0,1,0,0,0
1427,2025-10-19 22:49:00,4452.1,0,1,1,1,1,0,0,0
1428,2025-10-19 23:11:00,4441.9,0,1,1,1,1,0,0,0
1429,2025-10-19 23:13:00,4436.4,1,0,1,-1,1,0,0,0
1430,2025-10-20 00:19:00,4410.9,0,0,2,0,2,0,0,0
1431,2025-10-20 00:29:00,4406.7,1,0,1,-1,1,0,0,0
1432,2025-10-20 00:30:00,4410.4,0,0,2,0,1,0,0,0
1433,2025-10-20 00:38:00,4425.0,1,0,1,-1,1,0,0,0
1434,2025-10-20 00:40:00,4422.9,1,0,1,-1,1,0,0,0
1435,2025-10-20 01:11:00,4434.0,0,1,1,1,1,0,0,0
1436,2025-10-20 01:16:00,4442.0,0,0,1,0,1,0,0,0
1437,2025-10-20 01:22:00,4440.0,1,0,1,-1,1,0,0,0
1438,2025-10-20 01:31:00,4441.8,1,0,1,-1,1,0,0,0
1438,2025-10-20 01:31:00,4442.0,1,0,1,-1,1,0,0,0
1439,2025-10-20 01:35:00,4447.2,1,0,1,-1,1,0,0,0
1440,2025-10-20 01:36:00,4446.2,1,0,1,-1,1,0,0,0
1441,2025-10-20 01:44:00,4452.0,0,0,1,0,1,0,0,0
1441,2025-10-20 01:44:00,4452.6,0,1,1,1,1,0,0,0
1442,2025-10-20 01:46:00,4449.2,1,0,1,-1,1,0,0,0
1442,2025-10-20 01:46:00,4450.2,1,0,1,-1,1,0,0,0
1443,2025-10-20 01:52:00,4454.6,0,1,1,1,1,0,0,0
1444,2025-10-20 01:59:00,4449.2,1,0,1,-1,1,0,0,0
1444,2025-10-20 01:59:00,4451.0,0,2,2,2,1,0,0,0
1444,2025-10-20 01:59:00,4451.1,0,1,1,1,1,0,0,0
1444,2025-10-20 01:59:00,4451.4,0,1,1,1,1,0,0,0
1444,2025-10-20 01:59:00,4451.5,0,1,1,1,1,0,0,0
1445,2025-10-20 02:00:00,4450.9,1,0,1,-1,1,0,0,0
1445,2025-10-20 02:00:00,4451.0,1,0,1,-1,1,0,0,0
1445,2025-10-20 02:00:00,4452.5,1,0,1,-1,1,0,0,0
1446,2025-10-20 02:02:00,4450.1,0,0,1,0,1,0,0,0
1447,2025-10-20 02:34:00,4453.5,1,0,1,-1,1,0,0,0
1447,2025-10-20 02:34:00,4454.5,1,0,1,-1,1,0,0,0
1448,2025-10-20 02:39:00,4452.8,0,1,1,1,1,0,0,0
1449,2025-10-20 02:55:00,4441.4,0,1,1,1,1,0,0,0
1450,2025-10-20 03:35:00,4436.7,1,0,1,-1,1,0,0,0
1450,2025-10-20 03:35:00,4438.0,0,0,1,0,1,0,0,0
1451,2025-10-20 06:11:00,4429.4,0,1,1,1,1,0,0,0
1452,2025-10-20 06:19:00,4426.0,1,0,1,-1,1,0,0,0
1453,2025-10-20 06:31:00,4413.3,1,0,1,-1,1,0,0,0
1454,2025-10-20 08:35:00,4454.3,0,1,1,1,1,0,0,0
1455,2025-10-20 10:48:00,4449.0,0,1,1,1,1,0,0,0
1456,2025-10-20 12:07:00,4467.0,0,1,1,1,1,0,0,0
1457,2025-10-20 12:11:00,4469.0,0,0,1,0,1,0,0,0
1458,2025-10-20 12:22:00,4488.0,0,0,2,0,1,0,0,0
1458,2025-10-20 12:22:00,4488.2,0,1,1,1,1,0,0,0
1459,2025-10-20 12:43:00,4517.6,0,2,2,2,1,0,0,0
1460,2025-10-20 12:59:00,4521.5,0,1,1,1,1,0,0,0
1461,2025-10-20 13:00:00,4515.9,0,1,1,1,1,0,0,0
1461,2025-10-20 13:00:00,4517.1,0,0,1,0,1,0,0,0
1461,2025-10-20 13:00:00,4520.0,0,0,1,0,1,0,0,0
1462,2025-10-20 13:03:00,4515.0,0,0,1,0,1,0,0,0
1463,2025-10-20 13:29:00,4516.7,0,1,1,1,1,0,0,0
1464,2025-10-20 13:30:00,4516.3,0,0,1,0,1,0,0,0
1465,2025-10-20 13:35:00,4502.8,0,2,2,2,1,0,0,0
1465,2025-10-20 13:35:00,4502.9,0,1,1,1,1,0,0,0
1466,2025-10-20 14:20:00,4530.0,0,0,1,0,1,0,0,0
1467,2025-10-20 14:47:00,4529.3,0,0,1,0,1,0,0,0
1468,2025-10-20 14:49:00,4527.2,0,0,1,0,1,0,0,0
1469,2025-10-20 14:55:00,4527.0,0,0,1,0,1,0,0,0
1470,2025-10-20 15:03:00,4535.1,0,0,1,0,1,0,0,0
1471,2025-10-20 15:11:00,4539.5,0,0,3,0,1,0,0,0
1471,2025-10-20 15:11:00,4540.1,0,1,1,1,1,0,0,0
1472,2025-10-20 15:16:00,4544.4,0,0,1,0,1,0,0,0
1473,2025-10-20 15:21:00,4548.3,1,0,1,-1,1,0,0,0
1474,2025-10-20 15:27:00,4540.0,0,0,1,0,1,0,0,0
1474,2025-10-20 15:27:00,4540.6,0,1,1,1,1,0,0,0
1475,2025-10-20 16:42:00,4542.5,3,0,3,-3,1,0,0,0
1476,2025-10-20 18:25:00,4548.1,2,0,2,-2,1,0,0,0
1477,2025-10-20 18:28:00,4550.0,0,1,1,1,1,0,0,0
1477,2025-10-20 18:28:00,4551.3,0,1,1,1,1,0,0,0
1477,2025-10-20 18:28:00,4552.0,0,1,1,1,1,0,0,0
1478,2025-10-20 19:57:00,4575.9,1,0,1,-1,1,0,0,0
1479,2025-10-20 20:07:00,4564.3,0,1,1,1,1,0,0,0
1480,2025-10-20 20:13:00,4558.0,0,0,1,0,1,0,0,0
1481,2025-10-20 20:14:00,4558.0,0,1,1,1,1,0,0,0
1482,2025-10-20 20:15:00,4557.0,1,0,1,-1,1,0,0,0
1483,2025-10-20 20:22:00,4554.8,0,0,1,0,1,0,0,0
1484,2025-10-20 20:26:00,4557.0,0,0,1,0,1,0,0,0
1485,2025-10-20 22:03:00,4565.3,1,0,1,-1,1,0,0,0
1486,2025-10-20 22:04:00,4562.2,0,1,1,1,1,0,0,0
1487,2025-10-20 22:17:00,4567.7,0,1,1,1,1,0,0,0
1488,2025-10-20 23:29:00,4560.0,0,0,1,0,1,0,0,0
1489,2025-10-21 00:33:00,4566.0,0,0,1,0,1,0,0,0
1490,2025-10-21 00:45:00,4566.7,0,0,1,0,1,0,0,0
1491,2025-10-21 01:21:00,4556.1,1,0,1,-1,1,0,0,0
1492,2025-10-21 01:24:00,4550.7,1,0,1,-1,1,0,0,0
1493,2025-10-21 01:29:00,4545.2,1,0,1,-1,1,0,0,0
1493,2025-10-21 01:29:00,4545.6,1,0,1,-1,1,0,0,0
1494,2025-10-21 01:37:00,4532.8,0,1,1,1,1,0,0,0
1494,2025-10-21 01:37:00,4535.0,1,0,2,-1,2,0,0,0
1495,2025-10-21 04:42:00,4536.9,0,1,1,1,1,0,0,0
1496,2025-10-21 05:18:00,4527.6,1,0,1,-1,1,0,0,0
1497,2025-10-21 07:39:00,4491.9,1,0,1,-1,1,0,0,0
1497,2025-10-21 07:39:00,4495.0,0,0,5,0,4,0,0,0
1498,2025-10-21 08:03:00,4475.2,1,0,1,-1,1,0,0,0
1499,2025-10-21 08:05:00,4464.4,1,0,1,-1,1,0,0,0
1499,2025-10-21 08:05:00,4464.7,1,0,1,-1,1,0,0,0
1499,2025-10-21 08:05:00,4464.8,1,0,1,-1,1,0,0,0
1499,2025-10-21 08:05:00,4465.1,1,0,1,-1,1,0,0,0
1499,2025-10-21 08:05:00,4465.3,1,0,1,-1,1,0,0,0
1500,2025-10-21 08:13:00,4450.0,0,0,1,0,1,0,0,0
1501,2025-10-21 08:25:00,4454.7,0,0,1,0,1,0,0,0
1502,2025-10-21 08:26:00,4454.5,0,0,1,0,1,0,0,0
1502,2025-10-21 08:26:00,4456.3,0,0,1,0,1,0,0,0
1503,2025-10-21 08:27:00,4452.4,0,0,1,0,1,0,0,0
1503,2025-10-21 08:27:00,4454.8,0,0,1,0,1,0,0,0
1504,2025-10-21 08:28:00,4454.5,0,0,1,0,1,0,0,0
1505,2025-10-21 08:29:00,4457.2,0,0,1,0,1,0,0,0
1505,2025-10-21 08:29:00,4458.3,0,0,1,0,1,0,0,0
1505,2025-10-21 08:29:00,4459.0,0,0,1,0,1,0,0,0
1505,2025-10-21 08:29:00,4459.1,0,0,1,0,1,0,0,0
1505,2025-10-21 08:29:00,4459.9,0,0,1,0,1,0,0,0
1505,2025-10-21 08:29:00,4460.0,0,0,1,0,1,0,0,0
1506,2025-10-21 08:30:00,4458.0,0,0,1,0,1,0,0,0
1506,2025-10-21 08:30:00,4458.1,0,0,1,0,1,0,0,0
1506,2025-10-21 08:30:00,4458.2,0,0,1,0,1,0,0,0
1506,2025-10-21 08:30:00,4458.3,0,0,1,0,1,0,0,0
1507,2025-10-21 08:31:00,4458.4,0,0,1,0,1,0,0,0
1507,2025-10-21 08:31:00,4458.5,0,0,1,0,1,0,0,0
1507,2025-10-21 08:31:00,4459.2,0,0,1,0,1,0,0,0
1507,2025-10-21 08:31:00,4459.3,0,0,1,0,1,0,0,0
1508,2025-10-21 08:32:00,4459.6,0,0,1,0,1,0,0,0
1508,2025-10-21 08:32:00,4459.7,0,0,1,0,1,0,0,0
1508,2025-10-21 08:32:00,4459.8,0,0,1,0,1,0,0,0
1508,2025-10-21 08:32:00,4459.9,0,0,2,0,2,0,0,0
1508,2025-10-21 08:32:00,4460.0,0,0,1,0,1,0,0,0
1509,2025-10-21 08:33:00,4457.3,0,0,1,0,1,0,0,0
1509,2025-10-21 08:33:00,4457.4,0,0,1,0,1,0,0,0
1509,2025-10-21 08:33:00,4458.2,0,0,1,0,1,0,0,0
1509,2025-10-21 08:33:00,4458.3,0,0,1,0,1,0,0,0
1509,2025-10-21 08:33:00,4459.9,0,0,1,0,1,0,0,0
1509,2025-10-21 08:33:00,4460.0,0,0,1,0,1,0,0,0
1510,2025-10-21 08:34:00,4459.8,0,0,2,0,2,0,0,0
1510,2025-10-21 08:34:00,4459.9,0,0,1,0,1,0,0,0
1510,2025-10-21 08:34:00,4460.0,0,0,1,0,1,0,0,0
1511,2025-10-21 08:35:00,4459.0,0,0,1,0,1,0,0,0
1511,2025-10-21 08:35:00,4459.1,0,0,1,0,1,0,0,0
1512,2025-10-21 08:36:00,4459.0,0,0,1,0,1,0,0,0
1512,2025-10-21 08:36:00,4459.1,0,0,1,0,1,0,0,0
1512,2025-10-21 08:36:00,4459.2,0,0,1,0,1,0,0,0
1512,2025-10-21 08:36:00,4459.8,0,0,2,0,2,0,0,0
1512,2025-10-21 08:36:00,4459.9,0,0,2,0,2,0,0,0
1512,2025-10-21 08:36:00,4460.0,0,0,2,0,2,0,0,0
1513,2025-10-21 08:37:00,4458.9,0,0,1,0,1,0,0,0
1513,2025-10-21 08:37:00,4459.7,0,1,1,1,1,0,0,0
1513,2025-10-21 08:37:00,4459.9,0,0,1,0,1,0,0,0
1513,2025-10-21 08:37:00,4460.0,0,0,1,0,1,0,0,0
1514,2025-10-21 08:38:00,4459.2,0,1,1,1,1,0,0,0
1515,2025-10-21 08:42:00,4459.0,0,0,1,0,1,0,0,0
1515,2025-10-21 08:42:00,4459.7,0,0,1,0,1,0,0,0
1515,2025-10-21 08:42:00,4459.8,0,0,1,0,1,0,0,0
1515,2025-10-21 08:42:00,4459.9,0,0,1,0,1,0,0,0
1515,2025-10-21 08:42:00,4460.0,0,1,2,1,2,0,0,0
1516,2025-10-21 08:43:00,4458.7,0,0,1,0,1,0,0,0
1517,2025-10-21 08:50:00,4460.8,1,0,1,-1,1,0,0,0
1518,2025-10-21 09:02:00,4467.5,1,0,3,-1,3,0,0,0
1518,2025-10-21 09:02:00,4469.8,0,0,1,0,1,0,0,0
1518,2025-10-21 09:02:00,4469.9,0,0,1,0,1,0,0,0
1518,2025-10-21 09:02:00,4470.0,0,0,1,0,1,0,0,0
1519,2025-10-21 09:03:00,4465.6,0,2,2,2,1,0,0,0
1519,2025-10-21 09:03:00,4465.7,0,1,3,1,3,0,0,0
1519,2025-10-21 09:03:00,4466.5,1,0,1,-1,1,0,0,0
1519,2025-10-21 09:03:00,4466.9,1,0,1,-1,1,0,0,0
1519,2025-10-21 09:03:00,4468.0,0,1,1,1,1,0,0,0
1519,2025-10-21 09:03:00,4468.2,0,2,2,2,1,0,0,0
1519,2025-10-21 09:03:00,4468.5,0,0,2,0,1,0,0,0
1520,2025-10-21 09:04:00,4465.9,0,0,1,0,1,0,0,0
1520,2025-10-21 09:04:00,4466.7,0,0,2,0,2,0,0,0
1520,2025-10-21 09:04:00,4467.0,0,0,2,0,1,0,0,0
1520,2025-10-21 09:04:00,4467.6,0,2,2,2,1,0,0,0
1521,2025-10-21 09:06:00,4458.0,1,0,1,-1,1,0,0,0
1522,2025-10-21 09:07:00,4463.8,0,1,1,1,1,0,0,0
1523,2025-10-21 09:08:00,4462.2,1,0,1,-1,1,0,0,0
1523,2025-10-21 09:08:00,4462.9,0,0,1,0,1,0,0,0
1524,2025-10-21 09:09:00,4460.5,0,2,2,2,1,0,0,0
1525,2025-10-21 09:12:00,4452.1,1,0,1,-1,1,0,0,0
1526,2025-10-21 09:18:00,4459.7,1,0,1,-1,1,0,0,0
1527,2025-10-21 10:06:00,4458.0,0,1,1,1,1,0,0,0
1528,2025-10-21 10:15:00,4446.2,1,0,1,-1,1,0,0,0
1529,2025-10-21 10:45:00,4449.2,1,0,1,-1,1,0,0,0
1530,2025-10-21 10:57:00,4447.4,1,0,1,-1,1,0,0,0
1531,2025-10-21 11:00:00,4444.4,1,0,1,-1,1,0,0,0
1532,2025-10-21 11:52:00,4444.4,0,0,1,0,1,0,0,0
1533,2025-10-21 11:54:00,4446.5,1,0,1,-1,1,0,0,0
1533,2025-10-21 11:54:00,4446.6,1,0,1,-1,1,0,0,0
1534,2025-10-21 11:56:00,4438.5,1,0,1,-1,1,0,0,0
1535,2025-10-21 12:06:00,4444.0,0,0,1,0,1,0,0,0
1536,2025-10-21 12:08:00,4443.7,0,0,3,0,2,0,0,0
1537,2025-10-21 12:11:00,4417.8,1,0,1,-1,1,0,0,0
1538,2025-10-21 12:12:00,4415.0,1,0,1,-1,1,0,0,0
1539,2025-10-21 12:14:00,4406.0,0,0,1,0,1,0,0,0
1540,2025-10-21 12:15:00,4420.0,0,0,1,0,1,0,0,0
1541,2025-10-21 12:32:00,4410.0,0,0,1,0,1,0,0,0
1542,2025-10-21 12:46:00,4396.4,1,0,1,-1,1,0,0,0
1542,2025-10-21 12:46:00,4396.6,1,0,1,-1,1,0,0,0
1542,2025-10-21 12:46:00,4400.0,0,0,1,0,1,0,0,0
1542,2025-10-21 12:46:00,4402.9,0,0,1,0,1,0,0,0
1543,2025-10-21 12:51:00,4400.0,1,0,1,-1,1,0,0,0
1544,2025-10-21 12:55:00,4401.4,0,0,1,0,1,0,0,0
1545,2025-10-21 13:00:00,4394.3,1,0,1,-1,1,0,0,0
1546,2025-10-21 13:37:00,4400.0,0,0,1,0,1,0,0,0
1547,2025-10-21 13:39:00,4413.0,0,1,1,1,1,0,0,0
1548,2025-10-21 13:44:00,4393.3,0,1,1,1,1,0,0,0
1549,2025-10-21 13:49:00,4364.8,2,0,5,-2,3,0,0,0
1550,2025-10-21 13:51:00,4353.8,2,0,2,-2,1,0,0,0
1550,2025-10-21 13:51:00,4354.0,1,0,1,-1,1,0,0,0
1550,2025-10-21 13:51:00,4357.6,2,0,2,-2,1,0,0,0
1550,2025-10-21 13:51:00,4358.2,2,0,2,-2,1,0,0,0
1550,2025-10-21 13:51:00,4358.3,1,0,1,-1,1,0,0,0
1550,2025-10-21 13:51:00,4358.5,1,0,1,-1,1,0,0,0
1550,2025-10-21 13:51:00,4360.7,1,0,1,-1,1,0,0,0
1550,2025-10-21 13:51:00,4360.8,1,0,1,-1,1,0,0,0
1550,2025-10-21 13:51:00,4361.3,3,0,3,-3,1,0,0,0
1550,2025-10-21 13:51:00,4361.4,1,0,1,-1,1,0,0,0
1550,2025-10-21 13:51:00,4362.0,0,0,1,0,1,0,0,0
1551,2025-10-21 13:54:00,4361.9,0,0,1,0,1,0,0,0
1552,2025-10-21 13:57:00,4359.1,0,1,1,1,1,0,0,0
1553,2025-10-21 14:00:00,4357.5,1,0,1,-1,1,0,0,0
1554,2025-10-21 14:02:00,4350.0,0,0,2,0,2,0,0,0
1555,2025-10-21 14:03:00,4349.9,0,0,1,0,1,0,0,0
1555,2025-10-21 14:03:00,4352.4,0,0,1,0,1,0,0,0
1556,2025-10-21 14:04:00,4353.9,1,0,1,-1,1,0,0,0
1556,2025-10-21 14:04:00,4354.0,2,0,2,-2,1,0,0,0
1556,2025-10-21 14:04:00,4354.1,1,0,1,-1,1,0,0,0
1556,2025-10-21 14:04:00,4354.2,1,0,1,-1,1,0,0,0
1557,2025-10-21 14:06:00,4370.0,0,0,1,0,1,0,0,0
1558,2025-10-21 14:08:00,4358.8,1,0,1,-1,1,0,0,0
1559,2025-10-21 14:12:00,4367.8,0,0,1,0,1,0,0,0
1560,2025-10-21 14:13:00,4363.2,1,0,1,-1,1,0,0,0
1561,2025-10-21 14:15:00,4364.4,0,2,2,2,1,0,0,0
1562,2025-10-21 14:17:00,4361.3,1,0,1,-1,1,0,0,0
1563,2025-10-21 14:20:00,4355.6,0,1,1,1,1,0,0,0
1564,2025-10-21 14:26:00,4338.7,0,0,3,0,1,0,0,0
1564,2025-10-21 14:26:00,4338.8,1,0,1,-1,1,0,0,0
1564,2025-10-21 14:26:00,4339.0,3,0,3,-3,1,0,0,0
1564,2025-10-21 14:26:00,4339.4,2,0,2,-2,1,0,0,0
1564,2025-10-21 14:26:00,4339.5,1,0,1,-1,1,0,0,0
1564,2025-10-21 14:26:00,4339.6,1,0,1,-1,1,0,0,0
1564,2025-10-21 14:26:00,4339.7,2,0,2,-2,1,0,0,0
1564,2025-10-21 14:26:00,4340.0,2,0,2,-2,1,0,0,0
1564,2025-10-21 14:26:00,4340.2,1,0,1,-1,1,0,0,0
1564,2025-10-21 14:26:00,4340.5,1,0,1,-1,1,0,0,0
1564,2025-10-21 14:26:00,4340.7,1,0,1,-1,1,0,0,0
1564,2025-10-21 14:26:00,4341.3,2,0,2,-2,1,0,0,0
1565,2025-10-21 14:30:00,4315.0,0,0,1,0,1,0,0,0
1566,2025-10-21 14:31:00,4308.4,1,0,1,-1,1,0,0,0
1566,2025-10-21 14:31:00,4312.1,0,1,1,1,1,0,0,0
1567,2025-10-21 14:32:00,4313.2,1,0,1,-1,1,0,0,0
1567,2025-10-21 14:32:00,4313.5,2,0,2,-2,1,0,0,0
1567,2025-10-21 14:32:00,4313.6,1,0,1,-1,1,0,0,0
1567,2025-10-21 14:32:00,4316.2,0,0,1,0,1,0,0,0
1568,2025-10-21 14:33:00,4308.0,1,0,1,-1,1,0,0,0
1568,2025-10-21 14:33:00,4310.2,0,1,1,1,1,0,0,0
1569,2025-10-21 14:37:00,4309.0,0,0,1,0,1,0,0,0
1570,2025-10-21 14:39:00,4300.0,1,0,1,-1,1,0,0,0
1570,2025-10-21 14:39:00,4300.1,1,0,1,-1,1,0,0,0
1571,2025-10-21 14:40:00,4302.9,0,1,1,1,1,0,0,0
1571,2025-10-21 14:40:00,4304.2,0,0,1,0,1,0,0,0
1572,2025-10-21 14:41:00,4297.7,0,2,2,2,1,0,0,0
1573,2025-10-21 14:42:00,4288.4,0,1,1,1,1,0,0,0
1573,2025-10-21 14:42:00,4289.9,0,1,1,1,1,0,0,0
1574,2025-10-21 14:43:00,4281.3,0,0,1,0,1,0,0,0
1574,2025-10-21 14:43:00,4282.3,0,1,2,1,2,0,0,0
1574,2025-10-21 14:43:00,4283.2,0,1,1,1,1,0,0,0
1574,2025-10-21 14:43:00,4283.5,0,1,1,1,1,0,0,0
1575,2025-10-21 14:44:00,4280.0,0,15,15,15,5,0,0,0
1576,2025-10-21 14:45:00,4270.2,0,0,2,0,2,0,0,0
1576,2025-10-21 14:45:00,4271.0,1,0,16,-1,15,0,0,0
1576,2025-10-21 14:45:00,4274.7,1,0,1,-1,1,0,0,0
1576,2025-10-21 14:45:00,4274.8,1,0,1,-1,1,0,0,0
1576,2025-10-21 14:45:00,4283.0,0,0,1,0,1,0,0,0
1577,2025-10-21 14:46:00,4269.2,2,0,2,-2,1,0,0,0
1577,2025-10-21 14:46:00,4269.3,2,0,2,-2,1,0,0,0
1577,2025-10-21 14:46:00,4269.4,1,0,1,-1,1,0,0,0
1577,2025-10-21 14:46:00,4269.5,1,0,1,-1,1,0,0,0
1577,2025-10-21 14:46:00,4269.6,2,0,2,-2,1,0,0,0
1577,2025-10-21 14:46:00,4270.0,1,0,1,-1,1,0,0,0
1577,2025-10-21 14:46:00,4270.3,1,0,1,-1,1,0,0,0
1577,2025-10-21 14:46:00,4270.5,1,0,1,-1,1,0,0,0
1577,2025-10-21 14:46:00,4270.7,1,0,1,-1,1,0,0,0
1577,2025-10-21 14:46:00,4270.9,1,0,1,-1,1,0,0,0
1577,2025-10-21 14:46:00,4271.1,1,0,1,-1,1,0,0,0
1577,2025-10-21 14:46:00,4271.2,1,0,1,-1,1,0,0,0
1577,2025-10-21 14:46:00,4276.1,0,1,1,1,1,0,0,0
1577,2025-10-21 14:46:00,4286.6,0,2,2,2,1,0,0,0
1577,2025-10-21 14:46:00,4287.3,0,2,2,2,1,0,0,0
1577,2025-10-21 14:46:00,4289.3,1,0,1,-1,1,0,0,0
1578,2025-10-21 14:47:00,4288.0,0,0,1,0,1,0,0,0
1578,2025-10-21 14:47:00,4288.1,0,0,2,0,2,0,0,0
1579,2025-10-21 14:49:00,4292.2,0,2,2,2,2,0,0,0
1580,2025-10-21 14:57:00,4308.9,0,1,1,1,1,0,0,0
1580,2025-10-21 14:57:00,4309.1,2,0,2,-2,2,0,0,0
1580,2025-10-21 14:57:00,4309.2,1,0,1,-1,1,0,0,0
1580,2025-10-21 14:57:00,4310.4,0,1,1,1,1,0,0,0
1581,2025-10-21 14:59:00,4319.6,0,0,1,0,1,0,0,0
1582,2025-10-21 15:00:00,4319.5,0,1,1,1,1,0,0,0
1582,2025-10-21 15:00:00,4319.6,0,1,1,1,1,0,0,0
1583,2025-10-21 15:05:00,4309.8,0,0,2,0,1,0,0,0
1584,2025-10-21 15:08:00,4317.4,1,0,1,-1,1,0,0,0
1584,2025-10-21 15:08:00,4317.5,1,0,1,-1,1,0,0,0
1585,2025-10-21 15:12:00,4328.2,0,1,1,1,1,0,0,0
1586,2025-10-21 15:38:00,4306.5,1,0,1,-1,1,0,0,0
1586,2025-10-21 15:38:00,4308.0,0,0,2,0,1,0,0,0
1587,2025-10-21 15:45:00,4325.5,2,0,2,-2,1,0,0,0
1587,2025-10-21 15:45:00,4325.8,0,1,1,1,1,0,0,0
1587,2025-10-21 15:45:00,4326.1,1,0,1,-1,1,0,0,0
1588,2025-10-21 15:47:00,4325.6,1,0,1,-1,1,0,0,0
1589,2025-10-21 16:09:00,4321.0,0,0,2,0,2,0,0,0
1590,2025-10-21 16:49:00,4299.0,0,0,1,0,1,0,0,0
1591,2025-10-21 17:15:00,4299.9,0,1,1,1,1,0,0,0
1591,2025-10-21 17:15:00,4300.4,0,1,1,1,1,0,0,0
1592,2025-10-21 17:29:00,4282.0,0,1,1,1,1,0,0,0
1593,2025-10-21 19:08:00,4303.6,0,1,1,1,1,0,0,0
1594,2025-10-21 19:31:00,4293.4,0,1,1,1,1,0,0,0
1595,2025-10-21 19:40:00,4287.5,0,0,1,0,1,0,0,0
1596,2025-10-21 19:43:00,4294.9,0,1,1,1,1,0,0,0
1596,2025-10-21 19:43:00,4295.1,0,1,1,1,1,0,0,0
1597,2025-10-21 19:59:00,4299.4,0,1,1,1,1,0,0,0
1598,2025-10-21 20:09:00,4307.5,0,1,1,1,1,0,0,0
1598,2025-10-21 20:09:00,4307.6,0,1,1,1,1,0,0,0
1599,2025-10-21 20:10:00,4307.2,0,1,1,1,1,0,0,0
1599,2025-10-21 20:10:00,4307.3,0,1,1,1,1,0,0,0
1600,2025-10-21 20:25:00,4308.1,1,0,1,-1,1,0,0,0
1601,2025-10-21 20:44:00,4317.6,0,1,1,1,1,0,0,0
1601,2025-10-21 20:44:00,4317.8,0,3,6,3,4,0,0,0
1602,2025-10-21 20:57:00,4314.0,0,1,1,1,1,0,0,0
1602,2025-10-21 20:57:00,4314.2,0,2,4,2,3,0,0,0
1603,2025-10-21 22:02:00,4317.6,0,0,5,0,5,0,0,0
1604,2025-10-21 22:04:00,4312.2,0,1,1,1,1,0,0,0
1604,2025-10-21 22:04:00,4312.6,3,0,4,-3,4,0,0,0
1604,2025-10-21 22:04:00,4314.5,0,1,1,1,1,0,0,0
1604,2025-10-21 22:04:00,4314.6,0,1,1,1,1,0,0,0
1604,2025-10-21 22:04:00,4315.3,0,2,2,2,1,0,0,0
1604,2025-10-21 22:04:00,4315.4,0,0,1,0,1,0,0,0
1605,2025-10-21 22:05:00,4305.2,0,1,1,1,1,0,0,0
1605,2025-10-21 22:05:00,4305.4,0,1,1,1,1,0,0,0
1605,2025-10-21 22:05:00,4305.8,2,0,3,-2,3,0,0,0
1606,2025-10-21 22:09:00,4304.7,0,2,2,2,1,0,0,0
1606,2025-10-21 22:09:00,4305.1,0,1,1,1,1,0,0,0
1606,2025-10-21 22:09:00,4305.2,0,2,2,2,2,0,0,0
1607,2025-10-21 22:12:00,4306.0,0,0,2,0,2,0,0,0
1607,2025-10-21 22:12:00,4306.9,0,0,3,0,3,0,0,0
1608,2025-10-21 22:13:00,4306.1,0,0,5,0,3,0,0,0
1609,2025-10-21 22:16:00,4311.0,0,0,5,0,5,0,0,0
1610,2025-10-21 22:40:00,4315.0,1,0,1,-1,1,0,0,0
1610,2025-10-21 22:40:00,4315.5,1,0,1,-1,1,0,0,0
1611,2025-10-21 23:17:00,4305.9,0,1,1,1,1,0,0,0
1611,2025-10-21 23:17:00,4306.0,0,2,2,2,1,0,0,0
1612,2025-10-21 23:18:00,4306.0,0,2,2,2,2,0,0,0
1613,2025-10-21 23:53:00,4292.9,1,0,1,-1,1,0,0,0
1613,2025-10-21 23:53:00,4294.7,0,2,2,2,1,0,0,0
1613,2025-10-21 23:53:00,4294.8,0,3,3,3,2,0,0,0
1614,2025-10-21 23:55:00,4290.0,0,0,2,0,2,0,0,0
1614,2025-10-21 23:55:00,4294.1,0,2,2,2,1,0,0,0
1614,2025-10-21 23:55:00,4294.2,0,1,1,1,1,0,0,0
1614,2025-10-21 23:55:00,4294.3,0,2,2,2,1,0,0,0
1615,2025-10-21 23:57:00,4288.0,1,0,5,-1,5,0,0,0
1616,2025-10-22 00:02:00,4250.0,0,0,2,0,2,0,0,0
1616,2025-10-22 00:02:00,4253.0,0,0,2,0,2,0,0,0
1616,2025-10-22 00:02:00,4258.5,0,0,1,0,1,0,0,0
1617,2025-10-22 00:03:00,4259.1,0,1,1,1,1,0,0,0
1617,2025-10-22 00:03:00,4259.2,0,1,1,1,1,0,0,0
1617,2025-10-22 00:03:00,4259.7,0,1,1,1,1,0,0,0
1617,2025-10-22 00:03:00,4260.0,0,2,2,2,2,0,0,0
1618,2025-10-22 00:05:00,4245.1,0,0,5,0,5,0,0,0
1618,2025-10-22 00:05:00,4248.5,0,0,1,0,1,0,0,0
1619,2025-10-22 00:06:00,4240.0,0,0,5,0,5,0,0,0
1620,2025-10-22 00:07:00,4230.3,0,1,1,1,1,0,0,0
1620,2025-10-22 00:07:00,4230.9,0,2,2,2,2,0,0,0
1620,2025-10-22 00:07:00,4231.0,0,2,2,2,2,0,0,0
1620,2025-10-22 00:07:00,4239.6,1,0,1,-1,1,0,0,0
1620,2025-10-22 00:07:00,4240.1,1,0,1,-1,1,0,0,0
1620,2025-10-22 00:07:00,4240.2,1,0,1,-1,1,0,0,0
1621,2025-10-22 00:10:00,4220.0,0,0,5,0,1,0,0,0
1622,2025-10-22 00:11:00,4205.1,30,0,63,-30,53,0,0,0
1622,2025-10-22 00:11:00,4207.0,0,1,5,1,5,0,0,0
1622,2025-10-22 00:11:00,4208.0,0,0,5,0,5,0,0,0
1623,2025-10-22 00:12:00,4205.1,30,0,37,-30,11,0,0,0
1623,2025-10-22 00:12:00,4205.4,1,0,1,-1,1,0,0,0
1623,2025-10-22 00:12:00,4205.5,1,0,1,-1,1,0,0,0
1624,2025-10-22 00:13:00,4202.9,1,0,1,-1,1,0,0,0
1624,2025-10-22 00:13:00,4203.0,0,0,1,0,1,0,0,0
1624,2025-10-22 00:13:00,4203.1,2,0,2,-2,1,0,0,0
1625,2025-10-22 00:14:00,4218.6,0,1,1,1,1,0,0,0
1626,2025-10-22 00:20:00,4245.6,1,1,2,0,2,0,0,0
1626,2025-10-22 00:20:00,4245.9,1,0,1,-1,1,0,0,0
1626,2025-10-22 00:20:00,4246.0,2,0,2,-2,1,0,0,0
1627,2025-10-22 00:21:00,4250.8,0,1,1,1,1,0,0,0
1628,2025-10-22 00:24:00,4241.0,1,0,1,-1,1,0,0,0
1628,2025-10-22 00:24:00,4241.1,1,0,1,-1,1,0,0,0
1628,2025-10-22 00:24:00,4241.2,3,0,3,-3,2,0,0,0
1628,2025-10-22 00:24:00,4244.4,3,0,3,-3,2,0,0,0
1628,2025-10-22 00:24:00,4244.9,2,0,2,-2,1,0,0,0
1629,2025-10-22 00:25:00,4247.4,0,1,1,1,1,0,0,0
1630,2025-10-22 00:26:00,4247.6,0,1,1,1,1,0,0,0
1631,2025-10-22 00:34:00,4250.0,0,0,5,0,2,0,0,0
1632,2025-10-22 00:35:00,4262.3,1,0,1,-1,1,0,0,0
1632,2025-10-22 00:35:00,4262.8,1,0,1,-1,1,0,0,0
1632,2025-10-22 00:35:00,4263.2,1,0,1,-1,1,0,0,0
1632,2025-10-22 00:35:00,4263.4,1,0,1,-1,1,0,0,0
1632,2025-10-22 00:35:00,4263.5,1,0,1,-1,1,0,0,0
1632,2025-10-22 00:35:00,4266.0,0,0,2,0,2,0,0,0
1633,2025-10-22 00:42:00,4266.1,1,0,1,-1,1,0,0,0
1634,2025-10-22 00:46:00,4273.7,0,1,1,1,1,0,0,0
1634,2025-10-22 00:46:00,4273.8,0,1,1,1,1,0,0,0
1635,2025-10-22 00:48:00,4280.0,0,0,1,0,1,0,0,0
1636,2025-10-22 00:50:00,4269.0,0,0,1,0,1,0,0,0
1637,2025-10-22 00:53:00,4273.3,0,0,1,0,1,0,0,0
1638,2025-10-22 00:59:00,4266.9,0,1,1,1,1,0,0,0
1639,2025-10-22 01:03:00,4273.3,2,0,2,-2,2,0,0,0
1639,2025-10-22 01:03:00,4273.5,2,0,2,-2,1,0,0,0
1639,2025-10-22 01:03:00,4275.0,0,0,1,0,1,0,0,0
1640,2025-10-22 01:04:00,4282.9,2,1,4,-1,4,0,0,0
1640,2025-10-22 01:04:00,4283.1,1,0,1,-1,1,0,0,0
1641,2025-10-22 01:05:00,4286.2,0,1,5,1,5,0,0,0
1642,2025-10-22 01:06:00,4300.0,0,1,1,1,1,0,0,0
1643,2025-10-22 01:09:00,4295.9,0,0,1,0,1,0,0,0
1643,2025-10-22 01:09:00,4297.2,1,0,1,-1,1,0,0,0
1644,2025-10-22 01:10:00,4300.0,0,0,1,0,1,0,0,0
1645,2025-10-22 01:16:00,4307.4,1,0,1,-1,1,0,0,0
1645,2025-10-22 01:16:00,4309.5,0,1,1,1,1,0,0,0
1646,2025-10-22 01:17:00,4305.6,0,1,1,1,1,0,0,0
1647,2025-10-22 01:20:00,4297.1,1,0,1,-1,1,0,0,0
1648,2025-10-22 01:33:00,4288.0,1,0,1,-1,1,0,0,0
1649,2025-10-22 02:08:00,4296.2,0,1,1,1,1,0,0,0
1650,2025-10-22 02:39:00,4294.8,1,0,1,-1,1,0,0,0
1651,2025-10-22 02:40:00,4292.8,1,0,1,-1,1,0,0,0
1652,2025-10-22 03:41:00,4325.0,0,0,1,0,1,0,0,0
1653,2025-10-22 04:22:00,4315.0,1,0,1,-1,1,0,0,0
1653,2025-10-22 04:22:00,4316.2,1,0,1,-1,1,0,0,0
1653,2025-10-22 04:22:00,4318.0,0,0,1,0,1,0,0,0
1654,2025-10-22 04:53:00,4322.1,0,2,2,2,1,0,0,0
1655,2025-10-22 05:20:00,4336.0,0,1,1,1,1,0,0,0
1656,2025-10-22 05:41:00,4325.0,0,0,2,0,2,0,0,0
1657,2025-10-22 05:53:00,4327.0,1,0,2,-1,2,0,0,0
1657,2025-10-22 05:53:00,4327.1,1,0,1,-1,1,0,0,0
1658,2025-10-22 06:16:00,4327.0,0,0,1,0,1,0,0,0
1659,2025-10-22 06:40:00,4340.0,0,0,1,0,1,0,0,0
1660,2025-10-22 07:02:00,4342.0,0,0,1,0,1,0,0,0
1661,2025-10-22 07:04:00,4333.7,1,0,1,-1,1,0,0,0
1662,2025-10-22 07:48:00,4336.6,0,1,1,1,1,0,0,0
1663,2025-10-22 07:58:00,4324.3,1,0,1,-1,1,0,0,0
1664,2025-10-22 08:02:00,4316.3,1,0,1,-1,1,0,0,0
1665,2025-10-22 08:06:00,4303.0,0,0,1,0,1,0,0,0
1666,2025-10-22 08:15:00,4277.9,0,1,1,1,1,0,0,0
1667,2025-10-22 08:17:00,4265.8,0,1,1,1,1,0,0,0
1668,2025-10-22 08:21:00,4290.0,0,0,1,0,1,0,0,0
1668,2025-10-22 08:21:00,4295.0,0,1,1,1,1,0,0,0
1668,2025-10-22 08:21:00,4295.2,0,1,1,1,1,0,0,0
1669,2025-10-22 08:46:00,4270.0,0,0,1,0,1,0,0,0
1670,2025-10-22 08:49:00,4280.0,0,0,1,0,1,0,0,0
1671,2025-10-22 08:51:00,4275.0,0,0,1,0,1,0,0,0
1672,2025-10-22 08:57:00,4270.0,0,0,1,0,1,0,0,0
1672,2025-10-22 08:57:00,4272.0,0,0,1,0,1,0,0,0
1673,2025-10-22 08:58:00,4274.8,0,0,1,0,1,0,0,0
1674,2025-10-22 09:01:00,4275.4,0,1,1,1,1,0,0,0
1674,2025-10-22 09:01:00,4282.0,0,0,1,0,1,0,0,0
1674,2025-10-22 09:01:00,4282.6,0,1,1,1,1,0,0,0
1675,2025-10-22 09:16:00,4260.0,0,0,1,0,1,0,0,0
1676,2025-10-22 09:19:00,4255.0,0,0,1,0,1,0,0,0
1677,2025-10-22 09:30:00,4270.0,0,0,1,0,1,0,0,0
1678,2025-10-22 09:31:00,4268.0,0,0,1,0,1,0,0,0
1679,2025-10-22 09:35:00,4263.5,0,0,1,0,1,0,0,0
1679,2025-10-22 09:35:00,4267.3,0,0,1,0,1,0,0,0
1679,2025-10-22 09:35:00,4267.4,0,0,1,0,1,0,0,0
1680,2025-10-22 09:36:00,4263.0,0,0,1,0,1,0,0,0
1680,2025-10-22 09:36:00,4265.7,0,0,1,0,1,0,0,0
1680,2025-10-22 09:36:00,4265.8,0,0,1,0,1,0,0,0
1680,2025-10-22 09:36:00,4267.4,0,1,1,1,1,0,0,0
1681,2025-10-22 09:37:00,4264.1,0,0,1,0,1,0,0,0
1681,2025-10-22 09:37:00,4264.2,0,0,1,0,1,0,0,0
1682,2025-10-22 09:38:00,4267.3,0,0,1,0,1,0,0,0
1682,2025-10-22 09:38:00,4268.1,0,0,1,0,1,0,0,0
1682,2025-10-22 09:38:00,4268.2,0,0,1,0,1,0,0,0
1682,2025-10-22 09:38:00,4269.0,0,1,1,1,1,0,0,0
1683,2025-10-22 09:39:00,4260.0,0,0,2,0,2,0,0,0
1683,2025-10-22 09:39:00,4264.7,1,0,1,-1,1,0,0,0
1683,2025-10-22 09:39:00,4265.4,1,0,1,-1,1,0,0,0
1683,2025-10-22 09:39:00,4265.5,0,0,1,0,1,0,0,0
1684,2025-10-22 09:40:00,4260.3,0,0,1,0,1,0,0,0
1684,2025-10-22 09:40:00,4260.4,0,0,1,0,1,0,0,0
1684,2025-10-22 09:40:00,4261.5,0,1,1,1,1,0,0,0
1684,2025-10-22 09:40:00,4262.4,0,0,1,0,1,0,0,0
1685,2025-10-22 09:41:00,4258.8,0,0,1,0,1,0,0,0
1685,2025-10-22 09:41:00,4259.9,0,0,1,0,1,0,0,0
1685,2025-10-22 09:41:00,4262.3,0,0,1,0,1,0,0,0
1686,2025-10-22 09:43:00,4255.8,0,0,1,0,1,0,0,0
1687,2025-10-22 09:45:00,4255.1,0,0,1,0,1,0,0,0
1688,2025-10-22 09:46:00,4258.7,0,0,1,0,1,0,0,0
1688,2025-10-22 09:46:00,4259.9,0,1,3,1,3,0,0,0
1689,2025-10-22 09:47:00,4255.8,0,0,1,0,1,0,0,0
1690,2025-10-22 09:48:00,4255.2,0,0,1,0,1,0,0,0
1690,2025-10-22 09:48:00,4255.3,0,0,1,0,1,0,0,0
1691,2025-10-22 09:49:00,4254.3,0,0,1,0,1,0,0,0
1691,2025-10-22 09:49:00,4255.0,0,0,1,0,1,0,0,0
1691,2025-10-22 09:49:00,4257.3,0,0,1,0,1,0,0,0
1691,2025-10-22 09:49:00,4257.8,0,1,1,1,1,0,0,0
1692,2025-10-22 09:50:00,4254.2,0,1,1,1,1,0,0,0
1693,2025-10-22 09:51:00,4254.5,0,1,1,1,1,0,0,0
1694,2025-10-22 10:14:00,4265.8,0,1,1,1,1,0,0,0
1695,2025-10-22 10:24:00,4270.0,0,0,1,0,1,0,0,0
1696,2025-10-22 10:31:00,4277.0,0,0,1,0,1,0,0,0
1697,2025-10-22 10:37:00,4258.8,1,0,1,-1,1,0,0,0
1697,2025-10-22 10:37:00,4260.0,0,0,1,0,1,0,0,0
1697,2025-10-22 10:37:00,4260.2,0,0,1,0,1,0,0,0
1697,2025-10-22 10:37:00,4269.7,0,0,1,0,1,0,0,0
1698,2025-10-22 10:38:00,4259.5,0,0,1,0,1,0,0,0
1699,2025-10-22 10:39:00,4257.6,0,0,1,0,1,0,0,0
1699,2025-10-22 10:39:00,4258.7,0,0,1,0,1,0,0,0
1699,2025-10-22 10:39:00,4259.5,0,0,1,0,1,0,0,0
1699,2025-10-22 10:39:00,4259.7,0,0,2,0,2,0,0,0
1699,2025-10-22 10:39:00,4260.3,0,0,1,0,1,0,0,0
1700,2025-10-22 10:46:00,4247.0,0,0,1,0,1,0,0,0
1701,2025-10-22 10:54:00,4223.0,0,0,1,0,1,0,0,0
1702,2025-10-22 10:56:00,4220.0,0,0,8,0,8,0,0,0
1702,2025-10-22 10:56:00,4223.0,0,0,1,0,1,0,0,0
1703,2025-10-22 11:04:00,4208.3,0,1,1,1,1,0,0,0
1703,2025-10-22 11:04:00,4208.4,0,1,1,1,1,0,0,0
1704,2025-10-22 11:05:00,4223.0,0,1,1,1,1,0,0,0
1705,2025-10-22 11:07:00,4227.5,0,1,1,1,1,0,0,0
1705,2025-10-22 11:07:00,4229.0,0,1,1,1,1,0,0,0
1706,2025-10-22 11:29:00,4210.0,0,0,1,0,1,0,0,0
1707,2025-10-22 11:37:00,4220.0,0,1,1,1,1,0,0,0
1708,2025-10-22 11:39:00,4205.0,0,2,2,2,1,0,0,0
1708,2025-10-22 11:39:00,4205.1,0,3,3,3,1,0,0,0
1709,2025-10-22 11:46:00,4212.0,0,1,1,1,1,0,0,0
1710,2025-10-22 11:54:00,4211.2,0,1,1,1,1,0,0,0
1710,2025-10-22 11:54:00,4211.3,0,1,1,1,1,0,0,0
1710,2025-10-22 11:54:00,4211.4,0,1,1,1,1,0,0,0
1710,2025-10-22 11:54:00,4211.5,0,2,2,2,2,0,0,0
1711,2025-10-22 11:55:00,4208.0,0,0,5,0,2,0,0,0
1712,2025-10-22 11:56:00,4207.0,0,0,1,0,1,0,0,0
1712,2025-10-22 11:56:00,4207.2,2,1,5,-1,3,0,0,0
1713,2025-10-22 12:01:00,4218.2,0,2,3,2,3,0,0,0
1713,2025-10-22 12:01:00,4218.3,2,0,2,-2,1,0,0,0
1713,2025-10-22 12:01:00,4220.0,0,0,1,0,1,0,0,0
1714,2025-10-22 12:06:00,4225.8,1,0,1,-1,1,0,0,0
1714,2025-10-22 12:06:00,4225.9,3,0,3,-3,1,0,0,0
1714,2025-10-22 12:06:00,4226.0,1,0,1,-1,1,0,0,0
1715,2025-10-22 12:18:00,4230.0,0,1,1,1,1,0,0,0
1716,2025-10-22 12:26:00,4225.0,0,0,1,0,1,0,0,0
1717,2025-10-22 12:32:00,4237.0,0,0,1,0,1,0,0,0
1717,2025-10-22 12:32:00,4239.6,0,1,1,1,1,0,0,0
1718,2025-10-22 12:54:00,4217.0,1,0,1,-1,1,0,0,0
1719,2025-10-22 12:58:00,4212.5,1,0,1,-1,1,0,0,0
1720,2025-10-22 13:11:00,4252.5,3,0,3,-3,1,0,0,0
1720,2025-10-22 13:11:00,4252.7,2,0,2,-2,1,0,0,0
1721,2025-10-22 13:36:00,4255.9,0,1,1,1,1,0,0,0
1722,2025-10-22 13:38:00,4265.0,0,0,1,0,1,0,0,0
1723,2025-10-22 13:45:00,4266.2,0,0,1,0,1,0,0,0
1724,2025-10-22 14:31:00,4239.5,0,1,1,1,1,0,0,0
1724,2025-10-22 14:31:00,4239.6,0,1,1,1,1,0,0,0
1724,2025-10-22 14:31:00,4239.7,0,2,2,2,1,0,0,0
1724,2025-10-22 14:31:00,4239.8,0,1,1,1,1,0,0,0
1725,2025-10-22 14:43:00,4214.0,0,0,1,0,1,0,0,0
1726,2025-10-22 14:45:00,4210.0,0,0,1,0,1,0,0,0
1727,2025-10-22 14:50:00,4207.3,0,1,1,1,1,0,0,0
1727,2025-10-22 14:50:00,4207.4,0,1,1,1,1,0,0,0
1727,2025-10-22 14:50:00,4207.6,0,2,2,2,1,0,0,0
1727,2025-10-22 14:50:00,4207.8,3,0,6,-3,5,0,0,0
1728,2025-10-22 14:54:00,4202.1,0,2,5,2,4,0,0,0
1728,2025-10-22 14:54:00,4203.0,0,0,1,0,1,0,0,0
1729,2025-10-22 15:06:00,4217.1,2,0,2,-2,1,0,0,0
1729,2025-10-22 15:06:00,4217.2,1,0,1,-1,1,0,0,0
1729,2025-10-22 15:06:00,4217.3,1,0,1,-1,1,0,0,0
1730,2025-10-22 15:07:00,4217.6,1,0,1,-1,1,0,0,0
1730,2025-10-22 15:07:00,4219.3,1,0,1,-1,1,0,0,0
1730,2025-10-22 15:07:00,4219.6,3,0,3,-3,1,0,0,0
1730,2025-10-22 15:07:00,4219.8,1,0,1,-1,1,0,0,0
1730,2025-10-22 15:07:00,4220.0,0,0,1,0,1,0,0,0
1731,2025-10-22 15:08:00,4221.9,0,4,5,4,4,0,0,0
1732,2025-10-22 15:12:00,4230.0,0,0,1,0,1,0,0,0
1733,2025-10-22 16:01:00,4221.8,0,1,1,1,1,0,0,0
1733,2025-10-22 16:01:00,4222.2,0,2,2,2,1,0,0,0
1734,2025-10-22 16:02:00,4222.5,0,2,2,2,1,0,0,0
1734,2025-10-22 16:02:00,4222.7,0,1,1,1,1,0,0,0
1735,2025-10-22 16:10:00,4220.0,0,0,1,0,1,0,0,0
1736,2025-10-22 16:11:00,4216.0,2,0,2,-2,1,0,0,0
1736,2025-10-22 16:11:00,4216.1,1,0,1,-1,1,0,0,0
1736,2025-10-22 16:11:00,4219.1,1,0,1,-1,1,0,0,0
1736,2025-10-22 16:11:00,4219.2,2,0,2,-2,1,0,0,0
1737,2025-10-22 16:18:00,4230.7,0,1,1,1,1,0,0,0
1738,2025-10-22 16:27:00,4234.2,0,1,1,1,1,0,0,0
1739,2025-10-22 16:29:00,4234.2,0,0,1,0,1,0,0,0
1739,2025-10-22 16:29:00,4234.4,0,1,1,1,1,0,0,0
1740,2025-10-22 16:33:00,4252.0,0,0,1,0,1,0,0,0
1741,2025-10-22 16:50:00,4235.1,1,0,1,-1,1,0,0,0
1742,2025-10-22 17:44:00,4245.1,2,0,2,-2,1,0,0,0
1742,2025-10-22 17:44:00,4245.2,3,0,3,-3,1,0,0,0
1743,2025-10-22 17:52:00,4255.0,0,0,1,0,1,0,0,0
1744,2025-10-22 17:53:00,4252.7,1,0,1,-1,1,0,0,0
1745,2025-10-22 17:54:00,4253.6,0,0,1,0,1,0,0,0
1746,2025-10-22 18:41:00,4267.9,0,0,1,0,1,0,0,0
1746,2025-10-22 18:41:00,4268.2,0,0,1,0,1,0,0,0
1747,2025-10-22 18:42:00,4269.3,0,0,1,0,1,0,0,0
1748,2025-10-22 18:43:00,4269.3,1,0,1,-1,1,0,0,0
1749,2025-10-22 19:01:00,4271.0,0,0,1,0,1,0,0,0
1750,2025-10-22 19:23:00,4287.0,0,0,1,0,1,0,0,0
1751,2025-10-22 19:28:00,4297.9,0,1,1,1,1,0,0,0
1751,2025-10-22 19:28:00,4298.0,2,3,9,1,7,0,0,0
1752,2025-10-22 19:59:00,4294.4,1,0,1,-1,1,0,0,0
1753,2025-10-22 20:00:00,4294.8,0,0,1,0,1,0,0,0
1754,2025-10-22 20:24:00,4285.8,1,0,1,-1,1,0,0,0
1755,2025-10-22 20:27:00,4286.0,1,0,1,-1,1,0,0,0
1756,2025-10-22 22:00:00,4288.5,1,0,1,-1,1,0,0,0
1757,2025-10-22 22:02:00,4301.6,1,0,1,-1,1,0,0,0
1758,2025-10-22 22:04:00,4306.0,0,0,1,0,1,0,0,0
1759,2025-10-22 22:16:00,4296.0,0,0,1,0,1,0,0,0
1760,2025-10-22 22:24:00,4299.0,0,0,1,0,1,0,0,0
1761,2025-10-22 22:32:00,4289.7,0,1,1,1,1,0,0,0
1762,2025-10-22 22:33:00,4291.0,0,1,1,1,1,0,0,0
1763,2025-10-22 23:41:00,4281.0,0,0,1,0,1,0,0,0
1764,2025-10-22 23:45:00,4283.0,0,0,1,0,1,0,0,0
1765,2025-10-23 00:48:00,4275.0,0,0,1,0,1,0,0,0
1766,2025-10-23 00:50:00,4272.7,1,0,1,-1,1,0,0,0
1766,2025-10-23 00:50:00,4273.0,1,0,1,-1,1,0,0,0
1767,2025-10-23 00:52:00,4276.0,0,0,1,0,1,0,0,0
1768,2025-10-23 01:00:00,4269.0,0,0,1,0,1,0,0,0
1769,2025-10-23 01:06:00,4272.0,0,0,1,0,1,0,0,0
1770,2025-10-23 01:49:00,4271.0,0,0,1,0,1,0,0,0
1771,2025-10-23 01:50:00,4273.0,0,0,1,0,1,0,0,0
1772,2025-10-23 02:01:00,4264.0,1,0,1,-1,1,0,0,0
1772,2025-10-23 02:01:00,4266.0,0,0,1,0,1,0,0,0
1773,2025-10-23 03:34:00,4283.0,0,0,1,0,1,0,0,0
1774,2025-10-23 03:36:00,4285.0,0,0,1,0,1,0,0,0
1775,2025-10-23 04:38:00,4279.0,0,0,1,0,1,0,0,0
1776,2025-10-23 04:48:00,4280.0,0,0,1,0,1,0,0,0
1777,2025-10-23 06:01:00,4308.3,0,2,2,2,1,0,0,0
1777,2025-10-23 06:01:00,4308.5,0,1,1,1,1,0,0,0
1777,2025-10-23 06:01:00,4308.6,0,1,1,1,1,0,0,0
1777,2025-10-23 06:01:00,4309.1,0,1,1,1,1,0,0,0
1778,2025-10-23 06:05:00,4314.9,0,0,1,0,1,0,0,0
1779,2025-10-23 09:55:00,4313.8,0,1,1,1,1,0,0,0
1779,2025-10-23 09:55:00,4313.9,1,0,1,-1,1,0,0,0
1780,2025-10-23 10:22:00,4310.7,0,1,1,1,1,0,0,0
1781,2025-10-23 12:26:00,4295.7,0,0,5,0,3,0,0,0
1782,2025-10-23 12:53:00,4319.5,1,0,1,-1,1,0,0,0
1783,2025-10-23 12:54:00,4319.4,0,0,1,0,1,0,0,0
1784,2025-10-23 12:56:00,4320.3,1,0,1,-1,1,0,0,0
1785,2025-10-23 13:00:00,4320.7,1,0,1,-1,1,0,0,0
1785,2025-10-23 13:00:00,4321.7,1,0,1,-1,1,0,0,0
1786,2025-10-23 13:08:00,4327.2,0,0,1,0,1,0,0,0
1787,2025-10-23 13:21:00,4336.4,0,1,1,1,1,0,0,0
1788,2025-10-23 13:29:00,4340.3,0,1,1,1,1,0,0,0
1788,2025-10-23 13:29:00,4340.4,0,2,2,2,1,0,0,0
1788,2025-10-23 13:29:00,4340.5,0,2,2,2,1,0,0,0
1788,2025-10-23 13:29:00,4340.6,0,1,1,1,1,0,0,0
1788,2025-10-23 13:29:00,4340.7,0,1,1,1,1,0,0,0
1789,2025-10-23 13:40:00,4336.8,0,0,1,0,1,0,0,0
1790,2025-10-23 13:47:00,4335.0,0,0,1,0,1,0,0,0
1791,2025-10-23 13:48:00,4338.6,1,0,1,-1,1,0,0,0
1792,2025-10-23 13:49:00,4335.0,0,0,1,0,1,0,0,0
1793,2025-10-23 13:53:00,4340.0,2,0,2,-2,1,0,0,0
1794,2025-10-23 13:55:00,4341.6,0,0,1,0,1,0,0,0
1795,2025-10-23 14:00:00,4337.5,0,0,1,0,1,0,0,0
1796,2025-10-23 14:03:00,4338.6,0,0,1,0,1,0,0,0
1797,2025-10-23 14:08:00,4346.5,1,0,1,-1,1,0,0,0
1797,2025-10-23 14:08:00,4346.6,3,0,3,-3,1,0,0,0
1797,2025-10-23 14:08:00,4346.7,1,0,1,-1,1,0,0,0
1797,2025-10-23 14:08:00,4347.7,0,0,1,0,1,0,0,0
1798,2025-10-23 14:15:00,4330.0,0,0,1,0,1,0,0,0
1799,2025-10-23 14:48:00,4343.0,4,0,4,-4,3,0,0,0
1799,2025-10-23 14:48:00,4343.1,1,0,1,-1,1,0,0,0
1800,2025-10-23 15:06:00,4340.0,0,0,1,0,1,0,0,0
1801,2025-10-23 15:29:00,4339.8,0,1,1,1,1,0,0,0
1802,2025-10-23 16:01:00,4338.8,0,0,1,0,1,0,0,0
1803,2025-10-23 16:02:00,4338.8,0,0,1,0,1,0,0,0
1804,2025-10-23 16:07:00,4340.3,4,0,4,-4,2,0,0,0
1805,2025-10-23 16:19:00,4332.0,0,0,2,0,2,0,0,0
1806,2025-10-23 16:35:00,4335.4,1,0,1,-1,1,0,0,0
1807,2025-10-23 16:41:00,4330.5,0,0,1,0,1,0,0,0
1808,2025-10-23 17:39:00,4329.6,0,0,1,0,1,0,0,0
1809,2025-10-23 19:30:00,4320.0,0,0,1,0,1,0,0,0
1810,2025-10-23 19:58:00,4309.7,0,0,1,0,1,0,0,0
1811,2025-10-23 20:05:00,4310.1,1,0,1,-1,1,0,0,0
1812,2025-10-23 20:23:00,4300.0,0,0,1,0,1,0,0,0
1812,2025-10-23 20:23:00,4303.0,0,0,1,0,1,0,0,0
1813,2025-10-23 20:25:00,4303.1,0,0,2,0,2,0,0,0
1814,2025-10-23 22:13:00,4320.0,0,0,1,0,1,0,0,0
1815,2025-10-23 22:44:00,4307.0,0,1,1,1,1,0,0,0
1816,2025-10-23 23:26:00,4305.9,0,1,1,1,1,0,0,0
1817,2025-10-24 01:09:00,4333.4,0,0,1,0,1,0,0,0
1818,2025-10-24 01:14:00,4333.7,0,0,1,0,1,0,0,0
1819,2025-10-24 01:22:00,4323.0,0,0,1,0,1,0,0,0
1820,2025-10-24 02:00:00,4305.2,1,0,1,-1,1,0,0,0
1821,2025-10-24 02:30:00,4301.8,2,0,2,-2,1,0,0,0
1821,2025-10-24 02:30:00,4302.4,1,0,1,-1,1,0,0,0
1822,2025-10-24 02:32:00,4304.0,2,0,2,-2,1,0,0,0
1822,2025-10-24 02:32:00,4304.1,1,0,1,-1,1,0,0,0
1822,2025-10-24 02:32:00,4304.2,1,0,1,-1,1,0,0,0
1823,2025-10-24 02:38:00,4301.4,0,0,1,0,1,0,0,0
1824,2025-10-24 02:59:00,4299.7,0,0,1,0,1,0,0,0
1825,2025-10-24 04:26:00,4295.7,0,0,1,0,1,0,0,0
1826,2025-10-24 04:36:00,4293.2,0,0,1,0,1,0,0,0
1827,2025-10-24 06:10:00,4275.0,0,0,1,0,1,0,0,0
1828,2025-10-24 08:10:00,4245.3,2,0,2,-2,1,0,0,0
1828,2025-10-24 08:10:00,4245.7,1,0,1,-1,1,0,0,0
1828,2025-10-24 08:10:00,4245.9,1,0,1,-1,1,0,0,0
1828,2025-10-24 08:10:00,4246.0,2,0,2,-2,1,0,0,0
1828,2025-10-24 08:10:00,4246.2,1,0,1,-1,1,0,0,0
1828,2025-10-24 08:10:00,4246.3,1,0,1,-1,1,0,0,0
1828,2025-10-24 08:10:00,4246.5,1,0,1,-1,1,0,0,0
1828,2025-10-24 08:10:00,4246.9,1,0,1,-1,1,0,0,0
1828,2025-10-24 08:10:00,4250.0,0,0,2,0,2,0,0,0
1829,2025-10-24 08:33:00,4243.1,0,0,2,0,2,0,0,0
1830,2025-10-24 09:04:00,4255.0,0,0,1,0,1,0,0,0
1831,2025-10-24 09:08:00,4260.0,0,0,7,0,3,0,0,0
1832,2025-10-24 09:09:00,4260.0,0,0,3,0,3,0,0,0
1833,2025-10-24 09:31:00,4259.1,1,0,1,-1,1,0,0,0
1834,2025-10-24 09:47:00,4260.8,0,1,1,1,1,0,0,0
1835,2025-10-24 09:48:00,4261.4,0,1,1,1,1,0,0,0
1836,2025-10-24 11:01:00,4241.8,0,0,1,0,1,0,0,0
1837,2025-10-24 11:04:00,4235.1,0,1,1,1,1,0,0,0
1838,2025-10-24 11:15:00,4248.6,0,1,1,1,1,0,0,0
1839,2025-10-24 11:36:00,4246.8,0,0,1,0,1,0,0,0
1840,2025-10-24 11:46:00,4250.7,0,1,1,1,1,0,0,0
1841,2025-10-24 11:48:00,4252.5,0,1,1,1,1,0,0,0
1842,2025-10-24 12:31:00,4281.3,0,1,1,1,1,0,0,0
1843,2025-10-24 13:12:00,4300.0,0,0,1,0,1,0,0,0
1844,2025-10-24 13:19:00,4308.3,1,0,1,-1,1,0,0,0
1845,2025-10-24 13:21:00,4307.7,1,0,1,-1,1,0,0,0
1846,2025-10-24 13:23:00,4308.3,0,0,1,0,1,0,0,0
1847,2025-10-24 13:28:00,4304.0,0,1,1,1,1,0,0,0
1848,2025-10-24 13:30:00,4303.8,0,0,1,0,1,0,0,0
1849,2025-10-24 13:57:00,4293.5,1,0,1,-1,1,0,0,0
1850,2025-10-24 14:12:00,4313.4,0,3,3,3,1,0,0,0
1851,2025-10-24 14:40:00,4322.3,0,1,1,1,1,0,0,0
1852,2025-10-24 15:12:00,4312.4,0,0,5,0,1,0,0,0
1852,2025-10-24 15:12:00,4313.1,1,0,1,-1,1,0,0,0
1853,2025-10-24 15:20:00,4312.9,0,0,5,0,5,0,0,0
1854,2025-10-24 15:22:00,4316.1,0,0,2,0,2,0,0,0
1854,2025-10-24 15:22:00,4316.9,1,0,1,-1,1,0,0,0
1854,2025-10-24 15:22:00,4317.9,1,0,1,-1,1,0,0,0
1855,2025-10-24 15:25:00,4319.6,1,0,1,-1,1,0,0,0
1856,2025-10-24 16:21:00,4329.4,0,2,2,2,1,0,0,0
1857,2025-10-24 16:57:00,4319.6,1,0,1,-1,1,0,0,0
1858,2025-10-24 17:52:00,4304.1,0,0,1,0,1,0,0,0
1859,2025-10-24 20:26:00,4288.7,1,0,1,-1,1,0,0,0
1860,2025-10-24 20:28:00,4289.4,1,0,1,-1,1,0,0,0
1861,2025-10-24 20:52:00,4304.1,0,0,1,0,1,0,0,0
1862,2025-10-24 20:53:00,4304.1,0,0,1,0,1,0,0,0
1863,2025-10-26 22:00:00,4276.0,1,0,1,-1,1,0,0,0
1863,2025-10-26 22:00:00,4277.0,1,0,1,-1,1,0,0,0
1863,2025-10-26 22:00:00,4277.2,2,0,2,-2,1,0,0,0
1863,2025-10-26 22:00:00,4277.6,1,0,1,-1,1,0,0,0
1864,2025-10-26 22:02:00,4248.0,2,0,2,-2,1,0,0,0
1864,2025-10-26 22:02:00,4248.2,1,0,1,-1,1,0,0,0
1864,2025-10-26 22:02:00,4249.5,1,0,1,-1,1,0,0,0
1864,2025-10-26 22:02:00,4249.9,2,0,2,-2,1,0,0,0
1864,2025-10-26 22:02:00,4250.6,1,0,1,-1,1,0,0,0
1864,2025-10-26 22:02:00,4251.7,1,0,1,-1,1,0,0,0
1864,2025-10-26 22:02:00,4251.9,1,0,1,-1,1,0,0,0
1864,2025-10-26 22:02:00,4252.0,1,0,1,-1,1,0,0,0
1865,2025-10-26 22:08:00,4271.8,1,0,1,-1,1,0,0,0
1866,2025-10-26 22:09:00,4277.3,1,0,1,-1,1,0,0,0
1867,2025-10-26 22:10:00,4288.2,0,0,1,0,1,0,0,0
1868,2025-10-26 22:22:00,4291.0,0,0,1,0,1,0,0,0
1868,2025-10-26 22:22:00,4291.6,0,0,1,0,1,0,0,0
1869,2025-10-26 22:29:00,4280.2,1,0,1,-1,1,0,0,0
1870,2025-10-26 22:48:00,4260.2,1,0,1,-1,1,0,0,0
1871,2025-10-26 22:58:00,4271.0,0,0,1,0,1,0,0,0
1872,2025-10-26 23:37:00,4262.0,0,0,1,0,1,0,0,0
1873,2025-10-26 23:51:00,4255.7,0,1,1,1,1,0,0,0
1874,2025-10-26 23:52:00,4255.0,0,0,1,0,1,0,0,0
1875,2025-10-26 23:54:00,4258.5,0,1,1,1,1,0,0,0
1875,2025-10-26 23:54:00,4258.6,0,2,2,2,1,0,0,0
1876,2025-10-26 23:55:00,4258.6,0,1,1,1,1,0,0,0
1877,2025-10-27 00:33:00,4263.0,0,1,1,1,1,0,0,0
1878,2025-10-27 00:39:00,4263.0,0,0,1,0,1,0,0,0
1879,2025-10-27 00:47:00,4264.0,1,0,2,-1,2,0,0,0
1880,2025-10-27 01:08:00,4277.5,1,0,1,-1,1,0,0,0
1880,2025-10-27 01:08:00,4277.6,1,0,1,-1,1,0,0,0
1880,2025-10-27 01:08:00,4277.7,1,0,1,-1,1,0,0,0
1880,2025-10-27 01:08:00,4278.2,1,0,1,-1,1,0,0,0
1881,2025-10-27 01:35:00,4271.8,1,0,1,-1,1,0,0,0
1882,2025-10-27 01:37:00,4269.4,1,0,1,-1,1,0,0,0
1882,2025-10-27 01:37:00,4269.5,1,0,1,-1,1,0,0,0
1883,2025-10-27 01:38:00,4270.6,1,0,1,-1,1,0,0,0
1884,2025-10-27 01:40:00,4270.4,1,0,1,-1,1,0,0,0
1885,2025-10-27 01:57:00,4268.9,1,0,1,-1,1,0,0,0
1886,2025-10-27 01:59:00,4267.6,1,0,1,-1,1,0,0,0
1887,2025-10-27 02:21:00,4261.0,0,0,1,0,1,0,0,0
1888,2025-10-27 02:57:00,4257.5,1,0,1,-1,1,0,0,0
1889,2025-10-27 03:06:00,4257.9,0,1,1,1,1,0,0,0
1889,2025-10-27 03:06:00,4258.0,0,2,2,2,2,0,0,0
1890,2025-10-27 04:01:00,4251.2,1,0,1,-1,1,0,0,0
1891,2025-10-27 05:32:00,4267.9,0,0,1,0,1,0,0,0
1891,2025-10-27 05:32:00,4268.9,0,1,1,1,1,0,0,0
1892,2025-10-27 05:33:00,4270.0,1,1,2,0,2,0,0,0
1893,2025-10-27 05:34:00,4270.0,0,0,1,0,1,0,0,0
1894,2025-10-27 08:53:00,4236.0,0,0,1,0,1,0,0,0
1894,2025-10-27 08:53:00,4236.4,0,0,1,0,1,0,0,0
1895,2025-10-27 08:55:00,4217.4,0,1,1,1,1,0,0,0
1895,2025-10-27 08:55:00,4217.7,0,0,1,0,1,0,0,0
1895,2025-10-27 08:55:00,4220.0,0,0,1,0,1,0,0,0
1896,2025-10-27 10:16:00,4230.1,1,0,1,-1,1,0,0,0
1897,2025-10-27 11:53:00,4210.5,0,0,2,0,1,0,0,0
1898,2025-10-27 12:00:00,4210.1,0,0,9,0,3,0,0,0
1898,2025-10-27 12:00:00,4210.5,0,0,1,0,1,0,0,0
1899,2025-10-27 12:24:00,4224.6,1,0,1,-1,1,0,0,0
1899,2025-10-27 12:24:00,4225.2,1,0,1,-1,1,0,0,0
1899,2025-10-27 12:24:00,4225.3,3,0,3,-3,1,0,0,0
1899,2025-10-27 12:24:00,4225.7,0,0,1,0,1,0,0,0
1900,2025-10-27 12:29:00,4222.6,0,1,1,1,1,0,0,0
1901,2025-10-27 13:28:00,4219.6,0,0,1,0,1,0,0,0
1902,2025-10-27 13:31:00,4210.3,0,0,1,0,1,0,0,0
1902,2025-10-27 13:31:00,4211.1,0,0,1,0,1,0,0,0
1903,2025-10-27 13:33:00,4221.3,1,0,1,-1,1,0,0,0
1904,2025-10-27 13:37:00,4224.8,0,0,1,0,1,0,0,0
1905,2025-10-27 13:48:00,4202.1,1,0,1,-1,1,0,0,0
1905,2025-10-27 13:48:00,4202.7,0,1,1,1,1,0,0,0
1906,2025-10-27 14:08:00,4187.7,0,0,1,0,1,0,0,0
1907,2025-10-27 14:18:00,4174.2,0,0,1,0,1,0,0,0
1908,2025-10-27 14:24:00,4175.1,0,0,1,0,1,0,0,0
1909,2025-10-27 14:25:00,4174.2,0,0,1,0,1,0,0,0
1910,2025-10-27 14:32:00,4177.5,1,0,1,-1,1,0,0,0
1911,2025-10-27 15:01:00,4164.7,1,0,1,-1,1,0,0,0
1911,2025-10-27 15:01:00,4164.8,1,0,1,-1,1,0,0,0
1912,2025-10-27 15:07:00,4160.5,0,1,1,1,1,0,0,0
1913,2025-10-27 15:11:00,4159.5,0,0,1,0,1,0,0,0
1914,2025-10-27 15:32:00,4176.1,0,0,1,0,1,0,0,0
1915,2025-10-27 15:34:00,4173.7,0,1,1,1,1,0,0,0
1916,2025-10-27 15:48:00,4170.6,1,0,1,-1,1,0,0,0
1917,2025-10-27 15:50:00,4170.7,1,0,1,-1,1,0,0,0
1918,2025-10-27 15:53:00,4175.1,1,0,1,-1,1,0,0,0
1919,2025-10-27 16:08:00,4176.5,1,0,1,-1,1,0,0,0
1920,2025-10-27 16:25:00,4178.4,0,0,1,0,1,0,0,0
1921,2025-10-27 16:46:00,4179.8,1,0,1,-1,1,0,0,0
1922,2025-10-27 17:04:00,4190.9,1,0,1,-1,1,0,0,0
1923,2025-10-27 17:22:00,4180.4,0,0,1,0,1,0,0,0
1924,2025-10-27 17:28:00,4191.7,0,1,1,1,1,0,0,0
1925,2025-10-27 17:29:00,4192.0,0,1,1,1,1,0,0,0
1925,2025-10-27 17:29:00,4192.4,0,1,1,1,1,0,0,0
1925,2025-10-27 17:29:00,4193.6,0,1,1,1,1,0,0,0
1926,2025-10-27 17:32:00,4190.1,0,1,2,1,2,0,0,0
1927,2025-10-27 17:33:00,4190.2,1,0,1,-1,1,0,0,0
1928,2025-10-27 17:39:00,4187.5,0,0,1,0,1,0,0,0
1929,2025-10-27 17:54:00,4192.7,0,0,1,0,1,0,0,0
1930,2025-10-27 17:57:00,4194.4,0,1,1,1,1,0,0,0
1931,2025-10-27 18:08:00,4196.4,0,0,1,0,1,0,0,0
1932,2025-10-27 18:22:00,4193.6,0,0,1,0,1,0,0,0
1933,2025-10-27 18:36:00,4191.8,0,1,1,1,1,0,0,0
1934,2025-10-27 19:09:00,4186.8,0,0,1,0,1,0,0,0
1935,2025-10-27 19:19:00,4183.9,0,0,1,0,1,0,0,0
1936,2025-10-27 19:25:00,4183.6,0,0,1,0,1,0,0,0
1937,2025-10-27 19:38:00,4174.9,0,0,1,0,1,0,0,0
1938,2025-10-27 19:49:00,4177.0,0,0,1,0,1,0,0,0
1939,2025-10-27 19:51:00,4174.5,0,0,1,0,1,0,0,0
1940,2025-10-27 19:52:00,4173.1,0,1,1,1,1,0,0,0
1941,2025-10-27 19:54:00,4174.0,0,1,1,1,1,0,0,0
1942,2025-10-27 20:05:00,4174.6,0,0,1,0,1,0,0,0
1943,2025-10-27 20:09:00,4176.4,1,0,1,-1,1,0,0,0
1944,2025-10-27 20:24:00,4185.2,0,1,1,1,1,0,0,0
1945,2025-10-27 20:42:00,4174.9,1,0,1,-1,1,0,0,0
1946,2025-10-27 23:13:00,4169.5,0,0,1,0,1,0,0,0
1947,2025-10-27 23:14:00,4167.7,0,0,1,0,1,0,0,0
1948,2025-10-27 23:21:00,4179.6,0,0,1,0,1,0,0,0
1949,2025-10-27 23:31:00,4182.9,0,1,1,1,1,0,0,0
1950,2025-10-27 23:49:00,4182.5,1,0,1,-1,1,0,0,0
1950,2025-10-27 23:49:00,4182.8,1,0,1,-1,1,0,0,0
1951,2025-10-28 00:34:00,4180.1,0,2,2,2,1,0,0,0
1952,2025-10-28 00:42:00,4183.7,0,1,1,1,1,0,0,0
1953,2025-10-28 00:43:00,4184.1,0,1,1,1,1,0,0,0
1954,2025-10-28 01:08:00,4202.0,0,0,1,0,1,0,0,0
1955,2025-10-28 01:28:00,4198.0,0,0,1,0,1,0,0,0
1956,2025-10-28 01:46:00,4197.1,1,0,1,-1,1,0,0,0
1956,2025-10-28 01:46:00,4197.7,1,0,1,-1,1,0,0,0
1957,2025-10-28 02:25:00,4184.4,0,1,1,1,1,0,0,0
1958,2025-10-28 02:37:00,4174.6,1,0,1,-1,1,0,0,0
1959,2025-10-28 04:23:00,4161.0,0,0,2,0,1,0,0,0
1960,2025-10-28 04:24:00,4160.2,3,0,3,-3,1,0,0,0
1960,2025-10-28 04:24:00,4160.3,1,0,1,-1,1,0,0,0
1961,2025-10-28 04:26:00,4150.0,0,0,1,0,1,0,0,0
1962,2025-10-28 05:35:00,4147.1,0,0,1,0,1,0,0,0
1963,2025-10-28 05:40:00,4144.1,2,0,2,-2,1,0,0,0
1964,2025-10-28 05:42:00,4145.2,2,0,2,-2,1,0,0,0
1964,2025-10-28 05:42:00,4145.3,1,0,1,-1,1,0,0,0
1964,2025-10-28 05:42:00,4145.7,1,0,1,-1,1,0,0,0
1965,2025-10-28 05:43:00,4144.0,1,0,1,-1,1,0,0,0
1965,2025-10-28 05:43:00,4144.1,1,0,1,-1,1,0,0,0
1966,2025-10-28 06:05:00,4146.6,1,0,1,-1,1,0,0,0
1967,2025-10-28 06:27:00,4141.3,1,0,1,-1,1,0,0,0
1968,2025-10-28 07:47:00,4114.5,1,0,1,-1,1,0,0,0
1969,2025-10-28 08:16:00,4106.1,0,0,1,0,1,0,0,0
1970,2025-10-28 08:28:00,4095.0,0,0,1,0,1,0,0,0
1971,2025-10-28 10:44:00,4098.5,0,0,1,0,1,0,0,0
1972,2025-10-28 12:11:00,4109.3,0,1,1,1,1,0,0,0
1973,2025-10-28 12:46:00,4095.7,1,0,1,-1,1,0,0,0
1974,2025-10-28 12:49:00,4093.9,0,1,1,1,1,0,0,0
1974,2025-10-28 12:49:00,4094.0,0,12,12,12,5,0,0,0
1975,2025-10-28 12:50:00,4093.9,0,1,1,1,1,0,0,0
1975,2025-10-28 12:50:00,4094.0,0,5,5,5,3,0,0,0
1976,2025-10-28 12:51:00,4091.9,1,0,1,-1,1,0,0,0
1977,2025-10-28 12:52:00,4091.5,0,1,1,1,1,0,0,0
1978,2025-10-28 13:03:00,4106.5,2,0,2,-2,1,0,0,0
1978,2025-10-28 13:03:00,4106.6,3,0,3,-3,1,0,0,0
1978,2025-10-28 13:03:00,4106.9,1,0,1,-1,1,0,0,0
1978,2025-10-28 13:03:00,4107.0,3,0,3,-3,1,0,0,0
1978,2025-10-28 13:03:00,4107.1,1,0,1,-1,1,0,0,0
1978,2025-10-28 13:03:00,4108.8,0,0,5,0,4,0,0,0
1979,2025-10-28 13:04:00,4108.1,1,1,2,0,2,0,0,0
1979,2025-10-28 13:04:00,4108.2,2,0,2,-2,1,0,0,0
1979,2025-10-28 13:04:00,4108.3,1,0,1,-1,1,0,0,0
1980,2025-10-28 13:38:00,4107.0,1,0,1,-1,1,0,0,0
1981,2025-10-28 13:49:00,4112.6,0,1,1,1,1,0,0,0
1981,2025-10-28 13:49:00,4112.8,0,1,1,1,1,0,0,0
1981,2025-10-28 13:49:00,4114.3,0,1,1,1,1,0,0,0
1981,2025-10-28 13:49:00,4114.4,0,1,1,1,1,0,0,0
1982,2025-10-28 13:50:00,4117.6,0,1,1,1,1,0,0,0
1982,2025-10-28 13:50:00,4117.7,0,1,1,1,1,0,0,0
1983,2025-10-28 13:52:00,4117.0,0,2,2,2,1,0,0,0
1984,2025-10-28 13:58:00,4119.1,1,0,1,-1,1,0,0,0
1985,2025-10-28 14:03:00,4125.7,0,1,1,1,1,0,0,0
1986,2025-10-28 14:11:00,4121.5,0,0,1,0,1,0,0,0
1987,2025-10-28 14:35:00,4133.1,0,0,2,0,2,0,0,0
1988,2025-10-28 15:53:00,4154.0,0,0,2,0,2,0,0,0
1989,2025-10-28 16:17:00,4148.7,0,0,1,0,1,0,0,0
1990,2025-10-28 16:22:00,4148.7,1,0,1,-1,1,0,0,0
1991,2025-10-28 16:39:00,4142.5,0,0,1,0,1,0,0,0
1992,2025-10-28 16:57:00,4142.5,1,0,1,-1,1,0,0,0
1992,2025-10-28 16:57:00,4142.6,1,0,1,-1,1,0,0,0
1993,2025-10-28 17:16:00,4155.0,0,0,1,0,1,0,0,0
1994,2025-10-28 18:25:00,4141.0,0,0,1,0,1,0,0,0
1995,2025-10-28 22:00:00,4139.9,0,1,1,1,1,0,0,0
1996,2025-10-28 22:07:00,4105.0,0,0,1,0,1,0,0,0
1996,2025-10-28 22:07:00,4115.0,0,0,1,0,1,0,0,0
1996,2025-10-28 22:07:00,4119.0,0,0,1,0,1,0,0,0
1997,2025-10-29 00:40:00,4160.2,0,1,1,1,1,0,0,0
1997,2025-10-29 00:40:00,4161.0,0,1,1,1,1,0,0,0
1998,2025-10-29 00:41:00,4162.6,1,0,1,-1,1,0,0,0
1999,2025-10-29 01:17:00,4158.7,0,0,1,0,1,0,0,0
2000,2025-10-29 01:36:00,4153.3,1,0,1,-1,1,0,0,0
2001,2025-10-29 06:46:00,4166.9,0,1,1,1,1,0,0,0
2002,2025-10-29 07:28:00,4182.1,0,1,1,1,1,0,0,0
2003,2025-10-29 08:46:00,4198.9,0,1,1,1,1,0,0,0
2004,2025-10-29 09:10:00,4203.9,0,2,2,2,1,0,0,0
2004,2025-10-29 09:10:00,4204.2,0,1,1,1,1,0,0,0
2005,2025-10-29 09:51:00,4213.7,0,0,1,0,1,0,0,0
2006,2025-10-29 11:09:00,4212.0,0,1,1,1,1,0,0,0
2006,2025-10-29 11:09:00,4212.1,0,1,1,1,1,0,0,0
2007,2025-10-29 11:34:00,4200.5,1,0,1,-1,1,0,0,0
2008,2025-10-29 12:09:00,4203.9,0,1,2,1,2,0,0,0
2009,2025-10-29 12:49:00,4211.7,1,0,1,-1,1,0,0,0
2010,2025-10-29 13:01:00,4205.0,0,0,1,0,1,0,0,0
2011,2025-10-29 13:30:00,4203.7,0,0,1,0,1,0,0,0
2012,2025-10-29 16:07:00,4180.7,1,0,1,-1,1,0,0,0
2012,2025-10-29 16:07:00,4181.4,1,0,1,-1,1,0,0,0
2013,2025-10-29 17:06:00,4179.2,2,0,2,-2,1,0,0,0
2014,2025-10-29 17:20:00,4180.1,1,0,1,-1,1,0,0,0
2015,2025-10-29 17:21:00,4181.0,1,0,2,-1,2,0,0,0
2016,2025-10-29 17:22:00,4183.9,0,1,1,1,1,0,0,0
2016,2025-10-29 17:22:00,4184.0,0,5,5,5,1,0,0,0
2016,2025-10-29 17:22:00,4184.2,0,2,2,2,2,0,0,0
2017,2025-10-29 17:26:00,4179.8,0,4,4,4,1,0,0,0
2017,2025-10-29 17:26:00,4179.9,0,4,4,4,1,0,0,0
2017,2025-10-29 17:26:00,4180.0,2,0,2,-2,1,0,0,0
2018,2025-10-29 17:27:00,4179.7,0,3,3,3,2,0,0,0
2018,2025-10-29 17:27:00,4179.8,0,12,12,12,5,0,0,0
2019,2025-10-29 17:29:00,4176.8,1,0,1,-1,1,0,0,0
2020,2025-10-29 18:02:00,4194.9,0,1,1,1,1,0,0,0
2021,2025-10-29 18:05:00,4180.0,0,0,1,0,1,0,0,0
2022,2025-10-29 18:09:00,4184.3,1,0,1,-1,1,0,0,0
2022,2025-10-29 18:09:00,4184.4,1,0,1,-1,1,0,0,0
2023,2025-10-29 18:19:00,4176.9,1,0,1,-1,1,0,0,0
2024,2025-10-29 18:26:00,4169.7,0,0,1,0,1,0,0,0
2025,2025-10-29 18:27:00,4170.0,0,0,4,0,3,0,0,0
2026,2025-10-29 18:31:00,4173.2,1,0,1,-1,1,0,0,0
2027,2025-10-29 18:44:00,4140.4,0,1,1,1,1,0,0,0
2027,2025-10-29 18:44:00,4140.6,0,3,3,3,1,0,0,0
2027,2025-10-29 18:44:00,4140.7,0,3,3,3,1,0,0,0
2027,2025-10-29 18:44:00,4141.1,0,0,8,0,5,0,0,0
2028,2025-10-29 18:45:00,4141.1,1,0,5,-1,5,0,0,0
2029,2025-10-29 18:46:00,4140.0,0,0,1,0,1,0,0,0
2030,2025-10-29 19:04:00,4144.0,0,2,2,2,1,0,0,0
2030,2025-10-29 19:04:00,4144.1,0,2,2,2,1,0,0,0
2030,2025-10-29 19:04:00,4144.2,2,0,6,-2,4,0,0,0
2031,2025-10-29 19:14:00,4160.7,0,4,4,4,1,0,0,0
2031,2025-10-29 19:14:00,4160.8,0,1,1,1,1,0,0,0
2032,2025-10-29 19:24:00,4146.9,1,0,1,-1,1,0,0,0
2032,2025-10-29 19:24:00,4150.0,0,0,1,0,1,0,0,0
2033,2025-10-29 19:28:00,4143.8,0,0,10,0,7,0,0,0
2034,2025-10-29 19:30:00,4140.0,1,0,3,-1,3,0,0,0
2035,2025-10-29 19:33:00,4131.0,0,0,3,0,3,0,0,0
2036,2025-10-29 19:34:00,4133.6,0,2,2,2,1,0,0,0
2036,2025-10-29 19:34:00,4133.8,0,3,3,3,1,0,0,0
2036,2025-10-29 19:34:00,4133.9,2,1,5,-1,3,0,0,0
2037,2025-10-29 19:47:00,4126.2,0,0,1,0,1,0,0,0
2038,2025-10-29 19:48:00,4125.7,1,0,1,-1,1,0,0,0
2038,2025-10-29 19:48:00,4125.9,1,0,1,-1,1,0,0,0
2038,2025-10-29 19:48:00,4129.4,0,0,1,0,1,0,0,0
2039,2025-10-29 19:51:00,4133.2,0,0,1,0,1,0,0,0
2040,2025-10-29 19:52:00,4135.8,0,1,10,1,5,0,0,0
2041,2025-10-29 19:55:00,4135.8,0,0,1,0,1,0,0,0
2042,2025-10-29 19:57:00,4133.5,0,0,4,0,4,0,0,0
2042,2025-10-29 19:57:00,4135.1,0,0,1,0,1,0,0,0
2043,2025-10-29 20:00:00,4132.8,0,0,1,0,1,0,0,0
2043,2025-10-29 20:00:00,4134.3,0,1,1,1,1,0,0,0
2044,2025-10-29 20:01:00,4130.8,0,0,5,0,3,0,0,0
2045,2025-10-29 20:03:00,4129.1,0,0,1,0,1,0,0,0
2046,2025-10-29 20:04:00,4131.8,1,0,1,-1,1,0,0,0
2046,2025-10-29 20:04:00,4132.0,1,0,1,-1,1,0,0,0
2047,2025-10-29 20:05:00,4131.3,2,0,2,-2,1,0,0,0
2048,2025-10-29 20:06:00,4130.0,1,0,5,-1,3,0,0,0
2049,2025-10-29 20:18:00,4127.6,0,0,1,0,1,0,0,0
2050,2025-10-29 20:44:00,4130.0,0,0,1,0,1,0,0,0
2051,2025-10-29 20:47:00,4122.5,1,0,1,-1,1,0,0,0
2052,2025-10-29 20:52:00,4117.0,2,0,2,-2,2,0,0,0
2053,2025-10-29 22:00:00,4105.0,0,0,1,0,1,0,0,0
2054,2025-10-29 22:36:00,4127.2,0,1,1,1,1,0,0,0
2055,2025-10-29 23:01:00,4127.4,2,0,2,-2,1,0,0,0
2055,2025-10-29 23:01:00,4127.5,1,0,1,-1,1,0,0,0
2056,2025-10-30 00:00:00,4141.3,0,0,1,0,1,0,0,0
2057,2025-10-30 00:01:00,4150.0,0,0,1,0,1,0,0,0
2058,2025-10-30 01:26:00,4136.3,1,0,1,-1,1,0,0,0
2059,2025-10-30 04:26:00,4145.2,0,0,1,0,1,0,0,0
2059,2025-10-30 04:26:00,4146.0,0,1,1,1,1,0,0,0
2060,2025-10-30 04:30:00,4150.0,0,1,1,1,1,0,0,0
2060,2025-10-30 04:30:00,4151.1,0,1,1,1,1,0,0,0
2061,2025-10-30 04:33:00,4153.1,0,1,1,1,1,0,0,0
2062,2025-10-30 04:38:00,4168.7,0,1,1,1,1,0,0,0
2062,2025-10-30 04:38:00,4169.7,0,0,1,0,1,0,0,0
2062,2025-10-30 04:38:00,4171.2,0,1,1,1,1,0,0,0
2063,2025-10-30 04:49:00,4166.9,1,0,1,-1,1,0,0,0
2064,2025-10-30 05:12:00,4153.9,1,0,1,-1,1,0,0,0
2065,2025-10-30 08:06:00,4156.2,0,1,1,1,1,0,0,0
2066,2025-10-30 08:17:00,4161.4,0,1,1,1,1,0,0,0
2067,2025-10-30 09:01:00,4175.4,0,1,1,1,1,0,0,0
2068,2025-10-30 09:03:00,4180.0,7,0,7,-7,5,0,0,0
2068,2025-10-30 09:03:00,4180.1,7,0,7,-7,4,0,0,0
2068,2025-10-30 09:03:00,4180.2,2,0,2,-2,2,0,0,0
2069,2025-10-30 09:04:00,4180.0,1,0,1,-1,1,0,0,0
2070,2025-10-30 09:05:00,4180.3,1,0,1,-1,1,0,0,0
2070,2025-10-30 09:05:00,4180.5,3,0,3,-3,1,0,0,0
2070,2025-10-30 09:05:00,4180.6,1,0,1,-1,1,0,0,0
2070,2025-10-30 09:05:00,4180.7,1,0,1,-1,1,0,0,0
2070,2025-10-30 09:05:00,4180.8,2,0,2,-2,1,0,0,0
2071,2025-10-30 09:21:00,4199.2,0,1,1,1,1,0,0,0
2072,2025-10-30 10:23:00,4176.2,1,0,1,-1,1,0,0,0
2073,2025-10-30 10:31:00,4176.8,0,3,15,3,15,0,0,0
2073,2025-10-30 10:31:00,4177.0,2,0,2,-2,1,0,0,0
2073,2025-10-30 10:31:00,4177.1,2,0,2,-2,1,0,0,0
2073,2025-10-30 10:31:00,4177.4,1,0,1,-1,1,0,0,0
2074,2025-10-30 11:00:00,4171.1,2,0,2,-2,1,0,0,0
2075,2025-10-30 11:24:00,4158.1,0,0,1,0,1,0,0,0
2076,2025-10-30 12:15:00,4173.2,5,0,5,-5,4,0,0,0
2077,2025-10-30 12:43:00,4169.5,0,0,1,0,1,0,0,0
2078,2025-10-30 13:06:00,4165.1,0,0,1,0,1,0,0,0
2079,2025-10-30 13:12:00,4165.1,0,0,4,0,1,0,0,0
2079,2025-10-30 13:12:00,4166.4,0,0,1,0,1,0,0,0
2080,2025-10-30 13:32:00,4167.7,0,0,1,0,1,0,0,0
2081,2025-10-30 13:46:00,4169.0,0,0,1,0,1,0,0,0
2081,2025-10-30 13:46:00,4170.2,0,0,1,0,1,0,0,0
2081,2025-10-30 13:46:00,4171.4,0,0,1,0,1,0,0,0
2082,2025-10-30 13:51:00,4172.6,0,1,1,1,1,0,0,0
2083,2025-10-30 13:57:00,4183.6,1,0,1,-1,1,0,0,0
2083,2025-10-30 13:57:00,4183.7,1,0,1,-1,1,0,0,0
2084,2025-10-30 13:59:00,4186.4,2,0,2,-2,1,0,0,0
2084,2025-10-30 13:59:00,4186.5,1,0,1,-1,1,0,0,0
2084,2025-10-30 13:59:00,4186.6,2,0,2,-2,1,0,0,0
2085,2025-10-30 14:02:00,4183.5,2,0,2,-2,1,0,0,0
2086,2025-10-30 14:07:00,4191.8,0,0,5,0,4,0,0,0
2086,2025-10-30 14:07:00,4196.8,2,1,3,-1,2,0,0,0
2086,2025-10-30 14:07:00,4196.9,2,0,2,-2,1,0,0,0
2087,2025-10-30 14:08:00,4200.0,0,1,1,1,1,0,0,0
2088,2025-10-30 14:15:00,4206.0,0,0,5,0,2,0,0,0
2089,2025-10-30 14:16:00,4201.0,1,0,1,-1,1,0,0,0
2089,2025-10-30 14:16:00,4201.1,1,0,1,-1,1,0,0,0
2090,2025-10-30 14:34:00,4185.3,2,0,2,-2,1,0,0,0
2091,2025-10-30 15:02:00,4185.1,1,0,1,-1,1,0,0,0
2091,2025-10-30 15:02:00,4185.6,2,0,2,-2,1,0,0,0
2091,2025-10-30 15:02:00,4185.7,1,0,1,-1,1,0,0,0
2091,2025-10-30 15:02:00,4186.3,1,0,1,-1,1,0,0,0
2092,2025-10-30 15:11:00,4197.0,0,1,1,1,1,0,0,0
2093,2025-10-30 15:27:00,4189.7,1,0,1,-1,1,0,0,0
2093,2025-10-30 15:27:00,4189.8,1,0,1,-1,1,0,0,0
2093,2025-10-30 15:27:00,4190.1,1,0,1,-1,1,0,0,0
2093,2025-10-30 15:27:00,4190.2,1,0,1,-1,1,0,0,0
2094,2025-10-30 16:17:00,4189.9,2,0,2,-2,1,0,0,0
2095,2025-10-30 16:33:00,4194.2,0,1,1,1,1,0,0,0
2096,2025-10-30 17:56:00,4203.8,5,0,5,-5,1,0,0,0
2097,2025-10-30 19:03:00,4208.1,0,1,1,1,1,0,0,0
2097,2025-10-30 19:03:00,4209.9,0,1,1,1,1,0,0,0
2098,2025-10-30 20:10:00,4218.6,1,0,1,-1,1,0,0,0
2098,2025-10-30 20:10:00,4218.7,1,0,1,-1,1,0,0,0
2099,2025-10-30 20:11:00,4217.9,2,0,2,-2,1,0,0,0
2100,2025-10-30 22:54:00,4234.0,0,2,2,2,1,0,0,0
2100,2025-10-30 22:54:00,4234.1,0,1,1,1,1,0,0,0
2100,2025-10-30 22:54:00,4234.3,0,1,1,1,1,0,0,0
2100,2025-10-30 22:54:00,4234.4,0,2,2,2,1,0,0,0
2100,2025-10-30 22:54:00,4234.9,0,1,1,1,1,0,0,0
2100,2025-10-30 22:54:00,4235.3,0,1,1,1,1,0,0,0
2101,2025-10-30 23:04:00,4227.3,0,0,1,0,1,0,0,0
2102,2025-10-30 23:05:00,4224.1,1,0,1,-1,1,0,0,0
2102,2025-10-30 23:05:00,4224.5,1,0,1,-1,1,0,0,0
2102,2025-10-30 23:05:00,4225.0,1,0,1,-1,1,0,0,0
2102,2025-10-30 23:05:00,4225.4,1,0,1,-1,1,0,0,0
2102,2025-10-30 23:05:00,4225.9,3,0,3,-3,1,0,0,0
2102,2025-10-30 23:05:00,4226.3,2,0,2,-2,1,0,0,0
2103,2025-10-30 23:12:00,4222.0,0,0,1,0,1,0,0,0
2104,2025-10-30 23:13:00,4217.9,0,0,5,0,3,0,0,0
2105,2025-10-30 23:41:00,4227.4,1,0,1,-1,1,0,0,0
2106,2025-10-31 02:32:00,4204.0,0,0,1,0,1,0,0,0
2107,2025-10-31 04:07:00,4186.3,1,0,1,-1,1,0,0,0
2108,2025-10-31 04:10:00,4184.3,1,0,1,-1,1,0,0,0
2109,2025-10-31 04:49:00,4200.8,0,1,1,1,1,0,0,0
2110,2025-10-31 07:58:00,4212.2,0,1,1,1,1,0,0,0
2110,2025-10-31 07:58:00,4212.3,0,2,2,2,1,0,0,0
2110,2025-10-31 07:58:00,4212.6,1,0,2,-1,2,0,0,0
2111,2025-10-31 12:02:00,4202.9,0,1,1,1,1,0,0,0
2112,2025-10-31 13:35:00,4213.4,1,0,1,-1,1,0,0,0
2113,2025-10-31 14:03:00,4215.1,2,0,2,-2,1,0,0,0
2114,2025-10-31 14:40:00,4206.5,2,0,2,-2,1,0,0,0
2115,2025-10-31 14:50:00,4203.4,1,0,1,-1,1,0,0,0
2115,2025-10-31 14:50:00,4203.5,1,0,1,-1,1,0,0,0
2116,2025-10-31 14:51:00,4202.7,2,0,2,-2,1,0,0,0
2117,2025-10-31 14:52:00,4202.7,0,0,1,0,1,0,0,0
2118,2025-10-31 14:56:00,4208.8,0,0,1,0,1,0,0,0
2119,2025-10-31 15:00:00,4205.5,0,0,1,0,1,0,0,0
2120,2025-10-31 15:03:00,4204.5,0,0,1,0,1,0,0,0
2121,2025-10-31 15:08:00,4201.4,0,0,1,0,1,0,0,0
2122,2025-10-31 15:11:00,4204.4,0,0,1,0,1,0,0,0
2123,2025-10-31 15:47:00,4208.0,1,0,1,-1,1,0,0,0
2123,2025-10-31 15:47:00,4208.1,1,0,1,-1,1,0,0,0
2123,2025-10-31 15:47:00,4209.6,1,0,1,-1,1,0,0,0
2123,2025-10-31 15:47:00,4209.7,1,0,1,-1,1,0,0,0
2123,2025-10-31 15:47:00,4210.3,1,0,1,-1,1,0,0,0
2123,2025-10-31 15:47:00,4210.4,1,0,1,-1,1,0,0,0
2123,2025-10-31 15:47:00,4210.5,1,0,1,-1,1,0,0,0
2123,2025-10-31 15:47:00,4210.6,1,0,1,-1,1,0,0,0
2124,2025-10-31 15:48:00,4208.5,1,0,1,-1,1,0,0,0
2125,2025-10-31 16:00:00,4202.5,2,0,2,-2,1,0,0,0
2126,2025-10-31 16:09:00,4190.0,0,0,1,0,1,0,0,0
2127,2025-10-31 16:11:00,4185.0,1,0,5,-1,4,0,0,0
2128,2025-10-31 16:17:00,4164.2,0,0,10,0,9,0,0,0
2128,2025-10-31 16:17:00,4165.9,0,0,10,0,1,0,0,0
2129,2025-10-31 16:18:00,4167.4,0,0,2,0,2,0,0,0
2129,2025-10-31 16:18:00,4169.8,0,2,2,2,1,0,0,0
2129,2025-10-31 16:18:00,4169.9,0,1,1,1,1,0,0,0
2129,2025-10-31 16:18:00,4170.0,0,1,1,1,1,0,0,0
2129,2025-10-31 16:18:00,4170.2,0,1,1,1,1,0,0,0
2129,2025-10-31 16:18:00,4170.3,0,1,1,1,1,0,0,0
2129,2025-10-31 16:18:00,4170.4,0,1,1,1,1,0,0,0
2129,2025-10-31 16:18:00,4170.7,0,1,1,1,1,0,0,0
2129,2025-10-31 16:18:00,4171.0,0,1,1,1,1,0,0,0
2129,2025-10-31 16:18:00,4171.2,0,1,1,1,1,0,0,0
2130,2025-10-31 16:19:00,4165.2,1,0,1,-1,1,0,0,0
2130,2025-10-31 16:19:00,4165.3,1,0,1,-1,1,0,0,0
2131,2025-10-31 16:21:00,4172.7,1,0,1,-1,1,0,0,0
2131,2025-10-31 16:21:00,4173.3,4,0,4,-4,1,0,0,0
2132,2025-10-31 16:23:00,4171.0,4,0,4,-4,3,0,0,0
2132,2025-10-31 16:23:00,4171.2,1,0,1,-1,1,0,0,0
2133,2025-10-31 16:31:00,4176.9,0,1,1,1,1,0,0,0
2133,2025-10-31 16:31:00,4177.0,0,1,1,1,1,0,0,0
2133,2025-10-31 16:31:00,4177.2,0,1,1,1,1,0,0,0
2133,2025-10-31 16:31:00,4177.3,0,1,1,1,1,0,0,0
2133,2025-10-31 16:31:00,4177.7,0,1,1,1,1,0,0,0
2134,2025-10-31 16:33:00,4177.0,1,0,1,-1,1,0,0,0
2134,2025-10-31 16:33:00,4177.1,3,0,3,-3,1,0,0,0
2134,2025-10-31 16:33:00,4177.2,1,0,1,-1,1,0,0,0
2134,2025-10-31 16:33:00,4177.3,1,0,1,-1,1,0,0,0
2134,2025-10-31 16:33:00,4178.0,4,0,4,-4,2,0,0,0
2135,2025-10-31 16:39:00,4177.2,0,1,1,1,1,0,0,0
2135,2025-10-31 16:39:00,4177.3,0,2,2,2,1,0,0,0
2135,2025-10-31 16:39:00,4177.6,0,1,1,1,1,0,0,0
2136,2025-10-31 16:59:00,4170.1,0,2,2,2,1,0,0,0
2136,2025-10-31 16:59:00,4170.3,0,1,1,1,1,0,0,0
2136,2025-10-31 16:59:00,4170.4,0,2,2,2,1,0,0,0
2136,2025-10-31 16:59:00,4170.5,0,1,1,1,1,0,0,0
2137,2025-10-31 17:07:00,4178.1,1,0,1,-1,1,0,0,0
2137,2025-10-31 17:07:00,4178.2,3,0,3,-3,1,0,0,0
2137,2025-10-31 17:07:00,4178.3,1,0,1,-1,1,0,0,0
2137,2025-10-31 17:07:00,4178.4,1,0,1,-1,1,0,0,0
2138,2025-10-31 17:29:00,4174.8,1,0,1,-1,1,0,0,0
2138,2025-10-31 17:29:00,4175.2,1,0,1,-1,1,0,0,0
2139,2025-10-31 17:33:00,4174.5,1,0,1,-1,1,0,0,0
2139,2025-10-31 17:33:00,4174.6,1,0,1,-1,1,0,0,0
2140,2025-10-31 18:10:00,4190.5,0,1,1,1,1,0,0,0
2141,2025-10-31 18:14:00,4197.2,0,1,1,1,1,0,0,0
2141,2025-10-31 18:14:00,4197.4,0,1,1,1,1,0,0,0
2142,2025-10-31 18:47:00,4193.8,1,0,1,-1,1,0,0,0
2143,2025-10-31 20:04:00,4187.1,1,0,1,-1,1,0,0,0
2143,2025-10-31 20:04:00,4187.2,1,0,1,-1,1,0,0,0
2143,2025-10-31 20:04:00,4187.3,2,0,2,-2,1,0,0,0
2144,2025-11-02 23:00:00,4172.2,0,1,1,1,1,0,0,0
2144,2025-11-02 23:00:00,4177.3,0,0,1,0,1,0,0,0
2145,2025-11-02 23:01:00,4180.0,0,1,1,1,1,0,0,0
2146,2025-11-02 23:02:00,4180.0,0,0,2,0,2,0,0,0
2147,2025-11-02 23:23:00,4182.0,0,0,1,0,1,0,0,0
2148,2025-11-02 23:44:00,4169.3,1,0,1,-1,1,0,0,0
2149,2025-11-03 01:15:00,4175.2,0,0,1,0,1,0,0,0
2150,2025-11-03 03:22:00,4196.0,1,0,1,-1,1,0,0,0
2151,2025-11-03 03:26:00,4196.0,0,0,1,0,1,0,0,0
2152,2025-11-03 03:33:00,4197.0,0,0,2,0,2,0,0,0
2153,2025-11-03 07:42:00,4210.6,0,0,1,0,1,0,0,0
2154,2025-11-03 07:56:00,4213.9,0,1,1,1,1,0,0,0
2155,2025-11-03 07:59:00,4213.9,1,0,1,-1,1,0,0,0
2155,2025-11-03 07:59:00,4214.0,1,0,1,-1,1,0,0,0
2156,2025-11-03 08:03:00,4215.0,20,0,20,-20,1,0,0,0
2157,2025-11-03 08:18:00,4211.4,0,0,1,0,1,0,0,0
2158,2025-11-03 08:43:00,4205.2,0,1,1,1,1,0,0,0
2159,2025-11-03 09:37:00,4192.2,1,0,1,-1,1,0,0,0
2160,2025-11-03 09:41:00,4190.0,0,0,1,0,1,0,0,0
2161,2025-11-03 09:46:00,4181.7,1,0,1,-1,1,0,0,0
2162,2025-11-03 09:52:00,4190.2,1,0,1,-1,1,0,0,0
2162,2025-11-03 09:52:00,4190.5,1,0,1,-1,1,0,0,0
2163,2025-11-03 10:07:00,4185.2,0,3,3,3,1,0,0,0
2163,2025-11-03 10:07:00,4185.3,1,0,2,-1,2,0,0,0
2164,2025-11-03 13:38:00,4208.6,0,0,1,0,1,0,0,0
2164,2025-11-03 13:38:00,4209.1,1,0,1,-1,1,0,0,0
2165,2025-11-03 13:42:00,4206.2,0,1,1,1,1,0,0,0
2166,2025-11-03 13:43:00,4206.0,1,0,1,-1,1,0,0,0
2166,2025-11-03 13:43:00,4206.1,0,1,1,1,1,0,0,0
2167,2025-11-03 13:44:00,4206.5,3,0,3,-3,3,0,0,0
2167,2025-11-03 13:44:00,4206.6,1,0,1,-1,1,0,0,0
2167,2025-11-03 13:44:00,4206.7,1,0,1,-1,1,0,0,0
2168,2025-11-03 14:03:00,4210.1,0,0,1,0,1,0,0,0
2169,2025-11-03 14:04:00,4207.2,0,1,1,1,1,0,0,0
2170,2025-11-03 14:09:00,4202.0,1,0,1,-1,1,0,0,0
2171,2025-11-03 14:25:00,4206.0,1,0,1,-1,1,0,0,0
2172,2025-11-03 14:29:00,4199.7,0,1,1,1,1,0,0,0
2172,2025-11-03 14:29:00,4199.9,1,2,4,1,3,0,0,0
2172,2025-11-03 14:29:00,4200.6,0,0,1,0,1,0,0,0
2173,2025-11-03 14:31:00,4197.7,1,0,1,-1,1,0,0,0
2174,2025-11-03 14:33:00,4191.7,1,0,1,-1,1,0,0,0
2174,2025-11-03 14:33:00,4192.0,0,0,1,0,1,0,0,0
2175,2025-11-03 14:44:00,4201.7,0,0,1,0,1,0,0,0
2176,2025-11-03 14:48:00,4212.0,0,0,2,0,1,0,0,0
2177,2025-11-03 15:03:00,4216.3,1,0,1,-1,1,0,0,0
2177,2025-11-03 15:03:00,4216.5,1,0,1,-1,1,0,0,0
2178,2025-11-03 15:07:00,4215.2,0,1,1,1,1,0,0,0
2179,2025-11-03 15:13:00,4217.0,0,0,1,0,1,0,0,0
2180,2025-11-03 15:18:00,4217.3,0,0,1,0,1,0,0,0
2181,2025-11-03 15:28:00,4200.0,0,0,4,0,2,0,0,0
2182,2025-11-03 15:32:00,4201.5,0,1,1,1,1,0,0,0
2183,2025-11-03 15:37:00,4198.5,0,1,1,1,1,0,0,0
2184,2025-11-03 15:54:00,4200.1,0,0,1,0,1,0,0,0
2185,2025-11-03 16:00:00,4198.2,0,0,2,0,1,0,0,0
2186,2025-11-03 16:07:00,4195.6,1,0,1,-1,1,0,0,0
2187,2025-11-03 16:10:00,4196.8,0,0,5,0,3,0,0,0
2188,2025-11-03 16:15:00,4191.2,1,0,1,-1,1,0,0,0
2189,2025-11-03 16:17:00,4188.0,0,0,1,0,1,0,0,0
2190,2025-11-03 16:18:00,4188.1,0,1,1,1,1,0,0,0
2190,2025-11-03 16:18:00,4188.2,0,3,3,3,1,0,0,0
2190,2025-11-03 16:18:00,4188.3,0,3,3,3,1,0,0,0
2190,2025-11-03 16:18:00,4188.4,0,1,1,1,1,0,0,0
2190,2025-11-03 16:18:00,4188.5,1,1,2,0,2,0,0,0
2191,2025-11-03 16:31:00,4189.1,3,0,3,-3,1,0,0,0
2191,2025-11-03 16:31:00,4189.2,1,0,1,-1,1,0,0,0
2192,2025-11-03 17:18:00,4198.0,0,1,6,1,6,0,0,0
2192,2025-11-03 17:18:00,4198.1,3,0,3,-3,2,0,0,0
2193,2025-11-03 17:19:00,4198.0,0,0,1,0,1,0,0,0
2194,2025-11-03 18:43:00,4201.4,1,0,1,-1,1,0,0,0
2195,2025-11-03 18:48:00,4197.1,1,0,1,-1,1,0,0,0
2196,2025-11-03 19:03:00,4192.2,1,0,1,-1,1,0,0,0
2197,2025-11-03 20:04:00,4201.2,0,0,1,0,1,0,0,0
2198,2025-11-03 20:05:00,4203.1,1,0,1,-1,1,0,0,0
2198,2025-11-03 20:05:00,4204.0,1,0,1,-1,1,0,0,0
2199,2025-11-03 21:16:00,4197.9,0,0,1,0,1,0,0,0
2200,2025-11-03 21:18:00,4197.9,0,0,1,0,1,0,0,0
2201,2025-11-03 21:19:00,4197.9,0,0,3,0,2,0,0,0
2202,2025-11-03 21:33:00,4195.5,0,3,5,3,2,0,0,0
2203,2025-11-03 21:34:00,4195.4,0,0,1,0,1,0,0,0
2204,2025-11-03 23:03:00,4196.5,1,0,1,-1,1,0,0,0
2205,2025-11-03 23:07:00,4189.0,0,0,1,0,1,0,0,0
2206,2025-11-03 23:16:00,4181.2,1,0,1,-1,1,0,0,0
2207,2025-11-03 23:49:00,4189.0,0,0,1,0,1,0,0,0
2208,2025-11-04 00:36:00,4178.2,0,0,5,0,2,0,0,0
2209,2025-11-04 01:06:00,4181.0,2,0,2,-2,1,0,0,0
2209,2025-11-04 01:06:00,4181.4,2,0,2,-2,1,0,0,0
2209,2025-11-04 01:06:00,4181.8,1,0,1,-1,1,0,0,0
2210,2025-11-04 01:44:00,4177.9,0,0,1,0,1,0,0,0
2211,2025-11-04 02:02:00,4169.3,1,0,1,-1,1,0,0,0
2212,2025-11-04 02:03:00,4166.0,0,0,1,0,1,0,0,0
2213,2025-11-04 02:34:00,4167.8,1,0,1,-1,1,0,0,0
2213,2025-11-04 02:34:00,4168.2,2,0,2,-2,1,0,0,0
2213,2025-11-04 02:34:00,4168.6,1,0,1,-1,1,0,0,0
2213,2025-11-04 02:34:00,4168.7,1,0,1,-1,1,0,0,0
2214,2025-11-04 05:43:00,4168.0,0,0,1,0,1,0,0,0
2215,2025-11-04 06:01:00,4161.8,1,0,1,-1,1,0,0,0
2216,2025-11-04 06:42:00,4168.9,1,0,1,-1,1,0,0,0
2217,2025-11-04 06:49:00,4168.0,0,0,2,0,1,0,0,0
2218,2025-11-04 07:16:00,4180.4,0,1,1,1,1,0,0,0
2219,2025-11-04 12:59:00,4172.4,4,0,4,-4,2,0,0,0
2219,2025-11-04 12:59:00,4172.5,1,0,1,-1,1,0,0,0
2219,2025-11-04 12:59:00,4172.6,1,0,1,-1,1,0,0,0
2219,2025-11-04 12:59:00,4172.8,1,0,1,-1,1,0,0,0
2219,2025-11-04 12:59:00,4172.9,2,0,2,-2,1,0,0,0
2219,2025-11-04 12:59:00,4173.0,1,0,1,-1,1,0,0,0
2220,2025-11-04 13:00:00,4171.6,0,0,1,0,1,0,0,0
2220,2025-11-04 13:00:00,4172.4,0,0,1,0,1,0,0,0
2221,2025-11-04 13:17:00,4183.7,0,0,1,0,1,0,0,0
2222,2025-11-04 13:34:00,4169.9,0,0,1,0,1,0,0,0
2223,2025-11-04 13:45:00,4167.4,0,2,2,2,1,0,0,0
2223,2025-11-04 13:45:00,4167.6,0,1,1,1,1,0,0,0
2223,2025-11-04 13:45:00,4167.7,0,1,1,1,1,0,0,0
2223,2025-11-04 13:45:00,4167.9,0,1,1,1,1,0,0,0
2223,2025-11-04 13:45:00,4168.0,0,4,4,4,2,0,0,0
2223,2025-11-04 13:45:00,4168.1,0,0,1,0,1,0,0,0
2224,2025-11-04 13:48:00,4165.9,0,1,1,1,1,0,0,0
2225,2025-11-04 13:51:00,4161.6,1,0,1,-1,1,0,0,0
2226,2025-11-04 13:52:00,4160.2,0,0,1,0,1,0,0,0
2227,2025-11-04 13:58:00,4165.7,0,0,1,0,1,0,0,0
2228,2025-11-04 14:00:00,4160.0,0,0,1,0,1,0,0,0
2229,2025-11-04 14:07:00,4159.0,0,0,1,0,1,0,0,0
2230,2025-11-04 14:10:00,4154.7,1,0,1,-1,1,0,0,0
2231,2025-11-04 14:25:00,4156.4,0,0,1,0,1,0,0,0
2232,2025-11-04 14:29:00,4140.3,1,0,1,-1,1,0,0,0
2232,2025-11-04 14:29:00,4141.0,1,0,1,-1,1,0,0,0
2233,2025-11-04 14:30:00,4137.1,0,0,1,0,1,0,0,0
2234,2025-11-04 14:31:00,4135.0,1,0,1,-1,1,0,0,0
2235,2025-11-04 14:33:00,4127.0,1,0,1,-1,1,0,0,0
2235,2025-11-04 14:33:00,4127.1,2,0,2,-2,1,0,0,0
2235,2025-11-04 14:33:00,4127.2,1,0,1,-1,1,0,0,0
2235,2025-11-04 14:33:00,4127.4,1,0,1,-1,1,0,0,0
2235,2025-11-04 14:33:00,4129.7,0,1,1,1,1,0,0,0
2236,2025-11-04 14:34:00,4118.0,1,0,1,-1,1,0,0,0
2236,2025-11-04 14:34:00,4118.1,1,0,1,-1,1,0,0,0
2236,2025-11-04 14:34:00,4121.0,0,0,1,0,1,0,0,0
2236,2025-11-04 14:34:00,4121.8,1,0,1,-1,1,0,0,0
2236,2025-11-04 14:34:00,4121.9,1,0,1,-1,1,0,0,0
2236,2025-11-04 14:34:00,4122.0,1,0,1,-1,1,0,0,0
2237,2025-11-04 14:37:00,4123.6,0,1,1,1,1,0,0,0
2238,2025-11-04 14:40:00,4114.8,0,0,1,0,1,0,0,0
2238,2025-11-04 14:40:00,4117.6,1,0,1,-1,1,0,0,0
2239,2025-11-04 14:43:00,4119.0,0,1,1,1,1,0,0,0
2239,2025-11-04 14:43:00,4119.1,0,1,1,1,1,0,0,0
2239,2025-11-04 14:43:00,4119.4,0,1,1,1,1,0,0,0
2239,2025-11-04 14:43:00,4119.8,0,2,2,2,1,0,0,0
2240,2025-11-04 14:47:00,4120.1,1,0,1,-1,1,0,0,0
2241,2025-11-04 14:52:00,4129.3,0,0,2,0,2,0,0,0
2242,2025-11-04 14:54:00,4132.2,1,0,1,-1,1,0,0,0
2243,2025-11-04 14:57:00,4137.7,0,1,1,1,1,0,0,0
2244,2025-11-04 14:58:00,4138.5,0,0,1,0,1,0,0,0
2244,2025-11-04 14:58:00,4140.0,0,2,2,2,1,0,0,0
2244,2025-11-04 14:58:00,4140.1,0,1,1,1,1,0,0,0
2244,2025-11-04 14:58:00,4140.4,0,1,1,1,1,0,0,0
2244,2025-11-04 14:58:00,4140.5,0,2,2,2,1,0,0,0
2244,2025-11-04 14:58:00,4140.7,0,1,1,1,1,0,0,0
2244,2025-11-04 14:58:00,4140.9,2,1,3,-1,2,0,0,0
2245,2025-11-04 15:00:00,4145.0,0,0,2,0,1,0,0,0
2246,2025-11-04 15:13:00,4132.5,0,0,1,0,1,0,0,0
2246,2025-11-04 15:13:00,4133.5,0,5,5,5,3,0,0,0
2247,2025-11-04 15:15:00,4133.4,0,3,3,3,1,0,0,0
2247,2025-11-04 15:15:00,4133.5,0,2,2,2,1,0,0,0
2248,2025-11-04 15:21:00,4130.8,0,3,3,3,1,0,0,0
2248,2025-11-04 15:21:00,4131.1,0,2,2,2,1,0,0,0
2249,2025-11-04 15:22:00,4133.3,0,0,1,0,1,0,0,0
2250,2025-11-04 15:37:00,4143.1,0,0,1,0,1,0,0,0
2251,2025-11-04 15:49:00,4146.4,0,0,1,0,1,0,0,0
2252,2025-11-04 16:00:00,4145.5,0,0,1,0,1,0,0,0
2253,2025-11-04 16:12:00,4151.7,0,2,2,2,1,0,0,0
2253,2025-11-04 16:12:00,4151.8,0,3,3,3,1,0,0,0
2254,2025-11-04 16:14:00,4149.1,0,0,1,0,1,0,0,0
2255,2025-11-04 16:17:00,4155.0,0,0,1,0,1,0,0,0
2256,2025-11-04 16:22:00,4162.2,0,0,1,0,1,0,0,0
2256,2025-11-04 16:22:00,4162.6,0,3,3,3,1,0,0,0
2256,2025-11-04 16:22:00,4162.7,0,1,1,1,1,0,0,0
2256,2025-11-04 16:22:00,4162.8,0,1,1,1,1,0,0,0
2257,2025-11-04 16:23:00,4161.9,0,1,1,1,1,0,0,0
2257,2025-11-04 16:23:00,4162.6,0,0,1,0,1,0,0,0
2258,2025-11-04 16:30:00,4158.0,0,0,1,0,1,0,0,0
2259,2025-11-04 16:32:00,4159.9,0,1,1,1,1,0,0,0
2260,2025-11-04 16:35:00,4159.1,0,0,1,0,1,0,0,0
2261,2025-11-04 16:38:00,4159.7,0,0,1,0,1,0,0,0
2262,2025-11-04 17:02:00,4158.1,0,0,1,0,1,0,0,0
2263,2025-11-04 17:07:00,4153.7,0,0,2,0,2,0,0,0
2264,2025-11-04 17:09:00,4150.0,0,0,1,0,1,0,0,0
2265,2025-11-04 17:26:00,4149.9,0,0,1,0,1,0,0,0
2266,2025-11-04 17:51:00,4146.2,0,0,1,0,1,0,0,0
2267,2025-11-04 17:52:00,4144.2,0,0,1,0,1,0,0,0
2268,2025-11-04 18:15:00,4138.8,0,0,1,0,1,0,0,0
2269,2025-11-04 18:35:00,4130.0,0,0,1,0,1,0,0,0
2270,2025-11-04 18:39:00,4122.5,0,0,1,0,1,0,0,0
2271,2025-11-04 18:57:00,4124.4,0,1,1,1,1,0,0,0
2271,2025-11-04 18:57:00,4124.6,0,3,3,3,1,0,0,0
2271,2025-11-04 18:57:00,4124.7,0,1,1,1,1,0,0,0
2272,2025-11-04 18:59:00,4125.1,0,1,1,1,1,0,0,0
2272,2025-11-04 18:59:00,4125.2,0,3,3,3,1,0,0,0
2272,2025-11-04 18:59:00,4125.3,0,1,1,1,1,0,0,0
2273,2025-11-04 19:04:00,4123.9,0,0,1,0,1,0,0,0
2274,2025-11-04 19:28:00,4129.4,0,0,1,0,1,0,0,0
2275,2025-11-04 20:06:00,4119.1,1,0,1,-1,1,0,0,0
2276,2025-11-04 20:12:00,4120.2,0,5,5,5,4,0,0,0
2277,2025-11-04 21:05:00,4120.3,1,0,1,-1,1,0,0,0
2277,2025-11-04 21:05:00,4120.4,1,0,1,-1,1,0,0,0
2277,2025-11-04 21:05:00,4120.5,2,0,2,-2,1,0,0,0
2277,2025-11-04 21:05:00,4120.8,2,0,2,-2,1,0,0,0
2277,2025-11-04 21:05:00,4120.9,3,0,3,-3,1,0,0,0
2278,2025-11-04 21:25:00,4120.5,1,0,1,-1,1,0,0,0
2279,2025-11-04 21:34:00,4119.9,0,1,1,1,1,0,0,0
2279,2025-11-04 21:34:00,4120.0,0,4,4,4,3,0,0,0
2280,2025-11-04 23:01:00,4121.0,0,2,2,2,1,0,0,0
2280,2025-11-04 23:01:00,4121.2,0,3,3,3,2,0,0,0
2280,2025-11-04 23:01:00,4121.3,0,1,1,1,1,0,0,0
2280,2025-11-04 23:01:00,4121.4,0,1,1,1,1,0,0,0
2280,2025-11-04 23:01:00,4121.6,0,2,2,2,1,0,0,0
2280,2025-11-04 23:01:00,4121.9,0,1,1,1,1,0,0,0
2281,2025-11-04 23:43:00,4121.9,1,0,1,-1,1,0,0,0
2282,2025-11-04 23:55:00,4118.7,0,0,1,0,1,0,0,0
2283,2025-11-05 03:16:00,4140.0,5,0,5,-5,3,0,0,0
2284,2025-11-05 03:45:00,4148.5,0,1,1,1,1,0,0,0
2285,2025-11-05 04:39:00,4155.7,1,0,1,-1,1,0,0,0
2286,2025-11-05 04:40:00,4157.2,0,1,1,1,1,0,0,0
2286,2025-11-05 04:40:00,4157.8,0,1,1,1,1,0,0,0
2287,2025-11-05 04:41:00,4158.2,0,1,1,1,1,0,0,0
2288,2025-11-05 04:46:00,4160.0,0,0,1,0,1,0,0,0
2289,2025-11-05 04:50:00,4157.5,0,1,1,1,1,0,0,0
2290,2025-11-05 04:51:00,4158.1,0,1,1,1,1,0,0,0
2291,2025-11-05 05:07:00,4157.3,0,1,1,1,1,0,0,0
2292,2025-11-05 05:08:00,4157.3,1,0,1,-1,1,0,0,0
2293,2025-11-05 05:26:00,4163.7,0,0,1,0,1,0,0,0
2294,2025-11-05 05:30:00,4162.2,0,0,1,0,1,0,0,0
2295,2025-11-05 06:26:00,4157.0,0,0,1,0,1,0,0,0
2296,2025-11-05 06:34:00,4159.0,0,0,1,0,1,0,0,0
2297,2025-11-05 08:05:00,4165.0,0,0,1,0,1,0,0,0
2298,2025-11-05 08:26:00,4169.2,1,0,1,-1,1,0,0,0
2298,2025-11-05 08:26:00,4169.4,1,0,1,-1,1,0,0,0
2298,2025-11-05 08:26:00,4169.8,2,0,2,-2,1,0,0,0
2299,2025-11-05 10:05:00,4150.9,0,0,1,0,1,0,0,0
2300,2025-11-05 11:13:00,4148.9,2,0,2,-2,1,0,0,0
2301,2025-11-05 11:40:00,4148.8,3,0,3,-3,1,0,0,0
2302,2025-11-05 12:29:00,4154.6,1,0,1,-1,1,0,0,0
2303,2025-11-05 12:30:00,4154.6,0,1,5,1,4,0,0,0
2304,2025-11-05 13:13:00,4159.6,2,0,2,-2,2,0,0,0
2304,2025-11-05 13:13:00,4160.4,1,0,1,-1,1,0,0,0
2304,2025-11-05 13:13:00,4160.5,1,0,1,-1,1,0,0,0
2304,2025-11-05 13:13:00,4160.6,1,0,1,-1,1,0,0,0
2305,2025-11-05 13:14:00,4160.1,0,0,1,0,1,0,0,0
2306,2025-11-05 13:24:00,4163.0,0,0,1,0,1,0,0,0
2307,2025-11-05 13:37:00,4158.9,1,0,1,-1,1,0,0,0
2307,2025-11-05 13:37:00,4159.1,1,0,1,-1,1,0,0,0
2308,2025-11-05 13:54:00,4166.0,0,0,1,0,1,0,0,0
2309,2025-11-05 13:55:00,4165.5,0,0,1,0,1,0,0,0
2310,2025-11-05 14:02:00,4164.3,0,1,1,1,1,0,0,0
2311,2025-11-05 14:22:00,4169.0,0,0,1,0,1,0,0,0
2312,2025-11-05 14:25:00,4170.0,0,0,1,0,1,0,0,0
2313,2025-11-05 14:29:00,4171.6,2,0,2,-2,2,0,0,0
2313,2025-11-05 14:29:00,4171.7,1,0,1,-1,1,0,0,0
2314,2025-11-05 14:30:00,4170.7,0,0,1,0,1,0,0,0
2314,2025-11-05 14:30:00,4171.6,2,0,2,-2,2,0,0,0
2315,2025-11-05 14:38:00,4170.7,0,0,1,0,1,0,0,0
2316,2025-11-05 14:43:00,4165.0,0,0,1,0,1,0,0,0
2317,2025-11-05 14:48:00,4162.1,0,1,1,1,1,0,0,0
2318,2025-11-05 14:52:00,4161.3,0,0,1,0,1,0,0,0
2319,2025-11-05 15:05:00,4161.2,0,0,1,0,1,0,0,0
2320,2025-11-05 15:15:00,4158.5,0,0,1,0,1,0,0,0
2321,2025-11-05 15:16:00,4157.1,0,0,1,0,1,0,0,0
2322,2025-11-05 15:27:00,4165.2,0,1,1,1,1,0,0,0
2323,2025-11-05 15:31:00,4168.9,1,1,3,0,3,0,0,0
2323,2025-11-05 15:31:00,4169.0,1,0,1,-1,1,0,0,0
2323,2025-11-05 15:31:00,4169.2,1,0,1,-1,1,0,0,0
2323,2025-11-05 15:31:00,4170.0,0,1,2,1,2,0,0,0
2324,2025-11-05 15:32:00,4170.8,0,0,1,0,1,0,0,0
2324,2025-11-05 15:32:00,4171.4,0,1,1,1,1,0,0,0
2324,2025-11-05 15:32:00,4171.6,0,1,1,1,1,0,0,0
2325,2025-11-05 15:37:00,4167.9,0,0,2,0,2,0,0,0
2326,2025-11-05 15:40:00,4170.0,0,0,1,0,1,0,0,0
2327,2025-11-05 15:43:00,4170.0,0,0,1,0,1,0,0,0
2328,2025-11-05 15:44:00,4170.0,0,0,4,0,3,0,0,0
2329,2025-11-05 16:22:00,4167.8,0,0,1,0,1,0,0,0
2330,2025-11-05 16:30:00,4172.0,0,0,2,0,2,0,0,0
2331,2025-11-05 16:45:00,4174.0,0,0,1,0,1,0,0,0
2332,2025-11-05 16:47:00,4179.3,0,1,1,1,1,0,0,0
2333,2025-11-05 16:50:00,4177.3,0,1,1,1,1,0,0,0
2333,2025-11-05 16:50:00,4177.6,1,0,1,-1,1,0,0,0
2334,2025-11-05 17:07:00,4174.1,1,0,1,-1,1,0,0,0
2335,2025-11-05 17:10:00,4175.4,0,0,1,0,1,0,0,0
2336,2025-11-05 17:30:00,4171.9,0,0,2,0,1,0,0,0
2337,2025-11-05 17:35:00,4172.3,0,1,1,1,1,0,0,0
2338,2025-11-05 17:38:00,4171.7,0,0,5,0,2,0,0,0
2339,2025-11-05 17:39:00,4171.8,0,1,1,1,1,0,0,0
2340,2025-11-05 18:19:00,4175.3,0,0,1,0,1,0,0,0
2341,2025-11-05 18:58:00,4172.8,0,1,1,1,1,0,0,0
2342,2025-11-05 19:11:00,4171.8,2,0,2,-2,1,0,0,0
2343,2025-11-05 19:13:00,4171.0,3,0,3,-3,2,0,0,0
2344,2025-11-05 19:21:00,4172.5,2,0,2,-2,1,0,0,0
2344,2025-11-05 19:21:00,4172.6,3,0,3,-3,1,0,0,0
2345,2025-11-05 19:42:00,4178.5,0,1,1,1,1,0,0,0
2346,2025-11-05 19:47:00,4177.4,1,0,1,-1,1,0,0,0
2346,2025-11-05 19:47:00,4177.5,1,0,1,-1,1,0,0,0
2347,2025-11-05 20:19:00,4177.5,0,0,2,0,2,0,0,0
2348,2025-11-05 20:28:00,4177.5,0,0,1,0,1,0,0,0
2349,2025-11-05 20:50:00,4174.3,0,0,1,0,1,0,0,0
2350,2025-11-05 21:01:00,4175.3,0,0,5,0,3,0,0,0
2351,2025-11-05 21:54:00,4171.0,0,0,1,0,1,0,0,0
2352,2025-11-05 23:00:00,4160.3,0,1,1,1,1,0,0,0
2353,2025-11-05 23:22:00,4161.0,1,0,3,-1,3,0,0,0
2354,2025-11-05 23:27:00,4161.2,0,1,1,1,1,0,0,0
2354,2025-11-05 23:27:00,4161.3,0,2,2,2,1,0,0,0
2355,2025-11-05 23:40:00,4163.7,2,0,2,-2,1,0,0,0
2355,2025-11-05 23:40:00,4163.8,1,0,1,-1,1,0,0,0
2356,2025-11-06 01:06:00,4160.0,0,0,1,0,1,0,0,0
2357,2025-11-06 05:04:00,4180.0,0,1,1,1,1,0,0,0
2358,2025-11-06 06:05:00,4179.1,1,0,1,-1,1,0,0,0
2359,2025-11-06 06:28:00,4177.8,0,1,1,1,1,0,0,0
2360,2025-11-06 06:44:00,4175.0,0,0,1,0,1,0,0,0
2361,2025-11-06 06:46:00,4172.2,3,0,3,-3,1,0,0,0
2361,2025-11-06 06:46:00,4172.5,1,0,1,-1,1,0,0,0
2362,2025-11-06 07:11:00,4186.9,0,0,1,0,1,0,0,0
2363,2025-11-06 07:24:00,4196.1,0,1,1,1,1,0,0,0
2364,2025-11-06 07:38:00,4197.8,0,0,1,0,1,0,0,0
2365,2025-11-06 08:21:00,4201.7,1,0,1,-1,1,0,0,0
2366,2025-11-06 08:22:00,4201.7,0,0,1,0,1,0,0,0
2367,2025-11-06 08:29:00,4207.2,0,1,1,1,1,0,0,0
2368,2025-11-06 08:54:00,4204.5,0,0,1,0,1,0,0,0
2369,2025-11-06 09:22:00,4204.2,1,0,2,-1,2,0,0,0
2369,2025-11-06 09:22:00,4204.3,1,0,1,-1,1,0,0,0
2369,2025-11-06 09:22:00,4204.4,1,0,1,-1,1,0,0,0
2369,2025-11-06 09:22:00,4204.6,1,0,1,-1,1,0,0,0
2370,2025-11-06 09:57:00,4201.3,3,0,3,-3,3,0,0,0
2370,2025-11-06 09:57:00,4201.4,1,0,1,-1,1,0,0,0
2370,2025-11-06 09:57:00,4201.5,1,0,1,-1,1,0,0,0
2371,2025-11-06 10:30:00,4196.0,0,0,1,0,1,0,0,0
2372,2025-11-06 13:02:00,4198.3,0,1,1,1,1,0,0,0
2373,2025-11-06 13:13:00,4202.1,1,0,1,-1,1,0,0,0
2373,2025-11-06 13:13:00,4202.2,1,0,1,-1,1,0,0,0
2374,2025-11-06 13:26:00,4207.1,2,0,2,-2,1,0,0,0
2375,2025-11-06 13:28:00,4204.4,0,0,1,0,1,0,0,0
2376,2025-11-06 14:20:00,4190.0,0,0,1,0,1,0,0,0
2377,2025-11-06 14:29:00,4182.0,0,0,1,0,1,0,0,0
2378,2025-11-06 14:30:00,4180.6,0,0,1,0,1,0,0,0
2378,2025-11-06 14:30:00,4180.9,0,0,2,0,2,0,0,0
2379,2025-11-06 15:00:00,4180.0,0,0,1,0,1,0,0,0
2380,2025-11-06 15:09:00,4171.0,0,0,1,0,1,0,0,0
2381,2025-11-06 15:10:00,4171.6,0,1,1,1,1,0,0,0
2381,2025-11-06 15:10:00,4171.7,0,0,1,0,1,0,0,0
2382,2025-11-06 15:11:00,4174.9,0,1,1,1,1,0,0,0
2382,2025-11-06 15:11:00,4175.0,0,1,1,1,1,0,0,0
2382,2025-11-06 15:11:00,4175.8,0,0,1,0,1,0,0,0
2383,2025-11-06 15:12:00,4172.8,0,0,1,0,1,0,0,0
2383,2025-11-06 15:12:00,4175.0,0,1,1,1,1,0,0,0
2384,2025-11-06 15:15:00,4171.9,0,0,1,0,1,0,0,0
2385,2025-11-06 15:37:00,4168.1,0,0,2,0,2,0,0,0
2386,2025-11-06 15:44:00,4164.7,2,0,2,-2,1,0,0,0
2386,2025-11-06 15:44:00,4165.5,2,0,2,-2,1,0,0,0
2386,2025-11-06 15:44:00,4165.6,1,0,1,-1,1,0,0,0
2386,2025-11-06 15:44:00,4165.7,1,0,1,-1,1,0,0,0
2386,2025-11-06 15:44:00,4166.1,1,0,1,-1,1,0,0,0
2386,2025-11-06 15:44:00,4166.2,1,0,2,-1,2,0,0,0
2386,2025-11-06 15:44:00,4166.4,0,0,1,0,1,0,0,0
2386,2025-11-06 15:44:00,4166.5,2,0,2,-2,1,0,0,0
2387,2025-11-06 15:45:00,4166.8,1,0,1,-1,1,0,0,0
2388,2025-11-06 16:22:00,4164.2,0,0,1,0,1,0,0,0
2389,2025-11-06 16:46:00,4169.9,0,0,2,0,2,0,0,0
2390,2025-11-06 17:20:00,4162.6,1,0,1,-1,1,0,0,0
2391,2025-11-06 17:24:00,4152.6,1,0,1,-1,1,0,0,0
2392,2025-11-06 17:30:00,4155.1,0,0,2,0,1,0,0,0
2393,2025-11-06 18:20:00,4175.0,0,0,1,0,1,0,0,0
2394,2025-11-06 18:23:00,4176.1,0,1,1,1,1,0,0,0
2395,2025-11-06 18:24:00,4176.8,1,0,1,-1,1,0,0,0
2396,2025-11-06 19:12:00,4180.0,0,0,3,0,2,0,0,0
2397,2025-11-06 19:29:00,4179.0,1,0,1,-1,1,0,0,0
2398,2025-11-07 00:26:00,4176.4,0,1,1,1,1,0,0,0
2399,2025-11-07 01:29:00,4182.6,0,1,1,1,1,0,0,0
2399,2025-11-07 01:29:00,4182.7,0,1,1,1,1,0,0,0
2399,2025-11-07 01:29:00,4183.0,0,2,2,2,1,0,0,0
2400,2025-11-07 03:54:00,4176.0,0,0,1,0,1,0,0,0
2401,2025-11-07 04:40:00,4181.7,0,2,2,2,1,0,0,0
2402,2025-11-07 04:50:00,4182.9,0,1,1,1,1,0,0,0
2403,2025-11-07 05:09:00,4184.6,0,1,1,1,1,0,0,0
2404,2025-11-07 06:23:00,4185.0,0,1,4,1,4,0,0,0
2405,2025-11-07 06:32:00,4187.1,0,1,1,1,1,0,0,0
2406,2025-11-07 06:45:00,4187.0,1,0,1,-1,1,0,0,0
2406,2025-11-07 06:45:00,4187.1,1,0,1,-1,1,0,0,0
2407,2025-11-07 07:14:00,4193.9,0,0,1,0,1,0,0,0
2407,2025-11-07 07:14:00,4194.1,1,0,1,-1,1,0,0,0
2407,2025-11-07 07:14:00,4194.2,1,0,1,-1,1,0,0,0
2408,2025-11-07 08:48:00,4190.3,1,0,1,-1,1,0,0,0
2408,2025-11-07 08:48:00,4190.4,3,0,3,-3,1,0,0,0
2409,2025-11-07 09:16:00,4197.8,0,1,1,1,1,0,0,0
2409,2025-11-07 09:16:00,4197.9,0,1,1,1,1,0,0,0
2410,2025-11-07 11:16:00,4185.0,0,0,1,0,1,0,0,0
2411,2025-11-07 11:19:00,4188.7,1,0,1,-1,1,0,0,0
2412,2025-11-07 11:33:00,4180.0,1,0,1,-1,1,0,0,0
2413,2025-11-07 11:39:00,4179.2,1,0,1,-1,1,0,0,0
2414,2025-11-07 12:49:00,4175.7,1,0,1,-1,1,0,0,0
2415,2025-11-07 13:13:00,4180.0,0,0,1,0,1,0,0,0
2416,2025-11-07 13:15:00,4179.8,0,0,1,0,1,0,0,0
2417,2025-11-07 13:21:00,4184.0,0,0,1,0,1,0,0,0
2418,2025-11-07 14:37:00,4169.8,3,0,3,-3,2,0,0,0
2419,2025-11-07 14:44:00,4175.2,0,1,1,1,1,0,0,0
2420,2025-11-07 15:38:00,4176.1,0,0,1,0,1,0,0,0
2421,2025-11-07 16:30:00,4195.3,0,1,1,1,1,0,0,0
2422,2025-11-07 16:31:00,4199.7,0,1,1,1,1,0,0,0
2423,2025-11-07 16:39:00,4209.0,0,0,1,0,1,0,0,0
2424,2025-11-07 16:40:00,4211.4,0,0,1,0,1,0,0,0
2425,2025-11-07 16:42:00,4207.2,0,0,2,0,2,0,0,0
2425,2025-11-07 16:42:00,4207.9,1,0,1,-1,1,0,0,0
2426,2025-11-07 16:46:00,4199.0,0,2,2,2,1,0,0,0
2427,2025-11-07 16:51:00,4199.7,0,1,1,1,1,0,0,0
2427,2025-11-07 16:51:00,4201.9,0,1,1,1,1,0,0,0
2428,2025-11-07 16:58:00,4190.7,1,0,1,-1,1,0,0,0
2428,2025-11-07 16:58:00,4190.8,1,0,1,-1,1,0,0,0
2429,2025-11-07 16:59:00,4192.1,0,2,2,2,1,0,0,0
2430,2025-11-07 17:00:00,4192.0,0,1,1,1,1,0,0,0
2430,2025-11-07 17:00:00,4192.2,0,1,1,1,1,0,0,0
2431,2025-11-07 17:02:00,4191.0,0,1,1,1,1,0,0,0
2432,2025-11-07 17:28:00,4180.8,0,0,1,0,1,0,0,0
2433,2025-11-07 17:45:00,4183.0,0,1,1,1,1,0,0,0
2434,2025-11-07 17:47:00,4183.7,0,1,1,1,1,0,0,0
2435,2025-11-07 17:48:00,4181.7,0,0,1,0,1,0,0,0
2436,2025-11-07 17:54:00,4184.0,0,1,1,1,1,0,0,0
2437,2025-11-07 18:02:00,4191.3,0,1,1,1,1,0,0,0
2438,2025-11-07 18:16:00,4189.7,0,0,1,0,1,0,0,0
2439,2025-11-07 18:33:00,4189.3,1,0,1,-1,1,0,0,0
2440,2025-11-07 18:35:00,4189.2,0,0,1,0,1,0,0,0
2441,2025-11-07 18:42:00,4191.0,0,0,1,0,1,0,0,0
2442,2025-11-07 20:04:00,4192.1,0,1,1,1,1,0,0,0
2443,2025-11-07 20:06:00,4191.2,0,1,1,1,1,0,0,0
2444,2025-11-07 20:12:00,4190.4,1,0,1,-1,1,0,0,0
2444,2025-11-07 20:12:00,4190.5,1,0,1,-1,1,0,0,0
2445,2025-11-07 20:25:00,4182.4,0,1,1,1,1,0,0,0
2446,2025-11-07 20:58:00,4191.0,0,0,1,0,1,0,0,0
2447,2025-11-07 21:01:00,4189.8,1,0,1,-1,1,0,0,0
2448,2025-11-07 21:03:00,4189.9,1,0,1,-1,1,0,0,0
2448,2025-11-07 21:03:00,4190.0,1,0,1,-1,1,0,0,0
2449,2025-11-07 21:11:00,4189.1,0,1,1,1,1,0,0,0
2450,2025-11-07 21:12:00,4189.4,0,2,2,2,1,0,0,0
2451,2025-11-07 21:40:00,4185.0,0,0,1,0,1,0,0,0
2452,2025-11-07 21:55:00,4187.0,0,0,1,0,1,0,0,0
2453,2025-11-09 23:27:00,4195.5,0,1,1,1,1,0,0,0
2454,2025-11-10 00:19:00,4201.5,0,0,3,0,2,0,0,0
2455,2025-11-10 00:20:00,4201.5,0,0,3,0,2,0,0,0
2456,2025-11-10 00:42:00,4200.0,0,0,5,0,4,0,0,0
2457,2025-11-10 00:46:00,4205.0,0,1,1,1,1,0,0,0
2458,2025-11-10 00:59:00,4206.8,0,0,2,0,1,0,0,0
2459,2025-11-10 01:00:00,4206.8,0,0,3,0,3,0,0,0
2460,2025-11-10 01:13:00,4214.5,1,0,1,-1,1,0,0,0
2460,2025-11-10 01:13:00,4214.6,4,0,4,-4,2,0,0,0
2461,2025-11-10 01:49:00,4238.8,0,1,3,1,3,0,0,0
2461,2025-11-10 01:49:00,4238.9,2,0,2,-2,1,0,0,0
2461,2025-11-10 01:49:00,4239.1,0,0,5,0,3,0,0,0
2461,2025-11-10 01:49:00,4239.5,2,1,3,-1,2,0,0,0
2461,2025-11-10 01:49:00,4239.6,2,0,2,-2,1,0,0,0
2462,2025-11-10 02:50:00,4231.9,1,0,1,-1,1,0,0,0
2463,2025-11-10 03:16:00,4234.9,0,1,1,1,1,0,0,0
2464,2025-11-10 03:52:00,4236.1,1,0,1,-1,1,0,0,0
2465,2025-11-10 04:03:00,4242.0,2,0,2,-2,1,0,0,0
2465,2025-11-10 04:03:00,4242.2,3,0,3,-3,1,0,0,0
2466,2025-11-10 05:17:00,4241.7,0,1,1,1,1,0,0,0
2467,2025-11-10 05:18:00,4243.6,0,1,1,1,1,0,0,0
2468,2025-11-10 05:23:00,4244.0,0,1,1,1,1,0,0,0
2469,2025-11-10 05:24:00,4245.2,0,1,1,1,1,0,0,0
2470,2025-11-10 05:27:00,4244.5,0,0,1,0,1,0,0,0
2470,2025-11-10 05:27:00,4244.6,0,0,1,0,1,0,0,0
2470,2025-11-10 05:27:00,4244.8,0,0,1,0,1,0,0,0
2471,2025-11-10 05:28:00,4244.5,0,0,1,0,1,0,0,0
2472,2025-11-10 05:30:00,4249.4,0,1,1,1,1,0,0,0
2473,2025-11-10 05:36:00,4248.5,0,1,1,1,1,0,0,0
2474,2025-11-10 07:05:00,4264.0,1,0,1,-1,1,0,0,0
2475,2025-11-10 09:05:00,4264.9,1,0,1,-1,1,0,0,0
2476,2025-11-10 09:11:00,4266.3,0,3,3,3,1,0,0,0
2476,2025-11-10 09:11:00,4266.4,1,0,1,-1,1,0,0,0
2476,2025-11-10 09:11:00,4266.5,1,0,1,-1,1,0,0,0
2477,2025-11-10 09:25:00,4265.5,2,0,2,-2,1,0,0,0
2478,2025-11-10 10:11:00,4268.5,0,0,1,0,1,0,0,0
2479,2025-11-10 11:03:00,4268.0,1,0,1,-1,1,0,0,0
2479,2025-11-10 11:03:00,4268.1,1,0,1,-1,1,0,0,0
2480,2025-11-10 12:05:00,4274.0,0,0,1,0,1,0,0,0
2481,2025-11-10 12:25:00,4283.0,0,0,1,0,1,0,0,0
2482,2025-11-10 12:26:00,4283.5,0,1,1,1,1,0,0,0
2483,2025-11-10 12:47:00,4283.3,0,1,1,1,1,0,0,0
2483,2025-11-10 12:47:00,4283.4,0,4,9,4,3,0,0,0
2484,2025-11-10 13:05:00,4294.5,0,1,1,1,1,0,0,0
2485,2025-11-10 13:09:00,4293.0,0,0,1,0,1,0,0,0
2486,2025-11-10 13:22:00,4293.8,0,1,1,1,1,0,0,0
2487,2025-11-10 13:52:00,4280.1,0,0,10,0,1,0,0,0
2488,2025-11-10 13:57:00,4280.1,0,0,1,0,1,0,0,0
2489,2025-11-10 14:08:00,4278.8,0,2,2,2,1,0,0,0
2490,2025-11-10 14:09:00,4278.5,0,3,3,3,1,0,0,0
2490,2025-11-10 14:09:00,4278.6,0,4,4,4,1,0,0,0
2490,2025-11-10 14:09:00,4278.8,0,1,1,1,1,0,0,0
2491,2025-11-10 14:12:00,4273.9,0,3,3,3,1,0,0,0
2491,2025-11-10 14:12:00,4274.0,0,24,24,24,9,0,0,0
2492,2025-11-10 14:13:00,4274.0,0,8,8,8,2,0,0,0
2493,2025-11-10 14:18:00,4271.5,0,0,1,0,1,0,0,0
2494,2025-11-10 14:44:00,4267.1,2,0,2,-2,1,0,0,0
2495,2025-11-10 15:07:00,4278.1,0,2,2,2,1,0,0,0
2496,2025-11-10 15:12:00,4276.8,0,1,1,1,1,0,0,0
2496,2025-11-10 15:12:00,4276.9,0,6,6,6,2,0,0,0
2496,2025-11-10 15:12:00,4277.0,0,16,16,16,8,0,0,0
2497,2025-11-10 15:18:00,4276.4,0,1,1,1,1,0,0,0
2498,2025-11-10 15:27:00,4276.5,0,3,3,3,2,0,0,0
2499,2025-11-10 15:28:00,4276.5,0,7,7,7,1,0,0,0
2500,2025-11-10 16:04:00,4273.9,0,6,6,6,3,0,0,0
2500,2025-11-10 16:04:00,4274.0,0,14,14,14,7,0,0,0
2501,2025-11-10 16:42:00,4278.9,0,0,1,0,1,0,0,0
2501,2025-11-10 16:42:00,4280.6,0,4,4,4,1,0,0,0
2501,2025-11-10 16:42:00,4280.7,0,4,4,4,1,0,0,0
2501,2025-11-10 16:42:00,4280.8,0,5,5,5,1,0,0,0
2501,2025-11-10 16:42:00,4280.9,0,3,3,3,1,0,0,0
2501,2025-11-10 16:42:00,4281.0,0,4,4,4,1,0,0,0
2502,2025-11-10 16:43:00,4279.4,0,0,5,0,4,0,0,0
2503,2025-11-10 16:44:00,4278.6,1,0,1,-1,1,0,0,0
2503,2025-11-10 16:44:00,4278.7,2,0,2,-2,1,0,0,0
2503,2025-11-10 16:44:00,4278.8,2,0,2,-2,1,0,0,0
2504,2025-11-10 16:45:00,4279.5,3,0,3,-3,1,0,0,0
2504,2025-11-10 16:45:00,4279.6,3,0,3,-3,1,0,0,0
2505,2025-11-10 17:37:00,4284.5,0,0,1,0,1,0,0,0
2506,2025-11-10 18:12:00,4292.5,0,0,1,0,1,0,0,0
2507,2025-11-10 18:25:00,4296.9,0,0,3,0,2,0,0,0
2507,2025-11-10 18:25:00,4297.4,0,0,1,0,1,0,0,0
2507,2025-11-10 18:25:00,4297.7,0,0,1,0,1,0,0,0
2507,2025-11-10 18:25:00,4297.8,0,0,3,0,1,0,0,0
2508,2025-11-10 18:26:00,4299.5,0,0,2,0,1,0,0,0
2508,2025-11-10 18:26:00,4299.7,0,0,2,0,1,0,0,0
2509,2025-11-10 18:27:00,4299.8,0,0,2,0,1,0,0,0
2509,2025-11-10 18:27:00,4300.0,0,0,2,0,1,0,0,0
2509,2025-11-10 18:27:00,4301.5,0,0,5,0,4,0,0,0
2510,2025-11-10 18:28:00,4300.0,0,0,2,0,2,0,0,0
2510,2025-11-10 18:28:00,4300.9,0,1,2,1,2,0,0,0
2511,2025-11-10 18:29:00,4300.9,0,0,9,0,5,0,0,0
2511,2025-11-10 18:29:00,4301.0,0,0,4,0,2,0,0,0
2511,2025-11-10 18:29:00,4301.3,0,6,6,6,3,0,0,0
2511,2025-11-10 18:29:00,4301.7,0,1,1,1,1,0,0,0
2511,2025-11-10 18:29:00,4301.8,0,2,7,2,6,0,0,0
2511,2025-11-10 18:29:00,4301.9,0,1,10,1,5,0,0,0
2511,2025-11-10 18:29:00,4302.0,0,2,3,2,3,0,0,0
2511,2025-11-10 18:29:00,4302.1,0,5,14,5,7,0,0,0
2511,2025-11-10 18:29:00,4302.2,0,4,4,4,2,0,0,0
2511,2025-11-10 18:29:00,4302.3,0,3,5,3,3,0,0,0
2511,2025-11-10 18:29:00,4302.4,0,2,3,2,2,0,0,0
2511,2025-11-10 18:29:00,4302.5,1,2,15,1,9,0,0,0
2511,2025-11-10 18:29:00,4302.6,0,1,1,1,1,0,0,0
2512,2025-11-10 18:30:00,4302.3,0,0,4,0,2,0,0,0
2512,2025-11-10 18:30:00,4302.5,0,0,3,0,1,0,0,0
2513,2025-11-10 18:31:00,4302.1,0,0,3,0,2,0,0,0
2514,2025-11-10 18:32:00,4302.7,0,0,1,0,1,0,0,0
2514,2025-11-10 18:32:00,4303.4,0,0,3,0,1,0,0,0
2515,2025-11-10 18:33:00,4302.2,0,0,2,0,1,0,0,0
2515,2025-11-10 18:33:00,4302.7,0,0,4,0,2,0,0,0
2516,2025-11-10 18:34:00,4301.4,0,0,3,0,1,0,0,0
2517,2025-11-10 18:55:00,4295.9,0,0,1,0,1,0,0,0
2518,2025-11-10 19:11:00,4300.2,0,1,1,1,1,0,0,0
2519,2025-11-10 19:31:00,4299.3,1,0,1,-1,1,0,0,0
2520,2025-11-10 19:46:00,4297.7,0,1,1,1,1,0,0,0
2521,2025-11-10 20:03:00,4300.2,1,0,1,-1,1,0,0,0
2522,2025-11-10 20:13:00,4299.4,0,1,1,1,1,0,0,0
2523,2025-11-10 21:12:00,4297.4,2,0,2,-2,1,0,0,0
2523,2025-11-10 21:12:00,4297.7,2,0,2,-2,1,0,0,0
2524,2025-11-10 21:52:00,4303.0,0,1,1,1,1,0,0,0
2525,2025-11-10 21:59:00,4301.8,1,0,1,-1,1,0,0,0
2526,2025-11-10 23:07:00,4304.4,3,0,10,-3,7,0,0,0
2527,2025-11-11 00:31:00,4312.3,0,1,1,1,1,0,0,0
2528,2025-11-11 00:51:00,4318.0,0,0,1,0,1,0,0,0
2529,2025-11-11 02:05:00,4317.7,1,0,1,-1,1,0,0,0
2530,2025-11-11 02:11:00,4319.3,2,0,2,-2,1,0,0,0
2530,2025-11-11 02:11:00,4319.4,1,0,1,-1,1,0,0,0
2530,2025-11-11 02:11:00,4319.5,1,0,1,-1,1,0,0,0
2530,2025-11-11 02:11:00,4320.1,1,0,1,-1,1,0,0,0
2530,2025-11-11 02:11:00,4320.7,2,0,2,-2,2,0,0,0
2530,2025-11-11 02:11:00,4320.8,2,0,2,-2,2,0,0,0
2531,2025-11-11 02:12:00,4319.4,1,0,1,-1,1,0,0,0
2532,2025-11-11 02:17:00,4319.0,0,0,1,0,1,0,0,0
2533,2025-11-11 02:32:00,4317.3,0,0,1,0,1,0,0,0
2534,2025-11-11 02:41:00,4320.0,0,0,1,0,1,0,0,0
2535,2025-11-11 02:43:00,4323.7,0,1,1,1,1,0,0,0
2536,2025-11-11 02:52:00,4322.3,0,0,1,0,1,0,0,0
2537,2025-11-11 03:16:00,4330.0,0,0,1,0,1,0,0,0
2538,2025-11-11 03:17:00,4328.7,1,0,1,-1,1,0,0,0
2539,2025-11-11 03:20:00,4330.6,0,1,1,1,1,0,0,0
2539,2025-11-11 03:20:00,4330.7,0,1,1,1,1,0,0,0
2540,2025-11-11 03:43:00,4330.0,0,0,1,0,1,0,0,0
2541,2025-11-11 04:15:00,4329.0,0,0,1,0,1,0,0,0
2542,2025-11-11 05:23:00,4322.5,1,0,1,-1,1,0,0,0
2543,2025-11-11 05:35:00,4316.7,0,0,1,0,1,0,0,0
2544,2025-11-11 05:37:00,4312.0,1,0,1,-1,1,0,0,0
2545,2025-11-11 05:39:00,4314.3,1,0,1,-1,1,0,0,0
2546,2025-11-11 06:01:00,4314.3,1,0,1,-1,1,0,0,0
2547,2025-11-11 06:04:00,4313.1,0,0,1,0,1,0,0,0
2548,2025-11-11 08:22:00,4317.4,1,0,1,-1,1,0,0,0
2548,2025-11-11 08:22:00,4317.5,1,0,1,-1,1,0,0,0
2548,2025-11-11 08:22:00,4317.7,3,0,3,-3,1,0,0,0
2549,2025-11-11 08:32:00,4317.9,1,0,1,-1,1,0,0,0
2550,2025-11-11 08:34:00,4317.1,1,0,1,-1,1,0,0,0
2551,2025-11-11 08:42:00,4317.1,1,0,1,-1,1,0,0,0
2552,2025-11-11 09:09:00,4328.0,0,1,1,1,1,0,0,0
2553,2025-11-11 10:37:00,4325.8,0,1,1,1,1,0,0,0
2553,2025-11-11 10:37:00,4325.9,0,1,1,1,1,0,0,0
2554,2025-11-11 10:42:00,4323.0,1,0,1,-1,1,0,0,0
2554,2025-11-11 10:42:00,4323.1,1,0,1,-1,1,0,0,0
2555,2025-11-11 11:31:00,4328.6,0,3,3,3,1,0,0,0
2555,2025-11-11 11:31:00,4328.7,0,3,11,3,6,0,0,0
2555,2025-11-11 11:31:00,4329.0,0,2,2,2,1,0,0,0
2555,2025-11-11 11:31:00,4329.1,0,4,4,4,1,0,0,0
2556,2025-11-11 12:47:00,4325.7,0,1,5,1,3,0,0,0
2557,2025-11-11 14:33:00,4310.0,0,0,1,0,1,0,0,0
2558,2025-11-11 14:37:00,4313.6,0,0,2,0,2,0,0,0
2559,2025-11-11 14:50:00,4309.0,0,0,1,0,1,0,0,0
2560,2025-11-11 15:00:00,4308.3,1,0,1,-1,1,0,0,0
2561,2025-11-11 15:01:00,4308.9,1,0,1,-1,1,0,0,0
2562,2025-11-11 15:19:00,4300.9,1,0,1,-1,1,0,0,0
2562,2025-11-11 15:19:00,4301.0,2,0,2,-2,1,0,0,0
2562,2025-11-11 15:19:00,4301.2,1,0,1,-1,1,0,0,0
2562,2025-11-11 15:19:00,4301.3,5,0,5,-5,3,0,0,0
2562,2025-11-11 15:19:00,4301.4,6,0,6,-6,2,0,0,0
2562,2025-11-11 15:19:00,4301.6,2,0,2,-2,1,0,0,0
2562,2025-11-11 15:19:00,4301.7,4,0,4,-4,2,0,0,0
2562,2025-11-11 15:19:00,4301.8,2,0,2,-2,1,0,0,0
2562,2025-11-11 15:19:00,4301.9,3,0,3,-3,2,0,0,0
2562,2025-11-11 15:19:00,4302.0,1,0,1,-1,1,0,0,0
2562,2025-11-11 15:19:00,4302.1,2,0,2,-2,1,0,0,0
2563,2025-11-11 15:20:00,4298.6,1,0,1,-1,1,0,0,0
2563,2025-11-11 15:20:00,4298.7,2,0,2,-2,1,0,0,0
2563,2025-11-11 15:20:00,4299.1,5,0,5,-5,1,0,0,0
2563,2025-11-11 15:20:00,4299.2,2,0,2,-2,1,0,0,0
2563,2025-11-11 15:20:00,4299.6,2,0,2,-2,1,0,0,0
2563,2025-11-11 15:20:00,4299.7,1,0,1,-1,1,0,0,0
2563,2025-11-11 15:20:00,4299.9,2,0,2,-2,1,0,0,0
2564,2025-11-11 15:21:00,4296.5,1,0,1,-1,1,0,0,0
2564,2025-11-11 15:21:00,4296.6,5,0,5,-5,1,0,0,0
2564,2025-11-11 15:21:00,4296.7,1,0,1,-1,1,0,0,0
2564,2025-11-11 15:21:00,4296.8,2,0,2,-2,1,0,0,0
2564,2025-11-11 15:21:00,4296.9,1,0,1,-1,1,0,0,0
2564,2025-11-11 15:21:00,4298.0,0,0,1,0,1,0,0,0
2565,2025-11-11 15:22:00,4295.0,0,0,1,0,1,0,0,0
2566,2025-11-11 15:23:00,4290.8,1,0,1,-1,1,0,0,0
2566,2025-11-11 15:23:00,4292.7,0,0,1,0,1,0,0,0
2567,2025-11-11 15:26:00,4293.0,0,0,1,0,1,0,0,0
2568,2025-11-11 15:28:00,4285.0,1,0,1,-1,1,0,0,0
2569,2025-11-11 15:32:00,4285.0,0,0,1,0,1,0,0,0
2570,2025-11-11 15:44:00,4293.1,0,2,2,2,1,0,0,0
2571,2025-11-11 15:54:00,4294.2,1,0,1,-1,1,0,0,0
2572,2025-11-11 16:04:00,4295.3,0,1,1,1,1,0,0,0
2573,2025-11-11 16:16:00,4300.0,0,1,1,1,1,0,0,0
2574,2025-11-11 16:21:00,4298.1,0,1,1,1,1,0,0,0
2574,2025-11-11 16:21:00,4298.2,0,1,1,1,1,0,0,0
2575,2025-11-11 16:23:00,4296.7,0,1,1,1,1,0,0,0
2575,2025-11-11 16:23:00,4298.1,0,1,1,1,1,0,0,0
2575,2025-11-11 16:23:00,4298.2,1,0,1,-1,1,0,0,0
2576,2025-11-11 16:26:00,4296.3,0,2,3,2,2,0,0,0
2577,2025-11-11 16:36:00,4297.1,0,2,2,2,1,0,0,0
2578,2025-11-11 16:40:00,4298.0,0,2,2,2,1,0,0,0
2578,2025-11-11 16:40:00,4298.5,0,1,1,1,1,0,0,0
2578,2025-11-11 16:40:00,4298.6,0,2,2,2,2,0,0,0
2578,2025-11-11 16:40:00,4298.7,0,1,1,1,1,0,0,0
2579,2025-11-11 16:41:00,4298.5,0,2,2,2,1,0,0,0
2580,2025-11-11 16:44:00,4299.8,0,2,2,2,1,0,0,0
2581,2025-11-11 16:45:00,4300.0,0,3,3,3,1,0,0,0
2582,2025-11-11 17:18:00,4297.6,0,0,1,0,1,0,0,0
2583,2025-11-11 17:39:00,4297.5,1,0,1,-1,1,0,0,0
2584,2025-11-11 17:54:00,4300.0,0,1,1,1,1,0,0,0
2585,2025-11-11 18:05:00,4299.8,0,0,5,0,2,0,0,0
2586,2025-11-11 18:15:00,4294.5,0,0,2,0,1,0,0,0
2587,2025-11-11 18:37:00,4292.6,0,2,2,2,1,0,0,0
2587,2025-11-11 18:37:00,4293.3,0,1,1,1,1,0,0,0
2587,2025-11-11 18:37:00,4293.6,0,1,1,1,1,0,0,0
2587,2025-11-11 18:37:00,4293.9,0,2,2,2,2,0,0,0
2587,2025-11-11 18:37:00,4294.0,0,2,2,2,1,0,0,0
2587,2025-11-11 18:37:00,4294.1,0,4,4,4,2,0,0,0
2587,2025-11-11 18:37:00,4294.2,0,1,1,1,1,0,0,0
2587,2025-11-11 18:37:00,4294.6,0,3,3,3,1,0,0,0
2587,2025-11-11 18:37:00,4294.7,0,3,3,3,2,0,0,0
2587,2025-11-11 18:37:00,4294.8,0,2,2,2,1,0,0,0
2587,2025-11-11 18:37:00,4295.0,0,3,3,3,1,0,0,0
2587,2025-11-11 18:37:00,4295.1,0,2,2,2,1,0,0,0
2587,2025-11-11 18:37:00,4295.2,0,3,3,3,1,0,0,0
2588,2025-11-11 19:06:00,4300.3,0,0,3,0,3,0,0,0
2589,2025-11-12 00:12:00,4327.2,0,0,4,0,4,0,0,0
2590,2025-11-12 01:57:00,4316.6,0,0,1,0,1,0,0,0
2591,2025-11-12 02:08:00,4319.5,0,1,1,1,1,0,0,0
2592,2025-11-12 03:50:00,4300.0,1,0,1,-1,1,0,0,0
2593,2025-11-12 04:33:00,4296.9,0,1,1,1,1,0,0,0
2594,2025-11-12 04:35:00,4291.2,1,0,1,-1,1,0,0,0
2595,2025-11-12 06:39:00,4302.1,0,2,2,2,1,0,0,0
2596,2025-11-12 06:43:00,4301.9,0,1,1,1,1,0,0,0
2596,2025-11-12 06:43:00,4302.1,0,1,1,1,1,0,0,0
2597,2025-11-12 06:44:00,4301.2,0,1,1,1,1,0,0,0
2597,2025-11-12 06:44:00,4301.8,0,2,2,2,1,0,0,0
2598,2025-11-12 06:51:00,4297.0,1,0,1,-1,1,0,0,0
2598,2025-11-12 06:51:00,4297.1,1,0,1,-1,1,0,0,0
2599,2025-11-12 07:03:00,4300.3,0,1,1,1,1,0,0,0
2600,2025-11-12 07:57:00,4301.5,0,2,2,2,1,0,0,0
2601,2025-11-12 07:58:00,4301.0,1,0,1,-1,1,0,0,0
2602,2025-11-12 08:08:00,4299.0,0,0,1,0,1,0,0,0
2603,2025-11-12 08:23:00,4309.1,2,0,2,-2,1,0,0,0
2604,2025-11-12 08:24:00,4312.0,1,0,1,-1,1,0,0,0
2605,2025-11-12 08:38:00,4314.5,0,1,1,1,1,0,0,0
2606,2025-11-12 08:53:00,4314.7,0,1,1,1,1,0,0,0
2607,2025-11-12 09:01:00,4316.3,0,1,1,1,1,0,0,0
2608,2025-11-12 09:24:00,4312.8,0,1,1,1,1,0,0,0
2609,2025-11-12 09:50:00,4305.1,1,0,1,-1,1,0,0,0
2610,2025-11-12 09:52:00,4306.8,2,0,2,-2,1,0,0,0
2611,2025-11-12 10:25:00,4305.7,0,1,1,1,1,0,0,0
2612,2025-11-12 10:42:00,4309.6,1,0,1,-1,1,0,0,0
2612,2025-11-12 10:42:00,4309.9,1,0,2,-1,2,0,0,0
2613,2025-11-12 11:40:00,4311.3,0,1,1,1,1,0,0,0
2614,2025-11-12 11:55:00,4310.3,0,0,1,0,1,0,0,0
2615,2025-11-12 12:24:00,4316.5,0,0,1,0,1,0,0,0
2616,2025-11-12 12:35:00,4324.0,1,0,5,-1,5,0,0,0
2617,2025-11-12 13:19:00,4308.5,1,0,1,-1,1,0,0,0
2617,2025-11-12 13:19:00,4309.3,0,1,1,1,1,0,0,0
2617,2025-11-12 13:19:00,4309.6,0,1,1,1,1,0,0,0
2618,2025-11-12 14:07:00,4320.1,0,1,1,1,1,0,0,0
2618,2025-11-12 14:07:00,4320.3,0,1,1,1,1,0,0,0
2619,2025-11-12 14:08:00,4319.5,0,0,1,0,1,0,0,0
2620,2025-11-12 14:14:00,4319.1,1,0,1,-1,1,0,0,0
2621,2025-11-12 14:30:00,4316.7,0,0,1,0,1,0,0,0
2622,2025-11-12 14:40:00,4322.0,0,0,1,0,1,0,0,0
2623,2025-11-12 14:43:00,4322.1,0,0,1,0,1,0,0,0
2624,2025-11-12 14:47:00,4318.9,0,1,1,1,1,0,0,0
2625,2025-11-12 14:56:00,4325.1,0,0,1,0,1,0,0,0
2626,2025-11-12 14:58:00,4321.0,1,0,1,-1,1,0,0,0
2627,2025-11-12 15:01:00,4321.0,1,0,2,-1,2,0,0,0
2628,2025-11-12 15:09:00,4330.0,0,0,2,0,2,0,0,0
2628,2025-11-12 15:09:00,4330.6,0,1,1,1,1,0,0,0
2628,2025-11-12 15:09:00,4330.8,0,1,1,1,1,0,0,0
2629,2025-11-12 15:10:00,4335.1,0,0,1,0,1,0,0,0
2629,2025-11-12 15:10:00,4339.0,0,1,1,1,1,0,0,0
2629,2025-11-12 15:10:00,4339.3,0,1,1,1,1,0,0,0
2630,2025-11-12 15:12:00,4345.3,1,0,1,-1,1,0,0,0
2631,2025-11-12 15:16:00,4350.3,0,1,1,1,1,0,0,0
2632,2025-11-12 15:19:00,4354.0,0,0,1,0,1,0,0,0
2632,2025-11-12 15:19:00,4354.3,0,1,1,1,1,0,0,0
2633,2025-11-12 15:30:00,4354.0,0,0,1,0,1,0,0,0
2633,2025-11-12 15:30:00,4354.1,1,0,1,-1,1,0,0,0
2633,2025-11-12 15:30:00,4354.3,0,1,1,1,1,0,0,0
2633,2025-11-12 15:30:00,4354.9,0,3,3,3,1,0,0,0
2633,2025-11-12 15:30:00,4355.0,0,2,2,2,2,0,0,0
2634,2025-11-12 15:31:00,4354.2,1,0,1,-1,1,0,0,0
2634,2025-11-12 15:31:00,4354.8,1,0,1,-1,1,0,0,0
2634,2025-11-12 15:31:00,4355.4,1,0,1,-1,1,0,0,0
2634,2025-11-12 15:31:00,4356.0,0,1,1,1,1,0,0,0
2634,2025-11-12 15:31:00,4356.1,0,2,2,2,1,0,0,0
2634,2025-11-12 15:31:00,4356.3,0,2,2,2,1,0,0,0
2635,2025-11-12 15:32:00,4357.2,0,1,1,1,1,0,0,0
2636,2025-11-12 15:33:00,4358.0,0,2,2,2,2,0,0,0
2636,2025-11-12 15:33:00,4358.1,0,1,1,1,1,0,0,0
2636,2025-11-12 15:33:00,4358.2,0,2,2,2,1,0,0,0
2636,2025-11-12 15:33:00,4358.3,0,1,1,1,1,0,0,0
2636,2025-11-12 15:33:00,4360.4,0,1,1,1,1,0,0,0
2636,2025-11-12 15:33:00,4360.9,0,1,1,1,1,0,0,0
2637,2025-11-12 15:34:00,4363.9,0,1,1,1,1,0,0,0
2637,2025-11-12 15:34:00,4364.2,0,2,2,2,2,0,0,0
2637,2025-11-12 15:34:00,4364.3,0,3,3,3,1,0,0,0
2637,2025-11-12 15:34:00,4364.4,0,1,1,1,1,0,0,0
2638,2025-11-12 15:35:00,4364.4,0,1,1,1,1,0,0,0
2638,2025-11-12 15:35:00,4365.5,0,1,1,1,1,0,0,0
2638,2025-11-12 15:35:00,4365.6,0,4,4,4,1,0,0,0
2639,2025-11-12 15:36:00,4365.3,0,0,2,0,1,0,0,0
2639,2025-11-12 15:36:00,4365.5,0,3,3,3,2,0,0,0
2639,2025-11-12 15:36:00,4365.6,0,3,3,3,1,0,0,0
2640,2025-11-12 15:37:00,4362.7,0,2,2,2,1,0,0,0
2640,2025-11-12 15:37:00,4362.8,0,3,3,3,1,0,0,0
2640,2025-11-12 15:37:00,4363.0,0,3,3,3,1,0,0,0
2640,2025-11-12 15:37:00,4363.1,0,2,2,2,1,0,0,0
2641,2025-11-12 15:39:00,4363.5,0,1,1,1,1,0,0,0
2642,2025-11-12 15:41:00,4365.1,0,1,1,1,1,0,0,0
2643,2025-11-12 15:42:00,4367.8,0,1,1,1,1,0,0,0
2643,2025-11-12 15:42:00,4367.9,0,3,3,3,1,0,0,0
2643,2025-11-12 15:42:00,4368.0,0,2,2,2,1,0,0,0
2643,2025-11-12 15:42:00,4368.1,0,4,4,4,1,0,0,0
2644,2025-11-12 15:45:00,4365.0,0,0,1,0,1,0,0,0
2645,2025-11-12 15:47:00,4365.2,1,0,1,-1,1,0,0,0
2646,2025-11-12 15:48:00,4366.6,0,1,1,1,1,0,0,0
2647,2025-11-12 15:50:00,4371.8,0,1,1,1,1,0,0,0
2647,2025-11-12 15:50:00,4371.9,0,4,4,4,1,0,0,0
2648,2025-11-12 16:02:00,4371.4,0,0,1,0,1,0,0,0
2649,2025-11-12 16:04:00,4374.5,0,3,3,3,1,0,0,0
2649,2025-11-12 16:04:00,4374.6,0,6,6,6,2,0,0,0
2649,2025-11-12 16:04:00,4374.7,0,1,1,1,1,0,0,0
2650,2025-11-12 16:16:00,4372.9,0,0,1,0,1,0,0,0
2651,2025-11-12 16:24:00,4369.8,0,2,2,2,1,0,0,0
2651,2025-11-12 16:24:00,4369.9,0,3,3,3,1,0,0,0
2652,2025-11-12 16:29:00,4373.2,0,0,1,0,1,0,0,0
2653,2025-11-12 16:31:00,4377.1,0,1,1,1,1,0,0,0
2654,2025-11-12 16:32:00,4379.9,0,1,1,1,1,0,0,0
2655,2025-11-12 16:42:00,4381.1,0,0,2,0,2,0,0,0
2656,2025-11-12 16:43:00,4380.0,0,0,1,0,1,0,0,0
2657,2025-11-12 17:08:00,4384.2,0,0,2,0,2,0,0,0
2658,2025-11-12 17:12:00,4382.7,1,0,1,-1,1,0,0,0
2659,2025-11-12 17:19:00,4380.7,1,0,1,-1,1,0,0,0
2660,2025-11-12 17:35:00,4386.7,0,0,2,0,2,0,0,0
2661,2025-11-12 17:36:00,4387.8,0,1,1,1,1,0,0,0
2662,2025-11-12 18:01:00,4384.7,0,0,1,0,1,0,0,0
2663,2025-11-12 18:11:00,4385.8,0,0,1,0,1,0,0,0
2664,2025-11-12 18:22:00,4386.4,1,0,1,-1,1,0,0,0
2665,2025-11-12 18:29:00,4392.7,0,0,2,0,2,0,0,0
2665,2025-11-12 18:29:00,4392.8,0,4,6,4,5,0,0,0
2665,2025-11-12 18:29:00,4392.9,0,1,2,1,2,0,0,0
2665,2025-11-12 18:29:00,4393.0,0,0,1,0,1,0,0,0
2665,2025-11-12 18:29:00,4393.1,0,1,3,1,3,0,0,0
2665,2025-11-12 18:29:00,4393.2,0,2,3,2,3,0,0,0
2665,2025-11-12 18:29:00,4393.3,0,1,1,1,1,0,0,0
2665,2025-11-12 18:29:00,4393.4,0,2,2,2,2,0,0,0
2665,2025-11-12 18:29:00,4393.5,0,0,1,0,1,0,0,0
2665,2025-11-12 18:29:00,4393.6,0,0,1,0,1,0,0,0
2665,2025-11-12 18:29:00,4393.7,0,1,1,1,1,0,0,0
2665,2025-11-12 18:29:00,4393.8,0,0,1,0,1,0,0,0
2665,2025-11-12 18:29:00,4393.9,0,0,2,0,2,0,0,0
2665,2025-11-12 18:29:00,4394.1,0,1,1,1,1,0,0,0
2665,2025-11-12 18:29:00,4394.4,0,0,1,0,1,0,0,0
2665,2025-11-12 18:29:00,4394.5,0,1,1,1,1,0,0,0
2665,2025-11-12 18:29:00,4394.9,0,1,1,1,1,0,0,0
2666,2025-11-12 19:08:00,4394.0,0,1,1,1,1,0,0,0
2667,2025-11-12 21:32:00,4385.0,0,0,1,0,1,0,0,0
2668,2025-11-12 21:44:00,4382.5,0,2,2,2,1,0,0,0
2669,2025-11-12 21:49:00,4384.5,0,0,1,0,1,0,0,0
2670,2025-11-12 23:41:00,4370.7,2,0,2,-2,1,0,0,0
2670,2025-11-12 23:41:00,4370.8,1,0,1,-1,1,0,0,0
2670,2025-11-12 23:41:00,4370.9,3,0,3,-3,2,0,0,0
2670,2025-11-12 23:41:00,4371.4,1,0,1,-1,1,0,0,0
2671,2025-11-12 23:42:00,4360.0,0,23,24,23,12,0,0,0
2671,2025-11-12 23:42:00,4360.6,1,0,1,-1,1,0,0,0
2671,2025-11-12 23:42:00,4363.0,0,12,18,12,15,0,0,0
2671,2025-11-12 23:42:00,4365.8,1,0,1,-1,1,0,0,0
2671,2025-11-12 23:42:00,4366.0,1,0,1,-1,1,0,0,0
2671,2025-11-12 23:42:00,4366.7,1,0,1,-1,1,0,0,0
2671,2025-11-12 23:42:00,4366.9,1,0,1,-1,1,0,0,0
2671,2025-11-12 23:42:00,4367.4,1,0,1,-1,1,0,0,0
2671,2025-11-12 23:42:00,4367.5,1,0,1,-1,1,0,0,0
2671,2025-11-12 23:42:00,4367.7,2,0,2,-2,1,0,0,0
2671,2025-11-12 23:42:00,4367.9,1,0,1,-1,1,0,0,0
2671,2025-11-12 23:42:00,4368.0,1,0,1,-1,1,0,0,0
2671,2025-11-12 23:42:00,4368.1,1,0,1,-1,1,0,0,0
2671,2025-11-12 23:42:00,4368.5,4,0,4,-4,2,0,0,0
2671,2025-11-12 23:42:00,4368.7,3,0,3,-3,2,0,0,0
2671,2025-11-12 23:42:00,4369.1,2,0,2,-2,1,0,0,0
2671,2025-11-12 23:42:00,4369.3,1,0,1,-1,1,0,0,0
2671,2025-11-12 23:42:00,4369.5,2,0,2,-2,1,0,0,0
2671,2025-11-12 23:42:00,4369.7,1,0,1,-1,1,0,0,0
2671,2025-11-12 23:42:00,4370.1,2,0,2,-2,1,0,0,0
2671,2025-11-12 23:42:00,4370.2,1,0,1,-1,1,0,0,0
2672,2025-11-12 23:43:00,4369.5,1,0,1,-1,1,0,0,0
2672,2025-11-12 23:43:00,4369.6,1,0,1,-1,1,0,0,0
2672,2025-11-12 23:43:00,4370.2,2,0,2,-2,1,0,0,0
2673,2025-11-13 00:14:00,4370.6,0,1,1,1,1,0,0,0
2674,2025-11-13 01:00:00,4388.4,0,0,1,0,1,0,0,0
2675,2025-11-13 01:01:00,4380.1,1,0,1,-1,1,0,0,0
2676,2025-11-13 02:36:00,4366.3,1,0,1,-1,1,0,0,0
2677,2025-11-13 03:28:00,4379.7,0,1,1,1,1,0,0,0
2678,2025-11-13 03:44:00,4387.5,0,1,1,1,1,0,0,0
2679,2025-11-13 03:48:00,4390.0,0,0,1,0,1,0,0,0
2679,2025-11-13 03:48:00,4390.2,0,1,1,1,1,0,0,0
2680,2025-11-13 03:56:00,4393.4,0,1,1,1,1,0,0,0
2681,2025-11-13 04:09:00,4400.4,0,2,2,2,1,0,0,0
2682,2025-11-13 04:11:00,4398.7,0,0,2,0,2,0,0,0
2683,2025-11-13 04:12:00,4398.7,0,0,3,0,2,0,0,0
2684,2025-11-13 04:28:00,4391.0,0,0,1,0,1,0,0,0
2685,2025-11-13 04:38:00,4389.4,0,1,2,1,2,0,0,0
2686,2025-11-13 05:15:00,4399.3,0,2,2,2,1,0,0,0
2687,2025-11-13 06:01:00,4391.0,1,0,1,-1,1,0,0,0
2688,2025-11-13 06:02:00,4388.9,1,0,1,-1,1,0,0,0
2689,2025-11-13 06:03:00,4387.3,1,0,1,-1,1,0,0,0
2689,2025-11-13 06:03:00,4387.4,1,0,1,-1,1,0,0,0
2690,2025-11-13 06:04:00,4387.3,2,0,2,-2,2,0,0,0
2691,2025-11-13 07:18:00,4392.0,0,0,1,0,1,0,0,0
2692,2025-11-13 07:21:00,4391.5,1,0,1,-1,1,0,0,0
2693,2025-11-13 07:22:00,4391.1,1,0,1,-1,1,0,0,0
2694,2025-11-13 07:34:00,4397.5,0,0,1,0,1,0,0,0
2695,2025-11-13 07:42:00,4397.2,1,0,1,-1,1,0,0,0
2696,2025-11-13 08:01:00,4404.9,0,1,1,1,1,0,0,0
2697,2025-11-13 08:05:00,4407.0,0,0,1,0,1,0,0,0
2698,2025-11-13 08:14:00,4410.0,0,0,1,0,1,0,0,0
2699,2025-11-13 08:32:00,4419.9,0,1,1,1,1,0,0,0
2700,2025-11-13 08:58:00,4416.2,1,0,1,-1,1,0,0,0
2701,2025-11-13 09:04:00,4410.0,1,0,1,-1,1,0,0,0
2701,2025-11-13 09:04:00,4413.2,0,1,1,1,1,0,0,0
2702,2025-11-13 09:11:00,4414.0,2,0,2,-2,1,0,0,0
2702,2025-11-13 09:11:00,4414.2,1,0,1,-1,1,0,0,0
2702,2025-11-13 09:11:00,4414.3,1,0,1,-1,1,0,0,0
2702,2025-11-13 09:11:00,4414.4,1,0,1,-1,1,0,0,0
2702,2025-11-13 09:11:00,4414.6,1,0,1,-1,1,0,0,0
2703,2025-11-13 09:12:00,4414.7,1,0,1,-1,1,0,0,0
2704,2025-11-13 09:15:00,4415.0,1,0,1,-1,1,0,0,0
2705,2025-11-13 09:16:00,4415.4,1,0,1,-1,1,0,0,0
2706,2025-11-13 09:28:00,4412.7,1,0,1,-1,1,0,0,0
2707,2025-11-13 09:50:00,4417.1,0,0,1,0,1,0,0,0
2708,2025-11-13 09:54:00,4417.3,0,1,1,1,1,0,0,0
2709,2025-11-13 09:57:00,4417.0,0,1,1,1,1,0,0,0
2710,2025-11-13 09:58:00,4417.3,0,0,1,0,1,0,0,0
2711,2025-11-13 10:22:00,4421.0,1,0,1,-1,1,0,0,0
2712,2025-11-13 10:30:00,4417.8,1,0,1,-1,1,0,0,0
2713,2025-11-13 11:56:00,4415.1,0,1,1,1,1,0,0,0
2713,2025-11-13 11:56:00,4415.2,1,0,1,-1,1,0,0,0
2714,2025-11-13 11:57:00,4415.0,0,0,1,0,1,0,0,0
2715,2025-11-13 11:59:00,4414.5,0,1,1,1,1,0,0,0
2716,2025-11-13 12:49:00,4422.5,0,1,1,1,1,0,0,0
2717,2025-11-13 13:23:00,4418.2,0,0,1,0,1,0,0,0
2717,2025-11-13 13:23:00,4418.7,0,0,1,0,1,0,0,0
2718,2025-11-13 13:25:00,4421.6,1,0,1,-1,1,0,0,0
2719,2025-11-13 13:45:00,4414.3,1,0,1,-1,1,0,0,0
2720,2025-11-13 14:14:00,4404.8,2,0,2,-2,1,0,0,0
2721,2025-11-13 14:30:00,4391.8,0,1,1,1,1,0,0,0
2722,2025-11-13 14:37:00,4403.5,0,1,2,1,2,0,0,0
2723,2025-11-13 14:40:00,4393.1,0,0,2,0,2,0,0,0
2724,2025-11-13 14:42:00,4389.0,4,0,4,-4,1,0,0,0
2724,2025-11-13 14:42:00,4389.1,3,0,3,-3,1,0,0,0
2724,2025-11-13 14:42:00,4389.2,1,0,1,-1,1,0,0,0
2724,2025-11-13 14:42:00,4389.3,2,0,2,-2,1,0,0,0
2725,2025-11-13 14:55:00,4377.5,0,0,1,0,1,0,0,0
2726,2025-11-13 15:13:00,4385.3,0,1,1,1,1,0,0,0
2727,2025-11-13 15:22:00,4385.0,0,0,1,0,1,0,0,0
2728,2025-11-13 15:32:00,4376.0,0,0,1,0,1,0,0,0
2729,2025-11-13 15:34:00,4373.1,1,0,1,-1,1,0,0,0
2730,2025-11-13 16:00:00,4390.0,0,0,1,0,1,0,0,0
2731,2025-11-13 16:01:00,4392.4,0,1,1,1,1,0,0,0
2731,2025-11-13 16:01:00,4392.5,0,1,1,1,1,0,0,0
2732,2025-11-13 16:12:00,4394.7,0,2,2,2,1,0,0,0
2732,2025-11-13 16:12:00,4394.8,0,2,2,2,1,0,0,0
2733,2025-11-13 16:39:00,4385.0,0,0,1,0,1,0,0,0
2734,2025-11-13 16:46:00,4387.0,0,0,1,0,1,0,0,0
2735,2025-11-13 16:48:00,4385.0,0,0,1,0,1,0,0,0
2736,2025-11-13 16:50:00,4387.2,0,0,1,0,1,0,0,0
2737,2025-11-13 17:09:00,4386.0,0,0,1,0,1,0,0,0
2738,2025-11-13 17:18:00,4381.5,0,0,1,0,1,0,0,0
2739,2025-11-13 17:24:00,4387.1,0,0,1,0,1,0,0,0
2740,2025-11-13 17:26:00,4386.0,0,0,1,0,1,0,0,0
2740,2025-11-13 17:26:00,4387.0,0,0,1,0,1,0,0,0
2741,2025-11-13 17:41:00,4387.0,0,0,1,0,1,0,0,0
2742,2025-11-13 17:48:00,4386.4,0,0,2,0,2,0,0,0
2743,2025-11-13 17:49:00,4388.5,0,0,1,0,1,0,0,0
2744,2025-11-13 17:56:00,4387.0,0,0,1,0,1,0,0,0
2745,2025-11-13 18:00:00,4386.8,0,1,1,1,1,0,0,0
2745,2025-11-13 18:00:00,4387.3,0,1,1,1,1,0,0,0
2746,2025-11-13 18:01:00,4388.0,0,0,1,0,1,0,0,0
2747,2025-11-13 18:21:00,4386.0,0,0,1,0,1,0,0,0
2748,2025-11-13 18:27:00,4379.2,1,0,1,-1,1,0,0,0
2749,2025-11-13 18:29:00,4374.8,0,0,2,0,2,0,0,0
2749,2025-11-13 18:29:00,4376.3,0,0,2,0,2,0,0,0
2749,2025-11-13 18:29:00,4376.4,0,0,2,0,2,0,0,0
2749,2025-11-13 18:29:00,4376.5,0,0,2,0,2,0,0,0
2749,2025-11-13 18:29:00,4376.6,0,0,2,0,2,0,0,0
2749,2025-11-13 18:29:00,4376.7,0,0,1,0,1,0,0,0
2749,2025-11-13 18:29:00,4376.8,0,5,6,5,4,0,0,0
2749,2025-11-13 18:29:00,4376.9,1,2,5,1,5,0,0,0
2749,2025-11-13 18:29:00,4377.0,0,2,4,2,4,0,0,0
2749,2025-11-13 18:29:00,4377.1,0,0,1,0,1,0,0,0
2749,2025-11-13 18:29:00,4377.2,0,1,1,1,1,0,0,0
2749,2025-11-13 18:29:00,4377.3,0,3,3,3,3,0,0,0
2750,2025-11-13 18:33:00,4350.2,1,0,1,-1,1,0,0,0
2751,2025-11-13 18:35:00,4340.0,1,0,1,-1,1,0,0,0
2752,2025-11-13 18:38:00,4341.1,0,0,1,0,1,0,0,0
2753,2025-11-13 18:48:00,4336.6,1,0,1,-1,1,0,0,0
2753,2025-11-13 18:48:00,4337.0,0,0,1,0,1,0,0,0
2754,2025-11-13 18:54:00,4338.2,1,0,1,-1,1,0,0,0
2755,2025-11-13 19:04:00,4333.0,1,0,1,-1,1,0,0,0
2756,2025-11-13 19:20:00,4342.0,0,1,2,1,2,0,0,0
2757,2025-11-13 19:26:00,4342.2,1,0,1,-1,1,0,0,0
2758,2025-11-13 20:27:00,4348.4,3,0,3,-3,1,0,0,0
2758,2025-11-13 20:27:00,4348.5,1,0,1,-1,1,0,0,0
2758,2025-11-13 20:27:00,4348.6,1,0,1,-1,1,0,0,0
2759,2025-11-13 23:01:00,4355.4,0,3,3,3,1,0,0,0
2759,2025-11-13 23:01:00,4357.4,0,2,2,2,1,0,0,0
2759,2025-11-13 23:01:00,4358.7,0,2,2,2,1,0,0,0
2760,2025-11-13 23:02:00,4359.1,0,1,1,1,1,0,0,0
2760,2025-11-13 23:02:00,4359.2,0,1,1,1,1,0,0,0
2760,2025-11-13 23:02:00,4359.4,0,1,1,1,1,0,0,0
2761,2025-11-13 23:03:00,4360.5,0,1,1,1,1,0,0,0
2761,2025-11-13 23:03:00,4360.7,0,1,1,1,1,0,0,0
2762,2025-11-13 23:04:00,4360.2,0,2,2,2,1,0,0,0
2762,2025-11-13 23:04:00,4360.8,0,1,1,1,1,0,0,0
2763,2025-11-13 23:48:00,4368.4,0,1,1,1,1,0,0,0
2763,2025-11-13 23:48:00,4368.6,0,1,1,1,1,0,0,0
2763,2025-11-13 23:48:00,4368.7,0,1,1,1,1,0,0,0
2763,2025-11-13 23:48:00,4368.8,0,1,1,1,1,0,0,0
2763,2025-11-13 23:48:00,4369.0,0,1,1,1,1,0,0,0
2763,2025-11-13 23:48:00,4369.3,0,1,1,1,1,0,0,0
2763,2025-11-13 23:48:00,4369.4,0,2,2,2,1,0,0,0
2763,2025-11-13 23:48:00,4370.1,0,3,3,3,1,0,0,0
2763,2025-11-13 23:48:00,4370.5,0,1,1,1,1,0,0,0
2763,2025-11-13 23:48:00,4370.6,0,1,1,1,1,0,0,0
2763,2025-11-13 23:48:00,4371.0,0,1,1,1,1,0,0,0
2763,2025-11-13 23:48:00,4371.4,0,1,1,1,1,0,0,0
2763,2025-11-13 23:48:00,4371.8,0,1,1,1,1,0,0,0
2763,2025-11-13 23:48:00,4372.2,0,1,1,1,1,0,0,0
2763,2025-11-13 23:48:00,4372.3,0,3,3,3,1,0,0,0
2763,2025-11-13 23:48:00,4374.0,0,2,2,2,1,0,0,0
2763,2025-11-13 23:48:00,4374.1,0,3,3,3,1,0,0,0
2764,2025-11-13 23:51:00,4370.6,0,3,3,3,1,0,0,0
2764,2025-11-13 23:51:00,4371.2,0,1,1,1,1,0,0,0
2764,2025-11-13 23:51:00,4371.6,0,1,1,1,1,0,0,0
2764,2025-11-13 23:51:00,4372.1,0,1,1,1,1,0,0,0
2764,2025-11-13 23:51:00,4372.5,0,1,1,1,1,0,0,0
2764,2025-11-13 23:51:00,4372.8,0,1,1,1,1,0,0,0
2764,2025-11-13 23:51:00,4372.9,0,1,1,1,1,0,0,0
2764,2025-11-13 23:51:00,4373.3,0,1,1,1,1,0,0,0
2764,2025-11-13 23:51:00,4374.4,0,2,2,2,1,0,0,0
2764,2025-11-13 23:51:00,4375.2,0,2,2,2,1,0,0,0
2764,2025-11-13 23:51:00,4375.6,9,1,11,-8,6,0,0,0
2765,2025-11-13 23:58:00,4369.6,0,1,1,1,1,0,0,0
2765,2025-11-13 23:58:00,4369.8,0,2,2,2,1,0,0,0
2765,2025-11-13 23:58:00,4370.2,0,1,1,1,1,0,0,0
2765,2025-11-13 23:58:00,4370.6,0,1,1,1,1,0,0,0
2766,2025-11-14 00:38:00,4373.7,0,2,2,2,1,0,0,0
2766,2025-11-14 00:38:00,4374.6,0,1,1,1,1,0,0,0
2766,2025-11-14 00:38:00,4374.7,0,2,2,2,1,0,0,0
2767,2025-11-14 00:49:00,4371.0,0,1,1,1,1,0,0,0
2767,2025-11-14 00:49:00,4371.2,0,1,1,1,1,0,0,0
2768,2025-11-14 01:22:00,4366.0,0,0,2,0,1,0,0,0
2769,2025-11-14 01:39:00,4367.8,0,1,1,1,1,0,0,0
2770,2025-11-14 01:50:00,4371.9,0,2,2,2,1,0,0,0
2771,2025-11-14 01:54:00,4375.9,2,0,2,-2,1,0,0,0
2771,2025-11-14 01:54:00,4376.1,3,0,3,-3,1,0,0,0
2772,2025-11-14 02:01:00,4377.7,0,1,1,1,1,0,0,0
2773,2025-11-14 02:11:00,4378.9,0,1,1,1,1,0,0,0
2774,2025-11-14 02:12:00,4376.2,1,0,1,-1,1,0,0,0
2774,2025-11-14 02:12:00,4376.5,1,0,1,-1,1,0,0,0
2774,2025-11-14 02:12:00,4376.9,1,0,1,-1,1,0,0,0
2774,2025-11-14 02:12:00,4377.0,1,0,1,-1,1,0,0,0
2774,2025-11-14 02:12:00,4377.1,1,0,1,-1,1,0,0,0
2774,2025-11-14 02:12:00,4377.2,1,0,1,-1,1,0,0,0
2774,2025-11-14 02:12:00,4377.4,1,0,1,-1,1,0,0,0
2774,2025-11-14 02:12:00,4377.8,1,0,1,-1,1,0,0,0
2774,2025-11-14 02:12:00,4378.1,2,0,2,-2,1,0,0,0
2775,2025-11-14 02:14:00,4378.5,0,1,1,1,1,0,0,0
2776,2025-11-14 02:15:00,4378.5,0,3,9,3,8,0,0,0
2777,2025-11-14 02:27:00,4387.0,0,2,2,2,2,0,0,0
2778,2025-11-14 02:30:00,4387.0,0,1,1,1,1,0,0,0
2779,2025-11-14 02:31:00,4387.0,0,5,22,5,15,0,0,0
2780,2025-11-14 02:32:00,4386.8,0,1,1,1,1,0,0,0
2780,2025-11-14 02:32:00,4387.3,0,1,1,1,1,0,0,0
2781,2025-11-14 02:33:00,4389.0,0,1,1,1,1,0,0,0
2782,2025-11-14 02:34:00,4387.4,0,1,1,1,1,0,0,0
2783,2025-11-14 02:36:00,4386.0,0,0,1,0,1,0,0,0
2783,2025-11-14 02:36:00,4387.0,0,0,1,0,1,0,0,0
2784,2025-11-14 02:42:00,4386.7,0,1,1,1,1,0,0,0
2784,2025-11-14 02:42:00,4387.0,0,1,1,1,1,0,0,0
2784,2025-11-14 02:42:00,4388.7,0,1,1,1,1,0,0,0
2785,2025-11-14 03:46:00,4388.8,2,3,5,1,2,0,0,0
2786,2025-11-14 03:54:00,4386.0,0,0,1,0,1,0,0,0
2787,2025-11-14 04:06:00,4386.7,1,0,1,-1,1,0,0,0
2788,2025-11-14 04:15:00,4382.2,1,0,1,-1,1,0,0,0
2788,2025-11-14 04:15:00,4382.3,1,0,1,-1,1,0,0,0
2788,2025-11-14 04:15:00,4382.5,1,0,1,-1,1,0,0,0
2788,2025-11-14 04:15:00,4382.6,2,0,2,-2,1,0,0,0
2788,2025-11-14 04:15:00,4382.8,0,0,1,0,1,0,0,0
2789,2025-11-14 05:22:00,4369.2,1,0,1,-1,1,0,0,0
2790,2025-11-14 05:32:00,4374.5,0,1,1,1,1,0,0,0
2790,2025-11-14 05:32:00,4374.6,0,1,1,1,1,0,0,0
2791,2025-11-14 05:59:00,4373.5,0,0,1,0,1,0,0,0
2792,2025-11-14 06:15:00,4370.0,2,0,2,-2,1,0,0,0
2793,2025-11-14 06:16:00,4367.2,1,0,1,-1,1,0,0,0
2794,2025-11-14 06:17:00,4366.7,1,0,1,-1,1,0,0,0
2795,2025-11-14 06:28:00,4357.2,1,0,1,-1,1,0,0,0
2796,2025-11-14 06:42:00,4362.5,1,0,1,-1,1,0,0,0
2797,2025-11-14 06:45:00,4360.4,1,0,1,-1,1,0,0,0
2798,2025-11-14 07:49:00,4362.3,0,1,2,1,2,0,0,0
2799,2025-11-14 08:23:00,4359.6,1,0,1,-1,1,0,0,0
2800,2025-11-14 08:53:00,4359.5,1,0,1,-1,1,0,0,0
2800,2025-11-14 08:53:00,4359.6,1,0,1,-1,1,0,0,0
2801,2025-11-14 09:26:00,4352.6,1,0,1,-1,1,0,0,0
2802,2025-11-14 12:17:00,4307.0,0,0,1,0,1,0,0,0
2803,2025-11-14 12:42:00,4292.1,0,1,1,1,1,0,0,0
2804,2025-11-14 13:06:00,4290.3,0,0,1,0,1,0,0,0
2805,2025-11-14 13:13:00,4267.0,1,0,1,-1,1,0,0,0
2805,2025-11-14 13:13:00,4267.8,0,0,1,0,1,0,0,0
2806,2025-11-14 13:15:00,4266.3,2,0,2,-2,1,0,0,0
2806,2025-11-14 13:15:00,4266.4,2,0,2,-2,1,0,0,0
2806,2025-11-14 13:15:00,4266.5,1,0,1,-1,1,0,0,0
2806,2025-11-14 13:15:00,4266.6,1,0,1,-1,1,0,0,0
2807,2025-11-14 13:17:00,4264.3,1,0,1,-1,1,0,0,0
2808,2025-11-14 13:19:00,4265.7,1,0,1,-1,1,0,0,0
2809,2025-11-14 13:22:00,4256.2,1,0,1,-1,1,0,0,0
2810,2025-11-14 13:23:00,4247.4,1,0,1,-1,1,0,0,0
2810,2025-11-14 13:23:00,4250.1,0,0,1,0,1,0,0,0
2811,2025-11-14 13:38:00,4236.3,1,0,1,-1,1,0,0,0
2811,2025-11-14 13:38:00,4237.5,0,0,1,0,1,0,0,0
2811,2025-11-14 13:38:00,4237.6,0,0,1,0,1,0,0,0
2811,2025-11-14 13:38:00,4237.7,0,0,1,0,1,0,0,0
2811,2025-11-14 13:38:00,4238.1,1,0,1,-1,1,0,0,0
2811,2025-11-14 13:38:00,4238.2,1,0,1,-1,1,0,0,0
2811,2025-11-14 13:38:00,4239.3,0,0,1,0,1,0,0,0
2812,2025-11-14 13:39:00,4235.0,0,0,3,0,1,0,0,0
2813,2025-11-14 13:40:00,4234.4,0,0,2,0,2,0,0,0
2813,2025-11-14 13:40:00,4234.7,1,0,1,-1,1,0,0,0
2814,2025-11-14 13:44:00,4229.2,1,0,1,-1,1,0,0,0
2815,2025-11-14 13:47:00,4232.8,1,0,1,-1,1,0,0,0
2816,2025-11-14 13:48:00,4228.5,1,0,1,-1,1,0,0,0
2817,2025-11-14 14:02:00,4217.3,1,0,1,-1,1,0,0,0
2818,2025-11-14 14:08:00,4231.5,2,0,2,-2,1,0,0,0
2818,2025-11-14 14:08:00,4231.6,1,0,1,-1,1,0,0,0
2818,2025-11-14 14:08:00,4231.7,1,0,1,-1,1,0,0,0
2819,2025-11-14 14:09:00,4224.6,1,0,1,-1,1,0,0,0
2819,2025-11-14 14:09:00,4225.0,0,0,2,0,1,0,0,0
2820,2025-11-14 14:32:00,4221.1,1,0,1,-1,1,0,0,0
2820,2025-11-14 14:32:00,4225.2,1,0,1,-1,1,0,0,0
2821,2025-11-14 14:40:00,4245.0,0,0,1,0,1,0,0,0
2822,2025-11-14 14:41:00,4250.0,0,0,1,0,1,0,0,0
2823,2025-11-14 14:42:00,4249.0,0,0,1,0,1,0,0,0
2824,2025-11-14 14:51:00,4247.6,0,1,1,1,1,0,0,0
2824,2025-11-14 14:51:00,4247.8,0,4,4,4,1,0,0,0
2824,2025-11-14 14:51:00,4248.0,0,1,1,1,1,0,0,0
2824,2025-11-14 14:51:00,4248.1,0,1,1,1,1,0,0,0
2824,2025-11-14 14:51:00,4248.2,0,1,1,1,1,0,0,0
2825,2025-11-14 14:54:00,4255.0,0,0,1,0,1,0,0,0
2826,2025-11-14 15:03:00,4250.9,1,0,1,-1,1,0,0,0
2827,2025-11-14 15:11:00,4256.1,0,0,1,0,1,0,0,0
2828,2025-11-14 15:19:00,4256.7,0,1,1,1,1,0,0,0
2829,2025-11-14 15:20:00,4259.3,0,1,1,1,1,0,0,0
2830,2025-11-14 15:23:00,4251.8,0,1,1,1,1,0,0,0
2830,2025-11-14 15:23:00,4251.9,0,1,1,1,1,0,0,0
2831,2025-11-14 15:48:00,4271.3,0,1,1,1,1,0,0,0
2832,2025-11-14 15:49:00,4268.1,0,1,1,1,1,0,0,0
2832,2025-11-14 15:49:00,4268.2,0,4,4,4,2,0,0,0
2832,2025-11-14 15:49:00,4268.3,0,4,4,4,2,0,0,0
2832,2025-11-14 15:49:00,4268.4,0,1,1,1,1,0,0,0
2832,2025-11-14 15:49:00,4270.2,0,2,2,2,1,0,0,0
2832,2025-11-14 15:49:00,4270.4,0,2,2,2,1,0,0,0
2832,2025-11-14 15:49:00,4270.5,0,2,2,2,1,0,0,0
2832,2025-11-14 15:49:00,4270.6,0,2,2,2,1,0,0,0
2832,2025-11-14 15:49:00,4270.7,0,2,2,2,1,0,0,0
2833,2025-11-14 15:50:00,4272.6,1,0,1,-1,1,0,0,0
2833,2025-11-14 15:50:00,4272.9,1,0,1,-1,1,0,0,0
2834,2025-11-14 15:51:00,4275.9,0,2,2,2,1,0,0,0
2835,2025-11-14 15:53:00,4270.5,0,1,1,1,1,0,0,0
2835,2025-11-14 15:53:00,4270.6,0,1,1,1,1,0,0,0
2836,2025-11-14 15:54:00,4268.8,1,0,1,-1,1,0,0,0
2837,2025-11-14 15:56:00,4260.9,1,0,1,-1,1,0,0,0
2838,2025-11-14 16:06:00,4260.7,1,0,1,-1,1,0,0,0
2838,2025-11-14 16:06:00,4260.9,1,0,1,-1,1,0,0,0
2839,2025-11-14 16:23:00,4282.8,0,1,1,1,1,0,0,0
2840,2025-11-14 16:29:00,4281.4,0,1,1,1,1,0,0,0
2841,2025-11-14 16:31:00,4281.0,0,0,1,0,1,0,0,0
2842,2025-11-14 16:53:00,4288.1,0,1,1,1,1,0,0,0
2843,2025-11-14 17:07:00,4280.0,1,0,1,-1,1,0,0,0
2844,2025-11-14 17:12:00,4278.9,0,1,1,1,1,0,0,0
2844,2025-11-14 17:12:00,4279.0,0,3,3,3,1,0,0,0
2844,2025-11-14 17:12:00,4279.1,0,1,1,1,1,0,0,0
2845,2025-11-14 17:17:00,4283.2,1,0,1,-1,1,0,0,0
2845,2025-11-14 17:17:00,4283.3,5,0,5,-5,3,0,0,0
2845,2025-11-14 17:17:00,4283.4,2,0,2,-2,2,0,0,0
2845,2025-11-14 17:17:00,4283.5,3,0,3,-3,3,0,0,0
2845,2025-11-14 17:17:00,4283.6,6,0,6,-6,4,0,0,0
2845,2025-11-14 17:17:00,4283.7,2,0,2,-2,2,0,0,0
2845,2025-11-14 17:17:00,4283.8,14,0,14,-14,9,0,0,0
2845,2025-11-14 17:17:00,4283.9,6,0,6,-6,6,0,0,0
2845,2025-11-14 17:17:00,4284.0,1,0,1,-1,1,0,0,0
2846,2025-11-14 17:18:00,4282.0,4,0,4,-4,2,0,0,0
2846,2025-11-14 17:18:00,4282.1,4,0,4,-4,3,0,0,0
2846,2025-11-14 17:18:00,4282.2,2,0,2,-2,2,0,0,0
2847,2025-11-14 17:48:00,4278.0,1,0,1,-1,1,0,0,0
2848,2025-11-14 18:01:00,4272.0,0,0,5,0,4,0,0,0
2849,2025-11-14 18:23:00,4265.0,0,1,2,1,2,0,0,0
2849,2025-11-14 18:23:00,4265.2,2,0,2,-2,1,0,0,0
2849,2025-11-14 18:23:00,4265.3,3,0,3,-3,1,0,0,0
2849,2025-11-14 18:23:00,4265.4,1,0,1,-1,1,0,0,0
2850,2025-11-14 18:53:00,4283.1,0,1,1,1,1,0,0,0
2851,2025-11-14 20:20:00,4263.3,1,0,1,-1,1,0,0,0
2852,2025-11-14 21:35:00,4260.0,0,0,1,0,1,0,0,0
2853,2025-11-16 23:10:00,4273.9,0,1,1,1,1,0,0,0
2854,2025-11-16 23:26:00,4285.2,0,0,1,0,1,0,0,0
2855,2025-11-17 01:39:00,4279.9,0,1,1,1,1,0,0,0
2856,2025-11-17 02:03:00,4264.7,1,0,1,-1,1,0,0,0
2857,2025-11-17 03:04:00,4257.0,1,0,1,-1,1,0,0,0
2858,2025-11-17 03:16:00,4262.9,0,0,1,0,1,0,0,0
2859,2025-11-17 05:32:00,4232.0,0,0,1,0,1,0,0,0
2859,2025-11-17 05:32:00,4232.9,1,0,1,-1,1,0,0,0
2860,2025-11-17 05:35:00,4229.8,0,0,1,0,1,0,0,0
2861,2025-11-17 05:43:00,4235.0,0,1,1,1,1,0,0,0
2862,2025-11-17 05:45:00,4235.4,1,0,1,-1,1,0,0,0
2863,2025-11-17 05:48:00,4236.8,0,3,3,3,1,0,0,0
2863,2025-11-17 05:48:00,4237.3,0,1,1,1,1,0,0,0
2864,2025-11-17 06:01:00,4240.6,0,1,1,1,1,0,0,0
2864,2025-11-17 06:01:00,4240.7,0,1,1,1,1,0,0,0
2865,2025-11-17 06:15:00,4234.0,1,0,1,-1,1,0,0,0
2865,2025-11-17 06:15:00,4234.4,0,1,1,1,1,0,0,0
2866,2025-11-17 06:20:00,4239.2,1,0,1,-1,1,0,0,0
2867,2025-11-17 06:23:00,4236.2,1,0,1,-1,1,0,0,0
2868,2025-11-17 06:33:00,4247.2,0,1,1,1,1,0,0,0
2868,2025-11-17 06:33:00,4247.4,2,0,3,-2,2,0,0,0
2869,2025-11-17 06:34:00,4241.8,1,0,1,-1,1,0,0,0
2870,2025-11-17 06:36:00,4247.4,0,0,1,0,1,0,0,0
2871,2025-11-17 07:16:00,4253.4,0,1,1,1,1,0,0,0
2872,2025-11-17 08:36:00,4255.4,2,0,2,-2,1,0,0,0
2873,2025-11-17 10:05:00,4266.6,0,1,1,1,1,0,0,0
2874,2025-11-17 10:11:00,4268.2,0,1,1,1,1,0,0,0
2875,2025-11-17 10:54:00,4247.9,0,0,2,0,1,0,0,0
2876,2025-11-17 10:55:00,4251.2,0,0,1,0,1,0,0,0
2877,2025-11-17 10:57:00,4250.0,1,0,1,-1,1,0,0,0
2877,2025-11-17 10:57:00,4250.2,1,0,1,-1,1,0,0,0
2878,2025-11-17 11:00:00,4244.4,1,0,1,-1,1,0,0,0
2878,2025-11-17 11:00:00,4244.7,1,0,1,-1,1,0,0,0
2879,2025-11-17 11:01:00,4243.0,0,0,1,0,1,0,0,0
2879,2025-11-17 11:01:00,4243.3,1,0,1,-1,1,0,0,0
2879,2025-11-17 11:01:00,4243.8,0,0,1,0,1,0,0,0
2879,2025-11-17 11:01:00,4243.9,0,0,1,0,1,0,0,0
2879,2025-11-17 11:01:00,4244.0,0,0,1,0,1,0,0,0
2879,2025-11-17 11:01:00,4245.0,1,0,1,-1,1,0,0,0
2879,2025-11-17 11:01:00,4245.3,2,0,2,-2,1,0,0,0
2880,2025-11-17 11:07:00,4248.3,0,1,1,1,1,0,0,0
2880,2025-11-17 11:07:00,4248.6,0,1,1,1,1,0,0,0
2881,2025-11-17 11:22:00,4248.2,1,0,1,-1,1,0,0,0
2882,2025-11-17 11:30:00,4243.5,1,0,1,-1,1,0,0,0
2883,2025-11-17 11:35:00,4253.0,0,0,1,0,1,0,0,0
2884,2025-11-17 12:21:00,4253.5,1,0,1,-1,1,0,0,0
2885,2025-11-17 12:32:00,4263.0,0,0,1,0,1,0,0,0
2886,2025-11-17 12:41:00,4258.8,1,0,1,-1,1,0,0,0
2887,2025-11-17 13:35:00,4250.0,0,0,1,0,1,0,0,0
2888,2025-11-17 13:50:00,4241.9,1,0,1,-1,1,0,0,0
2889,2025-11-17 14:00:00,4241.0,1,0,1,-1,1,0,0,0
2890,2025-11-17 14:33:00,4246.7,1,0,1,-1,1,0,0,0
2890,2025-11-17 14:33:00,4246.8,1,0,1,-1,1,0,0,0
2891,2025-11-17 15:19:00,4242.0,0,0,1,0,1,0,0,0
2892,2025-11-17 15:24:00,4253.0,0,0,1,0,1,0,0,0
2893,2025-11-17 15:52:00,4245.0,0,0,1,0,1,0,0,0
2894,2025-11-17 16:10:00,4237.0,2,0,2,-2,1,0,0,0
2895,2025-11-17 16:23:00,4245.3,0,1,1,1,1,0,0,0
2895,2025-11-17 16:23:00,4245.4,1,0,1,-1,1,0,0,0
2896,2025-11-17 16:51:00,4247.5,0,1,1,1,1,0,0,0
2897,2025-11-17 17:02:00,4253.0,0,1,1,1,1,0,0,0
2898,2025-11-17 17:31:00,4256.6,0,1,1,1,1,0,0,0
2898,2025-11-17 17:31:00,4257.0,0,1,1,1,1,0,0,0
2898,2025-11-17 17:31:00,4257.1,0,1,1,1,1,0,0,0
2898,2025-11-17 17:31:00,4257.2,0,2,2,2,1,0,0,0
2899,2025-11-17 17:32:00,4258.4,0,1,1,1,1,0,0,0
2899,2025-11-17 17:32:00,4258.6,0,2,2,2,1,0,0,0
2899,2025-11-17 17:32:00,4258.7,0,3,3,3,1,0,0,0
2899,2025-11-17 17:32:00,4259.1,0,1,1,1,1,0,0,0
2899,2025-11-17 17:32:00,4259.2,0,3,3,3,1,0,0,0
2899,2025-11-17 17:32:00,4259.5,0,1,1,1,1,0,0,0
2899,2025-11-17 17:32:00,4259.6,0,2,2,2,1,0,0,0
2899,2025-11-17 17:32:00,4259.7,0,1,1,1,1,0,0,0
2899,2025-11-17 17:32:00,4259.9,0,1,1,1,1,0,0,0
2900,2025-11-17 17:33:00,4260.8,0,1,1,1,1,0,0,0
2900,2025-11-17 17:33:00,4260.9,0,2,2,2,1,0,0,0
2900,2025-11-17 17:33:00,4261.0,0,2,2,2,1,0,0,0
2900,2025-11-17 17:33:00,4261.1,0,1,1,1,1,0,0,0
2900,2025-11-17 17:33:00,4261.2,0,1,1,1,1,0,0,0
2900,2025-11-17 17:33:00,4261.5,0,1,1,1,1,0,0,0
2900,2025-11-17 17:33:00,4261.7,0,1,1,1,1,0,0,0
2900,2025-11-17 17:33:00,4261.9,0,2,2,2,1,0,0,0
2900,2025-11-17 17:33:00,4262.0,0,1,1,1,1,0,0,0
2900,2025-11-17 17:33:00,4262.1,0,1,1,1,1,0,0,0
2900,2025-11-17 17:33:00,4262.3,0,5,5,5,1,0,0,0
2900,2025-11-17 17:33:00,4262.4,0,7,7,7,1,0,0,0
2901,2025-11-17 17:35:00,4260.1,0,2,2,2,1,0,0,0
2901,2025-11-17 17:35:00,4260.2,0,4,4,4,1,0,0,0
2901,2025-11-17 17:35:00,4260.3,0,3,3,3,1,0,0,0
2901,2025-11-17 17:35:00,4260.6,0,1,1,1,1,0,0,0
2901,2025-11-17 17:35:00,4260.7,0,1,1,1,1,0,0,0
2901,2025-11-17 17:35:00,4260.9,0,1,1,1,1,0,0,0
2901,2025-11-17 17:35:00,4261.2,0,2,2,2,1,0,0,0
2901,2025-11-17 17:35:00,4261.3,0,2,2,2,1,0,0,0
2901,2025-11-17 17:35:00,4261.4,0,9,9,9,1,0,0,0
2902,2025-11-17 17:40:00,4257.0,1,0,1,-1,1,0,0,0
2903,2025-11-17 17:42:00,4257.2,0,2,2,2,1,0,0,0
2903,2025-11-17 17:42:00,4257.3,0,3,3,3,1,0,0,0
2903,2025-11-17 17:42:00,4257.4,0,4,4,4,1,0,0,0
2903,2025-11-17 17:42:00,4257.5,0,6,6,6,1,0,0,0
2904,2025-11-17 17:45:00,4254.1,1,0,1,-1,1,0,0,0
2905,2025-11-17 18:26:00,4250.1,0,3,3,3,1,0,0,0
2905,2025-11-17 18:26:00,4250.2,0,2,2,2,1,0,0,0
2906,2025-11-17 18:28:00,4248.8,0,4,4,4,1,0,0,0
2906,2025-11-17 18:28:00,4248.9,0,1,1,1,1,0,0,0
2906,2025-11-17 18:28:00,4250.5,0,2,2,2,1,0,0,0
2906,2025-11-17 18:28:00,4250.6,0,1,1,1,1,0,0,0
2906,2025-11-17 18:28:00,4250.7,0,2,2,2,1,0,0,0
2906,2025-11-17 18:28:00,4250.8,0,1,1,1,1,0,0,0
2906,2025-11-17 18:28:00,4251.0,0,4,4,4,1,0,0,0
2906,2025-11-17 18:28:00,4251.1,0,2,2,2,1,0,0,0
2906,2025-11-17 18:28:00,4251.2,0,2,2,2,1,0,0,0
2906,2025-11-17 18:28:00,4251.3,0,1,1,1,1,0,0,0
2907,2025-11-17 18:29:00,4251.2,0,1,1,1,1,0,0,0
2907,2025-11-17 18:29:00,4251.4,0,0,1,0,1,0,0,0
2907,2025-11-17 18:29:00,4254.1,1,0,1,-1,1,0,0,0
2907,2025-11-17 18:29:00,4254.4,1,3,4,2,2,0,0,0
2907,2025-11-17 18:29:00,4254.5,1,6,7,5,3,0,0,0
2907,2025-11-17 18:29:00,4254.6,0,5,5,5,2,0,0,0
2907,2025-11-17 18:29:00,4254.7,0,6,6,6,2,0,0,0
2907,2025-11-17 18:29:00,4254.8,0,7,7,7,2,0,0,0
2907,2025-11-17 18:29:00,4254.9,0,2,3,2,3,0,0,0
2907,2025-11-17 18:29:00,4255.0,0,1,1,1,1,0,0,0
2907,2025-11-17 18:29:00,4255.2,0,0,1,0,1,0,0,0
2907,2025-11-17 18:29:00,4255.4,0,1,1,1,1,0,0,0
2908,2025-11-17 18:31:00,4250.1,1,0,1,-1,1,0,0,0
2909,2025-11-17 18:55:00,4244.8,1,0,1,-1,1,0,0,0
2910,2025-11-17 19:02:00,4241.4,1,0,1,-1,1,0,0,0
2911,2025-11-17 19:03:00,4240.0,0,0,1,0,1,0,0,0
2912,2025-11-17 19:34:00,4217.5,1,0,1,-1,1,0,0,0
2912,2025-11-17 19:34:00,4219.0,0,0,5,0,2,0,0,0
2912,2025-11-17 19:34:00,4219.7,1,0,1,-1,1,0,0,0
2913,2025-11-17 19:41:00,4211.7,0,1,1,1,1,0,0,0
2914,2025-11-17 19:42:00,4200.0,0,0,1,0,1,0,0,0
2915,2025-11-17 19:54:00,4200.0,0,0,2,0,2,0,0,0
2916,2025-11-17 20:27:00,4200.8,0,0,2,0,1,0,0,0
2917,2025-11-17 20:31:00,4205.0,1,0,1,-1,1,0,0,0
2918,2025-11-17 20:54:00,4215.5,0,1,1,1,1,0,0,0
2919,2025-11-17 21:54:00,4223.0,0,1,1,1,1,0,0,0
2919,2025-11-17 21:54:00,4223.6,0,1,1,1,1,0,0,0
2919,2025-11-17 21:54:00,4223.8,0,1,1,1,1,0,0,0
2919,2025-11-17 21:54:00,4224.0,0,1,1,1,1,0,0,0
2919,2025-11-17 21:54:00,4224.1,0,2,2,2,1,0,0,0
2919,2025-11-17 21:54:00,4224.2,0,1,1,1,1,0,0,0
2919,2025-11-17 21:54:00,4224.3,0,1,1,1,1,0,0,0
2919,2025-11-17 21:54:00,4224.5,0,5,5,5,1,0,0,0
2919,2025-11-17 21:54:00,4224.6,0,1,1,1,1,0,0,0
2919,2025-11-17 21:54:00,4225.0,0,1,1,1,1,0,0,0
2919,2025-11-17 21:54:00,4225.3,0,1,1,1,1,0,0,0
2919,2025-11-17 21:54:00,4225.4,0,2,2,2,1,0,0,0
2919,2025-11-17 21:54:00,4225.5,0,2,2,2,1,0,0,0
2919,2025-11-17 21:54:00,4225.7,0,2,2,2,1,0,0,0
2919,2025-11-17 21:54:00,4225.9,0,1,1,1,1,0,0,0
2919,2025-11-17 21:54:00,4226.4,0,1,1,1,1,0,0,0
2919,2025-11-17 21:54:00,4227.1,0,1,1,1,1,0,0,0
2920,2025-11-17 23:31:00,4224.0,0,0,5,0,2,0,0,0
2921,2025-11-17 23:32:00,4223.9,0,1,1,1,1,0,0,0
2921,2025-11-17 23:32:00,4224.0,0,2,2,2,1,0,0,0
2921,2025-11-17 23:32:00,4224.4,0,2,2,2,1,0,0,0
2921,2025-11-17 23:32:00,4225.7,0,3,3,3,1,0,0,0
2921,2025-11-17 23:32:00,4226.1,0,1,1,1,1,0,0,0
2921,2025-11-17 23:32:00,4226.2,0,1,1,1,1,0,0,0
2922,2025-11-17 23:34:00,4225.9,0,0,5,0,3,0,0,0
2923,2025-11-17 23:43:00,4218.0,0,0,5,0,5,0,0,0
2924,2025-11-17 23:45:00,4218.5,0,1,1,1,1,0,0,0
2924,2025-11-17 23:45:00,4218.6,0,1,1,1,1,0,0,0
2924,2025-11-17 23:45:00,4218.7,0,2,2,2,1,0,0,0
2924,2025-11-17 23:45:00,4218.8,0,1,1,1,1,0,0,0
2925,2025-11-17 23:47:00,4210.0,0,0,5,0,2,0,0,0
2926,2025-11-18 01:46:00,4211.2,0,1,1,1,1,0,0,0
2927,2025-11-18 01:52:00,4204.7,0,1,1,1,1,0,0,0
2927,2025-11-18 01:52:00,4204.8,0,2,2,2,1,0,0,0
2927,2025-11-18 01:52:00,4205.2,0,2,2,2,1,0,0,0
2928,2025-11-18 01:53:00,4204.5,0,1,1,1,1,0,0,0
2928,2025-11-18 01:53:00,4204.6,0,1,1,1,1,0,0,0
2928,2025-11-18 01:53:00,4205.1,0,4,4,4,1,0,0,0
2928,2025-11-18 01:53:00,4205.3,0,1,1,1,1,0,0,0
2928,2025-11-18 01:53:00,4205.7,0,1,1,1,1,0,0,0
2928,2025-11-18 01:53:00,4206.2,0,2,2,2,1,0,0,0
2929,2025-11-18 01:54:00,4202.0,0,0,2,0,1,0,0,0
2930,2025-11-18 01:56:00,4202.0,0,0,3,0,1,0,0,0
2930,2025-11-18 01:56:00,4203.9,0,1,1,1,1,0,0,0
2930,2025-11-18 01:56:00,4204.0,0,2,2,2,1,0,0,0
2930,2025-11-18 01:56:00,4204.4,0,1,1,1,1,0,0,0
2930,2025-11-18 01:56:00,4204.8,0,1,1,1,1,0,0,0
2931,2025-11-18 01:58:00,4206.1,0,1,1,1,1,0,0,0
2931,2025-11-18 01:58:00,4206.2,0,1,1,1,1,0,0,0
2931,2025-11-18 01:58:00,4206.3,0,1,1,1,1,0,0,0
2931,2025-11-18 01:58:00,4206.4,0,1,1,1,1,0,0,0
2931,2025-11-18 01:58:00,4206.5,0,1,1,1,1,0,0,0
2932,2025-11-18 02:06:00,4204.4,0,1,1,1,1,0,0,0
2932,2025-11-18 02:06:00,4204.5,0,1,1,1,1,0,0,0
2932,2025-11-18 02:06:00,4204.6,0,1,1,1,1,0,0,0
2932,2025-11-18 02:06:00,4204.9,0,2,2,2,1,0,0,0
2932,2025-11-18 02:06:00,4209.2,0,4,4,4,1,0,0,0
2932,2025-11-18 02:06:00,4209.3,0,1,1,1,1,0,0,0
2933,2025-11-18 02:07:00,4209.6,0,1,2,1,2,0,0,0
2933,2025-11-18 02:07:00,4209.8,0,2,2,2,1,0,0,0
2933,2025-11-18 02:07:00,4209.9,0,1,1,1,1,0,0,0
2933,2025-11-18 02:07:00,4210.2,0,1,1,1,1,0,0,0
2933,2025-11-18 02:07:00,4210.6,0,1,1,1,1,0,0,0
2934,2025-11-18 02:08:00,4209.6,0,5,8,5,7,0,0,0
2935,2025-11-18 02:28:00,4208.0,2,0,2,-2,1,0,0,0
2936,2025-11-18 02:48:00,4205.1,1,0,1,-1,1,0,0,0
2937,2025-11-18 02:50:00,4203.4,1,0,1,-1,1,0,0,0
2938,2025-11-18 02:55:00,4199.3,1,0,1,-1,1,0,0,0
2939,2025-11-18 02:59:00,4197.4,1,0,1,-1,1,0,0,0
2940,2025-11-18 03:27:00,4191.5,0,2,2,2,1,0,0,0
2940,2025-11-18 03:27:00,4191.8,0,1,1,1,1,0,0,0
2940,2025-11-18 03:27:00,4192.0,0,1,1,1,1,0,0,0
2940,2025-11-18 03:27:00,4192.1,0,1,1,1,1,0,0,0
2940,2025-11-18 03:27:00,4192.4,0,1,1,1,1,0,0,0
2940,2025-11-18 03:27:00,4192.5,0,2,2,2,1,0,0,0
2940,2025-11-18 03:27:00,4192.6,0,1,1,1,1,0,0,0
2940,2025-11-18 03:27:00,4192.8,0,1,1,1,1,0,0,0
2941,2025-11-18 03:51:00,4196.9,0,1,1,1,1,0,0,0
2941,2025-11-18 03:51:00,4197.0,0,2,2,2,1,0,0,0
2941,2025-11-18 03:51:00,4197.4,0,1,1,1,1,0,0,0
2941,2025-11-18 03:51:00,4197.6,0,1,1,1,1,0,0,0
2941,2025-11-18 03:51:00,4197.7,0,3,3,3,1,0,0,0
2941,2025-11-18 03:51:00,4197.9,0,2,2,2,2,0,0,0
2941,2025-11-18 03:51:00,4198.0,0,1,1,1,1,0,0,0
2941,2025-11-18 03:51:00,4198.1,0,4,4,4,2,0,0,0
2941,2025-11-18 03:51:00,4198.3,0,4,4,4,1,0,0,0
2941,2025-11-18 03:51:00,4198.4,0,1,1,1,1,0,0,0
2942,2025-11-18 03:58:00,4191.0,1,0,1,-1,1,0,0,0
2943,2025-11-18 04:17:00,4187.0,1,0,1,-1,1,0,0,0
2944,2025-11-18 04:20:00,4183.3,1,0,1,-1,1,0,0,0
2944,2025-11-18 04:20:00,4184.9,1,0,1,-1,1,0,0,0
2945,2025-11-18 04:21:00,4182.9,1,0,1,-1,1,0,0,0
2946,2025-11-18 04:43:00,4189.1,0,2,2,2,1,0,0,0
2946,2025-11-18 04:43:00,4189.2,0,1,1,1,1,0,0,0
2946,2025-11-18 04:43:00,4189.6,0,1,1,1,1,0,0,0
2946,2025-11-18 04:43:00,4189.8,0,2,2,2,1,0,0,0
2946,2025-11-18 04:43:00,4190.2,0,1,1,1,1,0,0,0
2946,2025-11-18 04:43:00,4190.3,0,1,1,1,1,0,0,0
2946,2025-11-18 04:43:00,4190.4,0,1,1,1,1,0,0,0
2946,2025-11-18 04:43:00,4190.5,0,1,1,1,1,0,0,0
2947,2025-11-18 04:44:00,4190.1,0,1,1,1,1,0,0,0
2947,2025-11-18 04:44:00,4190.3,0,2,2,2,1,0,0,0
2947,2025-11-18 04:44:00,4190.5,0,1,1,1,1,0,0,0
2947,2025-11-18 04:44:00,4190.9,0,1,1,1,1,0,0,0
2948,2025-11-18 04:45:00,4190.0,0,1,1,1,1,0,0,0
2948,2025-11-18 04:45:00,4190.2,0,2,2,2,1,0,0,0
2948,2025-11-18 04:45:00,4190.3,0,1,1,1,1,0,0,0
2948,2025-11-18 04:45:00,4190.4,0,1,1,1,1,0,0,0
2949,2025-11-18 05:36:00,4201.4,0,1,1,1,1,0,0,0
2950,2025-11-18 05:42:00,4203.1,0,1,1,1,1,0,0,0
2951,2025-11-18 05:44:00,4204.6,0,1,1,1,1,0,0,0
2952,2025-11-18 06:45:00,4190.6,0,1,1,1,1,0,0,0
2953,2025-11-18 07:01:00,4185.6,0,1,1,1,1,0,0,0
2954,2025-11-18 07:12:00,4182.3,1,0,1,-1,1,0,0,0
2955,2025-11-18 07:42:00,4189.0,0,0,1,0,1,0,0,0
2956,2025-11-18 07:43:00,4191.7,0,0,1,0,1,0,0,0
2957,2025-11-18 07:44:00,4189.3,0,1,1,1,1,0,0,0
2958,2025-11-18 08:01:00,4188.9,1,0,1,-1,1,0,0,0
2958,2025-11-18 08:01:00,4189.0,1,0,1,-1,1,0,0,0
2958,2025-11-18 08:01:00,4189.7,2,0,2,-2,1,0,0,0
2958,2025-11-18 08:01:00,4189.8,1,0,1,-1,1,0,0,0
2959,2025-11-18 08:39:00,4219.5,0,2,2,2,2,0,0,0
2960,2025-11-18 09:01:00,4216.8,0,1,1,1,1,0,0,0
2961,2025-11-18 09:12:00,4210.3,0,1,1,1,1,0,0,0
2962,2025-11-18 09:17:00,4216.2,0,1,1,1,1,0,0,0
2963,2025-11-18 09:18:00,4215.1,1,0,1,-1,1,0,0,0
2963,2025-11-18 09:18:00,4215.2,1,0,1,-1,1,0,0,0
2963,2025-11-18 09:18:00,4216.1,1,0,1,-1,1,0,0,0
2963,2025-11-18 09:18:00,4216.2,1,0,1,-1,1,0,0,0
2964,2025-11-18 09:30:00,4212.2,0,1,1,1,1,0,0,0
2964,2025-11-18 09:30:00,4212.3,0,1,1,1,1,0,0,0
2965,2025-11-18 10:03:00,4217.8,0,1,1,1,1,0,0,0
2966,2025-11-18 10:08:00,4219.9,0,1,1,1,1,0,0,0
2967,2025-11-18 10:46:00,4225.8,0,1,1,1,1,0,0,0
2968,2025-11-18 11:01:00,4225.9,0,1,1,1,1,0,0,0
2969,2025-11-18 11:09:00,4221.9,0,1,1,1,1,0,0,0
2970,2025-11-18 12:06:00,4218.9,1,0,1,-1,1,0,0,0
2971,2025-11-18 13:11:00,4217.7,1,0,1,-1,1,0,0,0
2971,2025-11-18 13:11:00,4217.8,2,0,2,-2,1,0,0,0
2972,2025-11-18 13:13:00,4221.8,0,0,1,0,1,0,0,0
2972,2025-11-18 13:13:00,4222.0,0,1,1,1,1,0,0,0
2973,2025-11-18 13:22:00,4225.6,0,1,1,1,1,0,0,0
2974,2025-11-18 13:23:00,4228.5,0,1,1,1,1,0,0,0
2975,2025-11-18 13:33:00,4230.0,0,0,1,0,1,0,0,0
2975,2025-11-18 13:33:00,4230.9,0,0,1,0,1,0,0,0
2975,2025-11-18 13:33:00,4231.3,0,0,1,0,1,0,0,0
2975,2025-11-18 13:33:00,4231.4,0,1,1,1,1,0,0,0
2976,2025-11-18 13:58:00,4248.9,0,0,2,0,2,0,0,0
2977,2025-11-18 14:00:00,4242.9,0,0,1,0,1,0,0,0
2978,2025-11-18 14:01:00,4243.0,0,0,1,0,1,0,0,0
2979,2025-11-18 14:04:00,4250.0,0,0,1,0,1,0,0,0
2980,2025-11-18 14:14:00,4252.8,0,0,1,0,1,0,0,0
2981,2025-11-18 14:40:00,4260.0,0,0,1,0,1,0,0,0
2982,2025-11-18 14:46:00,4225.0,0,51,51,51,19,0,0,0
2982,2025-11-18 14:46:00,4230.0,0,25,25,25,18,0,0,0
2982,2025-11-18 14:46:00,4235.0,0,35,50,35,18,0,0,0
2982,2025-11-18 14:46:00,4240.0,1,4,13,3,7,0,0,0
2982,2025-11-18 14:46:00,4241.1,3,0,3,-3,1,0,0,0
2982,2025-11-18 14:46:00,4241.2,3,0,3,-3,1,0,0,0
2982,2025-11-18 14:46:00,4241.7,1,0,1,-1,1,0,0,0
2982,2025-11-18 14:46:00,4242.1,4,0,4,-4,1,0,0,0
2982,2025-11-18 14:46:00,4242.2,1,0,1,-1,1,0,0,0
2982,2025-11-18 14:46:00,4242.5,0,9,13,9,10,0,0,0
2982,2025-11-18 14:46:00,4242.9,1,0,1,-1,1,0,0,0
2982,2025-11-18 14:46:00,4243.2,2,0,2,-2,1,0,0,0
2982,2025-11-18 14:46:00,4243.3,5,0,5,-5,1,0,0,0
2982,2025-11-18 14:46:00,4243.6,1,0,1,-1,1,0,0,0
2982,2025-11-18 14:46:00,4244.0,1,0,1,-1,1,0,0,0
2982,2025-11-18 14:46:00,4244.2,1,0,1,-1,1,0,0,0
2982,2025-11-18 14:46:00,4244.7,1,0,1,-1,1,0,0,0
2982,2025-11-18 14:46:00,4245.0,5,0,5,-5,2,0,0,0
2982,2025-11-18 14:46:00,4245.2,6,0,6,-6,1,0,0,0
2982,2025-11-18 14:46:00,4245.4,1,0,1,-1,1,0,0,0
2982,2025-11-18 14:46:00,4245.8,1,0,1,-1,1,0,0,0
2982,2025-11-18 14:46:00,4245.9,1,0,1,-1,1,0,0,0
2982,2025-11-18 14:46:00,4246.0,1,0,1,-1,1,0,0,0
2982,2025-11-18 14:46:00,4246.4,1,0,1,-1,1,0,0,0
2982,2025-11-18 14:46:00,4246.6,1,0,1,-1,1,0,0,0
2982,2025-11-18 14:46:00,4246.8,1,0,1,-1,1,0,0,0
2982,2025-11-18 14:46:00,4247.1,1,0,1,-1,1,0,0,0
2982,2025-11-18 14:46:00,4247.3,1,0,1,-1,1,0,0,0
2982,2025-11-18 14:46:00,4247.4,2,0,2,-2,1,0,0,0
2982,2025-11-18 14:46:00,4247.5,1,0,1,-1,1,0,0,0
2982,2025-11-18 14:46:00,4247.7,1,0,1,-1,1,0,0,0
2982,2025-11-18 14:46:00,4247.8,1,0,1,-1,1,0,0,0
2982,2025-11-18 14:46:00,4247.9,2,0,2,-2,1,0,0,0
2982,2025-11-18 14:46:00,4248.2,1,0,1,-1,1,0,0,0
2982,2025-11-18 14:46:00,4248.3,3,0,3,-3,1,0,0,0
2982,2025-11-18 14:46:00,4248.4,1,0,1,-1,1,0,0,0
2982,2025-11-18 14:46:00,4248.5,1,0,1,-1,1,0,0,0
2982,2025-11-18 14:46:00,4248.6,1,0,1,-1,1,0,0,0
2982,2025-11-18 14:46:00,4248.8,1,0,1,-1,1,0,0,0
2982,2025-11-18 14:46:00,4248.9,1,0,1,-1,1,0,0,0
2982,2025-11-18 14:46:00,4249.0,1,0,1,-1,1,0,0,0
2982,2025-11-18 14:46:00,4249.2,1,0,1,-1,1,0,0,0
2982,2025-11-18 14:46:00,4249.3,1,0,1,-1,1,0,0,0
2982,2025-11-18 14:46:00,4249.4,1,0,1,-1,1,0,0,0
2982,2025-11-18 14:46:00,4249.5,1,0,1,-1,1,0,0,0
2982,2025-11-18 14:46:00,4250.0,0,0,1,0,1,0,0,0
2983,2025-11-18 14:47:00,4248.0,0,1,1,1,1,0,0,0
2984,2025-11-18 14:48:00,4248.0,0,4,10,4,2,0,0,0
2984,2025-11-18 14:48:00,4251.5,0,1,1,1,1,0,0,0
2985,2025-11-18 15:02:00,4236.8,0,0,1,0,1,0,0,0
2986,2025-11-18 15:03:00,4227.9,1,0,1,-1,1,0,0,0
2986,2025-11-18 15:03:00,4228.1,1,0,1,-1,1,0,0,0
2986,2025-11-18 15:03:00,4228.2,3,0,3,-3,1,0,0,0
2986,2025-11-18 15:03:00,4228.3,4,0,4,-4,1,0,0,0
2986,2025-11-18 15:03:00,4228.6,1,0,1,-1,1,0,0,0
2986,2025-11-18 15:03:00,4228.8,6,0,6,-6,1,0,0,0
2986,2025-11-18 15:03:00,4228.9,2,0,2,-2,1,0,0,0
2986,2025-11-18 15:03:00,4229.5,2,0,2,-2,1,0,0,0
2986,2025-11-18 15:03:00,4229.6,1,0,1,-1,1,0,0,0
2986,2025-11-18 15:03:00,4229.7,2,0,2,-2,1,0,0,0
2986,2025-11-18 15:03:00,4229.8,5,0,5,-5,2,0,0,0
2986,2025-11-18 15:03:00,4229.9,5,0,5,-5,2,0,0,0
2986,2025-11-18 15:03:00,4230.0,0,8,13,8,8,0,0,0
2986,2025-11-18 15:03:00,4230.2,2,0,2,-2,2,0,0,0
2986,2025-11-18 15:03:00,4230.3,3,0,3,-3,1,0,0,0
2986,2025-11-18 15:03:00,4230.4,2,0,2,-2,1,0,0,0
2986,2025-11-18 15:03:00,4230.6,3,0,3,-3,1,0,0,0
2986,2025-11-18 15:03:00,4230.7,3,0,3,-3,1,0,0,0
2986,2025-11-18 15:03:00,4230.8,3,0,4,-3,2,0,0,0
2986,2025-11-18 15:03:00,4230.9,1,0,1,-1,1,0,0,0
2986,2025-11-18 15:03:00,4231.0,1,0,1,-1,1,0,0,0
2986,2025-11-18 15:03:00,4231.4,1,0,1,-1,1,0,0,0
2986,2025-11-18 15:03:00,4231.5,1,0,1,-1,1,0,0,0
2986,2025-11-18 15:03:00,4231.7,5,0,5,-5,1,0,0,0
2986,2025-11-18 15:03:00,4232.0,1,0,1,-1,1,0,0,0
2986,2025-11-18 15:03:00,4232.3,5,0,5,-5,1,0,0,0
2986,2025-11-18 15:03:00,4232.4,2,0,2,-2,1,0,0,0
2986,2025-11-18 15:03:00,4232.7,1,0,1,-1,1,0,0,0
2986,2025-11-18 15:03:00,4232.8,1,0,1,-1,1,0,0,0
2986,2025-11-18 15:03:00,4232.9,1,0,1,-1,1,0,0,0
2986,2025-11-18 15:03:00,4233.2,1,0,1,-1,1,0,0,0
2986,2025-11-18 15:03:00,4233.3,1,0,1,-1,1,0,0,0
2986,2025-11-18 15:03:00,4233.4,3,0,3,-3,1,0,0,0
2986,2025-11-18 15:03:00,4233.7,1,0,1,-1,1,0,0,0
2986,2025-11-18 15:03:00,4233.9,1,0,1,-1,1,0,0,0
2986,2025-11-18 15:03:00,4234.0,2,0,2,-2,1,0,0,0
2986,2025-11-18 15:03:00,4234.1,1,0,1,-1,1,0,0,0
2986,2025-11-18 15:03:00,4234.2,1,0,1,-1,1,0,0,0
2986,2025-11-18 15:03:00,4234.5,1,0,1,-1,1,0,0,0
2986,2025-11-18 15:03:00,4235.0,1,0,1,-1,1,0,0,0
2987,2025-11-18 15:05:00,4232.0,0,0,1,0,1,0,0,0
2988,2025-11-18 15:09:00,4231.6,0,0,2,0,1,0,0,0
2989,2025-11-18 15:15:00,4235.0,0,0,1,0,1,0,0,0
2990,2025-11-18 15:27:00,4239.9,0,0,1,0,1,0,0,0
2991,2025-11-18 15:36:00,4238.0,0,0,1,0,1,0,0,0
2992,2025-11-18 15:40:00,4237.0,0,2,2,2,1,0,0,0
2993,2025-11-18 15:50:00,4230.0,0,0,1,0,1,0,0,0
2994,2025-11-18 16:02:00,4223.1,1,0,1,-1,1,0,0,0
2995,2025-11-18 16:11:00,4226.2,0,0,2,0,1,0,0,0
2996,2025-11-18 16:29:00,4240.0,0,0,1,0,1,0,0,0
2997,2025-11-18 16:56:00,4245.5,0,1,1,1,1,0,0,0
2998,2025-11-18 16:57:00,4245.9,0,1,1,1,1,0,0,0
2999,2025-11-18 17:24:00,4238.4,1,0,1,-1,1,0,0,0
3000,2025-11-18 17:28:00,4238.1,0,0,1,0,1,0,0,0
3001,2025-11-18 17:45:00,4249.3,1,0,1,-1,1,0,0,0
3002,2025-11-18 19:02:00,4250.0,0,0,1,0,1,0,0,0
3003,2025-11-18 19:58:00,4258.9,1,0,1,-1,1,0,0,0
3004,2025-11-18 20:00:00,4260.0,0,0,1,0,1,0,0,0
3005,2025-11-18 20:36:00,4249.0,0,0,1,0,1,0,0,0
3006,2025-11-18 21:04:00,4248.6,0,1,1,1,1,0,0,0
3007,2025-11-19 02:21:00,4239.6,0,2,2,2,1,0,0,0
3008,2025-11-19 02:34:00,4248.2,0,1,1,1,1,0,0,0
3009,2025-11-19 02:36:00,4251.4,0,1,1,1,1,0,0,0
3010,2025-11-19 02:41:00,4253.1,0,1,1,1,1,0,0,0
3011,2025-11-19 02:57:00,4252.2,1,0,1,-1,1,0,0,0
3012,2025-11-19 03:04:00,4253.4,0,1,1,1,1,0,0,0
3013,2025-11-19 03:26:00,4246.9,2,0,2,-2,1,0,0,0
3013,2025-11-19 03:26:00,4247.4,1,0,1,-1,1,0,0,0
3014,2025-11-19 03:27:00,4246.1,1,0,1,-1,1,0,0,0
3015,2025-11-19 03:56:00,4246.9,1,0,1,-1,1,0,0,0
3016,2025-11-19 03:57:00,4246.1,1,0,1,-1,1,0,0,0
3017,2025-11-19 03:58:00,4243.0,1,0,1,-1,1,0,0,0
3018,2025-11-19 05:57:00,4272.0,0,0,1,0,1,0,0,0
3019,2025-11-19 06:24:00,4268.0,0,1,2,1,2,0,0,0
3020,2025-11-19 06:25:00,4268.0,0,0,2,0,1,0,0,0
3021,2025-11-19 07:51:00,4273.5,0,1,1,1,1,0,0,0
3022,2025-11-19 08:00:00,4261.8,1,0,1,-1,1,0,0,0
3023,2025-11-19 08:54:00,4261.7,0,1,1,1,1,0,0,0
3024,2025-11-19 09:44:00,4276.1,0,3,3,3,1,0,0,0
3024,2025-11-19 09:44:00,4276.3,0,1,1,1,1,0,0,0
3024,2025-11-19 09:44:00,4276.4,0,1,1,1,1,0,0,0
3025,2025-11-19 09:45:00,4277.0,0,0,2,0,2,0,0,0
3025,2025-11-19 09:45:00,4277.3,0,1,1,1,1,0,0,0
3026,2025-11-19 09:51:00,4282.3,0,1,1,1,1,0,0,0
3027,2025-11-19 10:40:00,4291.0,0,0,1,0,1,0,0,0
3028,2025-11-19 10:56:00,4289.0,0,1,1,1,1,0,0,0
3029,2025-11-19 13:15:00,4280.7,1,0,1,-1,1,0,0,0
3030,2025-11-19 14:08:00,4292.5,1,0,7,-1,6,0,0,0
3031,2025-11-19 14:09:00,4292.5,1,0,13,-1,7,0,0,0
3032,2025-11-19 14:13:00,4296.8,0,1,1,1,1,0,0,0
3033,2025-11-19 14:20:00,4293.2,0,1,1,1,1,0,0,0
3034,2025-11-19 14:43:00,4295.8,0,1,1,1,1,0,0,0
3035,2025-11-19 14:54:00,4297.6,0,1,1,1,1,0,0,0
3036,2025-11-19 14:55:00,4298.8,0,1,1,1,1,0,0,0
3037,2025-11-19 14:56:00,4302.1,0,0,1,0,1,0,0,0
3038,2025-11-19 14:57:00,4303.2,3,0,3,-3,1,0,0,0
3038,2025-11-19 14:57:00,4303.5,1,0,1,-1,1,0,0,0
3038,2025-11-19 14:57:00,4303.9,2,0,2,-2,2,0,0,0
3039,2025-11-19 15:00:00,4308.1,0,1,1,1,1,0,0,0
3040,2025-11-19 15:08:00,4304.0,0,0,6,0,3,0,0,0
3041,2025-11-19 15:16:00,4312.5,0,2,2,2,1,0,0,0
3042,2025-11-19 15:17:00,4309.0,0,0,1,0,1,0,0,0
3043,2025-11-19 15:18:00,4307.1,0,0,1,0,1,0,0,0
3043,2025-11-19 15:18:00,4307.2,0,0,1,0,1,0,0,0
3043,2025-11-19 15:18:00,4307.3,0,0,2,0,2,0,0,0
3044,2025-11-19 15:47:00,4287.8,1,0,1,-1,1,0,0,0
3045,2025-11-19 15:52:00,4282.7,1,0,1,-1,1,0,0,0
3046,2025-11-19 16:17:00,4266.4,1,0,1,-1,1,0,0,0
3047,2025-11-19 16:25:00,4265.0,0,0,1,0,1,0,0,0
3048,2025-11-19 16:27:00,4250.2,1,0,1,-1,1,0,0,0
3049,2025-11-19 16:37:00,4250.0,0,0,1,0,1,0,0,0
3050,2025-11-19 16:38:00,4247.0,1,0,1,-1,1,0,0,0
3050,2025-11-19 16:38:00,4247.7,2,0,2,-2,1,0,0,0
3050,2025-11-19 16:38:00,4247.8,1,0,1,-1,1,0,0,0
3050,2025-11-19 16:38:00,4248.1,0,0,3,0,1,0,0,0
3051,2025-11-19 17:03:00,4241.4,1,0,1,-1,1,0,0,0
3051,2025-11-19 17:03:00,4247.6,0,0,1,0,1,0,0,0
3052,2025-11-19 17:04:00,4239.2,0,1,1,1,1,0,0,0
3053,2025-11-19 17:11:00,4245.7,0,1,1,1,1,0,0,0
3053,2025-11-19 17:11:00,4245.9,0,3,3,3,1,0,0,0
3053,2025-11-19 17:11:00,4246.2,0,1,1,1,1,0,0,0
3053,2025-11-19 17:11:00,4246.3,0,3,3,3,1,0,0,0
3053,2025-11-19 17:11:00,4246.4,0,2,2,2,1,0,0,0
3053,2025-11-19 17:11:00,4246.5,0,3,3,3,1,0,0,0
3053,2025-11-19 17:11:00,4246.6,0,1,1,1,1,0,0,0
3053,2025-11-19 17:11:00,4246.7,0,5,5,5,1,0,0,0
3053,2025-11-19 17:11:00,4246.8,0,1,1,1,1,0,0,0
3053,2025-11-19 17:11:00,4246.9,0,5,5,5,1,0,0,0
3054,2025-11-19 17:33:00,4250.0,0,0,1,0,1,0,0,0
3055,2025-11-19 17:51:00,4259.8,0,1,1,1,1,0,0,0
3055,2025-11-19 17:51:00,4259.9,0,1,1,1,1,0,0,0
3056,2025-11-19 17:52:00,4258.5,0,2,2,2,1,0,0,0
3056,2025-11-19 17:52:00,4258.6,1,2,3,1,2,0,0,0
3057,2025-11-19 17:55:00,4254.3,4,0,4,-4,1,0,0,0
3057,2025-11-19 17:55:00,4254.4,1,0,1,-1,1,0,0,0
3057,2025-11-19 17:55:00,4254.5,1,0,1,-1,1,0,0,0
3057,2025-11-19 17:55:00,4254.6,2,0,2,-2,1,0,0,0
3057,2025-11-19 17:55:00,4254.8,4,0,4,-4,1,0,0,0
3057,2025-11-19 17:55:00,4255.1,2,0,2,-2,1,0,0,0
3057,2025-11-19 17:55:00,4255.2,4,0,4,-4,1,0,0,0
3057,2025-11-19 17:55:00,4255.3,1,0,1,-1,1,0,0,0
3057,2025-11-19 17:55:00,4255.6,1,0,1,-1,1,0,0,0
3057,2025-11-19 17:55:00,4255.8,1,0,1,-1,1,0,0,0
3057,2025-11-19 17:55:00,4256.0,3,0,3,-3,1,0,0,0
3057,2025-11-19 17:55:00,4256.1,1,0,1,-1,1,0,0,0
3058,2025-11-19 18:01:00,4259.0,0,1,3,1,3,0,0,0
3059,2025-11-19 18:09:00,4259.2,1,0,1,-1,1,0,0,0
3059,2025-11-19 18:09:00,4259.3,1,0,1,-1,1,0,0,0
3060,2025-11-19 18:12:00,4264.0,0,0,1,0,1,0,0,0
3061,2025-11-19 18:18:00,4264.0,0,0,1,0,1,0,0,0
3062,2025-11-19 18:51:00,4266.0,0,1,1,1,1,0,0,0
3063,2025-11-19 18:52:00,4266.1,0,0,1,0,1,0,0,0
3063,2025-11-19 18:52:00,4266.6,0,0,1,0,1,0,0,0
3064,2025-11-19 18:53:00,4267.3,0,0,1,0,1,0,0,0
3065,2025-11-19 19:13:00,4252.1,1,0,1,-1,1,0,0,0
3066,2025-11-19 20:28:00,4258.7,0,1,1,1,1,0,0,0
3067,2025-11-19 23:22:00,4269.0,0,1,3,1,3,0,0,0
3068,2025-11-19 23:47:00,4278.0,0,2,2,2,1,0,0,0
3069,2025-11-20 00:48:00,4280.5,0,0,1,0,1,0,0,0
3070,2025-11-20 00:52:00,4277.8,1,0,1,-1,1,0,0,0
3071,2025-11-20 01:34:00,4270.5,0,2,2,2,1,0,0,0
3072,2025-11-20 02:02:00,4251.7,1,0,1,-1,1,0,0,0
3073,2025-11-20 02:04:00,4251.0,0,0,1,0,1,0,0,0
3074,2025-11-20 02:06:00,4245.0,0,0,1,0,1,0,0,0
3075,2025-11-20 02:10:00,4240.0,0,0,1,0,1,0,0,0
3076,2025-11-20 02:18:00,4222.5,0,1,1,1,1,0,0,0
3077,2025-11-20 02:20:00,4225.0,0,0,1,0,1,0,0,0
3078,2025-11-20 02:26:00,4230.1,1,0,1,-1,1,0,0,0
3078,2025-11-20 02:26:00,4230.4,0,0,1,0,1,0,0,0
3079,2025-11-20 02:31:00,4235.0,0,0,1,0,1,0,0,0
3080,2025-11-20 02:55:00,4245.0,0,0,1,0,1,0,0,0
3081,2025-11-20 04:15:00,4255.2,0,1,1,1,1,0,0,0
3082,2025-11-20 04:16:00,4255.8,0,1,1,1,1,0,0,0
3083,2025-11-20 05:45:00,4245.2,1,0,1,-1,1,0,0,0
3084,2025-11-20 05:57:00,4248.0,0,0,1,0,1,0,0,0
3085,2025-11-20 06:26:00,4239.2,1,0,1,-1,1,0,0,0
3086,2025-11-20 06:37:00,4242.4,1,0,1,-1,1,0,0,0
3087,2025-11-20 06:39:00,4245.2,0,1,1,1,1,0,0,0
3088,2025-11-20 06:41:00,4246.8,1,0,1,-1,1,0,0,0
3089,2025-11-20 06:43:00,4246.0,0,0,1,0,1,0,0,0
3090,2025-11-20 06:55:00,4241.8,1,0,1,-1,1,0,0,0
3091,2025-11-20 07:22:00,4239.7,0,0,1,0,1,0,0,0
3092,2025-11-20 07:28:00,4241.4,1,0,1,-1,1,0,0,0
3093,2025-11-20 07:44:00,4236.5,0,1,1,1,1,0,0,0
3093,2025-11-20 07:44:00,4236.7,0,1,1,1,1,0,0,0
3094,2025-11-20 08:10:00,4226.2,0,0,1,0,1,0,0,0
3095,2025-11-20 08:12:00,4220.0,1,0,1,-1,1,0,0,0
3096,2025-11-20 08:22:00,4219.3,1,0,1,-1,1,0,0,0
3097,2025-11-20 08:34:00,4230.0,0,0,1,0,1,0,0,0
3098,2025-11-20 08:48:00,4235.1,1,0,1,-1,1,0,0,0
3099,2025-11-20 08:56:00,4239.5,0,1,1,1,1,0,0,0
3100,2025-11-20 08:57:00,4240.0,0,0,1,0,1,0,0,0
3101,2025-11-20 11:15:00,4230.9,1,0,1,-1,1,0,0,0
3102,2025-11-20 11:18:00,4229.0,0,0,1,0,1,0,0,0
3103,2025-11-20 11:41:00,4240.0,0,0,1,0,1,0,0,0
3104,2025-11-20 12:11:00,4250.0,0,1,1,1,1,0,0,0
3105,2025-11-20 12:20:00,4256.2,0,1,1,1,1,0,0,0
3106,2025-11-20 12:44:00,4252.8,0,1,1,1,1,0,0,0
3107,2025-11-20 13:00:00,4260.0,0,0,1,0,1,0,0,0
3108,2025-11-20 13:30:00,4258.4,0,1,1,1,1,0,0,0
3109,2025-11-20 14:05:00,4250.0,0,0,1,0,1,0,0,0
3110,2025-11-20 14:12:00,4256.9,0,0,1,0,1,0,0,0
3111,2025-11-20 14:16:00,4260.0,0,0,1,0,1,0,0,0
3112,2025-11-20 14:19:00,4264.1,0,1,1,1,1,0,0,0
3112,2025-11-20 14:19:00,4264.4,0,1,1,1,1,0,0,0
3112,2025-11-20 14:19:00,4264.6,0,3,3,3,1,0,0,0
3113,2025-11-20 14:37:00,4262.0,0,0,1,0,1,0,0,0
3114,2025-11-20 14:40:00,4259.9,0,1,1,1,1,0,0,0
3115,2025-11-20 14:43:00,4266.2,0,1,1,1,1,0,0,0
3115,2025-11-20 14:43:00,4268.2,0,1,1,1,1,0,0,0
3116,2025-11-20 14:49:00,4281.2,0,1,1,1,1,0,0,0
3117,2025-11-20 14:50:00,4284.1,0,1,1,1,1,0,0,0
3118,2025-11-20 15:34:00,4255.0,0,0,1,0,1,0,0,0
3119,2025-11-20 15:40:00,4260.3,1,0,1,-1,1,0,0,0
3120,2025-11-20 15:43:00,4262.0,0,0,1,0,1,0,0,0
3121,2025-11-20 15:54:00,4262.3,0,0,1,0,1,0,0,0
3122,2025-11-20 15:56:00,4256.9,3,0,3,-3,1,0,0,0
3122,2025-11-20 15:56:00,4257.1,1,0,1,-1,1,0,0,0
3123,2025-11-20 15:58:00,4253.0,0,0,1,0,1,0,0,0
3124,2025-11-20 16:02:00,4252.5,1,0,1,-1,1,0,0,0
3125,2025-11-20 16:26:00,4240.0,1,0,1,-1,1,0,0,0
3126,2025-11-20 16:31:00,4236.9,1,0,1,-1,1,0,0,0
3127,2025-11-20 16:52:00,4240.8,0,1,2,1,2,0,0,0
3128,2025-11-20 16:54:00,4233.9,1,0,1,-1,1,0,0,0
3129,2025-11-20 16:55:00,4230.0,0,0,1,0,1,0,0,0
3130,2025-11-20 16:57:00,4228.1,1,0,1,-1,1,0,0,0
3131,2025-11-20 17:01:00,4224.2,1,0,1,-1,1,0,0,0
3132,2025-11-20 17:07:00,4219.3,1,0,1,-1,1,0,0,0
3133,2025-11-20 17:21:00,4228.0,0,0,2,0,1,0,0,0
3134,2025-11-20 17:55:00,4240.0,0,0,2,0,2,0,0,0
3135,2025-11-20 18:13:00,4246.0,0,0,1,0,1,0,0,0
3136,2025-11-20 18:29:00,4233.8,0,0,2,0,2,0,0,0
3136,2025-11-20 18:29:00,4236.1,1,0,1,-1,1,0,0,0
3136,2025-11-20 18:29:00,4237.3,0,0,1,0,1,0,0,0
3137,2025-11-20 18:50:00,4233.9,0,0,1,0,1,0,0,0
3138,2025-11-20 19:27:00,4258.6,0,1,1,1,1,0,0,0
3139,2025-11-20 19:34:00,4257.7,0,1,1,1,1,0,0,0
3140,2025-11-20 19:35:00,4258.9,0,1,1,1,1,0,0,0
3141,2025-11-20 20:24:00,4251.5,0,0,1,0,1,0,0,0
3142,2025-11-20 20:51:00,4252.3,0,0,1,0,1,0,0,0
3143,2025-11-20 23:00:00,4251.6,0,2,2,2,1,0,0,0
3144,2025-11-21 02:03:00,4248.0,0,1,1,1,1,0,0,0
3145,2025-11-21 02:08:00,4249.8,0,1,1,1,1,0,0,0
3146,2025-11-21 02:11:00,4248.8,0,1,1,1,1,0,0,0
3147,2025-11-21 02:13:00,4250.8,0,1,1,1,1,0,0,0
3148,2025-11-21 02:15:00,4249.5,0,1,1,1,1,0,0,0
3149,2025-11-21 03:10:00,4227.3,1,0,1,-1,1,0,0,0
3150,2025-11-21 03:37:00,4227.5,0,1,1,1,1,0,0,0
3151,2025-11-21 04:21:00,4230.9,0,1,1,1,1,0,0,0
3151,2025-11-21 04:21:00,4231.0,0,1,1,1,1,0,0,0
3152,2025-11-21 04:22:00,4228.6,1,0,1,-1,1,0,0,0
3153,2025-11-21 04:32:00,4226.4,1,0,1,-1,1,0,0,0
3154,2025-11-21 04:34:00,4224.8,1,0,1,-1,1,0,0,0
3155,2025-11-21 04:41:00,4222.2,0,0,1,0,1,0,0,0
3156,2025-11-21 06:23:00,4215.6,1,0,1,-1,1,0,0,0
3156,2025-11-21 06:23:00,4216.1,1,0,1,-1,1,0,0,0
3157,2025-11-21 06:24:00,4217.3,2,0,2,-2,1,0,0,0
3158,2025-11-21 06:26:00,4215.0,0,0,1,0,1,0,0,0
3159,2025-11-21 06:28:00,4206.0,0,0,1,0,1,0,0,0
3159,2025-11-21 06:28:00,4210.0,0,0,1,0,1,0,0,0
3160,2025-11-21 06:41:00,4210.0,0,0,1,0,1,0,0,0
3161,2025-11-21 06:52:00,4208.7,0,1,1,1,1,0,0,0
3162,2025-11-21 07:01:00,4200.0,1,0,1,-1,1,0,0,0
3163,2025-11-21 07:17:00,4209.8,0,1,1,1,1,0,0,0
3164,2025-11-21 07:37:00,4208.6,1,0,1,-1,1,0,0,0
3165,2025-11-21 07:56:00,4203.0,1,0,1,-1,1,0,0,0
3166,2025-11-21 08:01:00,4198.5,1,0,1,-1,1,0,0,0
3167,2025-11-21 08:03:00,4198.0,0,0,1,0,1,0,0,0
3168,2025-11-21 08:07:00,4210.0,0,0,1,0,1,0,0,0
3169,2025-11-21 08:16:00,4212.7,0,1,1,1,1,0,0,0
3169,2025-11-21 08:16:00,4213.4,0,1,1,1,1,0,0,0
3170,2025-11-21 08:46:00,4218.0,0,0,1,0,1,0,0,0
3170,2025-11-21 08:46:00,4218.5,0,1,1,1,1,0,0,0
3171,2025-11-21 09:08:00,4221.8,0,1,1,1,1,0,0,0
3172,2025-11-21 09:47:00,4223.7,1,0,1,-1,1,0,0,0
3172,2025-11-21 09:47:00,4223.8,1,0,1,-1,1,0,0,0
3173,2025-11-21 09:57:00,4223.0,0,0,1,0,1,0,0,0
3174,2025-11-21 10:22:00,4207.9,0,0,1,0,1,0,0,0
3175,2025-11-21 10:26:00,4207.0,0,0,1,0,1,0,0,0
3176,2025-11-21 10:42:00,4203.8,1,0,1,-1,1,0,0,0
3176,2025-11-21 10:42:00,4203.9,1,0,1,-1,1,0,0,0
3177,2025-11-21 10:44:00,4203.9,1,0,1,-1,1,0,0,0
3178,2025-11-21 10:45:00,4202.8,1,0,1,-1,1,0,0,0
3179,2025-11-21 10:51:00,4205.5,0,0,1,0,1,0,0,0
3180,2025-11-21 10:55:00,4206.0,0,0,1,0,1,0,0,0
3181,2025-11-21 11:17:00,4205.8,1,0,1,-1,1,0,0,0
3181,2025-11-21 11:17:00,4206.5,0,0,1,0,1,0,0,0
3181,2025-11-21 11:17:00,4206.6,0,0,1,0,1,0,0,0
3181,2025-11-21 11:17:00,4206.8,0,0,3,0,3,0,0,0
3182,2025-11-21 11:18:00,4206.1,0,0,1,0,1,0,0,0
3183,2025-11-21 11:53:00,4201.3,1,0,1,-1,1,0,0,0
3184,2025-11-21 12:20:00,4216.2,0,1,1,1,1,0,0,0
3185,2025-11-21 12:45:00,4239.5,0,1,1,1,1,0,0,0
3186,2025-11-21 13:21:00,4239.4,0,1,1,1,1,0,0,0
3186,2025-11-21 13:21:00,4240.0,0,1,1,1,1,0,0,0
3187,2025-11-21 13:22:00,4240.9,0,1,1,1,1,0,0,0
3188,2025-11-21 13:38:00,4237.6,1,0,1,-1,1,0,0,0
3189,2025-11-21 13:44:00,4239.8,1,0,1,-1,1,0,0,0
3190,2025-11-21 13:46:00,4247.3,0,2,2,2,2,0,0,0
3190,2025-11-21 13:46:00,4247.4,0,1,1,1,1,0,0,0
3191,2025-11-21 13:47:00,4247.3,1,0,1,-1,1,0,0,0
3192,2025-11-21 13:57:00,4250.2,0,1,1,1,1,0,0,0
3193,2025-11-21 13:58:00,4248.8,1,0,1,-1,1,0,0,0
3194,2025-11-21 16:20:00,4241.0,0,1,1,1,1,0,0,0
3195,2025-11-21 16:38:00,4246.8,0,1,1,1,1,0,0,0
3196,2025-11-21 16:45:00,4247.5,1,0,1,-1,1,0,0,0
3197,2025-11-21 16:48:00,4250.5,0,1,1,1,1,0,0,0
3197,2025-11-21 16:48:00,4251.5,0,1,1,1,1,0,0,0
3198,2025-11-21 16:58:00,4269.2,1,0,1,-1,1,0,0,0
3199,2025-11-21 17:02:00,4266.1,1,0,1,-1,1,0,0,0
3200,2025-11-21 17:03:00,4262.1,0,1,2,1,2,0,0,0
3201,2025-11-21 17:04:00,4263.9,0,1,1,1,1,0,0,0
3202,2025-11-21 17:06:00,4259.7,2,0,2,-2,1,0,0,0
3203,2025-11-21 17:10:00,4257.9,0,0,1,0,1,0,0,0
3203,2025-11-21 17:10:00,4259.1,0,1,1,1,1,0,0,0
3204,2025-11-21 17:13:00,4257.0,0,1,1,1,1,0,0,0
3205,2025-11-21 17:24:00,4256.0,0,0,2,0,2,0,0,0
3206,2025-11-21 17:25:00,4256.5,0,1,1,1,1,0,0,0
3206,2025-11-21 17:25:00,4256.7,0,1,1,1,1,0,0,0
3207,2025-11-21 17:28:00,4252.4,2,0,2,-2,1,0,0,0
3208,2025-11-21 17:33:00,4255.0,1,0,1,-1,1,0,0,0
3209,2025-11-21 17:51:00,4257.4,0,1,1,1,1,0,0,0
3210,2025-11-21 18:42:00,4248.4,0,1,1,1,1,0,0,0
3211,2025-11-21 18:43:00,4247.5,1,0,1,-1,1,0,0,0
3212,2025-11-21 18:47:00,4254.3,0,1,1,1,1,0,0,0
3213,2025-11-21 19:01:00,4255.4,0,1,1,1,1,0,0,0
3214,2025-11-21 19:12:00,4257.3,0,1,1,1,1,0,0,0
3215,2025-11-21 19:35:00,4259.5,1,0,1,-1,1,0,0,0
3215,2025-11-21 19:35:00,4260.4,0,1,1,1,1,0,0,0
3216,2025-11-21 19:48:00,4260.0,0,0,1,0,1,0,0,0
3217,2025-11-21 20:16:00,4250.9,0,0,1,0,1,0,0,0
3218,2025-11-21 20:23:00,4250.0,0,0,1,0,1,0,0,0
3219,2025-11-21 20:30:00,4233.1,0,1,1,1,1,0,0,0
3220,2025-11-21 21:43:00,4233.2,2,0,2,-2,1,0,0,0
3220,2025-11-21 21:43:00,4233.3,2,0,2,-2,1,0,0,0
3220,2025-11-21 21:43:00,4233.9,1,0,1,-1,1,0,0,0
3220,2025-11-21 21:43:00,4234.0,1,0,1,-1,1,0,0,0
3221,2025-11-21 21:49:00,4236.1,0,1,1,1,1,0,0,0
3222,2025-11-24 00:12:00,4228.0,0,0,1,0,1,0,0,0
3223,2025-11-24 00:53:00,4232.4,1,0,1,-1,1,0,0,0
3224,2025-11-24 01:08:00,4225.0,0,0,1,0,1,0,0,0
3225,2025-11-24 02:00:00,4213.1,1,0,1,-1,1,0,0,0
3225,2025-11-24 02:00:00,4213.2,1,0,1,-1,1,0,0,0
3226,2025-11-24 02:01:00,4213.2,1,0,1,-1,1,0,0,0
3227,2025-11-24 02:53:00,4209.3,1,0,1,-1,1,0,0,0
3227,2025-11-24 02:53:00,4210.0,0,0,2,0,2,0,0,0
3228,2025-11-24 02:59:00,4211.9,0,1,1,1,1,0,0,0
3229,2025-11-24 03:32:00,4220.0,0,1,1,1,1,0,0,0
3230,2025-11-24 04:33:00,4214.0,1,0,1,-1,1,0,0,0
3231,2025-11-24 09:07:00,4240.0,0,0,1,0,1,0,0,0
3232,2025-11-24 09:11:00,4237.9,1,0,1,-1,1,0,0,0
3233,2025-11-24 09:44:00,4238.8,1,0,1,-1,1,0,0,0
3233,2025-11-24 09:44:00,4239.0,5,0,5,-5,1,0,0,0
3234,2025-11-24 10:11:00,4239.8,0,1,2,1,2,0,0,0
3235,2025-11-24 10:17:00,4245.8,0,1,1,1,1,0,0,0
3236,2025-11-24 10:54:00,4231.8,1,0,1,-1,1,0,0,0
3237,2025-11-24 12:07:00,4237.7,1,0,1,-1,1,0,0,0
3238,2025-11-24 12:08:00,4237.7,1,0,1,-1,1,0,0,0
3239,2025-11-24 12:10:00,4237.1,1,0,1,-1,1,0,0,0
3240,2025-11-24 13:24:00,4249.3,1,0,1,-1,1,0,0,0
3241,2025-11-24 13:26:00,4248.5,1,0,1,-1,1,0,0,0
3242,2025-11-24 13:43:00,4246.9,0,1,1,1,1,0,0,0
3243,2025-11-24 13:46:00,4248.0,1,0,1,-1,1,0,0,0
3244,2025-11-24 13:47:00,4249.7,0,1,1,1,1,0,0,0
3245,2025-11-24 13:52:00,4244.8,0,0,1,0,1,0,0,0
3246,2025-11-24 13:57:00,4246.4,0,1,1,1,1,0,0,0
3247,2025-11-24 14:03:00,4250.0,1,0,1,-1,1,0,0,0
3248,2025-11-24 14:06:00,4247.6,0,1,1,1,1,0,0,0
3249,2025-11-24 14:35:00,4244.5,0,0,1,0,1,0,0,0
3250,2025-11-24 14:51:00,4250.1,0,1,1,1,1,0,0,0
3251,2025-11-24 14:56:00,4255.3,0,1,1,1,1,0,0,0
3252,2025-11-24 15:05:00,4256.6,0,1,1,1,1,0,0,0
3252,2025-11-24 15:05:00,4258.8,0,1,1,1,1,0,0,0
3252,2025-11-24 15:05:00,4259.3,0,0,1,0,1,0,0,0
3253,2025-11-24 15:08:00,4259.9,0,0,1,0,1,0,0,0
3253,2025-11-24 15:08:00,4260.0,0,1,2,1,2,0,0,0
3254,2025-11-24 15:17:00,4263.0,0,1,1,1,1,0,0,0
3255,2025-11-24 15:21:00,4260.9,0,3,3,3,1,0,0,0
3255,2025-11-24 15:21:00,4261.0,0,1,1,1,1,0,0,0
3255,2025-11-24 15:21:00,4261.2,0,1,1,1,1,0,0,0
3255,2025-11-24 15:21:00,4261.3,0,1,1,1,1,0,0,0
3255,2025-11-24 15:21:00,4261.5,0,3,3,3,1,0,0,0
3255,2025-11-24 15:21:00,4261.6,0,4,4,4,1,0,0,0
3255,2025-11-24 15:21:00,4261.8,0,1,1,1,1,0,0,0
3255,2025-11-24 15:21:00,4261.9,0,1,1,1,1,0,0,0
3256,2025-11-24 15:22:00,4262.7,0,1,1,1,1,0,0,0
3257,2025-11-24 15:23:00,4262.0,0,1,1,1,1,0,0,0
3258,2025-11-24 15:27:00,4262.2,0,1,1,1,1,0,0,0
3259,2025-11-24 15:46:00,4262.5,1,0,1,-1,1,0,0,0
3259,2025-11-24 15:46:00,4263.3,0,0,1,0,1,0,0,0
3260,2025-11-24 15:54:00,4260.4,1,0,1,-1,1,0,0,0
3261,2025-11-24 16:00:00,4261.1,1,0,1,-1,1,0,0,0
3261,2025-11-24 16:00:00,4261.2,1,0,1,-1,1,0,0,0
3262,2025-11-24 16:03:00,4263.9,0,1,1,1,1,0,0,0
3262,2025-11-24 16:03:00,4264.1,0,1,1,1,1,0,0,0
3263,2025-11-24 16:07:00,4261.3,1,0,1,-1,1,0,0,0
3264,2025-11-24 16:14:00,4264.8,1,0,1,-1,1,0,0,0
3265,2025-11-24 16:18:00,4263.1,0,1,1,1,1,0,0,0
3266,2025-11-24 16:33:00,4267.3,0,3,3,3,1,0,0,0
3266,2025-11-24 16:33:00,4267.4,0,1,1,1,1,0,0,0
3267,2025-11-24 16:34:00,4266.2,1,0,1,-1,1,0,0,0
3268,2025-11-24 16:36:00,4268.9,1,0,1,-1,1,0,0,0
3269,2025-11-24 16:52:00,4267.2,1,0,1,-1,1,0,0,0
3270,2025-11-24 16:55:00,4266.8,1,0,1,-1,1,0,0,0
3271,2025-11-24 17:01:00,4270.3,0,1,1,1,1,0,0,0
3272,2025-11-24 17:05:00,4267.6,0,2,2,2,1,0,0,0
3272,2025-11-24 17:05:00,4267.7,0,3,3,3,1,0,0,0
3273,2025-11-24 17:12:00,4263.1,0,0,1,0,1,0,0,0
3274,2025-11-24 18:13:00,4260.6,1,0,1,-1,1,0,0,0
3275,2025-11-24 18:29:00,4266.1,0,1,1,1,1,0,0,0
3276,2025-11-24 18:38:00,4278.0,0,1,1,1,1,0,0,0
3277,2025-11-24 18:41:00,4284.0,0,0,1,0,1,0,0,0
3278,2025-11-24 19:06:00,4288.7,1,0,1,-1,1,0,0,0
3279,2025-11-24 19:38:00,4286.0,0,1,1,1,1,0,0,0
3280,2025-11-24 19:41:00,4287.4,0,2,2,2,1,0,0,0
3280,2025-11-24 19:41:00,4287.5,0,3,3,3,1,0,0,0
3280,2025-11-24 19:41:00,4287.6,0,1,1,1,1,0,0,0
3280,2025-11-24 19:41:00,4287.7,0,2,2,2,1,0,0,0
3280,2025-11-24 19:41:00,4287.8,0,1,1,1,1,0,0,0
3280,2025-11-24 19:41:00,4287.9,0,2,2,2,1,0,0,0
3280,2025-11-24 19:41:00,4288.0,0,1,1,1,1,0,0,0
3280,2025-11-24 19:41:00,4288.2,0,3,3,3,1,0,0,0
3280,2025-11-24 19:41:00,4288.3,0,1,1,1,1,0,0,0
3280,2025-11-24 19:41:00,4288.5,23,1,33,-22,24,0,0,0
3281,2025-11-24 20:30:00,4298.0,0,0,1,0,1,0,0,0
3282,2025-11-24 20:31:00,4300.0,0,0,1,0,1,0,0,0
3283,2025-11-24 23:19:00,4300.1,1,0,1,-1,1,0,0,0
3283,2025-11-24 23:19:00,4300.2,1,0,1,-1,1,0,0,0
3284,2025-11-24 23:49:00,4311.6,0,0,1,0,1,0,0,0
3284,2025-11-24 23:49:00,4312.2,0,1,1,1,1,0,0,0
3285,2025-11-25 00:36:00,4302.6,1,0,1,-1,1,0,0,0
3286,2025-11-25 00:37:00,4305.1,0,0,1,0,1,0,0,0
3287,2025-11-25 00:59:00,4299.4,0,0,2,0,2,0,0,0
3288,2025-11-25 01:19:00,4295.0,1,0,1,-1,1,0,0,0
3289,2025-11-25 02:08:00,4309.5,0,1,1,1,1,0,0,0
3290,2025-11-25 02:17:00,4309.7,0,1,1,1,1,0,0,0
3291,2025-11-25 02:19:00,4314.3,0,1,1,1,1,0,0,0
3291,2025-11-25 02:19:00,4315.1,0,0,1,0,1,0,0,0
3292,2025-11-25 02:22:00,4313.8,0,1,1,1,1,0,0,0
3292,2025-11-25 02:22:00,4313.9,0,1,1,1,1,0,0,0
3293,2025-11-25 02:24:00,4316.4,0,1,1,1,1,0,0,0
3294,2025-11-25 03:18:00,4315.1,1,0,1,-1,1,0,0,0
3295,2025-11-25 03:23:00,4311.7,1,0,1,-1,1,0,0,0
3296,2025-11-25 04:05:00,4314.0,0,0,1,0,1,0,0,0
3297,2025-11-25 04:41:00,4314.8,1,0,1,-1,1,0,0,0
3298,2025-11-25 06:06:00,4321.5,0,2,2,2,1,0,0,0
3299,2025-11-25 06:07:00,4320.9,0,0,1,0,1,0,0,0
3300,2025-11-25 06:24:00,4314.9,1,0,1,-1,1,0,0,0
3301,2025-11-25 07:37:00,4305.0,0,0,1,0,1,0,0,0
3302,2025-11-25 07:42:00,4310.2,0,1,1,1,1,0,0,0
3303,2025-11-25 08:52:00,4287.2,1,0,1,-1,1,0,0,0
3303,2025-11-25 08:52:00,4288.0,0,0,1,0,1,0,0,0
3304,2025-11-25 09:40:00,4300.0,0,0,1,0,1,0,0,0
3305,2025-11-25 10:01:00,4301.5,0,1,1,1,1,0,0,0
3306,2025-11-25 10:12:00,4310.0,0,0,1,0,1,0,0,0
3307,2025-11-25 10:28:00,4304.0,0,0,1,0,1,0,0,0
3308,2025-11-25 11:36:00,4304.1,0,0,1,0,1,0,0,0
3309,2025-11-25 12:07:00,4309.2,1,0,1,-1,1,0,0,0
3309,2025-11-25 12:07:00,4309.3,1,0,1,-1,1,0,0,0
3310,2025-11-25 12:30:00,4305.1,1,0,1,-1,1,0,0,0
3311,2025-11-25 12:43:00,4301.6,1,0,1,-1,1,0,0,0
3312,2025-11-25 12:44:00,4290.0,0,0,1,0,1,0,0,0
3312,2025-11-25 12:44:00,4293.5,1,0,1,-1,1,0,0,0
3313,2025-11-25 12:46:00,4291.1,1,0,1,-1,1,0,0,0
3314,2025-11-25 13:02:00,4304.0,0,0,1,0,1,0,0,0
3315,2025-11-25 13:14:00,4311.9,0,1,1,1,1,0,0,0
3316,2025-11-25 13:15:00,4314.9,0,1,1,1,1,0,0,0
3316,2025-11-25 13:15:00,4315.0,0,0,1,0,1,0,0,0
3317,2025-11-25 13:20:00,4316.0,0,1,1,1,1,0,0,0
3318,2025-11-25 13:23:00,4314.7,0,1,1,1,1,0,0,0
3319,2025-11-25 13:28:00,4315.4,0,1,1,1,1,0,0,0
3320,2025-11-25 13:32:00,4316.0,0,0,1,0,1,0,0,0
3321,2025-11-25 13:38:00,4320.2,1,0,1,-1,1,0,0,0
3321,2025-11-25 13:38:00,4322.0,0,0,1,0,1,0,0,0
3322,2025-11-25 14:18:00,4313.0,0,0,1,0,1,0,0,0
3323,2025-11-25 14:27:00,4307.0,0,0,1,0,1,0,0,0
3324,2025-11-25 14:28:00,4308.3,0,0,1,0,1,0,0,0
3325,2025-11-25 14:30:00,4308.1,0,1,1,1,1,0,0,0
3325,2025-11-25 14:30:00,4309.7,0,1,1,1,1,0,0,0
3326,2025-11-25 14:31:00,4300.0,0,0,1,0,1,0,0,0
3326,2025-11-25 14:31:00,4301.8,0,1,1,1,1,0,0,0
3326,2025-11-25 14:31:00,4302.1,0,1,1,1,1,0,0,0
3326,2025-11-25 14:31:00,4305.0,0,0,1,0,1,0,0,0
3327,2025-11-25 14:32:00,4305.0,0,0,1,0,1,0,0,0
3328,2025-11-25 14:36:00,4299.4,0,1,1,1,1,0,0,0
3328,2025-11-25 14:36:00,4299.5,1,0,1,-1,1,0,0,0
3329,2025-11-25 14:37:00,4303.0,0,0,2,0,2,0,0,0
3330,2025-11-25 14:39:00,4290.0,0,0,1,0,1,0,0,0
3331,2025-11-25 14:42:00,4300.0,0,1,2,1,2,0,0,0
3332,2025-11-25 14:43:00,4290.0,1,0,1,-1,1,0,0,0
3333,2025-11-25 14:47:00,4285.4,0,0,2,0,2,0,0,0
3334,2025-11-25 14:52:00,4288.8,0,1,1,1,1,0,0,0
3334,2025-11-25 14:52:00,4288.9,0,1,1,1,1,0,0,0
3335,2025-11-25 15:11:00,4300.1,0,0,1,0,1,0,0,0
3336,2025-11-25 15:17:00,4304.7,0,0,1,0,1,0,0,0
3336,2025-11-25 15:17:00,4305.0,0,1,1,1,1,0,0,0
3337,2025-11-25 15:31:00,4302.0,0,0,1,0,1,0,0,0
3338,2025-11-25 15:46:00,4303.4,0,1,1,1,1,0,0,0
3338,2025-11-25 15:46:00,4303.5,0,1,1,1,1,0,0,0
3339,2025-11-25 16:11:00,4295.9,2,0,2,-2,1,0,0,0
3340,2025-11-25 16:24:00,4308.8,0,1,1,1,1,0,0,0
3341,2025-11-25 16:35:00,4310.0,0,2,2,2,1,0,0,0
3341,2025-11-25 16:35:00,4310.2,0,1,1,1,1,0,0,0
3341,2025-11-25 16:35:00,4310.3,0,1,1,1,1,0,0,0
3342,2025-11-25 16:37:00,4310.4,0,1,1,1,1,0,0,0
3342,2025-11-25 16:37:00,4310.8,0,1,1,1,1,0,0,0
3343,2025-11-25 16:40:00,4310.9,0,1,1,1,1,0,0,0
3343,2025-11-25 16:40:00,4311.0,0,1,1,1,1,0,0,0
3343,2025-11-25 16:40:00,4311.2,0,2,2,2,1,0,0,0
3344,2025-11-25 16:41:00,4311.1,0,2,2,2,1,0,0,0
3344,2025-11-25 16:41:00,4311.2,0,3,3,3,1,0,0,0
3344,2025-11-25 16:41:00,4311.4,0,3,3,3,1,0,0,0
3344,2025-11-25 16:41:00,4311.5,0,3,3,3,2,0,0,0
3345,2025-11-25 16:42:00,4311.9,0,4,4,4,1,0,0,0
3345,2025-11-25 16:42:00,4312.0,0,1,1,1,1,0,0,0
3345,2025-11-25 16:42:00,4312.1,0,1,1,1,1,0,0,0
3345,2025-11-25 16:42:00,4312.2,0,3,3,3,1,0,0,0
3345,2025-11-25 16:42:00,4312.3,0,3,3,3,1,0,0,0
3345,2025-11-25 16:42:00,4312.6,0,4,4,4,1,0,0,0
3346,2025-11-25 16:46:00,4309.2,1,0,1,-1,1,0,0,0
3347,2025-11-25 17:00:00,4315.0,0,0,1,0,1,0,0,0
3347,2025-11-25 17:00:00,4317.3,0,1,1,1,1,0,0,0
3348,2025-11-25 17:25:00,4326.0,0,1,1,1,1,0,0,0
3349,2025-11-25 17:33:00,4327.0,0,0,1,0,1,0,0,0
3349,2025-11-25 17:33:00,4328.1,0,1,1,1,1,0,0,0
3350,2025-11-25 17:37:00,4329.6,1,0,1,-1,1,0,0,0
3350,2025-11-25 17:37:00,4330.0,0,1,1,1,1,0,0,0
3351,2025-11-25 17:51:00,4320.0,0,0,1,0,1,0,0,0
3352,2025-11-25 17:53:00,4318.3,1,0,1,-1,1,0,0,0
3353,2025-11-25 18:29:00,4314.8,0,0,1,0,1,0,0,0
3353,2025-11-25 18:29:00,4315.9,0,1,1,1,1,0,0,0
3353,2025-11-25 18:29:00,4316.1,0,1,2,1,2,0,0,0
3354,2025-11-25 18:57:00,4310.0,0,0,1,0,1,0,0,0
3355,2025-11-25 19:51:00,4306.6,0,1,1,1,1,0,0,0
3356,2025-11-25 19:57:00,4307.6,0,1,1,1,1,0,0,0
3357,2025-11-25 20:46:00,4307.2,1,0,1,-1,1,0,0,0
3358,2025-11-26 00:28:00,4315.3,0,1,2,1,2,0,0,0
3359,2025-11-26 01:22:00,4320.0,0,0,1,0,1,0,0,0
3360,2025-11-26 02:38:00,4334.1,1,0,1,-1,1,0,0,0
3361,2025-11-26 02:40:00,4334.1,1,0,1,-1,1,0,0,0
3362,2025-11-26 03:02:00,4338.1,0,0,2,0,2,0,0,0
3363,2025-11-26 03:06:00,4337.8,1,0,1,-1,1,0,0,0
3364,2025-11-26 03:25:00,4338.1,1,0,1,-1,1,0,0,0
3365,2025-11-26 03:40:00,4340.2,0,0,1,0,1,0,0,0
3366,2025-11-26 04:17:00,4333.3,1,0,1,-1,1,0,0,0
3367,2025-11-26 06:09:00,4331.5,1,0,1,-1,1,0,0,0
3367,2025-11-26 06:09:00,4331.6,1,0,1,-1,1,0,0,0
3367,2025-11-26 06:09:00,4331.7,2,0,2,-2,1,0,0,0
3367,2025-11-26 06:09:00,4331.8,0,0,2,0,2,0,0,0
3368,2025-11-26 06:10:00,4332.6,0,0,1,0,1,0,0,0
3368,2025-11-26 06:10:00,4332.7,0,0,1,0,1,0,0,0
3369,2025-11-26 06:13:00,4332.3,1,0,1,-1,1,0,0,0
3369,2025-11-26 06:13:00,4332.8,0,0,1,0,1,0,0,0
3370,2025-11-26 06:14:00,4330.5,1,0,1,-1,1,0,0,0
3370,2025-11-26 06:14:00,4330.8,0,0,1,0,1,0,0,0
3371,2025-11-26 06:15:00,4328.5,1,0,1,-1,1,0,0,0
3371,2025-11-26 06:15:00,4328.6,1,0,1,-1,1,0,0,0
3371,2025-11-26 06:15:00,4328.8,1,0,1,-1,1,0,0,0
3371,2025-11-26 06:15:00,4328.9,1,0,1,-1,1,0,0,0
3372,2025-11-26 06:16:00,4328.2,0,0,1,0,1,0,0,0
3373,2025-11-26 06:17:00,4326.0,1,0,1,-1,1,0,0,0
3373,2025-11-26 06:17:00,4326.1,2,0,2,-2,1,0,0,0
3374,2025-11-26 06:18:00,4326.2,0,0,1,0,1,0,0,0
3375,2025-11-26 06:19:00,4328.4,0,0,1,0,1,0,0,0
3375,2025-11-26 06:19:00,4328.7,1,0,1,-1,1,0,0,0
3375,2025-11-26 06:19:00,4328.8,1,0,1,-1,1,0,0,0
3376,2025-11-26 06:21:00,4331.3,0,0,1,0,1,0,0,0
3377,2025-11-26 06:22:00,4331.4,0,0,1,0,1,0,0,0
3378,2025-11-26 06:26:00,4330.9,0,0,1,0,1,0,0,0
3379,2025-11-26 06:28:00,4331.1,0,0,1,0,1,0,0,0
3380,2025-11-26 06:29:00,4330.2,1,0,1,-1,1,0,0,0
3381,2025-11-26 06:32:00,4327.3,0,0,1,0,1,0,0,0
3382,2025-11-26 06:34:00,4324.8,1,0,1,-1,1,0,0,0
3382,2025-11-26 06:34:00,4325.5,0,0,1,0,1,0,0,0
3383,2025-11-26 06:37:00,4322.2,0,0,1,0,1,0,0,0
3384,2025-11-26 06:40:00,4321.4,0,0,1,0,1,0,0,0
3385,2025-11-26 06:44:00,4323.1,0,0,1,0,1,0,0,0
3386,2025-11-26 06:47:00,4322.7,0,0,1,0,1,0,0,0
3387,2025-11-26 06:50:00,4324.4,0,0,1,0,1,0,0,0
3388,2025-11-26 06:55:00,4324.8,0,0,1,0,1,0,0,0
3389,2025-11-26 06:57:00,4322.3,0,0,1,0,1,0,0,0
3390,2025-11-26 06:58:00,4321.7,0,1,1,1,1,0,0,0
3391,2025-11-26 06:59:00,4322.5,0,0,1,0,1,0,0,0
3392,2025-11-26 07:02:00,4323.9,0,0,1,0,1,0,0,0
3393,2025-11-26 07:05:00,4327.1,0,0,1,0,1,0,0,0
3394,2025-11-26 07:10:00,4324.5,0,0,1,0,1,0,0,0
3395,2025-11-26 07:12:00,4326.3,0,1,1,1,1,0,0,0
3396,2025-11-26 07:15:00,4326.0,1,0,1,-1,1,0,0,0
3397,2025-11-26 07:19:00,4324.2,1,0,1,-1,1,0,0,0
3398,2025-11-26 07:20:00,4322.8,1,0,1,-1,1,0,0,0
3399,2025-11-26 07:39:00,4327.4,2,0,2,-2,1,0,0,0
3400,2025-11-26 08:06:00,4335.0,0,1,1,1,1,0,0,0
3401,2025-11-26 09:22:00,4334.1,0,1,1,1,1,0,0,0
3401,2025-11-26 09:22:00,4334.2,0,1,1,1,1,0,0,0
3402,2025-11-26 09:36:00,4336.0,0,0,5,0,3,0,0,0
3403,2025-11-26 10:00:00,4338.1,0,1,1,1,1,0,0,0
3404,2025-11-26 11:08:00,4332.1,1,0,1,-1,1,0,0,0
3405,2025-11-26 11:30:00,4340.0,0,0,1,0,1,0,0,0
3406,2025-11-26 12:00:00,4347.4,0,1,1,1,1,0,0,0
3407,2025-11-26 12:01:00,4348.0,0,0,1,0,1,0,0,0
3408,2025-11-26 12:36:00,4335.7,1,0,1,-1,1,0,0,0
3409,2025-11-26 12:38:00,4336.4,0,0,1,0,1,0,0,0
3410,2025-11-26 12:44:00,4333.0,0,0,1,0,1,0,0,0
3411,2025-11-26 12:45:00,4332.5,0,0,1,0,1,0,0,0
3412,2025-11-26 12:54:00,4326.8,1,0,1,-1,1,0,0,0
3413,2025-11-26 13:00:00,4328.0,0,0,1,0,1,0,0,0
3414,2025-11-26 13:12:00,4338.0,0,0,1,0,1,0,0,0
3415,2025-11-26 13:19:00,4336.0,0,0,1,0,1,0,0,0
3416,2025-11-26 13:44:00,4330.0,0,0,1,0,1,0,0,0
3417,2025-11-26 13:47:00,4327.1,1,0,1,-1,1,0,0,0
3417,2025-11-26 13:47:00,4327.2,1,0,1,-1,1,0,0,0
3418,2025-11-26 13:56:00,4323.3,0,0,1,0,1,0,0,0
3419,2025-11-26 14:12:00,4318.0,0,0,1,0,1,0,0,0
3420,2025-11-26 14:50:00,4322.9,1,0,1,-1,1,0,0,0
3421,2025-11-26 15:00:00,4310.0,0,0,2,0,2,0,0,0
3422,2025-11-26 15:16:00,4329.9,0,1,1,1,1,0,0,0
3423,2025-11-26 15:17:00,4329.4,0,0,1,0,1,0,0,0
3423,2025-11-26 15:17:00,4330.0,0,1,1,1,1,0,0,0
3424,2025-11-26 15:31:00,4335.4,0,1,1,1,1,0,0,0
3425,2025-11-26 15:36:00,4336.8,0,1,1,1,1,0,0,0
3426,2025-11-26 15:47:00,4339.6,0,0,1,0,1,0,0,0
3427,2025-11-26 15:58:00,4340.0,0,0,2,0,2,0,0,0
3428,2025-11-26 16:10:00,4337.5,0,1,1,1,1,0,0,0
3429,2025-11-26 16:21:00,4338.0,0,0,1,0,1,0,0,0
3430,2025-11-26 16:40:00,4339.2,0,1,1,1,1,0,0,0
3431,2025-11-26 16:55:00,4339.1,1,0,1,-1,1,0,0,0
3432,2025-11-26 17:07:00,4342.4,0,0,3,0,3,0,0,0
3433,2025-11-26 17:08:00,4342.4,0,0,2,0,2,0,0,0
3434,2025-11-26 17:21:00,4343.6,0,1,1,1,1,0,0,0
3435,2025-11-26 18:10:00,4344.1,0,1,1,1,1,0,0,0
3436,2025-11-26 18:12:00,4345.0,0,0,1,0,1,0,0,0
3437,2025-11-26 18:34:00,4335.0,0,0,1,0,1,0,0,0
3438,2025-11-26 20:57:00,4336.9,0,1,1,1,1,0,0,0
3439,2025-11-27 00:48:00,4333.8,1,0,1,-1,1,0,0,0
3439,2025-11-27 00:48:00,4334.1,1,0,1,-1,1,0,0,0
3439,2025-11-27 00:48:00,4334.2,3,0,3,-3,2,0,0,0
3440,2025-11-27 00:49:00,4334.4,1,0,1,-1,1,0,0,0
3440,2025-11-27 00:49:00,4334.5,2,0,2,-2,2,0,0,0
3440,2025-11-27 00:49:00,4334.6,2,0,2,-2,2,0,0,0
3440,2025-11-27 00:49:00,4334.8,1,0,1,-1,1,0,0,0
3441,2025-11-27 00:50:00,4334.2,1,0,1,-1,1,0,0,0
3441,2025-11-27 00:50:00,4334.3,3,0,3,-3,2,0,0,0
3442,2025-11-27 01:13:00,4330.0,0,0,1,0,1,0,0,0
3443,2025-11-27 01:15:00,4327.6,2,0,2,-2,1,0,0,0
3443,2025-11-27 01:15:00,4328.0,3,0,3,-3,2,0,0,0
3443,2025-11-27 01:15:00,4328.1,1,0,1,-1,1,0,0,0
3443,2025-11-27 01:15:00,4329.2,1,0,1,-1,1,0,0,0
3443,2025-11-27 01:15:00,4329.3,2,0,2,-2,2,0,0,0
3443,2025-11-27 01:15:00,4329.4,1,0,1,-1,1,0,0,0
3444,2025-11-27 02:32:00,4321.0,1,0,1,-1,1,0,0,0
3445,2025-11-27 02:52:00,4321.5,0,1,1,1,1,0,0,0
3446,2025-11-27 05:46:00,4318.4,1,0,1,-1,1,0,0,0
3446,2025-11-27 05:46:00,4318.5,5,0,5,-5,1,0,0,0
3446,2025-11-27 05:46:00,4318.6,1,0,1,-1,1,0,0,0
3446,2025-11-27 05:46:00,4319.0,3,0,3,-3,1,0,0,0
3447,2025-11-27 06:12:00,4325.2,0,1,1,1,1,0,0,0
3448,2025-11-27 07:06:00,4329.5,0,0,1,0,1,0,0,0
3449,2025-11-27 07:21:00,4332.5,0,1,1,1,1,0,0,0
3450,2025-11-27 07:42:00,4330.0,0,2,5,2,3,0,0,0
3451,2025-11-27 08:03:00,4334.0,0,1,1,1,1,0,0,0
3452,2025-11-27 10:11:00,4327.1,3,0,3,-3,1,0,0,0
3452,2025-11-27 10:11:00,4327.2,1,0,1,-1,1,0,0,0
3452,2025-11-27 10:11:00,4327.6,4,0,4,-4,1,0,0,0
3452,2025-11-27 10:11:00,4327.8,1,0,1,-1,1,0,0,0
3452,2025-11-27 10:11:00,4328.1,2,0,2,-2,1,0,0,0
3452,2025-11-27 10:11:00,4328.2,2,0,2,-2,1,0,0,0
3452,2025-11-27 10:11:00,4328.3,2,0,2,-2,1,0,0,0
3452,2025-11-27 10:11:00,4328.7,2,0,2,-2,1,0,0,0
3452,2025-11-27 10:11:00,4328.8,3,0,3,-3,1,0,0,0
3453,2025-11-27 10:12:00,4326.0,2,2,19,0,12,0,0,0
3453,2025-11-27 10:12:00,4326.1,1,0,1,-1,1,0,0,0
3454,2025-11-27 10:32:00,4324.8,1,0,2,-1,2,0,0,0
3455,2025-11-27 13:00:00,4321.8,1,0,1,-1,1,0,0,0
3456,2025-11-27 13:01:00,4322.8,0,0,1,0,1,0,0,0
3457,2025-11-28 00:08:00,4340.0,0,0,2,0,2,0,0,0
3458,2025-11-28 00:34:00,4350.0,0,0,1,0,1,0,0,0
3459,2025-11-28 00:38:00,4352.4,0,0,1,0,1,0,0,0
3460,2025-11-28 00:40:00,4350.0,0,0,1,0,1,0,0,0
3461,2025-11-28 01:11:00,4357.2,1,0,1,-1,1,0,0,0
3462,2025-11-28 02:22:00,4364.4,0,2,2,2,2,0,0,0
3463,2025-11-28 02:25:00,4365.2,0,1,1,1,1,0,0,0
3464,2025-11-28 02:41:00,4362.3,0,1,1,1,1,0,0,0
3465,2025-11-28 13:48:00,4351.5,0,1,1,1,1,0,0,0
3465,2025-11-28 13:48:00,4351.6,0,4,4,4,1,0,0,0
3466,2025-11-28 13:49:00,4349.1,0,0,1,0,1,0,0,0
3467,2025-11-28 14:01:00,4361.4,0,0,6,0,6,0,0,0
3468,2025-11-28 14:37:00,4375.0,0,0,1,0,1,0,0,0
3469,2025-11-28 15:10:00,4365.0,0,0,2,0,2,0,0,0
3470,2025-11-28 15:16:00,4361.0,0,0,1,0,1,0,0,0
3471,2025-11-28 15:29:00,4370.0,0,0,1,0,1,0,0,0
3472,2025-11-28 15:36:00,4370.7,0,0,14,0,10,0,0,0
3472,2025-11-28 15:36:00,4371.2,0,1,1,1,1,0,0,0
3473,2025-11-28 15:38:00,4370.7,0,0,1,0,1,0,0,0
3473,2025-11-28 15:38:00,4370.9,0,0,1,0,1,0,0,0
3474,2025-11-28 15:49:00,4373.6,0,0,1,0,1,0,0,0
3475,2025-11-28 16:00:00,4380.0,0,0,1,0,1,0,0,0
3476,2025-11-28 16:28:00,4385.3,0,0,1,0,1,0,0,0
3477,2025-11-28 17:34:00,4385.6,1,0,1,-1,1,0,0,0
3478,2025-11-28 17:38:00,4386.6,0,0,1,0,1,0,0,0
3479,2025-11-28 17:40:00,4387.1,0,0,1,0,1,0,0,0
3480,2025-11-28 18:29:00,4395.7,0,1,1,1,1,0,0,0
3480,2025-11-28 18:29:00,4396.8,0,2,2,2,2,0,0,0
3480,2025-11-28 18:29:00,4397.0,0,2,2,2,2,0,0,0
3480,2025-11-28 18:29:00,4397.1,0,0,1,0,1,0,0,0
3480,2025-11-28 18:29:00,4397.6,0,3,3,3,2,0,0,0
3481,2025-11-28 18:31:00,4400.0,0,0,1,0,1,0,0,0
3482,2025-11-30 23:00:00,4408.8,0,1,1,1,1,0,0,0
3483,2025-11-30 23:02:00,4407.4,0,0,1,0,1,0,0,0
3483,2025-11-30 23:02:00,4408.0,0,0,1,0,1,0,0,0
3483,2025-11-30 23:02:00,4409.5,0,1,1,1,1,0,0,0
3484,2025-11-30 23:09:00,4386.0,0,0,1,0,1,0,0,0
3485,2025-11-30 23:10:00,4390.1,0,0,1,0,1,0,0,0
3486,2025-11-30 23:15:00,4393.3,0,0,1,0,1,0,0,0
3487,2025-11-30 23:18:00,4393.0,0,0,3,0,3,0,0,0
3488,2025-11-30 23:20:00,4395.4,0,0,1,0,1,0,0,0
3489,2025-11-30 23:23:00,4398.0,0,0,1,0,1,0,0,0
3490,2025-11-30 23:35:00,4400.0,0,0,2,0,2,0,0,0
3491,2025-11-30 23:37:00,4399.0,0,0,1,0,1,0,0,0
3491,2025-11-30 23:37:00,4400.0,0,0,1,0,1,0,0,0
3492,2025-11-30 23:49:00,4401.4,0,2,2,2,1,0,0,0
3492,2025-11-30 23:49:00,4401.5,0,1,1,1,1,0,0,0
3492,2025-11-30 23:49:00,4401.8,2,0,2,-2,1,0,0,0
3493,2025-12-01 00:02:00,4400.6,1,0,1,-1,1,0,0,0
3494,2025-12-01 00:40:00,4407.4,1,0,1,-1,1,0,0,0
3495,2025-12-01 00:42:00,4407.4,0,0,1,0,1,0,0,0
3496,2025-12-01 00:45:00,4409.0,0,0,2,0,1,0,0,0
3497,2025-12-01 01:11:00,4402.5,0,1,1,1,1,0,0,0
3498,2025-12-01 01:12:00,4404.3,1,0,1,-1,1,0,0,0
3499,2025-12-01 01:15:00,4407.0,1,0,1,-1,1,0,0,0
3500,2025-12-01 01:46:00,4419.0,0,0,1,0,1,0,0,0
3501,2025-12-01 01:48:00,4415.7,0,0,1,0,1,0,0,0
3502,2025-12-01 01:58:00,4431.6,0,1,1,1,1,0,0,0
3502,2025-12-01 01:58:00,4431.7,0,1,1,1,1,0,0,0
3503,2025-12-01 02:02:00,4428.9,0,0,1,0,1,0,0,0
3503,2025-12-01 02:02:00,4429.9,0,1,1,1,1,0,0,0
3504,2025-12-01 02:07:00,4430.0,0,0,1,0,1,0,0,0
3505,2025-12-01 02:09:00,4428.0,0,0,1,0,1,0,0,0
3506,2025-12-01 02:12:00,4425.4,0,1,1,1,1,0,0,0
3507,2025-12-01 02:14:00,4426.0,0,0,1,0,1,0,0,0
3508,2025-12-01 02:23:00,4421.7,1,0,1,-1,1,0,0,0
3509,2025-12-01 02:28:00,4419.7,1,0,1,-1,1,0,0,0
3509,2025-12-01 02:28:00,4420.0,0,0,1,0,1,0,0,0
3510,2025-12-01 02:30:00,4417.0,1,0,1,-1,1,0,0,0
3511,2025-12-01 03:07:00,4414.9,1,0,1,-1,1,0,0,0
3512,2025-12-01 03:11:00,4416.5,0,0,1,0,1,0,0,0
3513,2025-12-01 03:35:00,4417.6,0,0,1,0,1,0,0,0
3514,2025-12-01 04:15:00,4417.6,0,1,1,1,1,0,0,0
3515,2025-12-01 04:34:00,4419.9,0,0,1,0,1,0,0,0
3516,2025-12-01 04:37:00,4419.8,0,0,1,0,1,0,0,0
3517,2025-12-01 04:46:00,4420.9,0,0,1,0,1,0,0,0
3518,2025-12-01 04:47:00,4421.8,0,0,1,0,1,0,0,0
3519,2025-12-01 04:49:00,4422.0,0,1,1,1,1,0,0,0
3520,2025-12-01 05:22:00,4395.2,1,0,1,-1,1,0,0,0
3520,2025-12-01 05:22:00,4396.0,0,0,2,0,1,0,0,0
3520,2025-12-01 05:22:00,4397.9,1,0,1,-1,1,0,0,0
3520,2025-12-01 05:22:00,4400.0,0,0,1,0,1,0,0,0
3521,2025-12-01 05:23:00,4396.8,1,0,1,-1,1,0,0,0
3522,2025-12-01 05:26:00,4391.8,1,0,1,-1,1,0,0,0
3523,2025-12-01 08:09:00,4425.0,0,0,1,0,1,0,0,0
3524,2025-12-01 08:19:00,4430.0,0,0,1,0,1,0,0,0
3525,2025-12-01 08:31:00,4423.6,1,0,1,-1,1,0,0,0
3526,2025-12-01 08:36:00,4419.6,1,0,1,-1,1,0,0,0
3526,2025-12-01 08:36:00,4420.0,0,0,1,0,1,0,0,0
3527,2025-12-01 09:16:00,4425.7,0,0,3,0,2,0,0,0
3528,2025-12-01 09:17:00,4425.7,0,0,2,0,2,0,0,0
3529,2025-12-01 09:19:00,4426.0,0,0,4,0,4,0,0,0
3530,2025-12-01 09:20:00,4426.0,0,0,51,0,6,0,0,0
3531,2025-12-01 09:26:00,4426.0,0,0,1,0,1,0,0,0
3532,2025-12-01 09:31:00,4429.2,0,1,1,1,1,0,0,0
3532,2025-12-01 09:31:00,4429.3,0,1,1,1,1,0,0,0
3533,2025-12-01 10:03:00,4429.8,0,1,1,1,1,0,0,0
3533,2025-12-01 10:03:00,4430.0,0,0,1,0,1,0,0,0
3534,2025-12-01 10:04:00,4433.1,0,1,1,1,1,0,0,0
3535,2025-12-01 10:14:00,4436.7,2,0,2,-2,1,0,0,0
3536,2025-12-01 10:21:00,4433.7,0,1,1,1,1,0,0,0
3537,2025-12-01 10:25:00,4435.3,0,1,1,1,1,0,0,0
3538,2025-12-01 11:00:00,4432.7,0,0,8,0,6,0,0,0
3539,2025-12-01 11:05:00,4434.4,0,0,9,0,7,0,0,0
3540,2025-12-01 11:33:00,4431.1,0,0,8,0,7,0,0,0
3541,2025-12-01 11:39:00,4434.4,0,0,1,0,1,0,0,0
3542,2025-12-01 12:09:00,4428.6,1,0,1,-1,1,0,0,0
3543,2025-12-01 12:37:00,4432.3,0,1,1,1,1,0,0,0
3544,2025-12-01 12:38:00,4434.1,0,2,2,2,2,0,0,0
3545,2025-12-01 12:42:00,4431.2,1,0,1,-1,1,0,0,0
3545,2025-12-01 12:42:00,4432.1,0,1,1,1,1,0,0,0
3546,2025-12-01 12:59:00,4424.3,0,0,1,0,1,0,0,0
3547,2025-12-01 13:13:00,4430.9,2,0,2,-2,1,0,0,0
3547,2025-12-01 13:13:00,4431.1,1,0,1,-1,1,0,0,0
3548,2025-12-01 13:24:00,4431.1,0,0,5,0,2,0,0,0
3549,2025-12-01 13:27:00,4435.3,0,3,3,3,3,0,0,0
3549,2025-12-01 13:27:00,4435.4,0,2,2,2,1,0,0,0
3549,2025-12-01 13:27:00,4435.7,0,1,1,1,1,0,0,0
3550,2025-12-01 13:32:00,4437.4,0,1,1,1,1,0,0,0
3551,2025-12-01 13:36:00,4438.1,1,0,1,-1,1,0,0,0
3551,2025-12-01 13:36:00,4438.2,1,0,1,-1,1,0,0,0
3551,2025-12-01 13:36:00,4438.3,1,0,1,-1,1,0,0,0
3552,2025-12-01 13:37:00,4438.7,0,1,1,1,1,0,0,0
3553,2025-12-01 13:38:00,4439.7,0,2,2,2,2,0,0,0
3553,2025-12-01 13:38:00,4439.8,0,2,2,2,1,0,0,0
3553,2025-12-01 13:38:00,4440.3,0,1,1,1,1,0,0,0
3554,2025-12-01 13:51:00,4430.0,0,0,1,0,1,0,0,0
3555,2025-12-01 13:58:00,4430.5,0,0,1,0,1,0,0,0
3556,2025-12-01 14:00:00,4425.0,0,0,1,0,1,0,0,0
3557,2025-12-01 14:01:00,4421.8,0,0,1,0,1,0,0,0
3558,2025-12-01 14:02:00,4421.0,0,0,1,0,1,0,0,0
3559,2025-12-01 14:03:00,4422.5,1,0,1,-1,1,0,0,0
3560,2025-12-01 14:05:00,4419.0,1,0,1,-1,1,0,0,0
3561,2025-12-01 14:06:00,4419.0,1,0,1,-1,1,0,0,0
3562,2025-12-01 14:13:00,4426.1,0,1,1,1,1,0,0,0
3563,2025-12-01 14:22:00,4419.6,1,0,1,-1,1,0,0,0
3564,2025-12-01 14:31:00,4418.7,1,0,1,-1,1,0,0,0
3565,2025-12-01 14:42:00,4403.3,1,0,1,-1,1,0,0,0
3565,2025-12-01 14:42:00,4404.0,0,0,1,0,1,0,0,0
3566,2025-12-01 14:51:00,4415.3,0,2,2,2,1,0,0,0
3567,2025-12-01 14:52:00,4414.9,0,1,1,1,1,0,0,0
3568,2025-12-01 14:53:00,4417.0,0,0,1,0,1,0,0,0
3569,2025-12-01 14:56:00,4416.4,1,0,1,-1,1,0,0,0
3569,2025-12-01 14:56:00,4416.5,1,0,1,-1,1,0,0,0
3570,2025-12-01 15:00:00,4420.3,0,1,1,1,1,0,0,0
3570,2025-12-01 15:00:00,4420.8,0,1,1,1,1,0,0,0
3571,2025-12-01 15:03:00,4420.1,0,1,1,1,1,0,0,0
3572,2025-12-01 15:06:00,4421.1,0,0,2,0,2,0,0,0
3573,2025-12-01 15:09:00,4416.7,1,0,1,-1,1,0,0,0
3574,2025-12-01 15:15:00,4405.0,1,0,1,-1,1,0,0,0
3575,2025-12-01 15:18:00,4400.0,0,0,1,0,1,0,0,0
3575,2025-12-01 15:18:00,4403.7,1,0,1,-1,1,0,0,0
3576,2025-12-01 15:20:00,4401.4,0,0,1,0,1,0,0,0
3577,2025-12-01 15:22:00,4399.4,1,0,1,-1,1,0,0,0
3577,2025-12-01 15:22:00,4400.0,0,0,1,0,1,0,0,0
3578,2025-12-01 15:25:00,4405.0,0,0,1,0,1,0,0,0
3579,2025-12-01 15:27:00,4403.5,0,1,1,1,1,0,0,0
3580,2025-12-01 15:28:00,4401.0,0,0,1,0,1,0,0,0
3580,2025-12-01 15:28:00,4402.0,0,0,1,0,1,0,0,0
3581,2025-12-01 15:30:00,4400.7,1,0,1,-1,1,0,0,0
3581,2025-12-01 15:30:00,4404.4,1,0,1,-1,1,0,0,0
3582,2025-12-01 15:31:00,4399.0,0,0,1,0,1,0,0,0
3582,2025-12-01 15:31:00,4400.5,1,0,1,-1,1,0,0,0
3583,2025-12-01 15:38:00,4408.4,0,1,1,1,1,0,0,0
3583,2025-12-01 15:38:00,4408.6,0,2,2,2,1,0,0,0
3583,2025-12-01 15:38:00,4408.7,0,6,6,6,1,0,0,0
3583,2025-12-01 15:38:00,4408.8,0,1,1,1,1,0,0,0
3584,2025-12-01 15:43:00,4406.0,0,0,1,0,1,0,0,0
3585,2025-12-01 15:53:00,4406.9,0,0,1,0,1,0,0,0
3586,2025-12-01 16:08:00,4412.9,0,0,2,0,2,0,0,0
3587,2025-12-01 16:13:00,4417.5,0,1,1,1,1,0,0,0
3588,2025-12-01 16:19:00,4407.0,0,0,2,0,2,0,0,0
3588,2025-12-01 16:19:00,4408.4,1,0,1,-1,1,0,0,0
3589,2025-12-01 16:21:00,4408.5,0,0,1,0,1,0,0,0
3590,2025-12-01 16:24:00,4413.1,0,0,1,0,1,0,0,0
3591,2025-12-01 16:32:00,4410.0,0,0,1,0,1,0,0,0
3591,2025-12-01 16:32:00,4410.9,0,0,1,0,1,0,0,0
3592,2025-12-01 16:33:00,4408.5,0,0,1,0,1,0,0,0
3592,2025-12-01 16:33:00,4409.6,1,0,1,-1,1,0,0,0
3593,2025-12-01 16:39:00,4408.0,0,0,1,0,1,0,0,0
3593,2025-12-01 16:39:00,4409.0,0,0,1,0,1,0,0,0
3594,2025-12-01 16:46:00,4418.2,0,2,2,2,2,0,0,0
3594,2025-12-01 16:46:00,4418.3,0,1,1,1,1,0,0,0
3594,2025-12-01 16:46:00,4420.0,0,0,1,0,1,0,0,0
3595,2025-12-01 16:51:00,4406.0,0,0,1,0,1,0,0,0
3596,2025-12-01 16:52:00,4404.0,0,0,1,0,1,0,0,0
3597,2025-12-01 16:54:00,4407.0,0,0,1,0,1,0,0,0
3598,2025-12-01 16:55:00,4405.0,0,0,1,0,1,0,0,0
3599,2025-12-01 16:56:00,4407.0,0,0,1,0,1,0,0,0
3600,2025-12-01 16:59:00,4405.0,0,0,1,0,1,0,0,0
3601,2025-12-01 17:07:00,4406.0,0,0,1,0,1,0,0,0
3602,2025-12-01 17:20:00,4405.0,0,0,1,0,1,0,0,0
3603,2025-12-01 17:21:00,4406.6,0,0,1,0,1,0,0,0
3604,2025-12-01 17:29:00,4412.8,0,1,1,1,1,0,0,0
3604,2025-12-01 17:29:00,4413.6,0,1,1,1,1,0,0,0
3605,2025-12-01 18:29:00,4419.4,0,1,1,1,1,0,0,0
3605,2025-12-01 18:29:00,4419.6,0,1,1,1,1,0,0,0
3605,2025-12-01 18:29:00,4420.1,0,2,2,2,2,0,0,0
3605,2025-12-01 18:29:00,4420.2,0,2,2,2,1,0,0,0
3605,2025-12-01 18:29:00,4420.3,0,0,1,0,1,0,0,0
3605,2025-12-01 18:29:00,4420.4,0,1,1,1,1,0,0,0
3605,2025-12-01 18:29:00,4420.5,0,1,1,1,1,0,0,0
3605,2025-12-01 18:29:00,4420.8,0,1,1,1,1,0,0,0
3605,2025-12-01 18:29:00,4420.9,0,1,1,1,1,0,0,0
3606,2025-12-01 18:30:00,4421.9,0,1,1,1,1,0,0,0
3607,2025-12-01 19:22:00,4416.2,0,0,3,0,1,0,0,0
3608,2025-12-01 19:43:00,4415.0,0,0,1,0,1,0,0,0
3609,2025-12-01 20:05:00,4416.8,1,0,1,-1,1,0,0,0
3609,2025-12-01 20:05:00,4417.5,0,1,1,1,1,0,0,0
3610,2025-12-01 21:22:00,4419.0,0,1,1,1,1,0,0,0
3611,2025-12-01 23:48:00,4403.4,1,0,1,-1,1,0,0,0
3612,2025-12-02 00:20:00,4400.0,0,0,1,0,1,0,0,0
3613,2025-12-02 00:40:00,4403.8,1,0,1,-1,1,0,0,0
3614,2025-12-02 01:00:00,4400.0,0,0,1,0,1,0,0,0
3615,2025-12-02 01:03:00,4393.7,0,0,1,0,1,0,0,0
3616,2025-12-02 01:09:00,4370.0,0,0,1,0,1,0,0,0
3616,2025-12-02 01:09:00,4379.7,0,0,2,0,1,0,0,0
3617,2025-12-02 01:11:00,4380.3,0,0,1,0,1,0,0,0
3618,2025-12-02 02:03:00,4391.1,1,0,1,-1,1,0,0,0
3619,2025-12-02 02:27:00,4390.8,1,0,1,-1,1,0,0,0
3620,2025-12-02 03:02:00,4399.5,0,1,1,1,1,0,0,0
3621,2025-12-02 03:48:00,4391.8,1,0,1,-1,1,0,0,0
3622,2025-12-02 03:59:00,4389.9,1,0,1,-1,1,0,0,0
3623,2025-12-02 04:07:00,4393.6,0,1,1,1,1,0,0,0
3624,2025-12-02 04:13:00,4390.8,0,0,1,0,1,0,0,0
3625,2025-12-02 04:16:00,4389.9,0,0,1,0,1,0,0,0
3626,2025-12-02 04:33:00,4390.2,0,0,1,0,1,0,0,0
3627,2025-12-02 04:34:00,4391.3,0,0,1,0,1,0,0,0
3628,2025-12-02 04:35:00,4390.4,0,0,1,0,1,0,0,0
3629,2025-12-02 04:36:00,4390.4,0,0,1,0,1,0,0,0
3629,2025-12-02 04:36:00,4390.9,0,0,1,0,1,0,0,0
3630,2025-12-02 04:38:00,4390.9,0,0,1,0,1,0,0,0
3631,2025-12-02 04:45:00,4391.9,0,0,1,0,1,0,0,0
3632,2025-12-02 04:46:00,4390.5,1,0,1,-1,1,0,0,0
3633,2025-12-02 04:48:00,4392.5,0,0,1,0,1,0,0,0
3634,2025-12-02 05:00:00,4393.3,0,0,1,0,1,0,0,0
3635,2025-12-02 05:06:00,4390.5,0,0,1,0,1,0,0,0
3635,2025-12-02 05:06:00,4391.3,1,0,1,-1,1,0,0,0
3636,2025-12-02 05:09:00,4390.8,0,0,1,0,1,0,0,0
3637,2025-12-02 05:10:00,4391.3,0,0,1,0,1,0,0,0
3638,2025-12-02 05:11:00,4393.9,0,1,1,1,1,0,0,0
3639,2025-12-02 05:14:00,4393.9,0,1,1,1,1,0,0,0
3640,2025-12-02 05:16:00,4395.3,0,1,1,1,1,0,0,0
3641,2025-12-02 05:24:00,4397.6,0,1,1,1,1,0,0,0
3642,2025-12-02 06:46:00,4384.0,0,0,1,0,1,0,0,0
3643,2025-12-02 06:52:00,4388.2,0,1,1,1,1,0,0,0
3644,2025-12-02 06:57:00,4387.9,0,0,1,0,1,0,0,0
3645,2025-12-02 07:52:00,4385.7,1,0,1,-1,1,0,0,0
3645,2025-12-02 07:52:00,4386.2,0,1,1,1,1,0,0,0
3646,2025-12-02 07:53:00,4385.2,0,0,1,0,1,0,0,0
3647,2025-12-02 08:07:00,4383.6,0,0,1,0,1,0,0,0
3648,2025-12-02 08:18:00,4387.0,0,0,1,0,1,0,0,0
3649,2025-12-02 09:02:00,4385.1,3,0,3,-3,3,0,0,0
3649,2025-12-02 09:02:00,4385.3,1,0,1,-1,1,0,0,0
3649,2025-12-02 09:02:00,4385.4,1,0,1,-1,1,0,0,0
3650,2025-12-02 09:26:00,4370.0,0,0,1,0,1,0,0,0
3651,2025-12-02 09:38:00,4361.8,0,0,1,0,1,0,0,0
3652,2025-12-02 09:48:00,4363.5,1,0,1,-1,1,0,0,0
3652,2025-12-02 09:48:00,4363.6,1,0,1,-1,1,0,0,0
3653,2025-12-02 10:13:00,4361.5,1,0,1,-1,1,0,0,0
3653,2025-12-02 10:13:00,4361.8,0,1,1,1,1,0,0,0
3653,2025-12-02 10:13:00,4362.2,1,0,1,-1,1,0,0,0
3654,2025-12-02 10:16:00,4358.8,1,0,1,-1,1,0,0,0
3655,2025-12-02 10:56:00,4360.0,0,1,1,1,1,0,0,0
3656,2025-12-02 11:58:00,4380.0,0,0,1,0,1,0,0,0
3657,2025-12-02 12:00:00,4380.5,1,0,1,-1,1,0,0,0
3657,2025-12-02 12:00:00,4380.6,1,0,1,-1,1,0,0,0
3658,2025-12-02 12:01:00,4378.8,0,0,2,0,1,0,0,0
3658,2025-12-02 12:01:00,4379.2,0,0,1,0,1,0,0,0
3659,2025-12-02 12:10:00,4380.1,0,0,1,0,1,0,0,0
3660,2025-12-02 13:09:00,4378.2,1,0,1,-1,1,0,0,0
3661,2025-12-02 13:32:00,4377.9,1,0,1,-1,1,0,0,0
3661,2025-12-02 13:32:00,4378.3,0,0,1,0,1,0,0,0
3662,2025-12-02 13:49:00,4379.6,0,0,1,0,1,0,0,0
3663,2025-12-02 14:01:00,4387.6,0,0,1,0,1,0,0,0
3664,2025-12-02 14:10:00,4395.0,0,0,1,0,1,0,0,0
3665,2025-12-02 14:26:00,4405.0,0,0,1,0,1,0,0,0
3666,2025-12-02 14:32:00,4403.8,0,1,1,1,1,0,0,0
3667,2025-12-02 14:33:00,4400.4,0,0,1,0,1,0,0,0
3668,2025-12-02 14:41:00,4394.7,1,0,1,-1,1,0,0,0
3669,2025-12-02 14:43:00,4391.8,1,0,1,-1,1,0,0,0
3670,2025-12-02 14:45:00,4390.0,0,0,1,0,1,0,0,0
3671,2025-12-02 14:46:00,4390.1,0,1,1,1,1,0,0,0
3671,2025-12-02 14:46:00,4390.3,0,1,1,1,1,0,0,0
3671,2025-12-02 14:46:00,4390.4,0,1,1,1,1,0,0,0
3672,2025-12-02 14:49:00,4400.0,0,0,1,0,1,0,0,0
3673,2025-12-02 14:50:00,4398.2,0,1,1,1,1,0,0,0
3674,2025-12-02 15:00:00,4391.5,1,0,1,-1,1,0,0,0
3675,2025-12-02 15:01:00,4391.6,0,0,1,0,1,0,0,0
3676,2025-12-02 15:02:00,4390.0,0,0,1,0,1,0,0,0
3677,2025-12-02 15:08:00,4385.5,0,0,1,0,1,0,0,0
3678,2025-12-02 15:18:00,4374.3,1,0,1,-1,1,0,0,0
3678,2025-12-02 15:18:00,4375.0,0,0,1,0,1,0,0,0
3679,2025-12-02 15:20:00,4368.0,0,0,1,0,1,0,0,0
3680,2025-12-02 15:23:00,4370.3,1,0,1,-1,1,0,0,0
3681,2025-12-02 15:25:00,4368.0,1,0,1,-1,1,0,0,0
3682,2025-12-02 15:34:00,4358.9,0,0,1,0,1,0,0,0
3683,2025-12-02 15:36:00,4356.0,0,0,1,0,1,0,0,0
3684,2025-12-02 15:38:00,4361.4,1,0,1,-1,1,0,0,0
3684,2025-12-02 15:38:00,4362.2,0,1,1,1,1,0,0,0
3685,2025-12-02 15:50:00,4361.7,1,0,1,-1,1,0,0,0
3686,2025-12-02 15:54:00,4349.9,1,0,1,-1,1,0,0,0
3686,2025-12-02 15:54:00,4350.5,0,0,5,0,2,0,0,0
3686,2025-12-02 15:54:00,4351.0,0,0,1,0,1,0,0,0
3687,2025-12-02 15:58:00,4339.8,1,0,1,-1,1,0,0,0
3687,2025-12-02 15:58:00,4340.6,0,0,5,0,1,0,0,0
3688,2025-12-02 17:20:00,4367.8,0,1,1,1,1,0,0,0
3689,2025-12-02 17:24:00,4367.2,0,1,1,1,1,0,0,0
3689,2025-12-02 17:24:00,4367.3,0,1,1,1,1,0,0,0
3690,2025-12-02 18:29:00,4364.8,0,2,3,2,2,0,0,0
3690,2025-12-02 18:29:00,4364.9,0,0,2,0,2,0,0,0
3690,2025-12-02 18:29:00,4365.0,0,3,3,3,2,0,0,0
3690,2025-12-02 18:29:00,4365.1,0,1,2,1,2,0,0,0
3690,2025-12-02 18:29:00,4365.2,0,4,5,4,4,0,0,0
3690,2025-12-02 18:29:00,4365.3,0,2,2,2,2,0,0,0
3690,2025-12-02 18:29:00,4365.5,0,0,1,0,1,0,0,0
3690,2025-12-02 18:29:00,4365.6,0,1,1,1,1,0,0,0
3690,2025-12-02 18:29:00,4365.9,0,0,1,0,1,0,0,0
3690,2025-12-02 18:29:00,4366.0,0,0,1,0,1,0,0,0
3690,2025-12-02 18:29:00,4366.4,0,0,1,0,1,0,0,0
3691,2025-12-02 18:36:00,4360.1,1,0,1,-1,1,0,0,0
3692,2025-12-02 18:37:00,4358.8,1,0,1,-1,1,0,0,0
3693,2025-12-02 19:31:00,4375.7,0,1,1,1,1,0,0,0
3694,2025-12-02 19:38:00,4369.7,0,0,1,0,1,0,0,0
3695,2025-12-02 20:27:00,4374.9,0,1,1,1,1,0,0,0
3696,2025-12-02 20:37:00,4385.0,0,0,1,0,1,0,0,0
3697,2025-12-02 20:50:00,4387.0,0,0,1,0,1,0,0,0
3698,2025-12-02 20:52:00,4384.8,1,0,1,-1,1,0,0,0
3698,2025-12-02 20:52:00,4384.9,1,0,1,-1,1,0,0,0
3699,2025-12-02 21:06:00,4383.5,1,0,1,-1,1,0,0,0
3699,2025-12-02 21:06:00,4383.7,2,0,2,-2,1,0,0,0
3699,2025-12-02 21:06:00,4383.8,2,0,2,-2,1,0,0,0
3699,2025-12-02 21:06:00,4384.1,1,0,1,-1,1,0,0,0
3699,2025-12-02 21:06:00,4384.4,1,0,1,-1,1,0,0,0
3699,2025-12-02 21:06:00,4384.5,2,0,2,-2,2,0,0,0
3699,2025-12-02 21:06:00,4385.2,1,0,1,-1,1,0,0,0
3700,2025-12-02 23:10:00,4389.4,0,1,1,1,1,0,0,0
3701,2025-12-02 23:41:00,4384.1,0,1,1,1,1,0,0,0
3701,2025-12-02 23:41:00,4384.2,0,1,1,1,1,0,0,0
3702,2025-12-03 01:00:00,4388.0,0,0,1,0,1,0,0,0
3703,2025-12-03 02:03:00,4394.8,0,1,1,1,1,0,0,0
3704,2025-12-03 02:04:00,4396.7,0,1,1,1,1,0,0,0
3705,2025-12-03 02:10:00,4397.9,0,0,1,0,1,0,0,0
3706,2025-12-03 02:29:00,4398.8,1,0,1,-1,1,0,0,0
3707,2025-12-03 02:39:00,4404.1,1,0,1,-1,1,0,0,0
3708,2025-12-03 02:44:00,4400.0,0,0,1,0,1,0,0,0
3709,2025-12-03 02:45:00,4400.3,0,0,1,0,1,0,0,0
3710,2025-12-03 02:58:00,4402.2,1,0,1,-1,1,0,0,0
3711,2025-12-03 02:59:00,4401.3,0,0,1,0,1,0,0,0
3711,2025-12-03 02:59:00,4402.3,0,0,1,0,1,0,0,0
3712,2025-12-03 03:03:00,4401.0,0,0,1,0,1,0,0,0
3713,2025-12-03 03:27:00,4401.3,0,0,1,0,1,0,0,0
3714,2025-12-03 05:31:00,4391.5,1,0,1,-1,1,0,0,0
3715,2025-12-03 05:36:00,4387.9,1,0,1,-1,1,0,0,0
3716,2025-12-03 05:41:00,4386.7,1,0,1,-1,1,0,0,0
3717,2025-12-03 05:42:00,4383.3,1,0,1,-1,1,0,0,0
3718,2025-12-03 05:46:00,4380.7,0,0,1,0,1,0,0,0
3719,2025-12-03 05:47:00,4379.7,1,0,1,-1,1,0,0,0
3719,2025-12-03 05:47:00,4380.0,0,0,1,0,1,0,0,0
3719,2025-12-03 05:47:00,4381.2,0,0,1,0,1,0,0,0
3720,2025-12-03 05:48:00,4379.6,0,0,1,0,1,0,0,0
3720,2025-12-03 05:48:00,4381.0,0,0,1,0,1,0,0,0
3721,2025-12-03 05:49:00,4379.2,1,0,1,-1,1,0,0,0
3721,2025-12-03 05:49:00,4379.8,1,0,1,-1,1,0,0,0
3721,2025-12-03 05:49:00,4380.1,0,0,1,0,1,0,0,0
3721,2025-12-03 05:49:00,4381.2,0,1,1,1,1,0,0,0
3722,2025-12-03 05:53:00,4380.0,0,0,1,0,1,0,0,0
3722,2025-12-03 05:53:00,4381.5,0,0,1,0,1,0,0,0
3723,2025-12-03 05:55:00,4380.0,0,0,1,0,1,0,0,0
3724,2025-12-03 05:56:00,4380.5,0,0,1,0,1,0,0,0
3725,2025-12-03 06:04:00,4382.0,0,0,1,0,1,0,0,0
3726,2025-12-03 06:05:00,4383.1,1,0,1,-1,1,0,0,0
3727,2025-12-03 06:08:00,4381.5,0,0,1,0,1,0,0,0
3728,2025-12-03 06:09:00,4383.0,0,0,1,0,1,0,0,0
3729,2025-12-03 06:16:00,4383.3,2,0,2,-2,1,0,0,0
3729,2025-12-03 06:16:00,4383.4,1,0,1,-1,1,0,0,0
3730,2025-12-03 06:20:00,4381.6,2,0,2,-2,1,0,0,0
3731,2025-12-03 06:22:00,4382.8,0,1,1,1,1,0,0,0
3732,2025-12-03 06:33:00,4379.7,1,0,1,-1,1,0,0,0
3733,2025-12-03 06:40:00,4382.0,4,0,4,-4,1,0,0,0
3733,2025-12-03 06:40:00,4382.1,3,0,3,-3,1,0,0,0
3734,2025-12-03 07:19:00,4381.5,0,1,1,1,1,0,0,0
3735,2025-12-03 07:59:00,4380.0,1,0,1,-1,1,0,0,0
3735,2025-12-03 07:59:00,4380.2,1,0,1,-1,1,0,0,0
3736,2025-12-03 09:08:00,4373.8,1,0,1,-1,1,0,0,0
3737,2025-12-03 09:14:00,4374.2,2,0,2,-2,1,0,0,0
3738,2025-12-03 10:29:00,4379.4,0,1,1,1,1,0,0,0
3739,2025-12-03 11:38:00,4379.2,0,0,1,0,1,0,0,0
3740,2025-12-03 11:40:00,4378.0,0,0,1,0,1,0,0,0
3741,2025-12-03 12:49:00,4386.3,0,1,1,1,1,0,0,0
3742,2025-12-03 12:50:00,4385.6,0,5,5,5,1,0,0,0
3742,2025-12-03 12:50:00,4385.7,0,4,4,4,1,0,0,0
3742,2025-12-03 12:50:00,4385.8,0,1,1,1,1,0,0,0
3743,2025-12-03 13:42:00,4400.1,0,1,1,1,1,0,0,0
3744,2025-12-03 13:49:00,4402.5,0,1,1,1,1,0,0,0
3745,2025-12-03 13:51:00,4402.6,0,1,1,1,1,0,0,0
3746,2025-12-03 13:52:00,4407.0,0,1,2,1,2,0,0,0
3747,2025-12-03 13:53:00,4410.0,0,0,1,0,1,0,0,0
3748,2025-12-03 13:59:00,4411.7,1,0,1,-1,1,0,0,0
3749,2025-12-03 14:00:00,4416.0,0,0,1,0,1,0,0,0
3750,2025-12-03 14:04:00,4410.0,0,0,1,0,1,0,0,0
3751,2025-12-03 14:07:00,4400.0,0,0,1,0,1,0,0,0
3752,2025-12-03 14:09:00,4397.4,0,1,1,1,1,0,0,0
3753,2025-12-03 14:33:00,4412.0,0,0,1,0,1,0,0,0
3754,2025-12-03 14:34:00,4416.0,0,0,1,0,1,0,0,0
3755,2025-12-03 14:45:00,4400.0,0,0,1,0,1,0,0,0
3756,2025-12-03 14:50:00,4396.4,0,1,1,1,1,0,0,0
3757,2025-12-03 14:55:00,4382.0,0,0,1,0,1,0,0,0
3758,2025-12-03 15:05:00,4392.2,0,0,1,0,1,0,0,0
3759,2025-12-03 15:07:00,4392.0,0,0,1,0,1,0,0,0
3760,2025-12-03 15:08:00,4393.5,0,0,1,0,1,0,0,0
3761,2025-12-03 15:30:00,4397.0,0,0,1,0,1,0,0,0
3762,2025-12-03 15:31:00,4398.5,0,0,1,0,1,0,0,0
3763,2025-12-03 15:50:00,4396.0,0,0,1,0,1,0,0,0
3764,2025-12-03 15:52:00,4396.6,0,0,1,0,1,0,0,0
3765,2025-12-03 15:53:00,4395.0,0,0,1,0,1,0,0,0
3766,2025-12-03 15:54:00,4397.0,0,0,1,0,1,0,0,0
3767,2025-12-03 16:07:00,4393.4,0,2,2,2,2,0,0,0
3767,2025-12-03 16:07:00,4394.5,0,0,1,0,1,0,0,0
3768,2025-12-03 16:08:00,4393.0,0,0,1,0,1,0,0,0
3769,2025-12-03 16:10:00,4394.0,0,0,1,0,1,0,0,0
3770,2025-12-03 16:15:00,4391.0,0,0,1,0,1,0,0,0
3771,2025-12-03 16:16:00,4391.5,0,0,1,0,1,0,0,0
3772,2025-12-03 16:50:00,4390.0,1,0,1,-1,1,0,0,0
3773,2025-12-03 16:53:00,4390.0,0,0,1,0,1,0,0,0
3774,2025-12-03 16:54:00,4382.0,1,0,1,-1,1,0,0,0
3775,2025-12-03 16:58:00,4376.3,0,2,2,2,1,0,0,0
3775,2025-12-03 16:58:00,4376.4,0,2,2,2,1,0,0,0
3776,2025-12-03 17:17:00,4386.0,1,0,1,-1,1,0,0,0
3777,2025-12-03 17:30:00,4385.7,3,0,3,-3,1,0,0,0
3778,2025-12-03 17:33:00,4386.0,0,0,1,0,1,0,0,0
3779,2025-12-03 17:42:00,4388.0,0,0,1,0,1,0,0,0
3780,2025-12-03 17:44:00,4388.5,0,0,1,0,1,0,0,0
3781,2025-12-03 17:50:00,4387.0,0,0,1,0,1,0,0,0
3782,2025-12-03 17:54:00,4387.4,0,0,1,0,1,0,0,0
3783,2025-12-03 18:04:00,4384.0,0,0,1,0,1,0,0,0
3784,2025-12-03 18:19:00,4377.2,1,0,1,-1,1,0,0,0
3785,2025-12-03 18:29:00,4376.6,0,0,2,0,2,0,0,0
3785,2025-12-03 18:29:00,4376.7,0,0,1,0,1,0,0,0
3785,2025-12-03 18:29:00,4376.8,0,1,2,1,2,0,0,0
3785,2025-12-03 18:29:00,4376.9,0,2,3,2,2,0,0,0
3785,2025-12-03 18:29:00,4377.0,0,2,2,2,1,0,0,0
3785,2025-12-03 18:29:00,4377.2,0,1,2,1,2,0,0,0
3786,2025-12-03 18:38:00,4375.6,1,0,1,-1,1,0,0,0
3787,2025-12-03 18:53:00,4372.8,1,0,1,-1,1,0,0,0
3788,2025-12-03 18:54:00,4372.4,1,0,1,-1,1,0,0,0
3789,2025-12-03 18:56:00,4371.0,0,1,1,1,1,0,0,0
3790,2025-12-03 19:09:00,4377.6,0,0,1,0,1,0,0,0
3791,2025-12-03 19:10:00,4377.6,0,0,1,0,1,0,0,0
3792,2025-12-03 19:19:00,4380.1,0,0,2,0,2,0,0,0
3792,2025-12-03 19:19:00,4380.5,0,0,1,0,1,0,0,0
3793,2025-12-03 19:36:00,4382.8,0,1,1,1,1,0,0,0
3794,2025-12-03 19:37:00,4383.9,0,1,1,1,1,0,0,0
3795,2025-12-03 19:38:00,4383.9,0,1,1,1,1,0,0,0
3796,2025-12-03 19:40:00,4384.5,0,0,1,0,1,0,0,0
3797,2025-12-03 20:03:00,4384.8,0,0,1,0,1,0,0,0
3798,2025-12-03 20:24:00,4385.3,0,0,1,0,1,0,0,0
3799,2025-12-03 20:29:00,4386.3,0,1,1,1,1,0,0,0
3800,2025-12-03 20:46:00,4383.0,0,0,1,0,1,0,0,0
3801,2025-12-03 20:47:00,4383.3,0,1,1,1,1,0,0,0
3802,2025-12-03 21:05:00,4384.7,1,0,1,-1,1,0,0,0
3803,2025-12-03 21:56:00,4379.6,0,0,1,0,1,0,0,0
3804,2025-12-03 21:57:00,4380.2,1,0,1,-1,1,0,0,0
3805,2025-12-04 01:01:00,4387.1,0,1,1,1,1,0,0,0
3806,2025-12-04 02:39:00,4375.7,0,0,1,0,1,0,0,0
3807,2025-12-04 02:41:00,4376.2,1,0,1,-1,1,0,0,0
3807,2025-12-04 02:41:00,4377.0,0,1,1,1,1,0,0,0
3808,2025-12-04 02:45:00,4375.1,1,0,1,-1,1,0,0,0
3809,2025-12-04 03:02:00,4370.0,0,0,1,0,1,0,0,0
3809,2025-12-04 03:02:00,4372.3,1,0,1,-1,1,0,0,0
3810,2025-12-04 03:03:00,4363.1,1,0,1,-1,1,0,0,0
3811,2025-12-04 03:18:00,4366.4,0,0,1,0,1,0,0,0
3812,2025-12-04 03:32:00,4364.1,1,0,1,-1,1,0,0,0
3813,2025-12-04 03:45:00,4369.8,0,1,1,1,1,0,0,0
3814,2025-12-04 05:18:00,4365.0,0,0,1,0,1,0,0,0
3815,2025-12-04 05:38:00,4356.7,1,0,1,-1,1,0,0,0
3816,2025-12-04 05:51:00,4352.4,0,0,1,0,1,0,0,0
3817,2025-12-04 05:52:00,4350.0,0,0,2,0,2,0,0,0
3818,2025-12-04 06:00:00,4354.2,1,0,1,-1,1,0,0,0
3819,2025-12-04 06:33:00,4357.6,1,0,1,-1,1,0,0,0
3819,2025-12-04 06:33:00,4357.7,1,0,1,-1,1,0,0,0
3820,2025-12-04 07:58:00,4364.7,2,0,2,-2,1,0,0,0
3820,2025-12-04 07:58:00,4364.8,1,0,1,-1,1,0,0,0
3820,2025-12-04 07:58:00,4364.9,1,0,1,-1,1,0,0,0
3820,2025-12-04 07:58:00,4365.0,2,0,2,-2,1,0,0,0
3820,2025-12-04 07:58:00,4365.1,2,0,2,-2,1,0,0,0
3821,2025-12-04 08:30:00,4365.0,3,0,3,-3,2,0,0,0
3821,2025-12-04 08:30:00,4365.1,1,0,1,-1,1,0,0,0
3822,2025-12-04 08:33:00,4366.2,0,0,1,0,1,0,0,0
3822,2025-12-04 08:33:00,4366.8,0,0,1,0,1,0,0,0
3823,2025-12-04 09:09:00,4363.4,2,0,2,-2,1,0,0,0
3823,2025-12-04 09:09:00,4363.5,1,0,1,-1,1,0,0,0
3823,2025-12-04 09:09:00,4363.6,2,0,2,-2,1,0,0,0
3823,2025-12-04 09:09:00,4363.7,3,0,3,-3,1,0,0,0
3823,2025-12-04 09:09:00,4363.8,2,0,2,-2,1,0,0,0
3824,2025-12-04 09:10:00,4361.5,3,0,3,-3,1,0,0,0
3824,2025-12-04 09:10:00,4361.7,3,0,3,-3,1,0,0,0
3824,2025-12-04 09:10:00,4362.0,4,0,4,-4,1,0,0,0
3825,2025-12-04 12:41:00,4362.2,1,0,1,-1,1,0,0,0
3826,2025-12-04 12:47:00,4364.9,1,0,1,-1,1,0,0,0
3827,2025-12-04 12:53:00,4364.3,0,0,1,0,1,0,0,0
3828,2025-12-04 13:06:00,4359.0,1,0,1,-1,1,0,0,0
3829,2025-12-04 13:17:00,4360.5,0,1,1,1,1,0,0,0
3830,2025-12-04 13:23:00,4363.9,1,0,1,-1,1,0,0,0
3831,2025-12-04 13:38:00,4367.8,0,0,1,0,1,0,0,0
3831,2025-12-04 13:38:00,4368.2,0,0,1,0,1,0,0,0
3832,2025-12-04 13:39:00,4367.4,0,1,1,1,1,0,0,0
3832,2025-12-04 13:39:00,4368.8,0,0,1,0,1,0,0,0
3833,2025-12-04 13:42:00,4363.1,0,1,1,1,1,0,0,0
3834,2025-12-04 13:50:00,4364.0,0,0,1,0,1,0,0,0
3835,2025-12-04 14:22:00,4383.4,0,1,1,1,1,0,0,0
3836,2025-12-04 14:24:00,4382.0,0,0,1,0,1,0,0,0
3837,2025-12-04 14:30:00,4379.9,2,0,2,-2,1,0,0,0
3838,2025-12-04 14:33:00,4385.3,1,0,1,-1,1,0,0,0
3839,2025-12-04 14:34:00,4384.0,0,0,1,0,1,0,0,0
3840,2025-12-04 14:36:00,4383.7,0,1,1,1,1,0,0,0
3841,2025-12-04 14:38:00,4376.4,0,0,1,0,1,0,0,0
3842,2025-12-04 15:21:00,4378.5,3,0,3,-3,1,0,0,0
3842,2025-12-04 15:21:00,4378.6,2,0,2,-2,2,0,0,0
3842,2025-12-04 15:21:00,4379.4,0,1,1,1,1,0,0,0
3843,2025-12-04 15:28:00,4378.3,2,0,2,-2,1,0,0,0
3843,2025-12-04 15:28:00,4378.4,1,0,1,-1,1,0,0,0
3844,2025-12-04 15:30:00,4380.0,0,0,1,0,1,0,0,0
3844,2025-12-04 15:30:00,4380.4,0,1,1,1,1,0,0,0
3845,2025-12-04 15:34:00,4381.4,0,1,1,1,1,0,0,0
3846,2025-12-04 15:36:00,4382.3,1,0,1,-1,1,0,0,0
3847,2025-12-04 15:50:00,4377.2,0,1,1,1,1,0,0,0
3848,2025-12-04 15:51:00,4378.0,0,0,1,0,1,0,0,0
3849,2025-12-04 16:00:00,4382.0,0,0,1,0,1,0,0,0
3850,2025-12-04 16:01:00,4384.5,0,1,1,1,1,0,0,0
3851,2025-12-04 16:02:00,4385.2,0,1,1,1,1,0,0,0
3852,2025-12-04 16:03:00,4386.0,0,0,1,0,1,0,0,0
3853,2025-12-04 16:05:00,4381.1,2,0,2,-2,1,0,0,0
3854,2025-12-04 16:09:00,4386.0,0,0,1,0,1,0,0,0
3855,2025-12-04 16:18:00,4392.0,0,1,1,1,1,0,0,0
3856,2025-12-04 18:29:00,4385.2,0,1,1,1,1,0,0,0
3856,2025-12-04 18:29:00,4385.4,0,4,4,4,3,0,0,0
3856,2025-12-04 18:29:00,4385.7,0,1,1,1,1,0,0,0
3856,2025-12-04 18:29:00,4385.9,0,1,1,1,1,0,0,0
3856,2025-12-04 18:29:00,4386.1,0,3,3,3,2,0,0,0
3857,2025-12-04 18:47:00,4383.8,1,0,1,-1,1,0,0,0
3858,2025-12-04 19:06:00,4380.0,0,0,1,0,1,0,0,0
3859,2025-12-04 19:20:00,4376.7,0,1,1,1,1,0,0,0
3860,2025-12-04 19:38:00,4382.3,1,0,1,-1,1,0,0,0
3861,2025-12-05 00:57:00,4375.0,0,0,1,0,1,0,0,0
3862,2025-12-05 01:02:00,4375.6,0,0,1,0,1,0,0,0
3863,2025-12-05 01:05:00,4374.7,0,0,1,0,1,0,0,0
3864,2025-12-05 01:34:00,4374.2,0,0,1,0,1,0,0,0
3865,2025-12-05 01:53:00,4374.7,0,1,1,1,1,0,0,0
3866,2025-12-05 02:23:00,4370.0,0,0,1,0,1,0,0,0
3867,2025-12-05 02:32:00,4370.1,1,0,1,-1,1,0,0,0
3868,2025-12-05 03:00:00,4381.8,0,1,1,1,1,0,0,0
3869,2025-12-05 03:45:00,4382.8,0,1,1,1,1,0,0,0
3870,2025-12-05 03:54:00,4383.4,0,1,1,1,1,0,0,0
3871,2025-12-05 04:06:00,4383.5,0,1,1,1,1,0,0,0
3872,2025-12-05 04:07:00,4384.8,0,1,1,1,1,0,0,0
3872,2025-12-05 04:07:00,4384.9,0,3,3,3,2,0,0,0
3872,2025-12-05 04:07:00,4385.1,0,3,3,3,2,0,0,0
3873,2025-12-05 04:08:00,4384.7,0,1,1,1,1,0,0,0
3874,2025-12-05 05:05:00,4389.3,0,1,1,1,1,0,0,0
3875,2025-12-05 05:08:00,4389.9,0,1,1,1,1,0,0,0
3876,2025-12-05 05:47:00,4394.0,0,0,1,0,1,0,0,0
3877,2025-12-05 06:08:00,4395.3,1,0,1,-1,1,0,0,0
3877,2025-12-05 06:08:00,4396.1,0,0,1,0,1,0,0,0
3878,2025-12-05 06:13:00,4402.7,0,1,1,1,1,0,0,0
3879,2025-12-05 06:32:00,4398.0,1,0,1,-1,1,0,0,0
3880,2025-12-05 06:38:00,4400.7,1,0,1,-1,1,0,0,0
3881,2025-12-05 07:35:00,4401.0,0,0,1,0,1,0,0,0
3882,2025-12-05 09:35:00,4394.3,2,0,2,-2,1,0,0,0
3882,2025-12-05 09:35:00,4394.5,2,0,3,-2,2,0,0,0
3882,2025-12-05 09:35:00,4395.0,1,0,1,-1,1,0,0,0
3882,2025-12-05 09:35:00,4395.1,1,0,1,-1,1,0,0,0
3883,2025-12-05 09:36:00,4394.3,0,0,1,0,1,0,0,0
3884,2025-12-05 10:30:00,4398.4,2,0,2,-2,1,0,0,0
3884,2025-12-05 10:30:00,4398.5,1,0,1,-1,1,0,0,0
3884,2025-12-05 10:30:00,4398.6,2,0,2,-2,1,0,0,0
3884,2025-12-05 10:30:00,4398.7,1,0,1,-1,1,0,0,0
3884,2025-12-05 10:30:00,4398.8,3,0,3,-3,1,0,0,0
3884,2025-12-05 10:30:00,4398.9,2,0,2,-2,1,0,0,0
3884,2025-12-05 10:30:00,4399.0,1,0,1,-1,1,0,0,0
3885,2025-12-05 11:01:00,4395.7,0,0,1,0,1,0,0,0
3886,2025-12-05 11:22:00,4398.1,0,0,1,0,1,0,0,0
3887,2025-12-05 11:25:00,4395.6,1,0,1,-1,1,0,0,0
3887,2025-12-05 11:25:00,4395.8,1,0,1,-1,1,0,0,0
3887,2025-12-05 11:25:00,4395.9,3,0,3,-3,1,0,0,0
3887,2025-12-05 11:25:00,4396.0,1,0,1,-1,1,0,0,0
3887,2025-12-05 11:25:00,4396.1,2,0,2,-2,1,0,0,0
3888,2025-12-05 11:27:00,4395.7,0,0,1,0,1,0,0,0
3889,2025-12-05 11:44:00,4395.8,0,0,1,0,1,0,0,0
3890,2025-12-05 13:28:00,4405.6,0,1,1,1,1,0,0,0
3891,2025-12-05 13:37:00,4410.3,0,1,1,1,1,0,0,0
3892,2025-12-05 13:47:00,4403.5,1,0,1,-1,1,0,0,0
3893,2025-12-05 13:55:00,4409.2,0,1,1,1,1,0,0,0
3894,2025-12-05 14:05:00,4407.4,0,0,1,0,1,0,0,0
3895,2025-12-05 14:07:00,4408.7,0,1,1,1,1,0,0,0
3896,2025-12-05 14:08:00,4409.4,0,0,1,0,1,0,0,0
3896,2025-12-05 14:08:00,4409.8,0,0,1,0,1,0,0,0
3897,2025-12-05 14:21:00,4406.6,1,0,1,-1,1,0,0,0
3898,2025-12-05 14:47:00,4415.5,0,1,1,1,1,0,0,0
3899,2025-12-05 15:00:00,4415.0,0,0,1,0,1,0,0,0
3900,2025-12-05 15:01:00,4414.4,0,0,1,0,1,0,0,0
3900,2025-12-05 15:01:00,4416.2,0,0,1,0,1,0,0,0
3901,2025-12-05 15:06:00,4410.1,0,1,1,1,1,0,0,0
3902,2025-12-05 15:17:00,4414.8,0,0,1,0,1,0,0,0
3903,2025-12-05 15:37:00,4429.0,0,0,1,0,1,0,0,0
3904,2025-12-05 15:39:00,4433.5,0,1,1,1,1,0,0,0
3904,2025-12-05 15:39:00,4433.6,0,1,1,1,1,0,0,0
3905,2025-12-05 15:41:00,4431.8,1,0,1,-1,1,0,0,0
3906,2025-12-05 15:44:00,4430.4,1,0,1,-1,1,0,0,0
3907,2025-12-05 15:45:00,4428.5,0,0,1,0,1,0,0,0
3908,2025-12-05 16:05:00,4409.6,1,0,1,-1,1,0,0,0
3909,2025-12-05 16:06:00,4411.2,0,0,1,0,1,0,0,0
3910,2025-12-05 16:09:00,4404.8,0,0,10,0,4,0,0,0
3911,2025-12-05 16:11:00,4393.0,0,0,1,0,1,0,0,0
3911,2025-12-05 16:11:00,4393.9,0,1,1,1,1,0,0,0
3912,2025-12-05 16:14:00,4380.0,0,0,1,0,1,0,0,0
3912,2025-12-05 16:14:00,4382.1,0,0,1,0,1,0,0,0
3912,2025-12-05 16:14:00,4382.8,1,0,1,-1,1,0,0,0
3913,2025-12-05 16:16:00,4379.2,1,0,1,-1,1,0,0,0
3913,2025-12-05 16:16:00,4381.0,1,0,3,-1,3,0,0,0
3914,2025-12-05 16:17:00,4378.9,1,0,1,-1,1,0,0,0
3914,2025-12-05 16:17:00,4381.2,1,0,1,-1,1,0,0,0
3915,2025-12-05 16:33:00,4383.0,0,0,1,0,1,0,0,0
3916,2025-12-05 16:44:00,4382.6,0,1,1,1,1,0,0,0
3917,2025-12-05 17:35:00,4384.1,1,0,1,-1,1,0,0,0
3918,2025-12-05 17:42:00,4385.3,1,0,1,-1,1,0,0,0
3919,2025-12-05 18:29:00,4384.8,0,0,1,0,1,0,0,0
3919,2025-12-05 18:29:00,4385.6,1,0,1,-1,1,0,0,0
3920,2025-12-05 19:15:00,4381.0,0,0,1,0,1,0,0,0
3921,2025-12-05 19:25:00,4379.0,0,1,5,1,2,0,0,0
3922,2025-12-05 19:35:00,4381.5,0,1,1,1,1,0,0,0
3923,2025-12-05 19:36:00,4381.6,0,0,1,0,1,0,0,0
3923,2025-12-05 19:36:00,4381.7,0,0,1,0,1,0,0,0
3924,2025-12-05 20:06:00,4375.7,0,0,1,0,1,0,0,0
3925,2025-12-05 20:58:00,4372.7,2,0,2,-2,1,0,0,0
3926,2025-12-05 21:17:00,4370.0,0,0,1,0,1,0,0,0
3927,2025-12-05 21:18:00,4369.9,0,1,1,1,1,0,0,0
3928,2025-12-07 23:00:00,4369.9,0,0,1,0,1,0,0,0
3929,2025-12-07 23:01:00,4376.6,0,1,1,1,1,0,0,0
3930,2025-12-07 23:45:00,4373.0,0,0,1,0,1,0,0,0
3931,2025-12-08 01:12:00,4377.5,0,1,1,1,1,0,0,0
3932,2025-12-08 04:37:00,4383.9,0,0,1,0,1,0,0,0
3933,2025-12-08 05:37:00,4386.5,1,0,1,-1,1,0,0,0
3933,2025-12-08 05:37:00,4386.6,1,0,1,-1,1,0,0,0
3933,2025-12-08 05:37:00,4386.7,1,0,1,-1,1,0,0,0
3934,2025-12-08 05:39:00,4386.6,0,1,1,1,1,0,0,0
3935,2025-12-08 06:23:00,4388.9,2,0,2,-2,1,0,0,0
3936,2025-12-08 06:27:00,4389.1,0,1,1,1,1,0,0,0
3937,2025-12-08 06:31:00,4388.5,1,0,1,-1,1,0,0,0
3938,2025-12-08 06:36:00,4389.4,0,1,1,1,1,0,0,0
3939,2025-12-08 06:48:00,4388.5,0,0,1,0,1,0,0,0
3940,2025-12-08 07:06:00,4385.5,0,0,1,0,1,0,0,0
3941,2025-12-08 08:00:00,4375.5,0,0,1,0,1,0,0,0
3942,2025-12-08 08:08:00,4383.3,1,0,1,-1,1,0,0,0
3943,2025-12-08 09:22:00,4380.0,0,0,1,0,1,0,0,0
3944,2025-12-08 09:24:00,4379.9,1,0,1,-1,1,0,0,0
3945,2025-12-08 10:31:00,4376.0,0,0,1,0,1,0,0,0
3946,2025-12-08 11:06:00,4373.0,0,0,1,0,1,0,0,0
3947,2025-12-08 11:42:00,4385.9,1,0,1,-1,1,0,0,0
3948,2025-12-08 12:42:00,4384.5,1,0,1,-1,1,0,0,0
3948,2025-12-08 12:42:00,4384.6,1,0,1,-1,1,0,0,0
3948,2025-12-08 12:42:00,4384.7,1,0,1,-1,1,0,0,0
3948,2025-12-08 12:42:00,4384.8,1,0,1,-1,1,0,0,0
3948,2025-12-08 12:42:00,4385.3,0,1,1,1,1,0,0,0
3949,2025-12-08 12:51:00,4387.0,0,0,1,0,1,0,0,0
3950,2025-12-08 13:09:00,4378.5,1,0,1,-1,1,0,0,0
3951,2025-12-08 13:14:00,4383.4,1,0,1,-1,1,0,0,0
3952,2025-12-08 13:23:00,4380.7,0,0,1,0,1,0,0,0
3953,2025-12-08 13:24:00,4379.2,0,0,1,0,1,0,0,0
3954,2025-12-08 13:29:00,4375.5,1,0,1,-1,1,0,0,0
3955,2025-12-08 13:30:00,4376.3,0,1,1,1,1,0,0,0
3956,2025-12-08 13:50:00,4376.1,1,0,1,-1,1,0,0,0
3957,2025-12-08 13:51:00,4372.9,1,0,1,-1,1,0,0,0
3957,2025-12-08 13:51:00,4373.3,0,0,1,0,1,0,0,0
3958,2025-12-08 13:56:00,4370.7,1,0,1,-1,1,0,0,0
3959,2025-12-08 14:03:00,4371.3,1,0,1,-1,1,0,0,0
3959,2025-12-08 14:03:00,4371.5,1,0,1,-1,1,0,0,0
3960,2025-12-08 14:10:00,4379.5,1,0,1,-1,1,0,0,0
3960,2025-12-08 14:10:00,4379.6,1,0,1,-1,1,0,0,0
3960,2025-12-08 14:10:00,4379.8,0,0,1,0,1,0,0,0
3961,2025-12-08 14:15:00,4382.2,0,0,1,0,1,0,0,0
3962,2025-12-08 14:16:00,4382.4,0,0,1,0,1,0,0,0
3963,2025-12-08 14:18:00,4382.3,1,0,1,-1,1,0,0,0
3963,2025-12-08 14:18:00,4382.4,1,0,1,-1,1,0,0,0
3964,2025-12-08 14:45:00,4368.0,0,0,1,0,1,0,0,0
3964,2025-12-08 14:45:00,4369.6,2,0,2,-2,2,0,0,0
3965,2025-12-08 14:56:00,4373.2,1,0,1,-1,1,0,0,0
3966,2025-12-08 14:57:00,4378.0,0,0,1,0,1,0,0,0
3967,2025-12-08 14:58:00,4369.0,0,0,1,0,1,0,0,0
3968,2025-12-08 15:00:00,4368.0,0,0,1,0,1,0,0,0
3969,2025-12-08 15:01:00,4364.8,0,1,1,1,1,0,0,0
3970,2025-12-08 15:04:00,4360.0,0,0,1,0,1,0,0,0
3970,2025-12-08 15:04:00,4361.0,0,0,1,0,1,0,0,0
3971,2025-12-08 15:07:00,4352.3,1,0,1,-1,1,0,0,0
3972,2025-12-08 15:09:00,4349.7,1,0,1,-1,1,0,0,0
3972,2025-12-08 15:09:00,4349.8,1,0,1,-1,1,0,0,0
3972,2025-12-08 15:09:00,4350.0,1,0,1,-1,1,0,0,0
3973,2025-12-08 15:11:00,4355.0,0,0,1,0,1,0,0,0
3974,2025-12-08 15:13:00,4353.6,0,1,1,1,1,0,0,0
3975,2025-12-08 15:17:00,4355.5,1,0,1,-1,1,0,0,0
3975,2025-12-08 15:17:00,4355.6,1,0,1,-1,1,0,0,0
3976,2025-12-08 15:19:00,4359.2,0,0,1,0,1,0,0,0
3977,2025-12-08 15:21:00,4360.8,0,0,1,0,1,0,0,0
3978,2025-12-08 15:26:00,4363.0,0,0,1,0,1,0,0,0
3979,2025-12-08 15:33:00,4364.3,0,0,1,0,1,0,0,0
3980,2025-12-08 15:37:00,4361.1,0,0,1,0,1,0,0,0
3981,2025-12-08 15:40:00,4361.6,0,0,1,0,1,0,0,0
3982,2025-12-08 15:48:00,4359.2,0,0,1,0,1,0,0,0
3983,2025-12-08 15:54:00,4357.2,0,0,1,0,1,0,0,0
3984,2025-12-08 16:02:00,4352.1,0,0,1,0,1,0,0,0
3985,2025-12-08 16:09:00,4353.4,0,0,1,0,1,0,0,0
3986,2025-12-08 16:16:00,4357.4,0,0,1,0,1,0,0,0
3987,2025-12-08 16:23:00,4364.3,0,0,1,0,1,0,0,0
3988,2025-12-08 18:29:00,4360.5,0,0,1,0,1,0,0,0
3989,2025-12-08 20:57:00,4364.8,0,1,1,1,1,0,0,0
3990,2025-12-09 01:25:00,4367.1,0,1,1,1,1,0,0,0
3990,2025-12-09 01:25:00,4367.2,0,1,1,1,1,0,0,0
3990,2025-12-09 01:25:00,4367.7,0,2,2,2,1,0,0,0
3990,2025-12-09 01:25:00,4367.8,0,2,2,2,1,0,0,0
3991,2025-12-09 01:26:00,4367.2,0,1,1,1,1,0,0,0
3992,2025-12-09 02:04:00,4369.7,0,1,1,1,1,0,0,0
3993,2025-12-09 02:30:00,4358.9,1,0,1,-1,1,0,0,0
3994,2025-12-09 03:02:00,4363.7,0,1,1,1,1,0,0,0
3995,2025-12-09 03:15:00,4365.5,0,1,1,1,1,0,0,0
3995,2025-12-09 03:15:00,4365.6,0,1,1,1,1,0,0,0
3996,2025-12-09 03:27:00,4368.4,0,0,1,0,1,0,0,0
3997,2025-12-09 03:28:00,4368.3,0,1,1,1,1,0,0,0
3998,2025-12-09 03:30:00,4369.2,0,1,1,1,1,0,0,0
3999,2025-12-09 05:30:00,4353.9,1,0,1,-1,1,0,0,0
4000,2025-12-09 05:38:00,4354.4,1,0,1,-1,1,0,0,0
4001,2025-12-09 06:22:00,4347.2,0,1,1,1,1,0,0,0
4002,2025-12-09 06:40:00,4351.3,1,0,1,-1,1,0,0,0
4002,2025-12-09 06:40:00,4351.5,2,0,2,-2,1,0,0,0
4002,2025-12-09 06:40:00,4351.6,4,0,4,-4,1,0,0,0
4002,2025-12-09 06:40:00,4351.9,1,0,1,-1,1,0,0,0
4002,2025-12-09 06:40:00,4352.0,2,0,2,-2,1,0,0,0
4003,2025-12-09 06:49:00,4352.1,0,0,1,0,1,0,0,0
4004,2025-12-09 07:21:00,4351.1,0,0,1,0,1,0,0,0
4005,2025-12-09 07:37:00,4351.5,0,0,1,0,1,0,0,0
4006,2025-12-09 07:54:00,4352.9,0,0,1,0,1,0,0,0
4007,2025-12-09 07:58:00,4352.8,0,0,1,0,1,0,0,0
4008,2025-12-09 07:59:00,4352.4,0,0,1,0,1,0,0,0
4009,2025-12-09 08:00:00,4353.7,0,1,1,1,1,0,0,0
4010,2025-12-09 08:08:00,4355.4,0,0,1,0,1,0,0,0
4011,2025-12-09 08:10:00,4356.7,0,1,1,1,1,0,0,0
4012,2025-12-09 08:11:00,4356.9,0,0,1,0,1,0,0,0
4013,2025-12-09 08:17:00,4358.3,0,0,1,0,1,0,0,0
4014,2025-12-09 08:23:00,4357.7,0,0,1,0,1,0,0,0
4015,2025-12-09 08:26:00,4357.1,0,0,2,0,2,0,0,0
4016,2025-12-09 08:31:00,4358.0,0,0,1,0,1,0,0,0
4017,2025-12-09 08:37:00,4357.9,0,0,1,0,1,0,0,0
4018,2025-12-09 08:39:00,4358.1,0,0,1,0,1,0,0,0
4019,2025-12-09 08:43:00,4358.9,0,0,1,0,1,0,0,0
4020,2025-12-09 08:44:00,4361.3,0,0,1,0,1,0,0,0
4021,2025-12-09 08:48:00,4361.4,0,0,1,0,1,0,0,0
4022,2025-12-09 08:53:00,4360.6,0,0,1,0,1,0,0,0
4023,2025-12-09 08:59:00,4362.4,0,1,2,1,2,0,0,0
4024,2025-12-09 09:01:00,4362.5,0,0,1,0,1,0,0,0
4025,2025-12-09 09:02:00,4367.0,0,0,1,0,1,0,0,0
4026,2025-12-09 09:04:00,4367.5,0,1,1,1,1,0,0,0
4026,2025-12-09 09:04:00,4369.3,0,0,1,0,1,0,0,0
4027,2025-12-09 09:06:00,4372.6,0,1,1,1,1,0,0,0
4028,2025-12-09 09:11:00,4375.2,1,0,2,-1,2,0,0,0
4029,2025-12-09 09:14:00,4374.9,0,0,1,0,1,0,0,0
4030,2025-12-09 09:15:00,4375.6,0,0,1,0,1,0,0,0
4031,2025-12-09 09:18:00,4379.8,0,0,2,0,1,0,0,0
4032,2025-12-09 09:20:00,4380.4,0,0,1,0,1,0,0,0
4033,2025-12-09 09:21:00,4381.3,0,0,2,0,2,0,0,0
4034,2025-12-09 09:22:00,4382.9,0,1,2,1,2,0,0,0
4035,2025-12-09 09:25:00,4379.0,0,0,1,0,1,0,0,0
4035,2025-12-09 09:25:00,4380.1,0,0,2,0,1,0,0,0
4036,2025-12-09 09:29:00,4378.5,0,0,1,0,1,0,0,0
4037,2025-12-09 09:32:00,4376.3,1,0,1,-1,1,0,0,0
4037,2025-12-09 09:32:00,4376.4,2,0,2,-2,1,0,0,0
4037,2025-12-09 09:32:00,4378.8,0,1,1,1,1,0,0,0
4038,2025-12-09 09:33:00,4376.1,1,0,1,-1,1,0,0,0
4038,2025-12-09 09:33:00,4376.3,1,0,1,-1,1,0,0,0
4039,2025-12-09 09:34:00,4376.6,0,0,1,0,1,0,0,0
4040,2025-12-09 09:39:00,4375.3,0,0,1,0,1,0,0,0
4041,2025-12-09 09:41:00,4374.3,2,0,2,-2,1,0,0,0
4042,2025-12-09 09:42:00,4374.8,0,2,2,2,1,0,0,0
4042,2025-12-09 09:42:00,4374.9,0,0,1,0,1,0,0,0
4043,2025-12-09 09:44:00,4374.8,0,0,2,0,1,0,0,0
4044,2025-12-09 09:48:00,4374.9,0,0,1,0,1,0,0,0
4045,2025-12-09 09:53:00,4375.7,0,0,1,0,1,0,0,0
4046,2025-12-09 09:56:00,4373.4,1,0,1,-1,1,0,0,0
4047,2025-12-09 09:57:00,4373.4,0,0,1,0,1,0,0,0
4048,2025-12-09 10:00:00,4374.4,2,0,2,-2,1,0,0,0
4049,2025-12-09 10:02:00,4376.4,0,0,1,0,1,0,0,0
4050,2025-12-09 10:05:00,4374.4,1,0,1,-1,1,0,0,0
4050,2025-12-09 10:05:00,4374.5,1,0,1,-1,1,0,0,0
4051,2025-12-09 10:07:00,4374.6,0,0,1,0,1,0,0,0
4052,2025-12-09 10:08:00,4373.1,1,0,1,-1,1,0,0,0
4052,2025-12-09 10:08:00,4373.2,1,0,1,-1,1,0,0,0
4052,2025-12-09 10:08:00,4373.3,0,0,1,0,1,0,0,0
4053,2025-12-09 10:10:00,4374.3,0,0,2,0,2,0,0,0
4054,2025-12-09 10:15:00,4375.9,0,0,2,0,2,0,0,0
4055,2025-12-09 10:18:00,4378.6,0,0,1,0,1,0,0,0
4056,2025-12-09 10:19:00,4379.1,0,0,1,0,1,0,0,0
4057,2025-12-09 10:23:00,4377.9,0,0,1,0,1,0,0,0
4058,2025-12-09 10:27:00,4376.3,0,0,1,0,1,0,0,0
4059,2025-12-09 10:29:00,4376.3,0,0,1,0,1,0,0,0
4060,2025-12-09 10:32:00,4376.7,0,0,2,0,2,0,0,0
4061,2025-12-09 10:37:00,4375.0,1,0,1,-1,1,0,0,0
4061,2025-12-09 10:37:00,4375.1,1,0,1,-1,1,0,0,0
4061,2025-12-09 10:37:00,4375.8,0,0,1,0,1,0,0,0
4062,2025-12-09 10:38:00,4375.6,0,0,1,0,1,0,0,0
4063,2025-12-09 10:39:00,4373.5,0,0,1,0,1,0,0,0
4064,2025-12-09 10:43:00,4373.1,0,0,2,0,2,0,0,0
4065,2025-12-09 10:47:00,4373.5,0,0,1,0,1,0,0,0
4066,2025-12-09 10:50:00,4374.7,0,0,1,0,1,0,0,0
4067,2025-12-09 10:51:00,4374.9,0,0,1,0,1,0,0,0
4068,2025-12-09 10:55:00,4375.6,0,0,1,0,1,0,0,0
4069,2025-12-09 10:57:00,4375.1,0,0,1,0,1,0,0,0
4070,2025-12-09 11:00:00,4375.3,0,0,1,0,1,0,0,0
4071,2025-12-09 11:02:00,4375.9,0,0,1,0,1,0,0,0
4072,2025-12-09 11:05:00,4374.1,0,0,1,0,1,0,0,0
4073,2025-12-09 11:06:00,4375.4,0,1,1,1,1,0,0,0
4073,2025-12-09 11:06:00,4375.5,0,1,1,1,1,0,0,0
4073,2025-12-09 11:06:00,4375.6,0,1,1,1,1,0,0,0
4073,2025-12-09 11:06:00,4375.7,0,1,1,1,1,0,0,0
4074,2025-12-09 11:07:00,4376.2,0,0,1,0,1,0,0,0
4075,2025-12-09 11:10:00,4374.3,0,0,1,0,1,0,0,0
4076,2025-12-09 11:13:00,4373.9,0,0,1,0,1,0,0,0
4077,2025-12-09 11:14:00,4373.5,0,0,1,0,1,0,0,0
4078,2025-12-09 11:19:00,4372.8,0,0,2,0,2,0,0,0
4079,2025-12-09 11:24:00,4376.3,0,0,1,0,1,0,0,0
4079,2025-12-09 11:24:00,4376.6,0,0,1,0,1,0,0,0
4080,2025-12-09 11:25:00,4376.7,0,0,1,0,1,0,0,0
4081,2025-12-09 11:29:00,4374.2,0,0,1,0,1,0,0,0
4082,2025-12-09 11:30:00,4375.4,0,0,1,0,1,0,0,0
4083,2025-12-09 11:32:00,4376.9,0,0,1,0,1,0,0,0
4084,2025-12-09 11:33:00,4375.8,0,0,1,0,1,0,0,0
4084,2025-12-09 11:33:00,4377.3,0,0,1,0,1,0,0,0
4085,2025-12-09 11:38:00,4375.1,0,0,1,0,1,0,0,0
4086,2025-12-09 11:39:00,4374.6,0,0,1,0,1,0,0,0
4087,2025-12-09 11:40:00,4375.7,0,0,1,0,1,0,0,0
4088,2025-12-09 11:41:00,4376.3,0,0,1,0,1,0,0,0
4089,2025-12-09 11:42:00,4376.3,0,0,1,0,1,0,0,0
4090,2025-12-09 11:46:00,4376.3,0,0,1,0,1,0,0,0
4091,2025-12-09 11:48:00,4377.1,0,0,1,0,1,0,0,0
4091,2025-12-09 11:48:00,4377.2,0,0,1,0,1,0,0,0
4092,2025-12-09 11:54:00,4375.9,0,0,1,0,1,0,0,0
4092,2025-12-09 11:54:00,4376.3,0,0,1,0,1,0,0,0
4093,2025-12-09 11:55:00,4376.0,0,0,1,0,1,0,0,0
4094,2025-12-09 11:56:00,4376.0,0,0,1,0,1,0,0,0
4095,2025-12-09 11:59:00,4374.0,0,0,1,0,1,0,0,0
4096,2025-12-09 12:00:00,4375.0,0,0,1,0,1,0,0,0
4097,2025-12-09 12:03:00,4374.8,0,0,1,0,1,0,0,0
4098,2025-12-09 12:07:00,4375.1,0,0,1,0,1,0,0,0
4099,2025-12-09 12:09:00,4374.1,0,0,2,0,2,0,0,0
4100,2025-12-09 12:10:00,4374.1,0,0,1,0,1,0,0,0
4101,2025-12-09 12:11:00,4373.6,0,0,1,0,1,0,0,0
4101,2025-12-09 12:11:00,4373.7,0,0,1,0,1,0,0,0
4102,2025-12-09 12:13:00,4371.8,1,0,1,-1,1,0,0,0
4102,2025-12-09 12:13:00,4371.9,1,0,1,-1,1,0,0,0
4102,2025-12-09 12:13:00,4372.5,0,0,1,0,1,0,0,0
4103,2025-12-09 12:16:00,4373.4,0,0,1,0,1,0,0,0
4104,2025-12-09 12:18:00,4371.4,0,0,1,0,1,0,0,0
4105,2025-12-09 12:21:00,4370.4,0,0,2,0,2,0,0,0
4106,2025-12-09 12:29:00,4374.2,0,0,1,0,1,0,0,0
4107,2025-12-09 12:35:00,4374.0,0,0,1,0,1,0,0,0
4108,2025-12-09 12:42:00,4373.8,0,0,1,0,1,0,0,0
4109,2025-12-09 12:45:00,4372.9,0,0,1,0,1,0,0,0
4110,2025-12-09 12:46:00,4374.4,0,0,1,0,1,0,0,0
4111,2025-12-09 12:52:00,4377.3,0,0,1,0,1,0,0,0
4112,2025-12-09 12:58:00,4375.8,0,0,1,0,1,0,0,0
4113,2025-12-09 13:03:00,4377.5,0,0,1,0,1,0,0,0
4114,2025-12-09 13:08:00,4378.2,0,0,1,0,1,0,0,0
4115,2025-12-09 13:13:00,4376.7,2,0,2,-2,1,0,0,0
4115,2025-12-09 13:13:00,4376.8,0,0,1,0,1,0,0,0
4116,2025-12-09 13:15:00,4373.9,0,0,1,0,1,0,0,0
4117,2025-12-09 13:20:00,4376.6,0,0,1,0,1,0,0,0
4118,2025-12-09 13:27:00,4371.4,0,0,1,0,1,0,0,0
4119,2025-12-09 13:31:00,4368.0,0,0,1,0,1,0,0,0
4120,2025-12-09 13:33:00,4367.9,3,0,3,-3,2,0,0,0
4120,2025-12-09 13:33:00,4368.0,1,0,1,-1,1,0,0,0
4120,2025-12-09 13:33:00,4368.7,2,0,2,-2,2,0,0,0
4121,2025-12-09 13:38:00,4368.6,0,0,1,0,1,0,0,0
4122,2025-12-09 13:43:00,4369.9,0,0,1,0,1,0,0,0
4123,2025-12-09 13:50:00,4372.8,0,0,1,0,1,0,0,0
4124,2025-12-09 14:11:00,4362.1,1,0,2,-1,2,0,0,0
4125,2025-12-09 14:17:00,4362.2,1,0,1,-1,1,0,0,0
4126,2025-12-09 14:23:00,4363.6,0,1,1,1,1,0,0,0
4127,2025-12-09 14:29:00,4365.5,0,1,1,1,1,0,0,0
4128,2025-12-09 14:36:00,4371.8,0,1,1,1,1,0,0,0
4129,2025-12-09 14:41:00,4373.0,0,0,2,0,1,0,0,0
4130,2025-12-09 14:42:00,4373.7,2,0,2,-2,1,0,0,0
4130,2025-12-09 14:42:00,4373.8,1,0,1,-1,1,0,0,0
4130,2025-12-09 14:42:00,4374.9,0,1,1,1,1,0,0,0
4131,2025-12-09 14:48:00,4376.8,0,1,1,1,1,0,0,0
4132,2025-12-09 14:49:00,4377.3,1,0,1,-1,1,0,0,0
4133,2025-12-09 14:52:00,4378.2,1,0,1,-1,1,0,0,0
4133,2025-12-09 14:52:00,4378.3,0,1,1,1,1,0,0,0
4134,2025-12-09 14:53:00,4380.0,1,0,1,-1,1,0,0,0
4135,2025-12-09 14:54:00,4382.5,0,1,1,1,1,0,0,0
4136,2025-12-09 15:00:00,4370.0,0,0,1,0,1,0,0,0
4137,2025-12-09 15:25:00,4378.5,2,0,2,-2,1,0,0,0
4138,2025-12-09 15:26:00,4379.2,0,1,1,1,1,0,0,0
4139,2025-12-09 15:29:00,4381.0,0,2,2,2,2,0,0,0
4140,2025-12-09 15:33:00,4375.2,0,0,1,0,1,0,0,0
4140,2025-12-09 15:33:00,4376.0,0,0,2,0,1,0,0,0
4141,2025-12-09 15:58:00,4384.1,0,0,1,0,1,0,0,0
4142,2025-12-09 16:00:00,4384.1,0,1,1,1,1,0,0,0
4142,2025-12-09 16:00:00,4384.3,1,0,1,-1,1,0,0,0
4142,2025-12-09 16:00:00,4384.5,0,0,1,0,1,0,0,0
4143,2025-12-09 16:03:00,4388.4,0,1,1,1,1,0,0,0
4144,2025-12-09 16:04:00,4389.2,0,0,1,0,1,0,0,0
4145,2025-12-09 16:06:00,4385.9,0,0,1,0,1,0,0,0
4145,2025-12-09 16:06:00,4388.1,1,0,1,-1,1,0,0,0
4145,2025-12-09 16:06:00,4388.2,0,1,1,1,1,0,0,0
4146,2025-12-09 16:09:00,4386.8,0,1,1,1,1,0,0,0
4147,2025-12-09 16:16:00,4391.9,1,0,1,-1,1,0,0,0
4147,2025-12-09 16:16:00,4393.0,0,1,1,1,1,0,0,0
4148,2025-12-09 16:38:00,4391.1,0,2,2,2,2,0,0,0
4149,2025-12-09 16:44:00,4394.6,0,1,1,1,1,0,0,0
4150,2025-12-09 16:45:00,4395.0,0,0,1,0,1,0,0,0
4151,2025-12-09 16:54:00,4389.5,0,1,1,1,1,0,0,0
4152,2025-12-09 18:29:00,4382.1,0,0,1,0,1,0,0,0
4153,2025-12-09 18:59:00,4383.8,0,2,2,2,2,0,0,0
4153,2025-12-09 18:59:00,4384.0,0,1,1,1,1,0,0,0
4154,2025-12-09 20:47:00,4387.4,0,0,1,0,1,0,0,0
4155,2025-12-10 01:58:00,4389.0,0,0,1,0,1,0,0,0
4156,2025-12-10 02:03:00,4391.0,0,1,1,1,1,0,0,0
4157,2025-12-10 02:04:00,4390.9,1,0,1,-1,1,0,0,0
4158,2025-12-10 02:11:00,4392.5,0,1,1,1,1,0,0,0
4159,2025-12-10 02:20:00,4387.0,1,0,1,-1,1,0,0,0
4160,2025-12-10 02:39:00,4391.2,0,0,1,0,1,0,0,0
4161,2025-12-10 03:12:00,4387.1,1,0,1,-1,1,0,0,0
4162,2025-12-10 03:15:00,4384.1,1,0,1,-1,1,0,0,0
4162,2025-12-10 03:15:00,4384.5,0,1,1,1,1,0,0,0
4163,2025-12-10 03:53:00,4379.9,0,0,1,0,1,0,0,0
4164,2025-12-10 06:34:00,4377.8,1,0,1,-1,1,0,0,0
4165,2025-12-10 07:11:00,4378.7,1,0,1,-1,1,0,0,0
4166,2025-12-10 07:53:00,4377.8,0,0,1,0,1,0,0,0
4167,2025-12-10 08:10:00,4374.8,1,0,1,-1,1,0,0,0
4168,2025-12-10 08:38:00,4375.6,1,0,1,-1,1,0,0,0
4168,2025-12-10 08:38:00,4375.8,5,0,5,-5,1,0,0,0
4168,2025-12-10 08:38:00,4376.0,1,0,1,-1,1,0,0,0
4169,2025-12-10 08:39:00,4374.3,1,0,1,-1,1,0,0,0
4169,2025-12-10 08:39:00,4374.6,1,0,1,-1,1,0,0,0
4170,2025-12-10 08:42:00,4374.8,0,0,1,0,1,0,0,0
4171,2025-12-10 08:44:00,4373.7,0,1,1,1,1,0,0,0
4172,2025-12-10 08:45:00,4372.0,0,0,1,0,1,0,0,0
4173,2025-12-10 08:47:00,4374.7,0,0,1,0,1,0,0,0
4174,2025-12-10 08:51:00,4373.5,0,0,1,0,1,0,0,0
4175,2025-12-10 08:57:00,4372.5,0,0,1,0,1,0,0,0
4176,2025-12-10 08:58:00,4371.5,1,0,1,-1,1,0,0,0
4176,2025-12-10 08:58:00,4371.7,1,0,1,-1,1,0,0,0
4177,2025-12-10 08:59:00,4370.7,0,0,1,0,1,0,0,0
4178,2025-12-10 09:05:00,4372.1,0,0,1,0,1,0,0,0
4179,2025-12-10 09:08:00,4372.8,0,0,1,0,1,0,0,0
4180,2025-12-10 09:14:00,4370.6,0,0,1,0,1,0,0,0
4181,2025-12-10 09:18:00,4370.2,0,0,1,0,1,0,0,0
4182,2025-12-10 09:20:00,4369.4,0,0,1,0,1,0,0,0
4183,2025-12-10 09:26:00,4370.1,0,0,1,0,1,0,0,0
4184,2025-12-10 09:29:00,4371.6,0,0,1,0,1,0,0,0
4185,2025-12-10 09:35:00,4369.0,0,0,1,0,1,0,0,0
4186,2025-12-10 09:38:00,4368.5,0,0,1,0,1,0,0,0
4187,2025-12-10 09:41:00,4368.6,0,0,1,0,1,0,0,0
4188,2025-12-10 09:47:00,4367.6,0,0,1,0,1,0,0,0
4189,2025-12-10 09:50:00,4368.1,0,0,1,0,1,0,0,0
4190,2025-12-10 09:55:00,4367.3,0,0,1,0,1,0,0,0
4191,2025-12-10 09:57:00,4366.8,2,0,2,-2,1,0,0,0
4192,2025-12-10 09:58:00,4366.8,0,0,1,0,1,0,0,0
4193,2025-12-10 10:00:00,4367.1,0,0,1,0,1,0,0,0
4194,2025-12-10 10:01:00,4367.5,0,0,1,0,1,0,0,0
4194,2025-12-10 10:01:00,4368.2,0,0,1,0,1,0,0,0
4195,2025-12-10 10:07:00,4366.6,0,0,1,0,1,0,0,0
4196,2025-12-10 10:10:00,4366.5,1,0,1,-1,1,0,0,0
4196,2025-12-10 10:10:00,4366.6,1,0,1,-1,1,0,0,0
4196,2025-12-10 10:10:00,4366.7,0,0,1,0,1,0,0,0
4197,2025-12-10 10:16:00,4368.4,0,0,1,0,1,0,0,0
4198,2025-12-10 10:19:00,4368.7,0,0,1,0,1,0,0,0
4199,2025-12-10 10:25:00,4366.3,0,0,1,0,1,0,0,0
4200,2025-12-10 10:27:00,4367.6,0,0,1,0,1,0,0,0
4201,2025-12-10 10:30:00,4365.5,0,0,1,0,1,0,0,0
4202,2025-12-10 10:31:00,4363.9,2,0,2,-2,1,0,0,0
4203,2025-12-10 10:33:00,4361.3,0,0,1,0,1,0,0,0
4204,2025-12-10 10:34:00,4363.4,1,0,1,-1,1,0,0,0
4204,2025-12-10 10:34:00,4364.0,1,0,1,-1,1,0,0,0
4205,2025-12-10 10:37:00,4365.4,0,0,1,0,1,0,0,0
4206,2025-12-10 10:39:00,4367.4,0,0,1,0,1,0,0,0
4207,2025-12-10 10:45:00,4367.3,0,0,1,0,1,0,0,0
4207,2025-12-10 10:45:00,4367.4,2,0,2,-2,1,0,0,0
4208,2025-12-10 10:49:00,4366.5,0,0,1,0,1,0,0,0
4209,2025-12-10 10:51:00,4365.0,0,0,1,0,1,0,0,0
4210,2025-12-10 10:57:00,4366.9,0,0,1,0,1,0,0,0
4211,2025-12-10 11:00:00,4367.0,0,0,1,0,1,0,0,0
4212,2025-12-10 11:07:00,4366.7,0,0,1,0,1,0,0,0
4213,2025-12-10 11:09:00,4366.2,0,0,1,0,1,0,0,0
4214,2025-12-10 11:13:00,4368.6,0,1,1,1,1,0,0,0
4215,2025-12-10 11:15:00,4367.8,0,0,1,0,1,0,0,0
4216,2025-12-10 11:18:00,4368.2,0,0,1,0,1,0,0,0
4217,2025-12-10 11:21:00,4368.5,0,0,1,0,1,0,0,0
4218,2025-12-10 11:26:00,4367.9,0,0,1,0,1,0,0,0
4219,2025-12-10 11:29:00,4368.0,0,0,1,0,1,0,0,0
4220,2025-12-10 11:35:00,4369.4,0,0,1,0,1,0,0,0
4221,2025-12-10 11:40:00,4369.8,0,0,1,0,1,0,0,0
4222,2025-12-10 11:42:00,4369.5,0,0,1,0,1,0,0,0
4223,2025-12-10 11:47:00,4369.4,0,0,1,0,1,0,0,0
4224,2025-12-10 11:51:00,4370.1,0,0,1,0,1,0,0,0
4225,2025-12-10 11:56:00,4369.0,0,0,1,0,1,0,0,0
4226,2025-12-10 12:00:00,4371.2,0,0,1,0,1,0,0,0
4227,2025-12-10 12:05:00,4372.6,0,0,1,0,1,0,0,0
4228,2025-12-10 12:07:00,4373.4,0,0,1,0,1,0,0,0
4229,2025-12-10 12:11:00,4374.8,0,0,1,0,1,0,0,0
4230,2025-12-10 12:12:00,4375.0,2,0,2,-2,1,0,0,0
4230,2025-12-10 12:12:00,4375.1,0,0,1,0,1,0,0,0
4231,2025-12-10 12:19:00,4373.6,0,0,1,0,1,0,0,0
4232,2025-12-10 12:20:00,4372.1,0,0,1,0,1,0,0,0
4233,2025-12-10 12:26:00,4371.7,0,0,1,0,1,0,0,0
4234,2025-12-10 12:29:00,4371.0,0,0,1,0,1,0,0,0
4235,2025-12-10 12:31:00,4370.6,0,0,1,0,1,0,0,0
4236,2025-12-10 12:37:00,4371.6,0,0,1,0,1,0,0,0
4237,2025-12-10 12:41:00,4370.8,0,0,1,0,1,0,0,0
4238,2025-12-10 12:42:00,4372.4,0,0,1,0,1,0,0,0
4239,2025-12-10 12:46:00,4371.2,0,0,1,0,1,0,0,0
4240,2025-12-10 12:49:00,4371.7,0,0,1,0,1,0,0,0
4241,2025-12-10 12:51:00,4369.9,0,0,1,0,1,0,0,0
4242,2025-12-10 12:58:00,4369.7,0,0,1,0,1,0,0,0
4243,2025-12-10 13:00:00,4367.4,0,0,1,0,1,0,0,0
4243,2025-12-10 13:00:00,4368.1,0,0,1,0,1,0,0,0
4244,2025-12-10 13:06:00,4370.7,0,0,1,0,1,0,0,0
4245,2025-12-10 13:09:00,4370.4,0,0,1,0,1,0,0,0
4246,2025-12-10 13:15:00,4370.4,0,0,1,0,1,0,0,0
4247,2025-12-10 13:18:00,4371.3,0,0,1,0,1,0,0,0
4248,2025-12-10 13:24:00,4371.1,0,0,1,0,1,0,0,0
4249,2025-12-10 13:28:00,4372.0,5,3,23,-2,13,0,0,0
4249,2025-12-10 13:28:00,4372.1,3,0,3,-3,1,0,0,0
4249,2025-12-10 13:28:00,4372.2,2,0,2,-2,1,0,0,0
4250,2025-12-10 13:30:00,4372.0,0,3,14,3,9,0,0,0
4251,2025-12-10 13:31:00,4371.0,0,1,10,1,6,0,0,0
4252,2025-12-10 13:32:00,4371.0,0,12,36,12,27,0,0,0
4253,2025-12-10 13:33:00,4371.0,0,3,9,3,7,0,0,0
4254,2025-12-10 13:34:00,4371.0,0,4,20,4,14,0,0,0
4255,2025-12-10 13:36:00,4369.5,1,0,3,-1,3,0,0,0
4255,2025-12-10 13:36:00,4370.6,0,0,1,0,1,0,0,0
4256,2025-12-10 13:37:00,4368.3,1,0,1,-1,1,0,0,0
4256,2025-12-10 13:37:00,4369.9,0,0,1,0,1,0,0,0
4256,2025-12-10 13:37:00,4370.0,0,1,17,1,12,0,0,0
4256,2025-12-10 13:37:00,4370.1,0,0,1,0,1,0,0,0
4256,2025-12-10 13:37:00,4370.5,0,0,1,0,1,0,0,0
4257,2025-12-10 13:51:00,4376.1,0,0,1,0,1,0,0,0
4257,2025-12-10 13:51:00,4377.2,0,0,1,0,1,0,0,0
4258,2025-12-10 15:04:00,4372.9,0,0,1,0,1,0,0,0
4259,2025-12-10 15:28:00,4365.9,0,1,1,1,1,0,0,0
4259,2025-12-10 15:28:00,4366.1,0,1,1,1,1,0,0,0
4259,2025-12-10 15:28:00,4366.2,0,3,3,3,1,0,0,0
4259,2025-12-10 15:28:00,4366.3,0,1,1,1,1,0,0,0
4259,2025-12-10 15:28:00,4366.4,7,4,16,-3,11,0,0,0
4259,2025-12-10 15:28:00,4366.6,0,0,1,0,1,0,0,0
4259,2025-12-10 15:28:00,4367.3,0,0,1,0,1,0,0,0
4260,2025-12-10 15:29:00,4368.9,0,0,2,0,1,0,0,0
4260,2025-12-10 15:29:00,4369.0,8,1,19,-7,16,0,0,0
4261,2025-12-10 15:30:00,4368.7,0,0,2,0,1,0,0,0
4261,2025-12-10 15:30:00,4369.1,0,0,1,0,1,0,0,0
4262,2025-12-10 15:32:00,4368.7,0,0,1,0,1,0,0,0
4263,2025-12-10 15:37:00,4370.0,0,0,10,0,8,0,0,0
4264,2025-12-10 15:38:00,4370.0,41,0,79,-41,60,0,0,0
4265,2025-12-10 16:34:00,4373.2,1,0,1,-1,1,0,0,0
4266,2025-12-10 17:06:00,4373.9,0,0,1,0,1,0,0,0
4267,2025-12-10 18:29:00,4370.4,0,0,1,0,1,0,0,0
4268,2025-12-10 19:00:00,4381.7,0,1,1,1,1,0,0,0
4268,2025-12-10 19:00:00,4381.8,0,1,1,1,1,0,0,0
4268,2025-12-10 19:00:00,4382.1,0,1,1,1,1,0,0,0
4268,2025-12-10 19:00:00,4383.3,1,0,1,-1,1,0,0,0
4268,2025-12-10 19:00:00,4383.6,2,0,2,-2,1,0,0,0
4269,2025-12-10 19:04:00,4380.0,0,0,1,0,1,0,0,0
4270,2025-12-10 19:07:00,4386.5,0,1,1,1,1,0,0,0
4270,2025-12-10 19:07:00,4386.6,2,1,3,-1,2,0,0,0
4270,2025-12-10 19:07:00,4386.7,1,0,1,-1,1,0,0,0
4270,2025-12-10 19:07:00,4386.8,0,1,1,1,1,0,0,0
4271,2025-12-10 19:09:00,4391.9,3,0,3,-3,1,0,0,0
4271,2025-12-10 19:09:00,4392.0,0,0,1,0,1,0,0,0
4271,2025-12-10 19:09:00,4393.1,0,2,2,2,1,0,0,0
4271,2025-12-10 19:09:00,4393.3,0,1,1,1,1,0,0,0
4272,2025-12-10 19:11:00,4391.5,0,0,1,0,1,0,0,0
4273,2025-12-10 19:24:00,4383.8,0,0,10,0,6,0,0,0
4274,2025-12-10 19:36:00,4370.8,1,0,1,-1,1,0,0,0
4275,2025-12-10 19:40:00,4370.8,0,0,1,0,1,0,0,0
4276,2025-12-10 19:43:00,4361.0,0,0,1,0,1,0,0,0
4277,2025-12-10 19:58:00,4391.4,0,1,2,1,2,0,0,0
4278,2025-12-10 20:04:00,4398.6,0,1,1,1,1,0,0,0
4279,2025-12-10 20:05:00,4398.4,0,2,2,2,1,0,0,0
4279,2025-12-10 20:05:00,4398.6,0,3,3,3,1,0,0,0
4279,2025-12-10 20:05:00,4398.8,0,3,3,3,1,0,0,0
4279,2025-12-10 20:05:00,4398.9,0,1,1,1,1,0,0,0
4279,2025-12-10 20:05:00,4399.0,0,1,1,1,1,0,0,0
4279,2025-12-10 20:05:00,4399.3,0,1,1,1,1,0,0,0
4279,2025-12-10 20:05:00,4399.4,0,5,12,5,5,0,0,0
4280,2025-12-10 20:07:00,4402.7,1,0,1,-1,1,0,0,0
4281,2025-12-10 20:14:00,4410.1,0,0,1,0,1,0,0,0
4282,2025-12-10 20:15:00,4410.1,0,0,1,0,1,0,0,0
4282,2025-12-10 20:15:00,4411.9,0,2,2,2,1,0,0,0
4282,2025-12-10 20:15:00,4412.0,0,3,3,3,1,0,0,0
4282,2025-12-10 20:15:00,4412.1,0,1,1,1,1,0,0,0
4283,2025-12-10 20:32:00,4407.8,1,0,1,-1,1,0,0,0
4284,2025-12-10 20:33:00,4410.4,0,1,1,1,1,0,0,0
4285,2025-12-10 20:45:00,4410.2,0,1,1,1,1,0,0,0
4286,2025-12-10 21:37:00,4402.3,1,0,1,-1,1,0,0,0
4286,2025-12-10 21:37:00,4402.4,1,0,1,-1,1,0,0,0
4286,2025-12-10 21:37:00,4402.6,1,0,1,-1,1,0,0,0
4286,2025-12-10 21:37:00,4403.0,0,1,1,1,1,0,0,0
4286,2025-12-10 21:37:00,4403.3,0,1,1,1,1,0,0,0
4287,2025-12-10 21:59:00,4405.9,0,2,2,2,1,0,0,0
4288,2025-12-10 23:47:00,4404.6,1,0,1,-1,1,0,0,0
4288,2025-12-10 23:47:00,4404.8,1,0,1,-1,1,0,0,0
4289,2025-12-10 23:48:00,4405.3,0,2,2,2,1,0,0,0
4290,2025-12-10 23:57:00,4407.5,1,0,1,-1,1,0,0,0
4290,2025-12-10 23:57:00,4407.6,1,0,1,-1,1,0,0,0
4291,2025-12-10 23:58:00,4407.9,0,2,2,2,1,0,0,0
4292,2025-12-11 00:05:00,4409.9,1,0,1,-1,1,0,0,0
4292,2025-12-11 00:05:00,4410.1,1,0,1,-1,1,0,0,0
4292,2025-12-11 00:05:00,4410.7,0,1,1,1,1,0,0,0
4292,2025-12-11 00:05:00,4410.8,0,1,1,1,1,0,0,0
4293,2025-12-11 00:18:00,4417.5,1,0,1,-1,1,0,0,0
4293,2025-12-11 00:18:00,4417.7,1,0,1,-1,1,0,0,0
4293,2025-12-11 00:18:00,4418.4,0,2,2,2,1,0,0,0
4294,2025-12-11 01:02:00,4421.1,2,0,2,-2,1,0,0,0
4294,2025-12-11 01:02:00,4421.3,0,2,2,2,1,0,0,0
4295,2025-12-11 02:10:00,4410.0,1,0,1,-1,1,0,0,0
4296,2025-12-11 02:37:00,4400.3,0,1,1,1,1,0,0,0
4297,2025-12-11 02:38:00,4400.2,0,0,2,0,1,0,0,0
4298,2025-12-11 02:49:00,4402.5,0,1,1,1,1,0,0,0
4299,2025-12-11 03:08:00,4393.7,0,1,1,1,1,0,0,0
4300,2025-12-11 03:22:00,4387.0,1,0,1,-1,1,0,0,0
4300,2025-12-11 03:22:00,4387.1,1,0,1,-1,1,0,0,0
4301,2025-12-11 06:53:00,4385.0,0,0,1,0,1,0,0,0
4302,2025-12-11 07:39:00,4387.7,0,0,1,0,1,0,0,0
4303,2025-12-11 09:04:00,4385.1,1,0,1,-1,1,0,0,0
4304,2025-12-11 09:41:00,4387.8,0,1,1,1,1,0,0,0
4305,2025-12-11 10:30:00,4388.1,1,0,1,-1,1,0,0,0
4306,2025-12-11 11:53:00,4383.5,1,0,1,-1,1,0,0,0
4307,2025-12-11 13:09:00,4384.3,1,0,1,-1,1,0,0,0
4308,2025-12-11 13:56:00,4394.0,0,0,1,0,1,0,0,0
4309,2025-12-11 14:00:00,4394.6,0,0,1,0,1,0,0,0
4310,2025-12-11 14:07:00,4395.7,0,2,2,2,2,0,0,0
4311,2025-12-11 14:30:00,4405.4,0,0,1,0,1,0,0,0
4312,2025-12-11 14:45:00,4416.6,0,0,1,0,1,0,0,0
4313,2025-12-11 14:48:00,4409.0,1,0,1,-1,1,0,0,0
4314,2025-12-11 14:59:00,4404.5,0,1,1,1,1,0,0,0
4315,2025-12-11 15:00:00,4405.0,0,0,2,0,2,0,0,0
4316,2025-12-11 15:06:00,4410.4,0,1,1,1,1,0,0,0
4316,2025-12-11 15:06:00,4410.8,0,1,1,1,1,0,0,0
4317,2025-12-11 15:14:00,4412.0,0,0,1,0,1,0,0,0
4318,2025-12-11 15:15:00,4412.0,0,0,1,0,1,0,0,0
4318,2025-12-11 15:15:00,4413.1,0,0,1,0,1,0,0,0
4319,2025-12-11 15:16:00,4413.3,0,0,1,0,1,0,0,0
4320,2025-12-11 15:21:00,4416.4,0,1,1,1,1,0,0,0
4321,2025-12-11 15:54:00,4434.1,1,0,1,-1,1,0,0,0
4322,2025-12-11 15:56:00,4431.8,1,0,1,-1,1,0,0,0
4323,2025-12-11 15:57:00,4428.0,0,0,1,0,1,0,0,0
4324,2025-12-11 15:58:00,4426.2,1,0,1,-1,1,0,0,0
4325,2025-12-11 15:59:00,4429.3,0,0,1,0,1,0,0,0
4325,2025-12-11 15:59:00,4431.0,0,0,1,0,1,0,0,0
4326,2025-12-11 16:00:00,4428.0,0,0,1,0,1,0,0,0
4327,2025-12-11 16:01:00,4428.8,0,0,1,0,1,0,0,0
4328,2025-12-11 16:07:00,4428.0,0,0,1,0,1,0,0,0
4329,2025-12-11 16:12:00,4430.0,0,0,1,0,1,0,0,0
4330,2025-12-11 16:27:00,4434.9,0,0,1,0,1,0,0,0
4331,2025-12-11 16:30:00,4436.0,0,0,1,0,1,0,0,0
4331,2025-12-11 16:30:00,4436.1,0,0,1,0,1,0,0,0
4332,2025-12-11 16:32:00,4431.7,1,0,1,-1,1,0,0,0
4332,2025-12-11 16:32:00,4431.8,3,0,3,-3,1,0,0,0
4332,2025-12-11 16:32:00,4432.0,1,0,1,-1,1,0,0,0
4332,2025-12-11 16:32:00,4433.7,0,1,1,1,1,0,0,0
4333,2025-12-11 16:33:00,4433.1,0,1,2,1,2,0,0,0
4334,2025-12-11 16:35:00,4433.3,1,0,1,-1,1,0,0,0
4335,2025-12-11 16:36:00,4434.4,0,0,1,0,1,0,0,0
4336,2025-12-11 16:37:00,4434.9,1,0,1,-1,1,0,0,0
4336,2025-12-11 16:37:00,4435.0,1,0,1,-1,1,0,0,0
4336,2025-12-11 16:37:00,4435.8,0,1,1,1,1,0,0,0
4336,2025-12-11 16:37:00,4436.0,0,1,1,1,1,0,0,0
4337,2025-12-11 16:38:00,4435.2,1,0,1,-1,1,0,0,0
4338,2025-12-11 16:45:00,4440.0,0,0,1,0,1,0,0,0
4339,2025-12-11 16:46:00,4439.7,1,0,1,-1,1,0,0,0
4339,2025-12-11 16:46:00,4440.2,0,1,1,1,1,0,0,0
4340,2025-12-11 16:47:00,4441.0,0,0,1,0,1,0,0,0
4341,2025-12-11 16:49:00,4450.8,1,0,1,-1,1,0,0,0
4341,2025-12-11 16:49:00,4451.1,0,1,1,1,1,0,0,0
4342,2025-12-11 16:50:00,4450.0,0,0,1,0,1,0,0,0
4342,2025-12-11 16:50:00,4451.2,0,0,1,0,1,0,0,0
4343,2025-12-11 16:54:00,4450.0,0,0,1,0,1,0,0,0
4344,2025-12-11 16:55:00,4450.6,0,0,1,0,1,0,0,0
4345,2025-12-11 16:57:00,4450.0,0,1,1,1,1,0,0,0
4346,2025-12-11 17:06:00,4454.0,1,0,1,-1,1,0,0,0
4346,2025-12-11 17:06:00,4455.0,0,0,1,0,1,0,0,0
4346,2025-12-11 17:06:00,4455.2,0,1,1,1,1,0,0,0
4347,2025-12-11 17:07:00,4456.0,0,0,1,0,1,0,0,0
4348,2025-12-11 17:12:00,4453.0,0,0,1,0,1,0,0,0
4349,2025-12-11 17:13:00,4454.0,0,0,1,0,1,0,0,0
4350,2025-12-11 17:15:00,4452.4,0,0,1,0,1,0,0,0
4350,2025-12-11 17:15:00,4453.0,0,0,1,0,1,0,0,0
4350,2025-12-11 17:15:00,4454.0,0,0,1,0,1,0,0,0
4351,2025-12-11 17:16:00,4453.0,0,0,1,0,1,0,0,0
4352,2025-12-11 17:24:00,4452.5,0,0,1,0,1,0,0,0
4353,2025-12-11 17:26:00,4456.2,0,0,1,0,1,0,0,0
4354,2025-12-11 17:27:00,4454.0,0,0,1,0,1,0,0,0
4355,2025-12-11 17:34:00,4452.3,1,0,1,-1,1,0,0,0
4356,2025-12-11 17:35:00,4451.0,0,0,1,0,1,0,0,0
4357,2025-12-11 17:36:00,4450.0,0,0,1,0,1,0,0,0
4357,2025-12-11 17:36:00,4450.5,0,0,1,0,1,0,0,0
4358,2025-12-11 17:39:00,4451.0,0,0,1,0,1,0,0,0
4358,2025-12-11 17:39:00,4452.0,0,0,1,0,1,0,0,0
4359,2025-12-11 17:48:00,4451.3,0,0,1,0,1,0,0,0
4359,2025-12-11 17:48:00,4452.4,0,0,1,0,1,0,0,0
4360,2025-12-11 17:54:00,4454.5,0,1,1,1,1,0,0,0
4361,2025-12-11 18:06:00,4459.9,0,0,1,0,1,0,0,0
4361,2025-12-11 18:06:00,4460.0,0,0,1,0,1,0,0,0
4361,2025-12-11 18:06:00,4460.5,0,0,1,0,1,0,0,0
4362,2025-12-11 18:07:00,4460.0,0,0,1,0,1,0,0,0
4362,2025-12-11 18:07:00,4460.1,0,0,1,0,1,0,0,0
4362,2025-12-11 18:07:00,4460.3,0,0,1,0,1,0,0,0
4363,2025-12-11 18:16:00,4460.0,0,0,1,0,1,0,0,0
4364,2025-12-11 18:17:00,4460.9,0,0,1,0,1,0,0,0
4365,2025-12-11 18:18:00,4462.7,1,0,1,-1,1,0,0,0
4365,2025-12-11 18:18:00,4463.4,0,1,1,1,1,0,0,0
4366,2025-12-11 18:22:00,4460.0,0,0,1,0,1,0,0,0
4367,2025-12-11 18:23:00,4459.9,0,1,1,1,1,0,0,0
4368,2025-12-11 18:24:00,4460.6,0,0,1,0,1,0,0,0
4369,2025-12-11 18:25:00,4459.7,0,0,1,0,1,0,0,0
4369,2025-12-11 18:25:00,4459.9,0,0,1,0,1,0,0,0
4369,2025-12-11 18:25:00,4460.3,0,1,1,1,1,0,0,0
4369,2025-12-11 18:25:00,4460.6,1,0,1,-1,1,0,0,0
4370,2025-12-11 18:32:00,4457.5,0,0,5,0,4,0,0,0
4371,2025-12-11 18:55:00,4453.6,1,0,1,-1,1,0,0,0
4372,2025-12-11 18:57:00,4449.2,0,0,1,0,1,0,0,0
4373,2025-12-11 18:58:00,4445.7,0,1,1,1,1,0,0,0
4374,2025-12-11 18:59:00,4445.1,0,1,1,1,1,0,0,0
4374,2025-12-11 18:59:00,4445.4,0,0,1,0,1,0,0,0
4374,2025-12-11 18:59:00,4446.5,1,0,1,-1,1,0,0,0
4375,2025-12-11 19:00:00,4443.0,0,0,1,0,1,0,0,0
4375,2025-12-11 19:00:00,4443.4,0,0,1,0,1,0,0,0
4375,2025-12-11 19:00:00,4444.3,0,0,1,0,1,0,0,0
4376,2025-12-11 19:02:00,4444.0,0,0,1,0,1,0,0,0
4377,2025-12-11 19:08:00,4444.4,0,1,1,1,1,0,0,0
4378,2025-12-11 19:11:00,4444.4,0,0,1,0,1,0,0,0
4379,2025-12-11 19:13:00,4447.6,0,0,2,0,2,0,0,0
4380,2025-12-11 19:43:00,4451.4,0,1,1,1,1,0,0,0
4381,2025-12-11 19:49:00,4450.0,0,1,1,1,1,0,0,0
4382,2025-12-11 20:18:00,4442.3,0,1,1,1,1,0,0,0
4383,2025-12-11 20:30:00,4446.2,0,1,1,1,1,0,0,0
4384,2025-12-11 20:47:00,4448.4,1,0,1,-1,1,0,0,0
4385,2025-12-11 20:50:00,4447.5,0,0,1,0,1,0,0,0
4385,2025-12-11 20:50:00,4448.4,0,0,1,0,1,0,0,0
4386,2025-12-11 20:51:00,4450.0,0,0,1,0,1,0,0,0
4387,2025-12-11 20:52:00,4450.3,0,0,1,0,1,0,0,0
4388,2025-12-11 20:53:00,4450.0,0,0,1,0,1,0,0,0
4389,2025-12-11 20:55:00,4450.3,0,0,1,0,1,0,0,0
4390,2025-12-11 21:02:00,4449.9,0,0,1,0,1,0,0,0
4391,2025-12-11 21:29:00,4455.0,0,0,1,0,1,0,0,0
4392,2025-12-12 00:51:00,4450.0,0,0,1,0,1,0,0,0
4393,2025-12-12 01:13:00,4451.0,0,0,1,0,1,0,0,0
4394,2025-12-12 01:20:00,4447.0,0,0,1,0,1,0,0,0
4395,2025-12-12 01:27:00,4445.0,0,0,1,0,1,0,0,0
4396,2025-12-12 01:28:00,4444.4,0,0,1,0,1,0,0,0
4397,2025-12-12 01:41:00,4445.6,0,0,1,0,1,0,0,0
4398,2025-12-12 01:51:00,4450.2,2,0,2,-2,1,0,0,0
4399,2025-12-12 02:09:00,4451.5,0,1,1,1,1,0,0,0
4400,2025-12-12 02:27:00,4449.1,1,0,1,-1,1,0,0,0
4401,2025-12-12 02:33:00,4453.8,0,1,1,1,1,0,0,0
4402,2025-12-12 02:46:00,4449.8,1,0,1,-1,1,0,0,0
4403,2025-12-12 05:26:00,4450.6,0,0,1,0,1,0,0,0
4404,2025-12-12 05:30:00,4453.6,0,0,1,0,1,0,0,0
4405,2025-12-12 05:31:00,4454.8,0,0,1,0,1,0,0,0
4406,2025-12-12 06:23:00,4456.5,0,0,1,0,1,0,0,0
4407,2025-12-12 06:30:00,4457.8,0,1,1,1,1,0,0,0
4408,2025-12-12 06:40:00,4457.9,2,0,2,-2,1,0,0,0
4408,2025-12-12 06:40:00,4458.8,0,1,1,1,1,0,0,0
4409,2025-12-12 06:41:00,4459.2,0,1,1,1,1,0,0,0
4410,2025-12-12 06:42:00,4459.5,1,0,1,-1,1,0,0,0
4410,2025-12-12 06:42:00,4459.6,1,0,1,-1,1,0,0,0
4410,2025-12-12 06:42:00,4460.1,0,1,1,1,1,0,0,0
4411,2025-12-12 07:07:00,4464.0,0,1,1,1,1,0,0,0
4412,2025-12-12 07:10:00,4466.5,0,1,1,1,1,0,0,0
4413,2025-12-12 07:18:00,4463.4,1,0,1,-1,1,0,0,0
4413,2025-12-12 07:18:00,4464.1,0,1,1,1,1,0,0,0
4414,2025-12-12 07:32:00,4466.0,0,1,1,1,1,0,0,0
4415,2025-12-12 07:49:00,4466.0,0,0,1,0,1,0,0,0
4416,2025-12-12 08:06:00,4470.0,0,0,2,0,1,0,0,0
4417,2025-12-12 08:30:00,4471.9,1,0,1,-1,1,0,0,0
4418,2025-12-12 08:31:00,4472.2,0,1,1,1,1,0,0,0
4419,2025-12-12 08:32:00,4473.2,1,0,1,-1,1,0,0,0
4419,2025-12-12 08:32:00,4473.6,0,1,1,1,1,0,0,0
4420,2025-12-12 09:06:00,4489.5,1,0,1,-1,1,0,0,0
4420,2025-12-12 09:06:00,4490.0,0,1,2,1,2,0,0,0
4420,2025-12-12 09:06:00,4490.1,0,1,1,1,1,0,0,0
4421,2025-12-12 09:16:00,4494.7,1,0,1,-1,1,0,0,0
4421,2025-12-12 09:16:00,4494.8,1,0,1,-1,1,0,0,0
4421,2025-12-12 09:16:00,4495.0,0,0,1,0,1,0,0,0
4421,2025-12-12 09:16:00,4495.4,0,1,1,1,1,0,0,0
4421,2025-12-12 09:16:00,4495.5,0,1,1,1,1,0,0,0
4422,2025-12-12 09:49:00,4493.3,0,1,1,1,1,0,0,0
4423,2025-12-12 09:54:00,4497.3,0,1,1,1,1,0,0,0
4424,2025-12-12 10:25:00,4500.0,2,0,2,-2,1,0,0,0
4424,2025-12-12 10:25:00,4500.2,1,0,1,-1,1,0,0,0
4424,2025-12-12 10:25:00,4500.3,1,0,1,-1,1,0,0,0
4424,2025-12-12 10:25:00,4500.4,1,0,1,-1,1,0,0,0
4425,2025-12-12 10:28:00,4500.0,0,1,1,1,1,0,0,0
4426,2025-12-12 10:34:00,4502.7,0,1,1,1,1,0,0,0
4427,2025-12-12 10:37:00,4505.4,0,1,1,1,1,0,0,0
4428,2025-12-12 10:47:00,4513.1,0,1,1,1,1,0,0,0
4429,2025-12-12 10:48:00,4511.9,1,0,1,-1,1,0,0,0
4430,2025-12-12 11:09:00,4516.7,1,0,1,-1,1,0,0,0
4430,2025-12-12 11:09:00,4516.8,1,0,1,-1,1,0,0,0
4430,2025-12-12 11:09:00,4517.4,0,2,2,2,1,0,0,0
4431,2025-12-12 11:11:00,4518.0,0,0,1,0,1,0,0,0
4431,2025-12-12 11:11:00,4518.5,1,0,1,-1,1,0,0,0
4431,2025-12-12 11:11:00,4518.7,1,0,1,-1,1,0,0,0
4431,2025-12-12 11:11:00,4519.7,0,2,2,2,1,0,0,0
4432,2025-12-12 11:15:00,4520.0,0,0,1,0,1,0,0,0
4433,2025-12-12 11:52:00,4522.4,1,1,2,0,2,0,0,0
4433,2025-12-12 11:52:00,4522.5,1,1,2,0,2,0,0,0
4434,2025-12-12 11:59:00,4523.2,0,1,1,1,1,0,0,0
4435,2025-12-12 12:00:00,4523.1,1,0,1,-1,1,0,0,0
4435,2025-12-12 12:00:00,4523.2,1,0,1,-1,1,0,0,0
4435,2025-12-12 12:00:00,4523.8,0,2,2,2,1,0,0,0
4436,2025-12-12 12:02:00,4523.6,0,0,1,0,1,0,0,0
4437,2025-12-12 12:21:00,4517.4,0,1,1,1,1,0,0,0
4438,2025-12-12 12:26:00,4516.2,0,1,1,1,1,0,0,0
4439,2025-12-12 12:35:00,4514.7,3,0,4,-3,2,0,0,0
4439,2025-12-12 12:35:00,4514.8,1,0,1,-1,1,0,0,0
4439,2025-12-12 12:35:00,4514.9,1,0,1,-1,1,0,0,0
4440,2025-12-12 12:49:00,4509.1,0,0,1,0,1,0,0,0
4440,2025-12-12 12:49:00,4509.3,0,0,1,0,1,0,0,0
4441,2025-12-12 13:04:00,4514.4,0,1,1,1,1,0,0,0
4441,2025-12-12 13:04:00,4514.6,0,1,1,1,1,0,0,0
4441,2025-12-12 13:04:00,4514.8,0,3,3,3,1,0,0,0
4441,2025-12-12 13:04:00,4514.9,2,0,3,-2,2,0,0,0
4441,2025-12-12 13:04:00,4515.0,0,1,7,1,5,0,0,0
4442,2025-12-12 13:08:00,4517.9,0,0,1,0,1,0,0,0
4443,2025-12-12 13:11:00,4520.7,0,1,1,1,1,0,0,0
4444,2025-12-12 13:12:00,4518.7,0,1,1,1,1,0,0,0
4444,2025-12-12 13:12:00,4519.9,0,1,1,1,1,0,0,0
4445,2025-12-12 13:13:00,4519.6,0,1,1,1,1,0,0,0
4445,2025-12-12 13:13:00,4519.9,0,2,2,2,1,0,0,0
4445,2025-12-12 13:13:00,4520.0,0,1,3,1,3,0,0,0
4446,2025-12-12 13:14:00,4520.0,0,0,2,0,2,0,0,0
4447,2025-12-12 13:15:00,4521.0,0,0,1,0,1,0,0,0
4448,2025-12-12 13:17:00,4521.3,0,1,1,1,1,0,0,0
4449,2025-12-12 13:30:00,4522.7,0,2,2,2,2,0,0,0
4449,2025-12-12 13:30:00,4526.0,0,0,1,0,1,0,0,0
4449,2025-12-12 13:30:00,4527.0,0,1,4,1,3,0,0,0
4450,2025-12-12 13:31:00,4526.7,1,0,1,-1,1,0,0,0
4450,2025-12-12 13:31:00,4526.8,2,0,2,-2,1,0,0,0
4450,2025-12-12 13:31:00,4527.0,0,2,4,2,4,0,0,0
4450,2025-12-12 13:31:00,4528.0,0,1,1,1,1,0,0,0
4451,2025-12-12 13:35:00,4526.1,0,1,1,1,1,0,0,0
4452,2025-12-12 13:36:00,4526.0,0,0,1,0,1,0,0,0
4453,2025-12-12 13:47:00,4521.0,0,0,1,0,1,0,0,0
4454,2025-12-12 13:49:00,4517.2,0,0,1,0,1,0,0,0
4454,2025-12-12 13:49:00,4517.4,0,1,1,1,1,0,0,0
4454,2025-12-12 13:49:00,4517.7,0,0,1,0,1,0,0,0
4454,2025-12-12 13:49:00,4519.1,0,1,1,1,1,0,0,0
4455,2025-12-12 13:50:00,4518.1,0,0,1,0,1,0,0,0
4455,2025-12-12 13:50:00,4518.3,0,0,1,0,1,0,0,0
4455,2025-12-12 13:50:00,4518.9,0,0,1,0,1,0,0,0
4456,2025-12-12 13:56:00,4522.0,0,1,1,1,1,0,0,0
4457,2025-12-12 14:05:00,4526.6,0,1,1,1,1,0,0,0
4458,2025-12-12 14:10:00,4525.4,1,0,1,-1,1,0,0,0
4458,2025-12-12 14:10:00,4525.5,0,0,1,0,1,0,0,0
4458,2025-12-12 14:10:00,4525.6,1,0,1,-1,1,0,0,0
4458,2025-12-12 14:10:00,4525.7,0,1,1,1,1,0,0,0
4458,2025-12-12 14:10:00,4525.8,0,1,1,1,1,0,0,0
4459,2025-12-12 14:25:00,4520.3,1,0,1,-1,1,0,0,0
4460,2025-12-12 14:28:00,4526.1,2,0,2,-2,1,0,0,0
4460,2025-12-12 14:28:00,4526.8,1,0,1,-1,1,0,0,0
4460,2025-12-12 14:28:00,4527.0,0,1,1,1,1,0,0,0
4461,2025-12-12 14:51:00,4525.3,0,0,1,0,1,0,0,0
4462,2025-12-12 14:54:00,4530.2,0,6,6,6,6,0,0,0
4462,2025-12-12 14:54:00,4530.3,1,0,1,-1,1,0,0,0
4462,2025-12-12 14:54:00,4531.2,0,1,1,1,1,0,0,0
4463,2025-12-12 15:13:00,4528.0,0,0,2,0,2,0,0,0
4464,2025-12-12 15:18:00,4511.0,0,0,1,0,1,0,0,0
4465,2025-12-12 15:20:00,4504.3,0,0,1,0,1,0,0,0
4465,2025-12-12 15:20:00,4504.4,0,0,3,0,2,0,0,0
4466,2025-12-12 15:21:00,4497.0,0,1,1,1,1,0,0,0
4466,2025-12-12 15:21:00,4501.3,1,0,1,-1,1,0,0,0
4467,2025-12-12 15:25:00,4490.5,0,1,1,1,1,0,0,0
4468,2025-12-12 15:27:00,4488.0,1,0,1,-1,1,0,0,0
4469,2025-12-12 15:29:00,4478.2,1,0,1,-1,1,0,0,0
4470,2025-12-12 15:32:00,4489.8,0,1,1,1,1,0,0,0
4471,2025-12-12 15:35:00,4480.0,0,0,1,0,1,0,0,0
4471,2025-12-12 15:35:00,4482.8,0,1,1,1,1,0,0,0
4471,2025-12-12 15:35:00,4482.9,0,1,1,1,1,0,0,0
4472,2025-12-12 15:39:00,4495.3,1,0,1,-1,1,0,0,0
4473,2025-12-12 15:46:00,4502.4,0,1,1,1,1,0,0,0
4474,2025-12-12 15:53:00,4484.4,2,0,2,-2,1,0,0,0
4475,2025-12-12 16:01:00,4463.7,1,0,1,-1,1,0,0,0
4476,2025-12-12 16:04:00,4453.0,0,0,1,0,1,0,0,0
4477,2025-12-12 16:07:00,4461.8,1,0,1,-1,1,0,0,0
4478,2025-12-12 16:09:00,4451.3,1,0,1,-1,1,0,0,0
4479,2025-12-12 16:14:00,4463.7,0,1,1,1,1,0,0,0
4480,2025-12-12 16:15:00,4467.0,0,0,2,0,1,0,0,0
4481,2025-12-12 16:21:00,4452.1,1,0,1,-1,1,0,0,0
4482,2025-12-12 16:27:00,4468.2,0,0,2,0,2,0,0,0
4483,2025-12-12 16:34:00,4458.2,1,0,1,-1,1,0,0,0
4483,2025-12-12 16:34:00,4461.0,1,0,1,-1,1,0,0,0
4484,2025-12-12 16:36:00,4454.0,0,0,1,0,1,0,0,0
4485,2025-12-12 16:37:00,4450.0,0,0,1,0,1,0,0,0
4486,2025-12-12 16:45:00,4454.6,0,0,1,0,1,0,0,0
4487,2025-12-12 16:47:00,4450.3,0,1,1,1,1,0,0,0
4487,2025-12-12 16:47:00,4453.6,1,0,1,-1,1,0,0,0
4488,2025-12-12 17:09:00,4449.9,1,0,1,-1,1,0,0,0
4489,2025-12-12 17:14:00,4454.3,0,0,1,0,1,0,0,0
4490,2025-12-12 17:33:00,4467.8,0,1,1,1,1,0,0,0
4491,2025-12-12 17:40:00,4469.8,0,1,1,1,1,0,0,0
4492,2025-12-12 18:29:00,4475.1,1,0,1,-1,1,0,0,0
4492,2025-12-12 18:29:00,4475.3,1,0,2,-1,2,0,0,0
4492,2025-12-12 18:29:00,4475.5,0,2,2,2,1,0,0,0
4492,2025-12-12 18:29:00,4476.0,0,2,2,2,2,0,0,0
4492,2025-12-12 18:29:00,4476.1,0,1,2,1,2,0,0,0
4492,2025-12-12 18:29:00,4476.3,0,2,3,2,2,0,0,0
4492,2025-12-12 18:29:00,4476.6,1,0,1,-1,1,0,0,0
4492,2025-12-12 18:29:00,4476.7,1,0,1,-1,1,0,0,0
4492,2025-12-12 18:29:00,4476.8,1,1,2,0,2,0,0,0
4492,2025-12-12 18:29:00,4477.0,0,1,1,1,1,0,0,0
4492,2025-12-12 18:29:00,4477.1,0,2,2,2,2,0,0,0
4492,2025-12-12 18:29:00,4477.2,0,3,3,3,3,0,0,0
4492,2025-12-12 18:29:00,4477.6,1,0,1,-1,1,0,0,0
4492,2025-12-12 18:29:00,4477.7,0,3,3,3,1,0,0,0
4492,2025-12-12 18:29:00,4477.8,1,1,2,0,2,0,0,0
4493,2025-12-12 18:43:00,4475.3,1,0,2,-1,2,0,0,0
4494,2025-12-12 19:20:00,4480.0,0,1,1,1,1,0,0,0
4495,2025-12-12 19:45:00,4478.3,0,1,1,1,1,0,0,0
4496,2025-12-12 19:48:00,4476.7,1,0,1,-1,1,0,0,0
4497,2025-12-12 20:25:00,4475.1,1,0,1,-1,1,0,0,0
4498,2025-12-12 20:29:00,4472.0,1,0,1,-1,1,0,0,0
4499,2025-12-14 23:04:00,4480.0,0,0,1,0,1,0,0,0
4500,2025-12-14 23:26:00,4484.2,0,0,1,0,1,0,0,0
4501,2025-12-15 01:11:00,4489.5,0,0,1,0,1,0,0,0
4502,2025-12-15 01:26:00,4495.1,2,0,2,-2,1,0,0,0
4502,2025-12-15 01:26:00,4495.3,1,0,1,-1,1,0,0,0
4502,2025-12-15 01:26:00,4495.4,1,0,1,-1,1,0,0,0
4502,2025-12-15 01:26:00,4495.9,0,2,2,2,1,0,0,0
4503,2025-12-15 01:50:00,4500.0,0,0,1,0,1,0,0,0
4504,2025-12-15 01:51:00,4501.1,0,0,1,0,1,0,0,0
4504,2025-12-15 01:51:00,4501.4,1,0,1,-1,1,0,0,0
4504,2025-12-15 01:51:00,4501.6,1,0,1,-1,1,0,0,0
4504,2025-12-15 01:51:00,4502.2,0,1,1,1,1,0,0,0
4504,2025-12-15 01:51:00,4502.3,0,1,1,1,1,0,0,0
4505,2025-12-15 01:56:00,4504.3,1,0,1,-1,1,0,0,0
4505,2025-12-15 01:56:00,4504.4,1,0,1,-1,1,0,0,0
4506,2025-12-15 01:57:00,4504.8,0,1,1,1,1,0,0,0
4507,2025-12-15 02:07:00,4506.8,0,1,1,1,1,0,0,0
4508,2025-12-15 02:28:00,4505.6,0,1,1,1,1,0,0,0
4509,2025-12-15 02:30:00,4508.2,0,1,1,1,1,0,0,0
4510,2025-12-15 02:44:00,4510.0,0,1,1,1,1,0,0,0
4511,2025-12-15 03:04:00,4509.9,0,1,1,1,1,0,0,0
4512,2025-12-15 03:27:00,4504.6,0,0,1,0,1,0,0,0
4513,2025-12-15 03:33:00,4510.4,0,1,1,1,1,0,0,0
4514,2025-12-15 03:34:00,4509.7,0,0,1,0,1,0,0,0
4515,2025-12-15 04:00:00,4508.5,0,0,1,0,1,0,0,0
4516,2025-12-15 04:06:00,4508.6,1,0,1,-1,1,0,0,0
4517,2025-12-15 04:07:00,4509.0,1,0,1,-1,1,0,0,0
4518,2025-12-15 05:36:00,4521.0,0,0,1,0,1,0,0,0
4518,2025-12-15 05:36:00,4521.4,0,1,1,1,1,0,0,0
4519,2025-12-15 05:42:00,4521.0,0,0,1,0,1,0,0,0
4520,2025-12-15 05:48:00,4522.6,0,1,1,1,1,0,0,0
4521,2025-12-15 06:06:00,4521.6,1,0,1,-1,1,0,0,0
4521,2025-12-15 06:06:00,4523.1,1,1,2,0,2,0,0,0
4522,2025-12-15 06:08:00,4522.4,0,1,1,1,1,0,0,0
4523,2025-12-15 06:18:00,4526.4,0,1,1,1,1,0,0,0
4524,2025-12-15 06:20:00,4527.7,0,1,1,1,1,0,0,0
4525,2025-12-15 06:29:00,4525.5,2,0,2,-2,1,0,0,0
4525,2025-12-15 06:29:00,4525.8,0,1,1,1,1,0,0,0
4526,2025-12-15 07:03:00,4523.3,1,0,1,-1,1,0,0,0
4527,2025-12-15 07:07:00,4522.6,0,0,4,0,2,0,0,0
4528,2025-12-15 07:21:00,4523.9,0,0,1,0,1,0,0,0
4529,2025-12-15 07:31:00,4524.5,3,0,3,-3,1,0,0,0
4530,2025-12-15 07:42:00,4517.7,0,0,1,0,1,0,0,0
4530,2025-12-15 07:42:00,4518.9,0,1,1,1,1,0,0,0
4531,2025-12-15 09:48:00,4524.8,1,0,1,-1,1,0,0,0
4532,2025-12-15 10:00:00,4523.0,1,0,1,-1,1,0,0,0
4533,2025-12-15 10:01:00,4522.9,1,0,1,-1,1,0,0,0
4534,2025-12-15 10:31:00,4521.8,1,0,1,-1,1,0,0,0
4535,2025-12-15 10:33:00,4521.1,1,0,1,-1,1,0,0,0
4536,2025-12-15 12:04:00,4527.2,0,1,1,1,1,0,0,0
4537,2025-12-15 12:09:00,4525.5,0,0,1,0,1,0,0,0
4538,2025-12-15 12:51:00,4529.3,0,0,2,0,2,0,0,0
4539,2025-12-15 13:07:00,4518.3,1,0,1,-1,1,0,0,0
4540,2025-12-15 13:17:00,4520.6,0,1,1,1,1,0,0,0
4541,2025-12-15 13:18:00,4519.8,0,0,1,0,1,0,0,0
4542,2025-12-15 13:25:00,4522.0,0,0,5,0,1,0,0,0
4543,2025-12-15 13:26:00,4522.0,0,0,5,0,3,0,0,0
4543,2025-12-15 13:26:00,4522.4,0,0,1,0,1,0,0,0
4544,2025-12-15 13:30:00,4522.7,0,0,1,0,1,0,0,0
4545,2025-12-15 13:32:00,4523.4,0,0,1,0,1,0,0,0
4546,2025-12-15 13:35:00,4518.9,1,0,1,-1,1,0,0,0
4546,2025-12-15 13:35:00,4519.2,0,0,1,0,1,0,0,0
4547,2025-12-15 13:57:00,4517.3,0,0,1,0,1,0,0,0
4547,2025-12-15 13:57:00,4517.4,1,0,1,-1,1,0,0,0
4548,2025-12-15 13:59:00,4515.0,0,0,1,0,1,0,0,0
4548,2025-12-15 13:59:00,4515.9,1,0,1,-1,1,0,0,0
4549,2025-12-15 14:01:00,4516.0,0,0,1,0,1,0,0,0
4550,2025-12-15 14:06:00,4515.3,1,0,1,-1,1,0,0,0
4551,2025-12-15 14:11:00,4513.0,0,0,1,0,1,0,0,0
4552,2025-12-15 14:16:00,4510.7,0,0,1,0,1,0,0,0
4553,2025-12-15 14:17:00,4511.7,0,0,1,0,1,0,0,0
4554,2025-12-15 14:20:00,4508.0,1,0,1,-1,1,0,0,0
4554,2025-12-15 14:20:00,4508.5,0,0,1,0,1,0,0,0
4554,2025-12-15 14:20:00,4510.5,0,0,1,0,1,0,0,0
4555,2025-12-15 14:37:00,4513.6,1,0,1,-1,1,0,0,0
4556,2025-12-15 14:46:00,4509.6,0,0,1,0,1,0,0,0
4556,2025-12-15 14:46:00,4509.9,0,0,1,0,1,0,0,0
4556,2025-12-15 14:46:00,4510.5,0,0,1,0,1,0,0,0
4556,2025-12-15 14:46:00,4510.6,1,0,1,-1,1,0,0,0
4556,2025-12-15 14:46:00,4511.3,1,0,1,-1,1,0,0,0
4557,2025-12-15 14:47:00,4508.8,0,0,1,0,1,0,0,0
4557,2025-12-15 14:47:00,4509.4,1,0,1,-1,1,0,0,0
4558,2025-12-15 14:52:00,4505.0,0,0,1,0,1,0,0,0
4559,2025-12-15 15:13:00,4507.6,0,1,1,1,1,0,0,0
4560,2025-12-15 15:24:00,4501.2,1,0,1,-1,1,0,0,0
4561,2025-12-15 15:28:00,4492.4,1,0,1,-1,1,0,0,0
4562,2025-12-15 15:31:00,4503.2,0,0,1,0,1,0,0,0
4563,2025-12-15 15:57:00,4501.7,1,0,5,-1,5,0,0,0
4564,2025-12-15 16:00:00,4496.6,1,0,1,-1,1,0,0,0
4565,2025-12-15 16:01:00,4495.0,0,0,1,0,1,0,0,0
4566,2025-12-15 16:15:00,4483.1,0,1,1,1,1,0,0,0
4567,2025-12-15 16:21:00,4480.0,0,0,3,0,3,0,0,0
4568,2025-12-15 16:34:00,4475.4,0,0,1,0,1,0,0,0
4568,2025-12-15 16:34:00,4477.0,0,0,1,0,1,0,0,0
4569,2025-12-15 16:37:00,4465.0,0,0,1,0,1,0,0,0
4570,2025-12-15 16:43:00,4470.5,1,0,1,-1,1,0,0,0
4570,2025-12-15 16:43:00,4470.6,1,0,1,-1,1,0,0,0
4571,2025-12-15 17:05:00,4472.2,1,0,1,-1,1,0,0,0
4572,2025-12-15 17:10:00,4475.2,0,0,1,0,1,0,0,0
4573,2025-12-15 17:12:00,4477.7,0,1,1,1,1,0,0,0
4574,2025-12-15 17:16:00,4472.1,1,0,1,-1,1,0,0,0
4575,2025-12-15 17:35:00,4480.0,1,0,1,-1,1,0,0,0
4576,2025-12-15 17:41:00,4481.6,0,0,1,0,1,0,0,0
4577,2025-12-15 17:42:00,4482.7,0,0,1,0,1,0,0,0
4578,2025-12-15 17:59:00,4482.9,0,0,1,0,1,0,0,0
4579,2025-12-15 18:29:00,4480.6,0,0,1,0,1,0,0,0
4580,2025-12-15 19:31:00,4485.9,0,0,1,0,1,0,0,0
4581,2025-12-15 20:00:00,4491.0,0,0,1,0,1,0,0,0
4582,2025-12-15 20:11:00,4491.4,0,0,1,0,1,0,0,0
4583,2025-12-15 20:14:00,4490.0,0,0,1,0,1,0,0,0
4584,2025-12-15 20:20:00,4485.9,1,0,4,-1,4,0,0,0
4585,2025-12-15 21:33:00,4481.8,0,1,1,1,1,0,0,0
4586,2025-12-15 21:55:00,4483.3,0,1,1,1,1,0,0,0
4587,2025-12-15 21:58:00,4483.8,0,1,1,1,1,0,0,0
4588,2025-12-15 23:12:00,4484.6,0,1,1,1,1,0,0,0
4589,2025-12-15 23:49:00,4484.7,1,0,1,-1,1,0,0,0
4590,2025-12-16 01:31:00,4490.8,0,0,1,0,1,0,0,0
4591,2025-12-16 02:01:00,4483.1,1,0,1,-1,1,0,0,0
4592,2025-12-16 02:05:00,4488.6,0,1,1,1,1,0,0,0
4593,2025-12-16 02:23:00,4484.5,1,0,1,-1,1,0,0,0
4594,2025-12-16 02:56:00,4468.0,1,0,3,-1,2,0,0,0
4595,2025-12-16 02:58:00,4466.3,0,1,1,1,1,0,0,0
4596,2025-12-16 03:06:00,4468.5,1,0,1,-1,1,0,0,0
4597,2025-12-16 03:09:00,4463.5,1,0,1,-1,1,0,0,0
4598,2025-12-16 03:11:00,4459.4,1,0,1,-1,1,0,0,0
4598,2025-12-16 03:11:00,4460.0,0,0,1,0,1,0,0,0
4599,2025-12-16 03:12:00,4461.5,0,0,1,0,1,0,0,0
4599,2025-12-16 03:12:00,4461.9,0,1,1,1,1,0,0,0
4600,2025-12-16 03:16:00,4457.1,1,0,1,-1,1,0,0,0
4601,2025-12-16 03:18:00,4457.1,1,0,1,-1,1,0,0,0
4602,2025-12-16 03:44:00,4461.6,0,1,1,1,1,0,0,0
4603,2025-12-16 05:27:00,4457.2,1,0,1,-1,1,0,0,0
4604,2025-12-16 05:45:00,4457.0,0,1,1,1,1,0,0,0
4605,2025-12-16 07:07:00,4460.0,0,0,1,0,1,0,0,0
4606,2025-12-16 08:06:00,4458.5,1,0,1,-1,1,0,0,0
4607,2025-12-16 08:07:00,4456.7,1,0,1,-1,1,0,0,0
4608,2025-12-16 08:46:00,4460.1,0,1,1,1,1,0,0,0
4609,2025-12-16 09:53:00,4452.6,1,0,1,-1,1,0,0,0
4610,2025-12-16 11:46:00,4452.3,1,0,1,-1,1,0,0,0
4611,2025-12-16 11:53:00,4453.1,1,0,1,-1,1,0,0,0
4612,2025-12-16 12:19:00,4468.1,0,1,1,1,1,0,0,0
4613,2025-12-16 13:30:00,4479.6,0,0,1,0,1,0,0,0
4614,2025-12-16 13:32:00,4489.0,0,0,1,0,1,0,0,0
4615,2025-12-16 13:33:00,4489.4,0,0,1,0,1,0,0,0
4615,2025-12-16 13:33:00,4489.9,0,1,1,1,1,0,0,0
4615,2025-12-16 13:33:00,4490.0,0,0,2,0,2,0,0,0
4616,2025-12-16 13:34:00,4486.6,2,0,2,-2,1,0,0,0
4616,2025-12-16 13:34:00,4486.7,2,0,2,-2,1,0,0,0
4616,2025-12-16 13:34:00,4486.9,2,1,3,-1,2,0,0,0
4616,2025-12-16 13:34:00,4487.0,0,2,2,2,1,0,0,0
4616,2025-12-16 13:34:00,4487.1,0,1,1,1,1,0,0,0
4616,2025-12-16 13:34:00,4489.0,0,0,1,0,1,0,0,0
4617,2025-12-16 13:37:00,4489.5,0,1,1,1,1,0,0,0
4618,2025-12-16 13:41:00,4486.3,0,0,1,0,1,0,0,0
4619,2025-12-16 13:55:00,4485.6,0,1,1,1,1,0,0,0
4619,2025-12-16 13:55:00,4487.7,0,1,1,1,1,0,0,0
4619,2025-12-16 13:55:00,4487.8,0,1,1,1,1,0,0,0
4620,2025-12-16 13:56:00,4488.5,0,2,2,2,2,0,0,0
4620,2025-12-16 13:56:00,4488.7,0,0,1,0,1,0,0,0
4621,2025-12-16 13:58:00,4489.8,0,1,1,1,1,0,0,0
4622,2025-12-16 14:03:00,4496.0,0,0,1,0,1,0,0,0
4623,2025-12-16 14:04:00,4493.9,0,1,1,1,1,0,0,0
4623,2025-12-16 14:04:00,4494.0,0,2,2,2,1,0,0,0
4623,2025-12-16 14:04:00,4494.6,3,0,3,-3,1,0,0,0
4623,2025-12-16 14:04:00,4494.9,1,0,2,-1,2,0,0,0
4623,2025-12-16 14:04:00,4496.5,0,0,1,0,1,0,0,0
4624,2025-12-16 14:18:00,4505.0,3,0,3,-3,1,0,0,0
4624,2025-12-16 14:18:00,4506.3,0,1,1,1,1,0,0,0
4624,2025-12-16 14:18:00,4506.4,0,1,1,1,1,0,0,0
4625,2025-12-16 14:21:00,4508.8,0,1,1,1,1,0,0,0
4626,2025-12-16 14:23:00,4509.7,0,1,1,1,1,0,0,0
4627,2025-12-16 14:24:00,4509.4,0,1,1,1,1,0,0,0
4628,2025-12-16 14:26:00,4508.3,1,0,1,-1,1,0,0,0
4628,2025-12-16 14:26:00,4508.5,1,0,1,-1,1,0,0,0
4628,2025-12-16 14:26:00,4508.7,0,1,1,1,1,0,0,0
4629,2025-12-16 14:28:00,4505.4,1,0,1,-1,1,0,0,0
4630,2025-12-16 14:38:00,4506.0,0,0,1,0,1,0,0,0
4631,2025-12-16 14:49:00,4508.9,0,0,1,0,1,0,0,0
4632,2025-12-16 14:50:00,4509.0,2,0,2,-2,1,0,0,0
4632,2025-12-16 14:50:00,4510.0,0,1,1,1,1,0,0,0
4632,2025-12-16 14:50:00,4510.8,0,1,1,1,1,0,0,0
4633,2025-12-16 14:56:00,4510.0,1,0,1,-1,1,0,0,0
4634,2025-12-16 15:00:00,4502.2,0,0,8,0,4,0,0,0
4635,2025-12-16 15:03:00,4506.2,2,0,2,-2,1,0,0,0
4635,2025-12-16 15:03:00,4507.1,0,0,1,0,1,0,0,0
4636,2025-12-16 15:04:00,4509.5,0,1,1,1,1,0,0,0
4637,2025-12-16 15:20:00,4493.3,0,1,1,1,1,0,0,0
4638,2025-12-16 16:42:00,4475.0,0,1,1,1,1,0,0,0
4639,2025-12-16 16:46:00,4475.4,0,0,1,0,1,0,0,0
4640,2025-12-16 17:04:00,4486.6,0,1,1,1,1,0,0,0
4641,2025-12-16 17:27:00,4480.6,1,0,1,-1,1,0,0,0
4642,2025-12-16 17:28:00,4479.7,1,0,1,-1,1,0,0,0
4642,2025-12-16 17:28:00,4480.0,0,0,1,0,1,0,0,0
4643,2025-12-16 17:30:00,4482.1,0,0,1,0,1,0,0,0
4643,2025-12-16 17:30:00,4483.8,0,1,1,1,1,0,0,0
4643,2025-12-16 17:30:00,4484.0,0,10,10,10,3,0,0,0
4643,2025-12-16 17:30:00,4484.1,0,8,8,8,3,0,0,0
4643,2025-12-16 17:30:00,4484.2,0,2,2,2,1,0,0,0
4643,2025-12-16 17:30:00,4484.4,0,1,1,1,1,0,0,0
4643,2025-12-16 17:30:00,4484.5,0,1,1,1,1,0,0,0
4643,2025-12-16 17:30:00,4484.6,0,3,3,3,1,0,0,0
4643,2025-12-16 17:30:00,4484.7,0,1,1,1,1,0,0,0
4643,2025-12-16 17:30:00,4484.8,0,5,5,5,2,0,0,0
4643,2025-12-16 17:30:00,4484.9,0,4,4,4,1,0,0,0
4643,2025-12-16 17:30:00,4485.6,0,4,4,4,1,0,0,0
4644,2025-12-16 17:31:00,4485.1,0,2,2,2,1,0,0,0
4644,2025-12-16 17:31:00,4485.2,0,1,1,1,1,0,0,0
4644,2025-12-16 17:31:00,4485.3,0,2,2,2,1,0,0,0
4644,2025-12-16 17:31:00,4485.7,0,4,4,4,2,0,0,0
4644,2025-12-16 17:31:00,4485.8,0,3,3,3,2,0,0,0
4644,2025-12-16 17:31:00,4485.9,0,2,2,2,1,0,0,0
4644,2025-12-16 17:31:00,4486.0,0,2,2,2,2,0,0,0
4644,2025-12-16 17:31:00,4486.2,0,2,2,2,1,0,0,0
4644,2025-12-16 17:31:00,4486.3,0,2,2,2,1,0,0,0
4644,2025-12-16 17:31:00,4486.6,0,1,1,1,1,0,0,0
4644,2025-12-16 17:31:00,4486.7,0,2,2,2,1,0,0,0
4644,2025-12-16 17:31:00,4486.8,0,1,1,1,1,0,0,0
4644,2025-12-16 17:31:00,4487.3,0,6,6,6,1,0,0,0
4645,2025-12-16 17:32:00,4486.7,0,2,2,2,1,0,0,0
4645,2025-12-16 17:32:00,4486.8,0,4,4,4,1,0,0,0
4645,2025-12-16 17:32:00,4487.0,0,1,1,1,1,0,0,0
4645,2025-12-16 17:32:00,4487.1,0,1,1,1,1,0,0,0
4645,2025-12-16 17:32:00,4487.2,0,1,1,1,1,0,0,0
4645,2025-12-16 17:32:00,4487.3,0,1,1,1,1,0,0,0
4646,2025-12-16 17:40:00,4483.1,1,0,1,-1,1,0,0,0
4647,2025-12-16 17:57:00,4479.5,1,0,1,-1,1,0,0,0
4647,2025-12-16 17:57:00,4480.0,0,0,1,0,1,0,0,0
4648,2025-12-16 17:58:00,4481.0,0,0,1,0,1,0,0,0
4649,2025-12-16 18:11:00,4479.8,1,0,1,-1,1,0,0,0
4650,2025-12-16 18:29:00,4480.1,1,0,1,-1,1,0,0,0
4650,2025-12-16 18:29:00,4480.3,2,0,2,-2,1,0,0,0
4650,2025-12-16 18:29:00,4480.4,2,0,2,-2,2,0,0,0
4650,2025-12-16 18:29:00,4480.5,1,0,1,-1,1,0,0,0
4650,2025-12-16 18:29:00,4480.8,1,0,1,-1,1,0,0,0
4650,2025-12-16 18:29:00,4480.9,0,0,1,0,1,0,0,0
4650,2025-12-16 18:29:00,4481.0,2,0,2,-2,1,0,0,0
4650,2025-12-16 18:29:00,4481.1,1,0,2,-1,2,0,0,0
4651,2025-12-16 19:26:00,4477.9,1,0,1,-1,1,0,0,0
4651,2025-12-16 19:26:00,4478.4,1,0,1,-1,1,0,0,0
4652,2025-12-16 19:48:00,4493.1,0,1,1,1,1,0,0,0
4653,2025-12-16 20:18:00,4486.9,1,0,1,-1,1,0,0,0
4654,2025-12-16 20:56:00,4482.0,0,0,2,0,2,0,0,0
4655,2025-12-16 21:06:00,4479.2,1,0,1,-1,1,0,0,0
4656,2025-12-16 21:08:00,4477.9,1,0,1,-1,1,0,0,0
4657,2025-12-16 23:05:00,4480.0,0,0,2,0,2,0,0,0
4658,2025-12-16 23:20:00,4483.0,0,0,1,0,1,0,0,0
4659,2025-12-17 00:31:00,4487.8,1,0,1,-1,1,0,0,0
4660,2025-12-17 01:43:00,4500.1,0,1,1,1,1,0,0,0
4661,2025-12-17 02:07:00,4497.5,1,0,1,-1,1,0,0,0
4662,2025-12-17 02:08:00,4494.8,1,0,1,-1,1,0,0,0
4662,2025-12-17 02:08:00,4495.4,1,0,1,-1,1,0,0,0
4662,2025-12-17 02:08:00,4495.7,1,0,1,-1,1,0,0,0
4663,2025-12-17 02:36:00,4492.3,1,0,1,-1,1,0,0,0
4664,2025-12-17 02:39:00,4494.0,0,0,1,0,1,0,0,0
4665,2025-12-17 03:02:00,4496.9,0,1,1,1,1,0,0,0
4666,2025-12-17 03:44:00,4499.8,0,1,1,1,1,0,0,0
4667,2025-12-17 04:00:00,4502.7,0,1,1,1,1,0,0,0
4668,2025-12-17 04:12:00,4503.6,0,1,1,1,1,0,0,0
4669,2025-12-17 04:38:00,4503.0,0,1,1,1,1,0,0,0
4670,2025-12-17 04:43:00,4507.6,0,0,2,0,1,0,0,0
4671,2025-12-17 04:45:00,4509.2,0,1,1,1,1,0,0,0
4672,2025-12-17 04:58:00,4508.7,0,0,1,0,1,0,0,0
4673,2025-12-17 05:09:00,4509.9,0,1,1,1,1,0,0,0
4674,2025-12-17 05:17:00,4511.8,2,0,2,-2,1,0,0,0
4674,2025-12-17 05:17:00,4511.9,1,0,1,-1,1,0,0,0
4674,2025-12-17 05:17:00,4512.1,0,1,1,1,1,0,0,0
4674,2025-12-17 05:17:00,4512.4,0,1,1,1,1,0,0,0
4675,2025-12-17 05:35:00,4515.9,0,1,1,1,1,0,0,0
4676,2025-12-17 05:41:00,4516.2,1,0,1,-1,1,0,0,0
4676,2025-12-17 05:41:00,4516.3,1,0,1,-1,1,0,0,0
4677,2025-12-17 05:42:00,4517.4,0,1,1,1,1,0,0,0
4678,2025-12-17 05:44:00,4518.0,0,1,1,1,1,0,0,0
4679,2025-12-17 05:45:00,4518.8,0,2,2,2,1,0,0,0
4679,2025-12-17 05:45:00,4518.9,0,3,3,3,1,0,0,0
4679,2025-12-17 05:45:00,4519.0,0,2,2,2,2,0,0,0
4679,2025-12-17 05:45:00,4519.2,0,1,1,1,1,0,0,0
4679,2025-12-17 05:45:00,4519.3,0,1,1,1,1,0,0,0
4680,2025-12-17 06:50:00,4506.0,1,0,1,-1,1,0,0,0
4681,2025-12-17 07:00:00,4504.2,1,0,1,-1,1,0,0,0
4682,2025-12-17 07:03:00,4503.5,1,0,1,-1,1,0,0,0
4683,2025-12-17 07:07:00,4504.0,1,0,1,-1,1,0,0,0
4684,2025-12-17 07:33:00,4501.9,0,0,1,0,1,0,0,0
4685,2025-12-17 07:42:00,4498.2,1,0,1,-1,1,0,0,0
4685,2025-12-17 07:42:00,4498.3,1,0,1,-1,1,0,0,0
4685,2025-12-17 07:42:00,4499.0,0,0,1,0,1,0,0,0
4686,2025-12-17 12:25:00,4498.2,0,2,25,2,18,0,0,0
4686,2025-12-17 12:25:00,4498.3,0,0,2,0,1,0,0,0
4686,2025-12-17 12:25:00,4498.4,2,0,4,-2,3,0,0,0
4686,2025-12-17 12:25:00,4498.6,0,0,3,0,1,0,0,0
4686,2025-12-17 12:25:00,4498.8,0,0,2,0,1,0,0,0
4686,2025-12-17 12:25:00,4498.9,2,0,2,-2,1,0,0,0
4686,2025-12-17 12:25:00,4499.0,1,0,4,-1,3,0,0,0
4687,2025-12-17 12:26:00,4498.4,0,0,3,0,1,0,0,0
4688,2025-12-17 12:35:00,4496.0,1,0,1,-1,1,0,0,0
4688,2025-12-17 12:35:00,4496.1,1,0,1,-1,1,0,0,0
4689,2025-12-17 12:50:00,4493.6,1,0,1,-1,1,0,0,0
4690,2025-12-17 13:01:00,4493.1,1,0,1,-1,1,0,0,0
4691,2025-12-17 13:30:00,4511.8,0,1,1,1,1,0,0,0
4692,2025-12-17 13:42:00,4518.6,1,0,1,-1,1,0,0,0
4692,2025-12-17 13:42:00,4518.9,0,1,1,1,1,0,0,0
4692,2025-12-17 13:42:00,4519.0,0,1,1,1,1,0,0,0
4693,2025-12-17 13:46:00,4519.4,0,1,1,1,1,0,0,0
4693,2025-12-17 13:46:00,4519.5,0,3,3,3,1,0,0,0
4693,2025-12-17 13:46:00,4519.6,0,5,5,5,2,0,0,0
4694,2025-12-17 13:48:00,4516.0,0,0,2,0,2,0,0,0
4695,2025-12-17 13:49:00,4515.2,1,0,3,-1,3,0,0,0
4696,2025-12-17 14:01:00,4524.9,1,0,1,-1,1,0,0,0
4696,2025-12-17 14:01:00,4525.0,1,0,1,-1,1,0,0,0
4697,2025-12-17 14:02:00,4525.1,0,1,1,1,1,0,0,0
4697,2025-12-17 14:02:00,4525.2,0,1,1,1,1,0,0,0
4698,2025-12-17 14:12:00,4514.4,1,0,1,-1,1,0,0,0
4699,2025-12-17 14:13:00,4510.3,1,0,1,-1,1,0,0,0
4699,2025-12-17 14:13:00,4510.6,1,0,1,-1,1,0,0,0
4700,2025-12-17 14:17:00,4504.5,0,0,1,0,1,0,0,0
4701,2025-12-17 14:18:00,4505.1,0,0,1,0,1,0,0,0
4702,2025-12-17 14:19:00,4504.5,0,0,1,0,1,0,0,0
4703,2025-12-17 14:20:00,4506.9,0,0,1,0,1,0,0,0
4704,2025-12-17 14:21:00,4504.9,1,0,1,-1,1,0,0,0
4705,2025-12-17 14:22:00,4505.0,0,0,1,0,1,0,0,0
4705,2025-12-17 14:22:00,4506.0,0,0,1,0,1,0,0,0
4706,2025-12-17 14:24:00,4506.0,0,0,1,0,1,0,0,0
4707,2025-12-17 14:30:00,4509.5,0,1,1,1,1,0,0,0
4708,2025-12-17 14:34:00,4516.4,0,1,1,1,1,0,0,0
4709,2025-12-17 14:36:00,4510.0,1,0,1,-1,1,0,0,0
4710,2025-12-17 14:38:00,4515.4,0,1,1,1,1,0,0,0
4711,2025-12-17 14:42:00,4510.0,0,0,1,0,1,0,0,0
4712,2025-12-17 14:45:00,4519.0,1,0,1,-1,1,0,0,0
4712,2025-12-17 14:45:00,4520.4,0,1,1,1,1,0,0,0
4713,2025-12-17 14:55:00,4517.5,0,1,1,1,1,0,0,0
4714,2025-12-17 14:57:00,4518.0,0,0,1,0,1,0,0,0
4715,2025-12-17 15:02:00,4512.9,1,2,18,1,7,0,0,0
4715,2025-12-17 15:02:00,4513.1,2,0,2,-2,1,0,0,0
4715,2025-12-17 15:02:00,4513.2,1,0,1,-1,1,0,0,0
4715,2025-12-17 15:02:00,4513.5,1,0,1,-1,1,0,0,0
4715,2025-12-17 15:02:00,4513.9,1,0,1,-1,1,0,0,0
4715,2025-12-17 15:02:00,4514.1,2,0,2,-2,1,0,0,0
4715,2025-12-17 15:02:00,4514.2,1,0,1,-1,1,0,0,0
4715,2025-12-17 15:02:00,4514.3,4,0,4,-4,1,0,0,0
4715,2025-12-17 15:02:00,4514.6,1,0,1,-1,1,0,0,0
4715,2025-12-17 15:02:00,4514.7,2,0,2,-2,1,0,0,0
4715,2025-12-17 15:02:00,4514.8,3,0,3,-3,1,0,0,0
4715,2025-12-17 15:02:00,4514.9,3,0,3,-3,1,0,0,0
4715,2025-12-17 15:02:00,4515.0,4,0,4,-4,1,0,0,0
4715,2025-12-17 15:02:00,4515.1,1,0,1,-1,1,0,0,0
4715,2025-12-17 15:02:00,4515.2,1,0,1,-1,1,0,0,0
4715,2025-12-17 15:02:00,4515.3,1,0,1,-1,1,0,0,0
4715,2025-12-17 15:02:00,4515.4,3,0,3,-3,1,0,0,0
4715,2025-12-17 15:02:00,4515.5,1,0,1,-1,1,0,0,0
4715,2025-12-17 15:02:00,4515.7,1,0,1,-1,1,0,0,0
4715,2025-12-17 15:02:00,4515.8,3,0,3,-3,1,0,0,0
4715,2025-12-17 15:02:00,4515.9,2,0,2,-2,1,0,0,0
4715,2025-12-17 15:02:00,4516.0,2,0,2,-2,1,0,0,0
4715,2025-12-17 15:02:00,4516.2,5,0,5,-5,1,0,0,0
4715,2025-12-17 15:02:00,4516.3,2,0,2,-2,1,0,0,0
4715,2025-12-17 15:02:00,4516.4,6,0,6,-6,1,0,0,0
4715,2025-12-17 15:02:00,4516.5,3,0,3,-3,1,0,0,0
4715,2025-12-17 15:02:00,4516.6,1,0,1,-1,1,0,0,0
4715,2025-12-17 15:02:00,4516.7,2,0,2,-2,1,0,0,0
4715,2025-12-17 15:02:00,4516.8,3,0,3,-3,1,0,0,0
4715,2025-12-17 15:02:00,4516.9,2,0,2,-2,1,0,0,0
4715,2025-12-17 15:02:00,4517.0,2,0,2,-2,1,0,0,0
4715,2025-12-17 15:02:00,4517.2,1,0,1,-1,1,0,0,0
4715,2025-12-17 15:02:00,4517.3,1,0,1,-1,1,0,0,0
4715,2025-12-17 15:02:00,4517.4,1,0,1,-1,1,0,0,0
4715,2025-12-17 15:02:00,4517.5,3,0,3,-3,1,0,0,0
4715,2025-12-17 15:02:00,4517.6,2,0,2,-2,1,0,0,0
4715,2025-12-17 15:02:00,4517.7,3,0,3,-3,1,0,0,0
4715,2025-12-17 15:02:00,4517.8,1,0,1,-1,1,0,0,0
4715,2025-12-17 15:02:00,4517.9,4,0,4,-4,1,0,0,0
4716,2025-12-17 15:04:00,4520.0,0,1,1,1,1,0,0,0
4717,2025-12-17 15:06:00,4524.1,0,1,1,1,1,0,0,0
4718,2025-12-17 15:14:00,4522.0,0,1,1,1,1,0,0,0
4719,2025-12-17 15:22:00,4518.4,0,0,8,0,4,0,0,0
4720,2025-12-17 15:24:00,4521.6,0,2,2,2,1,0,0,0
4721,2025-12-17 15:25:00,4516.1,0,1,1,1,1,0,0,0
4721,2025-12-17 15:25:00,4516.3,0,1,1,1,1,0,0,0
4721,2025-12-17 15:25:00,4516.4,0,2,2,2,1,0,0,0
4721,2025-12-17 15:25:00,4516.5,0,1,1,1,1,0,0,0
4722,2025-12-17 15:30:00,4525.9,0,1,1,1,1,0,0,0
4723,2025-12-17 15:31:00,4526.6,2,0,2,-2,1,0,0,0
4723,2025-12-17 15:31:00,4527.4,0,1,1,1,1,0,0,0
4724,2025-12-17 15:33:00,4529.0,0,0,1,0,1,0,0,0
4725,2025-12-17 15:40:00,4516.3,0,0,1,0,1,0,0,0
4726,2025-12-17 15:42:00,4511.8,1,0,1,-1,1,0,0,0
4727,2025-12-17 15:44:00,4509.5,1,0,1,-1,1,0,0,0
4728,2025-12-17 15:46:00,4509.7,1,0,1,-1,1,0,0,0
4729,2025-12-17 15:52:00,4510.0,0,0,1,0,1,0,0,0
4729,2025-12-17 15:52:00,4510.9,2,0,2,-2,2,0,0,0
4730,2025-12-17 15:53:00,4505.0,0,0,1,0,1,0,0,0
4730,2025-12-17 15:53:00,4507.6,1,0,1,-1,1,0,0,0
4731,2025-12-17 15:54:00,4506.3,1,0,1,-1,1,0,0,0
4732,2025-12-17 16:15:00,4502.0,0,0,1,0,1,0,0,0
4733,2025-12-17 16:27:00,4500.0,1,0,10,-1,8,0,0,0
4734,2025-12-17 17:04:00,4508.4,1,0,1,-1,1,0,0,0
4735,2025-12-17 17:47:00,4518.7,0,0,1,0,1,0,0,0
4735,2025-12-17 17:47:00,4519.4,0,1,1,1,1,0,0,0
4736,2025-12-17 18:02:00,4524.6,0,0,1,0,1,0,0,0
4736,2025-12-17 18:02:00,4525.0,0,0,1,0,1,0,0,0
4737,2025-12-17 18:15:00,4521.6,0,0,1,0,1,0,0,0
4738,2025-12-17 18:29:00,4522.3,0,0,1,0,1,0,0,0
4738,2025-12-17 18:29:00,4523.0,1,0,1,-1,1,0,0,0
4738,2025-12-17 18:29:00,4523.4,0,1,1,1,1,0,0,0
4739,2025-12-17 18:44:00,4513.1,2,0,2,-2,1,0,0,0
4740,2025-12-17 19:23:00,4521.2,0,1,1,1,1,0,0,0
4741,2025-12-17 19:52:00,4512.3,1,0,1,-1,1,0,0,0
4742,2025-12-17 20:11:00,4517.7,0,1,1,1,1,0,0,0
4743,2025-12-17 20:41:00,4520.8,1,0,1,-1,1,0,0,0
4744,2025-12-17 20:42:00,4522.7,0,0,1,0,1,0,0,0
4745,2025-12-17 21:05:00,4526.0,0,1,1,1,1,0,0,0
4746,2025-12-17 21:21:00,4527.8,0,1,1,1,1,0,0,0
4747,2025-12-17 21:34:00,4521.8,0,1,1,1,1,0,0,0
4748,2025-12-18 01:31:00,4504.0,0,0,1,0,1,0,0,0
4748,2025-12-18 01:31:00,4505.0,0,0,1,0,1,0,0,0
4749,2025-12-18 01:33:00,4506.0,0,0,1,0,1,0,0,0
4750,2025-12-18 01:35:00,4505.0,0,0,1,0,1,0,0,0
4751,2025-12-18 01:44:00,4507.8,0,1,1,1,1,0,0,0
4752,2025-12-18 02:35:00,4517.5,0,1,1,1,1,0,0,0
4753,2025-12-18 03:41:00,4512.2,1,0,1,-1,1,0,0,0
4754,2025-12-18 04:10:00,4509.0,0,0,1,0,1,0,0,0
4755,2025-12-18 04:31:00,4508.0,0,0,1,0,1,0,0,0
4756,2025-12-18 04:36:00,4509.0,0,0,1,0,1,0,0,0
4757,2025-12-18 04:40:00,4508.0,0,0,1,0,1,0,0,0
4758,2025-12-18 04:49:00,4510.0,0,0,1,0,1,0,0,0
4759,2025-12-18 05:11:00,4514.1,0,1,1,1,1,0,0,0
4759,2025-12-18 05:11:00,4514.2,0,1,1,1,1,0,0,0
4760,2025-12-18 07:09:00,4509.9,1,0,1,-1,1,0,0,0
4761,2025-12-18 07:32:00,4516.2,0,1,1,1,1,0,0,0
4762,2025-12-18 08:00:00,4510.6,1,0,1,-1,1,0,0,0
4763,2025-12-18 08:02:00,4509.5,1,0,1,-1,1,0,0,0
4764,2025-12-18 08:04:00,4506.6,1,0,1,-1,1,0,0,0
4764,2025-12-18 08:04:00,4507.0,0,0,1,0,1,0,0,0
4765,2025-12-18 09:21:00,4504.8,1,0,1,-1,1,0,0,0
4766,2025-12-18 09:28:00,4504.0,0,0,1,0,1,0,0,0
4767,2025-12-18 09:55:00,4500.4,0,0,1,0,1,0,0,0
4768,2025-12-18 12:12:00,4505.3,0,1,1,1,1,0,0,0
4769,2025-12-18 12:53:00,4501.9,0,1,1,1,1,0,0,0
4770,2025-12-18 13:31:00,4507.0,0,0,1,0,1,0,0,0
4770,2025-12-18 13:31:00,4510.1,0,0,1,0,1,0,0,0
4771,2025-12-18 13:32:00,4508.7,0,1,1,1,1,0,0,0
4771,2025-12-18 13:32:00,4510.0,0,0,1,0,1,0,0,0
4772,2025-12-18 13:33:00,4507.5,0,1,1,1,1,0,0,0
4772,2025-12-18 13:33:00,4509.0,0,0,1,0,1,0,0,0
4773,2025-12-18 13:35:00,4510.0,0,0,1,0,1,0,0,0
4774,2025-12-18 13:38:00,4513.0,0,0,1,0,1,0,0,0
4775,2025-12-18 13:52:00,4524.3,0,1,1,1,1,0,0,0
4776,2025-12-18 13:57:00,4519.5,0,0,1,0,1,0,0,0
4777,2025-12-18 14:02:00,4520.8,0,1,1,1,1,0,0,0
4777,2025-12-18 14:02:00,4521.4,0,0,1,0,1,0,0,0
4778,2025-12-18 14:05:00,4521.2,0,1,1,1,1,0,0,0
4778,2025-12-18 14:05:00,4521.4,0,1,1,1,1,0,0,0
4779,2025-12-18 14:35:00,4514.3,0,1,1,1,1,0,0,0
4780,2025-12-18 14:36:00,4511.4,2,0,2,-2,1,0,0,0
4781,2025-12-18 14:37:00,4511.5,0,1,1,1,1,0,0,0
4782,2025-12-18 14:45:00,4488.0,0,0,5,0,4,0,0,0
4783,2025-12-18 14:50:00,4495.7,0,1,1,1,1,0,0,0
4784,2025-12-18 15:00:00,4506.5,1,0,1,-1,1,0,0,0
4785,2025-12-18 15:03:00,4514.4,0,1,1,1,1,0,0,0
4786,2025-12-18 15:31:00,4515.3,0,1,1,1,1,0,0,0
4786,2025-12-18 15:31:00,4516.0,0,1,1,1,1,0,0,0
4787,2025-12-18 15:33:00,4518.3,0,0,1,0,1,0,0,0
4787,2025-12-18 15:33:00,4518.4,0,0,1,0,1,0,0,0
4788,2025-12-18 15:35:00,4518.3,0,0,1,0,1,0,0,0
4789,2025-12-18 15:39:00,4520.5,2,0,2,-2,1,0,0,0
4789,2025-12-18 15:39:00,4521.0,0,1,1,1,1,0,0,0
4789,2025-12-18 15:39:00,4521.2,0,1,1,1,1,0,0,0
4790,2025-12-18 16:01:00,4521.0,0,0,1,0,1,0,0,0
4791,2025-12-18 16:05:00,4525.1,1,0,1,-1,1,0,0,0
4791,2025-12-18 16:05:00,4525.2,0,1,1,1,1,0,0,0
4791,2025-12-18 16:05:00,4525.3,0,1,1,1,1,0,0,0
4792,2025-12-18 16:10:00,4531.7,1,0,1,-1,1,0,0,0
4793,2025-12-18 16:11:00,4533.5,0,1,1,1,1,0,0,0
4794,2025-12-18 16:12:00,4545.0,0,0,1,0,1,0,0,0
4795,2025-12-18 16:14:00,4546.8,0,1,1,1,1,0,0,0
4795,2025-12-18 16:14:00,4547.1,1,0,1,-1,1,0,0,0
4796,2025-12-18 16:15:00,4550.0,0,0,1,0,1,0,0,0
4797,2025-12-18 16:16:00,4550.5,1,0,1,-1,1,0,0,0
4797,2025-12-18 16:16:00,4551.0,0,1,1,1,1,0,0,0
4797,2025-12-18 16:16:00,4551.4,0,1,1,1,1,0,0,0
4798,2025-12-18 16:20:00,4557.7,0,1,1,1,1,0,0,0
4799,2025-12-18 16:21:00,4556.8,0,1,1,1,1,0,0,0
4799,2025-12-18 16:21:00,4557.8,1,0,1,-1,1,0,0,0
4800,2025-12-18 16:24:00,4550.2,1,0,1,-1,1,0,0,0
4801,2025-12-18 16:25:00,4553.5,0,1,1,1,1,0,0,0
4802,2025-12-18 16:50:00,4546.2,0,0,1,0,1,0,0,0
4803,2025-12-18 17:01:00,4544.6,0,1,1,1,1,0,0,0
4803,2025-12-18 17:01:00,4544.7,0,3,3,3,1,0,0,0
4803,2025-12-18 17:01:00,4544.9,0,1,1,1,1,0,0,0
4804,2025-12-18 17:11:00,4504.4,1,0,1,-1,1,0,0,0
4805,2025-12-18 17:12:00,4502.4,0,0,1,0,1,0,0,0
4805,2025-12-18 17:12:00,4506.0,0,0,1,0,1,0,0,0
4806,2025-12-18 17:13:00,4505.0,0,0,1,0,1,0,0,0
4807,2025-12-18 17:14:00,4508.0,0,0,1,0,1,0,0,0
4808,2025-12-18 17:15:00,4506.0,0,0,1,0,1,0,0,0
4808,2025-12-18 17:15:00,4508.0,0,0,1,0,1,0,0,0
4809,2025-12-18 17:16:00,4506.0,1,0,1,-1,1,0,0,0
4810,2025-12-18 17:17:00,4505.0,0,0,1,0,1,0,0,0
4811,2025-12-18 17:18:00,4503.0,0,0,1,0,1,0,0,0
4811,2025-12-18 17:18:00,4503.3,1,0,1,-1,1,0,0,0
4811,2025-12-18 17:18:00,4509.0,0,0,1,0,1,0,0,0
4812,2025-12-18 17:20:00,4508.0,0,0,1,0,1,0,0,0
4813,2025-12-18 17:22:00,4512.8,1,0,1,-1,1,0,0,0
4813,2025-12-18 17:22:00,4512.9,3,0,3,-3,1,0,0,0
4813,2025-12-18 17:22:00,4513.1,1,0,1,-1,1,0,0,0
4814,2025-12-18 17:23:00,4509.4,1,0,1,-1,1,0,0,0
4815,2025-12-18 17:24:00,4509.0,0,0,1,0,1,0,0,0
4816,2025-12-18 17:26:00,4505.0,0,0,1,0,1,0,0,0
4817,2025-12-18 17:28:00,4509.0,0,0,1,0,1,0,0,0
4818,2025-12-18 17:30:00,4507.0,0,0,1,0,1,0,0,0
4819,2025-12-18 17:33:00,4512.5,3,0,3,-3,2,0,0,0
4819,2025-12-18 17:33:00,4512.6,1,0,1,-1,1,0,0,0
4819,2025-12-18 17:33:00,4512.7,1,0,1,-1,1,0,0,0
4820,2025-12-18 18:29:00,4513.1,0,0,1,0,1,0,0,0
4821,2025-12-18 18:49:00,4505.9,1,0,1,-1,1,0,0,0
4822,2025-12-18 19:04:00,4506.5,0,0,1,0,1,0,0,0
4823,2025-12-18 19:08:00,4508.8,0,0,1,0,1,0,0,0
4824,2025-12-18 19:28:00,4511.5,0,1,1,1,1,0,0,0
4825,2025-12-18 19:52:00,4505.0,0,0,1,0,1,0,0,0
4826,2025-12-18 19:54:00,4503.7,0,0,1,0,1,0,0,0
4827,2025-12-18 20:17:00,4509.6,0,0,1,0,1,0,0,0
4828,2025-12-18 20:35:00,4516.3,0,1,1,1,1,0,0,0
4829,2025-12-18 20:36:00,4516.2,0,1,1,1,1,0,0,0
4830,2025-12-18 20:46:00,4515.5,0,0,1,0,1,0,0,0
4831,2025-12-18 20:49:00,4516.5,0,1,1,1,1,0,0,0
4832,2025-12-18 20:50:00,4515.3,0,1,1,1,1,0,0,0
4833,2025-12-18 23:10:00,4515.0,0,0,1,0,1,0,0,0
4834,2025-12-18 23:24:00,4515.0,0,0,1,0,1,0,0,0
4835,2025-12-19 00:59:00,4505.0,0,0,1,0,1,0,0,0
4836,2025-12-19 01:00:00,4500.0,0,0,1,0,1,0,0,0
4836,2025-12-19 01:00:00,4503.0,0,0,1,0,1,0,0,0
4837,2025-12-19 01:39:00,4492.8,0,1,1,1,1,0,0,0
4838,2025-12-19 01:41:00,4493.4,0,0,1,0,1,0,0,0
4839,2025-12-19 01:50:00,4496.2,0,1,1,1,1,0,0,0
4840,2025-12-19 02:00:00,4499.7,1,0,1,-1,1,0,0,0
4841,2025-12-19 02:35:00,4498.0,1,0,1,-1,1,0,0,0
4842,2025-12-19 02:36:00,4495.6,1,0,1,-1,1,0,0,0
4843,2025-12-19 02:41:00,4492.1,1,0,1,-1,1,0,0,0
4844,2025-12-19 03:01:00,4488.9,1,0,1,-1,1,0,0,0
4845,2025-12-19 04:07:00,4494.8,0,0,2,0,2,0,0,0
4846,2025-12-19 04:09:00,4494.8,0,0,3,0,3,0,0,0
4847,2025-12-19 05:14:00,4494.0,0,0,1,0,1,0,0,0
4848,2025-12-19 07:42:00,4502.4,0,1,1,1,1,0,0,0
4849,2025-12-19 10:47:00,4505.0,0,0,2,0,1,0,0,0
4850,2025-12-19 12:08:00,4499.7,1,0,1,-1,1,0,0,0
4851,2025-12-19 12:10:00,4496.9,1,0,1,-1,1,0,0,0
4852,2025-12-19 12:14:00,4501.2,0,0,3,0,3,0,0,0
4853,2025-12-19 12:40:00,4504.8,1,0,1,-1,1,0,0,0
4853,2025-12-19 12:40:00,4504.9,1,0,1,-1,1,0,0,0
4853,2025-12-19 12:40:00,4505.0,0,0,2,0,2,0,0,0
4854,2025-12-19 12:57:00,4502.2,0,1,1,1,1,0,0,0
4855,2025-12-19 13:01:00,4504.8,1,0,1,-1,1,0,0,0
4856,2025-12-19 13:07:00,4510.1,0,1,1,1,1,0,0,0
4857,2025-12-19 13:08:00,4508.6,0,1,1,1,1,0,0,0
4858,2025-12-19 13:09:00,4509.0,1,0,1,-1,1,0,0,0
4858,2025-12-19 13:09:00,4509.6,0,1,1,1,1,0,0,0
4859,2025-12-19 13:11:00,4512.0,0,1,1,1,1,0,0,0
4860,2025-12-19 13:13:00,4510.5,0,1,1,1,1,0,0,0
4861,2025-12-19 13:29:00,4513.6,0,1,1,1,1,0,0,0
4862,2025-12-19 14:09:00,4508.5,0,0,1,0,1,0,0,0
4863,2025-12-19 14:13:00,4507.4,1,0,1,-1,1,0,0,0
4863,2025-12-19 14:13:00,4507.5,1,0,1,-1,1,0,0,0
4864,2025-12-19 14:31:00,4508.9,0,0,1,0,1,0,0,0
4865,2025-12-19 14:38:00,4514.9,0,1,1,1,1,0,0,0
4865,2025-12-19 14:38:00,4515.5,0,1,1,1,1,0,0,0
4866,2025-12-19 14:47:00,4501.0,0,1,1,1,1,0,0,0
4866,2025-12-19 14:47:00,4504.0,0,0,1,0,1,0,0,0
4867,2025-12-19 14:49:00,4504.0,0,0,1,0,1,0,0,0
4868,2025-12-19 15:06:00,4523.6,0,1,1,1,1,0,0,0
4869,2025-12-19 15:07:00,4522.7,0,0,1,0,1,0,0,0
4869,2025-12-19 15:07:00,4523.0,0,0,1,0,1,0,0,0
4870,2025-12-19 15:08:00,4524.9,1,0,1,-1,1,0,0,0
4871,2025-12-19 15:10:00,4524.7,1,0,1,-1,1,0,0,0
4871,2025-12-19 15:10:00,4524.8,3,0,3,-3,1,0,0,0
4871,2025-12-19 15:10:00,4524.9,0,1,1,1,1,0,0,0
4872,2025-12-19 15:21:00,4523.5,0,1,1,1,1,0,0,0
4873,2025-12-19 15:22:00,4524.5,0,1,1,1,1,0,0,0
4874,2025-12-19 15:32:00,4521.2,1,0,1,-1,1,0,0,0
4875,2025-12-19 15:44:00,4521.2,0,0,1,0,1,0,0,0
4876,2025-12-19 15:46:00,4523.8,1,0,1,-1,1,0,0,0
4877,2025-12-19 16:01:00,4534.1,1,0,1,-1,1,0,0,0
4878,2025-12-19 16:14:00,4523.8,0,0,1,0,1,0,0,0
4879,2025-12-19 16:24:00,4523.6,1,0,1,-1,1,0,0,0
4880,2025-12-19 16:33:00,4530.1,1,0,1,-1,1,0,0,0
4880,2025-12-19 16:33:00,4530.9,0,1,1,1,1,0,0,0
4881,2025-12-19 16:36:00,4528.6,1,0,1,-1,1,0,0,0
4882,2025-12-19 16:51:00,4529.4,0,0,2,0,2,0,0,0
4883,2025-12-19 17:01:00,4531.0,0,0,1,0,1,0,0,0
4884,2025-12-19 17:31:00,4536.4,0,1,1,1,1,0,0,0
4885,2025-12-19 17:41:00,4534.1,1,0,1,-1,1,0,0,0
4886,2025-12-19 17:49:00,4535.7,0,0,1,0,1,0,0,0
4887,2025-12-19 18:02:00,4533.1,1,0,1,-1,1,0,0,0
4887,2025-12-19 18:02:00,4533.6,0,1,1,1,1,0,0,0
4888,2025-12-19 18:14:00,4535.8,0,0,1,0,1,0,0,0
4889,2025-12-19 18:29:00,4537.4,3,0,3,-3,1,0,0,0
4889,2025-12-19 18:29:00,4537.5,2,0,2,-2,2,0,0,0
4889,2025-12-19 18:29:00,4537.6,2,0,2,-2,2,0,0,0
4889,2025-12-19 18:29:00,4537.7,5,0,5,-5,3,0,0,0
4889,2025-12-19 18:29:00,4537.8,3,0,3,-3,3,0,0,0
4889,2025-12-19 18:29:00,4537.9,2,0,2,-2,1,0,0,0
4889,2025-12-19 18:29:00,4538.0,2,0,2,-2,1,0,0,0
4889,2025-12-19 18:29:00,4538.1,0,0,1,0,1,0,0,0
4889,2025-12-19 18:29:00,4538.2,3,0,3,-3,1,0,0,0
4889,2025-12-19 18:29:00,4538.3,0,0,1,0,1,0,0,0
4890,2025-12-19 18:30:00,4537.6,0,0,1,0,1,0,0,0
4891,2025-12-19 18:53:00,4531.8,1,0,15,-1,12,0,0,0
4892,2025-12-19 20:00:00,4526.4,1,0,1,-1,1,0,0,0
4893,2025-12-19 20:31:00,4524.0,1,0,1,-1,1,0,0,0
4893,2025-12-19 20:31:00,4525.6,0,1,1,1,1,0,0,0
4894,2025-12-19 21:18:00,4520.9,0,1,1,1,1,0,0,0
4895,2025-12-19 21:23:00,4519.2,1,0,1,-1,1,0,0,0
4896,2025-12-21 23:22:00,4529.3,0,1,1,1,1,0,0,0
4896,2025-12-21 23:22:00,4529.4,0,2,2,2,1,0,0,0
4896,2025-12-21 23:22:00,4529.8,0,2,2,2,1,0,0,0
4896,2025-12-21 23:22:00,4529.9,0,3,3,3,2,0,0,0
4896,2025-12-21 23:22:00,4530.0,0,2,2,2,1,0,0,0
4896,2025-12-21 23:22:00,4530.3,0,3,3,3,1,0,0,0
4896,2025-12-21 23:22:00,4530.5,0,1,1,1,1,0,0,0
4896,2025-12-21 23:22:00,4530.6,0,3,3,3,1,0,0,0
4896,2025-12-21 23:22:00,4530.8,0,3,3,3,1,0,0,0
4896,2025-12-21 23:22:00,4530.9,0,1,1,1,1,0,0,0
4896,2025-12-21 23:22:00,4531.0,0,1,1,1,1,0,0,0
4896,2025-12-21 23:22:00,4531.2,0,2,2,2,1,0,0,0
4896,2025-12-21 23:22:00,4531.5,0,1,1,1,1,0,0,0
4896,2025-12-21 23:22:00,4531.6,0,3,3,3,1,0,0,0
4896,2025-12-21 23:22:00,4532.0,0,2,2,2,1,0,0,0
4897,2025-12-21 23:23:00,4531.2,0,2,2,2,1,0,0,0
4897,2025-12-21 23:23:00,4531.4,0,1,1,1,1,0,0,0
4897,2025-12-21 23:23:00,4531.5,0,1,1,1,1,0,0,0
4897,2025-12-21 23:23:00,4531.6,0,4,4,4,3,0,0,0
4897,2025-12-21 23:23:00,4531.7,0,4,4,4,3,0,0,0
4897,2025-12-21 23:23:00,4531.8,0,1,1,1,1,0,0,0
4897,2025-12-21 23:23:00,4532.0,0,2,2,2,1,0,0,0
4897,2025-12-21 23:23:00,4532.1,0,6,6,6,4,0,0,0
4897,2025-12-21 23:23:00,4532.2,0,5,5,5,2,0,0,0
4897,2025-12-21 23:23:00,4532.3,0,1,1,1,1,0,0,0
4897,2025-12-21 23:23:00,4532.6,0,5,5,5,2,0,0,0
4897,2025-12-21 23:23:00,4532.7,0,3,3,3,1,0,0,0
4898,2025-12-21 23:55:00,4537.2,1,0,1,-1,1,0,0,0
4898,2025-12-21 23:55:00,4537.9,0,1,1,1,1,0,0,0
4899,2025-12-22 00:08:00,4542.0,0,0,1,0,1,0,0,0
4900,2025-12-22 00:19:00,4544.8,0,2,2,2,1,0,0,0
4900,2025-12-22 00:19:00,4545.4,0,1,1,1,1,0,0,0
4900,2025-12-22 00:19:00,4545.6,0,2,2,2,2,0,0,0
4901,2025-12-22 00:24:00,4549.8,0,1,1,1,1,0,0,0
4902,2025-12-22 00:28:00,4547.8,0,1,1,1,1,0,0,0
4903,2025-12-22 00:38:00,4547.3,1,0,1,-1,1,0,0,0
4904,2025-12-22 00:51:00,4547.2,0,0,1,0,1,0,0,0
4905,2025-12-22 01:05:00,4554.0,1,0,1,-1,1,0,0,0
4906,2025-12-22 01:08:00,4554.0,0,0,1,0,1,0,0,0
4907,2025-12-22 01:09:00,4551.6,1,0,1,-1,1,0,0,0
4908,2025-12-22 01:12:00,4553.0,0,0,1,0,1,0,0,0
4909,2025-12-22 01:19:00,4545.0,0,0,1,0,1,0,0,0
4910,2025-12-22 01:25:00,4552.3,0,0,1,0,1,0,0,0
4911,2025-12-22 01:32:00,4555.2,0,1,1,1,1,0,0,0
4912,2025-12-22 01:34:00,4553.0,0,0,1,0,1,0,0,0
4913,2025-12-22 01:44:00,4568.4,0,1,1,1,1,0,0,0
4914,2025-12-22 01:57:00,4569.1,0,1,1,1,1,0,0,0
4915,2025-12-22 02:07:00,4564.7,1,0,1,-1,1,0,0,0
4915,2025-12-22 02:07:00,4564.8,1,0,1,-1,1,0,0,0
4915,2025-12-22 02:07:00,4565.8,0,1,1,1,1,0,0,0
4915,2025-12-22 02:07:00,4567.0,0,0,1,0,1,0,0,0
4916,2025-12-22 02:12:00,4565.0,0,0,1,0,1,0,0,0
4917,2025-12-22 02:22:00,4567.4,0,1,1,1,1,0,0,0
4917,2025-12-22 02:22:00,4567.6,0,1,1,1,1,0,0,0
4918,2025-12-22 02:23:00,4567.3,0,1,1,1,1,0,0,0
4918,2025-12-22 02:23:00,4567.6,0,1,1,1,1,0,0,0
4918,2025-12-22 02:23:00,4567.7,0,1,1,1,1,0,0,0
4919,2025-12-22 02:30:00,4568.0,0,0,1,0,1,0,0,0
4920,2025-12-22 02:39:00,4565.5,1,0,1,-1,1,0,0,0
4921,2025-12-22 02:44:00,4568.0,0,0,1,0,1,0,0,0
4922,2025-12-22 02:51:00,4571.6,1,0,1,-1,1,0,0,0
4922,2025-12-22 02:51:00,4573.0,0,1,1,1,1,0,0,0
4923,2025-12-22 02:52:00,4573.8,0,1,1,1,1,0,0,0
4924,2025-12-22 02:53:00,4573.7,0,1,1,1,1,0,0,0
4925,2025-12-22 02:54:00,4571.8,1,0,1,-1,1,0,0,0
4926,2025-12-22 02:56:00,4573.8,0,1,10,1,10,0,0,0
4927,2025-12-22 03:20:00,4576.0,0,1,1,1,1,0,0,0
4928,2025-12-22 03:30:00,4575.1,0,1,1,1,1,0,0,0
4929,2025-12-22 04:02:00,4579.1,0,1,1,1,1,0,0,0
4930,2025-12-22 04:16:00,4581.5,1,0,1,-1,1,0,0,0
4930,2025-12-22 04:16:00,4582.9,0,1,1,1,1,0,0,0
4931,2025-12-22 04:19:00,4581.7,0,1,1,1,1,0,0,0
4932,2025-12-22 04:40:00,4581.7,0,0,1,0,1,0,0,0
4933,2025-12-22 05:12:00,4587.3,0,1,1,1,1,0,0,0
4933,2025-12-22 05:12:00,4587.6,0,1,1,1,1,0,0,0
4934,2025-12-22 05:14:00,4587.9,1,0,1,-1,1,0,0,0
4934,2025-12-22 05:14:00,4589.0,0,1,1,1,1,0,0,0
4935,2025-12-22 05:21:00,4589.1,0,1,1,1,1,0,0,0
4936,2025-12-22 05:22:00,4589.8,0,1,1,1,1,0,0,0
4937,2025-12-22 05:30:00,4593.6,0,1,1,1,1,0,0,0
4938,2025-12-22 05:31:00,4593.5,0,2,2,2,1,0,0,0
4938,2025-12-22 05:31:00,4593.8,0,3,3,3,1,0,0,0
4938,2025-12-22 05:31:00,4593.9,0,4,4,4,2,0,0,0
4938,2025-12-22 05:31:00,4594.0,0,2,2,2,1,0,0,0
4938,2025-12-22 05:31:00,4594.1,0,4,4,4,2,0,0,0
4938,2025-12-22 05:31:00,4594.2,0,1,1,1,1,0,0,0
4938,2025-12-22 05:31:00,4594.3,0,1,1,1,1,0,0,0
4938,2025-12-22 05:31:00,4594.4,0,5,5,5,1,0,0,0
4938,2025-12-22 05:31:00,4594.7,0,4,4,4,1,0,0,0
4938,2025-12-22 05:31:00,4594.9,0,2,2,2,2,0,0,0
4938,2025-12-22 05:31:00,4595.0,0,2,2,2,1,0,0,0
4938,2025-12-22 05:31:00,4595.1,0,1,1,1,1,0,0,0
4938,2025-12-22 05:31:00,4595.2,0,4,4,4,1,0,0,0
4938,2025-12-22 05:31:00,4595.5,0,5,5,5,1,0,0,0
4938,2025-12-22 05:31:00,4595.7,0,1,1,1,1,0,0,0
4938,2025-12-22 05:31:00,4596.0,0,8,8,8,1,0,0,0
4938,2025-12-22 05:31:00,4596.4,0,4,4,4,1,0,0,0
4938,2025-12-22 05:31:00,4596.7,0,3,3,3,1,0,0,0
4938,2025-12-22 05:31:00,4596.8,0,4,4,4,1,0,0,0
4938,2025-12-22 05:31:00,4597.0,0,1,1,1,1,0,0,0
4939,2025-12-22 05:33:00,4595.8,0,1,1,1,1,0,0,0
4940,2025-12-22 06:45:00,4594.9,1,0,1,-1,1,0,0,0
4940,2025-12-22 06:45:00,4595.6,0,1,1,1,1,0,0,0
4941,2025-12-22 06:47:00,4598.4,0,1,1,1,1,0,0,0
4942,2025-12-22 06:56:00,4603.2,0,1,1,1,1,0,0,0
4943,2025-12-22 06:57:00,4603.6,0,1,1,1,1,0,0,0
4944,2025-12-22 07:03:00,4605.4,0,1,1,1,1,0,0,0
4945,2025-12-22 07:12:00,4599.0,1,0,1,-1,1,0,0,0
4945,2025-12-22 07:12:00,4599.1,0,1,1,1,1,0,0,0
4946,2025-12-22 07:21:00,4600.8,0,1,1,1,1,0,0,0
4947,2025-12-22 11:25:00,4596.9,0,0,1,0,1,0,0,0
4947,2025-12-22 11:25:00,4597.0,0,1,1,1,1,0,0,0
4948,2025-12-22 11:42:00,4596.5,0,0,1,0,1,0,0,0
4949,2025-12-22 12:31:00,4595.7,0,0,1,0,1,0,0,0
4950,2025-12-22 13:01:00,4603.9,0,1,1,1,1,0,0,0
4950,2025-12-22 13:01:00,4604.6,0,1,1,1,1,0,0,0
4950,2025-12-22 13:01:00,4604.9,0,1,1,1,1,0,0,0
4951,2025-12-22 13:08:00,4608.2,0,1,1,1,1,0,0,0
4952,2025-12-22 13:14:00,4612.4,0,1,1,1,1,0,0,0
4952,2025-12-22 13:14:00,4612.8,0,1,1,1,1,0,0,0
4953,2025-12-22 13:49:00,4610.9,1,0,1,-1,1,0,0,0
4953,2025-12-22 13:49:00,4611.3,0,1,1,1,1,0,0,0
4954,2025-12-22 14:14:00,4614.2,0,0,1,0,1,0,0,0
4955,2025-12-22 14:20:00,4615.6,0,1,1,1,1,0,0,0
4955,2025-12-22 14:20:00,4616.0,0,0,1,0,1,0,0,0
4956,2025-12-22 14:34:00,4603.4,0,0,2,0,1,0,0,0
4957,2025-12-22 14:39:00,4602.1,4,0,4,-4,1,0,0,0
4957,2025-12-22 14:39:00,4602.4,7,0,7,-7,1,0,0,0
4957,2025-12-22 14:39:00,4602.5,2,0,2,-2,1,0,0,0
4957,2025-12-22 14:39:00,4602.6,1,0,1,-1,1,0,0,0
4957,2025-12-22 14:39:00,4602.7,5,0,5,-5,2,0,0,0
4957,2025-12-22 14:39:00,4602.8,1,0,1,-1,1,0,0,0
4957,2025-12-22 14:39:00,4602.9,6,0,6,-6,1,0,0,0
4957,2025-12-22 14:39:00,4603.0,4,0,4,-4,2,0,0,0
4957,2025-12-22 14:39:00,4603.1,4,0,4,-4,1,0,0,0
4957,2025-12-22 14:39:00,4603.2,4,0,4,-4,1,0,0,0
4957,2025-12-22 14:39:00,4603.3,4,0,4,-4,1,0,0,0
4957,2025-12-22 14:39:00,4603.4,3,0,3,-3,1,0,0,0
4957,2025-12-22 14:39:00,4603.5,4,0,4,-4,2,0,0,0
4957,2025-12-22 14:39:00,4603.7,6,0,6,-6,2,0,0,0
4957,2025-12-22 14:39:00,4603.8,2,0,2,-2,2,0,0,0
4957,2025-12-22 14:39:00,4603.9,2,0,2,-2,1,0,0,0
4957,2025-12-22 14:39:00,4604.0,3,0,3,-3,1,0,0,0
4957,2025-12-22 14:39:00,4604.1,3,0,3,-3,1,0,0,0
4957,2025-12-22 14:39:00,4604.2,2,0,2,-2,1,0,0,0
4957,2025-12-22 14:39:00,4604.3,4,0,4,-4,2,0,0,0
4957,2025-12-22 14:39:00,4604.4,1,0,1,-1,1,0,0,0
4957,2025-12-22 14:39:00,4604.6,4,0,4,-4,1,0,0,0
4957,2025-12-22 14:39:00,4604.7,4,0,4,-4,1,0,0,0
4957,2025-12-22 14:39:00,4605.0,1,0,1,-1,1,0,0,0
4957,2025-12-22 14:39:00,4605.1,4,0,4,-4,1,0,0,0
4957,2025-12-22 14:39:00,4605.5,2,0,2,-2,1,0,0,0
4957,2025-12-22 14:39:00,4605.6,1,0,1,-1,1,0,0,0
4957,2025-12-22 14:39:00,4605.7,1,0,1,-1,1,0,0,0
4957,2025-12-22 14:39:00,4605.8,2,0,2,-2,1,0,0,0
4958,2025-12-22 14:42:00,4608.1,0,0,2,0,1,0,0,0
4959,2025-12-22 14:49:00,4614.1,0,1,1,1,1,0,0,0
4959,2025-12-22 14:49:00,4614.3,0,1,1,1,1,0,0,0
4960,2025-12-22 15:53:00,4619.7,0,1,1,1,1,0,0,0
4961,2025-12-22 16:01:00,4617.0,0,0,1,0,1,0,0,0
4962,2025-12-22 16:03:00,4617.2,0,0,1,0,1,0,0,0
4963,2025-12-22 16:12:00,4623.0,0,0,1,0,1,0,0,0
4964,2025-12-22 16:15:00,4626.7,0,1,1,1,1,0,0,0
4965,2025-12-22 16:18:00,4626.6,1,0,1,-1,1,0,0,0
4965,2025-12-22 16:18:00,4627.5,0,1,1,1,1,0,0,0
4966,2025-12-22 16:25:00,4625.0,0,0,1,0,1,0,0,0
4967,2025-12-22 16:30:00,4627.1,0,0,1,0,1,0,0,0
4968,2025-12-22 16:32:00,4627.6,0,0,1,0,1,0,0,0
4969,2025-12-22 16:43:00,4624.6,1,0,1,-1,1,0,0,0
4970,2025-12-22 16:44:00,4625.2,0,0,2,0,2,0,0,0
4971,2025-12-22 16:46:00,4623.5,0,0,1,0,1,0,0,0
4972,2025-12-22 17:22:00,4625.5,0,1,1,1,1,0,0,0
4973,2025-12-22 17:26:00,4625.5,1,0,1,-1,1,0,0,0
4974,2025-12-22 19:07:00,4618.3,0,1,1,1,1,0,0,0
4975,2025-12-22 21:32:00,4635.7,1,0,1,-1,1,0,0,0
4976,2025-12-22 21:33:00,4636.5,0,1,1,1,1,0,0,0
4977,2025-12-22 23:03:00,4638.0,0,0,2,0,2,0,0,0
4978,2025-12-22 23:39:00,4640.0,0,0,2,0,1,0,0,0
4979,2025-12-23 00:03:00,4646.9,0,1,2,1,2,0,0,0
4980,2025-12-23 00:06:00,4649.3,0,1,1,1,1,0,0,0
4980,2025-12-23 00:06:00,4649.4,0,1,1,1,1,0,0,0
4981,2025-12-23 00:07:00,4650.8,0,1,1,1,1,0,0,0
4982,2025-12-23 00:11:00,4648.8,1,0,1,-1,1,0,0,0
4982,2025-12-23 00:11:00,4649.6,0,1,1,1,1,0,0,0
4983,2025-12-23 00:16:00,4653.3,1,0,1,-1,1,0,0,0
4983,2025-12-23 00:16:00,4654.0,0,1,1,1,1,0,0,0
4984,2025-12-23 00:17:00,4653.5,0,1,1,1,1,0,0,0
4984,2025-12-23 00:17:00,4653.7,0,1,1,1,1,0,0,0
4985,2025-12-23 01:01:00,4664.3,0,0,1,0,1,0,0,0
4986,2025-12-23 01:09:00,4669.7,1,0,1,-1,1,0,0,0
4986,2025-12-23 01:09:00,4670.6,0,1,1,1,1,0,0,0
4987,2025-12-23 01:17:00,4670.6,0,0,2,0,2,0,0,0
4988,2025-12-23 02:01:00,4673.1,1,0,1,-1,1,0,0,0
4988,2025-12-23 02:01:00,4673.8,0,1,1,1,1,0,0,0
4989,2025-12-23 02:02:00,4669.2,1,0,1,-1,1,0,0,0
4990,2025-12-23 02:19:00,4676.3,0,1,1,1,1,0,0,0
4991,2025-12-23 02:26:00,4673.4,0,1,1,1,1,0,0,0
4992,2025-12-23 02:40:00,4680.0,1,0,1,-1,1,0,0,0
4992,2025-12-23 02:40:00,4680.5,0,1,1,1,1,0,0,0
4993,2025-12-23 03:01:00,4682.0,0,0,1,0,1,0,0,0
4994,2025-12-23 03:02:00,4682.0,0,1,1,1,1,0,0,0
4994,2025-12-23 03:02:00,4682.2,1,0,1,-1,1,0,0,0
4994,2025-12-23 03:02:00,4683.2,1,0,1,-1,1,0,0,0
4995,2025-12-23 03:03:00,4683.1,0,1,1,1,1,0,0,0
4996,2025-12-23 03:23:00,4672.2,0,0,1,0,1,0,0,0
4997,2025-12-23 03:24:00,4673.5,0,1,1,1,1,0,0,0
4998,2025-12-23 03:35:00,4672.5,1,0,1,-1,1,0,0,0
4999,2025-12-23 03:36:00,4672.3,1,0,1,-1,1,0,0,0
4999,2025-12-23 03:36:00,4672.8,1,0,1,-1,1,0,0,0
5000,2025-12-23 03:50:00,4670.8,1,0,1,-1,1,0,0,0
5001,2025-12-23 09:16:00,4664.4,1,0,1,-1,1,0,0,0
5001,2025-12-23 09:16:00,4664.7,1,0,2,-1,2,0,0,0
5002,2025-12-23 09:17:00,4664.8,1,0,1,-1,1,0,0,0
5003,2025-12-23 10:05:00,4668.9,0,1,1,1,1,0,0,0
5004,2025-12-23 10:06:00,4669.2,0,1,1,1,1,0,0,0
5005,2025-12-23 11:18:00,4670.2,0,1,1,1,1,0,0,0
5006,2025-12-23 12:22:00,4669.1,1,0,1,-1,1,0,0,0
5007,2025-12-23 12:51:00,4673.8,0,2,2,2,1,0,0,0
5007,2025-12-23 12:51:00,4673.9,0,1,1,1,1,0,0,0
5007,2025-12-23 12:51:00,4674.0,0,1,1,1,1,0,0,0
5007,2025-12-23 12:51:00,4674.2,0,1,1,1,1,0,0,0
5007,2025-12-23 12:51:00,4674.3,0,7,7,7,2,0,0,0
5007,2025-12-23 12:51:00,4674.5,0,1,1,1,1,0,0,0
5007,2025-12-23 12:51:00,4674.8,0,2,2,2,1,0,0,0
5007,2025-12-23 12:51:00,4674.9,0,2,2,2,1,0,0,0
5007,2025-12-23 12:51:00,4675.0,0,3,3,3,1,0,0,0
5007,2025-12-23 12:51:00,4675.1,0,2,2,2,1,0,0,0
5007,2025-12-23 12:51:00,4675.3,0,1,1,1,1,0,0,0
5007,2025-12-23 12:51:00,4675.5,0,5,5,5,2,0,0,0
5007,2025-12-23 12:51:00,4675.6,0,3,3,3,1,0,0,0
5007,2025-12-23 12:51:00,4675.7,0,2,2,2,1,0,0,0
5007,2025-12-23 12:51:00,4675.8,0,2,2,2,1,0,0,0
5007,2025-12-23 12:51:00,4676.0,0,5,5,5,3,0,0,0
5007,2025-12-23 12:51:00,4676.2,0,9,9,9,2,0,0,0
5007,2025-12-23 12:51:00,4676.4,0,1,1,1,1,0,0,0
5007,2025-12-23 12:51:00,4676.5,0,3,3,3,1,0,0,0
5007,2025-12-23 12:51:00,4676.6,0,2,2,2,2,0,0,0
5007,2025-12-23 12:51:00,4677.0,0,2,2,2,1,0,0,0
5007,2025-12-23 12:51:00,4677.1,0,3,3,3,1,0,0,0
5008,2025-12-23 12:54:00,4673.4,1,0,1,-1,1,0,0,0
5009,2025-12-23 13:23:00,4674.1,0,0,1,0,1,0,0,0
5010,2025-12-23 13:27:00,4673.0,0,1,1,1,1,0,0,0
5011,2025-12-23 13:31:00,4670.9,1,0,1,-1,1,0,0,0
5012,2025-12-23 13:36:00,4670.1,1,0,1,-1,1,0,0,0
5012,2025-12-23 13:36:00,4671.5,3,0,3,-3,1,0,0,0
5012,2025-12-23 13:36:00,4671.7,1,0,1,-1,1,0,0,0
5012,2025-12-23 13:36:00,4671.8,2,0,2,-2,1,0,0,0
5012,2025-12-23 13:36:00,4671.9,4,0,4,-4,1,0,0,0
5013,2025-12-23 13:37:00,4670.4,6,0,6,-6,2,0,0,0
5013,2025-12-23 13:37:00,4670.5,5,0,5,-5,2,0,0,0
5013,2025-12-23 13:37:00,4670.6,1,0,1,-1,1,0,0,0
5013,2025-12-23 13:37:00,4670.8,8,0,8,-8,3,0,0,0
5013,2025-12-23 13:37:00,4670.9,2,0,2,-2,1,0,0,0
5013,2025-12-23 13:37:00,4671.2,3,0,3,-3,1,0,0,0
5013,2025-12-23 13:37:00,4671.4,5,0,5,-5,1,0,0,0
5013,2025-12-23 13:37:00,4671.5,2,0,2,-2,1,0,0,0
5013,2025-12-23 13:37:00,4672.0,5,0,5,-5,1,0,0,0
5013,2025-12-23 13:37:00,4672.1,2,0,2,-2,1,0,0,0
5013,2025-12-23 13:37:00,4672.2,3,0,3,-3,1,0,0,0
5013,2025-12-23 13:37:00,4672.4,4,0,4,-4,1,0,0,0
5013,2025-12-23 13:37:00,4672.5,5,0,5,-5,1,0,0,0
5013,2025-12-23 13:37:00,4672.6,1,0,1,-1,1,0,0,0
5014,2025-12-23 13:38:00,4669.4,1,0,1,-1,1,0,0,0
5015,2025-12-23 13:47:00,4672.0,1,0,1,-1,1,0,0,0
5015,2025-12-23 13:47:00,4672.3,2,0,2,-2,2,0,0,0
5016,2025-12-23 13:50:00,4670.8,1,0,1,-1,1,0,0,0
5017,2025-12-23 13:51:00,4669.4,0,0,1,0,1,0,0,0
5018,2025-12-23 14:05:00,4637.8,0,0,1,0,1,0,0,0
5018,2025-12-23 14:05:00,4641.8,0,0,1,0,1,0,0,0
5018,2025-12-23 14:05:00,4649.2,2,0,2,-2,1,0,0,0
5018,2025-12-23 14:05:00,4649.3,6,0,6,-6,1,0,0,0
5018,2025-12-23 14:05:00,4649.4,1,0,1,-1,1,0,0,0
5018,2025-12-23 14:05:00,4649.5,1,0,1,-1,1,0,0,0
5018,2025-12-23 14:05:00,4650.0,0,0,1,0,1,0,0,0
5019,2025-12-23 14:07:00,4645.9,1,0,1,-1,1,0,0,0
5020,2025-12-23 14:08:00,4644.9,1,0,1,-1,1,0,0,0
5021,2025-12-23 14:09:00,4649.5,2,0,2,-2,1,0,0,0
5022,2025-12-23 14:15:00,4653.0,0,1,1,1,1,0,0,0
5023,2025-12-23 14:17:00,4648.5,1,0,1,-1,1,0,0,0
5024,2025-12-23 14:24:00,4649.7,1,0,1,-1,1,0,0,0
5024,2025-12-23 14:24:00,4649.8,1,0,1,-1,1,0,0,0
5025,2025-12-23 14:25:00,4647.7,1,0,1,-1,1,0,0,0
5026,2025-12-23 14:26:00,4647.8,1,0,1,-1,1,0,0,0
5027,2025-12-23 14:28:00,4647.5,0,1,1,1,1,0,0,0
5028,2025-12-23 14:43:00,4630.0,2,4,10,2,7,0,0,0
5028,2025-12-23 14:43:00,4630.1,1,0,1,-1,1,0,0,0
5028,2025-12-23 14:43:00,4630.2,1,0,1,-1,1,0,0,0
5028,2025-12-23 14:43:00,4630.4,1,0,1,-1,1,0,0,0
5029,2025-12-23 15:02:00,4626.3,1,0,1,-1,1,0,0,0
5030,2025-12-23 15:07:00,4624.1,0,1,1,1,1,0,0,0
5031,2025-12-23 15:16:00,4629.2,0,0,1,0,1,0,0,0
5031,2025-12-23 15:16:00,4629.5,1,0,1,-1,1,0,0,0
5032,2025-12-23 15:21:00,4625.3,1,0,1,-1,1,0,0,0
5033,2025-12-23 15:28:00,4625.9,0,1,1,1,1,0,0,0
5034,2025-12-23 15:29:00,4621.9,0,1,1,1,1,0,0,0
5035,2025-12-23 15:30:00,4626.5,0,1,1,1,1,0,0,0
5036,2025-12-23 15:31:00,4625.0,0,0,1,0,1,0,0,0
5037,2025-12-23 15:41:00,4635.9,0,1,1,1,1,0,0,0
5038,2025-12-23 15:44:00,4634.6,0,1,1,1,1,0,0,0
5039,2025-12-23 15:46:00,4634.6,0,0,1,0,1,0,0,0
5039,2025-12-23 15:46:00,4634.7,0,0,1,0,1,0,0,0
5040,2025-12-23 15:47:00,4634.3,0,1,1,1,1,0,0,0
5040,2025-12-23 15:47:00,4634.6,0,0,1,0,1,0,0,0
5041,2025-12-23 15:48:00,4633.5,1,0,1,-1,1,0,0,0
5041,2025-12-23 15:48:00,4633.6,1,0,1,-1,1,0,0,0
5041,2025-12-23 15:48:00,4634.4,0,0,1,0,1,0,0,0
5041,2025-12-23 15:48:00,4635.7,0,1,1,1,1,0,0,0
5041,2025-12-23 15:48:00,4636.4,0,0,1,0,1,0,0,0
5041,2025-12-23 15:48:00,4638.1,0,1,1,1,1,0,0,0
5041,2025-12-23 15:48:00,4638.7,0,0,1,0,1,0,0,0
5042,2025-12-23 15:49:00,4637.7,0,1,1,1,1,0,0,0
5042,2025-12-23 15:49:00,4637.9,0,1,1,1,1,0,0,0
5042,2025-12-23 15:49:00,4638.0,0,1,1,1,1,0,0,0
5043,2025-12-23 15:50:00,4637.9,1,0,1,-1,1,0,0,0
5044,2025-12-23 15:54:00,4634.3,1,0,1,-1,1,0,0,0
5044,2025-12-23 15:54:00,4634.4,1,0,1,-1,1,0,0,0
5045,2025-12-23 15:56:00,4635.6,0,0,1,0,1,0,0,0
5045,2025-12-23 15:56:00,4638.4,0,0,1,0,1,0,0,0
5046,2025-12-23 16:06:00,4638.1,1,0,1,-1,1,0,0,0
5047,2025-12-23 16:13:00,4642.1,1,0,1,-1,1,0,0,0
5048,2025-12-23 16:14:00,4641.0,0,0,1,0,1,0,0,0
5049,2025-12-23 16:34:00,4641.8,0,0,1,0,1,0,0,0
5050,2025-12-23 17:02:00,4656.4,0,1,1,1,1,0,0,0
5051,2025-12-23 17:14:00,4656.2,0,0,1,0,1,0,0,0
5052,2025-12-23 17:16:00,4654.5,0,1,1,1,1,0,0,0
5053,2025-12-23 17:17:00,4652.6,1,0,1,-1,1,0,0,0
5054,2025-12-23 17:21:00,4659.2,1,0,1,-1,1,0,0,0
5055,2025-12-23 17:23:00,4657.0,0,0,1,0,1,0,0,0
5056,2025-12-23 17:27:00,4657.3,0,1,1,1,1,0,0,0
5057,2025-12-23 17:34:00,4656.6,0,2,5,2,4,0,0,0
5058,2025-12-23 17:41:00,4659.0,0,0,1,0,1,0,0,0
5059,2025-12-23 17:47:00,4657.5,0,0,1,0,1,0,0,0
5060,2025-12-23 18:20:00,4657.7,1,0,1,-1,1,0,0,0
5061,2025-12-23 18:29:00,4661.1,0,1,1,1,1,0,0,0
5062,2025-12-23 18:35:00,4656.0,0,0,1,0,1,0,0,0
5063,2025-12-23 18:43:00,4658.0,0,1,1,1,1,0,0,0
5064,2025-12-23 18:52:00,4660.1,2,0,5,-2,5,0,0,0
5065,2025-12-23 18:56:00,4662.1,1,0,1,-1,1,0,0,0
5066,2025-12-23 19:01:00,4672.0,0,1,1,1,1,0,0,0
5067,2025-12-23 19:06:00,4675.7,2,0,2,-2,1,0,0,0
5067,2025-12-23 19:06:00,4675.8,1,0,1,-1,1,0,0,0
5067,2025-12-23 19:06:00,4676.4,1,0,1,-1,1,0,0,0
5067,2025-12-23 19:06:00,4676.5,1,0,1,-1,1,0,0,0
5067,2025-12-23 19:06:00,4677.3,0,1,1,1,1,0,0,0
5067,2025-12-23 19:06:00,4677.4,0,1,1,1,1,0,0,0
5068,2025-12-23 19:25:00,4670.8,1,0,1,-1,1,0,0,0
5069,2025-12-23 20:32:00,4673.9,0,1,1,1,1,0,0,0
5070,2025-12-23 23:34:00,4680.1,1,0,1,-1,1,0,0,0
5070,2025-12-23 23:34:00,4680.2,1,0,1,-1,1,0,0,0
5070,2025-12-23 23:34:00,4681.4,0,1,1,1,1,0,0,0
5070,2025-12-23 23:34:00,4681.5,0,1,1,1,1,0,0,0
5071,2025-12-23 23:42:00,4693.5,0,0,1,0,1,0,0,0
5072,2025-12-23 23:52:00,4693.0,0,0,1,0,1,0,0,0
5073,2025-12-24 00:04:00,4695.3,1,0,1,-1,1,0,0,0
5073,2025-12-24 00:04:00,4695.4,1,0,1,-1,1,0,0,0
5073,2025-12-24 00:04:00,4696.4,0,2,2,2,1,0,0,0
5073,2025-12-24 00:04:00,4696.5,1,0,1,-1,1,0,0,0
5074,2025-12-24 00:05:00,4696.0,0,0,2,0,2,0,0,0
5075,2025-12-24 00:09:00,4697.2,0,1,1,1,1,0,0,0
5075,2025-12-24 00:09:00,4697.4,0,2,2,2,1,0,0,0
5075,2025-12-24 00:09:00,4697.7,0,1,1,1,1,0,0,0
5076,2025-12-24 00:12:00,4695.0,0,0,1,0,1,0,0,0
5077,2025-12-24 00:30:00,4698.9,2,0,2,-2,1,0,0,0
5077,2025-12-24 00:30:00,4699.6,0,1,1,1,1,0,0,0
5078,2025-12-24 00:50:00,4700.6,0,0,1,0,1,0,0,0
5079,2025-12-24 01:06:00,4701.2,0,1,1,1,1,0,0,0
5079,2025-12-24 01:06:00,4702.0,0,1,1,1,1,0,0,0
5080,2025-12-24 01:11:00,4699.4,0,1,1,1,1,0,0,0
5081,2025-12-24 01:20:00,4703.1,0,0,1,0,1,0,0,0
5082,2025-12-24 01:52:00,4708.7,0,2,2,2,1,0,0,0
5083,2025-12-24 01:58:00,4705.8,1,0,1,-1,1,0,0,0
5083,2025-12-24 01:58:00,4706.9,0,2,2,2,1,0,0,0
5084,2025-12-24 02:07:00,4692.2,1,0,1,-1,1,0,0,0
5085,2025-12-24 02:40:00,4693.9,0,0,1,0,1,0,0,0
5086,2025-12-24 02:55:00,4688.7,1,0,1,-1,1,0,0,0
5087,2025-12-24 02:57:00,4681.9,0,0,1,0,1,0,0,0
5088,2025-12-24 02:59:00,4665.0,2,0,2,-2,1,0,0,0
5088,2025-12-24 02:59:00,4665.1,2,0,2,-2,1,0,0,0
5088,2025-12-24 02:59:00,4665.5,1,0,1,-1,1,0,0,0
5088,2025-12-24 02:59:00,4665.6,3,0,3,-3,1,0,0,0
5088,2025-12-24 02:59:00,4666.1,1,0,1,-1,1,0,0,0
5088,2025-12-24 02:59:00,4666.2,1,0,1,-1,1,0,0,0
5088,2025-12-24 02:59:00,4667.5,0,2,2,2,1,0,0,0
5088,2025-12-24 02:59:00,4667.6,0,1,1,1,1,0,0,0
5088,2025-12-24 02:59:00,4667.7,0,2,2,2,1,0,0,0
5089,2025-12-24 03:02:00,4662.6,0,1,1,1,1,0,0,0
5090,2025-12-24 03:08:00,4668.9,1,0,1,-1,1,0,0,0
5091,2025-12-24 03:11:00,4665.6,1,0,1,-1,1,0,0,0
5091,2025-12-24 03:11:00,4665.8,3,0,3,-3,1,0,0,0
5091,2025-12-24 03:11:00,4666.2,1,0,1,-1,1,0,0,0
5091,2025-12-24 03:11:00,4666.3,1,0,1,-1,1,0,0,0
5091,2025-12-24 03:11:00,4666.5,1,0,1,-1,1,0,0,0
5091,2025-12-24 03:11:00,4666.6,1,0,1,-1,1,0,0,0
5092,2025-12-24 03:13:00,4667.3,0,0,1,0,1,0,0,0
5093,2025-12-24 03:23:00,4676.4,0,0,1,0,1,0,0,0
5094,2025-12-24 03:44:00,4679.0,0,1,1,1,1,0,0,0
5095,2025-12-24 04:22:00,4679.2,0,1,1,1,1,0,0,0
5096,2025-12-24 04:24:00,4680.1,0,1,1,1,1,0,0,0
5097,2025-12-24 04:27:00,4679.7,0,1,1,1,1,0,0,0
5098,2025-12-24 04:30:00,4680.6,0,1,1,1,1,0,0,0
5099,2025-12-24 05:29:00,4674.7,1,0,1,-1,1,0,0,0
5100,2025-12-24 05:41:00,4676.8,1,0,1,-1,1,0,0,0
5101,2025-12-24 06:11:00,4671.3,1,0,1,-1,1,0,0,0
5101,2025-12-24 06:11:00,4672.3,0,1,1,1,1,0,0,0
5102,2025-12-24 06:49:00,4678.6,0,1,1,1,1,0,0,0
5103,2025-12-24 07:47:00,4667.3,3,0,9,-3,7,0,0,0
5104,2025-12-24 08:31:00,4667.9,0,1,1,1,1,0,0,0
5105,2025-12-24 08:50:00,4669.0,0,0,1,0,1,0,0,0
5106,2025-12-24 09:12:00,4666.5,0,0,1,0,1,0,0,0
5107,2025-12-24 09:15:00,4672.6,0,1,1,1,1,0,0,0
5108,2025-12-24 09:17:00,4675.0,0,1,1,1,1,0,0,0
5109,2025-12-24 09:26:00,4670.5,0,0,1,0,1,0,0,0
5109,2025-12-24 09:26:00,4671.2,0,1,1,1,1,0,0,0
5110,2025-12-24 09:28:00,4671.5,0,1,1,1,1,0,0,0
5111,2025-12-24 09:58:00,4676.8,0,0,1,0,1,0,0,0
5111,2025-12-24 09:58:00,4676.9,0,1,1,1,1,0,0,0
5112,2025-12-24 09:59:00,4677.7,0,1,1,1,1,0,0,0
5113,2025-12-24 10:15:00,4673.0,0,0,1,0,1,0,0,0
5114,2025-12-24 10:40:00,4668.0,0,0,1,0,1,0,0,0
5115,2025-12-24 10:44:00,4668.0,0,0,1,0,1,0,0,0
5116,2025-12-24 10:47:00,4670.6,1,0,1,-1,1,0,0,0
5117,2025-12-24 11:12:00,4671.0,0,0,1,0,1,0,0,0
5118,2025-12-24 11:26:00,4671.7,0,0,1,0,1,0,0,0
5119,2025-12-24 11:27:00,4671.7,0,0,3,0,1,0,0,0
5120,2025-12-24 12:52:00,4673.8,0,0,1,0,1,0,0,0
5121,2025-12-24 13:07:00,4668.3,0,0,1,0,1,0,0,0
5122,2025-12-24 13:12:00,4666.0,0,0,1,0,1,0,0,0
5123,2025-12-24 13:15:00,4667.8,0,0,1,0,1,0,0,0
5123,2025-12-24 13:15:00,4669.0,0,0,1,0,1,0,0,0
5124,2025-12-24 13:19:00,4666.0,0,0,1,0,1,0,0,0
5125,2025-12-24 13:41:00,4667.5,0,0,1,0,1,0,0,0
5126,2025-12-24 13:43:00,4667.9,0,0,1,0,1,0,0,0
5127,2025-12-24 13:59:00,4670.7,0,0,1,0,1,0,0,0
5128,2025-12-24 14:35:00,4673.1,0,1,1,1,1,0,0,0
5129,2025-12-24 14:37:00,4660.5,0,1,1,1,1,0,0,0
5130,2025-12-24 14:42:00,4661.6,1,0,1,-1,1,0,0,0
5131,2025-12-24 14:43:00,4664.2,1,0,1,-1,1,0,0,0
5132,2025-12-24 14:52:00,4648.1,0,1,1,1,1,0,0,0
5133,2025-12-24 14:53:00,4645.2,3,0,3,-3,1,0,0,0
5133,2025-12-24 14:53:00,4645.3,1,0,1,-1,1,0,0,0
5133,2025-12-24 14:53:00,4645.4,1,0,1,-1,1,0,0,0
5133,2025-12-24 14:53:00,4645.5,1,0,1,-1,1,0,0,0
5133,2025-12-24 14:53:00,4645.6,4,0,4,-4,1,0,0,0
5133,2025-12-24 14:53:00,4645.7,2,0,2,-2,1,0,0,0
5133,2025-12-24 14:53:00,4645.8,4,0,4,-4,1,0,0,0
5133,2025-12-24 14:53:00,4645.9,4,0,4,-4,1,0,0,0
5133,2025-12-24 14:53:00,4646.1,2,0,2,-2,1,0,0,0
5133,2025-12-24 14:53:00,4646.2,1,0,1,-1,1,0,0,0
5133,2025-12-24 14:53:00,4646.4,1,0,1,-1,1,0,0,0
5133,2025-12-24 14:53:00,4646.5,2,0,2,-2,1,0,0,0
5133,2025-12-24 14:53:00,4646.6,2,0,2,-2,1,0,0,0
5133,2025-12-24 14:53:00,4646.8,1,0,1,-1,1,0,0,0
5133,2025-12-24 14:53:00,4646.9,1,0,1,-1,1,0,0,0
5133,2025-12-24 14:53:00,4648.1,0,0,1,0,1,0,0,0
5134,2025-12-24 14:54:00,4646.2,1,0,1,-1,1,0,0,0
5134,2025-12-24 14:54:00,4647.5,0,0,1,0,1,0,0,0
5134,2025-12-24 14:54:00,4647.6,0,0,1,0,1,0,0,0
5135,2025-12-24 15:04:00,4651.7,0,0,1,0,1,0,0,0
5136,2025-12-24 15:05:00,4651.1,0,0,1,0,1,0,0,0
5137,2025-12-24 15:15:00,4656.9,3,0,3,-3,1,0,0,0
5138,2025-12-24 15:37:00,4638.5,1,0,1,-1,1,0,0,0
5139,2025-12-24 15:40:00,4636.0,1,0,1,-1,1,0,0,0
5140,2025-12-24 15:46:00,4630.8,1,0,1,-1,1,0,0,0
5140,2025-12-24 15:46:00,4633.7,1,0,1,-1,1,0,0,0
5141,2025-12-24 15:52:00,4638.0,0,0,1,0,1,0,0,0
5142,2025-12-24 17:46:00,4662.6,0,1,1,1,1,0,0,0
5143,2025-12-25 23:03:00,4689.6,1,0,1,-1,1,0,0,0
5143,2025-12-25 23:03:00,4689.8,1,0,1,-1,1,0,0,0
5144,2025-12-26 00:17:00,4689.9,1,0,1,-1,1,0,0,0
5144,2025-12-26 00:17:00,4690.0,3,0,3,-3,1,0,0,0
5144,2025-12-26 00:17:00,4690.2,1,0,1,-1,1,0,0,0
5144,2025-12-26 00:17:00,4691.2,0,2,2,2,1,0,0,0
5144,2025-12-26 00:17:00,4691.3,0,1,1,1,1,0,0,0
5145,2025-12-26 00:53:00,4698.7,0,0,1,0,1,0,0,0
5146,2025-12-26 00:55:00,4700.2,2,0,2,-2,1,0,0,0
5146,2025-12-26 00:55:00,4700.3,1,0,1,-1,1,0,0,0
5146,2025-12-26 00:55:00,4702.2,0,2,2,2,1,0,0,0
5146,2025-12-26 00:55:00,4702.3,0,1,1,1,1,0,0,0
5147,2025-12-26 01:02:00,4706.1,1,0,1,-1,1,0,0,0
5147,2025-12-26 01:02:00,4706.2,2,0,2,-2,1,0,0,0
5147,2025-12-26 01:02:00,4707.7,0,1,1,1,1,0,0,0
5147,2025-12-26 01:02:00,4708.0,0,1,1,1,1,0,0,0
5148,2025-12-26 01:28:00,4696.3,0,0,1,0,1,0,0,0
5149,2025-12-26 01:36:00,4699.1,0,1,1,1,1,0,0,0
5150,2025-12-26 01:55:00,4689.4,1,0,1,-1,1,0,0,0
5150,2025-12-26 01:55:00,4689.7,1,0,1,-1,1,0,0,0
5150,2025-12-26 01:55:00,4689.8,1,0,1,-1,1,0,0,0
5151,2025-12-26 02:00:00,4683.6,1,0,1,-1,1,0,0,0
5152,2025-12-26 02:03:00,4683.2,1,0,1,-1,1,0,0,0
5153,2025-12-26 02:31:00,4683.0,0,0,1,0,1,0,0,0
5154,2025-12-26 02:52:00,4689.3,0,1,1,1,1,0,0,0
5155,2025-12-26 02:55:00,4690.8,0,1,1,1,1,0,0,0
5156,2025-12-26 03:40:00,4685.4,0,0,2,0,2,0,0,0
5157,2025-12-26 04:11:00,4694.5,0,1,1,1,1,0,0,0
5158,2025-12-26 04:13:00,4694.6,0,1,1,1,1,0,0,0
5159,2025-12-26 05:32:00,4698.0,0,0,1,0,1,0,0,0
5160,2025-12-26 05:34:00,4696.0,0,0,1,0,1,0,0,0
5161,2025-12-26 06:07:00,4699.0,0,0,1,0,1,0,0,0
5162,2025-12-26 06:22:00,4701.8,0,3,3,3,1,0,0,0
5162,2025-12-26 06:22:00,4702.1,0,1,1,1,1,0,0,0
5162,2025-12-26 06:22:00,4702.2,0,1,1,1,1,0,0,0
5162,2025-12-26 06:22:00,4702.3,0,3,3,3,2,0,0,0
5162,2025-12-26 06:22:00,4702.4,0,3,3,3,2,0,0,0
5162,2025-12-26 06:22:00,4702.5,0,2,2,2,1,0,0,0
5162,2025-12-26 06:22:00,4702.8,0,6,6,6,2,0,0,0
5162,2025-12-26 06:22:00,4702.9,0,2,2,2,1,0,0,0
5162,2025-12-26 06:22:00,4703.0,0,5,5,5,2,0,0,0
5162,2025-12-26 06:22:00,4703.1,0,1,1,1,1,0,0,0
5162,2025-12-26 06:22:00,4703.2,0,3,3,3,1,0,0,0
5162,2025-12-26 06:22:00,4703.5,0,3,3,3,1,0,0,0
5162,2025-12-26 06:22:00,4703.7,0,2,2,2,2,0,0,0
5162,2025-12-26 06:22:00,4703.8,0,2,2,2,2,0,0,0
5162,2025-12-26 06:22:00,4703.9,0,2,2,2,2,0,0,0
5162,2025-12-26 06:22:00,4704.0,0,2,2,2,2,0,0,0
5162,2025-12-26 06:22:00,4704.1,0,6,6,6,2,0,0,0
5162,2025-12-26 06:22:00,4704.5,0,3,3,3,1,0,0,0
5163,2025-12-26 06:23:00,4703.6,0,1,1,1,1,0,0,0
5163,2025-12-26 06:23:00,4703.7,0,1,1,1,1,0,0,0
5163,2025-12-26 06:23:00,4704.1,0,2,2,2,1,0,0,0
5163,2025-12-26 06:23:00,4704.2,0,2,2,2,1,0,0,0
5163,2025-12-26 06:23:00,4704.3,0,3,3,3,2,0,0,0
5163,2025-12-26 06:23:00,4704.4,0,3,3,3,2,0,0,0
5163,2025-12-26 06:23:00,4704.5,0,3,3,3,1,0,0,0
5163,2025-12-26 06:23:00,4704.6,0,3,3,3,1,0,0,0
5163,2025-12-26 06:23:00,4704.9,0,1,1,1,1,0,0,0
5163,2025-12-26 06:23:00,4705.0,0,1,1,1,1,0,0,0
5163,2025-12-26 06:23:00,4705.7,0,2,2,2,1,0,0,0
5163,2025-12-26 06:23:00,4705.8,0,1,1,1,1,0,0,0
5163,2025-12-26 06:23:00,4706.4,0,1,1,1,1,0,0,0
5163,2025-12-26 06:23:00,4706.6,0,1,1,1,1,0,0,0
5164,2025-12-26 06:24:00,4707.8,0,1,1,1,1,0,0,0
5164,2025-12-26 06:24:00,4708.0,0,2,2,2,1,0,0,0
5164,2025-12-26 06:24:00,4708.7,0,1,1,1,1,0,0,0
5164,2025-12-26 06:24:00,4708.8,0,1,1,1,1,0,0,0
5165,2025-12-26 06:42:00,4708.5,1,0,1,-1,1,0,0,0
5166,2025-12-26 06:51:00,4700.6,1,0,1,-1,1,0,0,0
5167,2025-12-26 07:08:00,4703.1,0,1,1,1,1,0,0,0
5168,2025-12-26 07:09:00,4704.6,0,1,1,1,1,0,0,0
5169,2025-12-26 08:06:00,4703.8,0,1,1,1,1,0,0,0
5170,2025-12-26 08:07:00,4703.5,0,1,1,1,1,0,0,0
5171,2025-12-26 08:46:00,4705.0,0,0,1,0,1,0,0,0
5172,2025-12-26 08:47:00,4705.9,0,0,1,0,1,0,0,0
5172,2025-12-26 08:47:00,4706.6,0,1,1,1,1,0,0,0
5172,2025-12-26 08:47:00,4706.7,0,1,1,1,1,0,0,0
5173,2025-12-26 10:25:00,4712.8,0,0,1,0,1,0,0,0
5174,2025-12-26 10:35:00,4710.0,0,0,1,0,1,0,0,0
5175,2025-12-26 10:36:00,4708.8,0,0,1,0,1,0,0,0
5176,2025-12-26 10:49:00,4704.4,0,0,1,0,1,0,0,0
5177,2025-12-26 12:16:00,4700.0,0,0,1,0,1,0,0,0
5178,2025-12-26 12:18:00,4698.0,0,0,1,0,1,0,0,0
5179,2025-12-26 12:29:00,4700.9,1,0,1,-1,1,0,0,0
5180,2025-12-26 12:32:00,4703.7,0,1,1,1,1,0,0,0
5181,2025-12-26 12:59:00,4697.0,0,0,1,0,1,0,0,0
5182,2025-12-26 13:04:00,4703.7,0,1,1,1,1,0,0,0
5183,2025-12-26 13:05:00,4703.3,1,0,1,-1,1,0,0,0
5184,2025-12-26 13:07:00,4700.0,0,0,1,0,1,0,0,0
5185,2025-12-26 13:14:00,4703.5,0,0,1,0,1,0,0,0
5185,2025-12-26 13:14:00,4703.9,0,1,1,1,1,0,0,0
5186,2025-12-26 13:26:00,4707.8,0,1,1,1,1,0,0,0
5187,2025-12-26 13:31:00,4709.5,1,0,1,-1,1,0,0,0
5188,2025-12-26 13:32:00,4711.2,0,1,1,1,1,0,0,0
5188,2025-12-26 13:32:00,4711.4,0,1,1,1,1,0,0,0
5188,2025-12-26 13:32:00,4711.8,2,0,2,-2,1,0,0,0
5188,2025-12-26 13:32:00,4712.3,0,1,1,1,1,0,0,0
5189,2025-12-26 13:36:00,4711.2,0,1,1,1,1,0,0,0
5190,2025-12-26 13:39:00,4714.0,0,0,1,0,1,0,0,0
5190,2025-12-26 13:39:00,4714.5,0,1,1,1,1,0,0,0
5191,2025-12-26 13:41:00,4721.0,1,0,1,-1,1,0,0,0
5191,2025-12-26 13:41:00,4721.2,0,1,1,1,1,0,0,0
5192,2025-12-26 13:45:00,4713.0,0,1,1,1,1,0,0,0
5192,2025-12-26 13:45:00,4713.4,1,0,1,-1,1,0,0,0
5193,2025-12-26 13:50:00,4707.5,0,2,2,2,1,0,0,0
5193,2025-12-26 13:50:00,4707.6,0,1,1,1,1,0,0,0
5194,2025-12-26 13:57:00,4714.6,0,2,2,2,2,0,0,0
5194,2025-12-26 13:57:00,4714.7,0,2,2,2,1,0,0,0
5194,2025-12-26 13:57:00,4714.8,0,2,2,2,2,0,0,0
5194,2025-12-26 13:57:00,4715.0,0,1,1,1,1,0,0,0
5195,2025-12-26 13:58:00,4715.8,0,0,1,0,1,0,0,0
5195,2025-12-26 13:58:00,4715.9,0,0,1,0,1,0,0,0
5196,2025-12-26 13:59:00,4716.5,1,0,1,-1,1,0,0,0
5197,2025-12-26 14:00:00,4717.1,0,1,1,1,1,0,0,0
5197,2025-12-26 14:00:00,4717.3,0,1,1,1,1,0,0,0
5197,2025-12-26 14:00:00,4717.4,0,1,1,1,1,0,0,0
5197,2025-12-26 14:00:00,4717.5,0,1,1,1,1,0,0,0
5198,2025-12-26 14:04:00,4719.0,0,0,1,0,1,0,0,0
5199,2025-12-26 14:05:00,4718.3,0,1,1,1,1,0,0,0
5200,2025-12-26 14:06:00,4719.0,1,0,1,-1,1,0,0,0
5201,2025-12-26 14:07:00,4718.0,0,1,1,1,1,0,0,0
5201,2025-12-26 14:07:00,4718.4,0,1,1,1,1,0,0,0
5202,2025-12-26 14:08:00,4717.0,0,0,1,0,1,0,0,0
5202,2025-12-26 14:08:00,4717.7,0,1,1,1,1,0,0,0
5203,2025-12-26 14:13:00,4718.5,0,1,1,1,1,0,0,0
5204,2025-12-26 14:28:00,4721.1,1,0,1,-1,1,0,0,0
5205,2025-12-26 14:29:00,4720.0,0,0,1,0,1,0,0,0
5206,2025-12-26 14:37:00,4719.9,0,1,1,1,1,0,0,0
5207,2025-12-26 14:38:00,4721.5,0,0,1,0,1,0,0,0
5207,2025-12-26 14:38:00,4721.8,0,1,1,1,1,0,0,0
5207,2025-12-26 14:38:00,4721.9,0,1,1,1,1,0,0,0
5208,2025-12-26 14:41:00,4710.5,5,0,5,-5,1,0,0,0
5208,2025-12-26 14:41:00,4710.6,1,0,1,-1,1,0,0,0
5208,2025-12-26 14:41:00,4710.8,1,0,1,-1,1,0,0,0
5208,2025-12-26 14:41:00,4710.9,2,0,2,-2,2,0,0,0
5208,2025-12-26 14:41:00,4711.0,5,0,5,-5,1,0,0,0
5208,2025-12-26 14:41:00,4711.3,6,0,6,-6,3,0,0,0
5208,2025-12-26 14:41:00,4711.4,5,0,5,-5,2,0,0,0
5208,2025-12-26 14:41:00,4711.5,1,0,1,-1,1,0,0,0
5208,2025-12-26 14:41:00,4711.7,4,0,4,-4,2,0,0,0
5208,2025-12-26 14:41:00,4711.8,5,0,5,-5,2,0,0,0
5208,2025-12-26 14:41:00,4711.9,2,0,2,-2,1,0,0,0
5208,2025-12-26 14:41:00,4712.0,5,0,5,-5,2,0,0,0
5208,2025-12-26 14:41:00,4712.1,1,0,1,-1,1,0,0,0
5208,2025-12-26 14:41:00,4712.4,2,0,2,-2,1,0,0,0
5208,2025-12-26 14:41:00,4712.6,1,0,1,-1,1,0,0,0
5208,2025-12-26 14:41:00,4712.8,3,0,3,-3,1,0,0,0
5208,2025-12-26 14:41:00,4713.1,2,0,2,-2,1,0,0,0
5208,2025-12-26 14:41:00,4713.2,3,0,3,-3,1,0,0,0
5208,2025-12-26 14:41:00,4713.3,7,0,7,-7,1,0,0,0
5208,2025-12-26 14:41:00,4713.4,1,0,1,-1,1,0,0,0
5208,2025-12-26 14:41:00,4713.7,1,0,1,-1,1,0,0,0
5208,2025-12-26 14:41:00,4713.8,1,0,1,-1,1,0,0,0
5208,2025-12-26 14:41:00,4714.1,1,0,1,-1,1,0,0,0
5208,2025-12-26 14:41:00,4714.2,1,0,1,-1,1,0,0,0
5208,2025-12-26 14:41:00,4714.7,3,0,3,-3,1,0,0,0
5208,2025-12-26 14:41:00,4714.8,3,0,3,-3,1,0,0,0
5208,2025-12-26 14:41:00,4714.9,2,0,2,-2,1,0,0,0
5208,2025-12-26 14:41:00,4715.0,3,0,3,-3,1,0,0,0
5208,2025-12-26 14:41:00,4715.2,1,0,1,-1,1,0,0,0
5208,2025-12-26 14:41:00,4715.3,1,0,1,-1,1,0,0,0
5208,2025-12-26 14:41:00,4715.4,3,0,3,-3,1,0,0,0
5208,2025-12-26 14:41:00,4715.5,2,0,2,-2,1,0,0,0
5208,2025-12-26 14:41:00,4715.6,2,0,2,-2,1,0,0,0
5209,2025-12-26 14:57:00,4712.5,0,1,1,1,1,0,0,0
5210,2025-12-26 15:04:00,4714.7,0,1,1,1,1,0,0,0
5211,2025-12-26 15:09:00,4716.6,0,1,1,1,1,0,0,0
5211,2025-12-26 15:09:00,4716.7,0,1,1,1,1,0,0,0
5212,2025-12-26 15:12:00,4717.5,0,1,1,1,1,0,0,0
5213,2025-12-26 15:13:00,4718.2,0,0,1,0,1,0,0,0
5214,2025-12-26 15:19:00,4718.0,0,0,1,0,1,0,0,0
5215,2025-12-26 15:26:00,4720.9,1,0,1,-1,1,0,0,0
5215,2025-12-26 15:26:00,4721.9,0,1,1,1,1,0,0,0
5216,2025-12-26 15:33:00,4729.5,1,0,1,-1,1,0,0,0
5217,2025-12-26 15:34:00,4729.4,1,0,1,-1,1,0,0,0
5217,2025-12-26 15:34:00,4731.4,0,1,1,1,1,0,0,0
5218,2025-12-26 15:55:00,4732.0,0,1,1,1,1,0,0,0
5218,2025-12-26 15:55:00,4732.3,0,1,1,1,1,0,0,0
5218,2025-12-26 15:55:00,4732.5,0,3,3,3,1,0,0,0
5219,2025-12-26 15:56:00,4734.4,0,0,1,0,1,0,0,0
5220,2025-12-26 15:58:00,4735.0,1,0,1,-1,1,0,0,0
5220,2025-12-26 15:58:00,4736.4,0,1,1,1,1,0,0,0
5221,2025-12-26 15:59:00,4736.2,1,0,1,-1,1,0,0,0
5221,2025-12-26 15:59:00,4736.6,0,1,1,1,1,0,0,0
5222,2025-12-26 16:12:00,4729.6,1,0,1,-1,1,0,0,0
5222,2025-12-26 16:12:00,4732.0,0,0,1,0,1,0,0,0
5223,2025-12-26 16:40:00,4732.5,0,0,1,0,1,0,0,0
5224,2025-12-26 16:44:00,4730.5,1,0,1,-1,1,0,0,0
5225,2025-12-26 16:52:00,4722.1,1,0,1,-1,1,0,0,0
5225,2025-12-26 16:52:00,4723.0,1,0,2,-1,2,0,0,0
5226,2025-12-26 16:55:00,4727.0,0,0,1,0,1,0,0,0
5227,2025-12-26 17:04:00,4723.0,1,0,1,-1,1,0,0,0
5228,2025-12-26 17:13:00,4720.6,1,0,1,-1,1,0,0,0
5228,2025-12-26 17:13:00,4720.8,1,0,1,-1,1,0,0,0
5229,2025-12-26 17:15:00,4714.2,1,0,1,-1,1,0,0,0
5229,2025-12-26 17:15:00,4714.9,0,0,1,0,1,0,0,0
5230,2025-12-26 17:22:00,4712.4,0,0,1,0,1,0,0,0
5231,2025-12-26 17:26:00,4714.6,0,1,1,1,1,0,0,0
5232,2025-12-26 17:32:00,4706.1,1,0,1,-1,1,0,0,0
5233,2025-12-26 17:33:00,4707.5,0,1,1,1,1,0,0,0
5234,2025-12-26 17:39:00,4708.1,0,1,1,1,1,0,0,0
5235,2025-12-26 17:40:00,4705.0,0,0,1,0,1,0,0,0
5236,2025-12-26 18:27:00,4714.0,0,1,1,1,1,0,0,0
5237,2025-12-26 18:29:00,4708.5,0,0,1,0,1,0,0,0
5237,2025-12-26 18:29:00,4708.9,0,1,1,1,1,0,0,0
5237,2025-12-26 18:29:00,4709.4,0,0,1,0,1,0,0,0
5237,2025-12-26 18:29:00,4709.8,0,1,2,1,2,0,0,0
5237,2025-12-26 18:29:00,4710.4,0,0,1,0,1,0,0,0
5237,2025-12-26 18:29:00,4710.5,0,0,1,0,1,0,0,0
5237,2025-12-26 18:29:00,4710.9,0,1,1,1,1,0,0,0
5237,2025-12-26 18:29:00,4711.0,0,0,2,0,2,0,0,0
5238,2025-12-26 18:32:00,4707.1,0,1,1,1,1,0,0,0
5239,2025-12-26 18:41:00,4716.8,0,1,1,1,1,0,0,0
5240,2025-12-26 18:43:00,4718.2,0,1,1,1,1,0,0,0
5241,2025-12-26 19:02:00,4715.0,0,0,2,0,1,0,0,0
5242,2025-12-26 19:31:00,4714.1,1,0,1,-1,1,0,0,0
5243,2025-12-26 19:32:00,4714.1,1,0,1,-1,1,0,0,0
5244,2025-12-26 19:34:00,4712.9,1,0,1,-1,1,0,0,0
5245,2025-12-26 19:36:00,4710.8,1,0,1,-1,1,0,0,0
5246,2025-12-26 20:08:00,4719.0,0,0,1,0,1,0,0,0
5247,2025-12-26 20:12:00,4718.8,0,2,2,2,1,0,0,0
5247,2025-12-26 20:12:00,4718.9,0,3,3,3,1,0,0,0
5248,2025-12-26 20:22:00,4711.1,1,0,1,-1,1,0,0,0
5249,2025-12-26 20:26:00,4708.9,1,0,1,-1,1,0,0,0
5249,2025-12-26 20:26:00,4709.3,2,0,2,-2,1,0,0,0
5249,2025-12-26 20:26:00,4709.4,1,0,1,-1,1,0,0,0
5249,2025-12-26 20:26:00,4709.5,1,0,1,-1,1,0,0,0
5249,2025-12-26 20:26:00,4709.8,1,0,1,-1,1,0,0,0
5250,2025-12-26 20:27:00,4709.1,1,0,1,-1,1,0,0,0
5251,2025-12-26 20:31:00,4711.5,1,0,1,-1,1,0,0,0
5252,2025-12-28 23:00:00,4729.0,0,0,1,0,1,0,0,0
5253,2025-12-28 23:13:00,4712.6,0,0,1,0,1,0,0,0
5254,2025-12-28 23:24:00,4720.0,0,0,1,0,1,0,0,0
5255,2025-12-28 23:26:00,4718.0,0,0,2,0,2,0,0,0
5256,2025-12-28 23:27:00,4718.0,0,0,1,0,1,0,0,0
5257,2025-12-28 23:30:00,4718.0,0,0,6,0,3,0,0,0
5258,2025-12-28 23:54:00,4711.7,0,1,1,1,1,0,0,0
5259,2025-12-29 00:00:00,4701.0,0,0,1,0,1,0,0,0
5260,2025-12-29 00:08:00,4702.0,0,1,1,1,1,0,0,0
5261,2025-12-29 00:20:00,4683.2,0,0,1,0,1,0,0,0
5262,2025-12-29 00:30:00,4650.2,0,0,5,0,4,0,0,0
5263,2025-12-29 00:32:00,4658.9,1,0,1,-1,1,0,0,0
5264,2025-12-29 00:34:00,4668.6,0,1,1,1,1,0,0,0
5265,2025-12-29 00:38:00,4671.8,0,1,1,1,1,0,0,0
5266,2025-12-29 00:54:00,4675.0,0,0,1,0,1,0,0,0
5267,2025-12-29 00:57:00,4674.1,1,0,1,-1,1,0,0,0
5268,2025-12-29 01:04:00,4679.1,2,0,2,-2,1,0,0,0
5268,2025-12-29 01:04:00,4679.2,1,0,1,-1,1,0,0,0
5269,2025-12-29 01:30:00,4678.3,1,0,1,-1,1,0,0,0
5270,2025-12-29 01:50:00,4682.2,1,0,1,-1,1,0,0,0
5271,2025-12-29 01:58:00,4675.4,0,1,1,1,1,0,0,0
5272,2025-12-29 02:10:00,4685.0,0,0,1,0,1,0,0,0
5273,2025-12-29 02:21:00,4689.4,0,0,1,0,1,0,0,0
5274,2025-12-29 02:32:00,4694.1,0,1,1,1,1,0,0,0
5275,2025-12-29 02:42:00,4691.2,0,0,1,0,1,0,0,0
5275,2025-12-29 02:42:00,4692.4,0,0,1,0,1,0,0,0
5276,2025-12-29 02:45:00,4694.0,0,1,1,1,1,0,0,0
5277,2025-12-29 03:05:00,4695.0,0,1,1,1,1,0,0,0
5278,2025-12-29 03:06:00,4695.7,0,1,1,1,1,0,0,0
5279,2025-12-29 03:07:00,4697.5,0,0,1,0,1,0,0,0
5280,2025-12-29 03:08:00,4697.1,0,0,1,0,1,0,0,0
5280,2025-12-29 03:08:00,4697.9,0,1,1,1,1,0,0,0
5281,2025-12-29 03:52:00,4696.0,1,0,1,-1,1,0,0,0
5282,2025-12-29 04:09:00,4691.9,0,1,1,1,1,0,0,0
5283,2025-12-29 05:41:00,4697.7,0,1,1,1,1,0,0,0
5284,2025-12-29 06:38:00,4668.4,2,0,2,-2,2,0,0,0
5284,2025-12-29 06:38:00,4669.2,2,0,2,-2,2,0,0,0
5285,2025-12-29 06:43:00,4670.0,0,0,1,0,1,0,0,0
5286,2025-12-29 06:46:00,4659.5,0,0,1,0,1,0,0,0
5287,2025-12-29 06:47:00,4663.2,0,0,2,0,2,0,0,0
5288,2025-12-29 07:00:00,4636.0,0,0,1,0,1,0,0,0
5289,2025-12-29 08:17:00,4665.0,0,0,6,0,3,0,0,0
5290,2025-12-29 08:23:00,4662.2,0,0,1,0,1,0,0,0
5291,2025-12-29 08:42:00,4652.5,1,0,1,-1,1,0,0,0
5292,2025-12-29 08:52:00,4635.7,0,1,1,1,1,0,0,0
5293,2025-12-29 08:54:00,4634.6,0,1,1,1,1,0,0,0
5293,2025-12-29 08:54:00,4634.7,2,0,2,-2,1,0,0,0
5294,2025-12-29 10:26:00,4645.7,1,0,1,-1,1,0,0,0
5294,2025-12-29 10:26:00,4645.8,1,0,1,-1,1,0,0,0
5295,2025-12-29 10:31:00,4636.7,1,0,1,-1,1,0,0,0
5295,2025-12-29 10:31:00,4636.9,1,0,1,-1,1,0,0,0
5296,2025-12-29 11:40:00,4611.9,1,0,1,-1,1,0,0,0
5296,2025-12-29 11:40:00,4614.6,0,0,1,0,1,0,0,0
5296,2025-12-29 11:40:00,4619.6,0,0,1,0,1,0,0,0
5297,2025-12-29 11:55:00,4620.0,0,0,1,0,1,0,0,0
5298,2025-12-29 12:36:00,4630.9,0,0,2,0,1,0,0,0
5299,2025-12-29 12:47:00,4635.0,0,0,2,0,2,0,0,0
5300,2025-12-29 13:29:00,4622.2,0,1,1,1,1,0,0,0
5301,2025-12-29 13:42:00,4601.9,1,0,1,-1,1,0,0,0
5302,2025-12-29 13:43:00,4600.0,0,0,1,0,1,0,0,0
5303,2025-12-29 13:50:00,4589.6,1,0,1,-1,1,0,0,0
5304,2025-12-29 13:51:00,4581.8,0,0,1,0,1,0,0,0
5305,2025-12-29 13:58:00,4587.8,1,0,1,-1,1,0,0,0
5306,2025-12-29 14:01:00,4577.1,1,0,1,-1,1,0,0,0
5306,2025-12-29 14:01:00,4577.2,1,0,1,-1,1,0,0,0
5306,2025-12-29 14:01:00,4577.9,1,0,1,-1,1,0,0,0
5307,2025-12-29 14:02:00,4577.5,1,0,1,-1,1,0,0,0
5308,2025-12-29 14:06:00,4561.0,0,0,1,0,1,0,0,0
5308,2025-12-29 14:06:00,4566.0,0,0,1,0,1,0,0,0
5308,2025-12-29 14:06:00,4571.0,0,1,1,1,1,0,0,0
5309,2025-12-29 14:07:00,4561.6,1,0,1,-1,1,0,0,0
5309,2025-12-29 14:07:00,4561.9,1,0,1,-1,1,0,0,0
5310,2025-12-29 14:09:00,4564.2,1,0,1,-1,1,0,0,0
5311,2025-12-29 14:11:00,4566.4,1,0,1,-1,1,0,0,0
5312,2025-12-29 14:12:00,4559.4,1,0,1,-1,1,0,0,0
5312,2025-12-29 14:12:00,4560.3,1,0,1,-1,1,0,0,0
5313,2025-12-29 14:20:00,4566.3,0,1,1,1,1,0,0,0
5314,2025-12-29 14:30:00,4542.0,0,0,1,0,1,0,0,0
5314,2025-12-29 14:30:00,4549.5,0,0,1,0,1,0,0,0
5315,2025-12-29 14:31:00,4538.8,0,0,1,0,1,0,0,0
5315,2025-12-29 14:31:00,4540.1,2,0,2,-2,1,0,0,0
5316,2025-12-29 14:32:00,4539.6,1,0,1,-1,1,0,0,0
5316,2025-12-29 14:32:00,4540.1,0,0,1,0,1,0,0,0
5316,2025-12-29 14:32:00,4540.2,1,0,1,-1,1,0,0,0
5316,2025-12-29 14:32:00,4542.0,1,0,1,-1,1,0,0,0
5316,2025-12-29 14:32:00,4542.7,1,0,1,-1,1,0,0,0
5316,2025-12-29 14:32:00,4542.8,1,0,1,-1,1,0,0,0
5317,2025-12-29 14:33:00,4545.1,0,1,1,1,1,0,0,0
5317,2025-12-29 14:33:00,4545.2,0,2,2,2,1,0,0,0
5317,2025-12-29 14:33:00,4545.4,0,2,2,2,1,0,0,0
5317,2025-12-29 14:33:00,4545.9,0,2,2,2,1,0,0,0
5317,2025-12-29 14:33:00,4546.3,0,2,2,2,1,0,0,0
5317,2025-12-29 14:33:00,4546.6,0,1,1,1,1,0,0,0
5317,2025-12-29 14:33:00,4546.7,0,7,7,7,1,0,0,0
5317,2025-12-29 14:33:00,4546.8,27,3,47,-24,25,0,0,0
5318,2025-12-29 14:34:00,4550.3,0,1,1,1,1,0,0,0
5319,2025-12-29 14:35:00,4555.0,0,0,1,0,1,0,0,0
5320,2025-12-29 14:36:00,4559.6,0,1,1,1,1,0,0,0
5320,2025-12-29 14:36:00,4559.9,0,2,2,2,1,0,0,0
5320,2025-12-29 14:36:00,4560.2,0,3,3,3,1,0,0,0
5320,2025-12-29 14:36:00,4560.6,0,1,1,1,1,0,0,0
5320,2025-12-29 14:36:00,4560.8,30,0,30,-30,1,0,0,0
5321,2025-12-29 14:40:00,4540.5,1,0,21,-1,9,0,0,0
5322,2025-12-29 14:41:00,4532.5,1,0,1,-1,1,0,0,0
5322,2025-12-29 14:41:00,4532.6,0,1,9,1,4,0,0,0
5322,2025-12-29 14:41:00,4540.5,16,0,79,-16,58,0,0,0
5323,2025-12-29 14:44:00,4538.5,1,0,1,-1,1,0,0,0
5324,2025-12-29 14:48:00,4550.0,0,0,1,0,1,0,0,0
5325,2025-12-29 14:52:00,4543.3,1,0,1,-1,1,0,0,0
5326,2025-12-29 14:53:00,4542.4,0,0,1,0,1,0,0,0
5326,2025-12-29 14:53:00,4544.9,0,0,1,0,1,0,0,0
5327,2025-12-29 15:02:00,4510.0,0,0,1,0,1,0,0,0
5327,2025-12-29 15:02:00,4510.5,0,1,1,1,1,0,0,0
5327,2025-12-29 15:02:00,4513.6,0,1,1,1,1,0,0,0
5328,2025-12-29 15:03:00,4512.9,0,0,1,0,1,0,0,0
5329,2025-12-29 15:04:00,4510.8,1,0,1,-1,1,0,0,0
5330,2025-12-29 15:06:00,4506.3,1,0,1,-1,1,0,0,0
5331,2025-12-29 15:07:00,4499.1,1,0,1,-1,1,0,0,0
5331,2025-12-29 15:07:00,4500.0,0,0,1,0,1,0,0,0
5332,2025-12-29 15:13:00,4512.9,2,25,30,23,16,0,0,0
5332,2025-12-29 15:13:00,4513.3,1,0,1,-1,1,0,0,0
5332,2025-12-29 15:13:00,4513.4,1,0,1,-1,1,0,0,0
5332,2025-12-29 15:13:00,4513.6,1,0,1,-1,1,0,0,0
5332,2025-12-29 15:13:00,4514.2,2,0,2,-2,1,0,0,0
5333,2025-12-29 15:16:00,4499.5,0,0,1,0,1,0,0,0
5334,2025-12-29 15:21:00,4487.5,1,0,1,-1,1,0,0,0
5334,2025-12-29 15:21:00,4487.8,3,0,3,-3,1,0,0,0
5334,2025-12-29 15:21:00,4488.0,1,0,1,-1,1,0,0,0
5334,2025-12-29 15:21:00,4488.4,1,0,1,-1,1,0,0,0
5335,2025-12-29 15:22:00,4476.7,0,0,1,0,1,0,0,0
5336,2025-12-29 15:23:00,4479.9,0,0,1,0,1,0,0,0
5336,2025-12-29 15:23:00,4481.2,0,0,2,0,2,0,0,0
5337,2025-12-29 15:24:00,4481.5,0,0,2,0,1,0,0,0
5338,2025-12-29 15:33:00,4490.4,1,0,1,-1,1,0,0,0
5338,2025-12-29 15:33:00,4490.6,1,0,1,-1,1,0,0,0
5339,2025-12-29 15:35:00,4502.9,1,0,1,-1,1,0,0,0
5339,2025-12-29 15:35:00,4503.3,0,0,1,0,1,0,0,0
5340,2025-12-29 15:40:00,4495.5,3,0,3,-3,1,0,0,0
5340,2025-12-29 15:40:00,4495.8,1,0,1,-1,1,0,0,0
5340,2025-12-29 15:40:00,4496.3,1,0,1,-1,1,0,0,0
5340,2025-12-29 15:40:00,4496.4,0,0,1,0,1,0,0,0
5340,2025-12-29 15:40:00,4496.5,2,0,2,-2,1,0,0,0
5341,2025-12-29 15:44:00,4502.7,0,1,1,1,1,0,0,0
5342,2025-12-29 15:48:00,4496.2,0,29,128,29,83,0,0,0
5342,2025-12-29 15:48:00,4496.3,1,0,1,-1,1,0,0,0
5342,2025-12-29 15:48:00,4496.4,2,0,2,-2,1,0,0,0
5342,2025-12-29 15:48:00,4496.5,1,0,1,-1,1,0,0,0
5342,2025-12-29 15:48:00,4496.7,2,0,2,-2,1,0,0,0
5343,2025-12-29 15:49:00,4497.8,0,0,1,0,1,0,0,0
5344,2025-12-29 15:52:00,4495.5,0,0,4,0,4,0,0,0
5345,2025-12-29 15:53:00,4495.1,1,0,1,-1,1,0,0,0
5345,2025-12-29 15:53:00,4495.9,1,0,1,-1,1,0,0,0
5345,2025-12-29 15:53:00,4496.1,1,0,1,-1,1,0,0,0
5345,2025-12-29 15:53:00,4496.2,1,0,1,-1,1,0,0,0
5346,2025-12-29 15:55:00,4495.2,0,0,1,0,1,0,0,0
5346,2025-12-29 15:55:00,4496.8,0,0,1,0,1,0,0,0
5347,2025-12-29 15:58:00,4494.4,0,0,1,0,1,0,0,0
5347,2025-12-29 15:58:00,4496.3,0,0,1,0,1,0,0,0
5347,2025-12-29 15:58:00,4498.3,0,0,1,0,1,0,0,0
5348,2025-12-29 16:05:00,4503.1,1,0,1,-1,1,0,0,0
5349,2025-12-29 16:07:00,4502.2,1,0,1,-1,1,0,0,0
5350,2025-12-29 16:09:00,4505.8,1,0,1,-1,1,0,0,0
5350,2025-12-29 16:09:00,4506.2,1,0,2,-1,2,0,0,0
5350,2025-12-29 16:09:00,4506.7,1,0,1,-1,1,0,0,0
5351,2025-12-29 16:12:00,4508.3,1,0,1,-1,1,0,0,0
5352,2025-12-29 16:19:00,4497.1,0,1,1,1,1,0,0,0
5353,2025-12-29 16:21:00,4499.4,0,0,1,0,1,0,0,0
5354,2025-12-29 16:36:00,4507.0,3,0,3,-3,1,0,0,0
5355,2025-12-29 16:37:00,4504.7,0,0,1,0,1,0,0,0
5356,2025-12-29 16:38:00,4507.2,0,0,1,0,1,0,0,0
5357,2025-12-29 17:43:00,4488.3,1,0,1,-1,1,0,0,0
5357,2025-12-29 17:43:00,4488.4,2,0,2,-2,2,0,0,0
5357,2025-12-29 17:43:00,4489.8,2,0,2,-2,1,0,0,0
5358,2025-12-29 17:44:00,4489.3,2,0,2,-2,2,0,0,0
5359,2025-12-29 18:29:00,4493.2,0,0,1,0,1,0,0,0
5359,2025-12-29 18:29:00,4493.8,0,0,2,0,2,0,0,0
5360,2025-12-29 18:44:00,4500.0,0,0,1,0,1,0,0,0
5361,2025-12-29 18:45:00,4502.5,0,2,2,2,1,0,0,0
5362,2025-12-29 20:33:00,4508.6,1,0,1,-1,1,0,0,0
5363,2025-12-29 20:35:00,4507.2,1,0,1,-1,1,0,0,0
5364,2025-12-29 20:37:00,4499.4,0,0,1,0,1,0,0,0
5364,2025-12-29 20:37:00,4500.4,0,1,1,1,1,0,0,0
5364,2025-12-29 20:37:00,4500.5,0,1,1,1,1,0,0,0
5365,2025-12-29 20:38:00,4497.1,1,0,1,-1,1,0,0,0
5365,2025-12-29 20:38:00,4499.4,0,1,1,1,1,0,0,0
5366,2025-12-29 20:50:00,4505.8,1,0,1,-1,1,0,0,0
5366,2025-12-29 20:50:00,4505.9,2,0,2,-2,1,0,0,0
5367,2025-12-29 20:51:00,4505.3,1,0,1,-1,1,0,0,0
5367,2025-12-29 20:51:00,4505.5,1,0,1,-1,1,0,0,0
5368,2025-12-29 20:54:00,4502.9,1,0,1,-1,1,0,0,0
5369,2025-12-29 21:09:00,4507.2,0,0,2,0,2,0,0,0
5370,2025-12-29 21:27:00,4503.5,1,0,1,-1,1,0,0,0
5371,2025-12-29 21:40:00,4498.5,1,0,1,-1,1,0,0,0
5372,2025-12-29 21:41:00,4498.5,0,0,1,0,1,0,0,0
5372,2025-12-29 21:41:00,4499.0,1,0,1,-1,1,0,0,0
5372,2025-12-29 21:41:00,4499.6,1,0,1,-1,1,0,0,0
5373,2025-12-29 23:11:00,4510.4,1,0,1,-1,1,0,0,0
5373,2025-12-29 23:11:00,4510.5,2,0,2,-2,1,0,0,0
5374,2025-12-29 23:18:00,4497.0,0,0,2,0,2,0,0,0
5374,2025-12-29 23:18:00,4500.0,0,0,4,0,1,0,0,0
5375,2025-12-29 23:32:00,4500.6,1,0,1,-1,1,0,0,0
5375,2025-12-29 23:32:00,4500.7,1,0,1,-1,1,0,0,0
5376,2025-12-29 23:47:00,4508.1,0,1,1,1,1,0,0,0
5377,2025-12-29 23:58:00,4513.0,0,1,1,1,1,0,0,0
5377,2025-12-29 23:58:00,4513.2,0,1,1,1,1,0,0,0
5377,2025-12-29 23:58:00,4513.3,0,1,1,1,1,0,0,0
5377,2025-12-29 23:58:00,4513.6,0,1,1,1,1,0,0,0
5377,2025-12-29 23:58:00,4513.8,0,1,1,1,1,0,0,0
5377,2025-12-29 23:58:00,4514.0,0,1,1,1,1,0,0,0
5377,2025-12-29 23:58:00,4514.1,0,2,2,2,1,0,0,0
5377,2025-12-29 23:58:00,4514.5,0,1,1,1,1,0,0,0
5377,2025-12-29 23:58:00,4514.8,0,1,1,1,1,0,0,0
5378,2025-12-30 00:05:00,4509.4,0,1,1,1,1,0,0,0
5379,2025-12-30 01:13:00,4502.2,0,0,1,0,1,0,0,0
5380,2025-12-30 01:39:00,4506.8,1,0,1,-1,1,0,0,0
5381,2025-12-30 01:42:00,4512.7,0,1,1,1,1,0,0,0
5382,2025-12-30 01:43:00,4512.6,1,0,1,-1,1,0,0,0
5383,2025-12-30 01:44:00,4513.8,1,0,1,-1,1,0,0,0
5383,2025-12-30 01:44:00,4514.0,1,0,1,-1,1,0,0,0
5383,2025-12-30 01:44:00,4514.5,1,0,1,-1,1,0,0,0
5383,2025-12-30 01:44:00,4515.8,1,0,1,-1,1,0,0,0
5384,2025-12-30 01:47:00,4517.4,1,0,1,-1,1,0,0,0
5385,2025-12-30 01:49:00,4518.1,0,0,1,0,1,0,0,0
5386,2025-12-30 01:54:00,4523.9,0,1,1,1,1,0,0,0
5387,2025-12-30 02:01:00,4525.5,0,2,2,2,1,0,0,0
5387,2025-12-30 02:01:00,4525.6,0,3,3,3,1,0,0,0
5387,2025-12-30 02:01:00,4526.2,0,1,1,1,1,0,0,0
5387,2025-12-30 02:01:00,4526.7,0,3,3,3,1,0,0,0
5387,2025-12-30 02:01:00,4527.1,0,1,1,1,1,0,0,0
5388,2025-12-30 02:30:00,4520.4,1,0,1,-1,1,0,0,0
5389,2025-12-30 02:32:00,4518.2,1,0,1,-1,1,0,0,0
5390,2025-12-30 02:34:00,4518.4,1,0,1,-1,1,0,0,0
5391,2025-12-30 02:35:00,4516.0,2,0,2,-2,2,0,0,0
5392,2025-12-30 02:57:00,4528.0,0,0,1,0,1,0,0,0
5393,2025-12-30 02:58:00,4526.4,1,0,1,-1,1,0,0,0
5393,2025-12-30 02:58:00,4527.7,1,0,1,-1,1,0,0,0
5394,2025-12-30 03:54:00,4525.0,0,0,1,0,1,0,0,0
5395,2025-12-30 04:11:00,4526.8,0,0,1,0,1,0,0,0
5396,2025-12-30 04:15:00,4528.9,0,0,1,0,1,0,0,0
5397,2025-12-30 04:18:00,4529.0,0,1,1,1,1,0,0,0
5398,2025-12-30 05:46:00,4539.4,1,0,1,-1,1,0,0,0
5398,2025-12-30 05:46:00,4539.6,1,0,1,-1,1,0,0,0
5398,2025-12-30 05:46:00,4540.0,0,0,1,0,1,0,0,0
5399,2025-12-30 05:47:00,4539.4,1,0,1,-1,1,0,0,0
5399,2025-12-30 05:47:00,4539.5,1,0,1,-1,1,0,0,0
5400,2025-12-30 05:53:00,4545.6,0,2,2,2,1,0,0,0
5400,2025-12-30 05:53:00,4545.8,0,1,1,1,1,0,0,0
5400,2025-12-30 05:53:00,4546.1,0,1,1,1,1,0,0,0
5400,2025-12-30 05:53:00,4546.5,0,1,1,1,1,0,0,0
5401,2025-12-30 07:56:00,4541.2,1,0,1,-1,1,0,0,0
5402,2025-12-30 08:04:00,4534.0,1,0,1,-1,1,0,0,0
5403,2025-12-30 08:20:00,4535.0,2,0,8,-2,6,0,0,0
5404,2025-12-30 08:21:00,4535.0,0,0,2,0,2,0,0,0
5405,2025-12-30 08:22:00,4532.0,0,0,10,0,4,0,0,0
5406,2025-12-30 08:26:00,4531.0,0,0,2,0,2,0,0,0
5407,2025-12-30 08:27:00,4531.0,4,0,8,-4,8,0,0,0
5408,2025-12-30 08:28:00,4528.0,3,0,10,-3,8,0,0,0
5409,2025-12-30 08:29:00,4525.0,7,0,10,-7,6,0,0,0
5410,2025-12-30 08:36:00,4525.0,2,0,8,-2,7,0,0,0
5411,2025-12-30 08:38:00,4527.5,0,0,2,0,1,0,0,0
5412,2025-12-30 08:40:00,4529.0,2,0,9,-2,7,0,0,0
5412,2025-12-30 08:40:00,4530.9,0,1,1,1,1,0,0,0
5413,2025-12-30 08:41:00,4530.5,3,0,8,-3,7,0,0,0
5413,2025-12-30 08:41:00,4531.0,3,0,4,-3,4,0,0,0
5414,2025-12-30 08:42:00,4532.2,0,1,1,1,1,0,0,0
5414,2025-12-30 08:42:00,4532.4,0,2,2,2,1,0,0,0
5414,2025-12-30 08:42:00,4532.5,0,3,3,3,1,0,0,0
5414,2025-12-30 08:42:00,4532.6,0,1,1,1,1,0,0,0
5414,2025-12-30 08:42:00,4532.7,0,6,6,6,1,0,0,0
5414,2025-12-30 08:42:00,4532.8,0,1,1,1,1,0,0,0
5414,2025-12-30 08:42:00,4532.9,0,1,1,1,1,0,0,0
5414,2025-12-30 08:42:00,4533.2,0,2,2,2,1,0,0,0
5414,2025-12-30 08:42:00,4533.3,1,4,6,3,3,0,0,0
5415,2025-12-30 10:13:00,4545.2,1,0,1,-1,1,0,0,0
5416,2025-12-30 10:33:00,4560.0,0,0,1,0,1,0,0,0
5417,2025-12-30 10:36:00,4560.0,1,0,1,-1,1,0,0,0
5418,2025-12-30 10:46:00,4552.4,1,0,1,-1,1,0,0,0
5419,2025-12-30 10:48:00,4551.3,1,0,1,-1,1,0,0,0
5420,2025-12-30 11:25:00,4556.7,1,0,1,-1,1,0,0,0
5421,2025-12-30 12:17:00,4568.0,0,0,1,0,1,0,0,0
5422,2025-12-30 12:20:00,4569.0,0,1,1,1,1,0,0,0
5423,2025-12-30 12:41:00,4573.0,0,0,1,0,1,0,0,0
5424,2025-12-30 13:01:00,4572.2,0,0,1,0,1,0,0,0
5424,2025-12-30 13:01:00,4573.0,0,0,1,0,1,0,0,0
5425,2025-12-30 13:16:00,4566.9,1,0,1,-1,1,0,0,0
5426,2025-12-30 13:17:00,4568.6,0,0,1,0,1,0,0,0
5427,2025-12-30 13:26:00,4567.4,0,0,1,0,1,0,0,0
5427,2025-12-30 13:26:00,4567.9,0,1,1,1,1,0,0,0
5428,2025-12-30 13:43:00,4546.2,0,0,1,0,1,0,0,0
5429,2025-12-30 13:46:00,4551.0,1,0,1,-1,1,0,0,0
5430,2025-12-30 13:50:00,4549.5,0,1,1,1,1,0,0,0
5431,2025-12-30 13:51:00,4553.0,0,1,1,1,1,0,0,0
5432,2025-12-30 14:19:00,4551.5,1,0,1,-1,1,0,0,0
5432,2025-12-30 14:19:00,4551.6,1,0,1,-1,1,0,0,0
5432,2025-12-30 14:19:00,4551.7,1,0,1,-1,1,0,0,0
5433,2025-12-30 14:21:00,4554.5,3,0,3,-3,2,0,0,0
5433,2025-12-30 14:21:00,4554.6,1,0,1,-1,1,0,0,0
5433,2025-12-30 14:21:00,4554.7,1,0,1,-1,1,0,0,0
5434,2025-12-30 14:22:00,4554.6,1,0,1,-1,1,0,0,0
5435,2025-12-30 14:41:00,4537.6,0,0,1,0,1,0,0,0
5436,2025-12-30 15:18:00,4544.7,0,1,1,1,1,0,0,0
5437,2025-12-30 15:22:00,4542.6,1,0,1,-1,1,0,0,0
5438,2025-12-30 15:28:00,4537.5,0,0,1,0,1,0,0,0
5439,2025-12-30 16:21:00,4537.5,0,0,1,0,1,0,0,0
5440,2025-12-30 16:50:00,4541.2,0,1,1,1,1,0,0,0
5441,2025-12-30 18:05:00,4548.1,0,3,3,3,1,0,0,0
5441,2025-12-30 18:05:00,4548.3,0,2,2,2,1,0,0,0
5442,2025-12-30 18:06:00,4548.4,0,1,1,1,1,0,0,0
5442,2025-12-30 18:06:00,4548.5,0,2,2,2,1,0,0,0
5442,2025-12-30 18:06:00,4548.7,0,1,1,1,1,0,0,0
5443,2025-12-30 18:09:00,4543.8,2,0,2,-2,1,0,0,0
5444,2025-12-30 18:29:00,4541.0,0,0,2,0,2,0,0,0
5444,2025-12-30 18:29:00,4541.6,0,1,1,1,1,0,0,0
5444,2025-12-30 18:29:00,4542.2,0,0,1,0,1,0,0,0
5444,2025-12-30 18:29:00,4542.7,0,1,1,1,1,0,0,0
5445,2025-12-30 19:04:00,4536.8,0,1,1,1,1,0,0,0
5446,2025-12-30 19:38:00,4527.0,1,0,1,-1,1,0,0,0
5446,2025-12-30 19:38:00,4527.1,2,0,2,-2,1,0,0,0
5446,2025-12-30 19:38:00,4527.2,1,0,1,-1,1,0,0,0
5446,2025-12-30 19:38:00,4527.4,1,0,1,-1,1,0,0,0
5446,2025-12-30 19:38:00,4527.7,2,0,2,-2,1,0,0,0
5446,2025-12-30 19:38:00,4527.8,2,0,2,-2,1,0,0,0
5446,2025-12-30 19:38:00,4527.9,1,0,1,-1,1,0,0,0
5446,2025-12-30 19:38:00,4528.0,0,0,1,0,1,0,0,0
5447,2025-12-30 19:39:00,4530.0,0,1,1,1,1,0,0,0
5448,2025-12-30 19:43:00,4530.0,0,1,1,1,1,0,0,0
5449,2025-12-30 19:44:00,4530.0,0,1,3,1,3,0,0,0
5450,2025-12-30 19:46:00,4526.0,0,0,1,0,1,0,0,0
5451,2025-12-30 20:34:00,4522.0,0,1,1,1,1,0,0,0
5452,2025-12-30 20:41:00,4518.4,5,0,5,-5,1,0,0,0
5452,2025-12-30 20:41:00,4518.5,4,0,4,-4,1,0,0,0
5452,2025-12-30 20:41:00,4518.6,1,0,1,-1,1,0,0,0
5452,2025-12-30 20:41:00,4520.0,0,0,1,0,1,0,0,0
5453,2025-12-30 20:46:00,4518.2,0,0,1,0,1,0,0,0
5454,2025-12-30 20:52:00,4510.5,0,1,2,1,2,0,0,0
5454,2025-12-30 20:52:00,4510.9,1,0,1,-1,1,0,0,0
5455,2025-12-30 20:53:00,4510.7,0,0,1,0,1,0,0,0
5456,2025-12-30 20:57:00,4512.2,0,0,1,0,1,0,0,0
5457,2025-12-30 20:59:00,4508.0,0,0,1,0,1,0,0,0
5458,2025-12-30 21:12:00,4518.2,0,1,1,1,1,0,0,0
5458,2025-12-30 21:12:00,4518.5,2,0,2,-2,2,0,0,0
5459,2025-12-30 21:16:00,4515.4,1,0,1,-1,1,0,0,0
5459,2025-12-30 21:16:00,4515.5,1,0,1,-1,1,0,0,0
5460,2025-12-30 21:53:00,4507.0,1,0,1,-1,1,0,0,0
5461,2025-12-30 23:02:00,4509.0,0,0,1,0,1,0,0,0
5462,2025-12-30 23:03:00,4508.0,0,0,1,0,1,0,0,0
5463,2025-12-30 23:05:00,4507.0,0,0,1,0,1,0,0,0
5464,2025-12-30 23:18:00,4505.0,0,0,1,0,1,0,0,0
5465,2025-12-30 23:20:00,4503.8,1,0,1,-1,1,0,0,0
5465,2025-12-30 23:20:00,4506.0,0,0,1,0,1,0,0,0
5466,2025-12-30 23:26:00,4500.0,0,0,4,0,1,0,0,0
5466,2025-12-30 23:26:00,4504.0,0,0,1,0,1,0,0,0
5467,2025-12-30 23:28:00,4500.0,0,0,1,0,1,0,0,0
5468,2025-12-30 23:32:00,4499.5,0,2,2,2,1,0,0,0
5468,2025-12-30 23:32:00,4500.7,0,1,1,1,1,0,0,0
5469,2025-12-30 23:37:00,4504.9,0,1,1,1,1,0,0,0
5469,2025-12-30 23:37:00,4505.4,0,1,1,1,1,0,0,0
5470,2025-12-30 23:38:00,4506.9,0,1,1,1,1,0,0,0
5470,2025-12-30 23:38:00,4507.0,0,1,1,1,1,0,0,0
5471,2025-12-30 23:46:00,4500.9,1,0,1,-1,1,0,0,0
5472,2025-12-30 23:49:00,4499.0,0,0,1,0,1,0,0,0
5473,2025-12-31 00:05:00,4506.1,1,0,1,-1,1,0,0,0
5474,2025-12-31 00:21:00,4503.7,0,0,1,0,1,0,0,0
5475,2025-12-31 00:24:00,4506.5,0,2,2,2,1,0,0,0
5476,2025-12-31 00:37:00,4502.9,0,0,1,0,1,0,0,0
5477,2025-12-31 00:52:00,4503.0,0,0,1,0,1,0,0,0
5478,2025-12-31 00:57:00,4505.2,0,0,1,0,1,0,0,0
5479,2025-12-31 01:42:00,4531.0,0,0,1,0,1,0,0,0
5480,2025-12-31 01:57:00,4530.0,0,0,3,0,2,0,0,0
5481,2025-12-31 02:00:00,4531.7,1,0,1,-1,1,0,0,0
5482,2025-12-31 02:12:00,4529.5,0,0,1,0,1,0,0,0
5483,2025-12-31 02:48:00,4523.9,1,0,1,-1,1,0,0,0
5484,2025-12-31 02:50:00,4516.8,1,0,1,-1,1,0,0,0
5485,2025-12-31 02:51:00,4518.0,1,0,1,-1,1,0,0,0
5486,2025-12-31 02:56:00,4515.5,1,0,1,-1,1,0,0,0
5487,2025-12-31 03:03:00,4508.8,1,0,1,-1,1,0,0,0
5488,2025-12-31 03:08:00,4516.0,2,0,2,-2,1,0,0,0
5488,2025-12-31 03:08:00,4516.2,1,0,1,-1,1,0,0,0
5489,2025-12-31 03:22:00,4507.8,1,0,1,-1,1,0,0,0
5489,2025-12-31 03:22:00,4509.7,1,0,1,-1,1,0,0,0
5490,2025-12-31 04:56:00,4503.0,1,0,1,-1,1,0,0,0
5491,2025-12-31 05:29:00,4505.0,0,0,1,0,1,0,0,0
5492,2025-12-31 05:40:00,4478.2,0,0,1,0,1,0,0,0
5492,2025-12-31 05:40:00,4486.0,0,0,1,0,1,0,0,0
5493,2025-12-31 05:44:00,4486.2,1,0,1,-1,1,0,0,0
5494,2025-12-31 05:47:00,4485.0,0,0,1,0,1,0,0,0
5495,2025-12-31 05:48:00,4473.0,0,0,1,0,1,0,0,0
5495,2025-12-31 05:48:00,4475.8,0,0,2,0,1,0,0,0
5495,2025-12-31 05:48:00,4477.4,1,0,1,-1,1,0,0,0
5496,2025-12-31 05:49:00,4473.0,0,0,1,0,1,0,0,0
5496,2025-12-31 05:49:00,4475.0,0,0,1,0,1,0,0,0
5497,2025-12-31 05:50:00,4471.4,1,0,1,-1,1,0,0,0
5497,2025-12-31 05:50:00,4471.5,1,0,1,-1,1,0,0,0
5497,2025-12-31 05:50:00,4471.6,1,0,1,-1,1,0,0,0
5497,2025-12-31 05:50:00,4472.6,0,0,1,0,1,0,0,0
5498,2025-12-31 05:51:00,4462.9,1,0,1,-1,1,0,0,0
5499,2025-12-31 05:52:00,4460.0,0,0,1,0,1,0,0,0
5500,2025-12-31 05:53:00,4440.0,0,0,6,0,3,0,0,0
5500,2025-12-31 05:53:00,4458.1,36,0,50,-36,42,0,0,0
5501,2025-12-31 05:57:00,4455.5,0,1,1,1,1,0,0,0
5502,2025-12-31 05:59:00,4451.5,1,0,1,-1,1,0,0,0
5502,2025-12-31 05:59:00,4452.2,0,0,1,0,1,0,0,0
5503,2025-12-31 06:05:00,4451.8,2,0,2,-2,1,0,0,0
5504,2025-12-31 06:07:00,4457.2,0,0,1,0,1,0,0,0
5505,2025-12-31 06:08:00,4457.0,0,1,1,1,1,0,0,0
5505,2025-12-31 06:08:00,4457.1,0,2,2,2,1,0,0,0
5505,2025-12-31 06:08:00,4457.5,0,1,1,1,1,0,0,0
5506,2025-12-31 06:13:00,4462.3,0,0,5,0,5,0,0,0
5507,2025-12-31 06:25:00,4462.3,0,0,1,0,1,0,0,0
5508,2025-12-31 06:27:00,4463.6,1,0,1,-1,1,0,0,0
5509,2025-12-31 07:25:00,4497.5,0,0,1,0,1,0,0,0
5510,2025-12-31 07:53:00,4491.6,1,0,1,-1,1,0,0,0
5511,2025-12-31 08:09:00,4486.5,1,0,1,-1,1,0,0,0
5512,2025-12-31 09:06:00,4482.3,0,1,1,1,1,0,0,0
5513,2025-12-31 09:14:00,4482.6,0,1,1,1,1,0,0,0
5514,2025-12-31 09:21:00,4483.1,0,1,1,1,1,0,0,0
5515,2025-12-31 09:37:00,4492.3,0,1,1,1,1,0,0,0
5516,2025-12-31 09:38:00,4492.8,0,1,1,1,1,0,0,0
5517,2025-12-31 11:50:00,4481.4,1,0,1,-1,1,0,0,0
5518,2025-12-31 12:23:00,4471.3,0,0,10,0,8,0,0,0
5519,2025-12-31 12:24:00,4471.3,0,0,6,0,6,0,0,0
5520,2025-12-31 13:19:00,4480.5,0,0,10,0,5,0,0,0
5521,2025-12-31 13:20:00,4481.4,2,0,2,-2,1,0,0,0
5521,2025-12-31 13:20:00,4481.6,1,0,1,-1,1,0,0,0
5521,2025-12-31 13:20:00,4481.7,2,0,2,-2,1,0,0,0
5522,2025-12-31 13:21:00,4483.8,0,1,1,1,1,0,0,0
5522,2025-12-31 13:21:00,4484.0,0,2,2,2,1,0,0,0
5522,2025-12-31 13:21:00,4484.1,0,2,2,2,1,0,0,0
5522,2025-12-31 13:21:00,4486.4,0,1,1,1,1,0,0,0
5522,2025-12-31 13:21:00,4486.5,0,1,1,1,1,0,0,0
5522,2025-12-31 13:21:00,4486.6,0,1,1,1,1,0,0,0
5522,2025-12-31 13:21:00,4486.7,0,2,2,2,1,0,0,0
5523,2025-12-31 13:23:00,4488.6,1,0,1,-1,1,0,0,0
5524,2025-12-31 13:28:00,4492.8,2,0,2,-2,1,0,0,0
5524,2025-12-31 13:28:00,4493.4,2,0,2,-2,1,0,0,0
5525,2025-12-31 13:31:00,4495.0,0,0,1,0,1,0,0,0
5526,2025-12-31 13:32:00,4496.9,0,1,1,1,1,0,0,0
5526,2025-12-31 13:32:00,4497.1,0,2,2,2,1,0,0,0
5527,2025-12-31 13:33:00,4495.0,0,0,1,0,1,0,0,0
5528,2025-12-31 13:35:00,4492.9,1,0,1,-1,1,0,0,0
5528,2025-12-31 13:35:00,4493.2,1,0,1,-1,1,0,0,0
5529,2025-12-31 13:36:00,4495.8,3,0,3,-3,1,0,0,0
5529,2025-12-31 13:36:00,4496.0,1,0,1,-1,1,0,0,0
5529,2025-12-31 13:36:00,4496.1,1,0,1,-1,1,0,0,0
5530,2025-12-31 13:37:00,4496.8,2,0,2,-2,2,0,0,0
5531,2025-12-31 13:53:00,4510.7,0,1,1,1,1,0,0,0
5532,2025-12-31 14:19:00,4510.8,0,1,1,1,1,0,0,0
5533,2025-12-31 14:41:00,4502.9,1,0,1,-1,1,0,0,0
5534,2025-12-31 15:02:00,4512.6,1,0,1,-1,1,0,0,0
5535,2025-12-31 15:32:00,4508.5,0,0,2,0,1,0,0,0
5535,2025-12-31 15:32:00,4509.0,0,1,1,1,1,0,0,0
5536,2025-12-31 15:33:00,4510.3,0,1,1,1,1,0,0,0
5537,2025-12-31 16:37:00,4492.0,0,0,1,0,1,0,0,0
5538,2025-12-31 16:53:00,4489.3,0,1,1,1,1,0,0,0
5538,2025-12-31 16:53:00,4489.7,0,1,1,1,1,0,0,0
5539,2025-12-31 16:54:00,4490.3,0,1,1,1,1,0,0,0
5539,2025-12-31 16:54:00,4490.4,0,1,1,1,1,0,0,0
5540,2025-12-31 16:55:00,4492.4,0,2,2,2,1,0,0,0
5541,2025-12-31 16:56:00,4490.2,0,2,2,2,1,0,0,0
5541,2025-12-31 16:56:00,4490.6,0,2,2,2,1,0,0,0
5542,2025-12-31 16:57:00,4488.5,0,0,1,0,1,0,0,0
5543,2025-12-31 17:20:00,4488.0,0,0,2,0,2,0,0,0
5544,2025-12-31 17:27:00,4489.0,0,0,2,0,2,0,0,0
5544,2025-12-31 17:27:00,4489.1,1,0,1,-1,1,0,0,0
5545,2025-12-31 17:35:00,4494.5,1,0,1,-1,1,0,0,0
5546,2025-12-31 18:02:00,4494.6,0,1,1,1,1,0,0,0
5547,2025-12-31 18:17:00,4501.0,0,1,1,1,1,0,0,0
5548,2025-12-31 18:29:00,4495.9,1,0,1,-1,1,0,0,0
5548,2025-12-31 18:29:00,4498.4,0,0,1,0,1,0,0,0
5548,2025-12-31 18:29:00,4498.5,0,0,1,0,1,0,0,0
5549,2025-12-31 20:01:00,4474.7,0,1,1,1,1,0,0,0
5550,2025-12-31 20:14:00,4481.2,0,0,3,0,3,0,0,0
5551,2025-12-31 20:31:00,4487.9,0,1,1,1,1,0,0,0
5552,2025-12-31 20:56:00,4480.5,1,0,1,-1,1,0,0,0
5552,2025-12-31 20:56:00,4480.6,1,0,1,-1,1,0,0,0
5553,2025-12-31 21:04:00,4481.3,0,0,1,0,1,0,0,0
5554,2025-12-31 21:14:00,4481.5,0,2,3,2,2,0,0,0
5554,2025-12-31 21:14:00,4481.6,1,0,1,-1,1,0,0,0
5554,2025-12-31 21:14:00,4481.7,1,0,1,-1,1,0,0,0
5555,2025-12-31 21:15:00,4481.1,1,0,1,-1,1,0,0,0
5556,2025-12-31 21:17:00,4479.4,1,0,1,-1,1,0,0,0
5556,2025-12-31 21:17:00,4479.6,3,0,3,-3,2,0,0,0
5557,2025-12-31 21:19:00,4478.1,0,0,1,0,1,0,0,0
5558,2025-12-31 21:20:00,4478.9,1,0,1,-1,1,0,0,0
5559,2026-01-01 23:02:00,4497.6,1,0,1,-1,1,0,0,0
5560,2026-01-02 00:45:00,4520.0,0,0,1,0,1,0,0,0
5561,2026-01-02 01:01:00,4523.2,0,1,1,1,1,0,0,0
5562,2026-01-02 01:02:00,4523.2,0,0,2,0,2,0,0,0
5563,2026-01-02 01:03:00,4523.0,0,0,1,0,1,0,0,0
5563,2026-01-02 01:03:00,4523.1,0,0,1,0,1,0,0,0
5563,2026-01-02 01:03:00,4523.2,0,0,1,0,1,0,0,0
5564,2026-01-02 01:08:00,4514.7,1,0,1,-1,1,0,0,0
5564,2026-01-02 01:08:00,4514.8,1,0,1,-1,1,0,0,0
5564,2026-01-02 01:08:00,4515.4,1,0,1,-1,1,0,0,0
5565,2026-01-02 01:09:00,4515.0,0,0,1,0,1,0,0,0
5565,2026-01-02 01:09:00,4515.1,0,0,1,0,1,0,0,0
5565,2026-01-02 01:09:00,4515.2,0,0,1,0,1,0,0,0
5566,2026-01-02 02:13:00,4514.2,1,0,1,-1,1,0,0,0
5567,2026-01-02 02:23:00,4514.3,1,0,1,-1,1,0,0,0
5568,2026-01-02 02:50:00,4525.0,0,2,2,2,2,0,0,0
5568,2026-01-02 02:50:00,4525.1,0,1,1,1,1,0,0,0
5568,2026-01-02 02:50:00,4525.2,0,1,1,1,1,0,0,0
5568,2026-01-02 02:50:00,4527.0,0,0,2,0,2,0,0,0
5569,2026-01-02 02:57:00,4532.1,0,1,1,1,1,0,0,0
5570,2026-01-02 03:06:00,4533.7,0,0,1,0,1,0,0,0
5571,2026-01-02 04:32:00,4539.0,1,0,1,-1,1,0,0,0
5572,2026-01-02 04:34:00,4543.0,0,1,1,1,1,0,0,0
5572,2026-01-02 04:34:00,4543.4,0,1,1,1,1,0,0,0
5573,2026-01-02 04:35:00,4541.5,1,0,1,-1,1,0,0,0
5574,2026-01-02 05:08:00,4545.0,0,0,1,0,1,0,0,0
5575,2026-01-02 06:14:00,4546.1,0,2,2,2,1,0,0,0
5576,2026-01-02 06:51:00,4542.8,0,0,1,0,1,0,0,0
5577,2026-01-02 06:52:00,4542.8,0,0,3,0,1,0,0,0
5578,2026-01-02 07:02:00,4542.0,1,0,1,-1,1,0,0,0
5579,2026-01-02 07:06:00,4542.0,0,0,4,0,4,0,0,0
5579,2026-01-02 07:06:00,4542.4,1,0,1,-1,1,0,0,0
5580,2026-01-02 07:07:00,4542.5,0,0,2,0,2,0,0,0
5580,2026-01-02 07:07:00,4542.6,0,0,2,0,2,0,0,0
5580,2026-01-02 07:07:00,4542.9,1,0,1,-1,1,0,0,0
5581,2026-01-02 07:09:00,4540.3,1,0,1,-1,1,0,0,0
5582,2026-01-02 07:41:00,4545.0,0,0,1,0,1,0,0,0
5583,2026-01-02 07:59:00,4550.5,1,0,1,-1,1,0,0,0
5583,2026-01-02 07:59:00,4550.6,1,0,1,-1,1,0,0,0
5584,2026-01-02 08:02:00,4550.6,0,10,24,10,24,0,0,0
5585,2026-01-02 08:07:00,4552.6,0,1,1,1,1,0,0,0
5586,2026-01-02 08:34:00,4555.0,0,1,1,1,1,0,0,0
5587,2026-01-02 08:46:00,4558.7,0,0,1,0,1,0,0,0
5588,2026-01-02 08:59:00,4554.6,1,0,1,-1,1,0,0,0
5589,2026-01-02 09:40:00,4555.9,0,1,1,1,1,0,0,0
5590,2026-01-02 09:44:00,4556.6,0,1,1,1,1,0,0,0
5591,2026-01-02 10:36:00,4558.6,0,1,1,1,1,0,0,0
5592,2026-01-02 10:37:00,4560.3,0,1,1,1,1,0,0,0
5593,2026-01-02 10:43:00,4563.5,0,0,1,0,1,0,0,0
5594,2026-01-02 11:31:00,4560.0,1,0,1,-1,1,0,0,0
5595,2026-01-02 12:09:00,4563.9,0,0,1,0,1,0,0,0
5596,2026-01-02 13:00:00,4564.1,0,0,1,0,1,0,0,0
5597,2026-01-02 13:29:00,4542.6,1,0,2,-1,2,0,0,0
5598,2026-01-02 13:30:00,4541.0,1,0,1,-1,1,0,0,0
5599,2026-01-02 13:59:00,4531.1,1,0,1,-1,1,0,0,0
5599,2026-01-02 13:59:00,4531.3,1,0,1,-1,1,0,0,0
5600,2026-01-02 14:39:00,4520.0,1,0,2,-1,2,0,0,0
5601,2026-01-02 14:49:00,4529.2,0,0,1,0,1,0,0,0
5602,2026-01-02 14:56:00,4523.9,2,0,2,-2,1,0,0,0
5603,2026-01-02 15:00:00,4518.3,1,0,1,-1,1,0,0,0
5604,2026-01-02 15:04:00,4509.0,0,0,2,0,2,0,0,0
5605,2026-01-02 15:11:00,4502.0,1,0,1,-1,1,0,0,0
5605,2026-01-02 15:11:00,4502.1,2,0,2,-2,2,0,0,0
5605,2026-01-02 15:11:00,4502.4,1,0,1,-1,1,0,0,0
5606,2026-01-02 15:12:00,4502.0,0,0,1,0,1,0,0,0
5606,2026-01-02 15:12:00,4503.2,1,0,1,-1,1,0,0,0
5607,2026-01-02 15:13:00,4500.0,0,0,1,0,1,0,0,0
5608,2026-01-02 15:19:00,4506.2,1,0,1,-1,1,0,0,0
5609,2026-01-02 15:23:00,4500.1,1,0,1,-1,1,0,0,0
5610,2026-01-02 15:30:00,4499.6,1,0,1,-1,1,0,0,0
5611,2026-01-02 16:22:00,4484.6,1,0,2,-1,2,0,0,0
5612,2026-01-02 16:23:00,4484.6,0,0,5,0,3,0,0,0
5613,2026-01-02 16:25:00,4484.6,0,4,13,4,11,0,0,0
5614,2026-01-02 16:31:00,4480.0,1,0,1,-1,1,0,0,0
5615,2026-01-02 16:35:00,4481.0,1,0,1,-1,1,0,0,0
5616,2026-01-02 16:45:00,4488.0,0,0,2,0,1,0,0,0
5617,2026-01-02 16:53:00,4488.0,0,0,1,0,1,0,0,0
5618,2026-01-02 17:02:00,4496.3,0,0,1,0,1,0,0,0
5619,2026-01-02 17:46:00,4491.2,0,0,1,0,1,0,0,0
5620,2026-01-02 18:08:00,4480.8,1,0,1,-1,1,0,0,0
5621,2026-01-02 18:10:00,4479.1,1,0,1,-1,1,0,0,0
5622,2026-01-02 18:31:00,4480.0,1,0,1,-1,1,0,0,0
5623,2026-01-02 18:36:00,4480.0,1,0,1,-1,1,0,0,0
5624,2026-01-02 18:44:00,4475.0,0,1,1,1,1,0,0,0
5625,2026-01-02 19:13:00,4486.0,0,0,1,0,1,0,0,0
5626,2026-01-02 20:27:00,4492.0,0,1,1,1,1,0,0,0
5627,2026-01-02 20:33:00,4491.5,1,0,1,-1,1,0,0,0
5628,2026-01-04 23:00:00,4514.0,1,0,1,-1,1,0,0,0
5628,2026-01-04 23:00:00,4515.0,0,0,3,0,1,0,0,0
5628,2026-01-04 23:00:00,4515.7,1,0,1,-1,1,0,0,0
5628,2026-01-04 23:00:00,4515.9,1,0,1,-1,1,0,0,0
5628,2026-01-04 23:00:00,4516.7,1,0,1,-1,1,0,0,0
5628,2026-01-04 23:00:00,4517.1,1,0,1,-1,1,0,0,0
5628,2026-01-04 23:00:00,4517.3,1,0,1,-1,1,0,0,0
5629,2026-01-04 23:02:00,4517.5,0,0,1,0,1,0,0,0
5630,2026-01-04 23:05:00,4519.2,0,0,1,0,1,0,0,0
5630,2026-01-04 23:05:00,4521.0,0,1,1,1,1,0,0,0
5631,2026-01-04 23:07:00,4515.2,1,0,1,-1,1,0,0,0
5632,2026-01-04 23:10:00,4524.9,0,0,1,0,1,0,0,0
5633,2026-01-04 23:14:00,4535.2,0,1,1,1,1,0,0,0
5634,2026-01-04 23:15:00,4535.0,0,0,1,0,1,0,0,0
5635,2026-01-04 23:35:00,4521.3,1,0,1,-1,1,0,0,0
5635,2026-01-04 23:35:00,4521.9,1,0,1,-1,1,0,0,0
5636,2026-01-04 23:38:00,4525.0,0,0,1,0,1,0,0,0
5636,2026-01-04 23:38:00,4525.9,1,0,1,-1,1,0,0,0
5637,2026-01-05 00:13:00,4542.0,0,0,3,0,2,0,0,0
5638,2026-01-05 00:21:00,4547.4,1,0,1,-1,1,0,0,0
5639,2026-01-05 01:03:00,4571.6,0,0,1,0,1,0,0,0
5640,2026-01-05 01:13:00,4564.5,1,0,1,-1,1,0,0,0
5640,2026-01-05 01:13:00,4564.7,1,0,1,-1,1,0,0,0
5641,2026-01-05 02:00:00,4567.4,0,1,1,1,1,0,0,0
5642,2026-01-05 02:06:00,4557.3,1,0,1,-1,1,0,0,0
5643,2026-01-05 02:26:00,4564.6,0,1,1,1,1,0,0,0
5644,2026-01-05 02:43:00,4564.6,1,0,1,-1,1,0,0,0
5645,2026-01-05 03:09:00,4574.0,0,0,2,0,2,0,0,0
5646,2026-01-05 03:14:00,4577.0,0,1,1,1,1,0,0,0
5647,2026-01-05 04:03:00,4561.6,1,0,1,-1,1,0,0,0
5648,2026-01-05 04:22:00,4568.5,0,0,1,0,1,0,0,0
5649,2026-01-05 05:16:00,4573.0,0,0,1,0,1,0,0,0
5650,2026-01-05 05:30:00,4576.5,0,0,1,0,1,0,0,0
5651,2026-01-05 05:31:00,4578.0,0,0,1,0,1,0,0,0
5652,2026-01-05 05:35:00,4573.0,0,3,4,3,2,0,0,0
5653,2026-01-05 05:51:00,4572.7,0,1,1,1,1,0,0,0
5654,2026-01-05 05:54:00,4574.8,0,1,1,1,1,0,0,0
5655,2026-01-05 06:00:00,4577.1,0,1,1,1,1,0,0,0
5656,2026-01-05 06:01:00,4578.7,0,1,1,1,1,0,0,0
5657,2026-01-05 06:03:00,4578.7,0,1,1,1,1,0,0,0
5658,2026-01-05 06:09:00,4577.5,0,0,1,0,1,0,0,0
5659,2026-01-05 06:11:00,4580.5,0,1,1,1,1,0,0,0
5660,2026-01-05 06:12:00,4582.5,1,0,1,-1,1,0,0,0
5661,2026-01-05 06:18:00,4581.4,0,0,1,0,1,0,0,0
5662,2026-01-05 06:21:00,4583.5,0,2,2,2,2,0,0,0
5663,2026-01-05 06:22:00,4583.3,0,0,1,0,1,0,0,0
5663,2026-01-05 06:22:00,4583.4,0,0,1,0,1,0,0,0
5663,2026-01-05 06:22:00,4583.5,0,2,7,2,3,0,0,0
5663,2026-01-05 06:22:00,4583.6,0,0,1,0,1,0,0,0
5663,2026-01-05 06:22:00,4583.7,0,1,1,1,1,0,0,0
5664,2026-01-05 06:23:00,4584.6,0,1,1,1,1,0,0,0
5665,2026-01-05 06:24:00,4584.5,0,0,1,0,1,0,0,0
5666,2026-01-05 06:28:00,4590.0,0,0,1,0,1,0,0,0
5667,2026-01-05 06:35:00,4582.7,0,1,1,1,1,0,0,0
5667,2026-01-05 06:35:00,4582.9,0,3,3,3,1,0,0,0
5668,2026-01-05 07:16:00,4587.1,0,1,1,1,1,0,0,0
5669,2026-01-05 07:42:00,4589.8,0,1,1,1,1,0,0,0
5670,2026-01-05 08:12:00,4589.0,0,1,1,1,1,0,0,0
5671,2026-01-05 08:13:00,4589.3,0,1,1,1,1,0,0,0
5672,2026-01-05 08:16:00,4592.3,0,0,1,0,1,0,0,0
5673,2026-01-05 08:18:00,4594.6,0,0,1,0,1,0,0,0
5674,2026-01-05 08:25:00,4594.6,0,1,1,1,1,0,0,0
5675,2026-01-05 08:44:00,4595.7,0,1,1,1,1,0,0,0
5676,2026-01-05 09:43:00,4600.0,0,0,2,0,2,0,0,0
5677,2026-01-05 10:23:00,4599.0,0,2,2,2,1,0,0,0
5677,2026-01-05 10:23:00,4599.1,0,1,1,1,1,0,0,0
5678,2026-01-05 10:31:00,4601.1,0,1,1,1,1,0,0,0
5679,2026-01-05 10:32:00,4601.1,1,3,4,2,2,0,0,0
5680,2026-01-05 10:33:00,4602.0,0,0,1,0,1,0,0,0
5681,2026-01-05 10:40:00,4601.5,0,1,1,1,1,0,0,0
5682,2026-01-05 11:05:00,4596.3,1,0,1,-1,1,0,0,0
5683,2026-01-05 11:23:00,4596.3,2,0,2,-2,1,0,0,0
5684,2026-01-05 11:26:00,4582.9,3,0,3,-3,1,0,0,0
5684,2026-01-05 11:26:00,4585.0,1,0,2,-1,2,0,0,0
5685,2026-01-05 11:27:00,4581.7,0,0,1,0,1,0,0,0
5685,2026-01-05 11:27:00,4581.8,0,0,1,0,1,0,0,0
5685,2026-01-05 11:27:00,4581.9,0,0,1,0,1,0,0,0
5685,2026-01-05 11:27:00,4582.0,0,0,1,0,1,0,0,0
5685,2026-01-05 11:27:00,4582.9,0,0,1,0,1,0,0,0
5686,2026-01-05 11:28:00,4581.8,2,0,2,-2,1,0,0,0
5686,2026-01-05 11:28:00,4582.0,2,0,2,-2,1,0,0,0
5687,2026-01-05 11:55:00,4587.0,0,0,1,0,1,0,0,0
5688,2026-01-05 11:56:00,4585.3,1,0,1,-1,1,0,0,0
5689,2026-01-05 12:14:00,4583.7,0,0,2,0,2,0,0,0
5690,2026-01-05 12:20:00,4582.1,1,0,1,-1,1,0,0,0
5691,2026-01-05 12:21:00,4580.0,0,0,1,0,1,0,0,0
5691,2026-01-05 12:21:00,4580.1,0,0,1,0,1,0,0,0
5691,2026-01-05 12:21:00,4580.3,1,0,1,-1,1,0,0,0
5692,2026-01-05 12:23:00,4579.7,1,0,1,-1,1,0,0,0
5693,2026-01-05 12:41:00,4577.4,1,0,1,-1,1,0,0,0
5694,2026-01-05 12:42:00,4574.0,0,0,2,0,2,0,0,0
5694,2026-01-05 12:42:00,4574.2,1,0,1,-1,1,0,0,0
5695,2026-01-05 12:44:00,4575.3,1,0,1,-1,1,0,0,0
5695,2026-01-05 12:44:00,4575.5,1,0,1,-1,1,0,0,0
5696,2026-01-05 13:09:00,4575.0,1,0,2,-1,2,0,0,0
5697,2026-01-05 13:36:00,4575.4,2,0,2,-2,1,0,0,0
5698,2026-01-05 14:02:00,4585.9,0,1,1,1,1,0,0,0
5699,2026-01-05 14:15:00,4590.0,0,0,2,0,2,0,0,0
5700,2026-01-05 14:30:00,4585.5,0,0,2,0,1,0,0,0
5701,2026-01-05 14:46:00,4598.5,0,1,1,1,1,0,0,0
5702,2026-01-05 14:49:00,4604.6,0,1,1,1,1,0,0,0
5703,2026-01-05 14:57:00,4603.5,1,0,1,-1,1,0,0,0
5704,2026-01-05 15:00:00,4606.0,0,0,1,0,1,0,0,0
5705,2026-01-05 15:02:00,4609.9,0,0,1,0,1,0,0,0
5705,2026-01-05 15:02:00,4611.4,0,2,2,2,2,0,0,0
5705,2026-01-05 15:02:00,4611.5,0,1,1,1,1,0,0,0
5705,2026-01-05 15:02:00,4611.7,0,1,1,1,1,0,0,0
5705,2026-01-05 15:02:00,4611.8,0,2,2,2,1,0,0,0
5706,2026-01-05 15:03:00,4614.9,0,3,3,3,2,0,0,0
5706,2026-01-05 15:03:00,4617.0,0,0,1,0,1,0,0,0
5706,2026-01-05 15:03:00,4617.2,0,1,1,1,1,0,0,0
5707,2026-01-05 15:13:00,4612.7,0,1,1,1,1,0,0,0
5707,2026-01-05 15:13:00,4612.8,0,1,1,1,1,0,0,0
5707,2026-01-05 15:13:00,4613.0,0,1,1,1,1,0,0,0
5707,2026-01-05 15:13:00,4613.1,0,2,2,2,1,0,0,0
5708,2026-01-05 15:19:00,4616.5,0,1,1,1,1,0,0,0
5709,2026-01-05 15:36:00,4607.5,2,1,3,-1,2,0,0,0
5710,2026-01-05 15:38:00,4602.1,2,0,2,-2,1,0,0,0
5711,2026-01-05 15:49:00,4608.6,0,1,1,1,1,0,0,0
5712,2026-01-05 16:03:00,4613.0,0,0,3,0,3,0,0,0
5713,2026-01-05 16:46:00,4612.3,0,1,1,1,1,0,0,0
5714,2026-01-05 16:49:00,4616.2,0,1,1,1,1,0,0,0
5715,2026-01-05 16:53:00,4620.0,0,1,1,1,1,0,0,0
5716,2026-01-05 17:01:00,4603.8,1,0,1,-1,1,0,0,0
5717,2026-01-05 17:44:00,4605.5,0,2,2,2,1,0,0,0
5717,2026-01-05 17:44:00,4605.6,0,3,3,3,1,0,0,0
5718,2026-01-05 18:29:00,4608.0,0,1,2,1,2,0,0,0
5718,2026-01-05 18:29:00,4608.2,0,3,3,3,3,0,0,0
5718,2026-01-05 18:29:00,4608.3,0,4,4,4,4,0,0,0
5718,2026-01-05 18:29:00,4608.6,0,1,1,1,1,0,0,0
5718,2026-01-05 18:29:00,4608.7,0,1,2,1,2,0,0,0
5718,2026-01-05 18:29:00,4609.0,0,1,1,1,1,0,0,0
5718,2026-01-05 18:29:00,4609.2,0,1,1,1,1,0,0,0
5718,2026-01-05 18:29:00,4609.3,0,2,3,2,2,0,0,0
5718,2026-01-05 18:29:00,4609.4,0,1,1,1,1,0,0,0
5718,2026-01-05 18:29:00,4609.5,0,1,1,1,1,0,0,0
5718,2026-01-05 18:29:00,4609.8,0,1,1,1,1,0,0,0
5719,2026-01-05 19:02:00,4614.5,1,0,1,-1,1,0,0,0
5719,2026-01-05 19:02:00,4614.7,2,0,2,-2,1,0,0,0
5720,2026-01-05 19:05:00,4615.0,0,0,2,0,2,0,0,0
5721,2026-01-05 19:08:00,4604.0,0,0,2,0,1,0,0,0
5722,2026-01-05 19:20:00,4608.3,1,0,1,-1,1,0,0,0
5722,2026-01-05 19:20:00,4608.4,1,0,1,-1,1,0,0,0
5723,2026-01-05 19:25:00,4608.0,1,0,3,-1,2,0,0,0
5724,2026-01-05 19:47:00,4609.8,1,0,1,-1,1,0,0,0
5725,2026-01-05 19:56:00,4607.2,1,0,1,-1,1,0,0,0
5726,2026-01-05 20:27:00,4612.3,2,0,2,-2,1,0,0,0
5726,2026-01-05 20:27:00,4612.4,1,0,1,-1,1,0,0,0
5727,2026-01-05 21:35:00,4614.0,0,0,1,0,1,0,0,0
5728,2026-01-05 23:01:00,4620.1,0,0,1,0,1,0,0,0
5729,2026-01-05 23:06:00,4621.0,0,0,1,0,1,0,0,0
5730,2026-01-05 23:43:00,4609.6,0,0,1,0,1,0,0,0
5731,2026-01-05 23:47:00,4607.9,1,0,1,-1,1,0,0,0
5732,2026-01-05 23:57:00,4606.9,0,0,5,0,5,0,0,0
5733,2026-01-06 01:21:00,4608.0,0,0,1,0,1,0,0,0
5734,2026-01-06 02:06:00,4618.9,0,1,1,1,1,0,0,0
5734,2026-01-06 02:06:00,4620.8,0,2,2,2,2,0,0,0
5735,2026-01-06 02:07:00,4619.7,0,1,1,1,1,0,0,0
5736,2026-01-06 02:31:00,4627.8,0,1,1,1,1,0,0,0
5737,2026-01-06 02:32:00,4627.2,0,1,1,1,1,0,0,0
5737,2026-01-06 02:32:00,4627.3,0,1,1,1,1,0,0,0
5738,2026-01-06 02:33:00,4625.9,0,1,1,1,1,0,0,0
5739,2026-01-06 02:40:00,4618.1,1,0,1,-1,1,0,0,0
5740,2026-01-06 02:47:00,4623.0,0,1,1,1,1,0,0,0
5741,2026-01-06 03:12:00,4629.4,0,1,1,1,1,0,0,0
5742,2026-01-06 03:21:00,4630.0,1,0,1,-1,1,0,0,0
5742,2026-01-06 03:21:00,4630.2,1,0,1,-1,1,0,0,0
5743,2026-01-06 04:22:00,4634.1,0,0,1,0,1,0,0,0
5744,2026-01-06 05:36:00,4639.9,0,0,1,0,1,0,0,0
5745,2026-01-06 05:38:00,4636.1,1,0,1,-1,1,0,0,0
5745,2026-01-06 05:38:00,4636.2,1,0,1,-1,1,0,0,0
5745,2026-01-06 05:38:00,4636.5,1,0,1,-1,1,0,0,0
5746,2026-01-06 06:40:00,4630.0,0,0,2,0,2,0,0,0
5747,2026-01-06 06:53:00,4630.8,1,0,1,-1,1,0,0,0
5747,2026-01-06 06:53:00,4630.9,1,0,1,-1,1,0,0,0
5748,2026-01-06 07:03:00,4632.4,0,0,1,0,1,0,0,0
5749,2026-01-06 07:21:00,4632.4,1,0,1,-1,1,0,0,0
5750,2026-01-06 09:15:00,4621.0,0,0,2,0,1,0,0,0
5751,2026-01-06 09:16:00,4622.5,0,0,2,0,1,0,0,0
5752,2026-01-06 09:17:00,4623.2,1,0,1,-1,1,0,0,0
5753,2026-01-06 09:19:00,4622.9,1,0,1,-1,1,0,0,0
5754,2026-01-06 09:21:00,4623.0,0,0,2,0,2,0,0,0
5755,2026-01-06 09:30:00,4623.3,0,0,1,0,1,0,0,0
5756,2026-01-06 09:48:00,4612.0,1,0,2,-1,2,0,0,0
5757,2026-01-06 09:50:00,4612.4,1,0,1,-1,1,0,0,0
5758,2026-01-06 09:56:00,4614.4,0,1,1,1,1,0,0,0
5758,2026-01-06 09:56:00,4616.7,0,1,1,1,1,0,0,0
5759,2026-01-06 09:57:00,4616.5,0,1,1,1,1,0,0,0
5759,2026-01-06 09:57:00,4616.6,0,1,1,1,1,0,0,0
5760,2026-01-06 09:58:00,4616.7,0,1,1,1,1,0,0,0
5761,2026-01-06 09:59:00,4614.4,0,1,1,1,1,0,0,0
5762,2026-01-06 10:02:00,4611.1,1,0,1,-1,1,0,0,0
5763,2026-01-06 10:29:00,4615.4,2,0,2,-2,1,0,0,0
5764,2026-01-06 10:36:00,4620.0,0,0,5,0,5,0,0,0
5765,2026-01-06 11:49:00,4627.0,0,0,1,0,1,0,0,0
5766,2026-01-06 12:35:00,4626.9,1,0,1,-1,1,0,0,0
5767,2026-01-06 12:40:00,4627.0,1,0,1,-1,1,0,0,0
5768,2026-01-06 12:50:00,4626.3,1,0,1,-1,1,0,0,0
5769,2026-01-06 13:08:00,4627.9,1,0,1,-1,1,0,0,0
5770,2026-01-06 14:00:00,4635.6,0,0,1,0,1,0,0,0
5771,2026-01-06 14:02:00,4637.5,0,1,1,1,1,0,0,0
5772,2026-01-06 14:27:00,4632.4,1,0,1,-1,1,0,0,0
5773,2026-01-06 14:38:00,4647.0,0,0,1,0,1,0,0,0
5774,2026-01-06 14:40:00,4646.7,1,0,1,-1,1,0,0,0
5775,2026-01-06 14:50:00,4647.0,0,0,1,0,1,0,0,0
5776,2026-01-06 14:52:00,4651.4,0,0,1,0,1,0,0,0
5776,2026-01-06 14:52:00,4651.6,0,1,1,1,1,0,0,0
5776,2026-01-06 14:52:00,4655.5,0,1,1,1,1,0,0,0
5777,2026-01-06 14:53:00,4655.0,0,1,1,1,1,0,0,0
5777,2026-01-06 14:53:00,4655.1,0,2,2,2,2,0,0,0
5777,2026-01-06 14:53:00,4655.3,0,1,1,1,1,0,0,0
5778,2026-01-06 14:54:00,4655.1,0,0,1,0,1,0,0,0
5779,2026-01-06 15:03:00,4652.2,1,0,1,-1,1,0,0,0
5780,2026-01-06 15:10:00,4652.7,0,1,1,1,1,0,0,0
5781,2026-01-06 15:13:00,4650.9,0,0,1,0,1,0,0,0
5782,2026-01-06 15:16:00,4649.4,0,0,1,0,1,0,0,0
5783,2026-01-06 15:19:00,4643.0,1,0,1,-1,1,0,0,0
5784,2026-01-06 15:40:00,4641.3,0,2,2,2,1,0,0,0
5785,2026-01-06 16:03:00,4648.0,1,0,1,-1,1,0,0,0
5786,2026-01-06 16:32:00,4654.0,1,0,1,-1,1,0,0,0
5787,2026-01-06 16:40:00,4657.7,0,1,1,1,1,0,0,0
5788,2026-01-06 16:48:00,4655.0,0,0,1,0,1,0,0,0
5789,2026-01-06 16:52:00,4656.9,0,2,2,2,2,0,0,0
5790,2026-01-06 16:58:00,4658.0,0,1,1,1,1,0,0,0
5791,2026-01-06 17:00:00,4656.0,0,0,1,0,1,0,0,0
5792,2026-01-06 17:03:00,4657.7,0,1,1,1,1,0,0,0
5793,2026-01-06 17:05:00,4659.7,0,0,1,0,1,0,0,0
5794,2026-01-06 17:55:00,4661.0,0,0,1,0,1,0,0,0
5795,2026-01-06 17:56:00,4660.5,0,0,1,0,1,0,0,0
5795,2026-01-06 17:56:00,4661.1,1,0,1,-1,1,0,0,0
5796,2026-01-06 18:15:00,4661.4,0,1,1,1,1,0,0,0
5797,2026-01-06 18:23:00,4660.2,0,0,3,0,1,0,0,0
5798,2026-01-06 18:28:00,4657.0,0,0,1,0,1,0,0,0
5799,2026-01-06 18:29:00,4655.0,0,0,1,0,1,0,0,0
5799,2026-01-06 18:29:00,4655.1,1,0,3,-1,3,0,0,0
5799,2026-01-06 18:29:00,4655.2,0,0,1,0,1,0,0,0
5799,2026-01-06 18:29:00,4655.4,0,1,1,1,1,0,0,0
5799,2026-01-06 18:29:00,4655.6,0,0,3,0,3,0,0,0
5799,2026-01-06 18:29:00,4655.7,3,0,3,-3,2,0,0,0
5799,2026-01-06 18:29:00,4655.8,3,2,7,-1,6,0,0,0
5799,2026-01-06 18:29:00,4655.9,1,0,4,-1,4,0,0,0
5799,2026-01-06 18:29:00,4656.1,0,2,3,2,2,0,0,0
5799,2026-01-06 18:29:00,4656.2,0,5,6,5,4,0,0,0
5799,2026-01-06 18:29:00,4656.5,0,3,3,3,2,0,0,0
5799,2026-01-06 18:29:00,4656.7,0,1,1,1,1,0,0,0
5799,2026-01-06 18:29:00,4656.8,0,0,2,0,2,0,0,0
5799,2026-01-06 18:29:00,4656.9,3,1,4,-2,3,0,0,0
5799,2026-01-06 18:29:00,4657.0,0,0,2,0,2,0,0,0
5799,2026-01-06 18:29:00,4657.1,1,0,2,-1,2,0,0,0
5799,2026-01-06 18:29:00,4657.2,2,2,6,0,6,0,0,0
5799,2026-01-06 18:29:00,4657.3,1,0,3,-1,3,0,0,0
5799,2026-01-06 18:29:00,4657.4,0,0,3,0,3,0,0,0
5799,2026-01-06 18:29:00,4657.5,0,1,1,1,1,0,0,0
5799,2026-01-06 18:29:00,4657.6,0,1,2,1,2,0,0,0
5799,2026-01-06 18:29:00,4657.7,0,1,1,1,1,0,0,0
5800,2026-01-06 18:30:00,4656.6,0,0,1,0,1,0,0,0
5800,2026-01-06 18:30:00,4656.9,0,0,1,0,1,0,0,0
5800,2026-01-06 18:30:00,4657.1,0,0,1,0,1,0,0,0
5801,2026-01-06 18:55:00,4657.7,1,0,1,-1,1,0,0,0
5802,2026-01-06 19:04:00,4656.0,0,1,1,1,1,0,0,0
5803,2026-01-06 19:09:00,4653.0,0,0,1,0,1,0,0,0
5804,2026-01-06 19:10:00,4654.3,1,0,1,-1,1,0,0,0
5805,2026-01-06 20:55:00,4659.3,2,0,2,-2,1,0,0,0
5806,2026-01-06 21:05:00,4661.8,1,0,1,-1,1,0,0,0
5807,2026-01-06 21:18:00,4662.8,0,1,1,1,1,0,0,0
5808,2026-01-06 21:20:00,4661.9,0,0,1,0,1,0,0,0
5809,2026-01-06 21:21:00,4662.2,0,1,1,1,1,0,0,0
5810,2026-01-06 23:28:00,4669.0,0,0,2,0,1,0,0,0
5811,2026-01-06 23:37:00,4669.3,0,0,1,0,1,0,0,0
5812,2026-01-07 01:08:00,4643.2,1,0,1,-1,1,0,0,0
5812,2026-01-07 01:08:00,4643.9,1,0,1,-1,1,0,0,0
5813,2026-01-07 01:16:00,4642.2,2,0,2,-2,1,0,0,0
5813,2026-01-07 01:16:00,4642.4,1,0,1,-1,1,0,0,0
5814,2026-01-07 02:02:00,4629.3,1,0,1,-1,1,0,0,0
5815,2026-01-07 02:10:00,4642.5,0,1,1,1,1,0,0,0
5816,2026-01-07 02:25:00,4638.4,1,0,1,-1,1,0,0,0
5817,2026-01-07 02:31:00,4645.1,0,1,1,1,1,0,0,0
5818,2026-01-07 02:37:00,4646.2,0,0,1,0,1,0,0,0
5819,2026-01-07 03:29:00,4645.7,0,0,1,0,1,0,0,0
5820,2026-01-07 03:38:00,4647.6,0,1,1,1,1,0,0,0
5820,2026-01-07 03:38:00,4647.7,0,3,3,3,1,0,0,0
5821,2026-01-07 03:59:00,4643.3,1,0,1,-1,1,0,0,0
5822,2026-01-07 04:05:00,4641.0,1,0,1,-1,1,0,0,0
5822,2026-01-07 04:05:00,4641.1,1,0,1,-1,1,0,0,0
5823,2026-01-07 04:30:00,4633.5,1,0,1,-1,1,0,0,0
5824,2026-01-07 05:32:00,4628.8,1,0,1,-1,1,0,0,0
5825,2026-01-07 05:41:00,4619.3,1,0,1,-1,1,0,0,0
5825,2026-01-07 05:41:00,4619.4,1,0,1,-1,1,0,0,0
5825,2026-01-07 05:41:00,4620.0,0,0,3,0,2,0,0,0
5826,2026-01-07 05:46:00,4614.7,1,0,1,-1,1,0,0,0
5827,2026-01-07 05:47:00,4612.9,1,0,1,-1,1,0,0,0
5828,2026-01-07 06:35:00,4614.8,1,0,1,-1,1,0,0,0
5829,2026-01-07 06:37:00,4611.9,1,0,1,-1,1,0,0,0
5830,2026-01-07 07:22:00,4618.1,1,0,1,-1,1,0,0,0
5831,2026-01-07 08:16:00,4631.7,1,0,1,-1,1,0,0,0
5832,2026-01-07 08:49:00,4637.5,0,0,1,0,1,0,0,0
5833,2026-01-07 09:01:00,4633.9,1,0,1,-1,1,0,0,0
5834,2026-01-07 09:26:00,4630.9,0,0,1,0,1,0,0,0
5835,2026-01-07 09:31:00,4628.5,1,0,5,-1,2,0,0,0
5836,2026-01-07 09:33:00,4629.8,0,0,5,0,4,0,0,0
5837,2026-01-07 09:37:00,4630.4,0,2,3,2,2,0,0,0
5837,2026-01-07 09:37:00,4630.9,0,2,2,2,1,0,0,0
5837,2026-01-07 09:37:00,4631.0,3,1,7,-2,6,0,0,0
5838,2026-01-07 09:43:00,4628.2,0,0,7,0,6,0,0,0
5839,2026-01-07 09:44:00,4628.2,0,0,3,0,3,0,0,0
5840,2026-01-07 09:45:00,4627.4,2,1,3,-1,2,0,0,0
5840,2026-01-07 09:45:00,4627.5,1,0,1,-1,1,0,0,0
5841,2026-01-07 10:46:00,4634.5,0,1,1,1,1,0,0,0
5842,2026-01-07 10:48:00,4634.7,0,1,1,1,1,0,0,0
5843,2026-01-07 11:26:00,4623.2,1,0,1,-1,1,0,0,0
5844,2026-01-07 11:34:00,4621.7,1,0,1,-1,1,0,0,0
5845,2026-01-07 11:39:00,4617.5,1,0,1,-1,1,0,0,0
5846,2026-01-07 12:17:00,4612.0,0,0,1,0,1,0,0,0
5847,2026-01-07 12:18:00,4609.9,1,0,1,-1,1,0,0,0
5848,2026-01-07 13:09:00,4593.1,1,0,1,-1,1,0,0,0
5848,2026-01-07 13:09:00,4593.6,2,0,2,-2,2,0,0,0
5848,2026-01-07 13:09:00,4593.8,1,0,1,-1,1,0,0,0
5848,2026-01-07 13:09:00,4593.9,1,0,1,-1,1,0,0,0
5848,2026-01-07 13:09:00,4594.0,3,0,3,-3,1,0,0,0
5848,2026-01-07 13:09:00,4594.1,2,0,2,-2,1,0,0,0
5848,2026-01-07 13:09:00,4594.2,1,0,1,-1,1,0,0,0
5848,2026-01-07 13:09:00,4594.3,1,0,1,-1,1,0,0,0
5848,2026-01-07 13:09:00,4594.7,1,0,1,-1,1,0,0,0
5848,2026-01-07 13:09:00,4594.9,1,0,1,-1,1,0,0,0
5848,2026-01-07 13:09:00,4595.0,3,0,3,-3,1,0,0,0
5848,2026-01-07 13:09:00,4595.1,1,0,1,-1,1,0,0,0
5848,2026-01-07 13:09:00,4595.4,1,0,1,-1,1,0,0,0
5849,2026-01-07 13:10:00,4594.2,1,0,1,-1,1,0,0,0
5850,2026-01-07 13:17:00,4599.7,0,0,1,0,1,0,0,0
5850,2026-01-07 13:17:00,4600.6,0,0,1,0,1,0,0,0
5850,2026-01-07 13:17:00,4600.7,1,0,1,-1,1,0,0,0
5851,2026-01-07 16:23:00,4626.3,0,0,1,0,1,0,0,0
5852,2026-01-07 16:25:00,4623.4,0,0,1,0,1,0,0,0
5853,2026-01-07 17:35:00,4627.5,0,0,2,0,2,0,0,0
5854,2026-01-07 17:48:00,4627.2,0,1,1,1,1,0,0,0
5855,2026-01-07 18:20:00,4619.8,0,1,1,1,1,0,0,0
5855,2026-01-07 18:20:00,4620.9,0,2,2,2,2,0,0,0
5856,2026-01-07 18:29:00,4619.8,2,0,2,-2,2,0,0,0
5856,2026-01-07 18:29:00,4620.0,1,0,1,-1,1,0,0,0
5856,2026-01-07 18:29:00,4620.4,1,0,1,-1,1,0,0,0
5856,2026-01-07 18:29:00,4621.7,1,0,1,-1,1,0,0,0
5856,2026-01-07 18:29:00,4622.3,1,0,2,-1,2,0,0,0
5857,2026-01-08 01:46:00,4610.0,0,0,1,0,1,0,0,0
5857,2026-01-08 01:46:00,4610.5,2,0,2,-2,2,0,0,0
5857,2026-01-08 01:46:00,4610.8,0,0,1,0,1,0,0,0
5857,2026-01-08 01:46:00,4610.9,0,0,1,0,1,0,0,0
5858,2026-01-08 02:02:00,4615.0,1,0,1,-1,1,0,0,0
5859,2026-01-08 02:04:00,4608.5,1,0,1,-1,1,0,0,0
5860,2026-01-08 02:21:00,4607.7,1,0,1,-1,1,0,0,0
5861,2026-01-08 02:29:00,4607.3,1,0,1,-1,1,0,0,0
5862,2026-01-08 02:30:00,4605.7,1,0,1,-1,1,0,0,0
5863,2026-01-08 05:30:00,4587.0,0,0,1,0,1,0,0,0
5864,2026-01-08 05:36:00,4589.6,1,0,1,-1,1,0,0,0
5865,2026-01-08 05:38:00,4586.0,1,0,1,-1,1,0,0,0
5865,2026-01-08 05:38:00,4587.4,1,0,1,-1,1,0,0,0
5866,2026-01-08 06:04:00,4586.0,0,0,1,0,1,0,0,0
5867,2026-01-08 07:52:00,4596.1,1,0,1,-1,1,0,0,0
5867,2026-01-08 07:52:00,4596.2,1,0,1,-1,1,0,0,0
5867,2026-01-08 07:52:00,4596.3,2,0,2,-2,1,0,0,0
5868,2026-01-08 07:53:00,4596.5,1,0,2,-1,2,0,0,0
5869,2026-01-08 08:03:00,4594.5,0,1,1,1,1,0,0,0
5869,2026-01-08 08:03:00,4594.6,0,2,2,2,1,0,0,0
5869,2026-01-08 08:03:00,4594.8,0,1,1,1,1,0,0,0
5869,2026-01-08 08:03:00,4594.9,0,2,2,2,1,0,0,0
5869,2026-01-08 08:03:00,4595.0,0,1,1,1,1,0,0,0
5869,2026-01-08 08:03:00,4595.2,6,0,9,-6,6,0,0,0
5870,2026-01-08 08:07:00,4593.6,1,0,1,-1,1,0,0,0
5871,2026-01-08 08:12:00,4595.9,1,0,1,-1,1,0,0,0
5872,2026-01-08 08:13:00,4594.5,1,0,1,-1,1,0,0,0
5873,2026-01-08 08:24:00,4593.6,1,0,1,-1,1,0,0,0
5874,2026-01-08 08:31:00,4592.6,1,0,1,-1,1,0,0,0
5875,2026-01-08 08:33:00,4591.2,0,0,1,0,1,0,0,0
5876,2026-01-08 09:01:00,4601.5,0,1,1,1,1,0,0,0
5877,2026-01-08 12:05:00,4580.0,0,0,1,0,1,0,0,0
5878,2026-01-08 12:06:00,4580.2,1,4,6,3,5,0,0,0
5878,2026-01-08 12:06:00,4580.5,1,0,1,-1,1,0,0,0
5878,2026-01-08 12:06:00,4580.6,1,0,1,-1,1,0,0,0
5878,2026-01-08 12:06:00,4580.7,4,0,4,-4,1,0,0,0
5878,2026-01-08 12:06:00,4580.8,1,0,1,-1,1,0,0,0
5878,2026-01-08 12:06:00,4580.9,2,0,2,-2,1,0,0,0
5878,2026-01-08 12:06:00,4581.1,2,0,2,-2,1,0,0,0
5878,2026-01-08 12:06:00,4581.2,1,0,1,-1,1,0,0,0
5879,2026-01-08 12:08:00,4579.9,0,0,2,0,1,0,0,0
5880,2026-01-08 12:10:00,4583.8,1,0,1,-1,1,0,0,0
5880,2026-01-08 12:10:00,4584.0,2,0,2,-2,1,0,0,0
5881,2026-01-08 12:18:00,4578.6,1,0,1,-1,1,0,0,0
5882,2026-01-08 13:06:00,4585.0,0,0,1,0,1,0,0,0
5883,2026-01-08 13:46:00,4597.9,0,1,2,1,2,0,0,0
5883,2026-01-08 13:46:00,4598.9,0,1,1,1,1,0,0,0
5883,2026-01-08 13:46:00,4599.0,0,2,2,2,1,0,0,0
5883,2026-01-08 13:46:00,4599.1,0,1,1,1,1,0,0,0
5883,2026-01-08 13:46:00,4599.6,0,0,14,0,10,0,0,0
5883,2026-01-08 13:46:00,4599.8,0,1,1,1,1,0,0,0
5883,2026-01-08 13:46:00,4599.9,0,1,1,1,1,0,0,0
5884,2026-01-08 13:47:00,4598.7,0,0,1,0,1,0,0,0
5885,2026-01-08 13:52:00,4595.5,1,0,14,-1,9,0,0,0
5886,2026-01-08 14:28:00,4594.3,0,0,1,0,1,0,0,0
5887,2026-01-08 14:37:00,4601.5,1,0,1,-1,1,0,0,0
5888,2026-01-08 14:46:00,4601.7,0,1,1,1,1,0,0,0
5889,2026-01-08 14:47:00,4603.7,0,1,1,1,1,0,0,0
5890,2026-01-08 14:51:00,4599.3,1,0,1,-1,1,0,0,0
5891,2026-01-08 15:05:00,4603.7,0,1,1,1,1,0,0,0
5891,2026-01-08 15:05:00,4605.4,0,1,1,1,1,0,0,0
5892,2026-01-08 15:10:00,4615.5,0,1,1,1,1,0,0,0
5893,2026-01-08 15:11:00,4615.4,0,1,1,1,1,0,0,0
5894,2026-01-08 15:12:00,4613.9,0,1,1,1,1,0,0,0
5894,2026-01-08 15:12:00,4614.2,0,0,1,0,1,0,0,0
5894,2026-01-08 15:12:00,4614.6,0,0,1,0,1,0,0,0
5895,2026-01-08 15:13:00,4612.8,0,0,1,0,1,0,0,0
5895,2026-01-08 15:13:00,4613.2,0,1,1,1,1,0,0,0
5895,2026-01-08 15:13:00,4613.4,0,1,1,1,1,0,0,0
5896,2026-01-08 15:14:00,4614.0,0,1,1,1,1,0,0,0
5897,2026-01-08 15:16:00,4614.9,0,0,1,0,1,0,0,0
5898,2026-01-08 15:24:00,4613.9,0,3,3,3,1,0,0,0
5898,2026-01-08 15:24:00,4614.1,0,7,7,7,2,0,0,0
5898,2026-01-08 15:24:00,4614.2,0,1,1,1,1,0,0,0
5898,2026-01-08 15:24:00,4614.4,0,4,4,4,1,0,0,0
5899,2026-01-08 15:25:00,4614.5,0,1,1,1,1,0,0,0
5900,2026-01-08 15:27:00,4613.4,0,1,1,1,1,0,0,0
5901,2026-01-08 15:28:00,4614.4,0,1,1,1,1,0,0,0
5902,2026-01-08 15:29:00,4614.2,0,1,1,1,1,0,0,0
5902,2026-01-08 15:29:00,4614.7,0,1,1,1,1,0,0,0
5903,2026-01-08 15:30:00,4616.1,0,0,1,0,1,0,0,0
5904,2026-01-08 15:34:00,4620.5,0,0,1,0,1,0,0,0
5904,2026-01-08 15:34:00,4621.3,0,2,2,2,2,0,0,0
5905,2026-01-08 15:45:00,4621.8,0,1,1,1,1,0,0,0
5905,2026-01-08 15:45:00,4622.1,0,0,1,0,1,0,0,0
5905,2026-01-08 15:45:00,4622.2,0,1,1,1,1,0,0,0
5906,2026-01-08 15:47:00,4621.7,0,1,1,1,1,0,0,0
5907,2026-01-08 16:03:00,4623.5,1,0,1,-1,1,0,0,0
5908,2026-01-08 18:20:00,4620.9,0,0,1,0,1,0,0,0
5909,2026-01-08 18:29:00,4618.6,0,0,2,0,1,0,0,0
5909,2026-01-08 18:29:00,4618.7,0,1,1,1,1,0,0,0
5909,2026-01-08 18:29:00,4618.8,0,0,1,0,1,0,0,0
5909,2026-01-08 18:29:00,4619.4,0,0,2,0,2,0,0,0
5909,2026-01-08 18:29:00,4619.6,0,0,1,0,1,0,0,0
5909,2026-01-08 18:29:00,4619.8,0,1,1,1,1,0,0,0
5909,2026-01-08 18:29:00,4620.1,0,0,1,0,1,0,0,0
5909,2026-01-08 18:29:00,4620.2,0,1,2,1,2,0,0,0
5909,2026-01-08 18:29:00,4620.3,1,0,5,-1,5,0,0,0
5909,2026-01-08 18:29:00,4620.4,0,1,2,1,2,0,0,0
5909,2026-01-08 18:29:00,4620.5,0,3,3,3,3,0,0,0
5909,2026-01-08 18:29:00,4620.6,0,0,1,0,1,0,0,0
5909,2026-01-08 18:29:00,4620.8,0,0,1,0,1,0,0,0
5909,2026-01-08 18:29:00,4621.0,0,1,1,1,1,0,0,0
5910,2026-01-08 18:36:00,4617.5,1,0,1,-1,1,0,0,0
5911,2026-01-08 20:07:00,4625.8,0,1,1,1,1,0,0,0
5912,2026-01-08 20:22:00,4632.2,0,1,1,1,1,0,0,0
5913,2026-01-08 20:25:00,4634.5,0,1,1,1,1,0,0,0
5914,2026-01-08 20:27:00,4639.0,1,0,1,-1,1,0,0,0
5915,2026-01-08 21:25:00,4643.0,0,0,1,0,1,0,0,0
5916,2026-01-08 23:07:00,4646.9,1,0,1,-1,1,0,0,0
5917,2026-01-09 01:00:00,4633.0,0,0,1,0,1,0,0,0
5918,2026-01-09 01:11:00,4625.0,0,0,3,0,2,0,0,0
5919,2026-01-09 01:44:00,4631.5,0,1,1,1,1,0,0,0
5920,2026-01-09 01:52:00,4635.0,0,0,2,0,1,0,0,0
5921,2026-01-09 02:01:00,4641.0,0,1,1,1,1,0,0,0
5921,2026-01-09 02:01:00,4642.6,0,1,1,1,1,0,0,0
5922,2026-01-09 02:30:00,4644.5,0,1,1,1,1,0,0,0
5923,2026-01-09 02:31:00,4640.0,1,0,1,-1,1,0,0,0
5924,2026-01-09 03:09:00,4633.6,1,0,1,-1,1,0,0,0
5925,2026-01-09 07:07:00,4643.7,1,0,1,-1,1,0,0,0
5926,2026-01-09 07:22:00,4640.8,2,0,2,-2,1,0,0,0
5927,2026-01-09 08:02:00,4635.5,1,0,1,-1,1,0,0,0
5927,2026-01-09 08:02:00,4636.7,1,0,1,-1,1,0,0,0
5928,2026-01-09 08:57:00,4636.6,0,0,1,0,1,0,0,0
5928,2026-01-09 08:57:00,4636.7,0,1,1,1,1,0,0,0
5928,2026-01-09 08:57:00,4636.8,0,1,1,1,1,0,0,0
5928,2026-01-09 08:57:00,4636.9,0,2,2,2,2,0,0,0
5928,2026-01-09 08:57:00,4637.0,0,1,1,1,1,0,0,0
5929,2026-01-09 08:59:00,4636.4,0,1,1,1,1,0,0,0
5930,2026-01-09 09:00:00,4637.7,0,1,1,1,1,0,0,0
5930,2026-01-09 09:00:00,4638.6,0,1,1,1,1,0,0,0
5930,2026-01-09 09:00:00,4638.7,0,0,1,0,1,0,0,0
5931,2026-01-09 09:18:00,4645.0,0,1,1,1,1,0,0,0
5932,2026-01-09 10:27:00,4638.0,1,0,1,-1,1,0,0,0
5932,2026-01-09 10:27:00,4638.3,1,0,1,-1,1,0,0,0
5933,2026-01-09 11:00:00,4643.0,0,1,1,1,1,0,0,0
5934,2026-01-09 11:47:00,4639.0,0,0,1,0,1,0,0,0
5935,2026-01-09 12:06:00,4649.0,0,0,2,0,2,0,0,0
5936,2026-01-09 12:07:00,4649.3,0,1,1,1,1,0,0,0
5937,2026-01-09 12:25:00,4639.9,0,0,1,0,1,0,0,0
5938,2026-01-09 12:26:00,4638.0,0,0,1,0,1,0,0,0
5939,2026-01-09 12:27:00,4636.6,0,0,1,0,1,0,0,0
5939,2026-01-09 12:27:00,4637.4,0,0,1,0,1,0,0,0
5940,2026-01-09 12:30:00,4636.4,0,0,1,0,1,0,0,0
5941,2026-01-09 12:32:00,4633.9,1,0,1,-1,1,0,0,0
5942,2026-01-09 12:33:00,4630.6,1,0,1,-1,1,0,0,0
5942,2026-01-09 12:33:00,4630.7,1,0,1,-1,1,0,0,0
5943,2026-01-09 12:34:00,4633.0,0,0,1,0,1,0,0,0
5944,2026-01-09 12:39:00,4634.8,0,0,1,0,1,0,0,0
5945,2026-01-09 12:41:00,4633.9,1,0,1,-1,1,0,0,0
5946,2026-01-09 12:43:00,4635.0,0,1,1,1,1,0,0,0
5947,2026-01-09 12:48:00,4636.2,0,0,1,0,1,0,0,0
5948,2026-01-09 12:52:00,4634.6,0,0,1,0,1,0,0,0
5949,2026-01-09 12:56:00,4633.7,0,0,1,0,1,0,0,0
5950,2026-01-09 13:00:00,4633.0,0,0,1,0,1,0,0,0
5951,2026-01-09 13:04:00,4636.9,0,0,1,0,1,0,0,0
5952,2026-01-09 13:08:00,4638.3,0,0,1,0,1,0,0,0
5953,2026-01-09 13:13:00,4637.0,0,0,1,0,1,0,0,0
5954,2026-01-09 13:17:00,4635.3,0,0,1,0,1,0,0,0
5955,2026-01-09 13:19:00,4631.3,1,0,1,-1,1,0,0,0
5956,2026-01-09 13:21:00,4637.9,0,0,1,0,1,0,0,0
5957,2026-01-09 13:26:00,4642.6,0,0,1,0,1,0,0,0
5958,2026-01-09 13:30:00,4630.8,0,0,1,0,1,0,0,0
5959,2026-01-09 13:34:00,4655.5,0,0,1,0,1,0,0,0
5960,2026-01-09 13:37:00,4658.3,0,1,1,1,1,0,0,0
5961,2026-01-09 13:38:00,4655.0,0,0,1,0,1,0,0,0
5961,2026-01-09 13:38:00,4657.8,1,0,1,-1,1,0,0,0
5962,2026-01-09 13:39:00,4656.3,1,0,1,-1,1,0,0,0
5963,2026-01-09 13:43:00,4657.5,0,0,1,0,1,0,0,0
5964,2026-01-09 13:47:00,4654.9,0,0,1,0,1,0,0,0
5965,2026-01-09 13:51:00,4650.5,0,0,1,0,1,0,0,0
5966,2026-01-09 13:56:00,4654.2,0,0,1,0,1,0,0,0
5967,2026-01-09 14:00:00,4653.5,0,0,1,0,1,0,0,0
5968,2026-01-09 14:02:00,4657.9,0,1,1,1,1,0,0,0
5969,2026-01-09 14:04:00,4656.0,0,0,1,0,1,0,0,0
5970,2026-01-09 14:07:00,4652.3,1,0,1,-1,1,0,0,0
5970,2026-01-09 14:07:00,4652.5,1,0,1,-1,1,0,0,0
5971,2026-01-09 14:10:00,4656.5,0,1,1,1,1,0,0,0
5971,2026-01-09 14:10:00,4656.7,0,1,1,1,1,0,0,0
5971,2026-01-09 14:10:00,4656.8,0,1,1,1,1,0,0,0
5972,2026-01-09 14:11:00,4664.1,1,0,1,-1,1,0,0,0
5973,2026-01-09 14:13:00,4662.8,0,0,1,0,1,0,0,0
5974,2026-01-09 14:17:00,4655.6,0,0,1,0,1,0,0,0
5975,2026-01-09 14:21:00,4661.7,0,0,1,0,1,0,0,0
5976,2026-01-09 14:25:00,4662.9,0,0,1,0,1,0,0,0
5977,2026-01-09 14:30:00,4659.8,0,0,1,0,1,0,0,0
5978,2026-01-09 14:34:00,4657.1,0,0,1,0,1,0,0,0
5979,2026-01-09 14:36:00,4666.3,0,1,1,1,1,0,0,0
5980,2026-01-09 14:38:00,4666.0,0,0,1,0,1,0,0,0
5981,2026-01-09 14:43:00,4659.4,0,0,1,0,1,0,0,0
5982,2026-01-09 14:44:00,4655.2,1,0,1,-1,1,0,0,0
5983,2026-01-09 14:47:00,4653.0,0,0,1,0,1,0,0,0
5983,2026-01-09 14:47:00,4653.3,1,0,1,-1,1,0,0,0
5983,2026-01-09 14:47:00,4653.8,0,0,1,0,1,0,0,0
5984,2026-01-09 14:51:00,4648.8,0,0,1,0,1,0,0,0
5984,2026-01-09 14:51:00,4648.9,0,0,1,0,1,0,0,0
5984,2026-01-09 14:51:00,4649.5,0,0,1,0,1,0,0,0
5985,2026-01-09 14:55:00,4659.7,0,0,1,0,1,0,0,0
5986,2026-01-09 14:58:00,4660.4,0,0,1,0,1,0,0,0
5986,2026-01-09 14:58:00,4661.5,0,1,1,1,1,0,0,0
5987,2026-01-09 15:01:00,4662.6,0,0,1,0,1,0,0,0
5988,2026-01-09 15:03:00,4665.3,0,0,1,0,1,0,0,0
5989,2026-01-09 15:04:00,4666.7,0,0,1,0,1,0,0,0
5990,2026-01-09 15:05:00,4661.4,0,0,1,0,1,0,0,0
5990,2026-01-09 15:05:00,4661.6,0,0,1,0,1,0,0,0
5991,2026-01-09 15:08:00,4665.5,0,0,1,0,1,0,0,0
5992,2026-01-09 15:09:00,4669.1,0,1,1,1,1,0,0,0
5993,2026-01-09 15:10:00,4666.6,0,0,1,0,1,0,0,0
5994,2026-01-09 15:13:00,4666.3,0,1,1,1,1,0,0,0
5995,2026-01-09 15:15:00,4666.3,0,0,1,0,1,0,0,0
5996,2026-01-09 15:18:00,4664.7,0,0,1,0,1,0,0,0
5997,2026-01-09 15:22:00,4672.9,0,0,1,0,1,0,0,0
5998,2026-01-09 15:25:00,4677.0,1,0,1,-1,1,0,0,0
5998,2026-01-09 15:25:00,4678.2,0,0,1,0,1,0,0,0
5999,2026-01-09 15:29:00,4675.9,0,0,1,0,1,0,0,0
6000,2026-01-09 15:32:00,4681.0,0,1,1,1,1,0,0,0
6001,2026-01-09 15:35:00,4678.7,0,0,1,0,1,0,0,0
6002,2026-01-09 15:39:00,4684.1,0,0,1,0,1,0,0,0
6003,2026-01-09 15:43:00,4683.6,0,0,1,0,1,0,0,0
6004,2026-01-09 15:46:00,4683.3,0,0,1,0,1,0,0,0
6005,2026-01-09 15:49:00,4679.6,0,0,1,0,1,0,0,0
6006,2026-01-09 15:56:00,4680.0,0,0,1,0,1,0,0,0
6007,2026-01-09 16:00:00,4681.5,0,0,1,0,1,0,0,0
6008,2026-01-09 16:01:00,4682.3,0,0,1,0,1,0,0,0
6009,2026-01-09 16:03:00,4680.8,0,0,1,0,1,0,0,0
6010,2026-01-09 16:06:00,4679.0,0,0,1,0,1,0,0,0
6011,2026-01-09 16:10:00,4675.1,0,0,1,0,1,0,0,0
6012,2026-01-09 16:13:00,4671.1,0,0,1,0,1,0,0,0
6013,2026-01-09 16:16:00,4674.1,0,0,1,0,1,0,0,0
6014,2026-01-09 16:17:00,4671.3,0,0,1,0,1,0,0,0
6015,2026-01-09 16:20:00,4675.2,0,0,1,0,1,0,0,0
6016,2026-01-09 16:23:00,4670.6,0,0,1,0,1,0,0,0
6017,2026-01-09 16:27:00,4670.6,0,0,1,0,1,0,0,0
6018,2026-01-09 16:30:00,4671.3,0,0,1,0,1,0,0,0
6019,2026-01-09 16:37:00,4675.7,0,0,1,0,1,0,0,0
6020,2026-01-09 16:40:00,4674.0,0,0,1,0,1,0,0,0
6021,2026-01-09 16:44:00,4673.2,0,0,1,0,1,0,0,0
6022,2026-01-09 16:48:00,4673.8,0,0,1,0,1,0,0,0
6023,2026-01-09 16:51:00,4677.3,0,0,1,0,1,0,0,0
6024,2026-01-09 16:54:00,4677.4,0,1,1,1,1,0,0,0
6025,2026-01-09 16:58:00,4677.3,0,0,1,0,1,0,0,0
6026,2026-01-09 16:59:00,4677.0,0,0,1,0,1,0,0,0
6027,2026-01-09 17:01:00,4679.4,0,0,1,0,1,0,0,0
6028,2026-01-09 17:04:00,4677.4,0,0,1,0,1,0,0,0
6029,2026-01-09 17:08:00,4677.5,0,0,1,0,1,0,0,0
6030,2026-01-09 17:12:00,4678.3,0,0,1,0,1,0,0,0
6031,2026-01-09 17:15:00,4677.7,0,0,1,0,1,0,0,0
6032,2026-01-09 17:21:00,4673.0,0,0,1,0,1,0,0,0
6033,2026-01-09 17:23:00,4673.0,0,0,1,0,1,0,0,0
6034,2026-01-09 17:25:00,4674.9,0,0,1,0,1,0,0,0
6035,2026-01-09 17:28:00,4672.6,0,0,1,0,1,0,0,0
6036,2026-01-09 17:32:00,4677.4,0,0,1,0,1,0,0,0
6037,2026-01-09 17:35:00,4676.4,0,0,1,0,1,0,0,0
6038,2026-01-09 17:39:00,4677.1,0,0,1,0,1,0,0,0
6039,2026-01-09 17:42:00,4673.6,0,0,1,0,1,0,0,0
6040,2026-01-09 17:45:00,4671.8,0,0,1,0,1,0,0,0
6041,2026-01-09 17:49:00,4667.6,0,0,1,0,1,0,0,0
6042,2026-01-09 17:53:00,4660.0,0,0,1,0,1,0,0,0
6042,2026-01-09 17:53:00,4663.7,0,0,1,0,1,0,0,0
6043,2026-01-09 17:56:00,4655.4,1,0,1,-1,1,0,0,0
6043,2026-01-09 17:56:00,4655.6,0,0,1,0,1,0,0,0
6044,2026-01-09 18:03:00,4654.6,0,0,1,0,1,0,0,0
6045,2026-01-09 18:06:00,4659.4,0,0,1,0,1,0,0,0
6046,2026-01-09 18:09:00,4658.0,0,0,1,0,1,0,0,0
6047,2026-01-09 18:10:00,4658.4,0,0,1,0,1,0,0,0
6048,2026-01-09 18:13:00,4660.7,0,0,1,0,1,0,0,0
6049,2026-01-09 18:16:00,4660.9,0,0,1,0,1,0,0,0
6050,2026-01-09 18:20:00,4661.2,0,0,1,0,1,0,0,0
6051,2026-01-09 18:23:00,4662.1,0,0,1,0,1,0,0,0
6052,2026-01-09 18:27:00,4660.4,0,0,1,0,1,0,0,0
6053,2026-01-09 18:29:00,4660.6,0,0,1,0,1,0,0,0
6053,2026-01-09 18:29:00,4660.9,0,0,2,0,2,0,0,0
6053,2026-01-09 18:29:00,4661.1,0,1,1,1,1,0,0,0
6053,2026-01-09 18:29:00,4661.2,0,1,1,1,1,0,0,0
6053,2026-01-09 18:29:00,4661.3,0,1,1,1,1,0,0,0
6053,2026-01-09 18:29:00,4661.4,0,0,3,0,2,0,0,0
6053,2026-01-09 18:29:00,4661.5,0,0,3,0,3,0,0,0
6053,2026-01-09 18:29:00,4661.6,0,1,2,1,2,0,0,0
6053,2026-01-09 18:29:00,4661.7,0,0,1,0,1,0,0,0
6053,2026-01-09 18:29:00,4661.8,0,2,3,2,3,0,0,0
6053,2026-01-09 18:29:00,4662.0,0,1,1,1,1,0,0,0
6053,2026-01-09 18:29:00,4662.1,0,1,1,1,1,0,0,0
6054,2026-01-09 18:30:00,4661.5,0,0,1,0,1,0,0,0
6055,2026-01-09 18:34:00,4669.8,0,0,1,0,1,0,0,0
6056,2026-01-09 18:37:00,4672.6,0,0,1,0,1,0,0,0
6057,2026-01-09 18:39:00,4672.5,0,0,1,0,1,0,0,0
6057,2026-01-09 18:39:00,4673.5,0,0,1,0,1,0,0,0
6058,2026-01-09 18:44:00,4671.9,0,0,1,0,1,0,0,0
6059,2026-01-09 18:47:00,4667.8,0,0,1,0,1,0,0,0
6060,2026-01-09 18:51:00,4665.9,0,0,1,0,1,0,0,0
6061,2026-01-09 18:53:00,4665.7,1,0,1,-1,1,0,0,0
6062,2026-01-09 18:56:00,4665.9,0,0,1,0,1,0,0,0
6063,2026-01-09 18:59:00,4665.9,0,0,1,0,1,0,0,0
6064,2026-01-09 19:03:00,4666.6,0,0,1,0,1,0,0,0
6065,2026-01-09 19:07:00,4663.7,0,0,1,0,1,0,0,0
6066,2026-01-09 19:08:00,4662.8,1,0,1,-1,1,0,0,0
6066,2026-01-09 19:08:00,4663.0,3,0,3,-3,1,0,0,0
6066,2026-01-09 19:08:00,4664.1,0,0,1,0,1,0,0,0
6067,2026-01-09 19:09:00,4662.3,2,0,2,-2,1,0,0,0
6067,2026-01-09 19:09:00,4662.4,1,0,1,-1,1,0,0,0
6067,2026-01-09 19:09:00,4663.0,0,0,1,0,1,0,0,0
6068,2026-01-09 19:13:00,4665.6,0,0,1,0,1,0,0,0
6069,2026-01-09 19:16:00,4667.7,0,0,1,0,1,0,0,0
6070,2026-01-09 19:20:00,4666.8,1,0,1,-1,1,0,0,0
6071,2026-01-09 19:22:00,4667.2,0,0,1,0,1,0,0,0
6072,2026-01-09 19:27:00,4669.2,1,0,1,-1,1,0,0,0
6073,2026-01-09 19:29:00,4667.7,0,0,1,0,1,0,0,0
6073,2026-01-09 19:29:00,4668.9,0,0,1,0,1,0,0,0
6074,2026-01-09 19:33:00,4666.5,0,0,1,0,1,0,0,0
6075,2026-01-09 19:36:00,4667.0,0,0,1,0,1,0,0,0
6076,2026-01-09 19:38:00,4667.2,0,0,1,0,1,0,0,0
6077,2026-01-09 19:41:00,4668.5,0,0,1,0,1,0,0,0
6078,2026-01-09 19:45:00,4665.4,0,0,1,0,1,0,0,0
6079,2026-01-09 19:46:00,4666.4,0,0,1,0,1,0,0,0
6080,2026-01-09 19:50:00,4669.5,0,0,1,0,1,0,0,0
6081,2026-01-09 19:54:00,4668.8,0,0,1,0,1,0,0,0
6082,2026-01-09 19:56:00,4669.2,0,0,1,0,1,0,0,0
6083,2026-01-09 20:00:00,4666.6,0,0,1,0,1,0,0,0
6084,2026-01-09 20:01:00,4668.7,0,0,1,0,1,0,0,0
6085,2026-01-09 20:03:00,4669.0,0,0,1,0,1,0,0,0
6086,2026-01-09 20:07:00,4668.4,0,0,1,0,1,0,0,0
6087,2026-01-09 20:10:00,4669.3,0,0,1,0,1,0,0,0
6088,2026-01-09 20:12:00,4672.7,0,0,1,0,1,0,0,0
6089,2026-01-09 20:15:00,4676.7,0,1,1,1,1,0,0,0
6090,2026-01-09 21:00:00,4674.4,1,0,1,-1,1,0,0,0
6091,2026-01-11 23:05:00,4691.0,0,0,2,0,2,0,0,0
6092,2026-01-11 23:06:00,4695.0,0,0,1,0,1,0,0,0
6093,2026-01-11 23:16:00,4700.0,0,0,1,0,1,0,0,0
6094,2026-01-11 23:21:00,4703.0,0,1,1,1,1,0,0,0
6095,2026-01-11 23:29:00,4706.1,0,1,1,1,1,0,0,0
6096,2026-01-11 23:39:00,4706.5,0,0,1,0,1,0,0,0
6097,2026-01-11 23:55:00,4712.0,0,0,2,0,1,0,0,0
6098,2026-01-12 00:04:00,4715.0,1,0,2,-1,2,0,0,0
6098,2026-01-12 00:04:00,4715.2,1,0,1,-1,1,0,0,0
6099,2026-01-12 00:05:00,4715.0,0,0,1,0,1,0,0,0
6099,2026-01-12 00:05:00,4716.1,0,1,1,1,1,0,0,0
6100,2026-01-12 00:12:00,4720.1,0,1,1,1,1,0,0,0
6101,2026-01-12 00:14:00,4725.3,0,1,1,1,1,0,0,0
6102,2026-01-12 00:18:00,4734.5,0,0,1,0,1,0,0,0
6103,2026-01-12 00:29:00,4737.4,1,0,1,-1,1,0,0,0
6104,2026-01-12 00:33:00,4746.3,1,0,1,-1,1,0,0,0
6105,2026-01-12 00:34:00,4747.0,0,0,1,0,1,0,0,0
6106,2026-01-12 00:35:00,4746.0,0,0,1,0,1,0,0,0
6106,2026-01-12 00:35:00,4747.9,0,1,1,1,1,0,0,0
6107,2026-01-12 00:50:00,4768.8,1,0,1,-1,1,0,0,0
6108,2026-01-12 01:01:00,4763.6,1,0,1,-1,1,0,0,0
6109,2026-01-12 01:05:00,4759.6,1,0,1,-1,1,0,0,0
6109,2026-01-12 01:05:00,4759.8,1,0,1,-1,1,0,0,0
6110,2026-01-12 01:08:00,4754.3,1,0,1,-1,1,0,0,0
6111,2026-01-12 01:12:00,4757.9,0,1,1,1,1,0,0,0
6112,2026-01-12 01:19:00,4749.4,1,0,1,-1,1,0,0,0
6113,2026-01-12 01:20:00,4749.9,1,0,1,-1,1,0,0,0
6114,2026-01-12 01:50:00,4748.0,0,0,1,0,1,0,0,0
6115,2026-01-12 01:52:00,4749.6,1,0,1,-1,1,0,0,0
6116,2026-01-12 02:01:00,4744.6,1,0,1,-1,1,0,0,0
6116,2026-01-12 02:01:00,4744.8,0,0,1,0,1,0,0,0
6116,2026-01-12 02:01:00,4746.6,1,0,1,-1,1,0,0,0
6117,2026-01-12 02:04:00,4740.0,0,0,1,0,1,0,0,0
6118,2026-01-12 02:08:00,4738.3,1,0,1,-1,1,0,0,0
6119,2026-01-12 02:30:00,4737.5,1,0,1,-1,1,0,0,0
6120,2026-01-12 02:35:00,4743.3,0,1,1,1,1,0,0,0
6121,2026-01-12 02:46:00,4755.6,0,1,1,1,1,0,0,0
6122,2026-01-12 03:02:00,4750.5,0,1,1,1,1,0,0,0
6123,2026-01-12 03:13:00,4751.9,0,1,1,1,1,0,0,0
6124,2026-01-12 03:42:00,4750.0,0,0,1,0,1,0,0,0
6125,2026-01-12 04:51:00,4742.2,1,0,1,-1,1,0,0,0
6126,2026-01-12 05:08:00,4744.3,0,1,1,1,1,0,0,0
6127,2026-01-12 05:14:00,4744.3,0,0,1,0,1,0,0,0
6128,2026-01-12 05:44:00,4755.0,0,1,1,1,1,0,0,0
6128,2026-01-12 05:44:00,4756.0,0,0,2,0,2,0,0,0
6129,2026-01-12 06:05:00,4748.5,1,0,1,-1,1,0,0,0
6130,2026-01-12 06:06:00,4748.0,0,0,1,0,1,0,0,0
6131,2026-01-12 06:08:00,4748.3,1,0,1,-1,1,0,0,0
6131,2026-01-12 06:08:00,4748.4,1,0,1,-1,1,0,0,0
6132,2026-01-12 06:09:00,4748.8,0,0,7,0,4,0,0,0
6133,2026-01-12 06:11:00,4747.0,0,0,2,0,2,0,0,0
6134,2026-01-12 07:26:00,4755.5,2,0,2,-2,1,0,0,0
6135,2026-01-12 07:36:00,4754.5,0,0,1,0,1,0,0,0
6136,2026-01-12 07:57:00,4761.6,0,1,1,1,1,0,0,0
6137,2026-01-12 08:02:00,4759.7,1,0,1,-1,1,0,0,0
6137,2026-01-12 08:02:00,4759.9,1,0,1,-1,1,0,0,0
6138,2026-01-12 08:38:00,4761.6,0,1,1,1,1,0,0,0
6139,2026-01-12 08:39:00,4761.0,0,0,2,0,2,0,0,0
6140,2026-01-12 08:48:00,4766.5,1,0,1,-1,1,0,0,0
6141,2026-01-12 09:01:00,4766.8,2,0,2,-2,1,0,0,0
6142,2026-01-12 09:27:00,4770.0,0,1,1,1,1,0,0,0
6143,2026-01-12 09:29:00,4769.5,0,0,3,0,3,0,0,0
6144,2026-01-12 09:44:00,4768.3,0,0,1,0,1,0,0,0
6145,2026-01-12 09:58:00,4761.7,1,0,1,-1,1,0,0,0
6146,2026-01-12 10:04:00,4763.2,0,2,2,2,1,0,0,0
6147,2026-01-12 10:08:00,4760.7,1,0,1,-1,1,0,0,0
6148,2026-01-12 10:10:00,4761.7,0,0,1,0,1,0,0,0
6149,2026-01-12 10:32:00,4762.0,0,0,2,0,2,0,0,0
6150,2026-01-12 10:33:00,4761.6,1,0,1,-1,1,0,0,0
6151,2026-01-12 11:15:00,4762.6,1,0,1,-1,1,0,0,0
6151,2026-01-12 11:15:00,4762.7,1,0,1,-1,1,0,0,0
6152,2026-01-12 11:21:00,4759.4,1,0,1,-1,1,0,0,0
6153,2026-01-12 11:25:00,4756.0,2,0,2,-2,2,0,0,0
6154,2026-01-12 11:51:00,4757.9,1,0,1,-1,1,0,0,0
6154,2026-01-12 11:51:00,4758.0,1,0,1,-1,1,0,0,0
6155,2026-01-12 11:56:00,4755.0,0,0,1,0,1,0,0,0
6155,2026-01-12 11:56:00,4755.4,0,0,2,0,2,0,0,0
6156,2026-01-12 12:17:00,4752.2,0,0,2,0,2,0,0,0
6156,2026-01-12 12:17:00,4752.4,0,1,1,1,1,0,0,0
6157,2026-01-12 12:18:00,4751.8,2,0,2,-2,1,0,0,0
6158,2026-01-12 12:19:00,4751.9,0,0,1,0,1,0,0,0
6159,2026-01-12 12:54:00,4760.8,0,0,1,0,1,0,0,0
6160,2026-01-12 12:55:00,4761.4,0,2,2,2,1,0,0,0
6161,2026-01-12 12:56:00,4760.0,0,0,2,0,1,0,0,0
6162,2026-01-12 12:57:00,4761.1,0,0,1,0,1,0,0,0
6163,2026-01-12 13:07:00,4771.4,0,1,1,1,1,0,0,0
6164,2026-01-12 13:10:00,4776.6,0,0,1,0,1,0,0,0
6164,2026-01-12 13:10:00,4777.2,0,1,2,1,2,0,0,0
6164,2026-01-12 13:10:00,4777.3,0,1,1,1,1,0,0,0
6164,2026-01-12 13:10:00,4777.5,0,1,1,1,1,0,0,0
6164,2026-01-12 13:10:00,4777.7,0,1,1,1,1,0,0,0
6165,2026-01-12 13:11:00,4776.5,0,0,1,0,1,0,0,0
6165,2026-01-12 13:11:00,4777.4,0,0,1,0,1,0,0,0
6166,2026-01-12 13:12:00,4776.7,0,1,1,1,1,0,0,0
6166,2026-01-12 13:12:00,4780.2,1,0,1,-1,1,0,0,0
6167,2026-01-12 13:15:00,4783.1,0,1,1,1,1,0,0,0
6168,2026-01-12 13:21:00,4781.4,0,1,1,1,1,0,0,0
6169,2026-01-12 13:26:00,4779.6,0,0,1,0,1,0,0,0
6170,2026-01-12 13:27:00,4778.8,0,0,1,0,1,0,0,0
6170,2026-01-12 13:27:00,4779.0,0,5,5,5,4,0,0,0
6171,2026-01-12 13:29:00,4778.0,0,0,1,0,1,0,0,0
6172,2026-01-12 13:32:00,4781.1,1,0,1,-1,1,0,0,0
6172,2026-01-12 13:32:00,4781.2,1,0,1,-1,1,0,0,0
6172,2026-01-12 13:32:00,4781.4,0,0,1,0,1,0,0,0
6173,2026-01-12 13:34:00,4780.5,0,0,1,0,1,0,0,0
6174,2026-01-12 13:49:00,4787.7,0,0,1,0,1,0,0,0
6175,2026-01-12 13:51:00,4790.5,0,1,1,1,1,0,0,0
6176,2026-01-12 13:54:00,4792.0,0,0,1,0,1,0,0,0
6177,2026-01-12 13:57:00,4790.5,0,0,1,0,1,0,0,0
6177,2026-01-12 13:57:00,4791.9,0,0,1,0,1,0,0,0
6178,2026-01-12 14:03:00,4772.5,1,0,1,-1,1,0,0,0
6178,2026-01-12 14:03:00,4773.7,1,0,1,-1,1,0,0,0
6179,2026-01-12 14:04:00,4776.2,1,0,1,-1,1,0,0,0
6180,2026-01-12 14:08:00,4771.3,0,0,1,0,1,0,0,0
6180,2026-01-12 14:08:00,4773.1,1,0,1,-1,1,0,0,0
6180,2026-01-12 14:08:00,4773.2,2,0,2,-2,1,0,0,0
6181,2026-01-12 14:09:00,4771.9,0,0,1,0,1,0,0,0
6182,2026-01-12 14:10:00,4768.0,0,0,1,0,1,0,0,0
6183,2026-01-12 14:12:00,4770.1,1,0,1,-1,1,0,0,0
6184,2026-01-12 14:13:00,4767.5,0,0,1,0,1,0,0,0
6185,2026-01-12 14:15:00,4763.4,0,1,1,1,1,0,0,0
6185,2026-01-12 14:15:00,4768.0,0,1,1,1,1,0,0,0
6186,2026-01-12 14:19:00,4769.0,0,0,2,0,1,0,0,0
6187,2026-01-12 14:25:00,4764.3,1,0,1,-1,1,0,0,0
6188,2026-01-12 14:26:00,4761.4,0,0,1,0,1,0,0,0
6188,2026-01-12 14:26:00,4761.5,1,0,1,-1,1,0,0,0
6189,2026-01-12 14:27:00,4759.9,1,0,1,-1,1,0,0,0
6190,2026-01-12 14:33:00,4772.4,0,1,1,1,1,0,0,0
6191,2026-01-12 14:35:00,4767.8,0,0,5,0,3,0,0,0
6192,2026-01-12 14:52:00,4775.6,0,1,1,1,1,0,0,0
6193,2026-01-12 15:23:00,4790.3,0,1,1,1,1,0,0,0
6193,2026-01-12 15:23:00,4790.8,0,1,1,1,1,0,0,0
6194,2026-01-12 15:24:00,4790.1,1,0,1,-1,1,0,0,0
6195,2026-01-12 15:25:00,4790.9,0,0,1,0,1,0,0,0
6195,2026-01-12 15:25:00,4792.3,0,0,1,0,1,0,0,0
6196,2026-01-12 15:26:00,4793.2,1,0,1,-1,1,0,0,0
6197,2026-01-12 15:27:00,4790.9,1,0,1,-1,1,0,0,0
6198,2026-01-12 15:35:00,4798.3,0,1,1,1,1,0,0,0
6199,2026-01-12 15:37:00,4800.0,0,1,1,1,1,0,0,0
6200,2026-01-12 15:48:00,4794.7,0,0,1,0,1,0,0,0
6201,2026-01-12 15:50:00,4795.7,0,1,1,1,1,0,0,0
6201,2026-01-12 15:50:00,4795.8,0,2,2,2,1,0,0,0
6202,2026-01-12 15:52:00,4795.1,1,0,1,-1,1,0,0,0
6202,2026-01-12 15:52:00,4795.2,1,0,1,-1,1,0,0,0
6203,2026-01-12 16:07:00,4798.4,0,1,1,1,1,0,0,0
6204,2026-01-12 16:13:00,4800.0,0,0,2,0,2,0,0,0
6205,2026-01-12 16:17:00,4802.7,0,0,2,0,2,0,0,0
6206,2026-01-12 16:26:00,4795.0,0,1,1,1,1,0,0,0
6207,2026-01-12 16:30:00,4794.8,0,1,1,1,1,0,0,0
6208,2026-01-12 16:38:00,4788.0,0,0,1,0,1,0,0,0
6209,2026-01-12 17:21:00,4785.3,1,0,1,-1,1,0,0,0
6209,2026-01-12 17:21:00,4785.5,0,0,1,0,1,0,0,0
6210,2026-01-12 17:34:00,4786.2,1,0,1,-1,1,0,0,0
6211,2026-01-12 17:38:00,4786.1,0,1,1,1,1,0,0,0
6212,2026-01-12 18:08:00,4786.7,1,0,1,-1,1,0,0,0
6213,2026-01-12 18:15:00,4780.0,1,0,1,-1,1,0,0,0
6214,2026-01-12 18:16:00,4776.5,1,0,1,-1,1,0,0,0
6215,2026-01-12 18:26:00,4773.5,0,1,1,1,1,0,0,0
6215,2026-01-12 18:26:00,4773.9,0,0,1,0,1,0,0,0
6216,2026-01-12 18:29:00,4776.7,0,0,1,0,1,0,0,0
6216,2026-01-12 18:29:00,4777.3,0,0,2,0,2,0,0,0
6216,2026-01-12 18:29:00,4777.4,1,0,1,-1,1,0,0,0
6216,2026-01-12 18:29:00,4777.5,0,0,1,0,1,0,0,0
6216,2026-01-12 18:29:00,4777.6,0,0,3,0,1,0,0,0
6216,2026-01-12 18:29:00,4777.7,0,0,2,0,2,0,0,0
6216,2026-01-12 18:29:00,4777.8,1,0,1,-1,1,0,0,0
6216,2026-01-12 18:29:00,4777.9,3,0,4,-3,4,0,0,0
6216,2026-01-12 18:29:00,4778.1,1,0,1,-1,1,0,0,0
6216,2026-01-12 18:29:00,4778.2,0,0,1,0,1,0,0,0
6217,2026-01-12 19:12:00,4786.4,0,1,1,1,1,0,0,0
6217,2026-01-12 19:12:00,4786.8,0,1,1,1,1,0,0,0
6218,2026-01-12 19:14:00,4786.1,0,0,1,0,1,0,0,0
6219,2026-01-12 19:20:00,4786.5,0,1,1,1,1,0,0,0
6220,2026-01-12 19:31:00,4792.0,0,1,1,1,1,0,0,0
6221,2026-01-12 19:45:00,4788.8,0,2,2,2,1,0,0,0
6221,2026-01-12 19:45:00,4788.9,0,1,1,1,1,0,0,0
6221,2026-01-12 19:45:00,4789.0,0,2,2,2,1,0,0,0
6222,2026-01-12 20:44:00,4765.0,1,1,2,0,2,0,0,0
6222,2026-01-12 20:44:00,4765.1,1,0,1,-1,1,0,0,0
6222,2026-01-12 20:44:00,4765.2,4,0,4,-4,1,0,0,0
6222,2026-01-12 20:44:00,4765.3,1,0,1,-1,1,0,0,0
6222,2026-01-12 20:44:00,4765.4,1,0,1,-1,1,0,0,0
6222,2026-01-12 20:44:00,4765.5,1,0,1,-1,1,0,0,0
6223,2026-01-12 20:46:00,4763.8,2,0,2,-2,1,0,0,0
6224,2026-01-12 20:56:00,4767.8,2,0,2,-2,1,0,0,0
6224,2026-01-12 20:56:00,4769.0,1,0,1,-1,1,0,0,0
6224,2026-01-12 20:56:00,4769.1,1,0,1,-1,1,0,0,0
6225,2026-01-12 21:03:00,4762.9,2,0,2,-2,1,0,0,0
6226,2026-01-12 21:04:00,4763.5,1,0,1,-1,1,0,0,0
6226,2026-01-12 21:04:00,4763.7,1,0,1,-1,1,0,0,0
6227,2026-01-12 21:05:00,4764.1,0,0,1,0,1,0,0,0
6228,2026-01-12 21:10:00,4765.9,0,0,1,0,1,0,0,0
6229,2026-01-12 21:15:00,4765.1,0,0,1,0,1,0,0,0
6230,2026-01-12 21:19:00,4763.6,0,0,1,0,1,0,0,0
6231,2026-01-12 21:24:00,4765.3,0,1,1,1,1,0,0,0
6232,2026-01-12 21:28:00,4765.9,0,1,1,1,1,0,0,0
6233,2026-01-12 21:36:00,4764.9,1,0,1,-1,1,0,0,0
6234,2026-01-12 21:41:00,4762.6,1,0,1,-1,1,0,0,0
6235,2026-01-12 21:45:00,4762.0,0,0,1,0,1,0,0,0
6236,2026-01-12 21:47:00,4761.4,0,0,1,0,1,0,0,0
6237,2026-01-12 21:54:00,4764.5,0,0,1,0,1,0,0,0
6238,2026-01-12 21:56:00,4766.5,0,0,1,0,1,0,0,0
6239,2026-01-12 23:27:00,4758.5,0,0,1,0,1,0,0,0
6239,2026-01-12 23:27:00,4758.9,0,1,1,1,1,0,0,0
6240,2026-01-13 00:09:00,4763.6,0,1,1,1,1,0,0,0
6240,2026-01-13 00:09:00,4764.2,0,1,1,1,1,0,0,0
6241,2026-01-13 00:10:00,4763.1,0,0,1,0,1,0,0,0
6242,2026-01-13 00:14:00,4764.2,0,1,1,1,1,0,0,0
6243,2026-01-13 00:15:00,4762.8,0,1,1,1,1,0,0,0
6244,2026-01-13 00:17:00,4765.7,0,1,1,1,1,0,0,0
6245,2026-01-13 00:31:00,4761.2,0,1,1,1,1,0,0,0
6246,2026-01-13 01:24:00,4758.7,1,0,1,-1,1,0,0,0
6247,2026-01-13 01:31:00,4750.0,0,0,1,0,1,0,0,0
6248,2026-01-13 01:53:00,4752.3,0,0,2,0,2,0,0,0
6249,2026-01-13 02:00:00,4751.0,1,0,1,-1,1,0,0,0
6249,2026-01-13 02:00:00,4751.8,0,0,1,0,1,0,0,0
6250,2026-01-13 02:42:00,4759.3,0,0,1,0,1,0,0,0
6251,2026-01-13 02:43:00,4758.2,0,0,2,0,1,0,0,0
6252,2026-01-13 03:21:00,4768.8,1,0,2,-1,2,0,0,0
6253,2026-01-13 04:13:00,4768.4,0,1,1,1,1,0,0,0
6254,2026-01-13 05:05:00,4765.7,1,0,1,-1,1,0,0,0
6255,2026-01-13 05:06:00,4763.2,1,0,1,-1,1,0,0,0
6256,2026-01-13 05:28:00,4770.1,0,1,1,1,1,0,0,0
6256,2026-01-13 05:28:00,4770.4,0,0,1,0,1,0,0,0
6257,2026-01-13 05:31:00,4761.0,0,0,1,0,1,0,0,0
6257,2026-01-13 05:31:00,4762.7,1,0,1,-1,1,0,0,0
6257,2026-01-13 05:31:00,4763.0,0,0,1,0,1,0,0,0
6258,2026-01-13 05:32:00,4759.6,1,0,1,-1,1,0,0,0
6259,2026-01-13 05:33:00,4755.0,1,0,1,-1,1,0,0,0
6260,2026-01-13 05:35:00,4757.7,0,0,1,0,1,0,0,0
6261,2026-01-13 06:09:00,4757.6,2,0,2,-2,1,0,0,0
6261,2026-01-13 06:09:00,4757.7,2,0,2,-2,1,0,0,0
6261,2026-01-13 06:09:00,4757.8,2,0,2,-2,1,0,0,0
6261,2026-01-13 06:09:00,4757.9,1,0,1,-1,1,0,0,0
6261,2026-01-13 06:09:00,4758.0,1,0,1,-1,1,0,0,0
6261,2026-01-13 06:09:00,4758.1,0,0,1,0,1,0,0,0
6262,2026-01-13 06:10:00,4758.0,2,0,2,-2,1,0,0,0
6263,2026-01-13 06:11:00,4759.1,2,0,2,-2,1,0,0,0
6263,2026-01-13 06:11:00,4759.6,0,0,1,0,1,0,0,0
6264,2026-01-13 06:12:00,4759.4,0,0,1,0,1,0,0,0
6265,2026-01-13 06:23:00,4754.4,2,0,2,-2,1,0,0,0
6265,2026-01-13 06:23:00,4755.0,0,0,1,0,1,0,0,0
6265,2026-01-13 06:23:00,4755.7,2,0,2,-2,1,0,0,0
6266,2026-01-13 06:36:00,4748.6,1,0,1,-1,1,0,0,0
6267,2026-01-13 06:51:00,4751.7,2,0,2,-2,1,0,0,0
6267,2026-01-13 06:51:00,4753.0,0,1,1,1,1,0,0,0
6267,2026-01-13 06:51:00,4753.1,0,1,1,1,1,0,0,0
6268,2026-01-13 06:52:00,4752.2,0,0,1,0,1,0,0,0
6269,2026-01-13 07:20:00,4749.2,1,0,1,-1,1,0,0,0
6270,2026-01-13 08:03:00,4753.3,0,0,1,0,1,0,0,0
6270,2026-01-13 08:03:00,4753.5,0,1,1,1,1,0,0,0
6271,2026-01-13 08:07:00,4757.6,0,0,1,0,1,0,0,0
6272,2026-01-13 08:18:00,4757.1,2,0,2,-2,1,0,0,0
6272,2026-01-13 08:18:00,4757.5,1,0,1,-1,1,0,0,0
6272,2026-01-13 08:18:00,4757.7,2,0,2,-2,1,0,0,0
6272,2026-01-13 08:18:00,4757.8,1,0,1,-1,1,0,0,0
6273,2026-01-13 08:19:00,4758.1,0,1,1,1,1,0,0,0
6274,2026-01-13 08:22:00,4758.0,1,0,1,-1,1,0,0,0
6275,2026-01-13 08:23:00,4757.8,0,1,1,1,1,0,0,0
6276,2026-01-13 08:24:00,4759.8,0,1,2,1,2,0,0,0
6277,2026-01-13 08:33:00,4763.4,0,0,1,0,1,0,0,0
6278,2026-01-13 08:42:00,4763.5,1,0,1,-1,1,0,0,0
6278,2026-01-13 08:42:00,4763.8,1,0,1,-1,1,0,0,0
6278,2026-01-13 08:42:00,4763.9,1,0,1,-1,1,0,0,0
6278,2026-01-13 08:42:00,4764.0,1,0,1,-1,1,0,0,0
6278,2026-01-13 08:42:00,4764.1,2,0,2,-2,1,0,0,0
6278,2026-01-13 08:42:00,4764.4,1,0,1,-1,1,0,0,0
6278,2026-01-13 08:42:00,4764.5,1,0,1,-1,1,0,0,0
6278,2026-01-13 08:42:00,4764.6,1,0,1,-1,1,0,0,0
6278,2026-01-13 08:42:00,4764.7,1,0,1,-1,1,0,0,0
6279,2026-01-13 08:43:00,4764.5,0,0,1,0,1,0,0,0
6279,2026-01-13 08:43:00,4765.2,0,0,1,0,1,0,0,0
6280,2026-01-13 09:08:00,4765.6,0,1,1,1,1,0,0,0
6281,2026-01-13 09:23:00,4763.6,0,1,1,1,1,0,0,0
6281,2026-01-13 09:23:00,4763.7,0,1,1,1,1,0,0,0
6282,2026-01-13 10:04:00,4754.5,1,0,1,-1,1,0,0,0
6283,2026-01-13 10:11:00,4752.8,1,0,1,-1,1,0,0,0
6284,2026-01-13 10:34:00,4754.1,2,0,2,-2,1,0,0,0
6284,2026-01-13 10:34:00,4754.4,2,0,2,-2,1,0,0,0
6284,2026-01-13 10:34:00,4754.6,1,0,1,-1,1,0,0,0
6285,2026-01-13 10:35:00,4754.7,0,0,1,0,1,0,0,0
6286,2026-01-13 11:15:00,4754.5,1,0,1,-1,1,0,0,0
6287,2026-01-13 11:16:00,4753.8,0,0,1,0,1,0,0,0
6288,2026-01-13 11:18:00,4755.5,1,0,1,-1,1,0,0,0
6289,2026-01-13 12:02:00,4758.8,1,0,1,-1,1,0,0,0
6289,2026-01-13 12:02:00,4758.9,1,0,1,-1,1,0,0,0
6290,2026-01-13 12:11:00,4754.4,1,0,1,-1,1,0,0,0
6291,2026-01-13 12:14:00,4753.5,1,0,1,-1,1,0,0,0
6291,2026-01-13 12:14:00,4754.0,0,1,2,1,2,0,0,0
6292,2026-01-13 12:21:00,4752.8,1,0,1,-1,1,0,0,0
6293,2026-01-13 12:22:00,4751.5,1,0,1,-1,1,0,0,0
6294,2026-01-13 12:30:00,4750.5,3,0,3,-3,2,0,0,0
6294,2026-01-13 12:30:00,4750.6,1,0,1,-1,1,0,0,0
6294,2026-01-13 12:30:00,4750.8,0,1,1,1,1,0,0,0
6295,2026-01-13 13:07:00,4765.5,1,0,1,-1,1,0,0,0
6295,2026-01-13 13:07:00,4765.6,1,0,1,-1,1,0,0,0
6295,2026-01-13 13:07:00,4766.2,0,0,1,0,1,0,0,0
6295,2026-01-13 13:07:00,4766.3,2,0,3,-2,2,0,0,0
6296,2026-01-13 13:12:00,4772.2,0,1,1,1,1,0,0,0
6297,2026-01-13 13:13:00,4775.3,0,1,1,1,1,0,0,0
6298,2026-01-13 13:14:00,4772.2,0,0,1,0,1,0,0,0
6298,2026-01-13 13:14:00,4774.3,0,0,1,0,1,0,0,0
6298,2026-01-13 13:14:00,4774.7,0,0,1,0,1,0,0,0
6298,2026-01-13 13:14:00,4775.1,0,1,1,1,1,0,0,0
6299,2026-01-13 13:15:00,4773.2,0,0,1,0,1,0,0,0
6300,2026-01-13 13:16:00,4774.6,0,0,1,0,1,0,0,0
6301,2026-01-13 13:21:00,4775.0,0,1,1,1,1,0,0,0
6301,2026-01-13 13:21:00,4775.2,0,0,1,0,1,0,0,0
6302,2026-01-13 13:30:00,4777.2,0,1,1,1,1,0,0,0
6302,2026-01-13 13:30:00,4778.8,0,1,1,1,1,0,0,0
6302,2026-01-13 13:30:00,4779.3,0,0,1,0,1,0,0,0
6303,2026-01-13 13:42:00,4787.8,1,0,1,-1,1,0,0,0
6303,2026-01-13 13:42:00,4787.9,2,0,2,-2,1,0,0,0
6303,2026-01-13 13:42:00,4788.0,1,0,1,-1,1,0,0,0
6303,2026-01-13 13:42:00,4788.3,2,0,2,-2,1,0,0,0
6303,2026-01-13 13:42:00,4788.4,0,1,1,1,1,0,0,0
6303,2026-01-13 13:42:00,4788.7,0,1,1,1,1,0,0,0
6304,2026-01-13 13:44:00,4789.0,0,0,1,0,1,0,0,0
6305,2026-01-13 13:51:00,4787.8,0,0,2,0,2,0,0,0
6305,2026-01-13 13:51:00,4787.9,0,0,1,0,1,0,0,0
6305,2026-01-13 13:51:00,4788.7,0,1,1,1,1,0,0,0
6306,2026-01-13 13:53:00,4783.6,0,0,1,0,1,0,0,0
6307,2026-01-13 13:59:00,4781.4,1,0,1,-1,1,0,0,0
6308,2026-01-13 14:00:00,4781.2,0,0,1,0,1,0,0,0
6309,2026-01-13 14:05:00,4781.2,0,0,2,0,1,0,0,0
6309,2026-01-13 14:05:00,4781.5,0,0,1,0,1,0,0,0
6310,2026-01-13 14:10:00,4784.0,0,0,1,0,1,0,0,0
6311,2026-01-13 14:25:00,4792.0,0,0,3,0,3,0,0,0
6312,2026-01-13 14:28:00,4790.2,0,0,1,0,1,0,0,0
6312,2026-01-13 14:28:00,4791.7,0,0,1,0,1,0,0,0
6313,2026-01-13 14:38:00,4784.8,0,0,1,0,1,0,0,0
6314,2026-01-13 14:44:00,4796.1,0,1,1,1,1,0,0,0
6315,2026-01-13 14:48:00,4803.2,0,0,1,0,1,0,0,0
6315,2026-01-13 14:48:00,4803.3,0,0,1,0,1,0,0,0
6315,2026-01-13 14:48:00,4804.1,0,0,1,0,1,0,0,0
6316,2026-01-13 14:58:00,4801.7,0,1,1,1,1,0,0,0
6317,2026-01-13 15:20:00,4776.3,0,0,1,0,1,0,0,0
6317,2026-01-13 15:20:00,4776.4,1,1,2,0,2,0,0,0
6317,2026-01-13 15:20:00,4776.6,1,0,1,-1,1,0,0,0
6318,2026-01-13 15:21:00,4775.1,0,0,1,0,1,0,0,0
6318,2026-01-13 15:21:00,4776.4,0,0,1,0,1,0,0,0
6319,2026-01-13 15:22:00,4777.6,0,0,1,0,1,0,0,0
6320,2026-01-13 15:27:00,4775.8,1,0,1,-1,1,0,0,0
6320,2026-01-13 15:27:00,4777.0,0,0,1,0,1,0,0,0
6321,2026-01-13 15:28:00,4780.2,0,0,1,0,1,0,0,0
6322,2026-01-13 15:31:00,4780.0,0,0,2,0,2,0,0,0
6323,2026-01-13 16:08:00,4781.1,0,1,1,1,1,0,0,0
6323,2026-01-13 16:08:00,4781.2,0,1,1,1,1,0,0,0
6323,2026-01-13 16:08:00,4781.3,0,1,1,1,1,0,0,0
6324,2026-01-13 16:27:00,4769.1,1,0,1,-1,1,0,0,0
6325,2026-01-13 16:29:00,4767.4,1,0,1,-1,1,0,0,0
6326,2026-01-13 16:47:00,4781.5,0,0,1,0,1,0,0,0
6327,2026-01-13 17:12:00,4780.5,0,0,1,0,1,0,0,0
6328,2026-01-13 17:13:00,4778.3,0,1,1,1,1,0,0,0
6328,2026-01-13 17:13:00,4779.4,0,1,2,1,2,0,0,0
6328,2026-01-13 17:13:00,4779.5,0,2,2,2,1,0,0,0
6329,2026-01-13 17:17:00,4778.5,0,1,1,1,1,0,0,0
6329,2026-01-13 17:17:00,4778.6,0,4,4,4,1,0,0,0
6330,2026-01-13 17:47:00,4773.7,1,0,1,-1,1,0,0,0
6331,2026-01-13 17:48:00,4774.8,0,0,1,0,1,0,0,0
6332,2026-01-13 17:53:00,4767.4,2,0,2,-2,2,0,0,0
6333,2026-01-13 18:00:00,4759.6,0,0,1,0,1,0,0,0
6334,2026-01-13 18:01:00,4759.5,1,0,1,-1,1,0,0,0
6335,2026-01-13 18:03:00,4758.8,1,0,1,-1,1,0,0,0
6336,2026-01-13 18:29:00,4758.8,0,0,1,0,1,0,0,0
6336,2026-01-13 18:29:00,4759.3,0,0,1,0,1,0,0,0
6336,2026-01-13 18:29:00,4760.8,1,0,1,-1,1,0,0,0
6336,2026-01-13 18:29:00,4761.5,0,1,1,1,1,0,0,0
6337,2026-01-13 18:30:00,4760.1,0,0,1,0,1,0,0,0
6338,2026-01-13 18:42:00,4768.2,0,0,1,0,1,0,0,0
6339,2026-01-13 18:43:00,4768.9,0,0,1,0,1,0,0,0
6340,2026-01-13 18:56:00,4766.0,0,0,1,0,1,0,0,0
6341,2026-01-13 19:03:00,4757.0,0,0,1,0,1,0,0,0
6342,2026-01-13 19:43:00,4763.0,1,0,1,-1,1,0,0,0
6342,2026-01-13 19:43:00,4763.6,0,1,1,1,1,0,0,0
6343,2026-01-13 19:51:00,4764.9,1,1,5,0,5,0,0,0
6344,2026-01-13 20:27:00,4757.0,1,0,1,-1,1,0,0,0
6345,2026-01-13 20:28:00,4757.7,1,0,1,-1,1,0,0,0
6346,2026-01-13 20:32:00,4749.9,0,1,1,1,1,0,0,0
6347,2026-01-13 20:38:00,4747.2,0,0,3,0,1,0,0,0
6348,2026-01-13 20:39:00,4747.2,0,0,2,0,1,0,0,0
6349,2026-01-13 20:48:00,4757.6,0,1,1,1,1,0,0,0
6350,2026-01-13 20:49:00,4757.5,0,1,1,1,1,0,0,0
6350,2026-01-13 20:49:00,4757.6,0,1,1,1,1,0,0,0
6351,2026-01-14 00:30:00,4776.9,0,1,1,1,1,0,0,0
6352,2026-01-14 00:35:00,4777.0,0,0,1,0,1,0,0,0
6353,2026-01-14 00:59:00,4777.0,0,0,1,0,1,0,0,0
6354,2026-01-14 01:07:00,4781.6,0,0,1,0,1,0,0,0
6355,2026-01-14 01:21:00,4784.9,0,0,1,0,1,0,0,0
6356,2026-01-14 02:27:00,4790.2,0,0,1,0,1,0,0,0
6356,2026-01-14 02:27:00,4790.5,0,1,1,1,1,0,0,0
6357,2026-01-14 02:30:00,4790.2,1,0,1,-1,1,0,0,0
6358,2026-01-14 02:36:00,4788.2,0,0,2,0,2,0,0,0
6359,2026-01-14 03:15:00,4788.7,0,1,1,1,1,0,0,0
6359,2026-01-14 03:15:00,4789.5,0,3,3,3,1,0,0,0
6359,2026-01-14 03:15:00,4789.6,0,2,2,2,1,0,0,0
6359,2026-01-14 03:15:00,4789.7,0,2,2,2,1,0,0,0
6359,2026-01-14 03:15:00,4790.0,0,1,1,1,1,0,0,0
6359,2026-01-14 03:15:00,4790.1,0,1,1,1,1,0,0,0
6360,2026-01-14 03:42:00,4793.1,0,1,1,1,1,0,0,0
6361,2026-01-14 03:54:00,4796.7,0,1,1,1,1,0,0,0
6361,2026-01-14 03:54:00,4797.7,0,1,1,1,1,0,0,0
6361,2026-01-14 03:54:00,4797.8,0,3,3,3,3,0,0,0
6362,2026-01-14 04:49:00,4799.1,0,1,1,1,1,0,0,0
6363,2026-01-14 04:50:00,4798.2,0,0,1,0,1,0,0,0
6363,2026-01-14 04:50:00,4798.3,0,1,1,1,1,0,0,0
6364,2026-01-14 04:51:00,4799.4,0,1,1,1,1,0,0,0
6365,2026-01-14 04:57:00,4798.1,0,0,2,0,2,0,0,0
6365,2026-01-14 04:57:00,4798.2,0,0,1,0,1,0,0,0
6366,2026-01-14 05:10:00,4804.2,0,6,9,6,7,0,0,0
6367,2026-01-14 05:20:00,4802.5,0,0,1,0,1,0,0,0
6368,2026-01-14 05:34:00,4808.6,0,0,1,0,1,0,0,0
6369,2026-01-14 05:59:00,4788.9,0,0,1,0,1,0,0,0
6370,2026-01-14 06:01:00,4789.5,1,0,1,-1,1,0,0,0
6371,2026-01-14 07:48:00,4803.9,0,0,1,0,1,0,0,0
6372,2026-01-14 07:49:00,4804.1,0,0,1,0,1,0,0,0
6373,2026-01-14 07:52:00,4803.2,0,0,1,0,1,0,0,0
6374,2026-01-14 08:05:00,4799.7,1,0,1,-1,1,0,0,0
6375,2026-01-14 08:08:00,4794.3,2,0,2,-2,2,0,0,0
6375,2026-01-14 08:08:00,4794.5,1,0,1,-1,1,0,0,0
6375,2026-01-14 08:08:00,4794.6,1,0,1,-1,1,0,0,0
6376,2026-01-14 08:09:00,4793.6,1,0,1,-1,1,0,0,0
6377,2026-01-14 08:10:00,4792.2,1,0,2,-1,2,0,0,0
6377,2026-01-14 08:10:00,4794.0,1,0,1,-1,1,0,0,0
6378,2026-01-14 08:21:00,4795.1,1,0,1,-1,1,0,0,0
6379,2026-01-14 08:22:00,4793.8,0,0,1,0,1,0,0,0
6380,2026-01-14 08:23:00,4797.4,0,0,1,0,1,0,0,0
6381,2026-01-14 08:32:00,4794.8,1,0,1,-1,1,0,0,0
6382,2026-01-14 08:49:00,4804.5,1,0,1,-1,1,0,0,0
6383,2026-01-14 08:51:00,4805.1,0,1,1,1,1,0,0,0
6384,2026-01-14 09:01:00,4802.3,0,1,1,1,1,0,0,0
6385,2026-01-14 09:05:00,4803.7,0,1,1,1,1,0,0,0
6385,2026-01-14 09:05:00,4804.7,0,1,1,1,1,0,0,0
6386,2026-01-14 09:54:00,4798.7,0,1,1,1,1,0,0,0
6387,2026-01-14 10:14:00,4799.7,1,0,1,-1,1,0,0,0
6388,2026-01-14 10:47:00,4804.3,0,0,1,0,1,0,0,0
6389,2026-01-14 12:00:00,4802.2,1,0,1,-1,1,0,0,0
6390,2026-01-14 12:59:00,4809.9,0,1,1,1,1,0,0,0
6391,2026-01-14 13:06:00,4802.8,1,0,1,-1,1,0,0,0
6391,2026-01-14 13:06:00,4803.4,0,2,5,2,4,0,0,0
6392,2026-01-14 13:07:00,4802.0,1,0,1,-1,1,0,0,0
6393,2026-01-14 13:09:00,4799.9,1,0,1,-1,1,0,0,0
6393,2026-01-14 13:09:00,4800.7,0,1,1,1,1,0,0,0
6394,2026-01-14 13:11:00,4800.0,0,0,1,0,1,0,0,0
6395,2026-01-14 13:19:00,4799.2,0,0,1,0,1,0,0,0
6396,2026-01-14 13:29:00,4800.0,0,0,1,0,1,0,0,0
6397,2026-01-14 13:42:00,4804.8,0,0,1,0,1,0,0,0
6397,2026-01-14 13:42:00,4805.0,0,0,2,0,1,0,0,0
6398,2026-01-14 13:43:00,4805.6,1,0,1,-1,1,0,0,0
6399,2026-01-14 13:57:00,4805.2,1,0,1,-1,1,0,0,0
6400,2026-01-14 14:04:00,4806.0,0,1,1,1,1,0,0,0
6401,2026-01-14 14:08:00,4799.6,1,0,2,-1,2,0,0,0
6401,2026-01-14 14:08:00,4799.9,0,1,1,1,1,0,0,0
6401,2026-01-14 14:08:00,4800.0,0,4,4,4,4,0,0,0
6402,2026-01-14 14:11:00,4801.1,1,0,1,-1,1,0,0,0
6403,2026-01-14 14:18:00,4801.9,0,1,1,1,1,0,0,0
6403,2026-01-14 14:18:00,4802.0,0,5,5,5,3,0,0,0
6404,2026-01-14 14:19:00,4804.1,0,0,1,0,1,0,0,0
6405,2026-01-14 14:25:00,4805.8,0,1,1,1,1,0,0,0
6405,2026-01-14 14:25:00,4805.9,0,3,3,3,1,0,0,0
6406,2026-01-14 14:30:00,4801.9,1,0,1,-1,1,0,0,0
6407,2026-01-14 14:31:00,4797.9,1,0,1,-1,1,0,0,0
6408,2026-01-14 14:37:00,4796.8,0,0,1,0,1,0,0,0
6409,2026-01-14 14:38:00,4792.6,1,0,1,-1,1,0,0,0
6410,2026-01-14 14:48:00,4783.6,1,0,1,-1,1,0,0,0
6410,2026-01-14 14:48:00,4784.0,0,0,2,0,2,0,0,0
6411,2026-01-14 14:54:00,4786.5,0,0,1,0,1,0,0,0
6412,2026-01-14 15:04:00,4775.4,0,0,1,0,1,0,0,0
6413,2026-01-14 15:10:00,4775.6,0,1,1,1,1,0,0,0
6413,2026-01-14 15:10:00,4775.7,0,3,3,3,1,0,0,0
6413,2026-01-14 15:10:00,4775.8,0,1,1,1,1,0,0,0
6413,2026-01-14 15:10:00,4775.9,0,4,4,4,1,0,0,0
6413,2026-01-14 15:10:00,4776.0,0,1,1,1,1,0,0,0
6414,2026-01-14 15:13:00,4784.0,0,1,1,1,1,0,0,0
6414,2026-01-14 15:13:00,4784.1,0,4,4,4,2,0,0,0
6414,2026-01-14 15:13:00,4784.2,0,2,2,2,2,0,0,0
6414,2026-01-14 15:13:00,4784.3,0,3,3,3,1,0,0,0
6415,2026-01-14 15:17:00,4790.0,0,0,2,0,2,0,0,0
6416,2026-01-14 15:24:00,4790.0,0,0,1,0,1,0,0,0
6417,2026-01-14 15:32:00,4785.9,0,1,1,1,1,0,0,0
6418,2026-01-14 15:49:00,4783.2,0,1,1,1,1,0,0,0
6419,2026-01-14 15:55:00,4786.0,0,0,2,0,2,0,0,0
6420,2026-01-14 16:26:00,4790.0,0,0,2,0,1,0,0,0
6421,2026-01-14 16:40:00,4783.8,1,0,1,-1,1,0,0,0
6422,2026-01-14 16:41:00,4783.6,1,0,1,-1,1,0,0,0
6423,2026-01-14 16:50:00,4780.0,0,0,1,0,1,0,0,0
6424,2026-01-14 16:55:00,4777.6,1,0,1,-1,1,0,0,0
6425,2026-01-14 17:02:00,4787.8,0,1,1,1,1,0,0,0
6425,2026-01-14 17:02:00,4788.2,1,0,1,-1,1,0,0,0
6426,2026-01-14 17:30:00,4777.7,1,0,1,-1,1,0,0,0
6427,2026-01-14 17:32:00,4777.4,1,0,1,-1,1,0,0,0
6428,2026-01-14 17:33:00,4776.3,0,0,1,0,1,0,0,0
6429,2026-01-14 18:15:00,4793.0,1,0,1,-1,1,0,0,0
6429,2026-01-14 18:15:00,4793.5,0,1,1,1,1,0,0,0
6430,2026-01-14 18:29:00,4799.8,0,1,1,1,1,0,0,0
6431,2026-01-14 18:35:00,4800.0,0,0,1,0,1,0,0,0
6432,2026-01-14 18:41:00,4801.2,0,0,1,0,1,0,0,0
6433,2026-01-14 19:01:00,4811.0,0,0,1,0,1,0,0,0
6434,2026-01-14 19:02:00,4813.0,0,0,2,0,1,0,0,0
6434,2026-01-14 19:02:00,4813.4,0,1,1,1,1,0,0,0
6435,2026-01-14 19:10:00,4806.5,0,0,1,0,1,0,0,0
6436,2026-01-14 20:00:00,4810.0,0,0,2,0,1,0,0,0
6437,2026-01-14 21:50:00,4791.8,0,0,1,0,1,0,0,0
6437,2026-01-14 21:50:00,4792.9,0,0,1,0,1,0,0,0
6438,2026-01-14 23:07:00,4782.6,0,0,1,0,1,0,0,0
6439,2026-01-14 23:19:00,4777.4,1,0,1,-1,1,0,0,0
6440,2026-01-14 23:31:00,4779.2,0,1,5,1,5,0,0,0
6441,2026-01-14 23:36:00,4779.5,0,1,1,1,1,0,0,0
6442,2026-01-15 00:55:00,4783.0,0,1,1,1,1,0,0,0
6443,2026-01-15 01:31:00,4754.3,0,0,1,0,1,0,0,0
6444,2026-01-15 01:32:00,4750.0,0,0,1,0,1,0,0,0
6444,2026-01-15 01:32:00,4750.2,1,0,1,-1,1,0,0,0
6444,2026-01-15 01:32:00,4750.3,2,0,2,-2,2,0,0,0
6444,2026-01-15 01:32:00,4750.6,2,0,2,-2,1,0,0,0
6444,2026-01-15 01:32:00,4750.7,2,0,2,-2,1,0,0,0
6445,2026-01-15 02:07:00,4775.0,0,0,1,0,1,0,0,0
6446,2026-01-15 02:16:00,4779.9,0,1,1,1,1,0,0,0
6446,2026-01-15 02:16:00,4780.0,0,1,1,1,1,0,0,0
6446,2026-01-15 02:16:00,4780.2,0,1,1,1,1,0,0,0
6447,2026-01-15 02:26:00,4776.4,0,0,1,0,1,0,0,0
6448,2026-01-15 02:48:00,4769.0,1,0,1,-1,1,0,0,0
6448,2026-01-15 02:48:00,4769.1,1,0,1,-1,1,0,0,0
6448,2026-01-15 02:48:00,4769.3,1,0,1,-1,1,0,0,0
6449,2026-01-15 03:20:00,4753.9,0,0,1,0,1,0,0,0
6450,2026-01-15 05:05:00,4756.5,1,0,1,-1,1,0,0,0
6451,2026-01-15 05:13:00,4754.8,0,1,1,1,1,0,0,0
6452,2026-01-15 05:15:00,4751.2,1,0,1,-1,1,0,0,0
6453,2026-01-15 05:31:00,4756.4,0,2,2,2,1,0,0,0
6453,2026-01-15 05:31:00,4756.5,0,2,3,2,2,0,0,0
6454,2026-01-15 05:33:00,4753.4,0,0,1,0,1,0,0,0
6455,2026-01-15 05:35:00,4747.3,1,0,1,-1,1,0,0,0
6455,2026-01-15 05:35:00,4748.9,1,0,1,-1,1,0,0,0
6456,2026-01-15 05:50:00,4757.6,0,1,1,1,1,0,0,0
6456,2026-01-15 05:50:00,4757.7,0,1,1,1,1,0,0,0
6456,2026-01-15 05:50:00,4757.9,0,2,2,2,1,0,0,0
6456,2026-01-15 05:50:00,4758.0,0,1,1,1,1,0,0,0
6457,2026-01-15 06:50:00,4777.2,0,1,1,1,1,0,0,0
6458,2026-01-15 07:53:00,4769.4,0,0,1,0,1,0,0,0
6459,2026-01-15 08:00:00,4770.0,0,0,1,0,1,0,0,0
6460,2026-01-15 08:08:00,4770.0,0,0,1,0,1,0,0,0
6461,2026-01-15 08:24:00,4769.5,0,2,10,2,8,0,0,0
6462,2026-01-15 08:28:00,4768.0,0,1,7,1,5,0,0,0
6463,2026-01-15 08:29:00,4768.0,0,0,3,0,1,0,0,0
6464,2026-01-15 08:32:00,4765.2,1,0,1,-1,1,0,0,0
6465,2026-01-15 08:53:00,4770.0,0,1,1,1,1,0,0,0
6466,2026-01-15 08:59:00,4771.5,0,0,7,0,6,0,0,0
6467,2026-01-15 09:15:00,4768.5,2,0,2,-2,1,0,0,0
6467,2026-01-15 09:15:00,4768.6,1,0,1,-1,1,0,0,0
6468,2026-01-15 10:18:00,4781.1,0,1,1,1,1,0,0,0
6469,2026-01-15 10:24:00,4782.3,0,1,1,1,1,0,0,0
6470,2026-01-15 10:36:00,4782.8,0,1,1,1,1,0,0,0
6471,2026-01-15 11:35:00,4789.9,0,1,1,1,1,0,0,0
6472,2026-01-15 12:39:00,4784.0,1,0,1,-1,1,0,0,0
6473,2026-01-15 12:40:00,4783.5,3,1,4,-2,2,0,0,0
6474,2026-01-15 12:41:00,4783.8,0,0,1,0,1,0,0,0
6475,2026-01-15 13:21:00,4776.2,0,0,1,0,1,0,0,0
6475,2026-01-15 13:21:00,4776.4,0,1,1,1,1,0,0,0
6475,2026-01-15 13:21:00,4776.5,0,1,1,1,1,0,0,0
6475,2026-01-15 13:21:00,4776.6,0,1,1,1,1,0,0,0
6475,2026-01-15 13:21:00,4776.7,0,2,2,2,1,0,0,0
6476,2026-01-15 13:33:00,4760.6,2,0,2,-2,2,0,0,0
6477,2026-01-15 13:37:00,4758.0,2,0,2,-2,2,0,0,0
6478,2026-01-15 13:38:00,4759.9,0,0,1,0,1,0,0,0
6479,2026-01-15 13:43:00,4755.9,1,0,1,-1,1,0,0,0
6480,2026-01-15 13:47:00,4751.3,1,0,1,-1,1,0,0,0
6481,2026-01-15 14:33:00,4777.1,0,0,1,0,1,0,0,0
6481,2026-01-15 14:33:00,4777.3,1,0,1,-1,1,0,0,0
6481,2026-01-15 14:33:00,4777.6,0,0,1,0,1,0,0,0
6482,2026-01-15 15:01:00,4777.9,0,0,1,0,1,0,0,0
6483,2026-01-15 15:02:00,4779.1,0,0,1,0,1,0,0,0
6483,2026-01-15 15:02:00,4779.9,0,0,1,0,1,0,0,0
6483,2026-01-15 15:02:00,4780.0,0,0,1,0,1,0,0,0
6484,2026-01-15 15:03:00,4782.0,0,1,1,1,1,0,0,0
6485,2026-01-15 15:04:00,4782.7,0,1,1,1,1,0,0,0
6486,2026-01-15 16:21:00,4787.4,0,0,1,0,1,0,0,0
6487,2026-01-15 16:47:00,4771.6,0,0,1,0,1,0,0,0
6487,2026-01-15 16:47:00,4772.7,0,0,1,0,1,0,0,0
6488,2026-01-15 16:57:00,4774.2,0,0,1,0,1,0,0,0
6489,2026-01-15 17:03:00,4776.9,0,0,1,0,1,0,0,0
6490,2026-01-15 18:22:00,4788.0,0,0,1,0,1,0,0,0
6491,2026-01-15 18:23:00,4788.0,0,0,1,0,1,0,0,0
6491,2026-01-15 18:23:00,4788.3,0,2,2,2,2,0,0,0
6491,2026-01-15 18:23:00,4788.6,0,1,3,1,3,0,0,0
6491,2026-01-15 18:23:00,4788.7,0,0,1,0,1,0,0,0
6492,2026-01-15 18:24:00,4787.6,0,1,1,1,1,0,0,0
6492,2026-01-15 18:24:00,4788.0,0,1,1,1,1,0,0,0
6492,2026-01-15 18:24:00,4788.1,0,1,1,1,1,0,0,0
6493,2026-01-15 18:29:00,4787.6,0,0,1,0,1,0,0,0
6493,2026-01-15 18:29:00,4787.8,0,1,1,1,1,0,0,0
6493,2026-01-15 18:29:00,4787.9,2,1,7,-1,7,0,0,0
6493,2026-01-15 18:29:00,4788.0,0,1,1,1,1,0,0,0
6494,2026-01-15 18:30:00,4787.1,0,0,2,0,2,0,0,0
6495,2026-01-15 18:35:00,4786.4,0,1,1,1,1,0,0,0
6496,2026-01-15 18:48:00,4788.6,0,1,1,1,1,0,0,0
6497,2026-01-15 19:34:00,4785.7,0,0,2,0,1,0,0,0
6498,2026-01-15 19:54:00,4783.0,1,0,1,-1,1,0,0,0
6499,2026-01-15 20:04:00,4780.8,0,3,3,3,1,0,0,0
6500,2026-01-15 20:05:00,4781.2,0,1,1,1,1,0,0,0
6501,2026-01-15 20:07:00,4780.0,0,0,1,0,1,0,0,0
6502,2026-01-15 20:10:00,4773.2,0,1,1,1,1,0,0,0
6502,2026-01-15 20:10:00,4773.3,0,4,4,4,1,0,0,0
6502,2026-01-15 20:10:00,4773.4,0,2,2,2,1,0,0,0
6502,2026-01-15 20:10:00,4773.5,0,10,10,10,3,0,0,0
6502,2026-01-15 20:10:00,4773.6,0,4,4,4,2,0,0,0
6502,2026-01-15 20:10:00,4773.7,0,2,2,2,1,0,0,0
6503,2026-01-15 20:17:00,4770.0,0,0,1,0,1,0,0,0
6503,2026-01-15 20:17:00,4770.9,1,0,1,-1,1,0,0,0
6504,2026-01-15 20:21:00,4769.1,1,0,1,-1,1,0,0,0
6505,2026-01-15 21:01:00,4774.8,1,0,1,-1,1,0,0,0
6506,2026-01-15 21:15:00,4780.0,0,1,2,1,2,0,0,0
6507,2026-01-15 21:52:00,4781.6,1,0,1,-1,1,0,0,0
6507,2026-01-15 21:52:00,4781.8,2,0,2,-2,1,0,0,0
6507,2026-01-15 21:52:00,4781.9,2,0,2,-2,2,0,0,0
6507,2026-01-15 21:52:00,4782.0,6,0,6,-6,3,0,0,0
6507,2026-01-15 21:52:00,4782.1,5,0,5,-5,1,0,0,0
6507,2026-01-15 21:52:00,4782.2,1,0,1,-1,1,0,0,0
6507,2026-01-15 21:52:00,4782.3,3,0,3,-3,2,0,0,0
6507,2026-01-15 21:52:00,4782.4,1,0,1,-1,1,0,0,0
6507,2026-01-15 21:52:00,4782.5,2,0,2,-2,1,0,0,0
6508,2026-01-15 23:04:00,4786.9,0,0,1,0,1,0,0,0
6509,2026-01-15 23:29:00,4777.0,1,0,1,-1,1,0,0,0
6510,2026-01-16 02:01:00,4767.6,1,0,1,-1,1,0,0,0
6511,2026-01-16 02:12:00,4765.3,1,0,1,-1,1,0,0,0
6511,2026-01-16 02:12:00,4766.9,1,0,1,-1,1,0,0,0
6512,2026-01-16 02:13:00,4765.3,1,0,1,-1,1,0,0,0
6513,2026-01-16 02:28:00,4766.4,1,0,1,-1,1,0,0,0
6514,2026-01-16 02:35:00,4759.8,2,0,2,-2,2,0,0,0
6514,2026-01-16 02:35:00,4760.0,0,0,1,0,1,0,0,0
6515,2026-01-16 02:41:00,4762.6,0,2,2,2,1,0,0,0
6516,2026-01-16 03:25:00,4763.4,1,0,1,-1,1,0,0,0
6517,2026-01-16 05:30:00,4767.7,1,0,1,-1,1,0,0,0
6518,2026-01-16 05:32:00,4763.1,1,0,1,-1,1,0,0,0
6519,2026-01-16 05:51:00,4780.4,0,1,1,1,1,0,0,0
6520,2026-01-16 05:55:00,4782.1,0,1,1,1,1,0,0,0
6521,2026-01-16 06:59:00,4766.0,0,0,1,0,1,0,0,0
6522,2026-01-16 08:01:00,4776.0,0,0,15,0,6,0,0,0
6523,2026-01-16 08:06:00,4776.0,0,0,15,0,6,0,0,0
6524,2026-01-16 08:24:00,4776.9,0,1,1,1,1,0,0,0
6525,2026-01-16 09:01:00,4769.9,1,0,1,-1,1,0,0,0
6526,2026-01-16 09:05:00,4774.8,0,1,1,1,1,0,0,0
6527,2026-01-16 09:24:00,4768.1,1,0,1,-1,1,0,0,0
6528,2026-01-16 10:24:00,4777.2,0,0,1,0,1,0,0,0
6529,2026-01-16 10:45:00,4774.8,1,0,1,-1,1,0,0,0
6530,2026-01-16 10:54:00,4771.9,0,1,1,1,1,0,0,0
6531,2026-01-16 10:57:00,4768.4,1,0,1,-1,1,0,0,0
6532,2026-01-16 11:00:00,4766.5,1,0,1,-1,1,0,0,0
6533,2026-01-16 11:02:00,4766.3,0,0,1,0,1,0,0,0
6533,2026-01-16 11:02:00,4766.9,0,0,1,0,1,0,0,0
6534,2026-01-16 11:06:00,4768.0,0,0,1,0,1,0,0,0
6535,2026-01-16 13:16:00,4760.8,1,0,1,-1,1,0,0,0
6536,2026-01-16 13:34:00,4762.0,0,0,1,0,1,0,0,0
6537,2026-01-16 13:39:00,4757.8,1,0,1,-1,1,0,0,0
6538,2026-01-16 14:04:00,4769.8,1,0,1,-1,1,0,0,0
6538,2026-01-16 14:04:00,4770.0,0,0,1,0,1,0,0,0
6538,2026-01-16 14:04:00,4770.5,1,0,1,-1,1,0,0,0
6539,2026-01-16 14:12:00,4775.0,0,0,11,0,8,0,0,0
6539,2026-01-16 14:12:00,4775.5,0,1,1,1,1,0,0,0
6539,2026-01-16 14:12:00,4775.6,0,1,1,1,1,0,0,0
6540,2026-01-16 14:37:00,4777.6,0,0,1,0,1,0,0,0
6541,2026-01-16 14:41:00,4773.6,0,0,1,0,1,0,0,0
6542,2026-01-16 14:47:00,4780.0,0,1,10,1,7,0,0,0
6542,2026-01-16 14:47:00,4780.4,0,1,1,1,1,0,0,0
6543,2026-01-16 14:58:00,4775.9,0,0,1,0,1,0,0,0
6544,2026-01-16 15:05:00,4786.0,0,0,1,0,1,0,0,0
6545,2026-01-16 15:07:00,4786.7,1,0,1,-1,1,0,0,0
6546,2026-01-16 15:08:00,4786.1,0,1,1,1,1,0,0,0
6547,2026-01-16 15:12:00,4786.0,0,1,1,1,1,0,0,0
6548,2026-01-16 15:14:00,4784.2,0,0,1,0,1,0,0,0
6549,2026-01-16 15:26:00,4749.3,3,0,3,-3,2,0,0,0
6549,2026-01-16 15:26:00,4750.0,0,0,1,0,1,0,0,0
6550,2026-01-16 15:28:00,4739.2,5,0,5,-5,1,0,0,0
6550,2026-01-16 15:28:00,4739.4,4,0,4,-4,1,0,0,0
6550,2026-01-16 15:28:00,4739.6,2,0,2,-2,2,0,0,0
6550,2026-01-16 15:28:00,4739.8,1,0,1,-1,1,0,0,0
6551,2026-01-16 15:30:00,4728.0,0,0,1,0,1,0,0,0
6552,2026-01-16 15:31:00,4726.7,0,0,1,0,1,0,0,0
6552,2026-01-16 15:31:00,4729.5,0,0,1,0,1,0,0,0
6553,2026-01-16 15:50:00,4732.4,1,0,1,-1,1,0,0,0
6554,2026-01-16 15:53:00,4730.2,0,1,1,1,1,0,0,0
6555,2026-01-16 15:58:00,4736.3,0,0,1,0,1,0,0,0
6556,2026-01-16 16:04:00,4743.3,0,1,1,1,1,0,0,0
6557,2026-01-16 16:06:00,4746.5,0,0,1,0,1,0,0,0
6557,2026-01-16 16:06:00,4750.3,0,0,1,0,1,0,0,0
6558,2026-01-16 16:12:00,4750.5,0,0,1,0,1,0,0,0
6559,2026-01-16 16:21:00,4761.5,0,1,1,1,1,0,0,0
6560,2026-01-16 16:31:00,4759.5,0,0,1,0,1,0,0,0
6561,2026-01-16 16:49:00,4755.4,0,0,1,0,1,0,0,0
6562,2026-01-16 18:23:00,4759.0,0,0,1,0,1,0,0,0
6563,2026-01-16 18:29:00,4758.6,0,0,1,0,1,0,0,0
6563,2026-01-16 18:29:00,4758.8,0,1,1,1,1,0,0,0
6563,2026-01-16 18:29:00,4758.9,0,0,1,0,1,0,0,0
6563,2026-01-16 18:29:00,4759.0,0,2,2,2,1,0,0,0
6563,2026-01-16 18:29:00,4759.1,0,2,5,2,4,0,0,0
6563,2026-01-16 18:29:00,4759.2,1,1,2,0,2,0,0,0
6563,2026-01-16 18:29:00,4759.3,0,2,2,2,1,0,0,0
6563,2026-01-16 18:29:00,4759.4,0,3,3,3,2,0,0,0
6563,2026-01-16 18:29:00,4759.5,0,1,1,1,1,0,0,0
6563,2026-01-16 18:29:00,4759.6,0,3,3,3,2,0,0,0
6563,2026-01-16 18:29:00,4759.7,0,2,3,2,2,0,0,0
6563,2026-01-16 18:29:00,4759.9,0,0,2,0,2,0,0,0
6563,2026-01-16 18:29:00,4760.2,0,0,1,0,1,0,0,0
6564,2026-01-16 18:30:00,4759.4,0,0,2,0,2,0,0,0
6564,2026-01-16 18:30:00,4759.6,0,0,1,0,1,0,0,0
6565,2026-01-16 18:31:00,4758.3,0,1,1,1,1,0,0,0
6566,2026-01-16 18:33:00,4764.2,0,1,1,1,1,0,0,0
6567,2026-01-16 19:41:00,4759.4,0,1,1,1,1,0,0,0
6568,2026-01-16 20:12:00,4761.3,0,0,1,0,1,0,0,0
6569,2026-01-16 20:55:00,4755.1,1,0,1,-1,1,0,0,0
6570,2026-01-16 21:16:00,4756.7,0,1,1,1,1,0,0,0
6571,2026-01-16 21:21:00,4764.6,0,1,1,1,1,0,0,0
6571,2026-01-16 21:21:00,4764.8,0,2,2,2,1,0,0,0
6571,2026-01-16 21:21:00,4764.9,0,3,3,3,2,0,0,0
6572,2026-01-16 21:49:00,4762.7,1,0,1,-1,1,0,0,0
6573,2026-01-18 23:00:00,4801.3,0,0,1,0,1,0,0,0
6573,2026-01-18 23:00:00,4804.5,0,1,1,1,1,0,0,0
6574,2026-01-18 23:02:00,4811.3,0,1,1,1,1,0,0,0
6575,2026-01-18 23:05:00,4822.8,0,1,1,1,1,0,0,0
6576,2026-01-18 23:11:00,4827.5,1,0,1,-1,1,0,0,0
6577,2026-01-18 23:12:00,4827.5,0,0,1,0,1,0,0,0
6578,2026-01-18 23:26:00,4848.9,0,1,1,1,1,0,0,0
6578,2026-01-18 23:26:00,4849.1,1,0,1,-1,1,0,0,0
6579,2026-01-18 23:29:00,4847.8,1,0,1,-1,1,0,0,0
6579,2026-01-18 23:29:00,4850.0,0,1,1,1,1,0,0,0
6580,2026-01-18 23:35:00,4848.0,0,0,1,0,1,0,0,0
6581,2026-01-18 23:40:00,4844.6,1,0,1,-1,1,0,0,0
6581,2026-01-18 23:40:00,4845.0,1,0,1,-1,1,0,0,0
6581,2026-01-18 23:40:00,4845.3,2,0,2,-2,1,0,0,0
6582,2026-01-18 23:49:00,4839.5,0,1,1,1,1,0,0,0
6583,2026-01-18 23:50:00,4839.0,0,0,1,0,1,0,0,0
6584,2026-01-18 23:51:00,4843.0,0,0,1,0,1,0,0,0
6585,2026-01-18 23:59:00,4846.6,1,0,1,-1,1,0,0,0
6585,2026-01-18 23:59:00,4846.7,2,0,2,-2,1,0,0,0
6586,2026-01-19 00:00:00,4841.6,1,0,1,-1,1,0,0,0
6586,2026-01-19 00:00:00,4841.7,1,0,1,-1,1,0,0,0
6586,2026-01-19 00:00:00,4843.7,1,0,1,-1,1,0,0,0
6587,2026-01-19 00:01:00,4842.1,1,0,1,-1,1,0,0,0
6588,2026-01-19 00:12:00,4841.0,0,0,1,0,1,0,0,0
6589,2026-01-19 00:18:00,4837.0,0,0,2,0,1,0,0,0
6589,2026-01-19 00:18:00,4838.0,0,0,3,0,1,0,0,0
6590,2026-01-19 00:34:00,4850.0,0,0,6,0,2,0,0,0
6591,2026-01-19 00:38:00,4850.0,0,0,4,0,3,0,0,0
6592,2026-01-19 00:46:00,4848.9,2,0,2,-2,1,0,0,0
6593,2026-01-19 00:59:00,4849.0,0,0,2,0,2,0,0,0
6594,2026-01-19 01:02:00,4846.8,0,0,1,0,1,0,0,0
6595,2026-01-19 01:03:00,4846.2,0,0,1,0,1,0,0,0
6596,2026-01-19 01:10:00,4842.3,0,0,1,0,1,0,0,0
6596,2026-01-19 01:10:00,4843.5,1,0,1,-1,1,0,0,0
6597,2026-01-19 01:12:00,4837.9,0,0,2,0,2,0,0,0
6598,2026-01-19 01:14:00,4835.4,1,0,1,-1,1,0,0,0
6599,2026-01-19 01:16:00,4834.5,0,0,1,0,1,0,0,0
6600,2026-01-19 01:39:00,4829.3,1,0,1,-1,1,0,0,0
6600,2026-01-19 01:39:00,4829.4,1,0,1,-1,1,0,0,0
6601,2026-01-19 01:47:00,4832.2,0,0,1,0,1,0,0,0
6602,2026-01-19 01:55:00,4834.0,0,0,1,0,1,0,0,0
6603,2026-01-19 02:00:00,4830.0,1,0,1,-1,1,0,0,0
6604,2026-01-19 02:01:00,4825.8,1,0,1,-1,1,0,0,0
6604,2026-01-19 02:01:00,4828.7,1,0,1,-1,1,0,0,0
6605,2026-01-19 02:02:00,4828.5,0,0,1,0,1,0,0,0
6606,2026-01-19 02:03:00,4827.4,1,0,1,-1,1,0,0,0
6606,2026-01-19 02:03:00,4828.2,0,1,1,1,1,0,0,0
6607,2026-01-19 02:10:00,4835.4,1,0,1,-1,1,0,0,0
6608,2026-01-19 02:21:00,4829.3,1,0,1,-1,1,0,0,0
6609,2026-01-19 02:23:00,4831.0,1,0,1,-1,1,0,0,0
6610,2026-01-19 02:27:00,4831.7,0,1,1,1,1,0,0,0
6611,2026-01-19 02:30:00,4833.0,0,0,1,0,1,0,0,0
6612,2026-01-19 02:42:00,4829.5,1,0,1,-1,1,0,0,0
6613,2026-01-19 03:51:00,4831.5,1,0,1,-1,1,0,0,0
6614,2026-01-19 04:25:00,4834.0,1,0,1,-1,1,0,0,0
6614,2026-01-19 04:25:00,4834.1,1,0,1,-1,1,0,0,0
6615,2026-01-19 04:29:00,4835.1,1,0,1,-1,1,0,0,0
6616,2026-01-19 04:53:00,4836.8,0,1,1,1,1,0,0,0
6616,2026-01-19 04:53:00,4837.0,0,0,1,0,1,0,0,0
6617,2026-01-19 05:31:00,4843.8,0,1,1,1,1,0,0,0
6618,2026-01-19 05:33:00,4844.6,0,1,1,1,1,0,0,0
6619,2026-01-19 05:44:00,4835.4,1,0,1,-1,1,0,0,0
6620,2026-01-19 06:42:00,4843.0,0,0,1,0,1,0,0,0
6621,2026-01-19 07:14:00,4838.7,1,0,1,-1,1,0,0,0
6621,2026-01-19 07:14:00,4839.0,0,0,2,0,1,0,0,0
6622,2026-01-19 09:00:00,4833.0,0,0,2,0,1,0,0,0
6623,2026-01-19 09:32:00,4836.0,0,0,2,0,2,0,0,0
6624,2026-01-19 10:30:00,4834.2,1,0,1,-1,1,0,0,0
6625,2026-01-19 11:19:00,4832.7,0,2,2,2,1,0,0,0
6625,2026-01-19 11:19:00,4832.8,0,0,1,0,1,0,0,0
6626,2026-01-19 11:27:00,4835.6,0,0,2,0,2,0,0,0
6627,2026-01-19 11:39:00,4834.0,0,0,2,0,2,0,0,0
6628,2026-01-19 11:56:00,4831.3,1,0,1,-1,1,0,0,0
6629,2026-01-19 12:31:00,4843.0,0,0,2,0,2,0,0,0
6630,2026-01-19 13:06:00,4840.2,0,0,1,0,1,0,0,0
6631,2026-01-19 13:26:00,4840.7,0,0,1,0,1,0,0,0
6632,2026-01-19 13:41:00,4840.0,0,0,1,0,1,0,0,0
6633,2026-01-19 13:55:00,4835.1,0,0,1,0,1,0,0,0
6634,2026-01-19 14:03:00,4835.0,3,0,3,-3,3,0,0,0
6635,2026-01-19 14:10:00,4832.5,1,0,1,-1,1,0,0,0
6636,2026-01-19 14:31:00,4840.1,0,0,1,0,1,0,0,0
6637,2026-01-19 14:38:00,4834.8,1,0,1,-1,1,0,0,0
6638,2026-01-19 15:04:00,4839.5,0,0,1,0,1,0,0,0
6639,2026-01-19 15:34:00,4837.9,0,1,1,1,1,0,0,0
6639,2026-01-19 15:34:00,4838.0,0,1,1,1,1,0,0,0
6640,2026-01-19 15:41:00,4841.0,0,0,1,0,1,0,0,0
6640,2026-01-19 15:41:00,4842.6,0,1,1,1,1,0,0,0
6641,2026-01-19 15:54:00,4845.0,0,1,2,1,2,0,0,0
6642,2026-01-19 15:59:00,4846.4,0,0,1,0,1,0,0,0
6643,2026-01-19 16:01:00,4845.3,0,0,1,0,1,0,0,0
6644,2026-01-19 16:07:00,4842.6,0,0,1,0,1,0,0,0
6645,2026-01-19 16:15:00,4843.7,0,2,2,2,1,0,0,0
6645,2026-01-19 16:15:00,4843.8,3,0,3,-3,1,0,0,0
6646,2026-01-19 16:58:00,4843.8,0,0,2,0,2,0,0,0
6647,2026-01-19 17:43:00,4846.7,0,1,1,1,1,0,0,0
6648,2026-01-19 17:45:00,4848.0,0,1,1,1,1,0,0,0
6649,2026-01-19 17:50:00,4847.4,0,1,1,1,1,0,0,0
6650,2026-01-19 17:53:00,4849.1,0,1,1,1,1,0,0,0
6651,2026-01-19 18:04:00,4845.0,1,0,1,-1,1,0,0,0
6651,2026-01-19 18:04:00,4845.2,1,0,1,-1,1,0,0,0
6652,2026-01-19 18:08:00,4845.7,0,0,1,0,1,0,0,0
6653,2026-01-19 18:17:00,4848.2,0,0,1,0,1,0,0,0
6654,2026-01-19 18:25:00,4850.0,0,0,2,0,2,0,0,0
6655,2026-01-19 23:00:00,4844.3,0,1,1,1,1,0,0,0
6656,2026-01-19 23:49:00,4837.6,1,0,1,-1,1,0,0,0
6657,2026-01-20 02:26:00,4840.9,0,1,1,1,1,0,0,0
6658,2026-01-20 02:28:00,4843.6,0,1,1,1,1,0,0,0
6659,2026-01-20 02:29:00,4843.1,0,1,1,1,1,0,0,0
6660,2026-01-20 02:31:00,4844.3,0,1,1,1,1,0,0,0
6661,2026-01-20 02:37:00,4844.1,0,1,1,1,1,0,0,0
6662,2026-01-20 03:29:00,4843.4,1,0,1,-1,1,0,0,0
6662,2026-01-20 03:29:00,4844.1,0,1,1,1,1,0,0,0
6663,2026-01-20 03:32:00,4845.1,0,1,1,1,1,0,0,0
6664,2026-01-20 04:24:00,4855.0,0,0,2,0,2,0,0,0
6665,2026-01-20 04:29:00,4858.3,0,1,1,1,1,0,0,0
6666,2026-01-20 04:38:00,4862.0,0,0,2,0,2,0,0,0
6666,2026-01-20 04:38:00,4862.1,0,0,1,0,1,0,0,0
6666,2026-01-20 04:38:00,4862.4,0,1,1,1,1,0,0,0
6666,2026-01-20 04:38:00,4862.5,0,1,1,1,1,0,0,0
6667,2026-01-20 04:39:00,4861.7,0,1,1,1,1,0,0,0
6667,2026-01-20 04:39:00,4861.8,0,1,1,1,1,0,0,0
6667,2026-01-20 04:39:00,4862.2,0,1,1,1,1,0,0,0
6668,2026-01-20 04:59:00,4868.0,0,1,2,1,2,0,0,0
6669,2026-01-20 05:51:00,4880.0,0,0,1,0,1,0,0,0
6670,2026-01-20 06:11:00,4884.6,1,0,1,-1,1,0,0,0
6671,2026-01-20 06:37:00,4879.0,0,0,1,0,1,0,0,0
6672,2026-01-20 07:24:00,4892.0,0,0,1,0,1,0,0,0
6673,2026-01-20 08:16:00,4895.0,1,0,1,-1,1,0,0,0
6674,2026-01-20 08:38:00,4892.4,0,1,1,1,1,0,0,0
6675,2026-01-20 08:40:00,4893.8,0,1,1,1,1,0,0,0
6676,2026-01-20 08:41:00,4894.9,0,1,1,1,1,0,0,0
6677,2026-01-20 08:43:00,4895.6,0,2,2,2,2,0,0,0
6678,2026-01-20 08:57:00,4903.0,0,0,1,0,1,0,0,0
6679,2026-01-20 09:16:00,4894.5,0,0,1,0,1,0,0,0
6680,2026-01-20 09:20:00,4896.3,0,0,1,0,1,0,0,0
6681,2026-01-20 09:22:00,4899.8,0,1,1,1,1,0,0,0
6682,2026-01-20 10:00:00,4903.8,0,0,1,0,1,0,0,0
6683,2026-01-20 10:35:00,4899.0,0,1,1,1,1,0,0,0
6684,2026-01-20 10:58:00,4899.0,0,0,1,0,1,0,0,0
6685,2026-01-20 11:27:00,4900.1,0,1,1,1,1,0,0,0
6686,2026-01-20 12:26:00,4900.0,0,0,1,0,1,0,0,0
6687,2026-01-20 12:33:00,4900.0,0,0,2,0,1,0,0,0
6688,2026-01-20 13:04:00,4895.5,0,0,1,0,1,0,0,0
6689,2026-01-20 13:05:00,4896.7,0,1,1,1,1,0,0,0
6690,2026-01-20 13:21:00,4890.0,0,0,1,0,1,0,0,0
6691,2026-01-20 13:33:00,4887.2,1,0,1,-1,1,0,0,0
6691,2026-01-20 13:33:00,4887.9,0,0,1,0,1,0,0,0
6692,2026-01-20 13:49:00,4901.9,0,1,1,1,1,0,0,0
6692,2026-01-20 13:49:00,4902.0,0,2,2,2,1,0,0,0
6692,2026-01-20 13:49:00,4902.1,0,2,2,2,1,0,0,0
6692,2026-01-20 13:49:00,4902.7,0,0,1,0,1,0,0,0
6693,2026-01-20 14:00:00,4911.7,0,1,1,1,1,0,0,0
6693,2026-01-20 14:00:00,4912.0,0,0,2,0,2,0,0,0
6693,2026-01-20 14:00:00,4912.1,0,0,1,0,1,0,0,0
6694,2026-01-20 14:01:00,4914.1,0,0,1,0,1,0,0,0
6695,2026-01-20 14:03:00,4920.4,0,2,2,2,1,0,0,0
6696,2026-01-20 14:04:00,4916.0,0,0,2,0,1,0,0,0
6697,2026-01-20 14:07:00,4906.3,0,1,1,1,1,0,0,0
6698,2026-01-20 14:12:00,4914.0,0,0,1,0,1,0,0,0
6698,2026-01-20 14:12:00,4914.1,0,1,1,1,1,0,0,0
6699,2026-01-20 14:13:00,4914.0,0,0,1,0,1,0,0,0
6700,2026-01-20 14:15:00,4915.2,0,1,1,1,1,0,0,0
6701,2026-01-20 14:28:00,4920.7,0,1,1,1,1,0,0,0
6702,2026-01-20 14:31:00,4910.0,0,0,2,0,1,0,0,0
6703,2026-01-20 14:32:00,4913.6,0,0,1,0,1,0,0,0
6704,2026-01-20 14:35:00,4903.9,0,0,1,0,1,0,0,0
6705,2026-01-20 14:36:00,4902.0,1,0,1,-1,1,0,0,0
6706,2026-01-20 14:43:00,4911.2,0,1,1,1,1,0,0,0
6707,2026-01-20 14:56:00,4910.6,1,0,1,-1,1,0,0,0
6708,2026-01-20 15:02:00,4916.0,0,0,2,0,2,0,0,0
6708,2026-01-20 15:02:00,4916.4,0,1,1,1,1,0,0,0
6709,2026-01-20 15:05:00,4917.5,0,0,1,0,1,0,0,0
6710,2026-01-20 15:07:00,4915.5,0,0,1,0,1,0,0,0
6711,2026-01-20 15:08:00,4919.7,0,0,1,0,1,0,0,0
6712,2026-01-20 15:09:00,4916.0,0,0,1,0,1,0,0,0
6713,2026-01-20 15:11:00,4915.4,0,0,1,0,1,0,0,0
6714,2026-01-20 15:12:00,4913.9,0,0,1,0,1,0,0,0
6714,2026-01-20 15:12:00,4914.7,0,0,1,0,1,0,0,0
6715,2026-01-20 15:13:00,4916.4,0,0,1,0,1,0,0,0
6716,2026-01-20 15:14:00,4915.5,0,0,1,0,1,0,0,0
6717,2026-01-20 15:15:00,4911.9,0,0,1,0,1,0,0,0
6718,2026-01-20 15:17:00,4910.1,0,0,1,0,1,0,0,0
6719,2026-01-20 15:19:00,4909.1,0,0,1,0,1,0,0,0
6720,2026-01-20 15:20:00,4909.6,0,0,1,0,1,0,0,0
6720,2026-01-20 15:20:00,4910.3,0,0,1,0,1,0,0,0
6721,2026-01-20 15:23:00,4907.1,1,0,1,-1,1,0,0,0
6722,2026-01-20 15:24:00,4900.3,1,0,1,-1,1,0,0,0
6722,2026-01-20 15:24:00,4901.3,0,0,1,0,1,0,0,0
6723,2026-01-20 15:25:00,4896.5,0,0,1,0,1,0,0,0
6723,2026-01-20 15:25:00,4900.7,0,0,1,0,1,0,0,0
6724,2026-01-20 15:27:00,4894.6,0,0,1,0,1,0,0,0
6725,2026-01-20 15:29:00,4898.1,0,0,1,0,1,0,0,0
6725,2026-01-20 15:29:00,4899.0,0,0,1,0,1,0,0,0
6726,2026-01-20 15:31:00,4902.1,0,0,1,0,1,0,0,0
6727,2026-01-20 15:32:00,4904.5,0,0,1,0,1,0,0,0
6728,2026-01-20 15:35:00,4901.7,0,0,1,0,1,0,0,0
6729,2026-01-20 15:37:00,4896.1,0,0,1,0,1,0,0,0
6730,2026-01-20 15:39:00,4895.7,0,0,1,0,1,0,0,0
6731,2026-01-20 15:42:00,4902.7,0,0,1,0,1,0,0,0
6732,2026-01-20 15:44:00,4903.2,0,0,1,0,1,0,0,0
6733,2026-01-20 15:46:00,4904.3,0,0,1,0,1,0,0,0
6734,2026-01-20 15:47:00,4906.0,0,0,1,0,1,0,0,0
6734,2026-01-20 15:47:00,4906.5,0,0,1,0,1,0,0,0
6735,2026-01-20 15:50:00,4908.7,0,0,1,0,1,0,0,0
6736,2026-01-20 15:52:00,4907.2,0,0,1,0,1,0,0,0
6737,2026-01-20 15:54:00,4907.6,0,0,1,0,1,0,0,0
6738,2026-01-20 15:56:00,4905.7,0,0,1,0,1,0,0,0
6739,2026-01-20 15:58:00,4903.9,0,0,1,0,1,0,0,0
6739,2026-01-20 15:58:00,4904.6,1,0,1,-1,1,0,0,0
6740,2026-01-20 16:00:00,4908.5,0,0,1,0,1,0,0,0
6741,2026-01-20 16:01:00,4908.1,0,0,1,0,1,0,0,0
6742,2026-01-20 16:04:00,4905.2,0,0,1,0,1,0,0,0
6743,2026-01-20 16:05:00,4900.7,0,0,1,0,1,0,0,0
6744,2026-01-20 16:08:00,4905.7,0,0,1,0,1,0,0,0
6744,2026-01-20 16:08:00,4906.5,0,0,1,0,1,0,0,0
6745,2026-01-20 16:10:00,4905.9,0,0,1,0,1,0,0,0
6746,2026-01-20 16:11:00,4913.5,0,1,1,1,1,0,0,0
6746,2026-01-20 16:11:00,4913.7,0,1,1,1,1,0,0,0
6746,2026-01-20 16:11:00,4914.2,0,1,1,1,1,0,0,0
6747,2026-01-20 16:12:00,4913.7,0,0,1,0,1,0,0,0
6748,2026-01-20 16:15:00,4912.4,0,0,1,0,1,0,0,0
6749,2026-01-20 16:17:00,4913.2,0,0,1,0,1,0,0,0
6749,2026-01-20 16:17:00,4914.0,0,0,1,0,1,0,0,0
6750,2026-01-20 16:19:00,4912.3,0,0,1,0,1,0,0,0
6750,2026-01-20 16:19:00,4912.7,0,0,1,0,1,0,0,0
6751,2026-01-20 16:21:00,4913.3,0,0,1,0,1,0,0,0
6752,2026-01-20 16:23:00,4909.7,0,0,1,0,1,0,0,0
6753,2026-01-20 16:25:00,4909.2,0,0,1,0,1,0,0,0
6754,2026-01-20 16:27:00,4909.9,0,0,1,0,1,0,0,0
6755,2026-01-20 16:29:00,4913.3,0,0,1,0,1,0,0,0
6756,2026-01-20 16:30:00,4912.7,0,1,1,1,1,0,0,0
6757,2026-01-20 16:33:00,4914.4,0,0,1,0,1,0,0,0
6758,2026-01-20 16:35:00,4913.4,0,0,1,0,1,0,0,0
6759,2026-01-20 16:38:00,4914.7,0,0,1,0,1,0,0,0
6760,2026-01-20 16:39:00,4914.5,0,0,1,0,1,0,0,0
6761,2026-01-20 16:41:00,4915.4,0,0,1,0,1,0,0,0
6762,2026-01-20 16:43:00,4914.8,0,0,1,0,1,0,0,0
6763,2026-01-20 16:45:00,4918.7,0,0,1,0,1,0,0,0
6764,2026-01-20 16:48:00,4918.3,0,0,1,0,1,0,0,0
6765,2026-01-20 16:49:00,4919.3,0,0,1,0,1,0,0,0
6766,2026-01-20 16:51:00,4918.0,0,0,1,0,1,0,0,0
6767,2026-01-20 16:53:00,4921.3,0,0,1,0,1,0,0,0
6768,2026-01-20 16:55:00,4923.0,0,0,1,0,1,0,0,0
6769,2026-01-20 16:56:00,4923.2,0,0,1,0,1,0,0,0
6769,2026-01-20 16:56:00,4923.3,0,1,1,1,1,0,0,0
6769,2026-01-20 16:56:00,4923.5,0,1,1,1,1,0,0,0
6770,2026-01-20 16:57:00,4927.3,0,0,2,0,1,0,0,0
6771,2026-01-20 16:58:00,4924.0,0,0,1,0,1,0,0,0
6772,2026-01-20 17:00:00,4922.9,0,0,1,0,1,0,0,0
6773,2026-01-20 17:01:00,4920.0,0,0,1,0,1,0,0,0
6774,2026-01-20 17:02:00,4917.9,2,0,2,-2,1,0,0,0
6774,2026-01-20 17:02:00,4918.4,0,0,1,0,1,0,0,0
6775,2026-01-20 17:04:00,4919.8,0,0,1,0,1,0,0,0
6776,2026-01-20 17:06:00,4921.6,0,0,1,0,1,0,0,0
6777,2026-01-20 17:08:00,4920.8,0,0,1,0,1,0,0,0
6777,2026-01-20 17:08:00,4921.0,0,0,1,0,1,0,0,0
6778,2026-01-20 17:10:00,4919.4,0,0,1,0,1,0,0,0
6779,2026-01-20 17:12:00,4921.9,0,0,1,0,1,0,0,0
6780,2026-01-20 17:14:00,4923.6,0,0,1,0,1,0,0,0
6781,2026-01-20 17:16:00,4923.9,0,0,1,0,1,0,0,0
6782,2026-01-20 17:19:00,4926.2,0,0,1,0,1,0,0,0
6783,2026-01-20 17:20:00,4924.0,0,0,1,0,1,0,0,0
6784,2026-01-20 17:21:00,4924.0,0,0,2,0,2,0,0,0
6785,2026-01-20 17:25:00,4923.6,1,0,1,-1,1,0,0,0
6786,2026-01-20 17:26:00,4925.3,0,0,1,0,1,0,0,0
6787,2026-01-20 17:28:00,4924.2,0,0,1,0,1,0,0,0
6788,2026-01-20 17:29:00,4926.5,0,0,1,0,1,0,0,0
6789,2026-01-20 17:32:00,4925.7,1,0,1,-1,1,0,0,0
6790,2026-01-20 17:33:00,4925.1,0,0,1,0,1,0,0,0
6791,2026-01-20 17:36:00,4926.2,0,0,1,0,1,0,0,0
6792,2026-01-20 17:37:00,4927.0,0,1,1,1,1,0,0,0
6793,2026-01-20 17:38:00,4925.2,0,0,1,0,1,0,0,0
6794,2026-01-20 17:43:00,4924.6,1,0,1,-1,1,0,0,0
6795,2026-01-20 17:44:00,4924.9,0,0,1,0,1,0,0,0
6796,2026-01-20 17:45:00,4927.9,0,0,1,0,1,0,0,0
6797,2026-01-20 17:47:00,4925.4,0,0,1,0,1,0,0,0
6798,2026-01-20 17:49:00,4925.3,0,0,1,0,1,0,0,0
6799,2026-01-20 17:51:00,4928.8,0,1,1,1,1,0,0,0
6800,2026-01-20 17:52:00,4928.3,0,0,1,0,1,0,0,0
6801,2026-01-20 17:53:00,4929.4,0,1,1,1,1,0,0,0
6802,2026-01-20 17:54:00,4928.9,0,0,1,0,1,0,0,0
6802,2026-01-20 17:54:00,4930.0,0,0,1,0,1,0,0,0
6803,2026-01-20 17:55:00,4929.9,0,0,1,0,1,0,0,0
6803,2026-01-20 17:55:00,4930.2,0,0,1,0,1,0,0,0
6804,2026-01-20 17:59:00,4930.4,0,0,1,0,1,0,0,0
6804,2026-01-20 17:59:00,4931.4,0,0,1,0,1,0,0,0
6805,2026-01-20 18:02:00,4933.7,0,0,1,0,1,0,0,0
6806,2026-01-20 18:04:00,4932.5,0,0,1,0,1,0,0,0
6807,2026-01-20 18:06:00,4932.4,0,1,1,1,1,0,0,0
6807,2026-01-20 18:06:00,4933.1,0,0,10,0,7,0,0,0
6808,2026-01-20 18:07:00,4935.0,0,1,1,1,1,0,0,0
6809,2026-01-20 18:08:00,4934.9,0,0,1,0,1,0,0,0
6809,2026-01-20 18:08:00,4935.0,0,0,1,0,1,0,0,0
6810,2026-01-20 18:10:00,4935.1,0,0,1,0,1,0,0,0
6811,2026-01-20 18:13:00,4933.7,1,0,1,-1,1,0,0,0
6812,2026-01-20 18:14:00,4934.5,0,0,1,0,1,0,0,0
6813,2026-01-20 18:15:00,4934.2,1,0,1,-1,1,0,0,0
6814,2026-01-20 18:16:00,4935.9,0,0,1,0,1,0,0,0
6815,2026-01-20 18:18:00,4936.5,0,0,1,0,1,0,0,0
6816,2026-01-20 18:21:00,4937.1,0,0,1,0,1,0,0,0
6816,2026-01-20 18:21:00,4937.5,0,0,1,0,1,0,0,0
6817,2026-01-20 18:22:00,4935.9,0,0,1,0,1,0,0,0
6818,2026-01-20 18:26:00,4934.5,1,0,1,-1,1,0,0,0
6819,2026-01-20 18:27:00,4931.9,0,1,1,1,1,0,0,0
6819,2026-01-20 18:27:00,4933.5,0,0,1,0,1,0,0,0
6820,2026-01-20 18:29:00,4932.5,0,0,2,0,2,0,0,0
6820,2026-01-20 18:29:00,4932.8,0,0,1,0,1,0,0,0
6820,2026-01-20 18:29:00,4932.9,0,0,1,0,1,0,0,0
6820,2026-01-20 18:29:00,4933.1,0,0,1,0,1,0,0,0
6820,2026-01-20 18:29:00,4933.2,1,0,1,-1,1,0,0,0
6820,2026-01-20 18:29:00,4933.4,0,1,1,1,1,0,0,0
6821,2026-01-20 18:53:00,4927.0,0,0,2,0,1,0,0,0
6821,2026-01-20 18:53:00,4928.0,0,0,8,0,4,0,0,0
6822,2026-01-20 18:54:00,4926.4,1,0,1,-1,1,0,0,0
6822,2026-01-20 18:54:00,4926.6,1,0,1,-1,1,0,0,0
6823,2026-01-20 19:41:00,4935.2,0,0,1,0,1,0,0,0
6824,2026-01-20 19:53:00,4933.3,0,0,1,0,1,0,0,0
6825,2026-01-20 20:18:00,4925.0,0,0,1,0,1,0,0,0
6826,2026-01-20 20:24:00,4920.6,0,1,1,1,1,0,0,0
6827,2026-01-20 20:40:00,4924.7,0,1,1,1,1,0,0,0
6828,2026-01-20 21:29:00,4932.2,0,1,1,1,1,0,0,0
6829,2026-01-20 21:31:00,4931.9,0,1,1,1,1,0,0,0
6830,2026-01-20 23:04:00,4934.6,1,0,1,-1,1,0,0,0
6831,2026-01-20 23:14:00,4929.6,1,0,1,-1,1,0,0,0
6832,2026-01-20 23:41:00,4935.8,0,0,1,0,1,0,0,0
6833,2026-01-20 23:45:00,4944.0,0,1,1,1,1,0,0,0
6834,2026-01-21 00:03:00,4946.0,0,1,1,1,1,0,0,0
6835,2026-01-21 00:09:00,4947.7,0,0,1,0,1,0,0,0
6836,2026-01-21 00:19:00,4948.3,0,1,1,1,1,0,0,0
6837,2026-01-21 00:25:00,4947.0,0,0,2,0,2,0,0,0
6838,2026-01-21 01:00:00,4956.4,1,0,1,-1,1,0,0,0
6838,2026-01-21 01:00:00,4956.6,1,0,1,-1,1,0,0,0
6839,2026-01-21 01:01:00,4960.0,0,0,2,0,2,0,0,0
6840,2026-01-21 01:02:00,4961.2,1,0,1,-1,1,0,0,0
6840,2026-01-21 01:02:00,4961.4,1,0,1,-1,1,0,0,0
6841,2026-01-21 01:04:00,4963.7,1,0,1,-1,1,0,0,0
6842,2026-01-21 01:07:00,4968.0,0,0,2,0,1,0,0,0
6843,2026-01-21 01:09:00,4968.0,1,0,1,-1,1,0,0,0
6843,2026-01-21 01:09:00,4968.1,1,0,1,-1,1,0,0,0
6844,2026-01-21 01:14:00,4979.7,0,1,1,1,1,0,0,0
6844,2026-01-21 01:14:00,4979.8,0,1,1,1,1,0,0,0
6845,2026-01-21 01:22:00,4982.4,1,0,1,-1,1,0,0,0
6845,2026-01-21 01:22:00,4982.6,1,0,1,-1,1,0,0,0
6846,2026-01-21 01:31:00,4998.8,0,0,1,0,1,0,0,0
6846,2026-01-21 01:31:00,4999.1,0,1,1,1,1,0,0,0
6846,2026-01-21 01:31:00,4999.2,0,1,1,1,1,0,0,0
6846,2026-01-21 01:31:00,4999.8,0,1,1,1,1,0,0,0
6846,2026-01-21 01:31:00,5000.2,2,0,2,-2,1,0,0,0
6846,2026-01-21 01:31:00,5000.6,0,0,2,0,2,0,0,0
6846,2026-01-21 01:31:00,5000.8,0,1,1,1,1,0,0,0
6847,2026-01-21 01:46:00,4993.8,2,0,2,-2,1,0,0,0
6848,2026-01-21 01:52:00,5004.8,0,2,2,2,1,0,0,0
6849,2026-01-21 01:53:00,5005.0,0,0,1,0,1,0,0,0
6850,2026-01-21 02:04:00,5005.3,1,0,1,-1,1,0,0,0
6851,2026-01-21 02:08:00,5003.6,0,0,1,0,1,0,0,0
6852,2026-01-21 02:13:00,4996.1,1,0,1,-1,1,0,0,0
6853,2026-01-21 02:16:00,4998.4,0,1,1,1,1,0,0,0
6854,2026-01-21 02:20:00,4996.9,1,0,1,-1,1,0,0,0
6854,2026-01-21 02:20:00,4997.1,0,1,1,1,1,0,0,0
6855,2026-01-21 02:23:00,4988.9,1,0,1,-1,1,0,0,0
6856,2026-01-21 02:33:00,5001.6,1,0,1,-1,1,0,0,0
6856,2026-01-21 02:33:00,5001.7,1,0,1,-1,1,0,0,0
6856,2026-01-21 02:33:00,5004.1,0,1,1,1,1,0,0,0
6857,2026-01-21 02:44:00,5004.5,0,1,1,1,1,0,0,0
6857,2026-01-21 02:44:00,5004.7,0,1,1,1,1,0,0,0
6858,2026-01-21 02:57:00,5007.0,0,0,1,0,1,0,0,0
6858,2026-01-21 02:57:00,5008.0,0,0,2,0,1,0,0,0
6859,2026-01-21 02:58:00,5007.0,0,0,1,0,1,0,0,0
6860,2026-01-21 03:00:00,5010.0,0,0,1,0,1,0,0,0
6861,2026-01-21 03:12:00,5018.6,0,1,1,1,1,0,0,0
6862,2026-01-21 03:14:00,5004.7,1,0,1,-1,1,0,0,0
6862,2026-01-21 03:14:00,5005.2,1,0,1,-1,1,0,0,0
6863,2026-01-21 03:15:00,4998.7,2,0,2,-2,2,0,0,0
6863,2026-01-21 03:15:00,5000.0,0,0,1,0,1,0,0,0
6863,2026-01-21 03:15:00,5004.1,1,0,1,-1,1,0,0,0
6863,2026-01-21 03:15:00,5004.4,1,0,1,-1,1,0,0,0
6863,2026-01-21 03:15:00,5004.7,0,0,1,0,1,0,0,0
6864,2026-01-21 03:17:00,5001.6,0,0,1,0,1,0,0,0
6865,2026-01-21 03:23:00,4999.8,0,0,1,0,1,0,0,0
6866,2026-01-21 03:24:00,5000.9,0,0,1,0,1,0,0,0
6866,2026-01-21 03:24:00,5001.2,1,0,1,-1,1,0,0,0
6867,2026-01-21 03:26:00,5000.9,1,0,1,-1,1,0,0,0
6867,2026-01-21 03:26:00,5001.0,1,0,1,-1,1,0,0,0
6867,2026-01-21 03:26:00,5001.4,0,1,1,1,1,0,0,0
6867,2026-01-21 03:26:00,5001.6,1,0,1,-1,1,0,0,0
6867,2026-01-21 03:26:00,5002.2,1,0,1,-1,1,0,0,0
6868,2026-01-21 03:27:00,5002.6,0,0,1,0,1,0,0,0
6868,2026-01-21 03:27:00,5003.0,0,0,1,0,1,0,0,0
6869,2026-01-21 03:34:00,5008.8,1,0,1,-1,1,0,0,0
6870,2026-01-21 03:39:00,5012.5,0,0,2,0,2,0,0,0
6871,2026-01-21 03:40:00,5015.0,0,0,1,0,1,0,0,0
6872,2026-01-21 03:45:00,5012.9,0,0,1,0,1,0,0,0
6873,2026-01-21 03:47:00,5013.0,0,0,1,0,1,0,0,0
6874,2026-01-21 04:02:00,5012.5,2,0,2,-2,1,0,0,0
6875,2026-01-21 04:12:00,5010.0,0,0,1,0,1,0,0,0
6876,2026-01-21 04:18:00,5018.8,0,0,1,0,1,0,0,0
6877,2026-01-21 04:23:00,5023.1,0,2,2,2,2,0,0,0
6878,2026-01-21 04:33:00,5025.2,0,1,1,1,1,0,0,0
6879,2026-01-21 04:53:00,5038.0,0,0,1,0,1,0,0,0
6880,2026-01-21 04:56:00,5037.0,1,0,1,-1,1,0,0,0
6881,2026-01-21 05:02:00,5031.8,1,0,1,-1,1,0,0,0
6882,2026-01-21 05:16:00,5040.0,0,0,2,0,1,0,0,0
6883,2026-01-21 05:26:00,5036.9,2,0,2,-2,2,0,0,0
6883,2026-01-21 05:26:00,5038.1,1,0,1,-1,1,0,0,0
6884,2026-01-21 05:28:00,5037.7,1,0,1,-1,1,0,0,0
6885,2026-01-21 05:50:00,5045.5,0,0,1,0,1,0,0,0
6885,2026-01-21 05:50:00,5046.1,1,0,1,-1,1,0,0,0
6886,2026-01-21 05:56:00,5040.8,1,0,1,-1,1,0,0,0
6887,2026-01-21 06:04:00,5042.8,1,0,1,-1,1,0,0,0
6888,2026-01-21 06:06:00,5038.9,1,0,1,-1,1,0,0,0
6888,2026-01-21 06:06:00,5039.1,0,0,1,0,1,0,0,0
6889,2026-01-21 06:21:00,5044.4,1,0,1,-1,1,0,0,0
6889,2026-01-21 06:21:00,5044.6,1,0,1,-1,1,0,0,0
6890,2026-01-21 06:23:00,5050.0,0,0,2,0,1,0,0,0
6891,2026-01-21 06:38:00,5044.4,1,0,1,-1,1,0,0,0
6891,2026-01-21 06:38:00,5044.7,2,0,2,-2,2,0,0,0
6892,2026-01-21 06:40:00,5039.1,1,0,1,-1,1,0,0,0
6893,2026-01-21 06:57:00,5021.1,0,0,1,0,1,0,0,0
6894,2026-01-21 07:03:00,5011.8,0,0,1,0,1,0,0,0
6895,2026-01-21 07:04:00,5010.0,0,0,1,0,1,0,0,0
6896,2026-01-21 07:06:00,5013.8,0,1,1,1,1,0,0,0
6897,2026-01-21 07:25:00,5013.0,0,0,1,0,1,0,0,0
6898,2026-01-21 07:48:00,5022.0,0,0,1,0,1,0,0,0
6899,2026-01-21 08:06:00,5033.4,0,1,1,1,1,0,0,0
6900,2026-01-21 08:20:00,5038.5,0,1,1,1,1,0,0,0
6900,2026-01-21 08:20:00,5038.6,0,1,1,1,1,0,0,0
6901,2026-01-21 08:28:00,5040.0,0,0,1,0,1,0,0,0
6902,2026-01-21 08:29:00,5039.3,0,0,1,0,1,0,0,0
6903,2026-01-21 08:30:00,5039.3,0,1,1,1,1,0,0,0
6903,2026-01-21 08:30:00,5039.5,0,0,1,0,1,0,0,0
6904,2026-01-21 08:31:00,5039.5,0,0,1,0,1,0,0,0
6904,2026-01-21 08:31:00,5039.9,0,1,1,1,1,0,0,0
6905,2026-01-21 09:20:00,5032.5,1,0,1,-1,1,0,0,0
6906,2026-01-21 09:26:00,5045.0,0,1,1,1,1,0,0,0
6907,2026-01-21 09:34:00,5041.6,1,0,1,-1,1,0,0,0
6907,2026-01-21 09:34:00,5041.7,1,0,1,-1,1,0,0,0
6908,2026-01-21 09:35:00,5042.0,0,0,1,0,1,0,0,0
6909,2026-01-21 09:42:00,5036.9,2,0,2,-2,1,0,0,0
6910,2026-01-21 09:46:00,5037.0,0,0,2,0,2,0,0,0
6911,2026-01-21 10:18:00,5035.1,0,0,5,0,3,0,0,0
6912,2026-01-21 10:36:00,5037.4,0,1,1,1,1,0,0,0
6913,2026-01-21 11:20:00,5044.0,0,0,2,0,2,0,0,0
6914,2026-01-21 11:46:00,5030.0,0,0,2,0,2,0,0,0
6914,2026-01-21 11:46:00,5030.2,1,0,1,-1,1,0,0,0
6915,2026-01-21 11:59:00,5040.0,0,0,1,0,1,0,0,0
6916,2026-01-21 12:16:00,5033.3,1,0,1,-1,1,0,0,0
6916,2026-01-21 12:16:00,5033.5,1,0,1,-1,1,0,0,0
6917,2026-01-21 12:17:00,5032.0,0,0,1,0,1,0,0,0
6918,2026-01-21 12:24:00,5036.4,0,1,1,1,1,0,0,0
6918,2026-01-21 12:24:00,5036.7,0,0,1,0,1,0,0,0
6919,2026-01-21 12:25:00,5036.0,0,0,2,0,2,0,0,0
6920,2026-01-21 12:33:00,5039.8,0,0,1,0,1,0,0,0
6920,2026-01-21 12:33:00,5040.5,0,2,2,2,1,0,0,0
6920,2026-01-21 12:33:00,5040.6,0,5,5,5,1,0,0,0
6920,2026-01-21 12:33:00,5040.7,0,2,2,2,1,0,0,0
6920,2026-01-21 12:33:00,5040.8,0,1,1,1,1,0,0,0
6921,2026-01-21 12:37:00,5045.5,0,1,1,1,1,0,0,0
6922,2026-01-21 12:38:00,5046.0,0,1,2,1,2,0,0,0
6923,2026-01-21 12:44:00,5040.1,0,0,1,0,1,0,0,0
6924,2026-01-21 12:45:00,5038.6,0,0,1,0,1,0,0,0
6924,2026-01-21 12:45:00,5039.0,0,0,2,0,2,0,0,0
6925,2026-01-21 12:46:00,5035.6,0,0,1,0,1,0,0,0
6925,2026-01-21 12:46:00,5036.4,1,0,1,-1,1,0,0,0
6925,2026-01-21 12:46:00,5038.3,0,0,1,0,1,0,0,0
6926,2026-01-21 12:48:00,5033.3,0,0,1,0,1,0,0,0
6927,2026-01-21 12:49:00,5032.1,0,0,1,0,1,0,0,0
6928,2026-01-21 12:52:00,5035.5,0,0,1,0,1,0,0,0
6929,2026-01-21 12:54:00,5036.5,0,0,1,0,1,0,0,0
6930,2026-01-21 12:57:00,5039.2,0,0,1,0,1,0,0,0
6931,2026-01-21 12:58:00,5040.5,0,0,1,0,1,0,0,0
6932,2026-01-21 12:59:00,5038.2,1,0,1,-1,1,0,0,0
6932,2026-01-21 12:59:00,5040.8,0,0,1,0,1,0,0,0
6933,2026-01-21 13:10:00,5043.9,0,1,1,1,1,0,0,0
6934,2026-01-21 13:16:00,5041.8,1,0,1,-1,1,0,0,0
6935,2026-01-21 13:31:00,5043.5,1,0,1,-1,1,0,0,0
6936,2026-01-21 13:34:00,5045.3,0,0,1,0,1,0,0,0
6937,2026-01-21 13:37:00,5048.1,0,0,1,0,1,0,0,0
6937,2026-01-21 13:37:00,5049.5,0,1,1,1,1,0,0,0
6937,2026-01-21 13:37:00,5050.9,0,0,1,0,1,0,0,0
6938,2026-01-21 13:38:00,5052.5,0,0,1,0,1,0,0,0
6939,2026-01-21 13:40:00,5051.4,1,0,1,-1,1,0,0,0
6940,2026-01-21 13:44:00,5050.0,2,0,2,-2,1,0,0,0
6940,2026-01-21 13:44:00,5051.2,0,0,1,0,1,0,0,0
6941,2026-01-21 13:55:00,5052.9,0,0,1,0,1,0,0,0
6942,2026-01-21 13:59:00,5053.5,0,0,1,0,1,0,0,0
6943,2026-01-21 14:00:00,5053.6,0,1,1,1,1,0,0,0
6943,2026-01-21 14:00:00,5054.1,0,0,1,0,1,0,0,0
6943,2026-01-21 14:00:00,5055.0,0,0,1,0,1,0,0,0
6944,2026-01-21 14:02:00,5048.0,0,0,2,0,2,0,0,0
6945,2026-01-21 14:09:00,5036.3,0,0,1,0,1,0,0,0
6946,2026-01-21 14:11:00,5019.0,1,0,1,-1,1,0,0,0
6946,2026-01-21 14:11:00,5023.3,0,2,2,2,1,0,0,0
6946,2026-01-21 14:11:00,5023.5,0,0,1,0,1,0,0,0
6947,2026-01-21 14:14:00,5017.9,0,0,1,0,1,0,0,0
6947,2026-01-21 14:14:00,5018.0,0,0,2,0,1,0,0,0
6948,2026-01-21 14:15:00,5016.9,0,0,1,0,1,0,0,0
6948,2026-01-21 14:15:00,5017.2,2,0,2,-2,1,0,0,0
6949,2026-01-21 14:17:00,5023.7,1,0,1,-1,1,0,0,0
6950,2026-01-21 14:29:00,5036.0,0,0,2,0,2,0,0,0
6951,2026-01-21 14:31:00,5036.2,1,0,1,-1,1,0,0,0
6952,2026-01-21 14:32:00,5029.2,0,0,1,0,1,0,0,0
6952,2026-01-21 14:32:00,5029.7,0,0,1,0,1,0,0,0
6952,2026-01-21 14:32:00,5031.8,1,0,1,-1,1,0,0,0
6953,2026-01-21 14:33:00,5024.1,1,0,1,-1,1,0,0,0
6953,2026-01-21 14:33:00,5024.6,1,0,1,-1,1,0,0,0
6953,2026-01-21 14:33:00,5027.7,2,0,2,-2,1,0,0,0
6954,2026-01-21 14:34:00,5027.1,0,1,1,1,1,0,0,0
6955,2026-01-21 14:46:00,5031.7,1,0,1,-1,1,0,0,0
6956,2026-01-21 14:47:00,5031.7,0,0,2,0,2,0,0,0
6957,2026-01-21 14:49:00,5027.0,0,0,1,0,1,0,0,0
6957,2026-01-21 14:49:00,5027.2,1,0,1,-1,1,0,0,0
6958,2026-01-21 14:54:00,5029.2,0,0,1,0,1,0,0,0
6959,2026-01-21 14:55:00,5029.7,2,0,2,-2,1,0,0,0
6960,2026-01-21 15:00:00,5022.6,0,0,1,0,1,0,0,0
6960,2026-01-21 15:00:00,5023.6,1,0,1,-1,1,0,0,0
6961,2026-01-21 15:02:00,5029.3,0,0,1,0,1,0,0,0
6962,2026-01-21 15:03:00,5036.1,0,0,1,0,1,0,0,0
6963,2026-01-21 15:05:00,5037.8,0,0,1,0,1,0,0,0
6964,2026-01-21 15:06:00,5040.0,0,0,1,0,1,0,0,0
6965,2026-01-21 15:07:00,5039.3,0,1,1,1,1,0,0,0
6966,2026-01-21 15:08:00,5040.2,0,2,2,2,1,0,0,0
6967,2026-01-21 15:11:00,5033.7,1,0,1,-1,1,0,0,0
6968,2026-01-21 15:18:00,5016.6,0,0,1,0,1,0,0,0
6968,2026-01-21 15:18:00,5019.0,0,0,1,0,1,0,0,0
6969,2026-01-21 15:19:00,5000.0,0,0,4,0,3,0,0,0
6969,2026-01-21 15:19:00,5001.0,0,0,1,0,1,0,0,0
6969,2026-01-21 15:19:00,5005.0,0,0,1,0,1,0,0,0
6969,2026-01-21 15:19:00,5007.1,0,1,1,1,1,0,0,0
6969,2026-01-21 15:19:00,5009.4,0,0,1,0,1,0,0,0
6970,2026-01-21 15:21:00,5000.0,0,0,2,0,2,0,0,0
6971,2026-01-21 15:23:00,4986.7,1,0,1,-1,1,0,0,0
6971,2026-01-21 15:23:00,4987.0,6,0,6,-6,1,0,0,0
6971,2026-01-21 15:23:00,4987.1,7,0,7,-7,1,0,0,0
6971,2026-01-21 15:23:00,4987.2,2,0,2,-2,1,0,0,0
6971,2026-01-21 15:23:00,4987.3,2,0,2,-2,1,0,0,0
6971,2026-01-21 15:23:00,4988.0,2,0,3,-2,2,0,0,0
6971,2026-01-21 15:23:00,4988.2,0,0,1,0,1,0,0,0
6971,2026-01-21 15:23:00,4989.0,0,0,1,0,1,0,0,0
6972,2026-01-21 15:24:00,4991.0,0,0,2,0,2,0,0,0
6972,2026-01-21 15:24:00,4991.2,0,0,2,0,2,0,0,0
6972,2026-01-21 15:24:00,4994.1,0,0,1,0,1,0,0,0
6973,2026-01-21 15:25:00,4989.2,1,0,1,-1,1,0,0,0
6973,2026-01-21 15:25:00,4989.4,1,0,1,-1,1,0,0,0
6973,2026-01-21 15:25:00,4992.6,1,0,1,-1,1,0,0,0
6974,2026-01-21 15:26:00,4992.0,1,0,1,-1,1,0,0,0
6975,2026-01-21 15:29:00,5000.9,0,1,1,1,1,0,0,0
6975,2026-01-21 15:29:00,5001.0,0,2,2,2,1,0,0,0
6975,2026-01-21 15:29:00,5001.1,0,2,2,2,1,0,0,0
6975,2026-01-21 15:29:00,5004.2,0,1,1,1,1,0,0,0
6976,2026-01-21 15:30:00,5009.2,0,2,2,2,1,0,0,0
6976,2026-01-21 15:30:00,5009.4,1,0,1,-1,1,0,0,0
6977,2026-01-21 15:31:00,5004.1,0,1,1,1,1,0,0,0
6978,2026-01-21 15:33:00,5011.2,0,0,2,0,2,0,0,0
6979,2026-01-21 15:38:00,5009.9,0,0,1,0,1,0,0,0
6980,2026-01-21 15:40:00,5014.5,0,0,1,0,1,0,0,0
6981,2026-01-21 16:05:00,5022.0,0,0,1,0,1,0,0,0
6982,2026-01-21 16:09:00,5025.3,0,0,1,0,1,0,0,0
6983,2026-01-21 16:19:00,5012.5,1,0,1,-1,1,0,0,0
6984,2026-01-21 16:33:00,5018.3,0,1,1,1,1,0,0,0
6985,2026-01-21 16:45:00,5007.1,1,0,1,-1,1,0,0,0
6986,2026-01-21 16:52:00,4998.0,0,0,1,0,1,0,0,0
6986,2026-01-21 16:52:00,4999.9,0,0,1,0,1,0,0,0
6986,2026-01-21 16:52:00,5000.0,0,0,6,0,4,0,0,0
6986,2026-01-21 16:52:00,5004.4,0,1,1,1,1,0,0,0
6987,2026-01-21 17:01:00,5000.0,0,0,1,0,1,0,0,0
6988,2026-01-21 17:03:00,4990.9,1,0,1,-1,1,0,0,0
6989,2026-01-21 17:05:00,4997.9,1,0,1,-1,1,0,0,0
6990,2026-01-21 17:11:00,4997.9,0,0,1,0,1,0,0,0
6991,2026-01-21 17:15:00,4988.0,1,0,1,-1,1,0,0,0
6992,2026-01-21 17:17:00,4994.5,1,0,1,-1,1,0,0,0
6993,2026-01-21 17:20:00,4996.5,1,0,1,-1,1,0,0,0
6994,2026-01-21 17:22:00,4998.5,1,0,1,-1,1,0,0,0
6995,2026-01-21 17:23:00,4998.0,0,0,1,0,1,0,0,0
6996,2026-01-21 17:26:00,4990.6,1,0,1,-1,1,0,0,0
6997,2026-01-21 17:27:00,4990.5,1,0,1,-1,1,0,0,0
6998,2026-01-21 17:28:00,4990.1,0,0,1,0,1,0,0,0
6998,2026-01-21 17:28:00,4992.1,0,0,1,0,1,0,0,0
6999,2026-01-21 17:30:00,4988.7,1,0,1,-1,1,0,0,0
7000,2026-01-21 17:31:00,4985.2,1,0,1,-1,1,0,0,0
7001,2026-01-21 17:32:00,4980.0,0,0,11,0,6,0,0,0
7002,2026-01-21 18:16:00,4996.2,0,0,1,0,1,0,0,0
7003,2026-01-21 18:25:00,5004.5,0,1,1,1,1,0,0,0
7004,2026-01-21 18:29:00,5006.5,1,0,1,-1,1,0,0,0
7004,2026-01-21 18:29:00,5006.7,1,0,1,-1,1,0,0,0
7004,2026-01-21 18:29:00,5006.8,1,0,1,-1,1,0,0,0
7004,2026-01-21 18:29:00,5006.9,1,0,1,-1,1,0,0,0
7004,2026-01-21 18:29:00,5007.5,1,0,1,-1,1,0,0,0
7004,2026-01-21 18:29:00,5007.8,1,0,1,-1,1,0,0,0
7004,2026-01-21 18:29:00,5008.0,1,0,1,-1,1,0,0,0
7004,2026-01-21 18:29:00,5008.1,1,0,1,-1,1,0,0,0
7004,2026-01-21 18:29:00,5009.1,1,0,1,-1,1,0,0,0
7004,2026-01-21 18:29:00,5009.2,0,0,1,0,1,0,0,0
7004,2026-01-21 18:29:00,5009.9,1,0,1,-1,1,0,0,0
7004,2026-01-21 18:29:00,5010.0,0,0,1,0,1,0,0,0
7005,2026-01-21 19:05:00,5017.0,0,0,2,0,1,0,0,0
7006,2026-01-21 19:20:00,5021.1,1,0,1,-1,1,0,0,0
7006,2026-01-21 19:20:00,5021.3,0,0,1,0,1,0,0,0
7007,2026-01-21 19:27:00,5020.0,0,0,1,0,1,0,0,0
7008,2026-01-21 19:31:00,4981.6,1,0,1,-1,1,0,0,0
7009,2026-01-21 19:33:00,4976.4,1,0,1,-1,1,0,0,0
7010,2026-01-21 19:35:00,4960.0,0,0,10,0,4,0,0,0
7010,2026-01-21 19:35:00,4968.0,0,0,1,0,1,0,0,0
7010,2026-01-21 19:35:00,4971.2,0,0,1,0,1,0,0,0
7011,2026-01-21 19:36:00,4953.9,0,0,2,0,2,0,0,0
7011,2026-01-21 19:36:00,4954.1,1,0,1,-1,1,0,0,0
7011,2026-01-21 19:36:00,4954.4,1,0,1,-1,1,0,0,0
7011,2026-01-21 19:36:00,4956.0,1,0,1,-1,1,0,0,0
7011,2026-01-21 19:36:00,4956.1,1,0,1,-1,1,0,0,0
7012,2026-01-21 19:37:00,4947.0,2,0,2,-2,1,0,0,0
7012,2026-01-21 19:37:00,4947.1,1,0,1,-1,1,0,0,0
7012,2026-01-21 19:37:00,4947.2,1,0,1,-1,1,0,0,0
7012,2026-01-21 19:37:00,4947.5,1,0,1,-1,1,0,0,0
7012,2026-01-21 19:37:00,4950.0,0,0,2,0,2,0,0,0
7013,2026-01-21 19:41:00,4946.4,0,1,1,1,1,0,0,0
7014,2026-01-21 19:42:00,4952.1,0,1,1,1,1,0,0,0
7015,2026-01-21 19:43:00,4947.0,0,1,1,1,1,0,0,0
7016,2026-01-21 19:46:00,4936.0,0,0,1,0,1,0,0,0
7017,2026-01-21 19:47:00,4934.6,1,0,1,-1,1,0,0,0
7017,2026-01-21 19:47:00,4935.7,1,0,1,-1,1,0,0,0
7018,2026-01-21 19:51:00,4927.7,0,0,1,0,1,0,0,0
7019,2026-01-21 19:54:00,4938.4,1,0,1,-1,1,0,0,0
7020,2026-01-21 19:55:00,4944.3,0,1,1,1,1,0,0,0
7020,2026-01-21 19:55:00,4944.5,0,2,2,2,1,0,0,0
7020,2026-01-21 19:55:00,4944.6,0,2,2,2,1,0,0,0
7020,2026-01-21 19:55:00,4945.9,0,1,1,1,1,0,0,0
7020,2026-01-21 19:55:00,4946.3,0,1,1,1,1,0,0,0
7020,2026-01-21 19:55:00,4946.4,0,2,2,2,1,0,0,0
7020,2026-01-21 19:55:00,4946.5,0,1,1,1,1,0,0,0
7021,2026-01-21 19:56:00,4950.0,0,1,1,1,1,0,0,0
7021,2026-01-21 19:56:00,4950.1,0,2,2,2,1,0,0,0
7022,2026-01-21 19:57:00,4946.2,0,1,1,1,1,0,0,0
7023,2026-01-21 20:01:00,4956.9,0,1,1,1,1,0,0,0
7024,2026-01-21 20:03:00,4953.6,1,0,1,-1,1,0,0,0
7025,2026-01-21 20:15:00,4963.0,0,1,5,1,3,0,0,0
7026,2026-01-21 20:25:00,4965.6,0,1,1,1,1,0,0,0
7027,2026-01-21 20:26:00,4966.5,1,0,1,-1,1,0,0,0
7027,2026-01-21 20:26:00,4968.9,0,1,1,1,1,0,0,0
7027,2026-01-21 20:26:00,4969.1,0,1,1,1,1,0,0,0
7027,2026-01-21 20:26:00,4969.2,0,2,2,2,1,0,0,0
7027,2026-01-21 20:26:00,4969.4,0,5,5,5,1,0,0,0
7027,2026-01-21 20:26:00,4969.7,0,1,1,1,1,0,0,0
7028,2026-01-21 20:29:00,4970.0,0,0,2,0,2,0,0,0
7028,2026-01-21 20:29:00,4972.5,0,0,2,0,2,0,0,0
7029,2026-01-21 20:31:00,4983.0,0,0,10,0,6,0,0,0
7030,2026-01-21 20:32:00,4984.2,0,1,1,1,1,0,0,0
7031,2026-01-21 20:33:00,4981.1,0,0,2,0,2,0,0,0
7031,2026-01-21 20:33:00,4983.1,0,0,1,0,1,0,0,0
7032,2026-01-21 20:34:00,4976.9,1,0,1,-1,1,0,0,0
7032,2026-01-21 20:34:00,4977.0,1,0,1,-1,1,0,0,0
7033,2026-01-21 20:39:00,4979.0,0,0,2,0,2,0,0,0
7034,2026-01-21 20:42:00,4984.6,0,1,1,1,1,0,0,0
7034,2026-01-21 20:42:00,4984.7,0,1,1,1,1,0,0,0
7035,2026-01-21 20:43:00,4989.2,2,0,2,-2,1,0,0,0
7035,2026-01-21 20:43:00,4989.3,2,0,2,-2,1,0,0,0
7035,2026-01-21 20:43:00,4989.4,1,0,1,-1,1,0,0,0
7035,2026-01-21 20:43:00,4991.3,0,1,1,1,1,0,0,0
7035,2026-01-21 20:43:00,4991.4,0,1,1,1,1,0,0,0
7035,2026-01-21 20:43:00,4991.5,0,4,4,4,1,0,0,0
7035,2026-01-21 20:43:00,4991.8,0,2,2,2,1,0,0,0
7035,2026-01-21 20:43:00,4992.2,0,1,1,1,1,0,0,0
7035,2026-01-21 20:43:00,4992.4,0,1,1,1,1,0,0,0
7036,2026-01-21 20:44:00,4991.0,1,0,1,-1,1,0,0,0
7036,2026-01-21 20:44:00,4991.8,0,1,1,1,1,0,0,0
7036,2026-01-21 20:44:00,4991.9,0,1,1,1,1,0,0,0
7036,2026-01-21 20:44:00,4992.1,0,6,6,6,2,0,0,0
7036,2026-01-21 20:44:00,4992.3,0,2,2,2,1,0,0,0
7036,2026-01-21 20:44:00,4992.4,0,3,3,3,1,0,0,0
7036,2026-01-21 20:44:00,4992.5,0,2,2,2,1,0,0,0
7036,2026-01-21 20:44:00,4992.6,0,1,1,1,1,0,0,0
7036,2026-01-21 20:44:00,4993.0,0,1,1,1,1,0,0,0
7036,2026-01-21 20:44:00,4993.1,0,3,3,3,1,0,0,0
7036,2026-01-21 20:44:00,4993.2,0,2,2,2,1,0,0,0
7036,2026-01-21 20:44:00,4993.3,0,3,3,3,1,0,0,0
7036,2026-01-21 20:44:00,4993.4,0,2,2,2,1,0,0,0
7036,2026-01-21 20:44:00,4993.5,0,4,4,4,1,0,0,0
7036,2026-01-21 20:44:00,4993.6,0,2,2,2,1,0,0,0
7036,2026-01-21 20:44:00,4993.7,0,1,1,1,1,0,0,0
7036,2026-01-21 20:44:00,4993.8,0,1,1,1,1,0,0,0
7037,2026-01-21 20:53:00,4997.3,0,1,1,1,1,0,0,0
7037,2026-01-21 20:53:00,4997.4,0,3,3,3,1,0,0,0
7037,2026-01-21 20:53:00,4997.5,0,1,1,1,1,0,0,0
7037,2026-01-21 20:53:00,4997.8,0,1,1,1,1,0,0,0
7037,2026-01-21 20:53:00,4997.9,0,2,2,2,1,0,0,0
7037,2026-01-21 20:53:00,4998.0,0,3,3,3,1,0,0,0
7037,2026-01-21 20:53:00,4998.1,0,3,3,3,1,0,0,0
7037,2026-01-21 20:53:00,4998.2,0,1,1,1,1,0,0,0
7038,2026-01-21 20:54:00,4998.0,0,1,1,1,1,0,0,0
7039,2026-01-21 20:56:00,4998.4,0,1,1,1,1,0,0,0
7040,2026-01-21 20:58:00,4997.1,1,0,1,-1,1,0,0,0
7040,2026-01-21 20:58:00,4997.2,1,0,1,-1,1,0,0,0
7041,2026-01-21 21:00:00,4990.9,0,1,1,1,1,0,0,0
7042,2026-01-21 21:16:00,4998.0,0,0,2,0,2,0,0,0
7043,2026-01-21 21:25:00,5007.3,2,0,2,-2,1,0,0,0
7044,2026-01-21 21:42:00,5009.5,0,1,1,1,1,0,0,0
7045,2026-01-21 21:49:00,5010.0,0,0,2,0,1,0,0,0
7046,2026-01-21 21:50:00,5001.6,1,0,1,-1,1,0,0,0
7047,2026-01-21 23:02:00,4998.0,0,0,1,0,1,0,0,0
7048,2026-01-21 23:06:00,4978.9,2,0,2,-2,1,0,0,0
7048,2026-01-21 23:06:00,4979.0,2,0,2,-2,1,0,0,0
7048,2026-01-21 23:06:00,4979.1,1,0,1,-1,1,0,0,0
7048,2026-01-21 23:06:00,4979.8,1,0,2,-1,2,0,0,0
7048,2026-01-21 23:06:00,4979.9,4,0,4,-4,1,0,0,0
7048,2026-01-21 23:06:00,4980.0,0,2,5,2,5,0,0,0
7048,2026-01-21 23:06:00,4980.5,1,0,1,-1,1,0,0,0
7048,2026-01-21 23:06:00,4980.6,3,0,3,-3,1,0,0,0
7048,2026-01-21 23:06:00,4980.9,4,0,4,-4,1,0,0,0
7048,2026-01-21 23:06:00,4981.1,1,0,1,-1,1,0,0,0
7048,2026-01-21 23:06:00,4981.3,1,0,1,-1,1,0,0,0
7048,2026-01-21 23:06:00,4985.7,1,0,1,-1,1,0,0,0
7049,2026-01-21 23:07:00,4979.0,0,0,1,0,1,0,0,0
7049,2026-01-21 23:07:00,4980.0,0,1,11,1,11,0,0,0
7050,2026-01-21 23:24:00,4965.8,1,0,1,-1,1,0,0,0
7050,2026-01-21 23:24:00,4965.9,1,0,1,-1,1,0,0,0
7051,2026-01-21 23:30:00,4968.0,0,1,12,1,10,0,0,0
7052,2026-01-21 23:31:00,4968.0,0,0,13,0,7,0,0,0
7053,2026-01-21 23:54:00,4961.2,0,1,1,1,1,0,0,0
7054,2026-01-22 00:42:00,4959.7,0,1,1,1,1,0,0,0
7055,2026-01-22 02:01:00,4964.3,0,1,1,1,1,0,0,0
7056,2026-01-22 02:30:00,4955.0,0,0,1,0,1,0,0,0
7057,2026-01-22 02:39:00,4946.0,0,0,8,0,6,0,0,0
7057,2026-01-22 02:39:00,4946.5,0,0,1,0,1,0,0,0
7058,2026-01-22 02:40:00,4946.0,0,0,7,0,6,0,0,0
7059,2026-01-22 02:49:00,4952.5,2,0,2,-2,1,0,0,0
7060,2026-01-22 04:06:00,4968.3,0,1,1,1,1,0,0,0
7061,2026-01-22 04:17:00,4968.3,0,0,1,0,1,0,0,0
7062,2026-01-22 04:43:00,4965.2,0,1,1,1,1,0,0,0
7062,2026-01-22 04:43:00,4965.3,0,1,1,1,1,0,0,0
7062,2026-01-22 04:43:00,4965.4,0,1,1,1,1,0,0,0
7062,2026-01-22 04:43:00,4965.5,0,1,1,1,1,0,0,0
7062,2026-01-22 04:43:00,4965.7,0,2,2,2,1,0,0,0
7062,2026-01-22 04:43:00,4965.8,0,1,1,1,1,0,0,0
7062,2026-01-22 04:43:00,4966.0,0,3,3,3,1,0,0,0
7062,2026-01-22 04:43:00,4966.1,0,1,1,1,1,0,0,0
7062,2026-01-22 04:43:00,4966.4,0,1,1,1,1,0,0,0
7062,2026-01-22 04:43:00,4966.8,0,2,2,2,1,0,0,0
7062,2026-01-22 04:43:00,4966.9,0,1,1,1,1,0,0,0
7063,2026-01-22 04:48:00,4965.9,0,1,1,1,1,0,0,0
7064,2026-01-22 04:53:00,4967.8,0,1,1,1,1,0,0,0
7065,2026-01-22 04:57:00,4966.4,0,0,1,0,1,0,0,0
7066,2026-01-22 04:59:00,4967.2,0,1,1,1,1,0,0,0
7067,2026-01-22 05:04:00,4969.4,0,1,1,1,1,0,0,0
7068,2026-01-22 05:14:00,4970.2,0,1,1,1,1,0,0,0
7069,2026-01-22 05:19:00,4968.0,0,0,2,0,2,0,0,0
7070,2026-01-22 05:40:00,4971.5,0,1,1,1,1,0,0,0
7071,2026-01-22 05:45:00,4973.8,0,1,2,1,2,0,0,0
7072,2026-01-22 05:49:00,4977.0,0,1,2,1,2,0,0,0
7072,2026-01-22 05:49:00,4977.2,0,1,1,1,1,0,0,0
7073,2026-01-22 05:50:00,4979.0,0,0,1,0,1,0,0,0
7073,2026-01-22 05:50:00,4980.5,0,0,1,0,1,0,0,0
7073,2026-01-22 05:50:00,4980.6,0,0,1,0,1,0,0,0
7073,2026-01-22 05:50:00,4981.3,0,1,1,1,1,0,0,0
7074,2026-01-22 05:53:00,4988.0,0,0,3,0,2,0,0,0
7075,2026-01-22 06:03:00,4993.0,0,0,1,0,1,0,0,0
7076,2026-01-22 06:04:00,4993.5,0,0,1,0,1,0,0,0
7077,2026-01-22 06:05:00,4993.1,2,0,2,-2,2,0,0,0
7078,2026-01-22 06:27:00,4998.0,0,0,2,0,2,0,0,0
7079,2026-01-22 06:56:00,4995.4,0,1,1,1,1,0,0,0
7080,2026-01-22 06:57:00,4996.1,0,1,1,1,1,0,0,0
7081,2026-01-22 08:14:00,4998.0,2,0,2,-2,1,0,0,0
7082,2026-01-22 08:31:00,4995.4,1,0,1,-1,1,0,0,0
7083,2026-01-22 08:32:00,4994.8,0,1,1,1,1,0,0,0
7084,2026-01-22 08:44:00,4999.2,0,1,1,1,1,0,0,0
7084,2026-01-22 08:44:00,4999.4,0,1,1,1,1,0,0,0
7085,2026-01-22 08:47:00,4997.0,0,0,2,0,1,0,0,0
7086,2026-01-22 08:50:00,4998.2,0,1,1,1,1,0,0,0
7087,2026-01-22 08:52:00,4999.2,0,1,1,1,1,0,0,0
7087,2026-01-22 08:52:00,4999.4,0,1,1,1,1,0,0,0
7088,2026-01-22 09:01:00,5002.0,0,0,1,0,1,0,0,0
7089,2026-01-22 09:12:00,5009.0,0,1,2,1,2,0,0,0
7090,2026-01-22 09:32:00,4997.0,0,0,2,0,1,0,0,0
7091,2026-01-22 09:34:00,4995.3,1,0,1,-1,1,0,0,0
7092,2026-01-22 09:37:00,4995.1,1,0,1,-1,1,0,0,0
7092,2026-01-22 09:37:00,4995.2,1,0,1,-1,1,0,0,0
7093,2026-01-22 10:08:00,4991.4,0,0,1,0,1,0,0,0
7094,2026-01-22 11:19:00,4998.9,1,0,1,-1,1,0,0,0
7094,2026-01-22 11:19:00,4999.0,1,0,1,-1,1,0,0,0
7095,2026-01-22 11:50:00,5005.0,0,0,2,0,2,0,0,0
7096,2026-01-22 11:56:00,5006.6,2,0,2,-2,1,0,0,0
7097,2026-01-22 12:12:00,4997.0,0,0,2,0,2,0,0,0
7098,2026-01-22 12:30:00,5003.1,1,0,1,-1,1,0,0,0
7099,2026-01-22 12:39:00,5001.4,0,0,1,0,1,0,0,0
7100,2026-01-22 12:41:00,5002.4,0,0,1,0,1,0,0,0
7101,2026-01-22 12:42:00,5000.6,2,0,2,-2,1,0,0,0
7102,2026-01-22 12:53:00,4997.0,0,0,1,0,1,0,0,0
7103,2026-01-22 12:54:00,4996.8,0,0,1,0,1,0,0,0
7103,2026-01-22 12:54:00,4997.0,0,0,1,0,1,0,0,0
7104,2026-01-22 12:58:00,4993.0,1,0,1,-1,1,0,0,0
7104,2026-01-22 12:58:00,4993.9,1,0,1,-1,1,0,0,0
7104,2026-01-22 12:58:00,4994.1,1,0,1,-1,1,0,0,0
7105,2026-01-22 13:30:00,4992.5,1,0,1,-1,1,0,0,0
7105,2026-01-22 13:30:00,4992.6,1,0,1,-1,1,0,0,0
7106,2026-01-22 13:31:00,4990.0,0,0,1,0,1,0,0,0
7106,2026-01-22 13:31:00,4990.3,2,0,2,-2,2,0,0,0
7107,2026-01-22 13:36:00,4991.2,1,0,1,-1,1,0,0,0
7108,2026-01-22 13:42:00,4980.0,0,0,1,0,1,0,0,0
7109,2026-01-22 13:59:00,4992.0,0,2,2,2,1,0,0,0
7109,2026-01-22 13:59:00,4992.7,0,0,1,0,1,0,0,0
7110,2026-01-22 14:02:00,4994.5,0,0,1,0,1,0,0,0
7111,2026-01-22 14:04:00,4993.8,1,0,1,-1,1,0,0,0
7112,2026-01-22 14:09:00,4992.5,0,0,1,0,1,0,0,0
7113,2026-01-22 14:18:00,4994.5,2,0,2,-2,1,0,0,0
7113,2026-01-22 14:18:00,4994.6,0,0,1,0,1,0,0,0
7114,2026-01-22 14:27:00,4999.2,0,0,1,0,1,0,0,0
7115,2026-01-22 14:41:00,5016.2,0,1,1,1,1,0,0,0
7115,2026-01-22 14:41:00,5016.6,0,2,2,2,2,0,0,0
7115,2026-01-22 14:41:00,5017.0,0,0,1,0,1,0,0,0
7116,2026-01-22 14:47:00,5016.2,0,1,1,1,1,0,0,0
7117,2026-01-22 14:58:00,5009.9,0,0,1,0,1,0,0,0
7117,2026-01-22 14:58:00,5010.7,0,1,1,1,1,0,0,0
7117,2026-01-22 14:58:00,5012.6,0,0,1,0,1,0,0,0
7118,2026-01-22 15:02:00,5005.2,0,0,1,0,1,0,0,0
7119,2026-01-22 15:25:00,5018.6,0,1,1,1,1,0,0,0
7120,2026-01-22 15:36:00,5036.1,0,0,1,0,1,0,0,0
7121,2026-01-22 15:38:00,5036.1,0,0,1,0,1,0,0,0
7121,2026-01-22 15:38:00,5037.1,0,0,1,0,1,0,0,0
7121,2026-01-22 15:38:00,5037.5,0,1,1,1,1,0,0,0
7122,2026-01-22 15:40:00,5035.0,0,0,2,0,2,0,0,0
7123,2026-01-22 15:41:00,5036.1,0,0,1,0,1,0,0,0
7123,2026-01-22 15:41:00,5036.7,0,0,1,0,1,0,0,0
7124,2026-01-22 15:42:00,5034.7,0,0,1,0,1,0,0,0
7124,2026-01-22 15:42:00,5036.1,0,1,1,1,1,0,0,0
7125,2026-01-22 15:44:00,5035.6,0,0,1,0,1,0,0,0
7126,2026-01-22 15:46:00,5036.5,0,0,1,0,1,0,0,0
7127,2026-01-22 15:47:00,5039.1,0,0,1,0,1,0,0,0
7128,2026-01-22 15:50:00,5036.8,0,0,1,0,1,0,0,0
7129,2026-01-22 15:55:00,5044.4,0,0,1,0,1,0,0,0
7130,2026-01-22 16:00:00,5045.1,0,0,1,0,1,0,0,0
7130,2026-01-22 16:00:00,5047.8,0,0,1,0,1,0,0,0
7131,2026-01-22 16:01:00,5044.9,0,1,1,1,1,0,0,0
7132,2026-01-22 16:02:00,5047.8,3,0,3,-3,1,0,0,0
7132,2026-01-22 16:02:00,5047.9,1,0,1,-1,1,0,0,0
7133,2026-01-22 16:03:00,5047.6,0,0,1,0,1,0,0,0
7134,2026-01-22 16:10:00,5047.1,0,0,1,0,1,0,0,0
7134,2026-01-22 16:10:00,5050.0,0,0,1,0,1,0,0,0
7135,2026-01-22 16:17:00,5046.9,0,0,1,0,1,0,0,0
7136,2026-01-22 16:18:00,5050.6,0,1,1,1,1,0,0,0
7137,2026-01-22 16:25:00,5053.4,0,0,1,0,1,0,0,0
7138,2026-01-22 16:26:00,5052.6,0,0,1,0,1,0,0,0
7138,2026-01-22 16:26:00,5053.4,1,0,1,-1,1,0,0,0
7138,2026-01-22 16:26:00,5054.1,0,1,1,1,1,0,0,0
7138,2026-01-22 16:26:00,5055.0,0,0,2,0,2,0,0,0
7139,2026-01-22 16:36:00,5052.6,0,1,1,1,1,0,0,0
7140,2026-01-22 16:37:00,5055.7,0,1,1,1,1,0,0,0
7141,2026-01-22 16:38:00,5056.0,0,1,2,1,2,0,0,0
7142,2026-01-22 16:40:00,5055.5,0,0,1,0,1,0,0,0
7143,2026-01-22 16:48:00,5057.0,0,1,1,1,1,0,0,0
7144,2026-01-22 17:08:00,5053.9,1,0,1,-1,1,0,0,0
7144,2026-01-22 17:08:00,5054.0,1,0,1,-1,1,0,0,0
7145,2026-01-22 17:13:00,5055.9,0,0,1,0,1,0,0,0
7146,2026-01-22 17:14:00,5055.0,0,0,2,0,2,0,0,0
7147,2026-01-22 17:17:00,5055.0,0,0,2,0,2,0,0,0
7148,2026-01-22 17:21:00,5055.9,2,0,2,-2,1,0,0,0
7149,2026-01-22 17:27:00,5063.6,0,1,1,1,1,0,0,0
7150,2026-01-22 17:34:00,5070.0,0,0,1,0,1,0,0,0
7151,2026-01-22 17:35:00,5070.0,0,0,3,0,3,0,0,0
7152,2026-01-22 17:42:00,5068.2,0,0,1,0,1,0,0,0
7153,2026-01-22 17:44:00,5073.5,0,0,1,0,1,0,0,0
7153,2026-01-22 17:44:00,5074.5,0,0,1,0,1,0,0,0
7154,2026-01-22 17:46:00,5073.3,0,0,1,0,1,0,0,0
7154,2026-01-22 17:46:00,5074.4,0,1,1,1,1,0,0,0
7155,2026-01-22 17:51:00,5079.1,0,1,1,1,1,0,0,0
7156,2026-01-22 17:54:00,5080.4,0,0,1,0,1,0,0,0
7156,2026-01-22 17:54:00,5080.9,0,1,1,1,1,0,0,0
7156,2026-01-22 17:54:00,5081.0,0,0,1,0,1,0,0,0
7157,2026-01-22 17:57:00,5081.0,0,0,2,0,2,0,0,0
7158,2026-01-22 18:03:00,5085.3,0,1,1,1,1,0,0,0
7158,2026-01-22 18:03:00,5085.4,0,1,1,1,1,0,0,0
7158,2026-01-22 18:03:00,5085.5,0,1,1,1,1,0,0,0
7158,2026-01-22 18:03:00,5085.6,0,6,6,6,2,0,0,0
7158,2026-01-22 18:03:00,5085.7,0,3,3,3,1,0,0,0
7158,2026-01-22 18:03:00,5085.8,0,3,3,3,1,0,0,0
7159,2026-01-22 18:08:00,5086.3,0,1,1,1,1,0,0,0
7160,2026-01-22 18:09:00,5089.1,0,2,2,2,1,0,0,0
7160,2026-01-22 18:09:00,5089.2,0,1,1,1,1,0,0,0
7160,2026-01-22 18:09:00,5089.3,0,1,1,1,1,0,0,0
7160,2026-01-22 18:09:00,5089.4,0,1,1,1,1,0,0,0
7161,2026-01-22 18:21:00,5088.9,1,0,1,-1,1,0,0,0
7161,2026-01-22 18:21:00,5089.0,1,0,1,-1,1,0,0,0
7162,2026-01-22 18:25:00,5085.4,0,0,1,0,1,0,0,0
7163,2026-01-22 18:26:00,5084.4,2,0,2,-2,1,0,0,0
7164,2026-01-22 18:27:00,5086.6,0,1,1,1,1,0,0,0
7164,2026-01-22 18:27:00,5086.7,0,1,1,1,1,0,0,0
7165,2026-01-22 18:29:00,5085.9,0,0,1,0,1,0,0,0
7165,2026-01-22 18:29:00,5086.2,1,0,1,-1,1,0,0,0
7165,2026-01-22 18:29:00,5086.7,0,0,2,0,2,0,0,0
7165,2026-01-22 18:29:00,5087.0,0,1,1,1,1,0,0,0
7165,2026-01-22 18:29:00,5087.5,0,0,1,0,1,0,0,0
7165,2026-01-22 18:29:00,5087.6,0,0,1,0,1,0,0,0
7165,2026-01-22 18:29:00,5088.0,0,0,1,0,1,0,0,0
7166,2026-01-22 18:30:00,5085.6,1,0,1,-1,1,0,0,0
7166,2026-01-22 18:30:00,5085.7,1,0,1,-1,1,0,0,0
7167,2026-01-22 18:32:00,5084.0,1,0,1,-1,1,0,0,0
7167,2026-01-22 18:32:00,5084.2,1,0,1,-1,1,0,0,0
7168,2026-01-22 18:35:00,5091.3,0,1,1,1,1,0,0,0
7169,2026-01-22 18:52:00,5095.0,0,0,3,0,3,0,0,0
7170,2026-01-22 18:55:00,5095.0,0,0,2,0,2,0,0,0
7171,2026-01-22 19:00:00,5093.2,0,1,1,1,1,0,0,0
7171,2026-01-22 19:00:00,5093.3,0,1,1,1,1,0,0,0
7172,2026-01-22 19:04:00,5096.9,0,1,1,1,1,0,0,0
7173,2026-01-22 19:11:00,5098.3,0,1,1,1,1,0,0,0
7174,2026-01-22 19:29:00,5088.4,1,0,1,-1,1,0,0,0
7175,2026-01-22 19:48:00,5084.9,2,0,2,-2,1,0,0,0
7175,2026-01-22 19:48:00,5086.9,0,1,1,1,1,0,0,0
7176,2026-01-22 20:04:00,5097.9,0,0,1,0,1,0,0,0
7177,2026-01-22 20:07:00,5099.8,0,0,1,0,1,0,0,0
7178,2026-01-22 20:10:00,5099.4,0,0,1,0,1,0,0,0
7179,2026-01-22 20:29:00,5103.3,0,0,1,0,1,0,0,0
7180,2026-01-22 20:46:00,5101.3,0,1,1,1,1,0,0,0
7181,2026-01-22 21:02:00,5093.0,1,0,1,-1,1,0,0,0
7182,2026-01-22 21:18:00,5100.0,0,0,3,0,3,0,0,0
7183,2026-01-22 21:28:00,5100.0,0,0,1,0,1,0,0,0
7184,2026-01-22 21:38:00,5113.5,0,1,1,1,1,0,0,0
7185,2026-01-22 21:51:00,5114.1,1,0,1,-1,1,0,0,0
7186,2026-01-22 21:54:00,5113.6,0,1,1,1,1,0,0,0
7187,2026-01-22 23:00:00,5116.8,0,3,3,3,1,0,0,0
7188,2026-01-22 23:02:00,5123.0,0,0,2,0,2,0,0,0
7189,2026-01-22 23:07:00,5130.0,0,0,4,0,4,0,0,0
7190,2026-01-22 23:11:00,5132.7,1,0,1,-1,1,0,0,0
7190,2026-01-22 23:11:00,5132.8,1,0,1,-1,1,0,0,0
7191,2026-01-22 23:12:00,5131.2,0,0,1,0,1,0,0,0
7191,2026-01-22 23:12:00,5131.4,0,1,1,1,1,0,0,0
7192,2026-01-22 23:16:00,5120.0,0,0,2,0,2,0,0,0
7193,2026-01-22 23:22:00,5122.9,1,0,1,-1,1,0,0,0
7194,2026-01-22 23:45:00,5118.0,0,0,3,0,3,0,0,0
7195,2026-01-22 23:47:00,5129.1,0,1,1,1,1,0,0,0
7195,2026-01-22 23:47:00,5129.2,0,1,1,1,1,0,0,0
7195,2026-01-22 23:47:00,5130.5,0,1,1,1,1,0,0,0
7195,2026-01-22 23:47:00,5130.6,0,1,1,1,1,0,0,0
7195,2026-01-22 23:47:00,5131.6,0,0,2,0,2,0,0,0
7196,2026-01-22 23:49:00,5131.1,0,0,1,0,1,0,0,0
7197,2026-01-22 23:52:00,5131.6,1,0,1,-1,1,0,0,0
7197,2026-01-22 23:52:00,5132.4,1,0,1,-1,1,0,0,0
7197,2026-01-22 23:52:00,5133.2,0,1,1,1,1,0,0,0
7197,2026-01-22 23:52:00,5133.3,0,1,1,1,1,0,0,0
7198,2026-01-22 23:53:00,5134.6,0,1,1,1,1,0,0,0
7198,2026-01-22 23:53:00,5134.7,0,1,1,1,1,0,0,0
7198,2026-01-22 23:53:00,5135.3,0,1,1,1,1,0,0,0
7199,2026-01-23 00:08:00,5135.1,0,0,2,0,2,0,0,0
7199,2026-01-23 00:08:00,5135.3,0,0,1,0,1,0,0,0
7200,2026-01-23 00:10:00,5132.3,0,0,1,0,1,0,0,0
7201,2026-01-23 00:11:00,5131.2,0,0,1,0,1,0,0,0
7202,2026-01-23 00:16:00,5134.6,0,1,1,1,1,0,0,0
7203,2026-01-23 00:37:00,5130.6,0,0,3,0,2,0,0,0
7204,2026-01-23 00:40:00,5128.7,0,0,3,0,3,0,0,0
7205,2026-01-23 00:41:00,5127.4,0,0,1,0,1,0,0,0
7206,2026-01-23 00:55:00,5139.8,0,1,1,1,1,0,0,0
7206,2026-01-23 00:55:00,5140.0,0,0,1,0,1,0,0,0
7207,2026-01-23 00:57:00,5142.1,0,0,2,0,2,0,0,0
7208,2026-01-23 00:58:00,5141.7,0,0,1,0,1,0,0,0
7208,2026-01-23 00:58:00,5142.1,0,0,1,0,1,0,0,0
7208,2026-01-23 00:58:00,5142.5,0,0,1,0,1,0,0,0
7209,2026-01-23 01:04:00,5123.8,0,1,1,1,1,0,0,0
7210,2026-01-23 01:27:00,5131.0,0,0,1,0,1,0,0,0
7211,2026-01-23 01:57:00,5136.0,0,1,1,1,1,0,0,0
7211,2026-01-23 01:57:00,5136.4,0,0,2,0,2,0,0,0
7211,2026-01-23 01:57:00,5137.9,0,1,1,1,1,0,0,0
7211,2026-01-23 01:57:00,5138.3,0,1,1,1,1,0,0,0
7212,2026-01-23 02:11:00,5128.1,2,0,2,-2,2,0,0,0
7212,2026-01-23 02:11:00,5128.2,0,1,1,1,1,0,0,0
7212,2026-01-23 02:11:00,5128.3,0,1,1,1,1,0,0,0
7212,2026-01-23 02:11:00,5128.7,0,0,2,0,2,0,0,0
7213,2026-01-23 02:12:00,5130.1,0,0,1,0,1,0,0,0
7214,2026-01-23 02:24:00,5126.9,1,0,1,-1,1,0,0,0
7214,2026-01-23 02:24:00,5127.6,1,0,1,-1,1,0,0,0
7214,2026-01-23 02:24:00,5127.9,1,0,1,-1,1,0,0,0
7215,2026-01-23 03:10:00,5137.0,0,0,2,0,2,0,0,0
7216,2026-01-23 03:14:00,5133.2,1,0,1,-1,1,0,0,0
7217,2026-01-23 03:15:00,5132.9,0,0,1,0,1,0,0,0
7218,2026-01-23 03:19:00,5119.3,0,0,1,0,1,0,0,0
7218,2026-01-23 03:19:00,5119.4,1,0,1,-1,1,0,0,0
7218,2026-01-23 03:19:00,5120.0,0,0,1,0,1,0,0,0
7219,2026-01-23 03:22:00,5122.8,0,1,1,1,1,0,0,0
7220,2026-01-23 03:23:00,5123.7,0,1,1,1,1,0,0,0
7221,2026-01-23 03:24:00,5122.6,0,1,1,1,1,0,0,0
7222,2026-01-23 04:53:00,5136.0,0,0,2,0,1,0,0,0
7223,2026-01-23 04:55:00,5135.5,2,0,2,-2,1,0,0,0
7224,2026-01-23 04:58:00,5135.0,0,0,2,0,2,0,0,0
7225,2026-01-23 05:00:00,5132.8,1,0,1,-1,1,0,0,0
7226,2026-01-23 05:31:00,5138.0,1,0,1,-1,1,0,0,0
7227,2026-01-23 05:35:00,5134.5,2,0,2,-2,2,0,0,0
7228,2026-01-23 06:03:00,5137.9,1,0,1,-1,1,0,0,0
7229,2026-01-23 06:05:00,5135.6,0,0,1,0,1,0,0,0
7230,2026-01-23 06:11:00,5127.3,1,0,1,-1,1,0,0,0
7230,2026-01-23 06:11:00,5129.4,1,0,1,-1,1,0,0,0
7230,2026-01-23 06:11:00,5130.0,0,0,1,0,1,0,0,0
7230,2026-01-23 06:11:00,5130.4,0,0,1,0,1,0,0,0
7231,2026-01-23 07:02:00,5130.5,0,0,4,0,3,0,0,0
7232,2026-01-23 07:20:00,5135.4,0,1,1,1,1,0,0,0
7233,2026-01-23 07:54:00,5126.9,1,0,1,-1,1,0,0,0
7233,2026-01-23 07:54:00,5127.0,1,0,1,-1,1,0,0,0
7234,2026-01-23 07:56:00,5126.8,1,0,1,-1,1,0,0,0
7234,2026-01-23 07:56:00,5127.0,1,0,1,-1,1,0,0,0
7235,2026-01-23 08:00:00,5119.4,1,0,1,-1,1,0,0,0
7235,2026-01-23 08:00:00,5119.6,1,0,1,-1,1,0,0,0
7235,2026-01-23 08:00:00,5120.0,1,0,2,-1,2,0,0,0
7236,2026-01-23 08:11:00,5119.0,1,0,1,-1,1,0,0,0
7236,2026-01-23 08:11:00,5121.4,1,0,1,-1,1,0,0,0
7237,2026-01-23 08:20:00,5110.0,0,0,1,0,1,0,0,0
7238,2026-01-23 08:23:00,5100.0,0,0,2,0,2,0,0,0
7239,2026-01-23 08:28:00,5080.0,0,0,6,0,5,0,0,0
7240,2026-01-23 08:35:00,5093.0,1,0,1,-1,1,0,0,0
7241,2026-01-23 08:38:00,5100.2,1,0,1,-1,1,0,0,0
7242,2026-01-23 09:05:00,5090.1,1,0,1,-1,1,0,0,0
7243,2026-01-23 10:25:00,5104.0,0,0,10,0,5,0,0,0
7244,2026-01-23 10:28:00,5107.8,0,1,1,1,1,0,0,0
7244,2026-01-23 10:28:00,5107.9,0,1,1,1,1,0,0,0
7245,2026-01-23 10:49:00,5103.8,0,1,1,1,1,0,0,0
7246,2026-01-23 10:50:00,5104.3,1,0,1,-1,1,0,0,0
7247,2026-01-23 10:52:00,5106.0,0,0,1,0,1,0,0,0
7248,2026-01-23 11:59:00,5099.5,0,0,1,0,1,0,0,0
7249,2026-01-23 12:18:00,5108.0,0,0,1,0,1,0,0,0
7249,2026-01-23 12:18:00,5108.8,0,0,1,0,1,0,0,0
7250,2026-01-23 12:47:00,5115.8,0,1,1,1,1,0,0,0
7251,2026-01-23 12:57:00,5117.9,0,0,1,0,1,0,0,0
7251,2026-01-23 12:57:00,5118.1,0,0,1,0,1,0,0,0
7252,2026-01-23 12:59:00,5117.7,0,1,1,1,1,0,0,0
7253,2026-01-23 13:00:00,5114.4,0,1,1,1,1,0,0,0
7254,2026-01-23 13:06:00,5122.0,1,0,1,-1,1,0,0,0
7255,2026-01-23 13:08:00,5120.3,0,0,1,0,1,0,0,0
7256,2026-01-23 13:10:00,5117.2,1,0,1,-1,1,0,0,0
7257,2026-01-23 13:12:00,5115.5,1,0,1,-1,1,0,0,0
7257,2026-01-23 13:12:00,5116.6,1,0,1,-1,1,0,0,0
7258,2026-01-23 13:13:00,5117.3,0,1,1,1,1,0,0,0
7259,2026-01-23 13:19:00,5117.0,0,0,2,0,2,0,0,0
7260,2026-01-23 13:20:00,5110.0,0,0,1,0,1,0,0,0
7260,2026-01-23 13:20:00,5110.3,1,0,1,-1,1,0,0,0
7261,2026-01-23 13:22:00,5108.6,0,1,1,1,1,0,0,0
7261,2026-01-23 13:22:00,5108.7,0,1,1,1,1,0,0,0
7262,2026-01-23 13:24:00,5106.3,0,1,1,1,1,0,0,0
7263,2026-01-23 13:26:00,5107.0,1,0,1,-1,1,0,0,0
7264,2026-01-23 13:33:00,5115.6,0,0,1,0,1,0,0,0
7265,2026-01-23 13:35:00,5117.0,0,0,1,0,1,0,0,0
7266,2026-01-23 13:36:00,5106.0,1,0,1,-1,1,0,0,0
7266,2026-01-23 13:36:00,5106.1,1,0,1,-1,1,0,0,0
7266,2026-01-23 13:36:00,5106.2,1,0,1,-1,1,0,0,0
7266,2026-01-23 13:36:00,5107.7,1,0,1,-1,1,0,0,0
7267,2026-01-23 13:39:00,5105.7,0,0,1,0,1,0,0,0
7268,2026-01-23 13:44:00,5106.0,1,0,1,-1,1,0,0,0
7269,2026-01-23 14:03:00,5116.7,0,1,1,1,1,0,0,0
7270,2026-01-23 14:11:00,5124.6,0,1,1,1,1,0,0,0
7271,2026-01-23 14:12:00,5125.7,0,0,1,0,1,0,0,0
7272,2026-01-23 14:15:00,5123.2,0,0,1,0,1,0,0,0
7272,2026-01-23 14:15:00,5123.5,1,0,1,-1,1,0,0,0
7273,2026-01-23 14:31:00,5114.3,1,0,1,-1,1,0,0,0
7273,2026-01-23 14:31:00,5114.5,1,0,1,-1,1,0,0,0
7274,2026-01-23 14:38:00,5126.1,0,0,1,0,1,0,0,0
7274,2026-01-23 14:38:00,5126.4,0,1,1,1,1,0,0,0
7274,2026-01-23 14:38:00,5126.5,0,1,1,1,1,0,0,0
7275,2026-01-23 14:50:00,5132.0,0,0,2,0,2,0,0,0
7276,2026-01-23 14:51:00,5134.4,0,0,1,0,1,0,0,0
7277,2026-01-23 14:54:00,5131.8,1,0,1,-1,1,0,0,0
7277,2026-01-23 14:54:00,5131.9,1,0,1,-1,1,0,0,0
7277,2026-01-23 14:54:00,5132.8,0,0,1,0,1,0,0,0
7278,2026-01-23 15:10:00,5131.4,0,2,2,2,1,0,0,0
7279,2026-01-23 15:12:00,5133.4,0,0,1,0,1,0,0,0
7280,2026-01-23 15:13:00,5133.4,2,0,2,-2,2,0,0,0
7280,2026-01-23 15:13:00,5133.5,0,0,1,0,1,0,0,0
7280,2026-01-23 15:13:00,5133.9,0,0,1,0,1,0,0,0
7281,2026-01-23 15:38:00,5134.6,0,1,1,1,1,0,0,0
7282,2026-01-23 15:40:00,5136.0,0,1,1,1,1,0,0,0
7283,2026-01-23 15:41:00,5137.6,0,0,2,0,2,0,0,0
7283,2026-01-23 15:41:00,5137.9,0,1,1,1,1,0,0,0
7283,2026-01-23 15:41:00,5138.0,0,1,1,1,1,0,0,0
7283,2026-01-23 15:41:00,5138.2,0,1,2,1,2,0,0,0
7283,2026-01-23 15:41:00,5138.6,0,1,1,1,1,0,0,0
7283,2026-01-23 15:41:00,5138.8,0,1,1,1,1,0,0,0
7284,2026-01-23 15:55:00,5138.7,1,0,1,-1,1,0,0,0
7285,2026-01-23 16:11:00,5156.6,0,1,1,1,1,0,0,0
7285,2026-01-23 16:11:00,5156.7,0,2,2,2,1,0,0,0
7285,2026-01-23 16:11:00,5156.8,0,2,2,2,1,0,0,0
7286,2026-01-23 16:12:00,5156.5,0,0,1,0,1,0,0,0
7287,2026-01-23 16:15:00,5151.7,1,0,1,-1,1,0,0,0
7288,2026-01-23 16:41:00,5163.0,0,0,2,0,2,0,0,0
7288,2026-01-23 16:41:00,5163.5,0,0,1,0,1,0,0,0
7289,2026-01-23 16:42:00,5164.8,0,1,1,1,1,0,0,0
7290,2026-01-23 16:49:00,5159.9,0,0,1,0,1,0,0,0
7291,2026-01-23 17:03:00,5163.0,0,0,1,0,1,0,0,0
7291,2026-01-23 17:03:00,5163.5,0,1,1,1,1,0,0,0
7292,2026-01-23 17:12:00,5167.4,0,1,1,1,1,0,0,0
7292,2026-01-23 17:12:00,5167.5,0,1,1,1,1,0,0,0
7293,2026-01-23 17:13:00,5167.4,0,1,1,1,1,0,0,0
7294,2026-01-23 17:24:00,5164.7,1,0,1,-1,1,0,0,0
7294,2026-01-23 17:24:00,5165.2,0,1,1,1,1,0,0,0
7295,2026-01-23 17:27:00,5163.9,2,0,2,-2,1,0,0,0
7296,2026-01-23 17:30:00,5165.5,0,1,1,1,1,0,0,0
7297,2026-01-23 17:35:00,5165.0,0,0,3,0,3,0,0,0
7298,2026-01-23 17:54:00,5158.0,2,0,2,-2,1,0,0,0
7299,2026-01-23 18:04:00,5160.1,0,0,1,0,1,0,0,0
7299,2026-01-23 18:04:00,5160.2,0,1,1,1,1,0,0,0
7300,2026-01-23 18:22:00,5161.9,2,0,2,-2,1,0,0,0
7301,2026-01-23 18:29:00,5159.5,0,1,1,1,1,0,0,0
7301,2026-01-23 18:29:00,5160.1,0,1,1,1,1,0,0,0
7301,2026-01-23 18:29:00,5160.3,0,1,1,1,1,0,0,0
7301,2026-01-23 18:29:00,5160.5,0,0,1,0,1,0,0,0
7301,2026-01-23 18:29:00,5160.6,0,1,1,1,1,0,0,0
7301,2026-01-23 18:29:00,5160.9,0,1,1,1,1,0,0,0
7301,2026-01-23 18:29:00,5161.0,0,1,1,1,1,0,0,0
7301,2026-01-23 18:29:00,5161.5,1,0,2,-1,2,0,0,0
7301,2026-01-23 18:29:00,5161.9,0,1,1,1,1,0,0,0
7301,2026-01-23 18:29:00,5162.1,0,1,1,1,1,0,0,0
7302,2026-01-23 18:34:00,5154.7,0,0,1,0,1,0,0,0
7303,2026-01-23 18:41:00,5149.0,1,0,1,-1,1,0,0,0
7303,2026-01-23 18:41:00,5149.1,2,0,2,-2,2,0,0,0
7303,2026-01-23 18:41:00,5149.6,1,0,1,-1,1,0,0,0
7303,2026-01-23 18:41:00,5150.0,0,0,1,0,1,0,0,0
7304,2026-01-23 18:45:00,5145.6,0,0,1,0,1,0,0,0
7305,2026-01-23 18:51:00,5148.2,0,1,1,1,1,0,0,0
7305,2026-01-23 18:51:00,5148.4,0,2,2,2,1,0,0,0
7306,2026-01-23 18:55:00,5150.6,0,0,1,0,1,0,0,0
7307,2026-01-23 19:02:00,5153.8,0,0,1,0,1,0,0,0
7308,2026-01-23 19:04:00,5157.2,0,0,1,0,1,0,0,0
7309,2026-01-23 19:07:00,5157.8,0,1,1,1,1,0,0,0
7309,2026-01-23 19:07:00,5158.1,0,1,1,1,1,0,0,0
7310,2026-01-23 19:33:00,5158.1,0,0,2,0,2,0,0,0
7311,2026-01-23 19:41:00,5157.1,1,0,1,-1,1,0,0,0
7311,2026-01-23 19:41:00,5157.2,1,0,1,-1,1,0,0,0
7312,2026-01-23 19:43:00,5158.3,0,0,1,0,1,0,0,0
7313,2026-01-23 19:49:00,5165.4,0,1,1,1,1,0,0,0
7314,2026-01-23 19:57:00,5166.7,1,0,1,-1,1,0,0,0
7314,2026-01-23 19:57:00,5167.2,1,0,1,-1,1,0,0,0
7315,2026-01-23 20:07:00,5154.0,1,0,1,-1,1,0,0,0
7315,2026-01-23 20:07:00,5154.1,1,0,1,-1,1,0,0,0
7315,2026-01-23 20:07:00,5154.7,1,0,1,-1,1,0,0,0
7315,2026-01-23 20:07:00,5155.0,0,0,1,0,1,0,0,0
7315,2026-01-23 20:07:00,5158.0,0,0,2,0,2,0,0,0
7316,2026-01-23 20:09:00,5156.9,0,0,1,0,1,0,0,0
7317,2026-01-23 20:10:00,5160.0,0,0,1,0,1,0,0,0
7318,2026-01-23 20:22:00,5160.9,2,0,2,-2,1,0,0,0
7319,2026-01-23 20:48:00,5163.1,0,1,1,1,1,0,0,0
7320,2026-01-23 20:59:00,5162.6,0,0,1,0,1,0,0,0
7320,2026-01-23 20:59:00,5162.7,0,1,1,1,1,0,0,0
7321,2026-01-23 21:03:00,5165.2,0,2,2,2,1,0,0,0
7321,2026-01-23 21:03:00,5165.3,0,1,1,1,1,0,0,0
7322,2026-01-23 21:06:00,5166.7,0,1,1,1,1,0,0,0
7323,2026-01-23 21:07:00,5165.7,0,1,1,1,1,0,0,0
7324,2026-01-23 21:20:00,5159.0,2,0,2,-2,1,0,0,0
7324,2026-01-23 21:20:00,5159.2,1,0,1,-1,1,0,0,0
7324,2026-01-23 21:20:00,5159.4,1,0,1,-1,1,0,0,0
7324,2026-01-23 21:20:00,5159.6,2,0,2,-2,1,0,0,0
7325,2026-01-23 21:24:00,5162.9,0,1,1,1,1,0,0,0
7326,2026-01-23 21:28:00,5163.8,0,1,1,1,1,0,0,0
7327,2026-01-23 21:29:00,5162.9,0,1,1,1,1,0,0,0
7327,2026-01-23 21:29:00,5163.0,0,1,1,1,1,0,0,0
7327,2026-01-23 21:29:00,5163.1,0,1,1,1,1,0,0,0
7327,2026-01-23 21:29:00,5163.9,0,1,1,1,1,0,0,0
7328,2026-01-23 21:32:00,5163.4,1,0,1,-1,1,0,0,0
7328,2026-01-23 21:32:00,5163.8,0,1,1,1,1,0,0,0
7329,2026-01-23 21:38:00,5162.6,1,0,1,-1,1,0,0,0
7329,2026-01-23 21:38:00,5163.9,0,1,1,1,1,0,0,0
7330,2026-01-23 21:40:00,5161.7,1,0,1,-1,1,0,0,0
7331,2026-01-23 21:41:00,5162.9,0,1,1,1,1,0,0,0
7332,2026-01-23 21:58:00,5169.1,0,1,1,1,1,0,0,0
7333,2026-01-25 23:01:00,5188.8,0,1,1,1,1,0,0,0
7333,2026-01-25 23:01:00,5193.3,0,1,1,1,1,0,0,0
7334,2026-01-25 23:02:00,5206.7,0,0,1,0,1,0,0,0
7335,2026-01-25 23:03:00,5207.9,0,1,1,1,1,0,0,0
7335,2026-01-25 23:03:00,5208.5,1,0,1,-1,1,0,0,0
7335,2026-01-25 23:03:00,5209.0,1,0,1,-1,1,0,0,0
7336,2026-01-25 23:05:00,5190.7,0,0,1,0,1,0,0,0
7337,2026-01-25 23:06:00,5196.7,0,1,1,1,1,0,0,0
7338,2026-01-25 23:08:00,5197.7,0,1,1,1,1,0,0,0
7339,2026-01-25 23:16:00,5206.4,1,0,1,-1,1,0,0,0
7339,2026-01-25 23:16:00,5206.5,2,0,2,-2,1,0,0,0
7340,2026-01-25 23:18:00,5203.1,0,1,1,1,1,0,0,0
7341,2026-01-25 23:19:00,5207.0,0,0,1,0,1,0,0,0
7342,2026-01-25 23:37:00,5203.6,1,0,1,-1,1,0,0,0
7342,2026-01-25 23:37:00,5203.8,3,0,3,-3,1,0,0,0
7343,2026-01-25 23:40:00,5208.3,2,0,2,-2,1,0,0,0
7343,2026-01-25 23:40:00,5208.4,2,0,2,-2,1,0,0,0
7344,2026-01-25 23:43:00,5209.3,0,1,1,1,1,0,0,0
7345,2026-01-25 23:49:00,5214.8,1,0,1,-1,1,0,0,0
7346,2026-01-25 23:50:00,5217.1,0,1,1,1,1,0,0,0
7347,2026-01-25 23:55:00,5220.1,1,0,1,-1,1,0,0,0
7347,2026-01-25 23:55:00,5222.0,0,0,2,0,1,0,0,0
7348,2026-01-25 23:59:00,5222.3,0,1,1,1,1,0,0,0
7349,2026-01-26 00:00:00,5223.3,0,1,1,1,1,0,0,0
7350,2026-01-26 00:08:00,5219.3,1,0,1,-1,1,0,0,0
7350,2026-01-26 00:08:00,5219.4,1,0,1,-1,1,0,0,0
7351,2026-01-26 00:13:00,5218.0,0,0,4,0,4,0,0,0
7352,2026-01-26 00:42:00,5233.0,0,0,2,0,2,0,0,0
7353,2026-01-26 01:14:00,5239.0,1,0,1,-1,1,0,0,0
7353,2026-01-26 01:14:00,5239.8,0,1,1,1,1,0,0,0
7354,2026-01-26 01:18:00,5244.0,0,0,2,0,2,0,0,0
7355,2026-01-26 01:19:00,5243.8,1,0,1,-1,1,0,0,0
7356,2026-01-26 01:20:00,5246.6,0,1,1,1,1,0,0,0
7357,2026-01-26 01:30:00,5254.2,1,0,1,-1,1,0,0,0
7357,2026-01-26 01:30:00,5256.0,0,1,1,1,1,0,0,0
7358,2026-01-26 01:42:00,5260.9,0,1,1,1,1,0,0,0
7358,2026-01-26 01:42:00,5261.0,0,1,1,1,1,0,0,0
7358,2026-01-26 01:42:00,5262.1,0,1,1,1,1,0,0,0
7359,2026-01-26 01:46:00,5257.8,1,0,1,-1,1,0,0,0
7359,2026-01-26 01:46:00,5259.1,0,1,1,1,1,0,0,0
7360,2026-01-26 01:49:00,5257.4,0,1,1,1,1,0,0,0
7360,2026-01-26 01:49:00,5257.5,0,2,3,2,3,0,0,0
7360,2026-01-26 01:49:00,5259.5,0,0,1,0,1,0,0,0
7361,2026-01-26 01:50:00,5255.8,0,1,1,1,1,0,0,0
7362,2026-01-26 01:51:00,5249.3,2,0,2,-2,1,0,0,0
7362,2026-01-26 01:51:00,5250.0,0,0,2,0,1,0,0,0
7362,2026-01-26 01:51:00,5252.2,2,0,2,-2,1,0,0,0
7362,2026-01-26 01:51:00,5252.3,1,0,1,-1,1,0,0,0
7363,2026-01-26 01:53:00,5260.1,1,0,1,-1,1,0,0,0
7364,2026-01-26 01:54:00,5258.5,0,1,1,1,1,0,0,0
7365,2026-01-26 01:55:00,5259.3,0,0,2,0,2,0,0,0
7365,2026-01-26 01:55:00,5260.0,0,0,1,0,1,0,0,0
7365,2026-01-26 01:55:00,5260.2,0,1,1,1,1,0,0,0
7365,2026-01-26 01:55:00,5260.4,0,1,1,1,1,0,0,0
7366,2026-01-26 02:02:00,5252.5,0,0,2,0,2,0,0,0
7367,2026-01-26 02:03:00,5248.8,1,0,1,-1,1,0,0,0
7367,2026-01-26 02:03:00,5250.9,0,1,1,1,1,0,0,0
7368,2026-01-26 02:05:00,5255.6,1,0,1,-1,1,0,0,0
7369,2026-01-26 02:06:00,5254.0,0,0,1,0,1,0,0,0
7370,2026-01-26 02:21:00,5264.7,0,1,1,1,1,0,0,0
7371,2026-01-26 02:22:00,5264.5,1,0,1,-1,1,0,0,0
7371,2026-01-26 02:22:00,5265.1,0,1,1,1,1,0,0,0
7372,2026-01-26 02:23:00,5267.9,0,1,1,1,1,0,0,0
7372,2026-01-26 02:23:00,5268.0,0,2,2,2,1,0,0,0
7372,2026-01-26 02:23:00,5268.1,0,2,2,2,1,0,0,0
7373,2026-01-26 02:24:00,5269.6,0,2,2,2,1,0,0,0
7374,2026-01-26 02:25:00,5270.3,0,1,1,1,1,0,0,0
7375,2026-01-26 02:26:00,5270.5,0,1,1,1,1,0,0,0
7376,2026-01-26 02:29:00,5269.8,0,1,1,1,1,0,0,0
7377,2026-01-26 02:32:00,5269.5,0,1,1,1,1,0,0,0
7378,2026-01-26 02:33:00,5267.0,0,0,1,0,1,0,0,0
7379,2026-01-26 02:38:00,5262.0,1,0,1,-1,1,0,0,0
7379,2026-01-26 02:38:00,5262.2,1,0,1,-1,1,0,0,0
7379,2026-01-26 02:38:00,5262.9,0,1,1,1,1,0,0,0
7380,2026-01-26 02:45:00,5270.5,0,0,1,0,1,0,0,0
7381,2026-01-26 02:47:00,5268.6,0,0,1,0,1,0,0,0
7382,2026-01-26 02:49:00,5269.6,0,0,1,0,1,0,0,0
7383,2026-01-26 02:50:00,5266.9,1,0,1,-1,1,0,0,0
7383,2026-01-26 02:50:00,5268.2,0,1,1,1,1,0,0,0
7384,2026-01-26 02:56:00,5265.9,0,0,1,0,1,0,0,0
7385,2026-01-26 02:58:00,5264.0,0,0,1,0,1,0,0,0
7386,2026-01-26 02:59:00,5262.0,0,0,2,0,2,0,0,0
7387,2026-01-26 03:01:00,5253.1,0,0,1,0,1,0,0,0
7387,2026-01-26 03:01:00,5255.0,0,0,1,0,1,0,0,0
7388,2026-01-26 03:02:00,5256.4,0,0,1,0,1,0,0,0
7388,2026-01-26 03:02:00,5258.8,1,0,1,-1,1,0,0,0
7389,2026-01-26 03:07:00,5265.8,2,0,2,-2,1,0,0,0
7389,2026-01-26 03:07:00,5265.9,2,0,2,-2,1,0,0,0
7390,2026-01-26 03:08:00,5260.8,1,0,1,-1,1,0,0,0
7390,2026-01-26 03:08:00,5261.0,1,0,1,-1,1,0,0,0
7390,2026-01-26 03:08:00,5261.3,0,0,1,0,1,0,0,0
7390,2026-01-26 03:08:00,5261.6,0,0,1,0,1,0,0,0
7391,2026-01-26 03:12:00,5261.5,1,0,1,-1,1,0,0,0
7392,2026-01-26 03:20:00,5260.6,0,1,1,1,1,0,0,0
7393,2026-01-26 03:30:00,5262.7,0,0,1,0,1,0,0,0
7394,2026-01-26 03:31:00,5262.2,0,0,4,0,3,0,0,0
7394,2026-01-26 03:31:00,5264.1,0,0,1,0,1,0,0,0
7395,2026-01-26 03:34:00,5264.0,1,0,1,-1,1,0,0,0
7396,2026-01-26 03:36:00,5263.3,0,1,1,1,1,0,0,0
7397,2026-01-26 03:43:00,5257.6,1,0,1,-1,1,0,0,0
7397,2026-01-26 03:43:00,5258.7,0,1,1,1,1,0,0,0
7398,2026-01-26 03:52:00,5250.2,1,0,1,-1,1,0,0,0
7398,2026-01-26 03:52:00,5251.0,1,0,1,-1,1,0,0,0
7399,2026-01-26 04:16:00,5254.4,1,0,1,-1,1,0,0,0
7400,2026-01-26 04:17:00,5255.6,0,0,1,0,1,0,0,0
7401,2026-01-26 04:32:00,5247.8,1,0,1,-1,1,0,0,0
7402,2026-01-26 04:45:00,5242.0,0,0,1,0,1,0,0,0
7403,2026-01-26 05:05:00,5244.5,1,0,1,-1,1,0,0,0
7404,2026-01-26 05:12:00,5235.6,1,0,1,-1,1,0,0,0
7405,2026-01-26 05:17:00,5242.2,0,1,1,1,1,0,0,0
7406,2026-01-26 05:31:00,5238.0,1,0,1,-1,1,0,0,0
7407,2026-01-26 06:10:00,5254.1,0,0,1,0,1,0,0,0
7408,2026-01-26 06:26:00,5258.3,0,1,1,1,1,0,0,0
7409,2026-01-26 06:33:00,5259.6,0,1,1,1,1,0,0,0
7410,2026-01-26 06:42:00,5267.8,0,2,2,2,1,0,0,0
7410,2026-01-26 06:42:00,5267.9,0,1,1,1,1,0,0,0
7411,2026-01-26 06:43:00,5267.4,0,0,1,0,1,0,0,0
7412,2026-01-26 06:47:00,5283.0,0,0,1,0,1,0,0,0
7413,2026-01-26 06:48:00,5290.0,0,0,2,0,1,0,0,0
7414,2026-01-26 06:58:00,5260.0,0,0,2,0,2,0,0,0
7415,2026-01-26 07:01:00,5252.3,2,0,2,-2,2,0,0,0
7416,2026-01-26 07:02:00,5257.0,0,1,1,1,1,0,0,0
7417,2026-01-26 07:40:00,5268.6,1,0,1,-1,1,0,0,0
7418,2026-01-26 07:43:00,5266.7,1,0,1,-1,1,0,0,0
7419,2026-01-26 07:44:00,5266.2,0,0,1,0,1,0,0,0
7420,2026-01-26 08:13:00,5274.7,2,0,2,-2,1,0,0,0
7421,2026-01-26 08:48:00,5271.6,1,0,1,-1,1,0,0,0
7421,2026-01-26 08:48:00,5271.8,1,0,1,-1,1,0,0,0
7422,2026-01-26 08:51:00,5264.1,1,0,1,-1,1,0,0,0
7423,2026-01-26 08:54:00,5261.7,1,0,1,-1,1,0,0,0
7424,2026-01-26 09:56:00,5260.0,0,0,2,0,2,0,0,0
7425,2026-01-26 10:17:00,5271.6,0,0,1,0,1,0,0,0
7426,2026-01-26 10:20:00,5270.8,1,0,1,-1,1,0,0,0
7426,2026-01-26 10:20:00,5270.9,1,0,1,-1,1,0,0,0
7427,2026-01-26 10:36:00,5275.7,0,0,1,0,1,0,0,0
7428,2026-01-26 10:37:00,5273.7,1,0,1,-1,1,0,0,0
7428,2026-01-26 10:37:00,5274.5,0,1,1,1,1,0,0,0
7429,2026-01-26 10:44:00,5275.8,1,0,1,-1,1,0,0,0
7430,2026-01-26 10:54:00,5277.1,0,1,1,1,1,0,0,0
7431,2026-01-26 11:11:00,5273.0,0,0,1,0,1,0,0,0
7432,2026-01-26 11:18:00,5265.0,0,0,1,0,1,0,0,0
7433,2026-01-26 11:23:00,5266.2,0,0,1,0,1,0,0,0
7434,2026-01-26 11:42:00,5275.7,1,0,1,-1,1,0,0,0
7435,2026-01-26 11:45:00,5272.1,1,0,1,-1,1,0,0,0
7435,2026-01-26 11:45:00,5272.3,1,0,1,-1,1,0,0,0
7436,2026-01-26 11:51:00,5275.6,0,0,1,0,1,0,0,0
7437,2026-01-26 11:52:00,5275.1,1,0,1,-1,1,0,0,0
7437,2026-01-26 11:52:00,5276.0,0,1,1,1,1,0,0,0
7438,2026-01-26 11:59:00,5275.3,0,1,1,1,1,0,0,0
7439,2026-01-26 12:19:00,5270.0,0,0,1,0,1,0,0,0
7440,2026-01-26 12:22:00,5277.9,1,0,1,-1,1,0,0,0
7441,2026-01-26 12:27:00,5274.0,0,0,1,0,1,0,0,0
7442,2026-01-26 12:31:00,5268.0,0,0,1,0,1,0,0,0
7443,2026-01-26 12:32:00,5270.1,0,0,1,0,1,0,0,0
7444,2026-01-26 12:42:00,5264.8,0,0,1,0,1,0,0,0
7445,2026-01-26 13:00:00,5260.0,0,0,1,0,1,0,0,0
7446,2026-01-26 13:02:00,5255.9,0,0,2,0,1,0,0,0
7447,2026-01-26 13:07:00,5255.6,0,0,1,0,1,0,0,0
7448,2026-01-26 13:08:00,5256.6,0,0,1,0,1,0,0,0
7448,2026-01-26 13:08:00,5257.1,0,0,1,0,1,0,0,0
7449,2026-01-26 13:11:00,5264.6,0,0,1,0,1,0,0,0
7450,2026-01-26 13:13:00,5263.7,0,0,1,0,1,0,0,0
7451,2026-01-26 13:16:00,5265.0,0,0,1,0,1,0,0,0
7452,2026-01-26 13:19:00,5258.7,0,0,1,0,1,0,0,0
7452,2026-01-26 13:19:00,5260.6,0,0,1,0,1,0,0,0
7453,2026-01-26 13:21:00,5255.5,0,0,1,0,1,0,0,0
7454,2026-01-26 13:24:00,5252.9,0,0,1,0,1,0,0,0
7455,2026-01-26 13:27:00,5256.3,0,0,1,0,1,0,0,0
7456,2026-01-26 13:29:00,5256.7,0,0,1,0,1,0,0,0
7456,2026-01-26 13:29:00,5257.1,0,0,1,0,1,0,0,0
7457,2026-01-26 13:30:00,5251.3,1,0,1,-1,1,0,0,0
7458,2026-01-26 13:31:00,5243.5,1,0,1,-1,1,0,0,0
7458,2026-01-26 13:31:00,5245.0,0,0,2,0,2,0,0,0
7459,2026-01-26 13:32:00,5242.9,0,0,1,0,1,0,0,0
7460,2026-01-26 13:35:00,5245.0,0,0,1,0,1,0,0,0
7460,2026-01-26 13:35:00,5245.4,0,1,1,1,1,0,0,0
7460,2026-01-26 13:35:00,5245.8,0,0,1,0,1,0,0,0
7461,2026-01-26 13:37:00,5245.1,0,0,2,0,1,0,0,0
7461,2026-01-26 13:37:00,5245.3,0,0,1,0,1,0,0,0
7462,2026-01-26 13:40:00,5247.7,0,0,1,0,1,0,0,0
7463,2026-01-26 13:43:00,5254.1,0,0,1,0,1,0,0,0
7464,2026-01-26 13:44:00,5254.2,0,0,1,0,1,0,0,0
7465,2026-01-26 13:48:00,5253.9,0,0,1,0,1,0,0,0
7465,2026-01-26 13:48:00,5254.8,0,0,1,0,1,0,0,0
7466,2026-01-26 13:51:00,5253.5,0,0,1,0,1,0,0,0
7466,2026-01-26 13:51:00,5253.8,0,0,1,0,1,0,0,0
7467,2026-01-26 13:53:00,5257.0,0,0,1,0,1,0,0,0
7468,2026-01-26 13:56:00,5252.4,0,0,1,0,1,0,0,0
7469,2026-01-26 13:59:00,5251.0,0,0,1,0,1,0,0,0
7470,2026-01-26 14:00:00,5245.6,0,0,1,0,1,0,0,0
7471,2026-01-26 14:04:00,5246.9,0,0,1,0,1,0,0,0
7472,2026-01-26 14:07:00,5252.0,0,0,1,0,1,0,0,0
7473,2026-01-26 14:09:00,5251.2,0,0,1,0,1,0,0,0
7474,2026-01-26 14:12:00,5253.4,0,0,1,0,1,0,0,0
7475,2026-01-26 14:13:00,5255.0,0,0,1,0,1,0,0,0
7476,2026-01-26 14:14:00,5255.5,0,0,1,0,1,0,0,0
7477,2026-01-26 14:16:00,5248.0,0,0,2,0,2,0,0,0
7477,2026-01-26 14:16:00,5251.8,0,0,1,0,1,0,0,0
7478,2026-01-26 14:20:00,5256.3,0,0,1,0,1,0,0,0
7479,2026-01-26 14:21:00,5258.3,0,0,5,0,1,0,0,0
7479,2026-01-26 14:21:00,5258.8,0,0,1,0,1,0,0,0
7479,2026-01-26 14:21:00,5259.2,0,0,1,0,1,0,0,0
7480,2026-01-26 14:25:00,5260.1,0,1,1,1,1,0,0,0
7480,2026-01-26 14:25:00,5260.5,0,1,1,1,1,0,0,0
7481,2026-01-26 14:28:00,5265.8,0,0,1,0,1,0,0,0
7482,2026-01-26 14:30:00,5262.7,0,0,1,0,1,0,0,0
7482,2026-01-26 14:30:00,5263.1,0,1,1,1,1,0,0,0
7482,2026-01-26 14:30:00,5263.2,0,1,1,1,1,0,0,0
7483,2026-01-26 14:31:00,5260.2,0,0,2,0,2,0,0,0
7484,2026-01-26 14:32:00,5263.7,0,1,1,1,1,0,0,0
7484,2026-01-26 14:32:00,5264.9,0,1,1,1,1,0,0,0
7484,2026-01-26 14:32:00,5265.0,0,1,1,1,1,0,0,0
7485,2026-01-26 14:33:00,5262.9,0,0,1,0,1,0,0,0
7485,2026-01-26 14:33:00,5263.5,2,0,2,-2,1,0,0,0
7486,2026-01-26 14:36:00,5266.6,0,0,1,0,1,0,0,0
7487,2026-01-26 14:38:00,5274.7,0,0,1,0,1,0,0,0
7488,2026-01-26 14:39:00,5274.1,0,1,1,1,1,0,0,0
7489,2026-01-26 14:41:00,5270.0,0,0,2,0,2,0,0,0
7489,2026-01-26 14:41:00,5274.0,0,0,1,0,1,0,0,0
7490,2026-01-26 14:42:00,5266.1,0,1,1,1,1,0,0,0
7491,2026-01-26 14:44:00,5265.0,0,0,1,0,1,0,0,0
7492,2026-01-26 14:46:00,5270.7,0,0,1,0,1,0,0,0
7492,2026-01-26 14:46:00,5271.1,1,0,1,-1,1,0,0,0
7492,2026-01-26 14:46:00,5271.2,1,0,1,-1,1,0,0,0
7492,2026-01-26 14:46:00,5271.3,0,0,1,0,1,0,0,0
7493,2026-01-26 14:49:00,5272.9,0,0,1,0,1,0,0,0
7494,2026-01-26 14:51:00,5270.5,0,0,3,0,2,0,0,0
7494,2026-01-26 14:51:00,5271.7,1,0,1,-1,1,0,0,0
7494,2026-01-26 14:51:00,5271.8,1,0,1,-1,1,0,0,0
7495,2026-01-26 14:52:00,5272.5,0,0,1,0,1,0,0,0
7496,2026-01-26 14:54:00,5278.3,0,0,1,0,1,0,0,0
7496,2026-01-26 14:54:00,5280.0,0,0,2,0,1,0,0,0
7497,2026-01-26 14:57:00,5280.8,0,0,1,0,1,0,0,0
7497,2026-01-26 14:57:00,5282.0,0,0,1,0,1,0,0,0
7498,2026-01-26 15:00:00,5283.0,0,0,1,0,1,0,0,0
7499,2026-01-26 15:01:00,5276.0,0,1,1,1,1,0,0,0
7499,2026-01-26 15:01:00,5276.1,0,1,1,1,1,0,0,0
7500,2026-01-26 15:02:00,5275.4,0,0,1,0,1,0,0,0
7501,2026-01-26 15:04:00,5279.1,0,0,1,0,1,0,0,0
7502,2026-01-26 15:05:00,5276.9,0,0,1,0,1,0,0,0
7503,2026-01-26 15:07:00,5278.5,0,0,1,0,1,0,0,0
7504,2026-01-26 15:10:00,5278.4,0,0,1,0,1,0,0,0
7504,2026-01-26 15:10:00,5279.0,1,0,1,-1,1,0,0,0
7505,2026-01-26 15:12:00,5282.2,0,0,1,0,1,0,0,0
7506,2026-01-26 15:15:00,5282.6,0,0,1,0,1,0,0,0
7507,2026-01-26 15:18:00,5278.7,0,0,1,0,1,0,0,0
7508,2026-01-26 15:20:00,5274.7,2,0,2,-2,1,0,0,0
7508,2026-01-26 15:20:00,5274.9,1,0,1,-1,1,0,0,0
7509,2026-01-26 15:21:00,5273.4,0,0,1,0,1,0,0,0
7510,2026-01-26 15:23:00,5278.0,0,0,1,0,1,0,0,0
7511,2026-01-26 15:24:00,5275.7,1,0,1,-1,1,0,0,0
7511,2026-01-26 15:24:00,5277.6,0,0,1,0,1,0,0,0
7512,2026-01-26 15:26:00,5276.2,0,0,1,0,1,0,0,0
7512,2026-01-26 15:26:00,5276.4,0,0,1,0,1,0,0,0
7513,2026-01-26 15:29:00,5275.1,0,0,1,0,1,0,0,0
7514,2026-01-26 15:31:00,5277.5,0,0,1,0,1,0,0,0
7515,2026-01-26 15:34:00,5268.1,2,0,2,-2,1,0,0,0
7515,2026-01-26 15:34:00,5268.2,2,0,2,-2,1,0,0,0
7515,2026-01-26 15:34:00,5268.5,0,0,1,0,1,0,0,0
7516,2026-01-26 15:37:00,5270.5,0,0,1,0,1,0,0,0
7516,2026-01-26 15:37:00,5270.8,0,2,2,2,1,0,0,0
7516,2026-01-26 15:37:00,5270.9,0,1,1,1,1,0,0,0
7517,2026-01-26 15:39:00,5268.1,3,0,3,-3,1,0,0,0
7517,2026-01-26 15:39:00,5268.4,0,0,1,0,1,0,0,0
7518,2026-01-26 15:42:00,5261.0,0,0,1,0,1,0,0,0
7519,2026-01-26 15:44:00,5267.0,0,2,2,2,1,0,0,0
7519,2026-01-26 15:44:00,5267.3,0,1,1,1,1,0,0,0
7520,2026-01-26 15:45:00,5265.4,0,0,1,0,1,0,0,0
7520,2026-01-26 15:45:00,5266.0,0,0,1,0,1,0,0,0
7521,2026-01-26 15:47:00,5270.5,0,0,1,0,1,0,0,0
7522,2026-01-26 15:50:00,5273.2,0,0,1,0,1,0,0,0
7523,2026-01-26 15:53:00,5275.6,0,0,1,0,1,0,0,0
7524,2026-01-26 15:55:00,5277.7,1,0,2,-1,2,0,0,0
7524,2026-01-26 15:55:00,5281.0,0,0,2,0,1,0,0,0
7525,2026-01-26 15:56:00,5281.0,1,0,1,-1,1,0,0,0
7525,2026-01-26 15:56:00,5281.2,1,0,1,-1,1,0,0,0
7526,2026-01-26 15:57:00,5279.8,0,0,1,0,1,0,0,0
7527,2026-01-26 16:01:00,5279.0,0,0,1,0,1,0,0,0
7528,2026-01-26 16:03:00,5282.8,0,0,1,0,1,0,0,0
7529,2026-01-26 16:05:00,5290.9,1,0,1,-1,1,0,0,0
7530,2026-01-26 16:06:00,5290.2,0,0,1,0,1,0,0,0
7530,2026-01-26 16:06:00,5291.1,0,0,1,0,1,0,0,0
7531,2026-01-26 16:08:00,5289.3,0,0,1,0,1,0,0,0
7531,2026-01-26 16:08:00,5289.7,0,0,1,0,1,0,0,0
7532,2026-01-26 16:10:00,5285.7,0,0,1,0,1,0,0,0
7533,2026-01-26 16:14:00,5289.4,0,0,1,0,1,0,0,0
7534,2026-01-26 16:15:00,5288.0,0,0,2,0,2,0,0,0
7535,2026-01-26 16:17:00,5287.9,0,0,1,0,1,0,0,0
7536,2026-01-26 16:19:00,5285.7,0,0,1,0,1,0,0,0
7537,2026-01-26 16:22:00,5280.1,0,1,1,1,1,0,0,0
7538,2026-01-26 16:24:00,5282.8,0,0,1,0,1,0,0,0
7539,2026-01-26 16:27:00,5277.6,0,0,1,0,1,0,0,0
7540,2026-01-26 16:28:00,5270.0,1,0,4,-1,4,0,0,0
7541,2026-01-26 16:29:00,5258.0,0,0,1,0,1,0,0,0
7541,2026-01-26 16:29:00,5258.4,1,0,1,-1,1,0,0,0
7541,2026-01-26 16:29:00,5258.6,2,0,2,-2,1,0,0,0
7541,2026-01-26 16:29:00,5260.0,0,0,2,0,1,0,0,0
7542,2026-01-26 16:30:00,5260.7,0,0,1,0,1,0,0,0
7543,2026-01-26 16:32:00,5255.0,0,0,1,0,1,0,0,0
7543,2026-01-26 16:32:00,5259.5,0,0,1,0,1,0,0,0
7543,2026-01-26 16:32:00,5261.0,0,0,1,0,1,0,0,0
7544,2026-01-26 16:34:00,5263.3,0,2,2,2,1,0,0,0
7544,2026-01-26 16:34:00,5263.4,0,1,1,1,1,0,0,0
7545,2026-01-26 16:35:00,5261.6,0,0,1,0,1,0,0,0
7546,2026-01-26 16:36:00,5261.1,0,1,1,1,1,0,0,0
7547,2026-01-26 16:37:00,5263.1,0,0,1,0,1,0,0,0
7548,2026-01-26 16:39:00,5254.2,0,0,1,0,1,0,0,0
7549,2026-01-26 16:43:00,5267.0,0,0,1,0,1,0,0,0
7549,2026-01-26 16:43:00,5268.5,0,1,1,1,1,0,0,0
7550,2026-01-26 16:45:00,5265.9,0,0,1,0,1,0,0,0
7551,2026-01-26 16:46:00,5266.0,1,0,1,-1,1,0,0,0
7551,2026-01-26 16:46:00,5266.6,0,0,1,0,1,0,0,0
7551,2026-01-26 16:46:00,5266.7,0,0,1,0,1,0,0,0
7551,2026-01-26 16:46:00,5267.9,0,1,1,1,1,0,0,0
7552,2026-01-26 16:47:00,5267.3,1,0,1,-1,1,0,0,0
7553,2026-01-26 16:48:00,5269.0,0,0,1,0,1,0,0,0
7554,2026-01-26 16:51:00,5272.1,0,0,1,0,1,0,0,0
7555,2026-01-26 16:53:00,5273.6,0,0,1,0,1,0,0,0
7556,2026-01-26 16:56:00,5274.1,0,0,1,0,1,0,0,0
7557,2026-01-26 16:59:00,5276.8,0,0,1,0,1,0,0,0
7558,2026-01-26 17:02:00,5277.4,0,0,1,0,1,0,0,0
7559,2026-01-26 17:04:00,5280.3,0,0,1,0,1,0,0,0
7560,2026-01-26 17:05:00,5282.8,1,0,1,-1,1,0,0,0
7561,2026-01-26 17:07:00,5282.2,0,0,1,0,1,0,0,0
7562,2026-01-26 17:10:00,5276.6,1,0,1,-1,1,0,0,0
7562,2026-01-26 17:10:00,5276.9,0,0,1,0,1,0,0,0
7563,2026-01-26 17:11:00,5272.9,0,0,1,0,1,0,0,0
7564,2026-01-26 17:13:00,5279.0,0,1,1,1,1,0,0,0
7565,2026-01-26 17:15:00,5280.8,0,0,1,0,1,0,0,0
7566,2026-01-26 17:17:00,5279.4,2,0,2,-2,1,0,0,0
7567,2026-01-26 17:18:00,5279.9,0,0,1,0,1,0,0,0
7567,2026-01-26 17:18:00,5280.1,0,0,1,0,1,0,0,0
7568,2026-01-26 17:20:00,5278.9,0,0,1,0,1,0,0,0
7569,2026-01-26 17:23:00,5275.5,0,0,1,0,1,0,0,0
7570,2026-01-26 17:24:00,5268.7,0,0,1,0,1,0,0,0
7571,2026-01-26 17:25:00,5270.0,0,0,1,0,1,0,0,0
7572,2026-01-26 17:27:00,5272.8,0,1,1,1,1,0,0,0
7573,2026-01-26 17:28:00,5274.5,1,0,1,-1,1,0,0,0
7574,2026-01-26 17:35:00,5278.6,1,0,1,-1,1,0,0,0
7575,2026-01-26 17:38:00,5277.0,0,0,2,0,1,0,0,0
7576,2026-01-26 17:39:00,5277.9,0,0,1,0,1,0,0,0
7576,2026-01-26 17:39:00,5278.9,0,1,1,1,1,0,0,0
7577,2026-01-26 17:42:00,5285.0,0,0,1,0,1,0,0,0
7578,2026-01-26 17:53:00,5286.6,0,0,1,0,1,0,0,0
7579,2026-01-26 17:55:00,5286.6,0,0,1,0,1,0,0,0
7580,2026-01-26 17:56:00,5287.4,0,1,1,1,1,0,0,0
7580,2026-01-26 17:56:00,5287.5,0,1,1,1,1,0,0,0
7581,2026-01-26 18:02:00,5286.8,1,0,1,-1,1,0,0,0
7581,2026-01-26 18:02:00,5287.0,1,0,1,-1,1,0,0,0
7582,2026-01-26 18:05:00,5281.3,1,0,1,-1,1,0,0,0
7582,2026-01-26 18:05:00,5281.4,1,0,1,-1,1,0,0,0
7583,2026-01-26 18:06:00,5280.0,0,0,1,0,1,0,0,0
7584,2026-01-26 18:07:00,5275.0,0,0,1,0,1,0,0,0
7585,2026-01-26 18:15:00,5268.5,0,0,1,0,1,0,0,0
7586,2026-01-26 18:20:00,5273.0,0,0,2,0,1,0,0,0
7587,2026-01-26 18:21:00,5276.1,0,2,2,2,1,0,0,0
7588,2026-01-26 18:22:00,5273.4,1,0,1,-1,1,0,0,0
7588,2026-01-26 18:22:00,5273.7,1,0,1,-1,1,0,0,0
7589,2026-01-26 18:25:00,5275.0,0,0,1,0,1,0,0,0
7590,2026-01-26 18:29:00,5271.5,0,1,1,1,1,0,0,0
7590,2026-01-26 18:29:00,5271.6,0,1,1,1,1,0,0,0
7590,2026-01-26 18:29:00,5271.8,0,0,1,0,1,0,0,0
7590,2026-01-26 18:29:00,5273.0,0,0,1,0,1,0,0,0
7590,2026-01-26 18:29:00,5273.3,0,0,1,0,1,0,0,0
7590,2026-01-26 18:29:00,5273.8,0,0,1,0,1,0,0,0
7590,2026-01-26 18:29:00,5274.0,0,1,1,1,1,0,0,0
7590,2026-01-26 18:29:00,5274.5,1,0,1,-1,1,0,0,0
7590,2026-01-26 18:29:00,5274.9,0,1,1,1,1,0,0,0
7590,2026-01-26 18:29:00,5275.0,0,0,2,0,2,0,0,0
7590,2026-01-26 18:29:00,5275.2,0,1,1,1,1,0,0,0
7591,2026-01-26 18:30:00,5268.6,1,0,1,-1,1,0,0,0
7591,2026-01-26 18:30:00,5268.7,1,0,1,-1,1,0,0,0
7591,2026-01-26 18:30:00,5269.2,0,0,1,0,1,0,0,0
7591,2026-01-26 18:30:00,5270.3,1,0,1,-1,1,0,0,0
7592,2026-01-26 18:31:00,5263.0,0,0,1,0,1,0,0,0
7593,2026-01-26 18:33:00,5260.0,0,0,4,0,3,0,0,0
7594,2026-01-26 18:34:00,5259.7,0,0,7,0,5,0,0,0
7594,2026-01-26 18:34:00,5261.9,0,0,1,0,1,0,0,0
7595,2026-01-26 18:35:00,5255.1,0,0,1,0,1,0,0,0
7596,2026-01-26 18:38:00,5262.0,1,0,2,-1,2,0,0,0
7596,2026-01-26 18:38:00,5262.7,0,1,1,1,1,0,0,0
7597,2026-01-26 18:39:00,5254.0,2,0,2,-2,1,0,0,0
7598,2026-01-26 18:40:00,5253.3,0,1,2,1,2,0,0,0
7598,2026-01-26 18:40:00,5253.4,0,1,1,1,1,0,0,0
7598,2026-01-26 18:40:00,5253.5,0,1,1,1,1,0,0,0
7599,2026-01-26 18:41:00,5248.5,1,0,1,-1,1,0,0,0
7599,2026-01-26 18:41:00,5249.0,0,0,1,0,1,0,0,0
7599,2026-01-26 18:41:00,5249.1,1,0,1,-1,1,0,0,0
7599,2026-01-26 18:41:00,5249.2,1,0,1,-1,1,0,0,0
7599,2026-01-26 18:41:00,5249.5,0,0,1,0,1,0,0,0
7599,2026-01-26 18:41:00,5250.0,1,0,2,-1,2,0,0,0
7600,2026-01-26 18:45:00,5255.4,0,1,1,1,1,0,0,0
7601,2026-01-26 18:57:00,5259.3,0,1,1,1,1,0,0,0
7602,2026-01-26 19:04:00,5221.1,0,0,1,0,1,0,0,0
7602,2026-01-26 19:04:00,5225.0,0,0,1,0,1,0,0,0
7602,2026-01-26 19:04:00,5227.8,0,0,1,0,1,0,0,0
7602,2026-01-26 19:04:00,5228.2,0,0,1,0,1,0,0,0
7602,2026-01-26 19:04:00,5228.4,0,0,1,0,1,0,0,0
7602,2026-01-26 19:04:00,5229.3,0,0,1,0,1,0,0,0
7602,2026-01-26 19:04:00,5230.8,0,0,1,0,1,0,0,0
7602,2026-01-26 19:04:00,5232.2,0,1,1,1,1,0,0,0
7603,2026-01-26 19:08:00,5244.6,0,2,2,2,2,0,0,0
7603,2026-01-26 19:08:00,5246.3,0,0,1,0,1,0,0,0
7603,2026-01-26 19:08:00,5246.8,0,1,1,1,1,0,0,0
7603,2026-01-26 19:08:00,5247.3,0,0,1,0,1,0,0,0
7604,2026-01-26 19:20:00,5217.7,0,0,1,0,1,0,0,0
7605,2026-01-26 19:21:00,5217.1,1,0,1,-1,1,0,0,0
7606,2026-01-26 19:22:00,5208.5,1,0,1,-1,1,0,0,0
7606,2026-01-26 19:22:00,5208.9,0,0,1,0,1,0,0,0
7606,2026-01-26 19:22:00,5209.0,0,0,1,0,1,0,0,0
7606,2026-01-26 19:22:00,5209.1,0,0,1,0,1,0,0,0
7606,2026-01-26 19:22:00,5209.7,0,0,1,0,1,0,0,0
7607,2026-01-26 19:23:00,5208.7,0,0,1,0,1,0,0,0
7607,2026-01-26 19:23:00,5209.0,0,0,1,0,1,0,0,0
7607,2026-01-26 19:23:00,5210.7,0,1,2,1,2,0,0,0
7608,2026-01-26 19:26:00,5219.3,0,1,1,1,1,0,0,0
7609,2026-01-26 19:28:00,5215.0,0,0,1,0,1,0,0,0
7610,2026-01-26 19:48:00,5194.2,0,0,1,0,1,0,0,0
7610,2026-01-26 19:48:00,5197.1,0,0,1,0,1,0,0,0
7610,2026-01-26 19:48:00,5198.4,1,0,1,-1,1,0,0,0
7610,2026-01-26 19:48:00,5198.5,2,0,2,-2,1,0,0,0
7610,2026-01-26 19:48:00,5198.6,1,0,1,-1,1,0,0,0
7610,2026-01-26 19:48:00,5200.0,0,0,1,0,1,0,0,0
7610,2026-01-26 19:48:00,5201.1,0,0,1,0,1,0,0,0
7611,2026-01-26 19:52:00,5206.1,0,2,2,2,1,0,0,0
7612,2026-01-26 20:03:00,5220.4,0,1,1,1,1,0,0,0
7613,2026-01-26 20:05:00,5224.5,0,1,1,1,1,0,0,0
7613,2026-01-26 20:05:00,5224.7,0,2,2,2,1,0,0,0
7613,2026-01-26 20:05:00,5224.8,0,2,2,2,1,0,0,0
7614,2026-01-26 20:11:00,5229.6,0,0,1,0,1,0,0,0
7615,2026-01-26 20:16:00,5226.2,0,2,2,2,1,0,0,0
7615,2026-01-26 20:16:00,5226.4,0,1,1,1,1,0,0,0
7615,2026-01-26 20:16:00,5226.5,0,1,1,1,1,0,0,0
7615,2026-01-26 20:16:00,5226.6,0,1,1,1,1,0,0,0
7616,2026-01-26 20:27:00,5236.6,1,0,1,-1,1,0,0,0
7616,2026-01-26 20:27:00,5236.8,1,0,1,-1,1,0,0,0
7616,2026-01-26 20:27:00,5237.0,0,1,1,1,1,0,0,0
7617,2026-01-26 20:28:00,5239.3,0,1,1,1,1,0,0,0
7618,2026-01-26 20:29:00,5237.9,1,0,1,-1,1,0,0,0
7618,2026-01-26 20:29:00,5240.4,0,1,1,1,1,0,0,0
7619,2026-01-26 20:30:00,5240.8,1,0,1,-1,1,0,0,0
7620,2026-01-26 20:42:00,5230.3,0,0,1,0,1,0,0,0
7620,2026-01-26 20:42:00,5230.6,0,1,1,1,1,0,0,0
7621,2026-01-26 20:48:00,5235.6,0,1,1,1,1,0,0,0
7622,2026-01-26 20:56:00,5242.6,0,1,1,1,1,0,0,0
7623,2026-01-26 20:57:00,5240.6,0,1,1,1,1,0,0,0
7624,2026-01-26 21:04:00,5242.6,0,1,1,1,1,0,0,0
7625,2026-01-26 21:17:00,5208.0,0,0,2,0,2,0,0,0
7626,2026-01-26 21:18:00,5215.0,0,0,4,0,2,0,0,0
7627,2026-01-26 21:20:00,5206.0,0,0,1,0,1,0,0,0
7628,2026-01-26 21:21:00,5206.0,0,0,1,0,1,0,0,0
7629,2026-01-26 21:22:00,5194.0,0,0,2,0,1,0,0,0
7629,2026-01-26 21:22:00,5203.4,1,0,1,-1,1,0,0,0
7629,2026-01-26 21:22:00,5203.5,1,0,1,-1,1,0,0,0
7630,2026-01-26 21:23:00,5192.2,1,0,1,-1,1,0,0,0
7630,2026-01-26 21:23:00,5192.3,1,0,1,-1,1,0,0,0
7631,2026-01-26 21:36:00,5181.1,0,0,1,0,1,0,0,0
7632,2026-01-26 21:40:00,5187.0,0,2,34,2,21,0,0,0
7633,2026-01-26 21:41:00,5192.4,0,1,1,1,1,0,0,0
7634,2026-01-26 21:42:00,5196.2,0,1,1,1,1,0,0,0
7635,2026-01-26 21:46:00,5192.4,0,1,1,1,1,0,0,0
7636,2026-01-26 21:59:00,5187.2,0,0,1,0,1,0,0,0
7637,2026-01-26 23:00:00,5198.4,0,1,1,1,1,0,0,0
7638,2026-01-26 23:01:00,5202.8,1,0,1,-1,1,0,0,0
7639,2026-01-26 23:08:00,5216.7,1,0,1,-1,1,0,0,0
7640,2026-01-26 23:16:00,5221.4,0,0,1,0,1,0,0,0
7640,2026-01-26 23:16:00,5222.0,0,1,1,1,1,0,0,0
7641,2026-01-26 23:18:00,5225.0,0,0,2,0,2,0,0,0
7642,2026-01-26 23:19:00,5228.0,0,0,1,0,1,0,0,0
7643,2026-01-26 23:24:00,5226.2,1,0,1,-1,1,0,0,0
7643,2026-01-26 23:24:00,5226.3,1,0,1,-1,1,0,0,0
7644,2026-01-26 23:29:00,5223.3,0,1,1,1,1,0,0,0
7645,2026-01-26 23:31:00,5223.6,0,1,1,1,1,0,0,0
7646,2026-01-26 23:40:00,5232.0,0,0,1,0,1,0,0,0
7647,2026-01-26 23:42:00,5235.2,1,0,1,-1,1,0,0,0
7648,2026-01-26 23:45:00,5239.2,0,2,2,2,2,0,0,0
7648,2026-01-26 23:45:00,5239.6,0,2,3,2,3,0,0,0
7649,2026-01-26 23:51:00,5234.4,0,1,1,1,1,0,0,0
7649,2026-01-26 23:51:00,5234.5,0,1,1,1,1,0,0,0
7649,2026-01-26 23:51:00,5234.7,0,1,1,1,1,0,0,0
7649,2026-01-26 23:51:00,5235.0,0,1,1,1,1,0,0,0
7649,2026-01-26 23:51:00,5235.2,0,1,1,1,1,0,0,0
7649,2026-01-26 23:51:00,5235.3,0,2,2,2,1,0,0,0
7649,2026-01-26 23:51:00,5235.7,0,1,1,1,1,0,0,0
7649,2026-01-26 23:51:00,5236.2,0,1,1,1,1,0,0,0
7649,2026-01-26 23:51:00,5236.6,0,1,1,1,1,0,0,0
7649,2026-01-26 23:51:00,5237.1,0,1,1,1,1,0,0,0
7649,2026-01-26 23:51:00,5237.5,0,1,1,1,1,0,0,0
7649,2026-01-26 23:51:00,5237.9,0,1,1,1,1,0,0,0
7649,2026-01-26 23:51:00,5238.3,0,1,1,1,1,0,0,0
7649,2026-01-26 23:51:00,5238.7,0,1,1,1,1,0,0,0
7649,2026-01-26 23:51:00,5239.0,0,1,1,1,1,0,0,0
7649,2026-01-26 23:51:00,5239.2,0,2,2,2,1,0,0,0
7649,2026-01-26 23:51:00,5239.4,0,0,2,0,1,0,0,0
7650,2026-01-26 23:55:00,5229.6,2,2,4,0,4,0,0,0
7650,2026-01-26 23:55:00,5229.7,1,0,1,-1,1,0,0,0
7650,2026-01-26 23:55:00,5231.7,0,0,1,0,1,0,0,0
7651,2026-01-26 23:59:00,5227.0,0,0,1,0,1,0,0,0
7652,2026-01-27 00:07:00,5232.5,0,0,1,0,1,0,0,0
7653,2026-01-27 00:28:00,5227.0,0,0,1,0,1,0,0,0
7654,2026-01-27 00:31:00,5231.2,0,2,2,2,1,0,0,0
7654,2026-01-27 00:31:00,5231.4,0,1,1,1,1,0,0,0
7655,2026-01-27 00:52:00,5199.7,0,0,3,0,1,0,0,0
7656,2026-01-27 00:53:00,5199.7,0,0,1,0,1,0,0,0
7657,2026-01-27 00:57:00,5215.0,0,0,1,0,1,0,0,0
7658,2026-01-27 01:08:00,5231.4,0,0,1,0,1,0,0,0
7658,2026-01-27 01:08:00,5232.0,0,0,1,0,1,0,0,0
7659,2026-01-27 01:14:00,5254.2,2,0,2,-2,1,0,0,0
7660,2026-01-27 01:16:00,5248.7,1,0,1,-1,1,0,0,0
7660,2026-01-27 01:16:00,5248.8,1,0,1,-1,1,0,0,0
7660,2026-01-27 01:16:00,5248.9,1,0,1,-1,1,0,0,0
7661,2026-01-27 01:28:00,5250.8,1,0,1,-1,1,0,0,0
7662,2026-01-27 01:30:00,5250.9,0,0,1,0,1,0,0,0
7662,2026-01-27 01:30:00,5251.5,0,0,1,0,1,0,0,0
7663,2026-01-27 01:31:00,5250.7,0,0,1,0,1,0,0,0
7664,2026-01-27 01:32:00,5247.6,0,0,1,0,1,0,0,0
7665,2026-01-27 01:33:00,5244.5,0,1,1,1,1,0,0,0
7666,2026-01-27 02:01:00,5236.7,1,0,1,-1,1,0,0,0
7667,2026-01-27 02:02:00,5233.0,1,0,1,-1,1,0,0,0
7668,2026-01-27 02:09:00,5247.1,0,1,1,1,1,0,0,0
7668,2026-01-27 02:09:00,5247.2,0,2,2,2,1,0,0,0
7669,2026-01-27 02:19:00,5246.1,1,0,1,-1,1,0,0,0
7670,2026-01-27 02:41:00,5260.5,0,1,1,1,1,0,0,0
7671,2026-01-27 02:42:00,5259.8,1,0,1,-1,1,0,0,0
7672,2026-01-27 02:44:00,5261.3,1,0,1,-1,1,0,0,0
7673,2026-01-27 02:49:00,5260.6,0,1,1,1,1,0,0,0
7674,2026-01-27 03:05:00,5246.4,1,0,1,-1,1,0,0,0
7674,2026-01-27 03:05:00,5246.5,1,0,1,-1,1,0,0,0
7674,2026-01-27 03:05:00,5246.6,1,0,1,-1,1,0,0,0
7674,2026-01-27 03:05:00,5248.5,1,0,1,-1,1,0,0,0
7675,2026-01-27 03:14:00,5247.0,1,0,1,-1,1,0,0,0
7675,2026-01-27 03:14:00,5248.5,0,1,1,1,1,0,0,0
7676,2026-01-27 03:22:00,5254.2,0,1,1,1,1,0,0,0
7677,2026-01-27 03:31:00,5252.0,0,0,2,0,2,0,0,0
7678,2026-01-27 03:39:00,5257.5,0,1,1,1,1,0,0,0
7678,2026-01-27 03:39:00,5258.0,0,0,1,0,1,0,0,0
7678,2026-01-27 03:39:00,5258.2,0,2,2,2,2,0,0,0
7679,2026-01-27 03:46:00,5258.9,1,0,1,-1,1,0,0,0
7679,2026-01-27 03:46:00,5259.0,1,0,1,-1,1,0,0,0
7679,2026-01-27 03:46:00,5260.0,0,2,2,2,2,0,0,0
7680,2026-01-27 03:58:00,5260.8,0,0,1,0,1,0,0,0
7681,2026-01-27 04:10:00,5258.1,0,1,1,1,1,0,0,0
7682,2026-01-27 04:18:00,5259.2,0,1,1,1,1,0,0,0
7683,2026-01-27 04:40:00,5250.0,0,0,2,0,2,0,0,0
7684,2026-01-27 04:41:00,5247.8,1,0,1,-1,1,0,0,0
7684,2026-01-27 04:41:00,5248.0,1,0,1,-1,1,0,0,0
7684,2026-01-27 04:41:00,5248.3,0,0,2,0,2,0,0,0
7685,2026-01-27 04:54:00,5250.6,0,1,1,1,1,0,0,0
7686,2026-01-27 05:09:00,5242.0,0,0,1,0,1,0,0,0
7686,2026-01-27 05:09:00,5244.0,1,0,2,-1,2,0,0,0
7687,2026-01-27 05:18:00,5242.2,1,0,1,-1,1,0,0,0
7688,2026-01-27 05:19:00,5241.0,1,0,1,-1,1,0,0,0
7688,2026-01-27 05:19:00,5241.1,1,0,1,-1,1,0,0,0
7689,2026-01-27 05:34:00,5254.8,0,1,1,1,1,0,0,0
7690,2026-01-27 05:50:00,5267.0,0,0,1,0,1,0,0,0
7691,2026-01-27 05:51:00,5267.0,0,0,1,0,1,0,0,0
7692,2026-01-27 05:52:00,5265.3,0,1,1,1,1,0,0,0
7692,2026-01-27 05:52:00,5265.4,0,2,2,2,1,0,0,0
7693,2026-01-27 06:01:00,5269.5,0,1,1,1,1,0,0,0
7694,2026-01-27 06:11:00,5262.3,0,0,1,0,1,0,0,0
7695,2026-01-27 06:40:00,5267.5,0,1,1,1,1,0,0,0
7696,2026-01-27 06:50:00,5273.2,0,0,2,0,2,0,0,0
7696,2026-01-27 06:50:00,5275.0,0,0,4,0,2,0,0,0
7696,2026-01-27 06:50:00,5275.1,2,0,2,-2,1,0,0,0
7697,2026-01-27 06:58:00,5270.9,0,0,1,0,1,0,0,0
7698,2026-01-27 07:01:00,5268.5,0,1,1,1,1,0,0,0
7698,2026-01-27 07:01:00,5268.6,0,1,1,1,1,0,0,0
7698,2026-01-27 07:01:00,5268.7,0,3,3,3,1,0,0,0
7699,2026-01-27 07:06:00,5272.9,0,1,1,1,1,0,0,0
7699,2026-01-27 07:06:00,5273.4,0,1,1,1,1,0,0,0
7700,2026-01-27 07:10:00,5275.0,0,0,2,0,1,0,0,0
7701,2026-01-27 07:12:00,5276.8,0,1,1,1,1,0,0,0
7702,2026-01-27 07:24:00,5273.9,1,0,1,-1,1,0,0,0
7703,2026-01-27 07:25:00,5270.0,0,0,1,0,1,0,0,0
7704,2026-01-27 07:31:00,5277.7,0,1,1,1,1,0,0,0
7704,2026-01-27 07:31:00,5277.8,0,0,1,0,1,0,0,0
7704,2026-01-27 07:31:00,5278.7,0,1,1,1,1,0,0,0
7705,2026-01-27 07:37:00,5280.0,0,0,1,0,1,0,0,0
7705,2026-01-27 07:37:00,5280.3,0,1,1,1,1,0,0,0
7706,2026-01-27 07:39:00,5284.5,0,0,1,0,1,0,0,0
7707,2026-01-27 07:48:00,5277.7,1,0,1,-1,1,0,0,0
7707,2026-01-27 07:48:00,5277.8,1,0,1,-1,1,0,0,0
7707,2026-01-27 07:48:00,5278.0,0,0,1,0,1,0,0,0
7708,2026-01-27 07:58:00,5275.0,0,0,1,0,1,0,0,0
7709,2026-01-27 08:03:00,5270.0,0,0,2,0,2,0,0,0
7710,2026-01-27 08:08:00,5267.0,0,0,2,0,2,0,0,0
7711,2026-01-27 08:19:00,5272.0,0,0,1,0,1,0,0,0
7712,2026-01-27 08:22:00,5272.5,0,0,1,0,1,0,0,0
7713,2026-01-27 08:25:00,5270.0,0,0,2,0,2,0,0,0
7714,2026-01-27 08:34:00,5260.0,0,0,4,0,2,0,0,0
7715,2026-01-27 09:14:00,5268.1,0,1,1,1,1,0,0,0
7716,2026-01-27 09:23:00,5272.0,0,1,2,1,2,0,0,0
7717,2026-01-27 09:24:00,5272.0,0,1,2,1,2,0,0,0
7718,2026-01-27 09:27:00,5270.8,1,0,1,-1,1,0,0,0
7719,2026-01-27 09:28:00,5271.8,0,1,1,1,1,0,0,0
7720,2026-01-27 09:34:00,5274.5,1,0,1,-1,1,0,0,0
7720,2026-01-27 09:34:00,5275.2,0,2,2,2,2,0,0,0
7721,2026-01-27 09:37:00,5276.4,0,2,2,2,2,0,0,0
7722,2026-01-27 09:38:00,5277.0,0,1,1,1,1,0,0,0
7723,2026-01-27 09:42:00,5275.5,1,0,1,-1,1,0,0,0
7723,2026-01-27 09:42:00,5275.9,1,0,1,-1,1,0,0,0
7724,2026-01-27 09:52:00,5279.0,0,0,1,0,1,0,0,0
7724,2026-01-27 09:52:00,5279.2,0,1,1,1,1,0,0,0
7725,2026-01-27 09:54:00,5282.3,0,0,1,0,1,0,0,0
7726,2026-01-27 09:57:00,5280.5,0,1,1,1,1,0,0,0
7726,2026-01-27 09:57:00,5280.6,1,0,1,-1,1,0,0,0
7727,2026-01-27 10:00:00,5281.9,1,0,1,-1,1,0,0,0
7727,2026-01-27 10:00:00,5282.0,1,0,1,-1,1,0,0,0
7728,2026-01-27 10:01:00,5281.0,1,0,1,-1,1,0,0,0
7728,2026-01-27 10:01:00,5283.1,0,1,1,1,1,0,0,0
7728,2026-01-27 10:01:00,5283.5,0,2,2,2,2,0,0,0
7728,2026-01-27 10:01:00,5283.8,0,1,1,1,1,0,0,0
7729,2026-01-27 10:07:00,5279.5,0,1,1,1,1,0,0,0
7730,2026-01-27 10:20:00,5275.0,0,0,1,0,1,0,0,0
7730,2026-01-27 10:20:00,5279.0,0,1,1,1,1,0,0,0
7731,2026-01-27 10:25:00,5275.0,0,0,2,0,1,0,0,0
7732,2026-01-27 10:33:00,5268.0,1,0,2,-1,2,0,0,0
7732,2026-01-27 10:33:00,5268.8,1,0,1,-1,1,0,0,0
7733,2026-01-27 10:36:00,5271.1,0,1,1,1,1,0,0,0
7734,2026-01-27 10:44:00,5269.9,0,0,1,0,1,0,0,0
7735,2026-01-27 10:45:00,5269.7,0,0,1,0,1,0,0,0
7735,2026-01-27 10:45:00,5270.1,0,0,1,0,1,0,0,0
7736,2026-01-27 10:47:00,5266.8,1,0,1,-1,1,0,0,0
7737,2026-01-27 11:20:00,5271.2,0,0,1,0,1,0,0,0
7738,2026-01-27 11:21:00,5271.8,0,1,1,1,1,0,0,0
7739,2026-01-27 11:27:00,5272.0,0,1,1,1,1,0,0,0
7739,2026-01-27 11:27:00,5272.1,0,2,2,2,1,0,0,0
7740,2026-01-27 11:45:00,5267.8,1,0,1,-1,1,0,0,0
7740,2026-01-27 11:45:00,5268.0,1,0,1,-1,1,0,0,0
7740,2026-01-27 11:45:00,5268.1,1,0,1,-1,1,0,0,0
7740,2026-01-27 11:45:00,5268.3,1,0,1,-1,1,0,0,0
7741,2026-01-27 11:51:00,5255.9,1,0,1,-1,1,0,0,0
7742,2026-01-27 11:57:00,5262.8,0,1,1,1,1,0,0,0
7743,2026-01-27 12:02:00,5261.2,1,0,1,-1,1,0,0,0
7744,2026-01-27 12:06:00,5265.0,0,0,1,0,1,0,0,0
7745,2026-01-27 12:07:00,5265.4,1,0,1,-1,1,0,0,0
7746,2026-01-27 12:20:00,5259.0,1,0,1,-1,1,0,0,0
7746,2026-01-27 12:20:00,5259.6,1,0,1,-1,1,0,0,0
7747,2026-01-27 12:23:00,5260.7,0,1,1,1,1,0,0,0
7747,2026-01-27 12:23:00,5260.9,0,1,1,1,1,0,0,0
7747,2026-01-27 12:23:00,5261.0,0,1,1,1,1,0,0,0
7748,2026-01-27 12:26:00,5259.4,1,0,1,-1,1,0,0,0
7749,2026-01-27 12:27:00,5257.5,2,0,2,-2,1,0,0,0
7749,2026-01-27 12:27:00,5257.6,1,0,1,-1,1,0,0,0
7749,2026-01-27 12:27:00,5257.8,1,0,1,-1,1,0,0,0
7750,2026-01-27 12:28:00,5259.3,0,1,1,1,1,0,0,0
7750,2026-01-27 12:28:00,5259.4,0,2,2,2,2,0,0,0
7750,2026-01-27 12:28:00,5260.5,0,1,1,1,1,0,0,0
7751,2026-01-27 12:35:00,5270.4,1,0,1,-1,1,0,0,0
7752,2026-01-27 12:36:00,5271.8,3,0,3,-3,1,0,0,0
7753,2026-01-27 13:02:00,5276.6,0,1,1,1,1,0,0,0
7754,2026-01-27 13:04:00,5274.7,0,1,1,1,1,0,0,0
7754,2026-01-27 13:04:00,5274.8,0,3,3,3,1,0,0,0
7754,2026-01-27 13:04:00,5274.9,0,1,1,1,1,0,0,0
7755,2026-01-27 13:36:00,5261.5,1,0,1,-1,1,0,0,0
7755,2026-01-27 13:36:00,5261.6,2,0,2,-2,1,0,0,0
7755,2026-01-27 13:36:00,5261.7,1,0,1,-1,1,0,0,0
7755,2026-01-27 13:36:00,5262.0,1,0,1,-1,1,0,0,0
7756,2026-01-27 13:39:00,5262.2,0,0,1,0,1,0,0,0
7757,2026-01-27 13:43:00,5254.4,1,0,1,-1,1,0,0,0
7757,2026-01-27 13:43:00,5255.6,1,0,1,-1,1,0,0,0
7758,2026-01-27 13:54:00,5265.0,0,0,3,0,3,0,0,0
7759,2026-01-27 13:58:00,5264.6,0,1,1,1,1,0,0,0
7760,2026-01-27 14:03:00,5253.0,0,0,1,0,1,0,0,0
7761,2026-01-27 14:05:00,5251.2,0,0,2,0,2,0,0,0
7762,2026-01-27 14:07:00,5248.0,1,0,2,-1,2,0,0,0
7763,2026-01-27 14:08:00,5252.0,0,0,1,0,1,0,0,0
7764,2026-01-27 14:11:00,5252.6,3,0,3,-3,2,0,0,0
7764,2026-01-27 14:11:00,5255.3,0,0,1,0,1,0,0,0
7764,2026-01-27 14:11:00,5255.5,0,0,1,0,1,0,0,0
7765,2026-01-27 14:13:00,5240.0,0,0,1,0,1,0,0,0
7766,2026-01-27 14:16:00,5234.7,1,0,1,-1,1,0,0,0
7767,2026-01-27 14:17:00,5230.0,0,0,1,0,1,0,0,0
7768,2026-01-27 14:18:00,5236.3,2,0,2,-2,1,0,0,0
7768,2026-01-27 14:18:00,5236.4,2,0,2,-2,1,0,0,0
7768,2026-01-27 14:18:00,5236.6,2,0,2,-2,1,0,0,0
7768,2026-01-27 14:18:00,5236.7,2,0,2,-2,1,0,0,0
7768,2026-01-27 14:18:00,5236.9,1,0,1,-1,1,0,0,0
7769,2026-01-27 14:19:00,5236.7,0,1,5,1,2,0,0,0
7770,2026-01-27 14:24:00,5240.4,1,0,1,-1,1,0,0,0
7771,2026-01-27 14:29:00,5244.8,0,1,1,1,1,0,0,0
7772,2026-01-27 14:36:00,5253.7,1,0,1,-1,1,0,0,0
7773,2026-01-27 14:56:00,5239.9,0,1,1,1,1,0,0,0
7774,2026-01-27 14:58:00,5237.3,1,0,1,-1,1,0,0,0
7775,2026-01-27 14:59:00,5233.0,0,1,1,1,1,0,0,0
7775,2026-01-27 14:59:00,5235.4,1,0,1,-1,1,0,0,0
7775,2026-01-27 14:59:00,5236.1,0,0,1,0,1,0,0,0
7776,2026-01-27 15:00:00,5230.2,0,0,1,0,1,0,0,0
7776,2026-01-27 15:00:00,5231.1,0,0,1,0,1,0,0,0
7777,2026-01-27 15:12:00,5241.2,1,0,1,-1,1,0,0,0
7778,2026-01-27 15:37:00,5265.0,0,1,1,1,1,0,0,0
7779,2026-01-27 15:38:00,5269.9,0,1,1,1,1,0,0,0
7780,2026-01-27 15:39:00,5266.3,0,1,1,1,1,0,0,0
7781,2026-01-27 15:40:00,5265.3,1,0,1,-1,1,0,0,0
7781,2026-01-27 15:40:00,5266.4,0,1,1,1,1,0,0,0
7782,2026-01-27 15:41:00,5265.3,0,0,1,0,1,0,0,0
7783,2026-01-27 15:43:00,5263.3,0,0,1,0,1,0,0,0
7784,2026-01-27 15:45:00,5267.0,0,0,1,0,1,0,0,0
7785,2026-01-27 15:46:00,5266.8,0,0,2,0,2,0,0,0
7785,2026-01-27 15:46:00,5268.1,2,0,2,-2,2,0,0,0
7786,2026-01-27 15:49:00,5269.8,0,0,1,0,1,0,0,0
7787,2026-01-27 15:51:00,5270.0,0,0,3,0,1,0,0,0
7788,2026-01-27 15:53:00,5269.9,0,1,1,1,1,0,0,0
7789,2026-01-27 15:57:00,5268.0,0,0,1,0,1,0,0,0
7790,2026-01-27 16:01:00,5275.5,0,1,1,1,1,0,0,0
7791,2026-01-27 16:04:00,5270.5,1,0,1,-1,1,0,0,0
7792,2026-01-27 16:06:00,5271.5,0,1,1,1,1,0,0,0
7793,2026-01-27 16:08:00,5273.7,1,0,1,-1,1,0,0,0
7793,2026-01-27 16:08:00,5274.0,0,2,2,2,1,0,0,0
7793,2026-01-27 16:08:00,5274.2,0,3,3,3,1,0,0,0
7793,2026-01-27 16:08:00,5274.3,0,3,3,3,1,0,0,0
7793,2026-01-27 16:08:00,5274.4,0,1,1,1,1,0,0,0
7794,2026-01-27 16:09:00,5274.2,0,1,1,1,1,0,0,0
7795,2026-01-27 16:13:00,5280.8,1,0,1,-1,1,0,0,0
7796,2026-01-27 16:15:00,5278.0,0,0,1,0,1,0,0,0
7796,2026-01-27 16:15:00,5279.3,0,1,1,1,1,0,0,0
7796,2026-01-27 16:15:00,5279.6,0,1,1,1,1,0,0,0
7797,2026-01-27 16:16:00,5279.1,1,0,1,-1,1,0,0,0
7797,2026-01-27 16:16:00,5279.2,1,0,1,-1,1,0,0,0
7798,2026-01-27 16:17:00,5280.9,0,0,1,0,1,0,0,0
7799,2026-01-27 16:18:00,5282.1,0,0,5,0,4,0,0,0
7800,2026-01-27 16:19:00,5284.7,0,1,1,1,1,0,0,0
7801,2026-01-27 16:21:00,5280.8,0,0,5,0,4,0,0,0
7802,2026-01-27 16:22:00,5280.0,2,0,2,-2,1,0,0,0
7802,2026-01-27 16:22:00,5280.3,0,0,5,0,2,0,0,0
7803,2026-01-27 16:27:00,5281.7,2,0,2,-2,1,0,0,0
7804,2026-01-27 16:29:00,5284.9,0,1,1,1,1,0,0,0
7805,2026-01-27 16:30:00,5283.0,0,0,2,0,1,0,0,0
7806,2026-01-27 16:32:00,5278.0,1,0,19,-1,11,0,0,0
7807,2026-01-27 16:35:00,5275.6,0,0,2,0,2,0,0,0
7808,2026-01-27 16:36:00,5278.0,0,2,8,2,4,0,0,0
7809,2026-01-27 16:37:00,5278.0,0,0,7,0,5,0,0,0
7810,2026-01-27 16:42:00,5283.1,0,1,1,1,1,0,0,0
7811,2026-01-27 16:43:00,5274.2,0,0,1,0,1,0,0,0
7812,2026-01-27 16:44:00,5272.0,0,0,2,0,1,0,0,0
7813,2026-01-27 16:45:00,5273.5,0,0,1,0,1,0,0,0
7814,2026-01-27 16:49:00,5274.0,0,0,1,0,1,0,0,0
7815,2026-01-27 16:55:00,5271.5,1,0,1,-1,1,0,0,0
7815,2026-01-27 16:55:00,5272.2,0,1,1,1,1,0,0,0
7816,2026-01-27 17:00:00,5270.0,0,1,1,1,1,0,0,0
7816,2026-01-27 17:00:00,5270.1,0,1,1,1,1,0,0,0
7817,2026-01-27 17:05:00,5263.8,1,0,1,-1,1,0,0,0
7817,2026-01-27 17:05:00,5264.0,1,0,1,-1,1,0,0,0
7817,2026-01-27 17:05:00,5264.1,0,0,1,0,1,0,0,0
7817,2026-01-27 17:05:00,5265.9,3,0,3,-3,3,0,0,0
7818,2026-01-27 17:08:00,5267.7,0,1,1,1,1,0,0,0
7818,2026-01-27 17:08:00,5267.8,0,1,1,1,1,0,0,0
7819,2026-01-27 17:10:00,5271.3,1,0,1,-1,1,0,0,0
7820,2026-01-27 17:12:00,5275.1,0,1,1,1,1,0,0,0
7821,2026-01-27 17:17:00,5263.3,2,0,2,-2,1,0,0,0
7821,2026-01-27 17:17:00,5263.8,0,0,1,0,1,0,0,0
7821,2026-01-27 17:17:00,5265.0,0,0,1,0,1,0,0,0
7822,2026-01-27 17:29:00,5271.5,0,1,1,1,1,0,0,0
7823,2026-01-27 17:32:00,5271.0,1,0,1,-1,1,0,0,0
7824,2026-01-27 17:35:00,5268.0,0,0,1,0,1,0,0,0
7825,2026-01-27 17:36:00,5267.0,0,0,1,0,1,0,0,0
7825,2026-01-27 17:36:00,5269.5,0,1,1,1,1,0,0,0
7826,2026-01-27 17:44:00,5264.3,1,0,1,-1,1,0,0,0
7826,2026-01-27 17:44:00,5264.4,2,0,2,-2,2,0,0,0
7827,2026-01-27 17:58:00,5268.2,0,1,1,1,1,0,0,0
7827,2026-01-27 17:58:00,5268.3,0,1,1,1,1,0,0,0
7828,2026-01-27 18:03:00,5271.4,0,1,1,1,1,0,0,0
7829,2026-01-27 18:08:00,5260.6,3,0,3,-3,2,0,0,0
7830,2026-01-27 18:20:00,5264.1,1,0,1,-1,1,0,0,0
7831,2026-01-27 18:25:00,5261.9,1,0,1,-1,1,0,0,0
7832,2026-01-27 18:29:00,5265.5,0,0,1,0,1,0,0,0
7832,2026-01-27 18:29:00,5265.6,0,0,1,0,1,0,0,0
7832,2026-01-27 18:29:00,5267.1,1,0,1,-1,1,0,0,0
7833,2026-01-27 18:30:00,5268.7,1,0,1,-1,1,0,0,0
7833,2026-01-27 18:30:00,5268.8,3,0,3,-3,1,0,0,0
7833,2026-01-27 18:30:00,5268.9,1,0,1,-1,1,0,0,0
7834,2026-01-27 18:34:00,5270.6,0,1,1,1,1,0,0,0
7835,2026-01-27 18:36:00,5271.3,1,0,1,-1,1,0,0,0
7836,2026-01-27 18:37:00,5273.2,0,1,1,1,1,0,0,0
7837,2026-01-27 18:49:00,5273.2,0,0,1,0,1,0,0,0
7838,2026-01-27 18:51:00,5275.2,0,0,1,0,1,0,0,0
7839,2026-01-27 18:58:00,5273.5,0,1,1,1,1,0,0,0
7840,2026-01-27 19:05:00,5267.3,1,0,1,-1,1,0,0,0
7840,2026-01-27 19:05:00,5267.4,2,0,2,-2,1,0,0,0
7841,2026-01-27 19:06:00,5262.0,1,0,1,-1,1,0,0,0
7842,2026-01-27 19:24:00,5272.0,0,0,1,0,1,0,0,0
7843,2026-01-27 19:42:00,5274.4,0,0,2,0,1,0,0,0
7844,2026-01-27 20:03:00,5287.1,0,1,1,1,1,0,0,0
7844,2026-01-27 20:03:00,5305.0,0,0,2,0,1,0,0,0
7845,2026-01-27 20:04:00,5298.9,1,0,1,-1,1,0,0,0
7845,2026-01-27 20:04:00,5300.7,0,1,1,1,1,0,0,0
7846,2026-01-27 20:06:00,5300.0,0,0,2,0,1,0,0,0
7847,2026-01-27 20:07:00,5310.0,0,1,2,1,2,0,0,0
7848,2026-01-27 20:08:00,5304.0,0,0,2,0,1,0,0,0
7849,2026-01-27 20:09:00,5306.2,0,1,1,1,1,0,0,0
7850,2026-01-27 20:10:00,5310.3,0,1,1,1,1,0,0,0
7850,2026-01-27 20:10:00,5310.4,0,1,1,1,1,0,0,0
7850,2026-01-27 20:10:00,5315.0,0,0,2,0,2,0,0,0
7850,2026-01-27 20:10:00,5316.0,0,0,1,0,1,0,0,0
7851,2026-01-27 20:11:00,5320.0,0,0,2,0,1,0,0,0
7851,2026-01-27 20:11:00,5322.0,0,0,1,0,1,0,0,0
7851,2026-01-27 20:11:00,5326.0,0,1,1,1,1,0,0,0
7852,2026-01-27 20:12:00,5320.4,0,0,1,0,1,0,0,0
7853,2026-01-27 20:13:00,5318.2,1,0,1,-1,1,0,0,0
7853,2026-01-27 20:13:00,5318.3,1,0,1,-1,1,0,0,0
7853,2026-01-27 20:13:00,5325.0,0,0,1,0,1,0,0,0
7854,2026-01-27 20:15:00,5322.6,1,0,1,-1,1,0,0,0
7854,2026-01-27 20:15:00,5322.7,1,0,1,-1,1,0,0,0
7854,2026-01-27 20:15:00,5325.0,0,0,2,0,2,0,0,0
7855,2026-01-27 20:21:00,5332.0,0,0,2,0,2,0,0,0
7856,2026-01-27 20:22:00,5330.7,0,1,1,1,1,0,0,0
7857,2026-01-27 20:23:00,5323.9,0,0,1,0,1,0,0,0
7858,2026-01-27 20:27:00,5326.6,1,0,1,-1,1,0,0,0
7859,2026-01-27 20:33:00,5320.0,0,0,1,0,1,0,0,0
7859,2026-01-27 20:33:00,5323.0,0,0,1,0,1,0,0,0
7860,2026-01-27 20:34:00,5328.0,0,1,1,1,1,0,0,0
7861,2026-01-27 20:40:00,5327.7,0,1,1,1,1,0,0,0
7861,2026-01-27 20:40:00,5328.0,1,0,1,-1,1,0,0,0
7861,2026-01-27 20:40:00,5328.1,1,0,1,-1,1,0,0,0
7861,2026-01-27 20:40:00,5328.4,0,1,1,1,1,0,0,0
7861,2026-01-27 20:40:00,5328.7,1,0,1,-1,1,0,0,0
7862,2026-01-27 20:41:00,5328.3,1,0,1,-1,1,0,0,0
7863,2026-01-27 20:44:00,5323.0,0,0,1,0,1,0,0,0
7864,2026-01-27 20:45:00,5333.0,0,0,1,0,1,0,0,0
7865,2026-01-27 20:47:00,5344.5,0,1,1,1,1,0,0,0
7866,2026-01-27 20:49:00,5350.0,0,0,10,0,4,0,0,0
7867,2026-01-27 20:51:00,5343.8,0,2,2,2,1,0,0,0
7867,2026-01-27 20:51:00,5343.9,0,1,1,1,1,0,0,0
7868,2026-01-27 20:53:00,5362.0,0,0,2,0,1,0,0,0
7869,2026-01-27 20:56:00,5363.1,0,1,1,1,1,0,0,0
7870,2026-01-27 20:59:00,5363.1,0,0,1,0,1,0,0,0
7870,2026-01-27 20:59:00,5365.0,0,0,2,0,2,0,0,0
7871,2026-01-27 21:04:00,5365.4,1,0,1,-1,1,0,0,0
7872,2026-01-27 21:12:00,5365.0,0,0,1,0,1,0,0,0
7873,2026-01-27 21:14:00,5363.3,0,3,3,3,2,0,0,0
7874,2026-01-27 21:16:00,5363.3,0,0,1,0,1,0,0,0
7875,2026-01-27 21:20:00,5367.9,0,1,1,1,1,0,0,0
7876,2026-01-27 21:37:00,5365.5,0,0,1,0,1,0,0,0
7877,2026-01-27 21:38:00,5365.7,2,0,2,-2,1,0,0,0
7878,2026-01-27 21:39:00,5369.2,0,0,1,0,1,0,0,0
7878,2026-01-27 21:39:00,5370.0,0,0,3,0,2,0,0,0
7879,2026-01-27 21:42:00,5368.0,0,0,1,0,1,0,0,0
7879,2026-01-27 21:42:00,5370.7,0,1,1,1,1,0,0,0
7880,2026-01-27 21:48:00,5374.4,0,0,1,0,1,0,0,0
7881,2026-01-27 21:51:00,5368.0,0,0,1,0,1,0,0,0
7882,2026-01-27 21:52:00,5367.8,0,1,1,1,1,0,0,0
7882,2026-01-27 21:52:00,5367.9,0,1,1,1,1,0,0,0
7883,2026-01-27 21:57:00,5369.2,0,1,1,1,1,0,0,0
7883,2026-01-27 21:57:00,5369.7,0,0,2,0,1,0,0,0
7884,2026-01-27 23:00:00,5360.0,0,0,2,0,2,0,0,0
7884,2026-01-27 23:00:00,5371.4,0,1,1,1,1,0,0,0
7885,2026-01-27 23:02:00,5356.4,1,0,1,-1,1,0,0,0
7885,2026-01-27 23:02:00,5357.0,2,0,2,-2,1,0,0,0
7885,2026-01-27 23:02:00,5358.8,0,1,1,1,1,0,0,0
7886,2026-01-27 23:09:00,5363.8,0,1,1,1,1,0,0,0
7887,2026-01-27 23:11:00,5361.0,0,0,1,0,1,0,0,0
7888,2026-01-27 23:23:00,5350.0,0,0,1,0,1,0,0,0
7888,2026-01-27 23:23:00,5352.2,0,1,1,1,1,0,0,0
7889,2026-01-27 23:28:00,5358.1,0,1,1,1,1,0,0,0
7889,2026-01-27 23:28:00,5358.2,0,1,1,1,1,0,0,0
7890,2026-01-27 23:35:00,5354.0,0,0,1,0,1,0,0,0
7891,2026-01-27 23:41:00,5355.4,0,1,1,1,1,0,0,0
7892,2026-01-27 23:53:00,5357.1,0,0,2,0,2,0,0,0
7892,2026-01-27 23:53:00,5357.4,0,0,1,0,1,0,0,0
7892,2026-01-27 23:53:00,5359.0,0,0,1,0,1,0,0,0
7892,2026-01-27 23:53:00,5359.4,0,0,1,0,1,0,0,0
7893,2026-01-27 23:54:00,5360.0,0,0,1,0,1,0,0,0
7894,2026-01-28 00:01:00,5349.4,1,0,1,-1,1,0,0,0
7894,2026-01-28 00:01:00,5350.0,1,0,2,-1,2,0,0,0
7895,2026-01-28 00:17:00,5348.4,0,1,1,1,1,0,0,0
7895,2026-01-28 00:17:00,5348.5,0,2,2,2,1,0,0,0
7896,2026-01-28 00:22:00,5346.4,1,0,1,-1,1,0,0,0
7897,2026-01-28 00:49:00,5356.8,1,0,1,-1,1,0,0,0
7898,2026-01-28 01:06:00,5379.1,0,1,1,1,1,0,0,0
7898,2026-01-28 01:06:00,5379.2,0,1,1,1,1,0,0,0
7899,2026-01-28 01:09:00,5385.6,0,1,1,1,1,0,0,0
7899,2026-01-28 01:09:00,5386.7,1,0,1,-1,1,0,0,0
7900,2026-01-28 01:13:00,5370.9,0,0,1,0,1,0,0,0
7900,2026-01-28 01:13:00,5371.7,0,0,1,0,1,0,0,0
7900,2026-01-28 01:13:00,5373.2,0,0,1,0,1,0,0,0
7901,2026-01-28 01:14:00,5373.3,0,0,1,0,1,0,0,0
7901,2026-01-28 01:14:00,5373.4,1,0,1,-1,1,0,0,0
7902,2026-01-28 01:20:00,5367.4,1,0,1,-1,1,0,0,0
7902,2026-01-28 01:20:00,5367.6,1,0,1,-1,1,0,0,0
7902,2026-01-28 01:20:00,5367.8,2,0,2,-2,2,0,0,0
7902,2026-01-28 01:20:00,5368.0,2,0,2,-2,1,0,0,0
7903,2026-01-28 01:24:00,5374.0,0,1,1,1,1,0,0,0
7903,2026-01-28 01:24:00,5374.2,0,1,1,1,1,0,0,0
7903,2026-01-28 01:24:00,5374.3,0,1,1,1,1,0,0,0
7904,2026-01-28 01:36:00,5373.3,2,0,2,-2,1,0,0,0
7905,2026-01-28 01:43:00,5397.0,0,1,1,1,1,0,0,0
7906,2026-01-28 01:44:00,5400.0,0,0,1,0,1,0,0,0
7907,2026-01-28 01:47:00,5408.9,0,1,1,1,1,0,0,0
7908,2026-01-28 01:48:00,5410.0,0,0,1,0,1,0,0,0
7909,2026-01-28 01:50:00,5410.0,0,0,1,0,1,0,0,0
7910,2026-01-28 01:54:00,5404.5,1,0,1,-1,1,0,0,0
7910,2026-01-28 01:54:00,5405.0,0,0,1,0,1,0,0,0
7911,2026-01-28 02:02:00,5389.9,1,0,1,-1,1,0,0,0
7912,2026-01-28 02:03:00,5389.5,0,0,1,0,1,0,0,0
7913,2026-01-28 02:10:00,5390.0,1,0,3,-1,2,0,0,0
7914,2026-01-28 02:18:00,5392.6,0,1,1,1,1,0,0,0
7915,2026-01-28 02:21:00,5392.1,1,0,1,-1,1,0,0,0
7916,2026-01-28 02:22:00,5395.6,0,1,1,1,1,0,0,0
7916,2026-01-28 02:22:00,5395.8,0,1,1,1,1,0,0,0
7916,2026-01-28 02:22:00,5398.8,0,1,1,1,1,0,0,0
7917,2026-01-28 02:23:00,5399.3,0,2,2,2,2,0,0,0
7917,2026-01-28 02:23:00,5399.9,0,1,1,1,1,0,0,0
7918,2026-01-28 02:31:00,5405.1,0,0,1,0,1,0,0,0
7919,2026-01-28 02:49:00,5410.1,1,0,1,-1,1,0,0,0
7920,2026-01-28 03:06:00,5421.4,1,0,1,-1,1,0,0,0
7920,2026-01-28 03:06:00,5421.5,1,0,1,-1,1,0,0,0
7920,2026-01-28 03:06:00,5421.9,0,1,1,1,1,0,0,0
7920,2026-01-28 03:06:00,5422.2,0,1,1,1,1,0,0,0
7921,2026-01-28 03:09:00,5426.6,0,0,1,0,1,0,0,0
7922,2026-01-28 03:11:00,5428.0,0,0,2,0,2,0,0,0
7923,2026-01-28 03:48:00,5418.2,0,0,1,0,1,0,0,0
7923,2026-01-28 03:48:00,5418.7,1,0,1,-1,1,0,0,0
7923,2026-01-28 03:48:00,5419.1,2,0,2,-2,2,0,0,0
7923,2026-01-28 03:48:00,5419.3,0,0,1,0,1,0,0,0
7923,2026-01-28 03:48:00,5420.1,0,0,2,0,2,0,0,0
7924,2026-01-28 03:50:00,5424.2,0,2,2,2,2,0,0,0
7924,2026-01-28 03:50:00,5424.5,0,1,1,1,1,0,0,0
7925,2026-01-28 03:51:00,5424.5,0,1,1,1,1,0,0,0
7926,2026-01-28 03:57:00,5414.3,0,0,1,0,1,0,0,0
7926,2026-01-28 03:57:00,5415.5,0,0,1,0,1,0,0,0
7927,2026-01-28 03:59:00,5416.7,1,0,1,-1,1,0,0,0
7928,2026-01-28 04:00:00,5417.0,0,0,1,0,1,0,0,0
7928,2026-01-28 04:00:00,5418.1,0,0,1,0,1,0,0,0
7929,2026-01-28 04:26:00,5422.4,1,0,1,-1,1,0,0,0
7930,2026-01-28 04:27:00,5422.1,0,1,1,1,1,0,0,0
7930,2026-01-28 04:27:00,5422.3,0,1,1,1,1,0,0,0
7931,2026-01-28 04:30:00,5420.9,1,0,1,-1,1,0,0,0
7931,2026-01-28 04:30:00,5421.6,1,0,1,-1,1,0,0,0
7932,2026-01-28 04:31:00,5420.9,1,0,1,-1,1,0,0,0
7933,2026-01-28 04:33:00,5422.1,0,1,1,1,1,0,0,0
7933,2026-01-28 04:33:00,5422.2,0,2,2,2,1,0,0,0
7934,2026-01-28 04:35:00,5419.5,1,0,1,-1,1,0,0,0
7934,2026-01-28 04:35:00,5420.0,3,0,3,-3,3,0,0,0
7935,2026-01-28 04:40:00,5421.7,1,0,1,-1,1,0,0,0
7936,2026-01-28 04:45:00,5423.5,1,0,1,-1,1,0,0,0
7937,2026-01-28 04:48:00,5422.7,0,1,1,1,1,0,0,0
7938,2026-01-28 04:53:00,5427.1,0,1,1,1,1,0,0,0
7939,2026-01-28 04:55:00,5428.0,0,0,1,0,1,0,0,0
7939,2026-01-28 04:55:00,5429.5,0,2,2,2,1,0,0,0
7939,2026-01-28 04:55:00,5429.8,0,1,1,1,1,0,0,0
7940,2026-01-28 04:56:00,5429.7,0,1,1,1,1,0,0,0
7941,2026-01-28 05:05:00,5433.1,0,1,1,1,1,0,0,0
7942,2026-01-28 05:07:00,5434.9,0,1,1,1,1,0,0,0
7943,2026-01-28 05:33:00,5435.8,1,0,1,-1,1,0,0,0
7944,2026-01-28 05:36:00,5440.0,0,0,5,0,1,0,0,0
7945,2026-01-28 05:47:00,5444.0,0,0,2,0,1,0,0,0
7945,2026-01-28 05:47:00,5445.0,0,0,2,0,1,0,0,0
7945,2026-01-28 05:47:00,5445.4,1,0,1,-1,1,0,0,0
7946,2026-01-28 05:48:00,5447.0,0,0,2,0,1,0,0,0
7947,2026-01-28 05:50:00,5443.2,1,0,1,-1,1,0,0,0
7947,2026-01-28 05:50:00,5445.1,2,0,2,-2,2,0,0,0
7948,2026-01-28 06:19:00,5445.0,0,0,5,0,4,0,0,0
7949,2026-01-28 06:22:00,5442.8,0,1,1,1,1,0,0,0
7950,2026-01-28 06:25:00,5437.2,1,0,1,-1,1,0,0,0
7950,2026-01-28 06:25:00,5440.0,1,0,1,-1,1,0,0,0
7951,2026-01-28 06:26:00,5435.0,0,0,1,0,1,0,0,0
7951,2026-01-28 06:26:00,5435.2,0,0,1,0,1,0,0,0
7952,2026-01-28 06:27:00,5434.8,1,0,1,-1,1,0,0,0
7952,2026-01-28 06:27:00,5435.2,1,0,1,-1,1,0,0,0
7952,2026-01-28 06:27:00,5435.3,1,0,1,-1,1,0,0,0
7952,2026-01-28 06:27:00,5435.4,1,0,1,-1,1,0,0,0
7952,2026-01-28 06:27:00,5435.5,1,0,1,-1,1,0,0,0
7953,2026-01-28 06:28:00,5435.5,1,0,1,-1,1,0,0,0
7953,2026-01-28 06:28:00,5435.9,1,0,1,-1,1,0,0,0
7953,2026-01-28 06:28:00,5436.1,1,0,1,-1,1,0,0,0
7953,2026-01-28 06:28:00,5436.3,2,0,2,-2,1,0,0,0
7953,2026-01-28 06:28:00,5436.4,1,0,1,-1,1,0,0,0
7953,2026-01-28 06:28:00,5436.5,1,0,1,-1,1,0,0,0
7953,2026-01-28 06:28:00,5436.6,1,0,1,-1,1,0,0,0
7953,2026-01-28 06:28:00,5436.7,1,0,1,-1,1,0,0,0
7953,2026-01-28 06:28:00,5436.8,2,0,2,-2,2,0,0,0
7954,2026-01-28 06:30:00,5438.3,0,1,1,1,1,0,0,0
7954,2026-01-28 06:30:00,5438.4,0,1,1,1,1,0,0,0
7954,2026-01-28 06:30:00,5438.5,0,1,1,1,1,0,0,0
7955,2026-01-28 06:45:00,5443.7,1,0,1,-1,1,0,0,0
7956,2026-01-28 06:46:00,5442.7,1,0,1,-1,1,0,0,0
7957,2026-01-28 06:51:00,5451.9,0,1,1,1,1,0,0,0
7958,2026-01-28 06:55:00,5449.4,1,0,1,-1,1,0,0,0
7959,2026-01-28 07:19:00,5465.0,0,0,2,0,1,0,0,0
7960,2026-01-28 07:22:00,5462.7,1,0,1,-1,1,0,0,0
7961,2026-01-28 07:23:00,5459.3,1,0,1,-1,1,0,0,0
7961,2026-01-28 07:23:00,5459.8,0,0,1,0,1,0,0,0
7961,2026-01-28 07:23:00,5459.9,0,0,1,0,1,0,0,0
7962,2026-01-28 07:35:00,5463.9,1,0,1,-1,1,0,0,0
7962,2026-01-28 07:35:00,5464.4,0,1,1,1,1,0,0,0
7962,2026-01-28 07:35:00,5464.6,0,1,1,1,1,0,0,0
7962,2026-01-28 07:35:00,5464.7,0,1,1,1,1,0,0,0
7962,2026-01-28 07:35:00,5464.8,0,1,1,1,1,0,0,0
7962,2026-01-28 07:35:00,5464.9,0,1,1,1,1,0,0,0
7962,2026-01-28 07:35:00,5465.0,3,1,5,-2,4,0,0,0
7963,2026-01-28 07:37:00,5465.0,0,0,10,0,8,0,0,0
7964,2026-01-28 07:39:00,5464.4,1,0,1,-1,1,0,0,0
7965,2026-01-28 07:50:00,5470.0,0,0,2,0,2,0,0,0
7966,2026-01-28 07:53:00,5478.0,0,0,2,0,1,0,0,0
7967,2026-01-28 07:55:00,5476.1,1,0,1,-1,1,0,0,0
7967,2026-01-28 07:55:00,5477.0,0,0,1,0,1,0,0,0
7968,2026-01-28 08:32:00,5498.0,0,0,1,0,1,0,0,0
7969,2026-01-28 08:33:00,5499.0,0,2,2,2,1,0,0,0
7969,2026-01-28 08:33:00,5499.1,0,1,1,1,1,0,0,0
7970,2026-01-28 08:35:00,5493.0,0,0,2,0,2,0,0,0
7971,2026-01-28 08:39:00,5483.3,1,0,1,-1,1,0,0,0
7971,2026-01-28 08:39:00,5483.4,2,0,2,-2,1,0,0,0
7971,2026-01-28 08:39:00,5485.0,0,0,4,0,4,0,0,0
7972,2026-01-28 08:41:00,5484.4,0,2,2,2,1,0,0,0
7972,2026-01-28 08:41:00,5484.6,0,1,1,1,1,0,0,0
7973,2026-01-28 08:48:00,5470.6,0,1,1,1,1,0,0,0
7974,2026-01-28 08:51:00,5476.6,0,1,1,1,1,0,0,0
7974,2026-01-28 08:51:00,5476.7,0,1,1,1,1,0,0,0
7974,2026-01-28 08:51:00,5476.9,0,1,1,1,1,0,0,0
7975,2026-01-28 09:02:00,5480.6,1,0,1,-1,1,0,0,0
7976,2026-01-28 09:03:00,5482.3,1,0,1,-1,1,0,0,0
7976,2026-01-28 09:03:00,5482.4,1,0,1,-1,1,0,0,0
7976,2026-01-28 09:03:00,5482.7,1,0,1,-1,1,0,0,0
7977,2026-01-28 09:10:00,5482.6,0,1,1,1,1,0,0,0
7978,2026-01-28 09:11:00,5481.6,0,0,1,0,1,0,0,0
7978,2026-01-28 09:11:00,5482.5,0,0,1,0,1,0,0,0
7979,2026-01-28 09:12:00,5480.1,0,1,1,1,1,0,0,0
7980,2026-01-28 09:17:00,5464.6,1,0,1,-1,1,0,0,0
7980,2026-01-28 09:17:00,5464.7,2,0,2,-2,1,0,0,0
7981,2026-01-28 09:22:00,5459.1,1,0,1,-1,1,0,0,0
7981,2026-01-28 09:22:00,5459.8,0,1,1,1,1,0,0,0
7982,2026-01-28 09:33:00,5464.7,0,1,1,1,1,0,0,0
7982,2026-01-28 09:33:00,5464.8,0,2,2,2,1,0,0,0
7982,2026-01-28 09:33:00,5464.9,0,1,1,1,1,0,0,0
7982,2026-01-28 09:33:00,5465.0,1,1,7,0,6,0,0,0
7982,2026-01-28 09:33:00,5469.0,0,1,1,1,1,0,0,0
7982,2026-01-28 09:33:00,5469.1,0,1,1,1,1,0,0,0
7982,2026-01-28 09:33:00,5469.2,0,1,1,1,1,0,0,0
7982,2026-01-28 09:33:00,5469.9,0,1,1,1,1,0,0,0
7983,2026-01-28 09:40:00,5465.1,1,0,1,-1,1,0,0,0
7983,2026-01-28 09:40:00,5465.2,1,0,1,-1,1,0,0,0
7984,2026-01-28 09:48:00,5463.2,0,2,2,2,2,0,0,0
7984,2026-01-28 09:48:00,5463.3,0,1,1,1,1,0,0,0
7984,2026-01-28 09:48:00,5463.4,0,1,1,1,1,0,0,0
7984,2026-01-28 09:48:00,5464.0,0,1,1,1,1,0,0,0
7984,2026-01-28 09:48:00,5464.3,0,1,1,1,1,0,0,0
7985,2026-01-28 09:49:00,5465.1,0,1,1,1,1,0,0,0
7986,2026-01-28 09:53:00,5464.9,0,1,1,1,1,0,0,0
7987,2026-01-28 09:55:00,5465.6,1,0,1,-1,1,0,0,0
7988,2026-01-28 09:59:00,5467.1,0,0,3,0,1,0,0,0
7989,2026-01-28 10:00:00,5469.4,0,1,1,1,1,0,0,0
7989,2026-01-28 10:00:00,5469.5,0,2,2,2,1,0,0,0
7989,2026-01-28 10:00:00,5469.6,0,7,7,7,2,0,0,0
7989,2026-01-28 10:00:00,5469.7,0,3,3,3,3,0,0,0
7989,2026-01-28 10:00:00,5470.4,0,1,1,1,1,0,0,0
7990,2026-01-28 10:12:00,5475.5,0,0,1,0,1,0,0,0
7990,2026-01-28 10:12:00,5475.7,0,2,2,2,1,0,0,0
7990,2026-01-28 10:12:00,5475.8,0,1,1,1,1,0,0,0
7990,2026-01-28 10:12:00,5476.2,0,1,1,1,1,0,0,0
7990,2026-01-28 10:12:00,5476.5,5,0,5,-5,4,0,0,0
7991,2026-01-28 10:15:00,5475.0,0,1,1,1,1,0,0,0
7992,2026-01-28 10:34:00,5466.3,0,1,1,1,1,0,0,0
7993,2026-01-28 10:58:00,5464.4,0,0,1,0,1,0,0,0
7994,2026-01-28 11:04:00,5441.0,1,0,1,-1,1,0,0,0
7994,2026-01-28 11:04:00,5441.2,1,0,1,-1,1,0,0,0
7995,2026-01-28 11:06:00,5428.8,1,0,1,-1,1,0,0,0
7995,2026-01-28 11:06:00,5430.0,0,0,4,0,1,0,0,0
7996,2026-01-28 11:08:00,5443.2,0,1,1,1,1,0,0,0
7996,2026-01-28 11:08:00,5443.7,0,1,1,1,1,0,0,0
7996,2026-01-28 11:08:00,5444.7,0,1,1,1,1,0,0,0
7996,2026-01-28 11:08:00,5444.8,0,0,1,0,1,0,0,0
7996,2026-01-28 11:08:00,5445.0,0,1,1,1,1,0,0,0
7997,2026-01-28 11:15:00,5448.3,1,0,1,-1,1,0,0,0
7998,2026-01-28 11:21:00,5437.7,1,0,1,-1,1,0,0,0
7999,2026-01-28 11:22:00,5435.0,0,0,10,0,5,0,0,0
8000,2026-01-28 11:24:00,5440.0,0,0,1,0,1,0,0,0
8001,2026-01-28 11:36:00,5443.2,1,0,1,-1,1,0,0,0
8002,2026-01-28 11:46:00,5451.9,0,1,1,1,1,0,0,0
8003,2026-01-28 11:50:00,5454.1,1,0,1,-1,1,0,0,0
8004,2026-01-28 12:06:00,5442.1,1,0,1,-1,1,0,0,0
8005,2026-01-28 12:30:00,5453.6,0,1,1,1,1,0,0,0
8006,2026-01-28 12:37:00,5454.0,0,0,2,0,2,0,0,0
8006,2026-01-28 12:37:00,5457.1,0,1,1,1,1,0,0,0
8006,2026-01-28 12:37:00,5457.2,0,1,1,1,1,0,0,0
8007,2026-01-28 12:43:00,5460.0,0,0,2,0,2,0,0,0
8008,2026-01-28 12:44:00,5458.0,0,0,2,0,2,0,0,0
8009,2026-01-28 13:00:00,5470.0,0,0,2,0,2,0,0,0
8010,2026-01-28 13:04:00,5477.0,0,0,2,0,1,0,0,0
8011,2026-01-28 13:12:00,5458.0,0,0,1,0,1,0,0,0
8012,2026-01-28 13:15:00,5466.3,0,1,1,1,1,0,0,0
8013,2026-01-28 13:16:00,5463.6,0,1,1,1,1,0,0,0
8014,2026-01-28 13:24:00,5473.0,0,0,4,0,4,0,0,0
8015,2026-01-28 13:27:00,5472.9,0,1,1,1,1,0,0,0
8016,2026-01-28 13:36:00,5457.1,0,1,1,1,1,0,0,0
8017,2026-01-28 13:47:00,5454.2,0,1,1,1,1,0,0,0
8017,2026-01-28 13:47:00,5454.5,0,2,2,2,2,0,0,0
8017,2026-01-28 13:47:00,5455.1,0,1,1,1,1,0,0,0
8018,2026-01-28 13:52:00,5455.1,0,0,1,0,1,0,0,0
8019,2026-01-28 13:54:00,5451.1,0,0,1,0,1,0,0,0
8020,2026-01-28 13:55:00,5451.0,0,0,1,0,1,0,0,0
8021,2026-01-28 13:56:00,5455.3,0,0,1,0,1,0,0,0
8022,2026-01-28 14:06:00,5437.9,0,0,1,0,1,0,0,0
8023,2026-01-28 14:17:00,5452.5,1,0,1,-1,1,0,0,0
8024,2026-01-28 14:22:00,5455.1,1,0,1,-1,1,0,0,0
8025,2026-01-28 14:24:00,5455.0,0,0,1,0,1,0,0,0
8026,2026-01-28 14:27:00,5450.0,0,0,1,0,1,0,0,0
8027,2026-01-28 14:32:00,5440.0,0,0,1,0,1,0,0,0
8027,2026-01-28 14:32:00,5446.2,0,1,1,1,1,0,0,0
8027,2026-01-28 14:32:00,5446.3,0,1,1,1,1,0,0,0
8028,2026-01-28 14:33:00,5440.0,0,0,1,0,1,0,0,0
8029,2026-01-28 14:47:00,5464.2,0,0,5,0,2,0,0,0
8030,2026-01-28 14:51:00,5465.8,0,0,1,0,1,0,0,0
8030,2026-01-28 14:51:00,5466.4,0,0,1,0,1,0,0,0
8030,2026-01-28 14:51:00,5467.2,0,0,1,0,1,0,0,0
8030,2026-01-28 14:51:00,5468.3,0,0,2,0,2,0,0,0
8031,2026-01-28 14:54:00,5460.0,0,0,1,0,1,0,0,0
8032,2026-01-28 15:07:00,5450.0,0,0,1,0,1,0,0,0
8033,2026-01-28 15:08:00,5428.7,0,0,2,0,1,0,0,0
8033,2026-01-28 15:08:00,5429.2,1,0,1,-1,1,0,0,0
8033,2026-01-28 15:08:00,5429.4,2,0,2,-2,1,0,0,0
8033,2026-01-28 15:08:00,5429.5,2,0,2,-2,1,0,0,0
8033,2026-01-28 15:08:00,5429.6,1,0,1,-1,1,0,0,0
8033,2026-01-28 15:08:00,5430.0,0,0,10,0,4,0,0,0
8033,2026-01-28 15:08:00,5430.1,1,0,1,-1,1,0,0,0
8033,2026-01-28 15:08:00,5430.5,1,0,1,-1,1,0,0,0
8033,2026-01-28 15:08:00,5431.0,1,0,1,-1,1,0,0,0
8033,2026-01-28 15:08:00,5431.4,1,0,1,-1,1,0,0,0
8033,2026-01-28 15:08:00,5431.9,3,0,3,-3,1,0,0,0
8033,2026-01-28 15:08:00,5432.0,1,0,1,-1,1,0,0,0
8033,2026-01-28 15:08:00,5432.4,1,0,1,-1,1,0,0,0
8033,2026-01-28 15:08:00,5432.8,1,0,1,-1,1,0,0,0
8033,2026-01-28 15:08:00,5433.2,1,0,1,-1,1,0,0,0
8033,2026-01-28 15:08:00,5433.4,1,0,1,-1,1,0,0,0
8033,2026-01-28 15:08:00,5433.5,1,0,1,-1,1,0,0,0
8033,2026-01-28 15:08:00,5433.6,2,0,2,-2,1,0,0,0
8033,2026-01-28 15:08:00,5433.7,1,0,1,-1,1,0,0,0
8033,2026-01-28 15:08:00,5435.0,0,0,1,0,1,0,0,0
8033,2026-01-28 15:08:00,5443.3,1,0,1,-1,1,0,0,0
8034,2026-01-28 15:09:00,5437.8,1,0,1,-1,1,0,0,0
8035,2026-01-28 15:10:00,5440.0,0,0,1,0,1,0,0,0
8036,2026-01-28 15:11:00,5435.2,2,0,2,-2,1,0,0,0
8036,2026-01-28 15:11:00,5435.9,0,0,2,0,2,0,0,0
8036,2026-01-28 15:11:00,5436.3,0,0,1,0,1,0,0,0
8037,2026-01-28 15:12:00,5440.0,0,0,1,0,1,0,0,0
8038,2026-01-28 15:16:00,5450.0,0,0,1,0,1,0,0,0
8039,2026-01-28 15:18:00,5439.9,0,1,1,1,1,0,0,0
8040,2026-01-28 15:23:00,5460.0,0,0,1,0,1,0,0,0
8041,2026-01-28 15:31:00,5460.0,0,1,2,1,2,0,0,0
8041,2026-01-28 15:31:00,5460.1,2,0,2,-2,1,0,0,0
8041,2026-01-28 15:31:00,5460.2,2,0,2,-2,1,0,0,0
8041,2026-01-28 15:31:00,5460.3,1,0,1,-1,1,0,0,0
8041,2026-01-28 15:31:00,5460.5,2,0,2,-2,1,0,0,0
8041,2026-01-28 15:31:00,5460.6,2,0,2,-2,1,0,0,0
8042,2026-01-28 15:33:00,5459.3,0,0,1,0,1,0,0,0
8042,2026-01-28 15:33:00,5459.4,1,0,1,-1,1,0,0,0
8042,2026-01-28 15:33:00,5459.5,2,0,2,-2,2,0,0,0
8043,2026-01-28 15:34:00,5460.1,0,0,1,0,1,0,0,0
8044,2026-01-28 15:36:00,5460.0,0,0,2,0,2,0,0,0
8045,2026-01-28 15:42:00,5465.5,1,0,1,-1,1,0,0,0
8045,2026-01-28 15:42:00,5465.6,1,0,1,-1,1,0,0,0
8045,2026-01-28 15:42:00,5465.7,1,0,1,-1,1,0,0,0
8045,2026-01-28 15:42:00,5465.9,1,0,1,-1,1,0,0,0
8045,2026-01-28 15:42:00,5466.2,3,0,3,-3,1,0,0,0
8045,2026-01-28 15:42:00,5466.4,1,0,1,-1,1,0,0,0
8045,2026-01-28 15:42:00,5466.5,1,0,1,-1,1,0,0,0
8046,2026-01-28 15:50:00,5459.2,1,0,1,-1,1,0,0,0
8046,2026-01-28 15:50:00,5459.3,1,0,1,-1,1,0,0,0
8047,2026-01-28 15:51:00,5454.8,1,0,1,-1,1,0,0,0
8047,2026-01-28 15:51:00,5455.0,0,0,1,0,1,0,0,0
8048,2026-01-28 15:57:00,5465.0,0,0,1,0,1,0,0,0
8049,2026-01-28 16:16:00,5476.5,0,2,2,2,2,0,0,0
8050,2026-01-28 16:23:00,5474.2,0,1,1,1,1,0,0,0
8050,2026-01-28 16:23:00,5474.4,0,1,1,1,1,0,0,0
8050,2026-01-28 16:23:00,5474.6,0,2,2,2,1,0,0,0
8050,2026-01-28 16:23:00,5474.7,0,1,1,1,1,0,0,0
8050,2026-01-28 16:23:00,5474.8,0,4,4,4,1,0,0,0
8050,2026-01-28 16:23:00,5474.9,0,1,1,1,1,0,0,0
8050,2026-01-28 16:23:00,5475.0,0,2,2,2,1,0,0,0
8050,2026-01-28 16:23:00,5475.1,0,1,1,1,1,0,0,0
8050,2026-01-28 16:23:00,5475.2,0,3,3,3,1,0,0,0
8050,2026-01-28 16:23:00,5475.3,0,2,2,2,1,0,0,0
8050,2026-01-28 16:23:00,5475.4,0,2,2,2,1,0,0,0
8050,2026-01-28 16:23:00,5475.6,0,1,1,1,1,0,0,0
8050,2026-01-28 16:23:00,5476.0,0,1,1,1,1,0,0,0
8050,2026-01-28 16:23:00,5476.4,0,1,1,1,1,0,0,0
8050,2026-01-28 16:23:00,5476.8,0,1,1,1,1,0,0,0
8050,2026-01-28 16:23:00,5477.3,0,1,1,1,1,0,0,0
8050,2026-01-28 16:23:00,5477.7,0,3,3,3,1,0,0,0
8050,2026-01-28 16:23:00,5477.8,0,2,2,2,1,0,0,0
8050,2026-01-28 16:23:00,5477.9,0,6,6,6,1,0,0,0
8050,2026-01-28 16:23:00,5478.0,0,3,3,3,1,0,0,0
8050,2026-01-28 16:23:00,5478.1,0,1,1,1,1,0,0,0
8051,2026-01-28 16:30:00,5476.4,0,1,1,1,1,0,0,0
8052,2026-01-28 16:33:00,5470.0,0,0,1,0,1,0,0,0
8053,2026-01-28 16:35:00,5469.2,0,0,1,0,1,0,0,0
8054,2026-01-28 16:43:00,5470.0,0,0,1,0,1,0,0,0
8055,2026-01-28 16:46:00,5483.5,0,0,1,0,1,0,0,0
8056,2026-01-28 16:55:00,5479.9,0,0,1,0,1,0,0,0
8056,2026-01-28 16:55:00,5480.0,0,0,1,0,1,0,0,0
8056,2026-01-28 16:55:00,5480.1,3,0,3,-3,2,0,0,0
8057,2026-01-28 16:57:00,5483.1,0,0,1,0,1,0,0,0
8058,2026-01-28 17:00:00,5491.6,0,1,1,1,1,0,0,0
8058,2026-01-28 17:00:00,5493.0,0,1,1,1,1,0,0,0
8059,2026-01-28 17:01:00,5494.3,0,1,1,1,1,0,0,0
8060,2026-01-28 17:02:00,5493.8,0,0,1,0,1,0,0,0
8061,2026-01-28 17:05:00,5490.5,0,0,1,0,1,0,0,0
8062,2026-01-28 17:11:00,5485.9,0,1,1,1,1,0,0,0
8062,2026-01-28 17:11:00,5486.0,0,2,2,2,1,0,0,0
8062,2026-01-28 17:11:00,5486.1,0,1,1,1,1,0,0,0
8063,2026-01-28 17:17:00,5479.3,1,0,1,-1,1,0,0,0
8063,2026-01-28 17:17:00,5479.4,1,0,1,-1,1,0,0,0
8063,2026-01-28 17:17:00,5479.5,1,0,1,-1,1,0,0,0
8063,2026-01-28 17:17:00,5480.0,0,0,1,0,1,0,0,0
8063,2026-01-28 17:17:00,5480.1,0,1,1,1,1,0,0,0
8063,2026-01-28 17:17:00,5481.4,0,1,1,1,1,0,0,0
8064,2026-01-28 17:18:00,5479.1,0,2,2,2,1,0,0,0
8064,2026-01-28 17:18:00,5479.2,0,2,2,2,2,0,0,0
8065,2026-01-28 17:20:00,5481.7,0,0,1,0,1,0,0,0
8065,2026-01-28 17:20:00,5482.0,0,1,1,1,1,0,0,0
8066,2026-01-28 17:21:00,5483.0,0,0,1,0,1,0,0,0
8067,2026-01-28 17:23:00,5486.0,0,0,1,0,1,0,0,0
8067,2026-01-28 17:23:00,5486.2,0,0,1,0,1,0,0,0
8068,2026-01-28 17:26:00,5488.9,0,1,1,1,1,0,0,0
8069,2026-01-28 17:30:00,5488.9,0,0,1,0,1,0,0,0
8070,2026-01-28 17:33:00,5483.2,1,0,1,-1,1,0,0,0
8070,2026-01-28 17:33:00,5483.4,1,0,1,-1,1,0,0,0
8071,2026-01-28 17:38:00,5481.4,1,0,1,-1,1,0,0,0
8072,2026-01-28 17:39:00,5470.3,0,0,1,0,1,0,0,0
8072,2026-01-28 17:39:00,5478.0,1,0,1,-1,1,0,0,0
8072,2026-01-28 17:39:00,5478.1,1,0,1,-1,1,0,0,0
8072,2026-01-28 17:39:00,5478.4,1,0,1,-1,1,0,0,0
8072,2026-01-28 17:39:00,5479.0,0,0,2,0,1,0,0,0
8073,2026-01-28 17:40:00,5476.4,0,1,1,1,1,0,0,0
8074,2026-01-28 17:41:00,5477.2,0,2,2,2,1,0,0,0
8074,2026-01-28 17:41:00,5477.3,0,1,1,1,1,0,0,0
8075,2026-01-28 17:42:00,5479.0,0,0,1,0,1,0,0,0
8075,2026-01-28 17:42:00,5480.0,0,0,2,0,1,0,0,0
8076,2026-01-28 17:44:00,5476.1,1,0,1,-1,1,0,0,0
8076,2026-01-28 17:44:00,5476.2,1,0,1,-1,1,0,0,0
8077,2026-01-28 17:46:00,5473.9,1,0,1,-1,1,0,0,0
8077,2026-01-28 17:46:00,5474.0,1,0,1,-1,1,0,0,0
8077,2026-01-28 17:46:00,5474.2,1,0,1,-1,1,0,0,0
8077,2026-01-28 17:46:00,5474.7,0,0,1,0,1,0,0,0
8078,2026-01-28 17:52:00,5484.6,0,0,1,0,1,0,0,0
8079,2026-01-28 17:56:00,5487.9,0,1,1,1,1,0,0,0
8080,2026-01-28 18:18:00,5500.0,0,0,1,0,1,0,0,0
8081,2026-01-28 18:21:00,5505.0,0,0,2,0,1,0,0,0
8081,2026-01-28 18:21:00,5507.1,0,1,1,1,1,0,0,0
8081,2026-01-28 18:21:00,5507.2,0,1,1,1,1,0,0,0
8082,2026-01-28 18:22:00,5507.7,0,1,1,1,1,0,0,0
8083,2026-01-28 18:24:00,5511.0,0,0,2,0,2,0,0,0
8084,2026-01-28 18:25:00,5510.0,0,1,1,1,1,0,0,0
8085,2026-01-28 18:26:00,5505.9,1,0,1,-1,1,0,0,0
8085,2026-01-28 18:26:00,5506.1,1,0,1,-1,1,0,0,0
8085,2026-01-28 18:26:00,5506.3,1,0,1,-1,1,0,0,0
8086,2026-01-28 18:27:00,5504.2,1,0,1,-1,1,0,0,0
8086,2026-01-28 18:27:00,5504.3,1,0,1,-1,1,0,0,0
8086,2026-01-28 18:27:00,5505.3,2,0,2,-2,1,0,0,0
8087,2026-01-28 18:28:00,5505.4,0,1,1,1,1,0,0,0
8087,2026-01-28 18:28:00,5505.5,0,2,2,2,1,0,0,0
8087,2026-01-28 18:28:00,5506.6,0,1,1,1,1,0,0,0
8088,2026-01-28 18:29:00,5493.9,0,1,1,1,1,0,0,0
8088,2026-01-28 18:29:00,5501.0,0,0,1,0,1,0,0,0
8088,2026-01-28 18:29:00,5504.0,0,0,1,0,1,0,0,0
8088,2026-01-28 18:29:00,5504.3,1,0,1,-1,1,0,0,0
8089,2026-01-28 18:30:00,5495.0,0,0,1,0,1,0,0,0
8090,2026-01-28 18:31:00,5475.7,1,0,1,-1,1,0,0,0
8091,2026-01-28 18:32:00,5466.9,1,0,1,-1,1,0,0,0
8091,2026-01-28 18:32:00,5467.0,1,0,1,-1,1,0,0,0
8091,2026-01-28 18:32:00,5467.2,1,0,1,-1,1,0,0,0
8091,2026-01-28 18:32:00,5467.4,0,1,1,1,1,0,0,0
8091,2026-01-28 18:32:00,5470.0,0,0,5,0,2,0,0,0
8091,2026-01-28 18:32:00,5470.7,0,0,1,0,1,0,0,0
8092,2026-01-28 18:33:00,5478.1,0,1,1,1,1,0,0,0
8092,2026-01-28 18:33:00,5478.2,0,1,1,1,1,0,0,0
8092,2026-01-28 18:33:00,5478.3,0,1,1,1,1,0,0,0
8093,2026-01-28 18:35:00,5475.5,0,1,1,1,1,0,0,0
8094,2026-01-28 18:38:00,5464.0,1,0,1,-1,1,0,0,0
8094,2026-01-28 18:38:00,5468.5,1,0,1,-1,1,0,0,0
8094,2026-01-28 18:38:00,5468.9,2,0,2,-2,1,0,0,0
8094,2026-01-28 18:38:00,5469.0,1,0,1,-1,1,0,0,0
8095,2026-01-28 18:39:00,5459.3,1,0,1,-1,1,0,0,0
8095,2026-01-28 18:39:00,5459.7,1,0,1,-1,1,0,0,0
8095,2026-01-28 18:39:00,5460.0,0,0,2,0,2,0,0,0
8095,2026-01-28 18:39:00,5460.3,1,0,1,-1,1,0,0,0
8095,2026-01-28 18:39:00,5460.4,1,0,1,-1,1,0,0,0
8095,2026-01-28 18:39:00,5460.6,1,0,1,-1,1,0,0,0
8095,2026-01-28 18:39:00,5460.7,1,0,1,-1,1,0,0,0
8096,2026-01-28 18:40:00,5464.3,0,2,2,2,1,0,0,0
8096,2026-01-28 18:40:00,5464.8,1,0,1,-1,1,0,0,0
8096,2026-01-28 18:40:00,5464.9,1,0,1,-1,1,0,0,0
8097,2026-01-28 18:44:00,5464.0,1,0,1,-1,1,0,0,0
8098,2026-01-28 18:45:00,5459.9,1,0,1,-1,1,0,0,0
8098,2026-01-28 18:45:00,5460.0,2,0,2,-2,2,0,0,0
8098,2026-01-28 18:45:00,5461.5,1,0,1,-1,1,0,0,0
8098,2026-01-28 18:45:00,5461.7,0,2,3,2,3,0,0,0
8098,2026-01-28 18:45:00,5461.8,0,0,1,0,1,0,0,0
8099,2026-01-28 19:00:00,5465.0,0,0,2,0,2,0,0,0
8099,2026-01-28 19:00:00,5480.3,0,0,1,0,1,0,0,0
8100,2026-01-28 19:01:00,5471.8,0,1,1,1,1,0,0,0
8101,2026-01-28 19:02:00,5459.4,0,1,1,1,1,0,0,0
8101,2026-01-28 19:02:00,5459.5,2,0,2,-2,1,0,0,0
8101,2026-01-28 19:02:00,5460.0,0,0,1,0,1,0,0,0
8102,2026-01-28 19:03:00,5460.6,1,0,1,-1,1,0,0,0
8103,2026-01-28 19:07:00,5462.1,0,0,1,0,1,0,0,0
8103,2026-01-28 19:07:00,5463.0,0,0,1,0,1,0,0,0
8104,2026-01-28 19:08:00,5463.1,0,1,1,1,1,0,0,0
8104,2026-01-28 19:08:00,5463.2,0,1,1,1,1,0,0,0
8105,2026-01-28 19:12:00,5478.0,0,0,1,0,1,0,0,0
8106,2026-01-28 19:17:00,5483.9,0,1,1,1,1,0,0,0
8106,2026-01-28 19:17:00,5486.1,1,0,1,-1,1,0,0,0
8107,2026-01-28 19:18:00,5483.7,1,0,1,-1,1,0,0,0
8107,2026-01-28 19:18:00,5485.6,1,0,1,-1,1,0,0,0
8108,2026-01-28 19:27:00,5479.0,0,1,1,1,1,0,0,0
8109,2026-01-28 19:31:00,5473.9,0,1,1,1,1,0,0,0
8109,2026-01-28 19:31:00,5474.1,0,1,1,1,1,0,0,0
8110,2026-01-28 19:38:00,5494.0,0,0,2,0,1,0,0,0
8111,2026-01-28 19:46:00,5498.3,0,1,1,1,1,0,0,0
8112,2026-01-28 19:47:00,5495.0,0,0,2,0,1,0,0,0
8113,2026-01-28 19:48:00,5497.7,0,0,1,0,1,0,0,0
8114,2026-01-28 19:49:00,5506.0,0,0,1,0,1,0,0,0
8114,2026-01-28 19:49:00,5506.4,0,0,1,0,1,0,0,0
8114,2026-01-28 19:49:00,5506.5,0,1,1,1,1,0,0,0
8114,2026-01-28 19:49:00,5506.7,0,1,1,1,1,0,0,0
8115,2026-01-28 19:50:00,5500.2,0,0,1,0,1,0,0,0
8115,2026-01-28 19:50:00,5502.5,0,0,1,0,1,0,0,0
8116,2026-01-28 19:53:00,5504.0,0,0,1,0,1,0,0,0
8117,2026-01-28 19:55:00,5503.9,0,1,1,1,1,0,0,0
8118,2026-01-28 19:56:00,5507.7,0,1,1,1,1,0,0,0
8118,2026-01-28 19:56:00,5508.9,0,2,2,2,2,0,0,0
8118,2026-01-28 19:56:00,5511.1,0,0,2,0,2,0,0,0
8119,2026-01-28 19:59:00,5514.5,0,0,1,0,1,0,0,0
8120,2026-01-28 20:00:00,5514.1,0,0,1,0,1,0,0,0
8120,2026-01-28 20:00:00,5520.3,0,0,1,0,1,0,0,0
8121,2026-01-28 20:01:00,5522.5,0,1,1,1,1,0,0,0
8121,2026-01-28 20:01:00,5522.7,0,1,1,1,1,0,0,0
8122,2026-01-28 20:02:00,5514.3,1,0,1,-1,1,0,0,0
8122,2026-01-28 20:02:00,5514.5,1,0,1,-1,1,0,0,0
8122,2026-01-28 20:02:00,5520.0,0,0,2,0,1,0,0,0
8123,2026-01-28 20:05:00,5520.0,0,0,2,0,2,0,0,0
8124,2026-01-28 20:08:00,5519.2,0,1,1,1,1,0,0,0
8124,2026-01-28 20:08:00,5519.9,0,1,1,1,1,0,0,0
8125,2026-01-28 20:09:00,5521.2,1,0,1,-1,1,0,0,0
8125,2026-01-28 20:09:00,5521.3,1,0,1,-1,1,0,0,0
8126,2026-01-28 20:10:00,5520.4,1,0,1,-1,1,0,0,0
8127,2026-01-28 20:12:00,5515.0,0,0,1,0,1,0,0,0
8128,2026-01-28 20:15:00,5508.4,1,0,1,-1,1,0,0,0
8128,2026-01-28 20:15:00,5508.7,1,0,1,-1,1,0,0,0
8128,2026-01-28 20:15:00,5510.0,0,0,2,0,1,0,0,0
8129,2026-01-28 20:20:00,5523.0,0,1,1,1,1,0,0,0
8129,2026-01-28 20:20:00,5523.1,0,1,1,1,1,0,0,0
8129,2026-01-28 20:20:00,5523.2,0,1,1,1,1,0,0,0
8130,2026-01-28 20:24:00,5527.4,0,1,1,1,1,0,0,0
8131,2026-01-28 20:27:00,5540.7,0,0,1,0,1,0,0,0
8132,2026-01-28 20:29:00,5543.0,0,0,2,0,1,0,0,0
8133,2026-01-28 20:31:00,5550.0,0,0,1,0,1,0,0,0
8134,2026-01-28 20:34:00,5552.0,0,0,2,0,1,0,0,0
8135,2026-01-28 20:35:00,5548.0,0,0,2,0,2,0,0,0
8136,2026-01-28 20:38:00,5565.0,0,0,2,0,1,0,0,0
8137,2026-01-28 20:40:00,5567.0,0,0,2,0,2,0,0,0
8138,2026-01-28 20:43:00,5577.4,1,0,1,-1,1,0,0,0
8139,2026-01-28 20:47:00,5575.0,0,0,2,0,1,0,0,0
8140,2026-01-28 20:49:00,5578.0,1,0,2,-1,2,0,0,0
8141,2026-01-28 20:51:00,5569.6,1,0,1,-1,1,0,0,0
8142,2026-01-28 20:52:00,5570.5,0,0,1,0,1,0,0,0
8143,2026-01-28 20:53:00,5565.9,1,0,1,-1,1,0,0,0
8143,2026-01-28 20:53:00,5566.0,1,0,1,-1,1,0,0,0
8144,2026-01-28 20:54:00,5557.8,1,0,1,-1,1,0,0,0
8144,2026-01-28 20:54:00,5560.2,1,0,1,-1,1,0,0,0
8145,2026-01-28 20:55:00,5566.0,0,0,2,0,2,0,0,0
8146,2026-01-28 20:57:00,5568.0,0,1,1,1,1,0,0,0
8147,2026-01-28 20:59:00,5568.0,0,0,1,0,1,0,0,0
8147,2026-01-28 20:59:00,5570.4,0,1,1,1,1,0,0,0
8148,2026-01-28 21:00:00,5575.0,0,0,1,0,1,0,0,0
8148,2026-01-28 21:00:00,5575.5,1,0,1,-1,1,0,0,0
8149,2026-01-28 21:01:00,5575.0,0,0,2,0,2,0,0,0
8150,2026-01-28 21:06:00,5579.4,0,1,1,1,1,0,0,0
8151,2026-01-28 21:08:00,5582.8,0,1,1,1,1,0,0,0
8152,2026-01-28 21:11:00,5580.2,0,1,1,1,1,0,0,0
8153,2026-01-28 21:13:00,5576.6,0,1,1,1,1,0,0,0
8153,2026-01-28 21:13:00,5576.8,0,2,2,2,1,0,0,0
8153,2026-01-28 21:13:00,5577.0,0,1,1,1,1,0,0,0
8154,2026-01-28 21:17:00,5575.7,0,1,1,1,1,0,0,0
8155,2026-01-28 21:18:00,5577.1,0,1,1,1,1,0,0,0
8156,2026-01-28 21:21:00,5576.1,0,1,1,1,1,0,0,0
8157,2026-01-28 21:22:00,5576.2,0,1,1,1,1,0,0,0
8158,2026-01-28 21:29:00,5573.9,0,1,1,1,1,0,0,0
8158,2026-01-28 21:29:00,5574.4,0,1,1,1,1,0,0,0
8158,2026-01-28 21:29:00,5574.5,0,2,2,2,1,0,0,0
8158,2026-01-28 21:29:00,5574.6,0,1,1,1,1,0,0,0
8158,2026-01-28 21:29:00,5574.7,0,1,1,1,1,0,0,0
8158,2026-01-28 21:29:00,5575.0,0,1,1,1,1,0,0,0
8158,2026-01-28 21:29:00,5575.1,0,2,2,2,1,0,0,0
8159,2026-01-28 21:30:00,5571.4,0,2,2,2,1,0,0,0
8159,2026-01-28 21:30:00,5571.5,0,1,1,1,1,0,0,0
8159,2026-01-28 21:30:00,5571.6,0,2,2,2,1,0,0,0
8159,2026-01-28 21:30:00,5571.9,0,1,1,1,1,0,0,0
8159,2026-01-28 21:30:00,5572.1,0,1,1,1,1,0,0,0
8159,2026-01-28 21:30:00,5572.6,0,1,1,1,1,0,0,0
8159,2026-01-28 21:30:00,5573.0,0,1,1,1,1,0,0,0
8159,2026-01-28 21:30:00,5573.1,0,1,1,1,1,0,0,0
8160,2026-01-28 21:33:00,5578.0,0,0,2,0,1,0,0,0
8161,2026-01-28 21:44:00,5576.0,0,2,2,2,1,0,0,0
8162,2026-01-28 21:45:00,5576.0,0,0,7,0,3,0,0,0
8163,2026-01-28 21:48:00,5584.0,0,0,1,0,1,0,0,0
8164,2026-01-28 21:49:00,5587.0,1,0,1,-1,1,0,0,0
8164,2026-01-28 21:49:00,5587.3,1,0,1,-1,1,0,0,0
8165,2026-01-28 21:50:00,5585.0,0,0,2,0,1,0,0,0
8166,2026-01-28 21:51:00,5585.0,3,0,15,-3,6,0,0,0
8167,2026-01-28 21:53:00,5600.0,0,0,3,0,2,0,0,0
8167,2026-01-28 21:53:00,5600.4,1,0,1,-1,1,0,0,0
8168,2026-01-28 21:56:00,5606.0,0,0,2,0,1,0,0,0
8169,2026-01-28 21:57:00,5605.9,1,0,1,-1,1,0,0,0
8169,2026-01-28 21:57:00,5606.0,1,0,1,-1,1,0,0,0
8170,2026-01-28 21:58:00,5609.8,0,0,2,0,1,0,0,0
8171,2026-01-28 21:59:00,5607.7,0,1,1,1,1,0,0,0
8171,2026-01-28 21:59:00,5607.8,0,1,1,1,1,0,0,0
8171,2026-01-28 21:59:00,5607.9,0,1,1,1,1,0,0,0
8171,2026-01-28 21:59:00,5608.0,0,1,1,1,1,0,0,0
8171,2026-01-28 21:59:00,5609.4,0,1,1,1,1,0,0,0
8171,2026-01-28 21:59:00,5609.8,5,0,5,-5,3,0,0,0
8172,2026-01-28 23:01:00,5641.1,0,1,1,1,1,0,0,0
8172,2026-01-28 23:01:00,5641.3,0,1,1,1,1,0,0,0
8173,2026-01-28 23:03:00,5627.9,0,1,1,1,1,0,0,0
8173,2026-01-28 23:03:00,5629.2,0,1,1,1,1,0,0,0
8173,2026-01-28 23:03:00,5632.5,0,1,1,1,1,0,0,0
8174,2026-01-28 23:12:00,5643.9,0,1,1,1,1,0,0,0
8175,2026-01-28 23:14:00,5656.5,0,1,1,1,1,0,0,0
8175,2026-01-28 23:14:00,5658.5,1,0,1,-1,1,0,0,0
8175,2026-01-28 23:14:00,5662.6,0,1,1,1,1,0,0,0
8176,2026-01-28 23:15:00,5664.3,1,1,2,0,2,0,0,0
8176,2026-01-28 23:15:00,5665.4,0,1,1,1,1,0,0,0
8177,2026-01-28 23:16:00,5673.1,1,0,1,-1,1,0,0,0
8177,2026-01-28 23:16:00,5678.1,0,1,1,1,1,0,0,0
8178,2026-01-28 23:17:00,5679.1,0,1,1,1,1,0,0,0
8179,2026-01-28 23:18:00,5674.0,0,0,2,0,2,0,0,0
8180,2026-01-28 23:20:00,5678.6,0,1,1,1,1,0,0,0
8181,2026-01-28 23:21:00,5663.4,0,0,1,0,1,0,0,0
8181,2026-01-28 23:21:00,5665.0,0,0,1,0,1,0,0,0
8182,2026-01-28 23:28:00,5675.4,0,0,1,0,1,0,0,0
8182,2026-01-28 23:28:00,5678.8,2,0,2,-2,1,0,0,0
8183,2026-01-28 23:30:00,5683.0,0,0,1,0,1,0,0,0
8183,2026-01-28 23:30:00,5685.0,0,0,2,0,2,0,0,0
8183,2026-01-28 23:30:00,5688.0,0,1,1,1,1,0,0,0
8184,2026-01-28 23:36:00,5703.7,0,0,1,0,1,0,0,0
8184,2026-01-28 23:36:00,5704.0,0,1,1,1,1,0,0,0
8184,2026-01-28 23:36:00,5705.4,0,0,1,0,1,0,0,0
8184,2026-01-28 23:36:00,5707.4,0,0,1,0,1,0,0,0
8185,2026-01-28 23:38:00,5750.0,0,0,2,0,1,0,0,0
8186,2026-01-28 23:41:00,5750.0,0,0,2,0,1,0,0,0
8186,2026-01-28 23:41:00,5752.5,0,0,1,0,1,0,0,0
8186,2026-01-28 23:41:00,5760.0,0,0,2,0,1,0,0,0
8187,2026-01-28 23:42:00,5760.0,1,0,1,-1,1,0,0,0
8187,2026-01-28 23:42:00,5760.3,1,0,1,-1,1,0,0,0
8187,2026-01-28 23:42:00,5760.4,1,0,1,-1,1,0,0,0
8187,2026-01-28 23:42:00,5760.8,1,0,1,-1,1,0,0,0
8187,2026-01-28 23:42:00,5761.0,1,0,1,-1,1,0,0,0
8188,2026-01-28 23:43:00,5740.9,1,0,1,-1,1,0,0,0
8188,2026-01-28 23:43:00,5741.0,1,0,1,-1,1,0,0,0
8188,2026-01-28 23:43:00,5741.1,1,0,1,-1,1,0,0,0
8188,2026-01-28 23:43:00,5741.2,1,0,1,-1,1,0,0,0
8188,2026-01-28 23:43:00,5749.9,0,1,1,1,1,0,0,0
8188,2026-01-28 23:43:00,5751.5,1,0,1,-1,1,0,0,0
8189,2026-01-28 23:45:00,5727.3,0,2,2,2,1,0,0,0
8189,2026-01-28 23:45:00,5728.2,2,0,2,-2,2,0,0,0
8190,2026-01-28 23:47:00,5695.0,0,0,4,0,4,0,0,0
8190,2026-01-28 23:47:00,5695.4,1,0,1,-1,1,0,0,0
8190,2026-01-28 23:47:00,5697.0,0,2,2,2,1,0,0,0
8190,2026-01-28 23:47:00,5697.1,0,1,1,1,1,0,0,0
8191,2026-01-28 23:48:00,5710.4,0,1,1,1,1,0,0,0
8191,2026-01-28 23:48:00,5712.1,1,0,1,-1,1,0,0,0
8192,2026-01-28 23:49:00,5681.0,0,0,1,0,1,0,0,0
8192,2026-01-28 23:49:00,5693.2,0,1,1,1,1,0,0,0
8193,2026-01-28 23:51:00,5691.6,0,1,1,1,1,0,0,0
8193,2026-01-28 23:51:00,5692.0,0,1,1,1,1,0,0,0
8193,2026-01-28 23:51:00,5692.1,0,2,2,2,1,0,0,0
8194,2026-01-28 23:54:00,5676.0,0,0,1,0,1,0,0,0
8195,2026-01-28 23:55:00,5671.8,3,0,3,-3,1,0,0,0
8195,2026-01-28 23:55:00,5672.1,1,0,1,-1,1,0,0,0
8195,2026-01-28 23:55:00,5674.0,0,0,1,0,1,0,0,0
8195,2026-01-28 23:55:00,5675.3,1,0,1,-1,1,0,0,0
8196,2026-01-28 23:56:00,5694.0,0,0,1,0,1,0,0,0
8196,2026-01-28 23:56:00,5708.3,0,1,1,1,1,0,0,0
8196,2026-01-28 23:56:00,5712.3,1,0,1,-1,1,0,0,0
8197,2026-01-28 23:57:00,5707.3,0,3,3,3,1,0,0,0
8197,2026-01-28 23:57:00,5707.5,0,1,1,1,1,0,0,0
8197,2026-01-28 23:57:00,5710.0,0,0,1,0,1,0,0,0
8197,2026-01-28 23:57:00,5715.0,0,0,1,0,1,0,0,0
8198,2026-01-28 23:58:00,5712.0,0,0,1,0,1,0,0,0
8199,2026-01-29 00:00:00,5681.9,1,0,1,-1,1,0,0,0
8199,2026-01-29 00:00:00,5685.8,1,0,1,-1,1,0,0,0
8199,2026-01-29 00:00:00,5685.9,1,0,1,-1,1,0,0,0
8199,2026-01-29 00:00:00,5686.3,2,0,2,-2,1,0,0,0
8199,2026-01-29 00:00:00,5695.0,0,1,2,1,2,0,0,0
8200,2026-01-29 00:01:00,5650.0,0,0,1,0,1,0,0,0
8201,2026-01-29 00:02:00,5664.4,1,0,1,-1,1,0,0,0
8202,2026-01-29 00:09:00,5690.0,0,0,1,0,1,0,0,0
8203,2026-01-29 00:10:00,5692.3,0,1,1,1,1,0,0,0
8203,2026-01-29 00:10:00,5692.4,0,1,1,1,1,0,0,0
8204,2026-01-29 00:11:00,5688.2,1,0,1,-1,1,0,0,0
8205,2026-01-29 00:12:00,5696.4,0,1,1,1,1,0,0,0
8205,2026-01-29 00:12:00,5696.5,0,1,1,1,1,0,0,0
8206,2026-01-29 00:13:00,5686.0,0,0,1,0,1,0,0,0
8206,2026-01-29 00:13:00,5686.1,1,0,1,-1,1,0,0,0
8207,2026-01-29 00:17:00,5670.8,0,0,1,0,1,0,0,0
8207,2026-01-29 00:17:00,5671.9,0,1,1,1,1,0,0,0
8208,2026-01-29 00:21:00,5654.9,1,0,1,-1,1,0,0,0
8209,2026-01-29 00:27:00,5681.9,0,1,1,1,1,0,0,0
8209,2026-01-29 00:27:00,5682.1,0,2,2,2,1,0,0,0
8209,2026-01-29 00:27:00,5682.2,0,1,1,1,1,0,0,0
8209,2026-01-29 00:27:00,5686.2,0,1,1,1,1,0,0,0
8210,2026-01-29 00:28:00,5687.5,0,2,2,2,1,0,0,0
8210,2026-01-29 00:28:00,5687.6,0,1,1,1,1,0,0,0
8210,2026-01-29 00:28:00,5687.7,0,1,1,1,1,0,0,0
8210,2026-01-29 00:28:00,5687.9,0,1,1,1,1,0,0,0
8210,2026-01-29 00:28:00,5688.8,0,3,3,3,1,0,0,0
8210,2026-01-29 00:28:00,5688.9,0,1,1,1,1,0,0,0
8210,2026-01-29 00:28:00,5689.0,0,1,1,1,1,0,0,0
8210,2026-01-29 00:28:00,5689.1,0,1,1,1,1,0,0,0
8210,2026-01-29 00:28:00,5689.2,0,2,2,2,1,0,0,0
8210,2026-01-29 00:28:00,5689.3,0,1,1,1,1,0,0,0
8210,2026-01-29 00:28:00,5689.7,0,1,1,1,1,0,0,0
8210,2026-01-29 00:28:00,5690.4,0,1,1,1,1,0,0,0
8210,2026-01-29 00:28:00,5690.5,0,1,1,1,1,0,0,0
8210,2026-01-29 00:28:00,5690.6,0,1,1,1,1,0,0,0
8210,2026-01-29 00:28:00,5690.9,0,2,2,2,1,0,0,0
8211,2026-01-29 00:29:00,5687.3,0,1,1,1,1,0,0,0
8211,2026-01-29 00:29:00,5687.6,0,1,1,1,1,0,0,0
8211,2026-01-29 00:29:00,5687.8,0,1,1,1,1,0,0,0
8211,2026-01-29 00:29:00,5688.6,0,1,1,1,1,0,0,0
8211,2026-01-29 00:29:00,5689.0,0,1,1,1,1,0,0,0
8212,2026-01-29 00:30:00,5687.6,0,1,1,1,1,0,0,0
8212,2026-01-29 00:30:00,5687.7,0,1,1,1,1,0,0,0
8213,2026-01-29 00:31:00,5689.0,0,0,1,0,1,0,0,0
8213,2026-01-29 00:31:00,5689.5,0,0,1,0,1,0,0,0
8213,2026-01-29 00:31:00,5689.6,1,0,1,-1,1,0,0,0
8213,2026-01-29 00:31:00,5689.7,0,1,1,1,1,0,0,0
8213,2026-01-29 00:31:00,5689.9,0,0,1,0,1,0,0,0
8213,2026-01-29 00:31:00,5690.5,0,0,1,0,1,0,0,0
8214,2026-01-29 00:32:00,5688.7,0,0,1,0,1,0,0,0
8215,2026-01-29 00:33:00,5700.6,1,0,1,-1,1,0,0,0
8216,2026-01-29 00:35:00,5716.4,0,2,2,2,1,0,0,0
8216,2026-01-29 00:35:00,5716.9,0,1,1,1,1,0,0,0
8217,2026-01-29 00:36:00,5710.0,0,0,2,0,1,0,0,0
8218,2026-01-29 00:38:00,5703.4,1,0,1,-1,1,0,0,0
8218,2026-01-29 00:38:00,5703.5,1,0,1,-1,1,0,0,0
8218,2026-01-29 00:38:00,5703.6,1,0,1,-1,1,0,0,0
8218,2026-01-29 00:38:00,5703.7,1,0,1,-1,1,0,0,0
8219,2026-01-29 00:41:00,5701.4,1,0,1,-1,1,0,0,0
8219,2026-01-29 00:41:00,5702.1,1,0,1,-1,1,0,0,0
8219,2026-01-29 00:41:00,5702.2,2,0,2,-2,1,0,0,0
8220,2026-01-29 00:47:00,5702.7,0,1,1,1,1,0,0,0
8221,2026-01-29 00:55:00,5711.3,0,1,1,1,1,0,0,0
8222,2026-01-29 00:57:00,5710.2,0,1,1,1,1,0,0,0
8223,2026-01-29 01:03:00,5670.0,0,0,2,0,2,0,0,0
8223,2026-01-29 01:03:00,5670.3,0,0,2,0,2,0,0,0
8223,2026-01-29 01:03:00,5672.6,0,0,2,0,1,0,0,0
8223,2026-01-29 01:03:00,5675.0,0,1,1,1,1,0,0,0
8223,2026-01-29 01:03:00,5675.1,0,2,2,2,1,0,0,0
8223,2026-01-29 01:03:00,5675.2,0,1,1,1,1,0,0,0
8224,2026-01-29 01:04:00,5668.9,0,1,1,1,1,0,0,0
8224,2026-01-29 01:04:00,5669.2,0,1,1,1,1,0,0,0
8224,2026-01-29 01:04:00,5670.0,0,0,5,0,2,0,0,0
8225,2026-01-29 01:05:00,5662.1,1,0,1,-1,1,0,0,0
8225,2026-01-29 01:05:00,5663.5,1,0,1,-1,1,0,0,0
8226,2026-01-29 01:06:00,5656.0,2,0,2,-2,1,0,0,0
8226,2026-01-29 01:06:00,5656.1,1,0,1,-1,1,0,0,0
8226,2026-01-29 01:06:00,5656.4,1,0,1,-1,1,0,0,0
8226,2026-01-29 01:06:00,5657.2,1,0,1,-1,1,0,0,0
8226,2026-01-29 01:06:00,5657.4,1,0,1,-1,1,0,0,0
8226,2026-01-29 01:06:00,5657.5,0,0,1,0,1,0,0,0
8226,2026-01-29 01:06:00,5661.2,0,0,2,0,2,0,0,0
8227,2026-01-29 01:09:00,5650.0,0,0,1,0,1,0,0,0
8227,2026-01-29 01:09:00,5657.0,0,0,1,0,1,0,0,0
8228,2026-01-29 01:10:00,5642.9,0,0,1,0,1,0,0,0
8229,2026-01-29 01:12:00,5659.0,0,2,2,2,2,0,0,0
8229,2026-01-29 01:12:00,5659.1,0,2,2,2,2,0,0,0
8229,2026-01-29 01:12:00,5659.3,0,1,1,1,1,0,0,0
8230,2026-01-29 01:15:00,5675.0,0,0,3,0,1,0,0,0
8230,2026-01-29 01:15:00,5675.4,0,0,1,0,1,0,0,0
8231,2026-01-29 01:16:00,5680.0,0,0,1,0,1,0,0,0
8232,2026-01-29 01:17:00,5676.4,0,0,1,0,1,0,0,0
8232,2026-01-29 01:17:00,5677.1,0,0,1,0,1,0,0,0
8232,2026-01-29 01:17:00,5678.2,0,1,1,1,1,0,0,0
8232,2026-01-29 01:17:00,5679.6,0,0,1,0,1,0,0,0
8233,2026-01-29 01:19:00,5683.1,0,0,1,0,1,0,0,0
8233,2026-01-29 01:19:00,5683.5,0,1,1,1,1,0,0,0
8234,2026-01-29 01:26:00,5700.8,0,0,2,0,2,0,0,0
8235,2026-01-29 01:28:00,5693.8,0,0,1,0,1,0,0,0
8236,2026-01-29 01:29:00,5693.7,1,0,1,-1,1,0,0,0
8237,2026-01-29 01:37:00,5712.8,1,0,1,-1,1,0,0,0
8238,2026-01-29 01:40:00,5720.1,0,0,1,0,1,0,0,0
8238,2026-01-29 01:40:00,5725.0,0,0,10,0,4,0,0,0
8238,2026-01-29 01:40:00,5726.9,0,1,1,1,1,0,0,0
8239,2026-01-29 01:42:00,5735.0,0,0,1,0,1,0,0,0
8239,2026-01-29 01:42:00,5736.6,1,0,1,-1,1,0,0,0
8240,2026-01-29 01:43:00,5727.4,0,0,2,0,2,0,0,0
8240,2026-01-29 01:43:00,5740.0,0,0,8,0,3,0,0,0
8241,2026-01-29 01:44:00,5729.0,0,0,1,0,1,0,0,0
8242,2026-01-29 01:54:00,5729.4,0,0,1,0,1,0,0,0
8243,2026-01-29 01:59:00,5732.9,0,1,1,1,1,0,0,0
8243,2026-01-29 01:59:00,5733.0,0,1,1,1,1,0,0,0
8243,2026-01-29 01:59:00,5733.1,0,1,1,1,1,0,0,0
8243,2026-01-29 01:59:00,5733.2,0,1,1,1,1,0,0,0
8243,2026-01-29 01:59:00,5733.3,0,1,1,1,1,0,0,0
8243,2026-01-29 01:59:00,5734.0,0,1,1,1,1,0,0,0
8243,2026-01-29 01:59:00,5734.1,0,1,1,1,1,0,0,0
8243,2026-01-29 01:59:00,5734.2,0,2,2,2,1,0,0,0
8243,2026-01-29 01:59:00,5734.3,0,1,1,1,1,0,0,0
8244,2026-01-29 02:01:00,5725.8,2,0,2,-2,2,0,0,0
8244,2026-01-29 02:01:00,5726.0,1,0,1,-1,1,0,0,0
8244,2026-01-29 02:01:00,5726.3,1,0,1,-1,1,0,0,0
8244,2026-01-29 02:01:00,5726.5,2,0,2,-2,2,0,0,0
8244,2026-01-29 02:01:00,5726.6,3,0,3,-3,2,0,0,0
8245,2026-01-29 02:02:00,5700.0,0,0,4,0,3,0,0,0
8245,2026-01-29 02:02:00,5702.0,1,0,1,-1,1,0,0,0
8245,2026-01-29 02:02:00,5702.5,0,0,1,0,1,0,0,0
8246,2026-01-29 02:06:00,5710.3,0,2,2,2,2,0,0,0
8247,2026-01-29 02:08:00,5700.8,0,0,1,0,1,0,0,0
8247,2026-01-29 02:08:00,5702.7,0,0,2,0,2,0,0,0
8247,2026-01-29 02:08:00,5702.9,0,1,1,1,1,0,0,0
8248,2026-01-29 02:09:00,5698.3,0,0,1,0,1,0,0,0
8249,2026-01-29 02:11:00,5712.3,0,1,1,1,1,0,0,0
8249,2026-01-29 02:11:00,5716.5,0,1,1,1,1,0,0,0
8249,2026-01-29 02:11:00,5716.6,0,1,1,1,1,0,0,0
8249,2026-01-29 02:11:00,5717.0,0,1,1,1,1,0,0,0
8249,2026-01-29 02:11:00,5717.3,0,0,2,0,1,0,0,0
8250,2026-01-29 02:13:00,5718.0,0,0,4,0,4,0,0,0
8251,2026-01-29 02:14:00,5706.8,0,0,1,0,1,0,0,0
8252,2026-01-29 02:16:00,5702.6,1,0,1,-1,1,0,0,0
8252,2026-01-29 02:16:00,5704.6,1,0,1,-1,1,0,0,0
8253,2026-01-29 02:17:00,5700.0,0,0,1,0,1,0,0,0
8253,2026-01-29 02:17:00,5703.1,0,0,2,0,2,0,0,0
8253,2026-01-29 02:17:00,5703.3,0,1,1,1,1,0,0,0
8253,2026-01-29 02:17:00,5703.5,0,0,2,0,2,0,0,0
8254,2026-01-29 02:18:00,5700.0,2,0,3,-2,3,0,0,0
8254,2026-01-29 02:18:00,5700.6,0,1,1,1,1,0,0,0
8254,2026-01-29 02:18:00,5702.1,0,2,2,2,1,0,0,0
8255,2026-01-29 02:20:00,5706.1,0,1,1,1,1,0,0,0
8255,2026-01-29 02:20:00,5706.2,0,1,1,1,1,0,0,0
8255,2026-01-29 02:20:00,5706.3,0,1,1,1,1,0,0,0
8256,2026-01-29 02:22:00,5701.0,0,0,1,0,1,0,0,0
8257,2026-01-29 02:23:00,5709.0,0,0,1,0,1,0,0,0
8258,2026-01-29 02:31:00,5723.9,0,1,1,1,1,0,0,0
8259,2026-01-29 02:32:00,5724.4,0,0,2,0,2,0,0,0
8259,2026-01-29 02:32:00,5724.8,0,0,1,0,1,0,0,0
8260,2026-01-29 02:34:00,5722.1,0,1,1,1,1,0,0,0
8260,2026-01-29 02:34:00,5722.2,0,0,1,0,1,0,0,0
8260,2026-01-29 02:34:00,5724.0,0,0,2,0,1,0,0,0
8260,2026-01-29 02:34:00,5725.0,0,0,2,0,2,0,0,0
8261,2026-01-29 02:36:00,5727.3,0,0,1,0,1,0,0,0
8262,2026-01-29 02:41:00,5720.3,1,0,1,-1,1,0,0,0
8263,2026-01-29 02:42:00,5709.3,1,0,1,-1,1,0,0,0
8263,2026-01-29 02:42:00,5709.4,1,0,1,-1,1,0,0,0
8264,2026-01-29 02:55:00,5727.0,0,1,1,1,1,0,0,0
8264,2026-01-29 02:55:00,5727.1,0,1,1,1,1,0,0,0
8264,2026-01-29 02:55:00,5727.3,0,1,1,1,1,0,0,0
8264,2026-01-29 02:55:00,5727.4,0,2,2,2,1,0,0,0
8265,2026-01-29 02:58:00,5727.0,0,1,1,1,1,0,0,0
8266,2026-01-29 03:03:00,5712.0,1,0,1,-1,1,0,0,0
8267,2026-01-29 03:04:00,5700.0,0,0,4,0,3,0,0,0
8268,2026-01-29 03:12:00,5720.0,0,0,2,0,1,0,0,0
8269,2026-01-29 03:15:00,5727.0,0,0,1,0,1,0,0,0
8269,2026-01-29 03:15:00,5728.0,0,0,3,0,2,0,0,0
8270,2026-01-29 03:31:00,5720.7,0,0,1,0,1,0,0,0
8271,2026-01-29 03:38:00,5709.2,1,0,1,-1,1,0,0,0
8271,2026-01-29 03:38:00,5710.5,1,0,1,-1,1,0,0,0
8272,2026-01-29 03:39:00,5713.2,0,1,1,1,1,0,0,0
8272,2026-01-29 03:39:00,5714.5,0,1,1,1,1,0,0,0
8272,2026-01-29 03:39:00,5714.6,0,1,1,1,1,0,0,0
8272,2026-01-29 03:39:00,5714.8,0,2,2,2,1,0,0,0
8272,2026-01-29 03:39:00,5714.9,0,1,1,1,1,0,0,0
8273,2026-01-29 03:46:00,5722.0,0,0,1,0,1,0,0,0
8274,2026-01-29 03:50:00,5722.0,0,0,1,0,1,0,0,0
8275,2026-01-29 04:00:00,5735.0,0,0,1,0,1,0,0,0
8276,2026-01-29 04:01:00,5740.0,0,0,2,0,2,0,0,0
8277,2026-01-29 04:02:00,5735.0,0,0,1,0,1,0,0,0
8278,2026-01-29 04:14:00,5725.0,0,0,2,0,2,0,0,0
8279,2026-01-29 04:30:00,5734.7,0,0,1,0,1,0,0,0
8279,2026-01-29 04:30:00,5735.3,1,0,1,-1,1,0,0,0
8279,2026-01-29 04:30:00,5735.4,0,0,1,0,1,0,0,0
8279,2026-01-29 04:30:00,5735.6,0,0,1,0,1,0,0,0
8279,2026-01-29 04:30:00,5736.5,1,0,1,-1,1,0,0,0
8280,2026-01-29 04:42:00,5741.9,1,0,1,-1,1,0,0,0
8281,2026-01-29 04:54:00,5743.5,0,0,1,0,1,0,0,0
8281,2026-01-29 04:54:00,5747.1,0,0,1,0,1,0,0,0
8282,2026-01-29 04:55:00,5744.9,0,0,4,0,3,0,0,0
8282,2026-01-29 04:55:00,5747.1,0,1,1,1,1,0,0,0
8282,2026-01-29 04:55:00,5747.2,0,1,1,1,1,0,0,0
8283,2026-01-29 05:02:00,5740.6,1,0,1,-1,1,0,0,0
8283,2026-01-29 05:02:00,5740.7,1,0,1,-1,1,0,0,0
8283,2026-01-29 05:02:00,5741.0,1,0,1,-1,1,0,0,0
8284,2026-01-29 05:11:00,5740.9,1,0,1,-1,1,0,0,0
8285,2026-01-29 05:12:00,5740.0,0,0,2,0,2,0,0,0
8285,2026-01-29 05:12:00,5740.9,0,0,1,0,1,0,0,0
8286,2026-01-29 05:14:00,5748.0,0,0,2,0,2,0,0,0
8287,2026-01-29 05:19:00,5744.1,1,0,1,-1,1,0,0,0
8288,2026-01-29 05:20:00,5740.0,0,0,2,0,2,0,0,0
8288,2026-01-29 05:20:00,5741.6,1,0,1,-1,1,0,0,0
8289,2026-01-29 05:21:00,5720.0,0,0,1,0,1,0,0,0
8289,2026-01-29 05:21:00,5730.0,0,0,1,0,1,0,0,0
8289,2026-01-29 05:21:00,5730.1,1,0,2,-1,2,0,0,0
8289,2026-01-29 05:21:00,5730.3,1,0,1,-1,1,0,0,0
8289,2026-01-29 05:21:00,5730.6,1,0,1,-1,1,0,0,0
8290,2026-01-29 05:22:00,5713.3,0,0,1,0,1,0,0,0
8290,2026-01-29 05:22:00,5716.2,1,0,1,-1,1,0,0,0
8290,2026-01-29 05:22:00,5717.4,0,0,1,0,1,0,0,0
8291,2026-01-29 05:23:00,5710.0,1,0,1,-1,1,0,0,0
8291,2026-01-29 05:23:00,5711.7,1,0,1,-1,1,0,0,0
8291,2026-01-29 05:23:00,5712.0,1,0,1,-1,1,0,0,0
8291,2026-01-29 05:23:00,5713.9,1,0,1,-1,1,0,0,0
8291,2026-01-29 05:23:00,5714.0,1,0,1,-1,1,0,0,0
8291,2026-01-29 05:23:00,5714.8,0,0,1,0,1,0,0,0
8291,2026-01-29 05:23:00,5715.4,1,0,1,-1,1,0,0,0
8291,2026-01-29 05:23:00,5715.7,1,0,1,-1,1,0,0,0
8292,2026-01-29 05:24:00,5704.9,1,0,1,-1,1,0,0,0
8292,2026-01-29 05:24:00,5705.0,0,0,1,0,1,0,0,0
8292,2026-01-29 05:24:00,5705.1,0,0,1,0,1,0,0,0
8292,2026-01-29 05:24:00,5707.0,1,0,1,-1,1,0,0,0
8292,2026-01-29 05:24:00,5707.7,0,0,1,0,1,0,0,0
8293,2026-01-29 05:25:00,5712.3,0,0,1,0,1,0,0,0
8294,2026-01-29 05:26:00,5717.4,0,1,1,1,1,0,0,0
8295,2026-01-29 05:27:00,5713.8,1,0,1,-1,1,0,0,0
8295,2026-01-29 05:27:00,5720.8,0,0,1,0,1,0,0,0
8296,2026-01-29 05:28:00,5721.3,0,0,1,0,1,0,0,0
8297,2026-01-29 05:29:00,5724.7,0,0,1,0,1,0,0,0
8298,2026-01-29 05:31:00,5738.8,1,0,1,-1,1,0,0,0
8299,2026-01-29 05:33:00,5737.6,0,1,1,1,1,0,0,0
8299,2026-01-29 05:33:00,5737.8,0,1,1,1,1,0,0,0
8300,2026-01-29 05:35:00,5732.7,1,0,1,-1,1,0,0,0
8300,2026-01-29 05:35:00,5733.6,0,0,1,0,1,0,0,0
8301,2026-01-29 05:45:00,5738.0,1,0,1,-1,1,0,0,0
8302,2026-01-29 05:46:00,5738.4,0,0,2,0,2,0,0,0
8303,2026-01-29 05:48:00,5741.0,1,0,1,-1,1,0,0,0
8303,2026-01-29 05:48:00,5742.2,1,0,1,-1,1,0,0,0
8303,2026-01-29 05:48:00,5742.3,1,0,1,-1,1,0,0,0
8303,2026-01-29 05:48:00,5743.0,0,0,2,0,2,0,0,0
8304,2026-01-29 05:49:00,5748.0,0,0,4,0,3,0,0,0
8305,2026-01-29 05:51:00,5738.8,1,0,1,-1,1,0,0,0
8305,2026-01-29 05:51:00,5740.0,1,0,2,-1,2,0,0,0
8306,2026-01-29 05:53:00,5741.0,1,0,1,-1,1,0,0,0
8306,2026-01-29 05:53:00,5741.1,1,0,1,-1,1,0,0,0
8307,2026-01-29 05:54:00,5739.8,1,0,1,-1,1,0,0,0
8307,2026-01-29 05:54:00,5741.8,0,0,2,0,1,0,0,0
8308,2026-01-29 05:58:00,5747.1,0,0,1,0,1,0,0,0
8309,2026-01-29 05:59:00,5747.1,0,0,2,0,2,0,0,0
8310,2026-01-29 06:00:00,5753.6,1,0,1,-1,1,0,0,0
8311,2026-01-29 06:01:00,5757.0,0,0,2,0,2,0,0,0
8312,2026-01-29 06:02:00,5765.0,0,0,2,0,2,0,0,0
8312,2026-01-29 06:02:00,5765.1,1,0,1,-1,1,0,0,0
8313,2026-01-29 06:03:00,5763.2,1,0,1,-1,1,0,0,0
8314,2026-01-29 06:04:00,5770.0,0,0,2,0,2,0,0,0
8315,2026-01-29 06:05:00,5769.6,1,0,1,-1,1,0,0,0
8316,2026-01-29 06:07:00,5769.6,0,1,1,1,1,0,0,0
8316,2026-01-29 06:07:00,5770.3,1,0,1,-1,1,0,0,0
8316,2026-01-29 06:07:00,5770.4,1,0,1,-1,1,0,0,0
8317,2026-01-29 06:08:00,5772.4,0,0,2,0,2,0,0,0
8317,2026-01-29 06:08:00,5774.4,0,1,1,1,1,0,0,0
8318,2026-01-29 06:09:00,5769.4,1,0,1,-1,1,0,0,0
8319,2026-01-29 06:11:00,5769.4,2,0,15,-2,12,0,0,0
8320,2026-01-29 06:14:00,5776.0,0,0,1,0,1,0,0,0
8321,2026-01-29 06:17:00,5766.0,0,0,1,0,1,0,0,0
8322,2026-01-29 06:19:00,5766.0,0,0,2,0,1,0,0,0
8323,2026-01-29 06:21:00,5776.4,1,0,1,-1,1,0,0,0
8324,2026-01-29 06:22:00,5780.0,0,0,15,0,8,0,0,0
8325,2026-01-29 06:23:00,5781.8,1,0,1,-1,1,0,0,0
8326,2026-01-29 06:24:00,5776.6,1,0,1,-1,1,0,0,0
8327,2026-01-29 06:25:00,5771.8,2,0,2,-2,2,0,0,0
8327,2026-01-29 06:25:00,5771.9,1,0,1,-1,1,0,0,0
8328,2026-01-29 06:32:00,5770.0,0,0,2,0,1,0,0,0
8329,2026-01-29 06:38:00,5767.8,1,0,1,-1,1,0,0,0
8329,2026-01-29 06:38:00,5767.9,1,0,1,-1,1,0,0,0
8330,2026-01-29 06:43:00,5770.5,4,0,4,-4,2,0,0,0
8330,2026-01-29 06:43:00,5771.0,0,0,4,0,1,0,0,0
8331,2026-01-29 06:44:00,5770.1,1,0,1,-1,1,0,0,0
8332,2026-01-29 06:46:00,5766.0,0,0,2,0,2,0,0,0
8333,2026-01-29 06:47:00,5750.0,0,0,2,0,1,0,0,0
8334,2026-01-29 06:58:00,5744.8,1,0,1,-1,1,0,0,0
8334,2026-01-29 06:58:00,5745.5,0,0,2,0,2,0,0,0
8335,2026-01-29 07:14:00,5750.0,0,0,4,0,1,0,0,0
8336,2026-01-29 07:16:00,5744.1,2,0,2,-2,2,0,0,0
8336,2026-01-29 07:16:00,5744.2,1,0,1,-1,1,0,0,0
8336,2026-01-29 07:16:00,5744.3,2,0,2,-2,1,0,0,0
8336,2026-01-29 07:16:00,5745.0,1,0,3,-1,2,0,0,0
8337,2026-01-29 07:17:00,5740.0,0,0,2,0,1,0,0,0
8337,2026-01-29 07:17:00,5743.7,2,0,2,-2,2,0,0,0
8337,2026-01-29 07:17:00,5743.8,3,0,3,-3,1,0,0,0
8337,2026-01-29 07:17:00,5744.0,1,0,1,-1,1,0,0,0
8338,2026-01-29 07:20:00,5749.8,0,1,1,1,1,0,0,0
8338,2026-01-29 07:20:00,5749.9,0,1,1,1,1,0,0,0
8339,2026-01-29 07:21:00,5745.3,0,1,1,1,1,0,0,0
8340,2026-01-29 07:28:00,5730.0,1,0,3,-1,2,0,0,0
8341,2026-01-29 07:32:00,5739.1,0,2,2,2,1,0,0,0
8341,2026-01-29 07:32:00,5739.2,0,1,1,1,1,0,0,0
8341,2026-01-29 07:32:00,5739.3,0,1,1,1,1,0,0,0
8342,2026-01-29 08:00:00,5736.1,1,0,1,-1,1,0,0,0
8342,2026-01-29 08:00:00,5736.6,3,0,3,-3,1,0,0,0
8342,2026-01-29 08:00:00,5736.7,2,0,2,-2,1,0,0,0
8343,2026-01-29 08:02:00,5728.9,1,0,1,-1,1,0,0,0
8343,2026-01-29 08:02:00,5729.2,2,0,2,-2,1,0,0,0
8343,2026-01-29 08:02:00,5729.3,2,0,2,-2,1,0,0,0
8343,2026-01-29 08:02:00,5730.0,0,0,1,0,1,0,0,0
8344,2026-01-29 08:05:00,5716.0,0,0,2,0,2,0,0,0
8345,2026-01-29 08:14:00,5719.4,1,0,1,-1,1,0,0,0
8345,2026-01-29 08:14:00,5719.7,0,0,1,0,1,0,0,0
8345,2026-01-29 08:14:00,5721.0,0,0,1,0,1,0,0,0
8346,2026-01-29 08:29:00,5717.6,1,0,1,-1,1,0,0,0
8346,2026-01-29 08:29:00,5717.7,1,0,1,-1,1,0,0,0
8347,2026-01-29 08:30:00,5716.2,0,1,1,1,1,0,0,0
8348,2026-01-29 08:35:00,5713.7,1,0,1,-1,1,0,0,0
8348,2026-01-29 08:35:00,5715.0,0,0,4,0,3,0,0,0
8349,2026-01-29 08:37:00,5706.8,1,0,1,-1,1,0,0,0
8349,2026-01-29 08:37:00,5707.2,3,0,3,-3,1,0,0,0
8349,2026-01-29 08:37:00,5707.3,1,0,1,-1,1,0,0,0
8350,2026-01-29 08:39:00,5700.0,0,0,4,0,1,0,0,0
8351,2026-01-29 08:41:00,5696.2,1,0,1,-1,1,0,0,0
8351,2026-01-29 08:41:00,5696.3,1,0,1,-1,1,0,0,0
8351,2026-01-29 08:41:00,5696.4,2,0,2,-2,1,0,0,0
8351,2026-01-29 08:41:00,5696.5,1,0,1,-1,1,0,0,0
8351,2026-01-29 08:41:00,5697.0,0,0,1,0,1,0,0,0
8352,2026-01-29 08:42:00,5698.1,1,0,1,-1,1,0,0,0
8352,2026-01-29 08:42:00,5698.6,0,2,2,2,1,0,0,0
8352,2026-01-29 08:42:00,5698.8,0,2,2,2,1,0,0,0
8353,2026-01-29 08:44:00,5670.0,0,0,2,0,2,0,0,0
8354,2026-01-29 08:45:00,5666.4,0,0,1,0,1,0,0,0
8354,2026-01-29 08:45:00,5668.4,2,0,2,-2,1,0,0,0
8354,2026-01-29 08:45:00,5668.5,1,0,1,-1,1,0,0,0
8354,2026-01-29 08:45:00,5668.6,1,0,1,-1,1,0,0,0
8355,2026-01-29 08:46:00,5684.8,1,0,1,-1,1,0,0,0
8356,2026-01-29 08:47:00,5682.1,0,1,1,1,1,0,0,0
8357,2026-01-29 08:48:00,5687.3,0,1,1,1,1,0,0,0
8357,2026-01-29 08:48:00,5687.5,0,1,1,1,1,0,0,0
8357,2026-01-29 08:48:00,5687.6,0,2,2,2,1,0,0,0
8358,2026-01-29 08:49:00,5690.0,0,1,1,1,1,0,0,0
8359,2026-01-29 09:02:00,5695.0,0,0,4,0,2,0,0,0
8360,2026-01-29 09:08:00,5700.0,0,0,2,0,1,0,0,0
8361,2026-01-29 09:09:00,5695.4,1,0,1,-1,1,0,0,0
8361,2026-01-29 09:09:00,5695.5,1,0,1,-1,1,0,0,0
8362,2026-01-29 09:11:00,5698.0,0,1,1,1,1,0,0,0
8362,2026-01-29 09:11:00,5698.1,0,1,1,1,1,0,0,0
8363,2026-01-29 09:14:00,5694.0,0,0,2,0,2,0,0,0
8364,2026-01-29 09:17:00,5695.8,0,1,1,1,1,0,0,0
8364,2026-01-29 09:17:00,5695.9,0,1,1,1,1,0,0,0
8365,2026-01-29 09:20:00,5692.9,1,0,1,-1,1,0,0,0
8366,2026-01-29 09:32:00,5702.5,0,0,4,0,2,0,0,0
8366,2026-01-29 09:32:00,5704.0,0,0,4,0,1,0,0,0
8366,2026-01-29 09:32:00,5705.6,0,1,1,1,1,0,0,0
8366,2026-01-29 09:32:00,5705.8,0,2,2,2,1,0,0,0
8366,2026-01-29 09:32:00,5705.9,0,1,1,1,1,0,0,0
8367,2026-01-29 09:35:00,5710.0,0,0,2,0,1,0,0,0
8368,2026-01-29 09:36:00,5711.4,0,1,1,1,1,0,0,0
8368,2026-01-29 09:36:00,5711.6,0,1,1,1,1,0,0,0
8369,2026-01-29 09:37:00,5706.0,0,0,2,0,1,0,0,0
8369,2026-01-29 09:37:00,5707.0,0,0,2,0,2,0,0,0
8370,2026-01-29 09:40:00,5712.0,0,1,2,1,2,0,0,0
8370,2026-01-29 09:40:00,5714.0,0,1,1,1,1,0,0,0
8370,2026-01-29 09:40:00,5714.2,0,1,1,1,1,0,0,0
8371,2026-01-29 09:41:00,5712.7,0,1,1,1,1,0,0,0
8372,2026-01-29 09:44:00,5715.0,0,0,1,0,1,0,0,0
8373,2026-01-29 09:45:00,5715.0,0,0,1,0,1,0,0,0
8374,2026-01-29 09:49:00,5710.4,0,2,2,2,2,0,0,0
8374,2026-01-29 09:49:00,5710.5,0,2,2,2,2,0,0,0
8375,2026-01-29 09:50:00,5710.5,0,0,1,0,1,0,0,0
8376,2026-01-29 09:52:00,5705.0,0,0,2,0,2,0,0,0
8377,2026-01-29 09:53:00,5705.4,1,0,1,-1,1,0,0,0
8377,2026-01-29 09:53:00,5705.5,1,0,1,-1,1,0,0,0
8378,2026-01-29 09:57:00,5700.0,0,0,1,0,1,0,0,0
8379,2026-01-29 09:58:00,5700.0,2,0,9,-2,6,0,0,0
8380,2026-01-29 10:06:00,5695.3,1,0,1,-1,1,0,0,0
8380,2026-01-29 10:06:00,5695.7,1,0,1,-1,1,0,0,0
8381,2026-01-29 10:20:00,5700.1,1,0,1,-1,1,0,0,0
8381,2026-01-29 10:20:00,5702.3,1,0,1,-1,1,0,0,0
8382,2026-01-29 10:31:00,5688.0,0,0,2,0,2,0,0,0
8382,2026-01-29 10:31:00,5688.7,0,1,1,1,1,0,0,0
8382,2026-01-29 10:31:00,5688.8,0,0,1,0,1,0,0,0
8382,2026-01-29 10:31:00,5689.8,1,0,1,-1,1,0,0,0
8382,2026-01-29 10:31:00,5690.5,0,0,1,0,1,0,0,0
8383,2026-01-29 10:32:00,5687.2,1,0,1,-1,1,0,0,0
8383,2026-01-29 10:32:00,5688.1,0,0,1,0,1,0,0,0
8383,2026-01-29 10:32:00,5688.2,0,0,1,0,1,0,0,0
8383,2026-01-29 10:32:00,5688.3,0,0,1,0,1,0,0,0
8383,2026-01-29 10:32:00,5688.4,0,2,3,2,2,0,0,0
8383,2026-01-29 10:32:00,5688.5,0,1,1,1,1,0,0,0
8383,2026-01-29 10:32:00,5690.3,0,0,1,0,1,0,0,0
8384,2026-01-29 10:33:00,5695.0,0,0,1,0,1,0,0,0
8385,2026-01-29 10:34:00,5690.8,0,0,1,0,1,0,0,0
8386,2026-01-29 10:36:00,5689.7,1,0,1,-1,1,0,0,0
8386,2026-01-29 10:36:00,5690.0,2,0,2,-2,1,0,0,0
8386,2026-01-29 10:36:00,5690.7,0,1,1,1,1,0,0,0
8386,2026-01-29 10:36:00,5690.8,0,1,1,1,1,0,0,0
8386,2026-01-29 10:36:00,5691.2,0,2,2,2,2,0,0,0
8386,2026-01-29 10:36:00,5691.3,0,2,2,2,1,0,0,0
8386,2026-01-29 10:36:00,5691.4,0,1,1,1,1,0,0,0
8387,2026-01-29 10:45:00,5695.0,0,0,2,0,1,0,0,0
8388,2026-01-29 10:52:00,5693.1,1,0,1,-1,1,0,0,0
8388,2026-01-29 10:52:00,5693.2,1,0,1,-1,1,0,0,0
8389,2026-01-29 10:55:00,5691.5,1,0,1,-1,1,0,0,0
8390,2026-01-29 11:02:00,5669.7,1,0,1,-1,1,0,0,0
8390,2026-01-29 11:02:00,5670.0,0,0,10,0,10,0,0,0
8391,2026-01-29 11:04:00,5665.6,0,0,2,0,2,0,0,0
8392,2026-01-29 11:06:00,5671.5,0,1,1,1,1,0,0,0
8393,2026-01-29 11:12:00,5693.5,0,1,1,1,1,0,0,0
8394,2026-01-29 11:14:00,5695.1,1,0,1,-1,1,0,0,0
8395,2026-01-29 11:16:00,5699.3,1,0,1,-1,1,0,0,0
8395,2026-01-29 11:16:00,5699.4,2,0,2,-2,2,0,0,0
8395,2026-01-29 11:16:00,5699.6,1,0,1,-1,1,0,0,0
8395,2026-01-29 11:16:00,5699.7,1,0,1,-1,1,0,0,0
8395,2026-01-29 11:16:00,5699.8,1,0,1,-1,1,0,0,0
8395,2026-01-29 11:16:00,5700.4,0,0,4,0,4,0,0,0
8395,2026-01-29 11:16:00,5700.6,0,0,1,0,1,0,0,0
8395,2026-01-29 11:16:00,5700.8,0,0,1,0,1,0,0,0
8396,2026-01-29 11:25:00,5701.0,2,0,2,-2,1,0,0,0
8397,2026-01-29 11:48:00,5717.4,0,0,1,0,1,0,0,0
8398,2026-01-29 11:56:00,5715.0,0,0,2,0,1,0,0,0
8399,2026-01-29 12:04:00,5708.5,1,0,1,-1,1,0,0,0
8399,2026-01-29 12:04:00,5708.7,1,0,1,-1,1,0,0,0
8399,2026-01-29 12:04:00,5709.3,0,1,1,1,1,0,0,0
8400,2026-01-29 12:05:00,5714.5,1,0,1,-1,1,0,0,0
8400,2026-01-29 12:05:00,5714.6,1,0,1,-1,1,0,0,0
8401,2026-01-29 12:16:00,5725.7,0,0,4,0,4,0,0,0
8401,2026-01-29 12:16:00,5725.8,0,1,1,1,1,0,0,0
8401,2026-01-29 12:16:00,5726.0,0,0,4,0,3,0,0,0
8401,2026-01-29 12:16:00,5727.8,1,0,1,-1,1,0,0,0
8402,2026-01-29 12:28:00,5730.4,0,1,1,1,1,0,0,0
8403,2026-01-29 12:38:00,5720.0,0,0,2,0,2,0,0,0
8404,2026-01-29 13:20:00,5701.0,0,0,1,0,1,0,0,0
8404,2026-01-29 13:20:00,5701.3,0,1,1,1,1,0,0,0
8405,2026-01-29 13:22:00,5707.5,0,1,1,1,1,0,0,0
8406,2026-01-29 13:23:00,5709.1,1,0,1,-1,1,0,0,0
8407,2026-01-29 13:26:00,5713.1,0,1,1,1,1,0,0,0
8407,2026-01-29 13:26:00,5713.2,0,4,4,4,2,0,0,0
8407,2026-01-29 13:26:00,5713.3,0,5,5,5,3,0,0,0
8407,2026-01-29 13:26:00,5714.0,0,1,1,1,1,0,0,0
8407,2026-01-29 13:26:00,5714.2,0,1,1,1,1,0,0,0
8407,2026-01-29 13:26:00,5714.3,0,1,1,1,1,0,0,0
8408,2026-01-29 13:29:00,5709.2,2,0,2,-2,2,0,0,0
8408,2026-01-29 13:29:00,5709.8,1,0,1,-1,1,0,0,0
8409,2026-01-29 13:30:00,5709.6,0,0,1,0,1,0,0,0
8410,2026-01-29 13:31:00,5699.8,2,0,2,-2,2,0,0,0
8410,2026-01-29 13:31:00,5700.5,0,2,2,2,2,0,0,0
8410,2026-01-29 13:31:00,5702.4,0,0,1,0,1,0,0,0
8410,2026-01-29 13:31:00,5702.9,0,1,1,1,1,0,0,0
8410,2026-01-29 13:31:00,5703.0,0,2,2,2,2,0,0,0
8410,2026-01-29 13:31:00,5703.1,0,4,4,4,3,0,0,0
8410,2026-01-29 13:31:00,5703.2,0,3,3,3,3,0,0,0
8411,2026-01-29 13:32:00,5705.8,0,0,1,0,1,0,0,0
8412,2026-01-29 13:34:00,5707.5,0,3,3,3,2,0,0,0
8413,2026-01-29 13:44:00,5720.6,0,1,1,1,1,0,0,0
8413,2026-01-29 13:44:00,5720.7,0,1,1,1,1,0,0,0
8414,2026-01-29 13:52:00,5709.5,0,0,1,0,1,0,0,0
8415,2026-01-29 13:53:00,5709.2,0,1,1,1,1,0,0,0
8416,2026-01-29 13:57:00,5703.9,0,1,1,1,1,0,0,0
8417,2026-01-29 14:01:00,5704.6,0,1,1,1,1,0,0,0
8418,2026-01-29 14:02:00,5704.4,0,1,1,1,1,0,0,0
8419,2026-01-29 14:05:00,5703.9,0,1,1,1,1,0,0,0
8420,2026-01-29 14:06:00,5709.2,0,0,1,0,1,0,0,0
8421,2026-01-29 14:27:00,5735.0,0,0,2,0,1,0,0,0
8422,2026-01-29 14:28:00,5740.7,0,0,1,0,1,0,0,0
8423,2026-01-29 14:29:00,5737.0,0,0,2,0,2,0,0,0
8423,2026-01-29 14:29:00,5738.4,2,0,2,-2,1,0,0,0
8423,2026-01-29 14:29:00,5738.6,0,1,1,1,1,0,0,0
8423,2026-01-29 14:29:00,5739.4,0,5,5,5,3,0,0,0
8424,2026-01-29 14:31:00,5729.0,0,0,1,0,1,0,0,0
8424,2026-01-29 14:31:00,5729.5,0,0,3,0,1,0,0,0
8424,2026-01-29 14:31:00,5734.1,0,1,1,1,1,0,0,0
8425,2026-01-29 14:32:00,5729.5,0,0,1,0,1,0,0,0
8426,2026-01-29 14:33:00,5724.9,1,0,1,-1,1,0,0,0
8426,2026-01-29 14:33:00,5725.0,1,0,1,-1,1,0,0,0
8426,2026-01-29 14:33:00,5729.5,0,0,2,0,1,0,0,0
8427,2026-01-29 14:36:00,5700.0,0,0,2,0,2,0,0,0
8428,2026-01-29 14:37:00,5708.4,0,0,9,0,4,0,0,0
8429,2026-01-29 14:38:00,5714.0,0,1,2,1,2,0,0,0
8430,2026-01-29 14:39:00,5720.4,0,1,1,1,1,0,0,0
8430,2026-01-29 14:39:00,5722.0,0,1,1,1,1,0,0,0
8431,2026-01-29 14:43:00,5709.7,1,0,1,-1,1,0,0,0
8432,2026-01-29 14:46:00,5700.0,0,0,6,0,5,0,0,0
8433,2026-01-29 14:48:00,5686.2,0,1,1,1,1,0,0,0
8434,2026-01-29 14:55:00,5694.4,0,0,1,0,1,0,0,0
8435,2026-01-29 15:00:00,5670.0,0,0,2,0,1,0,0,0
8435,2026-01-29 15:00:00,5676.0,1,0,1,-1,1,0,0,0
8435,2026-01-29 15:00:00,5676.1,1,0,1,-1,1,0,0,0
8436,2026-01-29 15:01:00,5650.0,0,0,7,0,5,0,0,0
8437,2026-01-29 15:02:00,5645.7,1,0,1,-1,1,0,0,0
8437,2026-01-29 15:02:00,5646.0,1,0,1,-1,1,0,0,0
8438,2026-01-29 15:04:00,5638.2,4,0,4,-4,3,0,0,0
8438,2026-01-29 15:04:00,5638.3,4,0,4,-4,3,0,0,0
8438,2026-01-29 15:04:00,5638.5,1,0,1,-1,1,0,0,0
8438,2026-01-29 15:04:00,5638.7,1,0,1,-1,1,0,0,0
8438,2026-01-29 15:04:00,5640.2,1,0,1,-1,1,0,0,0
8439,2026-01-29 15:05:00,5644.2,1,0,6,-1,2,0,0,0
8439,2026-01-29 15:05:00,5644.3,0,0,1,0,1,0,0,0
8439,2026-01-29 15:05:00,5644.5,0,0,1,0,1,0,0,0
8439,2026-01-29 15:05:00,5652.7,1,0,1,-1,1,0,0,0
8439,2026-01-29 15:05:00,5654.9,0,2,10,2,7,0,0,0
8440,2026-01-29 15:07:00,5612.2,0,1,1,1,1,0,0,0
8440,2026-01-29 15:07:00,5612.7,0,2,2,2,2,0,0,0
8440,2026-01-29 15:07:00,5615.5,0,0,1,0,1,0,0,0
8440,2026-01-29 15:07:00,5619.0,0,0,1,0,1,0,0,0
8440,2026-01-29 15:07:00,5623.1,1,0,1,-1,1,0,0,0
8440,2026-01-29 15:07:00,5623.8,0,0,1,0,1,0,0,0
8440,2026-01-29 15:07:00,5624.4,0,1,1,1,1,0,0,0
8441,2026-01-29 15:08:00,5598.4,0,1,1,1,1,0,0,0
8441,2026-01-29 15:08:00,5600.6,0,0,1,0,1,0,0,0
8441,2026-01-29 15:08:00,5614.9,0,1,1,1,1,0,0,0
8441,2026-01-29 15:08:00,5617.6,0,1,1,1,1,0,0,0
8442,2026-01-29 15:10:00,5580.0,0,0,12,0,5,0,0,0
8442,2026-01-29 15:10:00,5581.3,0,1,1,1,1,0,0,0
8442,2026-01-29 15:10:00,5582.1,0,1,1,1,1,0,0,0
8442,2026-01-29 15:10:00,5586.5,0,0,3,0,2,0,0,0
8442,2026-01-29 15:10:00,5587.2,0,1,1,1,1,0,0,0
8442,2026-01-29 15:10:00,5587.4,1,0,1,-1,1,0,0,0
8442,2026-01-29 15:10:00,5587.5,1,0,1,-1,1,0,0,0
8442,2026-01-29 15:10:00,5593.3,1,0,1,-1,1,0,0,0
8442,2026-01-29 15:10:00,5593.4,1,0,1,-1,1,0,0,0
8442,2026-01-29 15:10:00,5593.5,2,0,2,-2,2,0,0,0
8442,2026-01-29 15:10:00,5593.7,1,0,1,-1,1,0,0,0
8442,2026-01-29 15:10:00,5594.0,1,0,1,-1,1,0,0,0
8442,2026-01-29 15:10:00,5594.1,2,0,2,-2,1,0,0,0
8442,2026-01-29 15:10:00,5594.3,1,0,1,-1,1,0,0,0
8442,2026-01-29 15:10:00,5594.4,1,0,1,-1,1,0,0,0
8442,2026-01-29 15:10:00,5596.9,0,1,1,1,1,0,0,0
8443,2026-01-29 15:13:00,5589.3,1,0,1,-1,1,0,0,0
8443,2026-01-29 15:13:00,5589.7,1,0,1,-1,1,0,0,0
8443,2026-01-29 15:13:00,5589.8,2,0,2,-2,1,0,0,0
8443,2026-01-29 15:13:00,5590.0,2,0,2,-2,1,0,0,0
8443,2026-01-29 15:13:00,5591.5,0,1,1,1,1,0,0,0
8444,2026-01-29 15:14:00,5550.0,0,0,1,0,1,0,0,0
8444,2026-01-29 15:14:00,5551.6,1,0,1,-1,1,0,0,0
8444,2026-01-29 15:14:00,5565.1,0,1,1,1,1,0,0,0
8444,2026-01-29 15:14:00,5580.0,0,0,1,0,1,0,0,0
8445,2026-01-29 15:15:00,5535.1,0,1,1,1,1,0,0,0
8445,2026-01-29 15:15:00,5536.0,0,0,1,0,1,0,0,0
8445,2026-01-29 15:15:00,5536.1,0,1,1,1,1,0,0,0
8445,2026-01-29 15:15:00,5536.8,0,1,1,1,1,0,0,0
8445,2026-01-29 15:15:00,5537.9,0,1,1,1,1,0,0,0
8445,2026-01-29 15:15:00,5540.0,0,0,2,0,2,0,0,0
8446,2026-01-29 15:16:00,5485.0,0,0,2,0,2,0,0,0
8446,2026-01-29 15:16:00,5510.0,1,0,5,-1,4,0,0,0
8447,2026-01-29 15:17:00,5485.0,0,0,8,0,4,0,0,0
8447,2026-01-29 15:17:00,5488.7,0,1,1,1,1,0,0,0
8447,2026-01-29 15:17:00,5488.9,0,1,1,1,1,0,0,0
8447,2026-01-29 15:17:00,5489.0,0,1,1,1,1,0,0,0
8447,2026-01-29 15:17:00,5489.1,0,1,1,1,1,0,0,0
8447,2026-01-29 15:17:00,5489.4,0,1,1,1,1,0,0,0
8447,2026-01-29 15:17:00,5498.8,0,2,2,2,1,0,0,0
8448,2026-01-29 15:18:00,5500.0,0,0,1,0,1,0,0,0
8448,2026-01-29 15:18:00,5517.1,1,0,1,-1,1,0,0,0
8448,2026-01-29 15:18:00,5540.0,0,0,4,0,2,0,0,0
8449,2026-01-29 15:19:00,5512.7,0,1,1,1,1,0,0,0
8449,2026-01-29 15:19:00,5514.0,0,1,1,1,1,0,0,0
8449,2026-01-29 15:19:00,5514.5,0,1,1,1,1,0,0,0
8449,2026-01-29 15:19:00,5514.6,0,1,1,1,1,0,0,0
8449,2026-01-29 15:19:00,5514.7,0,1,1,1,1,0,0,0
8449,2026-01-29 15:19:00,5514.8,1,2,3,1,2,0,0,0
8449,2026-01-29 15:19:00,5514.9,1,0,1,-1,1,0,0,0
8449,2026-01-29 15:19:00,5515.1,0,1,1,1,1,0,0,0
8449,2026-01-29 15:19:00,5515.3,0,1,1,1,1,0,0,0
8449,2026-01-29 15:19:00,5515.7,0,2,2,2,1,0,0,0
8450,2026-01-29 15:20:00,5534.7,1,0,1,-1,1,0,0,0
8450,2026-01-29 15:20:00,5540.0,0,0,2,0,1,0,0,0
8451,2026-01-29 15:21:00,5542.0,0,0,4,0,2,0,0,0
8452,2026-01-29 15:22:00,5539.0,0,0,1,0,1,0,0,0
8453,2026-01-29 15:23:00,5516.1,1,0,1,-1,1,0,0,0
8454,2026-01-29 15:26:00,5439.5,1,0,1,-1,1,0,0,0
8454,2026-01-29 15:26:00,5450.0,0,0,1,0,1,0,0,0
8454,2026-01-29 15:26:00,5462.5,1,0,1,-1,1,0,0,0
8454,2026-01-29 15:26:00,5462.9,1,0,1,-1,1,0,0,0
8454,2026-01-29 15:26:00,5465.0,0,0,5,0,1,0,0,0
8454,2026-01-29 15:26:00,5483.2,0,2,2,2,1,0,0,0
8454,2026-01-29 15:26:00,5483.3,0,2,2,2,1,0,0,0
8454,2026-01-29 15:26:00,5483.4,0,1,1,1,1,0,0,0
8455,2026-01-29 15:27:00,5405.0,0,0,15,0,13,0,0,0
8456,2026-01-29 15:28:00,5280.0,0,0,2,0,1,0,0,0
8456,2026-01-29 15:28:00,5300.0,0,0,3,0,2,0,0,0
8456,2026-01-29 15:28:00,5387.4,0,1,1,1,1,0,0,0
8457,2026-01-29 15:29:00,5340.1,1,0,1,-1,1,0,0,0
8457,2026-01-29 15:29:00,5343.5,1,0,1,-1,1,0,0,0
8457,2026-01-29 15:29:00,5351.6,1,0,1,-1,1,0,0,0
8457,2026-01-29 15:29:00,5360.5,1,0,1,-1,1,0,0,0
8457,2026-01-29 15:29:00,5383.3,1,0,1,-1,1,0,0,0
8457,2026-01-29 15:29:00,5383.4,1,0,1,-1,1,0,0,0
8458,2026-01-29 15:30:00,5378.2,1,0,1,-1,1,0,0,0
8459,2026-01-29 15:31:00,5363.3,0,0,1,0,1,0,0,0
8459,2026-01-29 15:31:00,5390.0,0,0,1,0,1,0,0,0
8459,2026-01-29 15:31:00,5393.2,1,0,1,-1,1,0,0,0
8460,2026-01-29 15:32:00,5325.6,0,1,1,1,1,0,0,0
8461,2026-01-29 15:34:00,5337.9,0,1,1,1,1,0,0,0
8462,2026-01-29 15:36:00,5291.1,0,0,1,0,1,0,0,0
8462,2026-01-29 15:36:00,5291.5,2,0,2,-2,1,0,0,0
8462,2026-01-29 15:36:00,5291.6,1,0,1,-1,1,0,0,0
8462,2026-01-29 15:36:00,5291.8,1,0,1,-1,1,0,0,0
8462,2026-01-29 15:36:00,5291.9,1,0,1,-1,1,0,0,0
8462,2026-01-29 15:36:00,5292.0,1,0,1,-1,1,0,0,0
8462,2026-01-29 15:36:00,5292.1,1,0,1,-1,1,0,0,0
8462,2026-01-29 15:36:00,5292.4,0,1,1,1,1,0,0,0
8462,2026-01-29 15:36:00,5296.6,0,1,1,1,1,0,0,0
8462,2026-01-29 15:36:00,5300.0,0,0,2,0,1,0,0,0
8462,2026-01-29 15:36:00,5323.6,1,0,1,-1,1,0,0,0
8463,2026-01-29 15:39:00,5398.4,0,0,1,0,1,0,0,0
8464,2026-01-29 15:40:00,5350.0,0,0,1,0,1,0,0,0
8465,2026-01-29 15:41:00,5348.7,0,0,1,0,1,0,0,0
8466,2026-01-29 15:42:00,5300.0,0,0,1,0,1,0,0,0
8466,2026-01-29 15:42:00,5304.7,0,1,1,1,1,0,0,0
8466,2026-01-29 15:42:00,5311.2,0,0,1,0,1,0,0,0
8466,2026-01-29 15:42:00,5353.4,0,0,1,0,1,0,0,0
8466,2026-01-29 15:42:00,5357.1,0,1,1,1,1,0,0,0
8466,2026-01-29 15:42:00,5358.3,0,1,1,1,1,0,0,0
8467,2026-01-29 15:43:00,5304.2,0,0,1,0,1,0,0,0
8467,2026-01-29 15:43:00,5310.0,0,0,7,0,7,0,0,0
8468,2026-01-29 15:45:00,5325.6,0,0,1,0,1,0,0,0
8469,2026-01-29 15:46:00,5349.9,1,0,1,-1,1,0,0,0
8469,2026-01-29 15:46:00,5350.0,1,0,1,-1,1,0,0,0
8469,2026-01-29 15:46:00,5350.1,1,0,1,-1,1,0,0,0
8469,2026-01-29 15:46:00,5351.4,0,0,1,0,1,0,0,0
8470,2026-01-29 15:47:00,5367.1,1,0,1,-1,1,0,0,0
8470,2026-01-29 15:47:00,5367.7,0,1,1,1,1,0,0,0
8470,2026-01-29 15:47:00,5367.8,0,1,1,1,1,0,0,0
8471,2026-01-29 15:48:00,5340.2,1,0,1,-1,1,0,0,0
8471,2026-01-29 15:48:00,5342.6,1,0,1,-1,1,0,0,0
8471,2026-01-29 15:48:00,5349.0,2,0,2,-2,2,0,0,0
8472,2026-01-29 15:49:00,5343.4,0,0,1,0,1,0,0,0
8472,2026-01-29 15:49:00,5345.0,0,1,2,1,2,0,0,0
8473,2026-01-29 15:55:00,5360.0,0,0,1,0,1,0,0,0
8474,2026-01-29 15:58:00,5370.6,0,1,1,1,1,0,0,0
8475,2026-01-29 15:59:00,5364.6,0,1,1,1,1,0,0,0
8476,2026-01-29 16:00:00,5356.4,1,0,1,-1,1,0,0,0
8476,2026-01-29 16:00:00,5358.8,0,2,2,2,1,0,0,0
8476,2026-01-29 16:00:00,5358.9,0,2,2,2,1,0,0,0
8477,2026-01-29 16:01:00,5377.0,0,1,1,1,1,0,0,0
8477,2026-01-29 16:01:00,5377.1,0,3,3,3,1,0,0,0
8477,2026-01-29 16:01:00,5377.2,0,0,1,0,1,0,0,0
8477,2026-01-29 16:01:00,5377.3,0,2,2,2,1,0,0,0
8477,2026-01-29 16:01:00,5377.4,0,1,1,1,1,0,0,0
8477,2026-01-29 16:01:00,5377.7,0,1,1,1,1,0,0,0
8477,2026-01-29 16:01:00,5377.8,0,1,1,1,1,0,0,0
8478,2026-01-29 16:03:00,5404.1,1,0,1,-1,1,0,0,0
8478,2026-01-29 16:03:00,5405.5,0,0,1,0,1,0,0,0
8478,2026-01-29 16:03:00,5407.9,1,0,1,-1,1,0,0,0
8478,2026-01-29 16:03:00,5408.6,1,0,1,-1,1,0,0,0
8478,2026-01-29 16:03:00,5411.3,0,1,1,1,1,0,0,0
8479,2026-01-29 16:04:00,5408.0,0,1,1,1,1,0,0,0
8479,2026-01-29 16:04:00,5413.6,2,0,2,-2,2,0,0,0
8480,2026-01-29 16:06:00,5428.8,1,0,1,-1,1,0,0,0
8480,2026-01-29 16:06:00,5429.2,0,1,1,1,1,0,0,0
8480,2026-01-29 16:06:00,5430.0,0,0,1,0,1,0,0,0
8480,2026-01-29 16:06:00,5435.6,0,1,1,1,1,0,0,0
8480,2026-01-29 16:06:00,5435.8,0,1,1,1,1,0,0,0
8480,2026-01-29 16:06:00,5436.8,0,1,1,1,1,0,0,0
8480,2026-01-29 16:06:00,5438.3,1,0,1,-1,1,0,0,0
8480,2026-01-29 16:06:00,5439.4,0,2,2,2,1,0,0,0
8480,2026-01-29 16:06:00,5439.5,0,0,1,0,1,0,0,0
8481,2026-01-29 16:07:00,5423.3,0,0,1,0,1,0,0,0
8481,2026-01-29 16:07:00,5423.8,0,1,1,1,1,0,0,0
8481,2026-01-29 16:07:00,5424.0,0,1,1,1,1,0,0,0
8481,2026-01-29 16:07:00,5429.6,1,0,1,-1,1,0,0,0
8482,2026-01-29 16:08:00,5417.1,0,1,1,1,1,0,0,0
8482,2026-01-29 16:08:00,5419.1,1,0,1,-1,1,0,0,0
8482,2026-01-29 16:08:00,5420.0,0,0,11,0,7,0,0,0
8483,2026-01-29 16:09:00,5429.2,0,0,1,0,1,0,0,0
8483,2026-01-29 16:09:00,5432.1,1,0,1,-1,1,0,0,0
8483,2026-01-29 16:09:00,5432.9,0,0,1,0,1,0,0,0
8483,2026-01-29 16:09:00,5433.1,0,0,1,0,1,0,0,0
8483,2026-01-29 16:09:00,5433.5,0,0,1,0,1,0,0,0
8483,2026-01-29 16:09:00,5433.7,0,0,1,0,1,0,0,0
8483,2026-01-29 16:09:00,5433.9,0,0,1,0,1,0,0,0
8484,2026-01-29 16:10:00,5421.0,0,0,1,0,1,0,0,0
8484,2026-01-29 16:10:00,5422.3,1,0,1,-1,1,0,0,0
8484,2026-01-29 16:10:00,5429.4,1,0,1,-1,1,0,0,0
8484,2026-01-29 16:10:00,5429.7,1,0,1,-1,1,0,0,0
8484,2026-01-29 16:10:00,5430.0,0,0,2,0,2,0,0,0
8485,2026-01-29 16:11:00,5421.0,0,0,1,0,1,0,0,0
8486,2026-01-29 16:13:00,5433.5,0,2,2,2,1,0,0,0
8487,2026-01-29 16:14:00,5443.2,0,0,1,0,1,0,0,0
8487,2026-01-29 16:14:00,5458.5,0,1,1,1,1,0,0,0
8488,2026-01-29 16:15:00,5447.3,0,1,1,1,1,0,0,0
8488,2026-01-29 16:15:00,5448.0,0,0,2,0,2,0,0,0
8488,2026-01-29 16:15:00,5453.5,1,0,1,-1,1,0,0,0
8488,2026-01-29 16:15:00,5455.1,1,0,1,-1,1,0,0,0
8488,2026-01-29 16:15:00,5455.3,1,0,1,-1,1,0,0,0
8488,2026-01-29 16:15:00,5455.7,1,0,1,-1,1,0,0,0
8488,2026-01-29 16:15:00,5455.8,3,0,3,-3,1,0,0,0
8488,2026-01-29 16:15:00,5455.9,1,0,1,-1,1,0,0,0
8488,2026-01-29 16:15:00,5456.1,1,0,1,-1,1,0,0,0
8488,2026-01-29 16:15:00,5456.2,1,0,1,-1,1,0,0,0
8488,2026-01-29 16:15:00,5456.3,2,0,2,-2,1,0,0,0
8488,2026-01-29 16:15:00,5456.5,3,0,3,-3,2,0,0,0
8488,2026-01-29 16:15:00,5456.7,2,0,3,-2,2,0,0,0
8488,2026-01-29 16:15:00,5456.8,2,0,2,-2,1,0,0,0
8488,2026-01-29 16:15:00,5457.3,0,0,1,0,1,0,0,0
8489,2026-01-29 16:17:00,5431.4,1,0,1,-1,1,0,0,0
8489,2026-01-29 16:17:00,5431.6,0,0,1,0,1,0,0,0
8489,2026-01-29 16:17:00,5437.4,1,0,1,-1,1,0,0,0
8489,2026-01-29 16:17:00,5438.0,0,0,4,0,4,0,0,0
8490,2026-01-29 16:19:00,5444.1,1,0,1,-1,1,0,0,0
8490,2026-01-29 16:19:00,5448.3,0,1,1,1,1,0,0,0
8491,2026-01-29 16:20:00,5450.0,0,0,2,0,2,0,0,0
8491,2026-01-29 16:20:00,5450.7,0,0,1,0,1,0,0,0
8492,2026-01-29 16:22:00,5428.4,1,0,1,-1,1,0,0,0
8492,2026-01-29 16:22:00,5430.0,0,0,5,0,3,0,0,0
8493,2026-01-29 16:24:00,5434.6,0,0,1,0,1,0,0,0
8493,2026-01-29 16:24:00,5435.6,0,0,2,0,2,0,0,0
8493,2026-01-29 16:24:00,5435.9,1,0,1,-1,1,0,0,0
8493,2026-01-29 16:24:00,5441.9,0,1,1,1,1,0,0,0
8493,2026-01-29 16:24:00,5442.0,0,1,1,1,1,0,0,0
8493,2026-01-29 16:24:00,5444.4,0,0,1,0,1,0,0,0
8494,2026-01-29 16:25:00,5451.3,0,1,1,1,1,0,0,0
8494,2026-01-29 16:25:00,5452.0,0,1,1,1,1,0,0,0
8494,2026-01-29 16:25:00,5455.4,0,1,1,1,1,0,0,0
8494,2026-01-29 16:25:00,5455.8,0,3,4,3,3,0,0,0
8494,2026-01-29 16:25:00,5457.4,0,1,1,1,1,0,0,0
8494,2026-01-29 16:25:00,5457.6,0,1,1,1,1,0,0,0
8495,2026-01-29 16:26:00,5463.0,0,0,2,0,1,0,0,0
8495,2026-01-29 16:26:00,5463.3,0,0,1,0,1,0,0,0
8495,2026-01-29 16:26:00,5470.5,0,1,1,1,1,0,0,0
8495,2026-01-29 16:26:00,5470.6,0,1,1,1,1,0,0,0
8496,2026-01-29 16:27:00,5469.4,1,0,1,-1,1,0,0,0
8497,2026-01-29 16:28:00,5474.6,0,2,2,2,1,0,0,0
8497,2026-01-29 16:28:00,5475.6,1,0,1,-1,1,0,0,0
8497,2026-01-29 16:28:00,5476.4,0,2,2,2,1,0,0,0
8497,2026-01-29 16:28:00,5476.8,1,0,1,-1,1,0,0,0
8497,2026-01-29 16:28:00,5477.4,0,0,1,0,1,0,0,0
8498,2026-01-29 16:29:00,5474.1,1,0,1,-1,1,0,0,0
8498,2026-01-29 16:29:00,5475.0,0,0,1,0,1,0,0,0
8499,2026-01-29 16:30:00,5486.4,0,1,1,1,1,0,0,0
8500,2026-01-29 16:32:00,5489.0,0,2,2,2,1,0,0,0
8501,2026-01-29 16:33:00,5480.0,0,0,2,0,2,0,0,0
8501,2026-01-29 16:33:00,5481.2,0,0,1,0,1,0,0,0
8502,2026-01-29 16:34:00,5462.6,1,0,1,-1,1,0,0,0
8503,2026-01-29 16:36:00,5440.0,0,0,1,0,1,0,0,0
8504,2026-01-29 16:37:00,5449.8,0,1,1,1,1,0,0,0
8504,2026-01-29 16:37:00,5450.0,0,1,1,1,1,0,0,0
8505,2026-01-29 16:39:00,5430.0,0,0,3,0,3,0,0,0
8505,2026-01-29 16:39:00,5433.4,0,0,1,0,1,0,0,0
8505,2026-01-29 16:39:00,5435.0,0,1,3,1,3,0,0,0
8506,2026-01-29 16:40:00,5430.0,0,0,1,0,1,0,0,0
8507,2026-01-29 16:41:00,5458.0,0,0,11,0,6,0,0,0
8507,2026-01-29 16:41:00,5458.8,0,0,1,0,1,0,0,0
8507,2026-01-29 16:41:00,5459.6,0,1,1,1,1,0,0,0
8508,2026-01-29 16:44:00,5453.1,1,0,1,-1,1,0,0,0
8508,2026-01-29 16:44:00,5453.4,0,1,1,1,1,0,0,0
8509,2026-01-29 16:45:00,5447.7,0,0,1,0,1,0,0,0
8509,2026-01-29 16:45:00,5450.0,1,0,3,-1,3,0,0,0
8509,2026-01-29 16:45:00,5450.5,0,1,1,1,1,0,0,0
8510,2026-01-29 16:51:00,5442.7,1,0,1,-1,1,0,0,0
8510,2026-01-29 16:51:00,5443.2,0,1,1,1,1,0,0,0
8511,2026-01-29 16:53:00,5422.4,0,0,1,0,1,0,0,0
8511,2026-01-29 16:53:00,5423.4,1,0,1,-1,1,0,0,0
8511,2026-01-29 16:53:00,5423.5,1,0,1,-1,1,0,0,0
8511,2026-01-29 16:53:00,5423.6,2,0,2,-2,1,0,0,0
8511,2026-01-29 16:53:00,5423.7,1,0,1,-1,1,0,0,0
8511,2026-01-29 16:53:00,5423.8,1,0,1,-1,1,0,0,0
8511,2026-01-29 16:53:00,5423.9,1,0,1,-1,1,0,0,0
8511,2026-01-29 16:53:00,5424.1,1,0,1,-1,1,0,0,0
8512,2026-01-29 16:54:00,5431.6,0,0,1,0,1,0,0,0
8513,2026-01-29 16:56:00,5428.4,2,0,2,-2,1,0,0,0
8513,2026-01-29 16:56:00,5428.5,2,0,2,-2,1,0,0,0
8513,2026-01-29 16:56:00,5428.6,2,0,2,-2,1,0,0,0
8513,2026-01-29 16:56:00,5429.0,0,0,1,0,1,0,0,0
8513,2026-01-29 16:56:00,5429.3,0,1,1,1,1,0,0,0
8514,2026-01-29 17:00:00,5458.3,2,0,2,-2,1,0,0,0
8515,2026-01-29 17:06:00,5471.3,0,0,1,0,1,0,0,0
8515,2026-01-29 17:06:00,5473.1,0,1,1,1,1,0,0,0
8515,2026-01-29 17:06:00,5473.2,0,1,1,1,1,0,0,0
8515,2026-01-29 17:06:00,5473.3,0,1,1,1,1,0,0,0
8515,2026-01-29 17:06:00,5473.5,0,1,1,1,1,0,0,0
8516,2026-01-29 17:08:00,5475.0,0,0,1,0,1,0,0,0
8517,2026-01-29 17:09:00,5475.0,0,0,3,0,2,0,0,0
8518,2026-01-29 17:11:00,5467.2,1,0,1,-1,1,0,0,0
8519,2026-01-29 17:12:00,5462.4,0,0,1,0,1,0,0,0
8519,2026-01-29 17:12:00,5465.0,0,0,4,0,4,0,0,0
8519,2026-01-29 17:12:00,5467.8,0,0,1,0,1,0,0,0
8520,2026-01-29 17:13:00,5473.3,0,0,1,0,1,0,0,0
8521,2026-01-29 17:14:00,5475.0,0,0,1,0,1,0,0,0
8521,2026-01-29 17:14:00,5477.0,2,0,2,-2,1,0,0,0
8522,2026-01-29 17:15:00,5482.4,0,0,1,0,1,0,0,0
8522,2026-01-29 17:15:00,5499.1,1,0,1,-1,1,0,0,0
8523,2026-01-29 17:17:00,5508.6,0,1,1,1,1,0,0,0
8524,2026-01-29 17:19:00,5518.1,0,1,1,1,1,0,0,0
8524,2026-01-29 17:19:00,5518.6,0,1,1,1,1,0,0,0
8524,2026-01-29 17:19:00,5519.2,0,1,1,1,1,0,0,0
8524,2026-01-29 17:19:00,5519.4,0,1,1,1,1,0,0,0
8524,2026-01-29 17:19:00,5519.8,0,1,1,1,1,0,0,0
8524,2026-01-29 17:19:00,5519.9,0,3,3,3,2,0,0,0
8525,2026-01-29 17:20:00,5515.4,0,1,1,1,1,0,0,0
8525,2026-01-29 17:20:00,5515.6,0,1,1,1,1,0,0,0
8526,2026-01-29 17:21:00,5515.1,0,0,2,0,2,0,0,0
8526,2026-01-29 17:21:00,5515.5,1,0,1,-1,1,0,0,0
8526,2026-01-29 17:21:00,5515.7,0,0,2,0,2,0,0,0
8526,2026-01-29 17:21:00,5516.1,0,0,1,0,1,0,0,0
8527,2026-01-29 17:22:00,5512.6,1,0,1,-1,1,0,0,0
8528,2026-01-29 17:23:00,5520.0,1,0,1,-1,1,0,0,0
8528,2026-01-29 17:23:00,5520.1,1,0,1,-1,1,0,0,0
8529,2026-01-29 17:24:00,5514.7,0,2,2,2,1,0,0,0
8529,2026-01-29 17:24:00,5525.0,0,0,2,0,1,0,0,0
8530,2026-01-29 17:25:00,5528.7,0,1,1,1,1,0,0,0
8530,2026-01-29 17:25:00,5528.8,0,1,1,1,1,0,0,0
8531,2026-01-29 17:26:00,5539.0,0,1,1,1,1,0,0,0
8531,2026-01-29 17:26:00,5539.1,0,1,1,1,1,0,0,0
8532,2026-01-29 17:27:00,5545.2,0,1,1,1,1,0,0,0
8532,2026-01-29 17:27:00,5545.4,0,1,1,1,1,0,0,0
8532,2026-01-29 17:27:00,5549.9,0,1,1,1,1,0,0,0
8532,2026-01-29 17:27:00,5550.1,0,1,1,1,1,0,0,0
8533,2026-01-29 17:28:00,5543.6,1,0,1,-1,1,0,0,0
8534,2026-01-29 17:29:00,5549.9,0,0,1,0,1,0,0,0
8535,2026-01-29 17:30:00,5537.9,1,0,1,-1,1,0,0,0
8535,2026-01-29 17:30:00,5538.9,0,1,1,1,1,0,0,0
8535,2026-01-29 17:30:00,5541.2,0,0,1,0,1,0,0,0
8535,2026-01-29 17:30:00,5542.1,0,1,1,1,1,0,0,0
8535,2026-01-29 17:30:00,5544.6,0,0,1,0,1,0,0,0
8535,2026-01-29 17:30:00,5546.2,0,1,1,1,1,0,0,0
8536,2026-01-29 17:31:00,5537.4,0,3,3,3,1,0,0,0
8536,2026-01-29 17:31:00,5537.5,0,2,2,2,1,0,0,0
8536,2026-01-29 17:31:00,5537.6,0,1,1,1,1,0,0,0
8537,2026-01-29 17:37:00,5545.5,0,0,1,0,1,0,0,0
8537,2026-01-29 17:37:00,5555.0,0,0,1,0,1,0,0,0
8537,2026-01-29 17:37:00,5557.8,0,1,1,1,1,0,0,0
8538,2026-01-29 17:39:00,5549.3,0,1,1,1,1,0,0,0
8538,2026-01-29 17:39:00,5549.6,0,1,1,1,1,0,0,0
8539,2026-01-29 17:50:00,5531.6,0,1,1,1,1,0,0,0
8539,2026-01-29 17:50:00,5531.8,0,1,1,1,1,0,0,0
8539,2026-01-29 17:50:00,5531.9,0,2,2,2,1,0,0,0
8539,2026-01-29 17:50:00,5532.1,0,1,1,1,1,0,0,0
8540,2026-01-29 17:52:00,5514.0,1,0,1,-1,1,0,0,0
8540,2026-01-29 17:52:00,5520.0,0,0,2,0,1,0,0,0
8541,2026-01-29 17:54:00,5521.9,2,0,2,-2,1,0,0,0
8541,2026-01-29 17:54:00,5522.0,3,0,3,-3,1,0,0,0
8541,2026-01-29 17:54:00,5522.8,1,0,1,-1,1,0,0,0
8541,2026-01-29 17:54:00,5522.9,1,0,1,-1,1,0,0,0
8541,2026-01-29 17:54:00,5523.1,1,0,1,-1,1,0,0,0
8541,2026-01-29 17:54:00,5523.4,1,0,1,-1,1,0,0,0
8541,2026-01-29 17:54:00,5523.5,1,1,2,0,2,0,0,0
8541,2026-01-29 17:54:00,5523.6,1,0,1,-1,1,0,0,0
8541,2026-01-29 17:54:00,5524.5,1,0,1,-1,1,0,0,0
8541,2026-01-29 17:54:00,5524.7,2,0,2,-2,1,0,0,0
8541,2026-01-29 17:54:00,5524.8,3,0,3,-3,1,0,0,0
8541,2026-01-29 17:54:00,5524.9,1,0,1,-1,1,0,0,0
8541,2026-01-29 17:54:00,5525.0,2,0,2,-2,1,0,0,0
8542,2026-01-29 18:01:00,5527.7,2,0,2,-2,1,0,0,0
8543,2026-01-29 18:08:00,5535.0,0,0,2,0,2,0,0,0
8544,2026-01-29 18:12:00,5540.0,0,0,5,0,2,0,0,0
8545,2026-01-29 18:15:00,5538.6,1,0,1,-1,1,0,0,0
8545,2026-01-29 18:15:00,5538.7,1,0,1,-1,1,0,0,0
8546,2026-01-29 18:22:00,5520.0,0,0,2,0,2,0,0,0
8546,2026-01-29 18:22:00,5527.0,0,0,2,0,1,0,0,0
8547,2026-01-29 18:27:00,5500.0,0,0,2,0,2,0,0,0
8548,2026-01-29 18:29:00,5498.0,0,0,1,0,1,0,0,0
8548,2026-01-29 18:29:00,5499.8,0,0,1,0,1,0,0,0
8548,2026-01-29 18:29:00,5509.0,0,0,1,0,1,0,0,0
8548,2026-01-29 18:29:00,5509.4,0,1,1,1,1,0,0,0
8548,2026-01-29 18:29:00,5509.6,0,1,1,1,1,0,0,0
8548,2026-01-29 18:29:00,5509.7,0,3,3,3,1,0,0,0
8549,2026-01-29 18:32:00,5535.0,0,0,2,0,1,0,0,0
8549,2026-01-29 18:32:00,5538.0,0,0,5,0,5,0,0,0
8550,2026-01-29 18:35:00,5530.0,0,1,1,1,1,0,0,0
8551,2026-01-29 18:37:00,5539.6,0,1,1,1,1,0,0,0
8551,2026-01-29 18:37:00,5539.7,0,3,3,3,3,0,0,0
8551,2026-01-29 18:37:00,5540.0,0,0,2,0,1,0,0,0
8552,2026-01-29 18:38:00,5534.7,2,0,2,-2,1,0,0,0
8553,2026-01-29 18:40:00,5540.0,0,0,2,0,1,0,0,0
8554,2026-01-29 18:41:00,5527.0,0,0,2,0,2,0,0,0
8555,2026-01-29 18:42:00,5528.6,1,0,1,-1,1,0,0,0
8556,2026-01-29 18:50:00,5541.0,0,1,1,1,1,0,0,0
8556,2026-01-29 18:50:00,5541.5,0,1,1,1,1,0,0,0
8557,2026-01-29 18:55:00,5530.0,0,0,2,0,2,0,0,0
8558,2026-01-29 18:58:00,5525.0,1,0,2,-1,2,0,0,0
8558,2026-01-29 18:58:00,5525.6,2,0,2,-2,1,0,0,0
8559,2026-01-29 19:00:00,5515.9,0,0,1,0,1,0,0,0
8559,2026-01-29 19:00:00,5520.4,0,0,1,0,1,0,0,0
8560,2026-01-29 19:02:00,5517.2,1,0,1,-1,1,0,0,0
8561,2026-01-29 19:03:00,5519.2,1,0,1,-1,1,0,0,0
8562,2026-01-29 19:07:00,5527.2,2,0,2,-2,1,0,0,0
8563,2026-01-29 19:08:00,5522.0,0,0,1,0,1,0,0,0
8564,2026-01-29 19:10:00,5515.0,0,0,2,0,2,0,0,0
8565,2026-01-29 19:14:00,5490.9,1,0,1,-1,1,0,0,0
8565,2026-01-29 19:14:00,5500.0,0,0,2,0,1,0,0,0
8565,2026-01-29 19:14:00,5501.7,0,0,1,0,1,0,0,0
8566,2026-01-29 19:19:00,5500.6,2,0,2,-2,1,0,0,0
8567,2026-01-29 19:26:00,5495.0,0,0,2,0,2,0,0,0
8568,2026-01-29 19:28:00,5496.0,0,0,2,0,2,0,0,0
8569,2026-01-29 19:30:00,5483.9,0,0,1,0,1,0,0,0
8569,2026-01-29 19:30:00,5494.0,0,0,2,0,1,0,0,0
8570,2026-01-29 19:37:00,5495.9,0,1,1,1,1,0,0,0
8571,2026-01-29 19:38:00,5506.2,0,1,1,1,1,0,0,0
8572,2026-01-29 19:42:00,5495.0,0,0,2,0,2,0,0,0
8573,2026-01-29 19:45:00,5505.0,0,2,2,2,2,0,0,0
8574,2026-01-29 20:03:00,5470.0,0,0,1,0,1,0,0,0
8574,2026-01-29 20:03:00,5471.5,1,0,1,-1,1,0,0,0
8575,2026-01-29 20:06:00,5485.7,0,0,1,0,1,0,0,0
8576,2026-01-29 20:24:00,5506.5,0,1,1,1,1,0,0,0
8577,2026-01-29 20:25:00,5508.0,0,0,1,0,1,0,0,0
8578,2026-01-29 20:26:00,5509.3,0,1,1,1,1,0,0,0
8579,2026-01-29 20:39:00,5528.6,0,0,1,0,1,0,0,0
8579,2026-01-29 20:39:00,5529.7,2,0,2,-2,1,0,0,0
8580,2026-01-29 20:40:00,5532.1,0,1,1,1,1,0,0,0
8580,2026-01-29 20:40:00,5535.4,0,1,1,1,1,0,0,0
8580,2026-01-29 20:40:00,5535.5,0,1,1,1,1,0,0,0
8580,2026-01-29 20:40:00,5535.7,0,2,2,2,1,0,0,0
8581,2026-01-29 20:42:00,5539.9,0,1,1,1,1,0,0,0
8581,2026-01-29 20:42:00,5540.0,0,1,1,1,1,0,0,0
8582,2026-01-29 20:45:00,5543.0,0,0,4,0,3,0,0,0
8583,2026-01-29 20:46:00,5550.6,0,1,1,1,1,0,0,0
8583,2026-01-29 20:46:00,5550.7,0,1,1,1,1,0,0,0
8584,2026-01-29 20:47:00,5551.8,0,1,1,1,1,0,0,0
8584,2026-01-29 20:47:00,5552.0,0,2,2,2,1,0,0,0
8584,2026-01-29 20:47:00,5552.3,0,1,1,1,1,0,0,0
8584,2026-01-29 20:47:00,5553.9,0,1,1,1,1,0,0,0
8585,2026-01-29 20:49:00,5550.0,0,0,2,0,2,0,0,0
8585,2026-01-29 20:49:00,5555.4,1,0,1,-1,1,0,0,0
8585,2026-01-29 20:49:00,5555.6,1,0,1,-1,1,0,0,0
8585,2026-01-29 20:49:00,5555.7,1,0,1,-1,1,0,0,0
8585,2026-01-29 20:49:00,5555.8,1,0,1,-1,1,0,0,0
8586,2026-01-29 20:50:00,5572.1,0,1,1,1,1,0,0,0
8586,2026-01-29 20:50:00,5572.6,0,1,1,1,1,0,0,0
8587,2026-01-29 20:51:00,5577.0,0,1,1,1,1,0,0,0
8587,2026-01-29 20:51:00,5577.5,0,1,1,1,1,0,0,0
8587,2026-01-29 20:51:00,5578.7,0,1,1,1,1,0,0,0
8587,2026-01-29 20:51:00,5579.0,0,1,1,1,1,0,0,0
8588,2026-01-29 20:53:00,5579.9,1,0,1,-1,1,0,0,0
8589,2026-01-29 20:58:00,5581.8,0,1,1,1,1,0,0,0
8589,2026-01-29 20:58:00,5582.4,1,0,1,-1,1,0,0,0
8589,2026-01-29 20:58:00,5582.6,1,0,1,-1,1,0,0,0
8590,2026-01-29 20:59:00,5580.8,0,0,2,0,2,0,0,0
8590,2026-01-29 20:59:00,5585.0,0,1,1,1,1,0,0,0
8591,2026-01-29 21:01:00,5590.0,2,0,2,-2,2,0,0,0
8592,2026-01-29 21:02:00,5585.0,0,0,2,0,1,0,0,0
8593,2026-01-29 21:03:00,5587.0,0,0,2,0,2,0,0,0
8594,2026-01-29 21:06:00,5576.8,0,1,1,1,1,0,0,0
8594,2026-01-29 21:06:00,5582.2,1,0,1,-1,1,0,0,0
8595,2026-01-29 21:15:00,5586.8,0,2,2,2,2,0,0,0
8596,2026-01-29 21:24:00,5592.1,1,0,1,-1,1,0,0,0
8597,2026-01-29 21:38:00,5590.0,0,0,1,0,1,0,0,0
8598,2026-01-29 23:02:00,5593.4,0,1,1,1,1,0,0,0
8599,2026-01-29 23:03:00,5601.8,1,0,1,-1,1,0,0,0
8600,2026-01-29 23:06:00,5623.1,0,1,1,1,1,0,0,0
8600,2026-01-29 23:06:00,5634.6,1,0,1,-1,1,0,0,0
8600,2026-01-29 23:06:00,5636.8,0,1,1,1,1,0,0,0
8601,2026-01-29 23:07:00,5637.1,1,0,1,-1,1,0,0,0
8601,2026-01-29 23:07:00,5638.3,0,2,2,2,1,0,0,0
8602,2026-01-29 23:10:00,5620.8,1,0,1,-1,1,0,0,0
8603,2026-01-29 23:11:00,5622.9,0,2,2,2,1,0,0,0
8604,2026-01-29 23:15:00,5609.9,1,0,1,-1,1,0,0,0
8604,2026-01-29 23:15:00,5612.5,1,0,1,-1,1,0,0,0
8605,2026-01-29 23:17:00,5586.8,1,0,1,-1,1,0,0,0
8605,2026-01-29 23:17:00,5588.2,1,0,1,-1,1,0,0,0
8605,2026-01-29 23:17:00,5588.6,1,0,1,-1,1,0,0,0
8606,2026-01-29 23:18:00,5587.6,0,1,1,1,1,0,0,0
8607,2026-01-29 23:20:00,5594.4,0,2,2,2,1,0,0,0
8608,2026-01-29 23:23:00,5594.5,1,0,1,-1,1,0,0,0
8608,2026-01-29 23:23:00,5595.2,1,0,1,-1,1,0,0,0
8609,2026-01-29 23:29:00,5606.0,0,0,2,0,1,0,0,0
8609,2026-01-29 23:29:00,5610.1,0,0,1,0,1,0,0,0
8610,2026-01-29 23:30:00,5604.0,0,0,2,0,2,0,0,0
8611,2026-01-29 23:52:00,5624.7,0,2,2,2,2,0,0,0
8611,2026-01-29 23:52:00,5625.4,0,0,1,0,1,0,0,0
8611,2026-01-29 23:52:00,5625.6,0,2,2,2,2,0,0,0
8612,2026-01-29 23:55:00,5621.8,2,0,2,-2,1,0,0,0
8613,2026-01-29 23:59:00,5626.8,0,3,3,3,1,0,0,0
8613,2026-01-29 23:59:00,5626.9,0,2,2,2,1,0,0,0
8613,2026-01-29 23:59:00,5627.0,0,1,1,1,1,0,0,0
8613,2026-01-29 23:59:00,5627.1,0,2,2,2,1,0,0,0
8614,2026-01-30 00:00:00,5619.6,1,0,1,-1,1,0,0,0
8614,2026-01-30 00:00:00,5622.3,1,0,1,-1,1,0,0,0
8614,2026-01-30 00:00:00,5622.8,1,0,1,-1,1,0,0,0
8614,2026-01-30 00:00:00,5625.0,0,0,2,0,1,0,0,0
8614,2026-01-30 00:00:00,5625.3,1,0,1,-1,1,0,0,0
8614,2026-01-30 00:00:00,5625.9,1,0,1,-1,1,0,0,0
8614,2026-01-30 00:00:00,5628.0,1,0,1,-1,1,0,0,0
8615,2026-01-30 00:14:00,5634.9,2,0,2,-2,1,0,0,0
8616,2026-01-30 00:16:00,5630.0,0,0,1,0,1,0,0,0
8617,2026-01-30 00:17:00,5630.0,0,0,1,0,1,0,0,0
8618,2026-01-30 00:24:00,5625.0,0,0,2,0,2,0,0,0
8619,2026-01-30 00:26:00,5625.0,0,0,3,0,3,0,0,0
8620,2026-01-30 00:28:00,5610.2,2,0,2,-2,1,0,0,0
8621,2026-01-30 00:41:00,5600.0,0,0,5,0,4,0,0,0
8622,2026-01-30 00:43:00,5599.4,0,1,1,1,1,0,0,0
8623,2026-01-30 00:53:00,5595.9,0,2,2,2,1,0,0,0
8624,2026-01-30 00:55:00,5601.6,1,0,1,-1,1,0,0,0
8624,2026-01-30 00:55:00,5601.7,1,0,1,-1,1,0,0,0
8624,2026-01-30 00:55:00,5601.8,2,0,2,-2,1,0,0,0
8624,2026-01-30 00:55:00,5602.0,2,0,2,-2,1,0,0,0
8624,2026-01-30 00:55:00,5602.2,1,0,1,-1,1,0,0,0
8625,2026-01-30 00:57:00,5596.8,1,0,1,-1,1,0,0,0
8625,2026-01-30 00:57:00,5596.9,1,0,1,-1,1,0,0,0
8626,2026-01-30 01:03:00,5575.1,1,0,1,-1,1,0,0,0
8627,2026-01-30 01:05:00,5571.9,0,1,1,1,1,0,0,0
8628,2026-01-30 01:11:00,5518.4,1,0,1,-1,1,0,0,0
8629,2026-01-30 01:14:00,5500.0,0,0,2,0,2,0,0,0
8630,2026-01-30 01:17:00,5515.5,0,2,2,2,1,0,0,0
8631,2026-01-30 01:20:00,5520.0,0,0,2,0,2,0,0,0
8632,2026-01-30 01:21:00,5525.0,0,0,1,0,1,0,0,0
8633,2026-01-30 01:22:00,5520.0,0,0,1,0,1,0,0,0
8633,2026-01-30 01:22:00,5521.0,0,0,2,0,2,0,0,0
8633,2026-01-30 01:22:00,5522.0,0,1,1,1,1,0,0,0
8633,2026-01-30 01:22:00,5523.6,0,1,1,1,1,0,0,0
8633,2026-01-30 01:22:00,5525.0,1,0,1,-1,1,0,0,0
8633,2026-01-30 01:22:00,5527.2,0,0,2,0,2,0,0,0
8634,2026-01-30 01:23:00,5527.4,0,0,1,0,1,0,0,0
8635,2026-01-30 01:25:00,5537.6,0,1,1,1,1,0,0,0
8635,2026-01-30 01:25:00,5537.7,0,1,1,1,1,0,0,0
8636,2026-01-30 01:26:00,5541.3,0,1,1,1,1,0,0,0
8637,2026-01-30 01:28:00,5547.0,0,0,2,0,1,0,0,0
8638,2026-01-30 01:34:00,5558.5,0,1,1,1,1,0,0,0
8639,2026-01-30 01:39:00,5537.0,0,0,1,0,1,0,0,0
8639,2026-01-30 01:39:00,5537.2,1,0,1,-1,1,0,0,0
8640,2026-01-30 01:42:00,5551.6,0,1,1,1,1,0,0,0
8641,2026-01-30 01:45:00,5527.0,0,0,1,0,1,0,0,0
8642,2026-01-30 01:49:00,5512.9,1,0,1,-1,1,0,0,0
8642,2026-01-30 01:49:00,5514.0,1,0,1,-1,1,0,0,0
8642,2026-01-30 01:49:00,5514.1,1,0,2,-1,2,0,0,0
8642,2026-01-30 01:49:00,5514.5,0,0,1,0,1,0,0,0
8642,2026-01-30 01:49:00,5517.1,0,2,2,2,1,0,0,0
8643,2026-01-30 01:50:00,5515.1,0,0,1,0,1,0,0,0
8643,2026-01-30 01:50:00,5517.1,0,0,2,0,1,0,0,0
8643,2026-01-30 01:50:00,5519.4,0,0,1,0,1,0,0,0
8644,2026-01-30 01:56:00,5514.3,0,1,1,1,1,0,0,0
8645,2026-01-30 01:57:00,5500.0,0,0,3,0,1,0,0,0
8646,2026-01-30 02:00:00,5469.9,0,1,1,1,1,0,0,0
8646,2026-01-30 02:00:00,5475.7,0,1,1,1,1,0,0,0
8647,2026-01-30 02:01:00,5484.9,0,0,1,0,1,0,0,0
8647,2026-01-30 02:01:00,5491.3,0,0,1,0,1,0,0,0
8648,2026-01-30 02:02:00,5494.7,0,2,2,2,1,0,0,0
8648,2026-01-30 02:02:00,5496.1,0,1,1,1,1,0,0,0
8648,2026-01-30 02:02:00,5497.7,0,2,2,2,2,0,0,0
8648,2026-01-30 02:02:00,5497.8,0,1,1,1,1,0,0,0
8649,2026-01-30 02:03:00,5486.1,0,1,1,1,1,0,0,0
8649,2026-01-30 02:03:00,5486.2,0,1,1,1,1,0,0,0
8649,2026-01-30 02:03:00,5486.3,0,2,2,2,1,0,0,0
8649,2026-01-30 02:03:00,5486.4,0,3,3,3,1,0,0,0
8649,2026-01-30 02:03:00,5486.6,0,1,1,1,1,0,0,0
8649,2026-01-30 02:03:00,5487.5,0,1,1,1,1,0,0,0
8649,2026-01-30 02:03:00,5487.6,0,1,1,1,1,0,0,0
8650,2026-01-30 02:04:00,5488.0,1,0,1,-1,1,0,0,0
8650,2026-01-30 02:04:00,5493.1,3,0,3,-3,1,0,0,0
8650,2026-01-30 02:04:00,5493.2,4,0,4,-4,3,0,0,0
8650,2026-01-30 02:04:00,5493.3,3,0,3,-3,2,0,0,0
8651,2026-01-30 02:05:00,5480.3,0,2,2,2,1,0,0,0
8651,2026-01-30 02:05:00,5481.1,0,2,2,2,1,0,0,0
8651,2026-01-30 02:05:00,5481.3,0,2,2,2,1,0,0,0
8651,2026-01-30 02:05:00,5481.4,0,1,1,1,1,0,0,0
8651,2026-01-30 02:05:00,5481.9,0,5,5,5,3,0,0,0
8651,2026-01-30 02:05:00,5483.6,0,1,1,1,1,0,0,0
8651,2026-01-30 02:05:00,5488.4,1,0,1,-1,1,0,0,0
8651,2026-01-30 02:05:00,5488.5,1,0,1,-1,1,0,0,0
8652,2026-01-30 02:06:00,5487.1,0,1,1,1,1,0,0,0
8652,2026-01-30 02:06:00,5487.9,0,1,1,1,1,0,0,0
8652,2026-01-30 02:06:00,5488.3,5,0,5,-5,5,0,0,0
8652,2026-01-30 02:06:00,5488.4,1,0,1,-1,1,0,0,0
8652,2026-01-30 02:06:00,5488.5,2,0,2,-2,2,0,0,0
8652,2026-01-30 02:06:00,5488.6,1,0,1,-1,1,0,0,0
8652,2026-01-30 02:06:00,5489.1,1,0,1,-1,1,0,0,0
8653,2026-01-30 02:09:00,5462.7,0,1,1,1,1,0,0,0
8653,2026-01-30 02:09:00,5469.9,1,0,1,-1,1,0,0,0
8654,2026-01-30 02:10:00,5441.6,0,0,1,0,1,0,0,0
8654,2026-01-30 02:10:00,5442.9,0,0,1,0,1,0,0,0
8654,2026-01-30 02:10:00,5445.0,0,0,2,0,2,0,0,0
8654,2026-01-30 02:10:00,5445.3,1,0,1,-1,1,0,0,0
8654,2026-01-30 02:10:00,5445.4,1,0,1,-1,1,0,0,0
8654,2026-01-30 02:10:00,5446.7,0,0,1,0,1,0,0,0
8654,2026-01-30 02:10:00,5447.8,0,0,1,0,1,0,0,0
8654,2026-01-30 02:10:00,5449.8,0,0,1,0,1,0,0,0
8654,2026-01-30 02:10:00,5450.5,0,1,1,1,1,0,0,0
8654,2026-01-30 02:10:00,5450.6,0,1,1,1,1,0,0,0
8654,2026-01-30 02:10:00,5450.9,0,1,1,1,1,0,0,0
8655,2026-01-30 02:11:00,5455.2,0,1,1,1,1,0,0,0
8655,2026-01-30 02:11:00,5455.3,0,1,1,1,1,0,0,0
8656,2026-01-30 02:12:00,5408.7,0,0,1,0,1,0,0,0
8656,2026-01-30 02:12:00,5423.0,2,0,2,-2,1,0,0,0
8656,2026-01-30 02:12:00,5423.4,1,0,2,-1,2,0,0,0
8656,2026-01-30 02:12:00,5426.2,0,0,1,0,1,0,0,0
8656,2026-01-30 02:12:00,5427.2,0,0,1,0,1,0,0,0
8657,2026-01-30 02:13:00,5411.0,0,1,1,1,1,0,0,0
8657,2026-01-30 02:13:00,5411.7,0,1,1,1,1,0,0,0
8657,2026-01-30 02:13:00,5416.1,0,0,1,0,1,0,0,0
8657,2026-01-30 02:13:00,5420.3,0,1,1,1,1,0,0,0
8658,2026-01-30 02:14:00,5393.5,0,1,1,1,1,0,0,0
8658,2026-01-30 02:14:00,5396.1,2,0,2,-2,1,0,0,0
8658,2026-01-30 02:14:00,5398.0,0,1,1,1,1,0,0,0
8658,2026-01-30 02:14:00,5405.4,0,1,1,1,1,0,0,0
8658,2026-01-30 02:14:00,5409.7,1,0,1,-1,1,0,0,0
8659,2026-01-30 02:15:00,5373.7,0,1,1,1,1,0,0,0
8659,2026-01-30 02:15:00,5375.6,0,1,1,1,1,0,0,0
8659,2026-01-30 02:15:00,5391.9,0,0,1,0,1,0,0,0
8660,2026-01-30 02:17:00,5371.4,0,1,1,1,1,0,0,0
8661,2026-01-30 02:18:00,5382.2,2,0,2,-2,1,0,0,0
8662,2026-01-30 02:20:00,5338.9,0,0,1,0,1,0,0,0
8662,2026-01-30 02:20:00,5347.7,1,0,1,-1,1,0,0,0
8663,2026-01-30 02:21:00,5318.3,1,0,1,-1,1,0,0,0
8663,2026-01-30 02:21:00,5319.1,1,0,1,-1,1,0,0,0
8663,2026-01-30 02:21:00,5319.2,1,0,1,-1,1,0,0,0
8663,2026-01-30 02:21:00,5319.5,2,0,2,-2,2,0,0,0
8663,2026-01-30 02:21:00,5319.6,1,0,1,-1,1,0,0,0
8663,2026-01-30 02:21:00,5324.4,1,0,1,-1,1,0,0,0
8663,2026-01-30 02:21:00,5343.3,1,0,1,-1,1,0,0,0
8664,2026-01-30 02:22:00,5316.8,1,0,1,-1,1,0,0,0
8664,2026-01-30 02:22:00,5327.2,1,0,1,-1,1,0,0,0
8664,2026-01-30 02:22:00,5328.3,0,1,1,1,1,0,0,0
8664,2026-01-30 02:22:00,5329.8,0,2,2,2,1,0,0,0
8665,2026-01-30 02:23:00,5304.0,1,0,1,-1,1,0,0,0
8665,2026-01-30 02:23:00,5304.3,1,0,1,-1,1,0,0,0
8665,2026-01-30 02:23:00,5311.8,1,0,1,-1,1,0,0,0
8665,2026-01-30 02:23:00,5311.9,1,0,1,-1,1,0,0,0
8665,2026-01-30 02:23:00,5312.0,1,0,1,-1,1,0,0,0
8665,2026-01-30 02:23:00,5312.1,1,0,1,-1,1,0,0,0
8665,2026-01-30 02:23:00,5312.2,1,0,1,-1,1,0,0,0
8665,2026-01-30 02:23:00,5323.5,1,0,1,-1,1,0,0,0
8666,2026-01-30 02:25:00,5369.9,0,1,1,1,1,0,0,0
8667,2026-01-30 02:26:00,5368.6,0,1,1,1,1,0,0,0
8667,2026-01-30 02:26:00,5368.7,1,0,1,-1,1,0,0,0
8667,2026-01-30 02:26:00,5368.9,1,0,1,-1,1,0,0,0
8667,2026-01-30 02:26:00,5369.9,1,0,1,-1,1,0,0,0
8667,2026-01-30 02:26:00,5370.0,1,0,1,-1,1,0,0,0
8667,2026-01-30 02:26:00,5373.0,0,1,1,1,1,0,0,0
8668,2026-01-30 02:30:00,5361.3,1,0,2,-1,2,0,0,0
8669,2026-01-30 02:31:00,5339.7,1,0,1,-1,1,0,0,0
8669,2026-01-30 02:31:00,5341.1,1,0,1,-1,1,0,0,0
8669,2026-01-30 02:31:00,5341.4,2,0,2,-2,1,0,0,0
8669,2026-01-30 02:31:00,5341.6,1,0,1,-1,1,0,0,0
8669,2026-01-30 02:31:00,5342.6,0,0,1,0,1,0,0,0
8670,2026-01-30 02:32:00,5340.1,0,1,1,1,1,0,0,0
8670,2026-01-30 02:32:00,5341.0,1,0,1,-1,1,0,0,0
8671,2026-01-30 02:34:00,5353.6,0,1,1,1,1,0,0,0
8672,2026-01-30 02:35:00,5352.0,0,0,1,0,1,0,0,0
8673,2026-01-30 02:36:00,5368.6,0,0,1,0,1,0,0,0
8674,2026-01-30 02:37:00,5387.7,0,1,3,1,3,0,0,0
8674,2026-01-30 02:37:00,5388.0,0,0,1,0,1,0,0,0
8675,2026-01-30 02:38:00,5393.3,1,0,1,-1,1,0,0,0
8675,2026-01-30 02:38:00,5394.3,0,1,1,1,1,0,0,0
8675,2026-01-30 02:38:00,5395.6,0,1,1,1,1,0,0,0
8676,2026-01-30 02:39:00,5399.8,0,0,1,0,1,0,0,0
8676,2026-01-30 02:39:00,5405.7,0,1,1,1,1,0,0,0
8676,2026-01-30 02:39:00,5406.1,0,1,1,1,1,0,0,0
8677,2026-01-30 02:40:00,5395.6,0,0,1,0,1,0,0,0
8677,2026-01-30 02:40:00,5397.5,0,0,1,0,1,0,0,0
8678,2026-01-30 02:43:00,5406.3,1,0,1,-1,1,0,0,0
8679,2026-01-30 02:44:00,5397.0,0,0,1,0,1,0,0,0
8680,2026-01-30 02:45:00,5409.2,1,0,1,-1,1,0,0,0
8680,2026-01-30 02:45:00,5409.9,1,0,1,-1,1,0,0,0
8680,2026-01-30 02:45:00,5410.3,1,0,1,-1,1,0,0,0
8680,2026-01-30 02:45:00,5413.9,1,0,1,-1,1,0,0,0
8681,2026-01-30 02:46:00,5402.3,0,0,1,0,1,0,0,0
8681,2026-01-30 02:46:00,5404.8,1,0,1,-1,1,0,0,0
8681,2026-01-30 02:46:00,5406.5,1,0,1,-1,1,0,0,0
8681,2026-01-30 02:46:00,5407.0,0,0,1,0,1,0,0,0
8681,2026-01-30 02:46:00,5407.8,0,0,1,0,1,0,0,0
8682,2026-01-30 02:48:00,5427.4,0,1,1,1,1,0,0,0
8683,2026-01-30 02:49:00,5419.0,1,0,1,-1,1,0,0,0
8684,2026-01-30 02:50:00,5421.2,0,1,1,1,1,0,0,0
8684,2026-01-30 02:50:00,5426.5,0,0,1,0,1,0,0,0
8685,2026-01-30 02:53:00,5404.5,1,0,1,-1,1,0,0,0
8685,2026-01-30 02:53:00,5404.6,3,0,3,-3,3,0,0,0
8685,2026-01-30 02:53:00,5405.1,1,0,1,-1,1,0,0,0
8686,2026-01-30 02:54:00,5397.0,0,0,1,0,1,0,0,0
8686,2026-01-30 02:54:00,5407.2,0,1,1,1,1,0,0,0
8687,2026-01-30 02:55:00,5405.7,1,0,1,-1,1,0,0,0
8688,2026-01-30 02:56:00,5399.7,1,0,1,-1,1,0,0,0
8689,2026-01-30 02:57:00,5391.5,1,0,1,-1,1,0,0,0
8689,2026-01-30 02:57:00,5392.0,1,0,1,-1,1,0,0,0
8689,2026-01-30 02:57:00,5393.9,1,0,1,-1,1,0,0,0
8690,2026-01-30 03:00:00,5400.0,0,0,1,0,1,0,0,0
8691,2026-01-30 03:03:00,5395.6,1,0,1,-1,1,0,0,0
8692,2026-01-30 03:04:00,5384.2,1,0,1,-1,1,0,0,0
8692,2026-01-30 03:04:00,5385.0,0,0,3,0,2,0,0,0
8692,2026-01-30 03:04:00,5385.4,2,0,2,-2,2,0,0,0
8692,2026-01-30 03:04:00,5386.0,0,0,1,0,1,0,0,0
8692,2026-01-30 03:04:00,5387.6,0,1,1,1,1,0,0,0
8693,2026-01-30 03:05:00,5366.2,1,0,1,-1,1,0,0,0
8693,2026-01-30 03:05:00,5368.6,0,0,1,0,1,0,0,0
8694,2026-01-30 03:07:00,5369.8,0,2,2,2,1,0,0,0
8694,2026-01-30 03:07:00,5369.9,0,3,3,3,1,0,0,0
8694,2026-01-30 03:07:00,5373.0,0,0,1,0,1,0,0,0
8694,2026-01-30 03:07:00,5373.8,0,0,1,0,1,0,0,0
8694,2026-01-30 03:07:00,5375.8,0,1,1,1,1,0,0,0
8694,2026-01-30 03:07:00,5375.9,0,3,3,3,1,0,0,0
8694,2026-01-30 03:07:00,5376.0,0,1,1,1,1,0,0,0
8694,2026-01-30 03:07:00,5376.9,0,1,1,1,1,0,0,0
8694,2026-01-30 03:07:00,5377.3,0,1,1,1,1,0,0,0
8694,2026-01-30 03:07:00,5377.5,0,2,2,2,1,0,0,0
8694,2026-01-30 03:07:00,5377.9,0,1,1,1,1,0,0,0
8695,2026-01-30 03:08:00,5372.0,0,0,1,0,1,0,0,0
8696,2026-01-30 03:09:00,5381.2,0,0,1,0,1,0,0,0
8696,2026-01-30 03:09:00,5381.7,0,0,1,0,1,0,0,0
8697,2026-01-30 03:11:00,5367.5,1,0,1,-1,1,0,0,0
8697,2026-01-30 03:11:00,5370.0,0,0,5,0,4,0,0,0
8697,2026-01-30 03:11:00,5372.9,1,0,1,-1,1,0,0,0
8698,2026-01-30 03:12:00,5375.0,0,0,1,0,1,0,0,0
8699,2026-01-30 03:13:00,5362.6,0,1,1,1,1,0,0,0
8699,2026-01-30 03:13:00,5372.5,0,0,1,0,1,0,0,0
8700,2026-01-30 03:14:00,5350.1,1,0,1,-1,1,0,0,0
8700,2026-01-30 03:14:00,5350.5,1,0,1,-1,1,0,0,0
8700,2026-01-30 03:14:00,5352.1,1,0,1,-1,1,0,0,0
8700,2026-01-30 03:14:00,5358.1,0,0,1,0,1,0,0,0
8700,2026-01-30 03:14:00,5360.0,0,0,1,0,1,0,0,0
8701,2026-01-30 03:15:00,5365.0,0,1,1,1,1,0,0,0
8702,2026-01-30 03:17:00,5375.0,0,0,1,0,1,0,0,0
8703,2026-01-30 03:22:00,5350.8,1,0,1,-1,1,0,0,0
8704,2026-01-30 03:25:00,5382.2,0,1,1,1,1,0,0,0
8705,2026-01-30 03:26:00,5379.1,0,1,1,1,1,0,0,0
8705,2026-01-30 03:26:00,5379.2,0,1,1,1,1,0,0,0
8705,2026-01-30 03:26:00,5379.6,0,2,2,2,1,0,0,0
8705,2026-01-30 03:26:00,5380.3,0,2,2,2,1,0,0,0
8705,2026-01-30 03:26:00,5380.8,0,0,1,0,1,0,0,0
8705,2026-01-30 03:26:00,5381.0,0,1,1,1,1,0,0,0
8705,2026-01-30 03:26:00,5382.7,0,0,1,0,1,0,0,0
8705,2026-01-30 03:26:00,5384.0,0,1,1,1,1,0,0,0
8706,2026-01-30 03:33:00,5375.0,1,0,1,-1,1,0,0,0
8706,2026-01-30 03:33:00,5377.4,0,1,1,1,1,0,0,0
8707,2026-01-30 03:41:00,5345.0,1,0,1,-1,1,0,0,0
8707,2026-01-30 03:41:00,5345.9,0,0,2,0,1,0,0,0
8708,2026-01-30 03:44:00,5331.1,0,0,1,0,1,0,0,0
8709,2026-01-30 03:49:00,5343.8,0,1,1,1,1,0,0,0
8710,2026-01-30 03:50:00,5335.0,0,0,1,0,1,0,0,0
8711,2026-01-30 03:51:00,5336.0,0,0,1,0,1,0,0,0
8712,2026-01-30 03:55:00,5357.2,1,0,1,-1,1,0,0,0
8713,2026-01-30 03:58:00,5375.7,0,1,1,1,1,0,0,0
8713,2026-01-30 03:58:00,5375.9,0,0,2,0,2,0,0,0
8713,2026-01-30 03:58:00,5376.7,0,0,2,0,2,0,0,0
8713,2026-01-30 03:58:00,5376.9,0,0,1,0,1,0,0,0
8714,2026-01-30 03:59:00,5375.9,0,1,1,1,1,0,0,0
8715,2026-01-30 04:28:00,5386.6,0,0,2,0,2,0,0,0
8715,2026-01-30 04:28:00,5387.9,0,0,2,0,2,0,0,0
8716,2026-01-30 04:29:00,5390.5,0,0,1,0,1,0,0,0
8717,2026-01-30 04:45:00,5380.2,1,0,1,-1,1,0,0,0
8717,2026-01-30 04:45:00,5380.3,1,0,1,-1,1,0,0,0
8717,2026-01-30 04:45:00,5380.6,0,1,1,1,1,0,0,0
8717,2026-01-30 04:45:00,5380.8,0,2,2,2,1,0,0,0
8717,2026-01-30 04:45:00,5381.0,0,1,1,1,1,0,0,0
8717,2026-01-30 04:45:00,5381.3,0,1,1,1,1,0,0,0
8717,2026-01-30 04:45:00,5382.4,0,1,1,1,1,0,0,0
8717,2026-01-30 04:45:00,5383.0,0,1,1,1,1,0,0,0
8717,2026-01-30 04:45:00,5383.4,0,1,1,1,1,0,0,0
8717,2026-01-30 04:45:00,5383.8,0,1,1,1,1,0,0,0
8717,2026-01-30 04:45:00,5384.3,0,1,1,1,1,0,0,0
8718,2026-01-30 04:46:00,5380.6,1,0,1,-1,1,0,0,0
8718,2026-01-30 04:46:00,5380.8,0,1,1,1,1,0,0,0
8718,2026-01-30 04:46:00,5380.9,0,3,3,3,1,0,0,0
8718,2026-01-30 04:46:00,5381.0,0,1,1,1,1,0,0,0
8718,2026-01-30 04:46:00,5381.4,0,1,1,1,1,0,0,0
8718,2026-01-30 04:46:00,5381.5,1,0,1,-1,1,0,0,0
8718,2026-01-30 04:46:00,5381.6,1,0,1,-1,1,0,0,0
8718,2026-01-30 04:46:00,5381.7,0,1,1,1,1,0,0,0
8718,2026-01-30 04:46:00,5381.9,0,2,2,2,1,0,0,0
8718,2026-01-30 04:46:00,5382.4,0,1,1,1,1,0,0,0
8718,2026-01-30 04:46:00,5382.8,0,1,1,1,1,0,0,0
8718,2026-01-30 04:46:00,5383.2,0,1,1,1,1,0,0,0
8718,2026-01-30 04:46:00,5383.7,0,1,1,1,1,0,0,0
8718,2026-01-30 04:46:00,5383.8,0,1,1,1,1,0,0,0
8718,2026-01-30 04:46:00,5384.4,0,1,1,1,1,0,0,0
8719,2026-01-30 04:50:00,5386.9,0,0,1,0,1,0,0,0
8720,2026-01-30 04:51:00,5380.5,0,0,1,0,1,0,0,0
8720,2026-01-30 04:51:00,5383.4,0,0,1,0,1,0,0,0
8721,2026-01-30 04:52:00,5378.8,1,0,1,-1,1,0,0,0
8721,2026-01-30 04:52:00,5379.6,0,0,1,0,1,0,0,0
8721,2026-01-30 04:52:00,5381.2,0,0,1,0,1,0,0,0
8722,2026-01-30 05:23:00,5412.2,0,1,1,1,1,0,0,0
8722,2026-01-30 05:23:00,5413.0,0,1,1,1,1,0,0,0
8723,2026-01-30 05:26:00,5411.0,0,1,1,1,1,0,0,0
8723,2026-01-30 05:26:00,5412.7,0,1,1,1,1,0,0,0
8724,2026-01-30 05:28:00,5404.2,1,0,1,-1,1,0,0,0
8724,2026-01-30 05:28:00,5412.6,0,1,1,1,1,0,0,0
8725,2026-01-30 05:33:00,5397.0,2,0,2,-2,1,0,0,0
8725,2026-01-30 05:33:00,5398.2,0,0,2,0,2,0,0,0
8726,2026-01-30 05:34:00,5393.3,0,0,1,0,1,0,0,0
8726,2026-01-30 05:34:00,5395.4,1,0,1,-1,1,0,0,0
8726,2026-01-30 05:34:00,5395.7,0,0,1,0,1,0,0,0
8726,2026-01-30 05:34:00,5398.2,0,2,2,2,2,0,0,0
8727,2026-01-30 05:37:00,5406.0,0,1,1,1,1,0,0,0
8728,2026-01-30 05:39:00,5407.6,1,0,1,-1,1,0,0,0
8729,2026-01-30 05:47:00,5398.7,1,0,1,-1,1,0,0,0
8729,2026-01-30 05:47:00,5398.8,1,0,1,-1,1,0,0,0
8729,2026-01-30 05:47:00,5400.0,0,0,2,0,1,0,0,0
8729,2026-01-30 05:47:00,5404.1,1,0,1,-1,1,0,0,0
8729,2026-01-30 05:47:00,5404.5,2,0,2,-2,1,0,0,0
8729,2026-01-30 05:47:00,5404.7,1,0,1,-1,1,0,0,0
8729,2026-01-30 05:47:00,5404.8,1,0,1,-1,1,0,0,0
8730,2026-01-30 05:49:00,5396.3,0,1,1,1,1,0,0,0
8730,2026-01-30 05:49:00,5402.1,0,1,1,1,1,0,0,0
8731,2026-01-30 05:50:00,5393.8,0,1,1,1,1,0,0,0
8732,2026-01-30 05:56:00,5380.0,0,0,1,0,1,0,0,0
8732,2026-01-30 05:56:00,5380.8,1,0,1,-1,1,0,0,0
8733,2026-01-30 05:58:00,5365.0,0,0,3,0,1,0,0,0
8733,2026-01-30 05:58:00,5366.0,0,0,1,0,1,0,0,0
8734,2026-01-30 06:00:00,5360.6,1,0,1,-1,1,0,0,0
8735,2026-01-30 06:01:00,5370.9,0,2,2,2,2,0,0,0
8735,2026-01-30 06:01:00,5371.1,0,1,1,1,1,0,0,0
8736,2026-01-30 06:06:00,5363.6,1,0,1,-1,1,0,0,0
8737,2026-01-30 06:08:00,5368.0,0,0,1,0,1,0,0,0
8738,2026-01-30 06:10:00,5375.1,0,1,1,1,1,0,0,0
8739,2026-01-30 06:11:00,5373.1,1,0,1,-1,1,0,0,0
8740,2026-01-30 06:19:00,5356.1,0,1,1,1,1,0,0,0
8741,2026-01-30 06:29:00,5337.0,0,0,2,0,2,0,0,0
8742,2026-01-30 06:30:00,5345.0,0,0,3,0,2,0,0,0
8743,2026-01-30 06:39:00,5350.3,0,1,1,1,1,0,0,0
8744,2026-01-30 06:42:00,5346.2,1,0,1,-1,1,0,0,0
8745,2026-01-30 06:44:00,5331.1,2,0,2,-2,1,0,0,0
8745,2026-01-30 06:44:00,5331.4,1,0,1,-1,1,0,0,0
8745,2026-01-30 06:44:00,5331.5,1,0,1,-1,1,0,0,0
8745,2026-01-30 06:44:00,5336.3,1,0,1,-1,1,0,0,0
8746,2026-01-30 06:46:00,5335.0,0,0,1,0,1,0,0,0
8747,2026-01-30 06:50:00,5332.8,0,0,1,0,1,0,0,0
8747,2026-01-30 06:50:00,5338.8,0,0,1,0,1,0,0,0
8748,2026-01-30 06:51:00,5331.1,1,0,1,-1,1,0,0,0
8749,2026-01-30 07:00:00,5295.6,1,0,1,-1,1,0,0,0
8749,2026-01-30 07:00:00,5296.0,2,0,2,-2,2,0,0,0
8749,2026-01-30 07:00:00,5296.2,1,0,1,-1,1,0,0,0
8749,2026-01-30 07:00:00,5296.8,1,0,1,-1,1,0,0,0
8749,2026-01-30 07:00:00,5296.9,1,0,1,-1,1,0,0,0
8749,2026-01-30 07:00:00,5298.8,1,0,1,-1,1,0,0,0
8749,2026-01-30 07:00:00,5301.1,0,0,1,0,1,0,0,0
8750,2026-01-30 07:13:00,5359.7,0,0,1,0,1,0,0,0
8751,2026-01-30 07:18:00,5351.2,0,0,1,0,1,0,0,0
8752,2026-01-30 07:29:00,5354.1,0,0,1,0,1,0,0,0
8753,2026-01-30 07:30:00,5345.7,1,0,1,-1,1,0,0,0
8753,2026-01-30 07:30:00,5348.8,0,0,1,0,1,0,0,0
8754,2026-01-30 07:31:00,5339.0,0,0,1,0,1,0,0,0
8755,2026-01-30 07:32:00,5339.3,0,0,1,0,1,0,0,0
8756,2026-01-30 07:33:00,5343.0,0,0,1,0,1,0,0,0
8757,2026-01-30 07:34:00,5331.9,0,0,1,0,1,0,0,0
8758,2026-01-30 07:35:00,5291.9,1,0,1,-1,1,0,0,0
8758,2026-01-30 07:35:00,5293.7,1,0,1,-1,1,0,0,0
8758,2026-01-30 07:35:00,5293.8,1,0,1,-1,1,0,0,0
8758,2026-01-30 07:35:00,5297.0,0,0,1,0,1,0,0,0
8758,2026-01-30 07:35:00,5313.5,1,0,1,-1,1,0,0,0
8758,2026-01-30 07:35:00,5317.6,1,0,1,-1,1,0,0,0
8758,2026-01-30 07:35:00,5318.6,0,0,1,0,1,0,0,0
8759,2026-01-30 07:36:00,5293.4,0,0,1,0,1,0,0,0
8759,2026-01-30 07:36:00,5299.5,0,0,1,0,1,0,0,0
8760,2026-01-30 07:37:00,5300.7,1,0,1,-1,1,0,0,0
8761,2026-01-30 07:38:00,5313.0,0,0,1,0,1,0,0,0
8762,2026-01-30 07:39:00,5315.3,0,0,1,0,1,0,0,0
8762,2026-01-30 07:39:00,5318.1,0,0,1,0,1,0,0,0
8763,2026-01-30 07:40:00,5321.9,0,0,1,0,1,0,0,0
8764,2026-01-30 07:41:00,5318.3,0,0,1,0,1,0,0,0
8765,2026-01-30 07:46:00,5333.7,0,0,1,0,1,0,0,0
8766,2026-01-30 08:00:00,5341.9,0,0,1,0,1,0,0,0
8766,2026-01-30 08:00:00,5342.0,1,0,1,-1,1,0,0,0
8766,2026-01-30 08:00:00,5342.1,0,0,1,0,1,0,0,0
8766,2026-01-30 08:00:00,5342.3,0,0,4,0,4,0,0,0
8766,2026-01-30 08:00:00,5342.7,0,0,2,0,2,0,0,0
8766,2026-01-30 08:00:00,5349.3,0,1,1,1,1,0,0,0
8767,2026-01-30 08:01:00,5329.3,1,0,1,-1,1,0,0,0
8767,2026-01-30 08:01:00,5329.5,3,0,3,-3,2,0,0,0
8767,2026-01-30 08:01:00,5329.7,1,0,1,-1,1,0,0,0
8767,2026-01-30 08:01:00,5330.1,1,0,1,-1,1,0,0,0
8767,2026-01-30 08:01:00,5330.4,1,0,1,-1,1,0,0,0
8767,2026-01-30 08:01:00,5331.7,2,0,2,-2,1,0,0,0
8767,2026-01-30 08:01:00,5332.1,1,0,1,-1,1,0,0,0
8767,2026-01-30 08:01:00,5336.8,1,0,1,-1,1,0,0,0
8767,2026-01-30 08:01:00,5344.0,0,0,1,0,1,0,0,0
8768,2026-01-30 08:07:00,5328.6,1,0,1,-1,1,0,0,0
8769,2026-01-30 08:08:00,5321.5,1,0,1,-1,1,0,0,0
8770,2026-01-30 08:10:00,5320.5,1,0,1,-1,1,0,0,0
8771,2026-01-30 08:11:00,5319.6,1,0,1,-1,1,0,0,0
8771,2026-01-30 08:11:00,5320.0,1,0,1,-1,1,0,0,0
8771,2026-01-30 08:11:00,5320.2,1,0,1,-1,1,0,0,0
8771,2026-01-30 08:11:00,5320.4,1,0,1,-1,1,0,0,0
8771,2026-01-30 08:11:00,5320.5,1,0,1,-1,1,0,0,0
8771,2026-01-30 08:11:00,5321.0,1,0,1,-1,1,0,0,0
8771,2026-01-30 08:11:00,5321.1,1,0,1,-1,1,0,0,0
8771,2026-01-30 08:11:00,5321.2,2,0,2,-2,1,0,0,0
8771,2026-01-30 08:11:00,5322.5,1,0,1,-1,1,0,0,0
8771,2026-01-30 08:11:00,5322.8,1,0,1,-1,1,0,0,0
8771,2026-01-30 08:11:00,5323.1,1,0,1,-1,1,0,0,0
8772,2026-01-30 08:13:00,5317.3,1,0,1,-1,1,0,0,0
8773,2026-01-30 08:15:00,5305.2,1,0,1,-1,1,0,0,0
8774,2026-01-30 08:32:00,5305.3,0,1,1,1,1,0,0,0
8774,2026-01-30 08:32:00,5305.9,0,0,1,0,1,0,0,0
8775,2026-01-30 08:33:00,5233.3,1,0,1,-1,1,0,0,0
8775,2026-01-30 08:33:00,5240.0,0,0,1,0,1,0,0,0
8775,2026-01-30 08:33:00,5250.0,3,0,4,-3,3,0,0,0
8775,2026-01-30 08:33:00,5255.1,0,0,1,0,1,0,0,0
8775,2026-01-30 08:33:00,5280.0,0,0,1,0,1,0,0,0
8775,2026-01-30 08:33:00,5281.1,0,0,1,0,1,0,0,0
8775,2026-01-30 08:33:00,5290.0,0,0,1,0,1,0,0,0
8776,2026-01-30 08:34:00,5248.0,0,0,1,0,1,0,0,0
8777,2026-01-30 08:35:00,5241.0,0,0,1,0,1,0,0,0
8777,2026-01-30 08:35:00,5246.9,0,0,2,0,2,0,0,0
8778,2026-01-30 08:36:00,5232.7,1,0,1,-1,1,0,0,0
8778,2026-01-30 08:36:00,5241.8,1,0,1,-1,1,0,0,0
8778,2026-01-30 08:36:00,5242.3,0,0,1,0,1,0,0,0
8778,2026-01-30 08:36:00,5242.8,1,0,1,-1,1,0,0,0
8778,2026-01-30 08:36:00,5244.2,0,1,1,1,1,0,0,0
8779,2026-01-30 08:37:00,5249.0,0,2,4,2,4,0,0,0
8780,2026-01-30 08:38:00,5255.7,2,0,2,-2,1,0,0,0
8781,2026-01-30 08:39:00,5265.5,0,1,1,1,1,0,0,0
8782,2026-01-30 08:43:00,5259.3,0,1,1,1,1,0,0,0
8782,2026-01-30 08:43:00,5259.7,0,2,2,2,1,0,0,0
8783,2026-01-30 08:44:00,5259.7,0,0,2,0,2,0,0,0
8783,2026-01-30 08:44:00,5265.0,0,1,1,1,1,0,0,0
8784,2026-01-30 08:46:00,5276.4,0,1,1,1,1,0,0,0
8785,2026-01-30 08:58:00,5282.7,1,0,1,-1,1,0,0,0
8786,2026-01-30 09:02:00,5297.1,0,1,1,1,1,0,0,0
8787,2026-01-30 09:07:00,5255.6,1,0,1,-1,1,0,0,0
8787,2026-01-30 09:07:00,5257.7,0,0,1,0,1,0,0,0
8787,2026-01-30 09:07:00,5257.8,0,0,1,0,1,0,0,0
8787,2026-01-30 09:07:00,5257.9,0,0,1,0,1,0,0,0
8788,2026-01-30 09:08:00,5239.6,1,0,1,-1,1,0,0,0
8788,2026-01-30 09:08:00,5241.6,1,0,1,-1,1,0,0,0
8788,2026-01-30 09:08:00,5253.5,1,0,1,-1,1,0,0,0
8788,2026-01-30 09:08:00,5256.0,1,0,1,-1,1,0,0,0
8789,2026-01-30 09:10:00,5228.8,1,0,1,-1,1,0,0,0
8790,2026-01-30 09:11:00,5236.0,1,0,1,-1,1,0,0,0
8791,2026-01-30 09:12:00,5222.1,0,0,4,0,3,0,0,0
8791,2026-01-30 09:12:00,5225.0,0,0,1,0,1,0,0,0
8791,2026-01-30 09:12:00,5226.6,1,0,1,-1,1,0,0,0
8791,2026-01-30 09:12:00,5227.2,1,0,1,-1,1,0,0,0
8791,2026-01-30 09:12:00,5230.9,1,0,1,-1,1,0,0,0
8791,2026-01-30 09:12:00,5231.0,1,0,1,-1,1,0,0,0
8792,2026-01-30 09:13:00,5199.9,0,0,1,0,1,0,0,0
8792,2026-01-30 09:13:00,5202.6,0,0,1,0,1,0,0,0
8792,2026-01-30 09:13:00,5205.1,0,0,1,0,1,0,0,0
8793,2026-01-30 09:14:00,5184.1,2,0,2,-2,1,0,0,0
8793,2026-01-30 09:14:00,5188.4,0,1,1,1,1,0,0,0
8794,2026-01-30 09:16:00,5214.1,1,0,1,-1,1,0,0,0
8795,2026-01-30 09:18:00,5231.0,0,1,1,1,1,0,0,0
8796,2026-01-30 09:21:00,5222.3,1,0,1,-1,1,0,0,0
8797,2026-01-30 09:28:00,5199.5,0,0,1,0,1,0,0,0
8798,2026-01-30 09:29:00,5203.2,0,1,1,1,1,0,0,0
8799,2026-01-30 09:30:00,5205.4,1,0,1,-1,1,0,0,0
8800,2026-01-30 09:37:00,5216.1,0,0,1,0,1,0,0,0
8801,2026-01-30 09:39:00,5206.1,0,0,1,0,1,0,0,0
8802,2026-01-30 09:41:00,5196.1,0,0,1,0,1,0,0,0
8802,2026-01-30 09:41:00,5199.8,0,1,1,1,1,0,0,0
8803,2026-01-30 09:43:00,5170.6,1,0,1,-1,1,0,0,0
8803,2026-01-30 09:43:00,5171.9,1,0,1,-1,1,0,0,0
8804,2026-01-30 09:44:00,5150.0,0,0,1,0,1,0,0,0
8804,2026-01-30 09:44:00,5150.2,1,0,1,-1,1,0,0,0
8804,2026-01-30 09:44:00,5150.7,1,0,1,-1,1,0,0,0
8804,2026-01-30 09:44:00,5151.4,0,0,3,0,2,0,0,0
8804,2026-01-30 09:44:00,5152.1,1,0,1,-1,1,0,0,0
8804,2026-01-30 09:44:00,5152.6,1,0,1,-1,1,0,0,0
8805,2026-01-30 09:45:00,5133.0,0,0,1,0,1,0,0,0
8805,2026-01-30 09:45:00,5136.8,2,0,2,-2,1,0,0,0
8805,2026-01-30 09:45:00,5138.7,0,1,1,1,1,0,0,0
8806,2026-01-30 09:46:00,5145.8,0,1,1,1,1,0,0,0
8807,2026-01-30 09:48:00,5158.9,0,0,1,0,1,0,0,0
8807,2026-01-30 09:48:00,5163.5,1,0,1,-1,1,0,0,0
8807,2026-01-30 09:48:00,5167.3,1,0,1,-1,1,0,0,0
8808,2026-01-30 09:52:00,5156.6,2,0,2,-2,1,0,0,0
8809,2026-01-30 10:00:00,5197.9,0,1,1,1,1,0,0,0
8809,2026-01-30 10:00:00,5198.2,0,1,1,1,1,0,0,0
8810,2026-01-30 10:05:00,5188.0,0,0,1,0,1,0,0,0
8811,2026-01-30 10:12:00,5199.5,0,1,1,1,1,0,0,0
8812,2026-01-30 10:14:00,5212.2,0,1,1,1,1,0,0,0
8813,2026-01-30 10:16:00,5212.5,1,0,1,-1,1,0,0,0
8814,2026-01-30 10:19:00,5223.3,0,2,2,2,1,0,0,0
8815,2026-01-30 10:21:00,5229.8,1,0,1,-1,1,0,0,0
8816,2026-01-30 10:26:00,5239.8,1,0,1,-1,1,0,0,0
8817,2026-01-30 10:31:00,5240.3,0,1,1,1,1,0,0,0
8818,2026-01-30 10:34:00,5233.7,1,0,1,-1,1,0,0,0
8818,2026-01-30 10:34:00,5233.8,1,0,1,-1,1,0,0,0
8819,2026-01-30 10:38:00,5247.0,0,0,1,0,1,0,0,0
8820,2026-01-30 10:40:00,5251.2,0,1,1,1,1,0,0,0
8820,2026-01-30 10:40:00,5251.4,0,1,1,1,1,0,0,0
8821,2026-01-30 10:43:00,5261.2,1,0,1,-1,1,0,0,0
8822,2026-01-30 10:51:00,5255.1,0,0,1,0,1,0,0,0
8823,2026-01-30 10:55:00,5260.0,0,0,2,0,1,0,0,0
8824,2026-01-30 11:13:00,5294.0,0,0,1,0,1,0,0,0
8825,2026-01-30 11:14:00,5290.5,1,0,1,-1,1,0,0,0
8826,2026-01-30 11:19:00,5294.6,0,2,2,2,1,0,0,0
8827,2026-01-30 11:23:00,5302.6,0,1,1,1,1,0,0,0
8828,2026-01-30 11:26:00,5297.2,0,1,1,1,1,0,0,0
8829,2026-01-30 11:33:00,5301.0,0,0,1,0,1,0,0,0
8830,2026-01-30 11:34:00,5298.1,1,0,1,-1,1,0,0,0
8830,2026-01-30 11:34:00,5298.4,1,0,1,-1,1,0,0,0
8830,2026-01-30 11:34:00,5298.9,1,0,1,-1,1,0,0,0
8830,2026-01-30 11:34:00,5300.7,1,0,1,-1,1,0,0,0
8831,2026-01-30 11:37:00,5300.0,0,0,1,0,1,0,0,0
8832,2026-01-30 11:56:00,5310.0,0,0,1,0,1,0,0,0
8833,2026-01-30 11:57:00,5318.5,1,0,1,-1,1,0,0,0
8833,2026-01-30 11:57:00,5318.6,1,0,1,-1,1,0,0,0
8833,2026-01-30 11:57:00,5318.7,2,0,2,-2,1,0,0,0
8833,2026-01-30 11:57:00,5318.8,1,0,1,-1,1,0,0,0
8834,2026-01-30 11:58:00,5320.0,0,1,1,1,1,0,0,0
8835,2026-01-30 12:04:00,5311.1,1,0,1,-1,1,0,0,0
8835,2026-01-30 12:04:00,5311.3,1,0,1,-1,1,0,0,0
8835,2026-01-30 12:04:00,5311.4,1,0,1,-1,1,0,0,0
8835,2026-01-30 12:04:00,5311.9,2,0,2,-2,1,0,0,0
8836,2026-01-30 12:07:00,5298.5,1,0,1,-1,1,0,0,0
8837,2026-01-30 12:12:00,5311.3,0,1,1,1,1,0,0,0
8838,2026-01-30 12:14:00,5308.6,0,1,1,1,1,0,0,0
8839,2026-01-30 12:33:00,5300.6,1,0,1,-1,1,0,0,0
8839,2026-01-30 12:33:00,5301.3,1,0,1,-1,1,0,0,0
8840,2026-01-30 12:41:00,5287.9,2,0,2,-2,2,0,0,0
8840,2026-01-30 12:41:00,5288.6,0,0,2,0,2,0,0,0
8840,2026-01-30 12:41:00,5290.0,1,0,1,-1,1,0,0,0
8841,2026-01-30 12:47:00,5248.7,1,0,1,-1,1,0,0,0
8841,2026-01-30 12:47:00,5249.0,1,0,1,-1,1,0,0,0
8841,2026-01-30 12:47:00,5250.0,0,0,1,0,1,0,0,0
8841,2026-01-30 12:47:00,5250.9,0,0,1,0,1,0,0,0
8842,2026-01-30 12:49:00,5241.7,1,0,1,-1,1,0,0,0
8843,2026-01-30 13:02:00,5237.7,1,0,1,-1,1,0,0,0
8844,2026-01-30 13:21:00,5236.5,1,0,1,-1,1,0,0,0
8844,2026-01-30 13:21:00,5237.7,0,0,1,0,1,0,0,0
8845,2026-01-30 13:26:00,5201.5,3,0,3,-3,1,0,0,0
8845,2026-01-30 13:26:00,5201.6,1,0,1,-1,1,0,0,0
8846,2026-01-30 13:30:00,5203.0,1,0,1,-1,1,0,0,0
8847,2026-01-30 13:31:00,5188.2,1,0,1,-1,1,0,0,0
8848,2026-01-30 13:32:00,5199.9,0,1,1,1,1,0,0,0
8849,2026-01-30 13:38:00,5206.6,0,0,1,0,1,0,0,0
8850,2026-01-30 13:40:00,5215.0,0,2,2,2,1,0,0,0
8850,2026-01-30 13:40:00,5215.4,0,2,2,2,1,0,0,0
8851,2026-01-30 13:41:00,5204.3,1,0,1,-1,1,0,0,0
8852,2026-01-30 13:47:00,5198.8,1,0,1,-1,1,0,0,0
8853,2026-01-30 13:49:00,5168.0,0,0,1,0,1,0,0,0
8854,2026-01-30 13:50:00,5165.0,0,0,1,0,1,0,0,0
8855,2026-01-30 13:51:00,5177.7,1,0,1,-1,1,0,0,0
8855,2026-01-30 13:51:00,5178.8,1,0,1,-1,1,0,0,0
8855,2026-01-30 13:51:00,5179.4,1,0,1,-1,1,0,0,0
8855,2026-01-30 13:51:00,5179.5,1,0,1,-1,1,0,0,0
8855,2026-01-30 13:51:00,5179.7,1,0,1,-1,1,0,0,0
8856,2026-01-30 14:13:00,5224.7,1,0,1,-1,1,0,0,0
8857,2026-01-30 14:21:00,5246.0,0,0,1,0,1,0,0,0
8858,2026-01-30 14:29:00,5241.0,0,1,1,1,1,0,0,0
8859,2026-01-30 14:31:00,5242.6,1,0,1,-1,1,0,0,0
8860,2026-01-30 14:34:00,5284.9,1,0,1,-1,1,0,0,0
8860,2026-01-30 14:34:00,5285.8,0,1,1,1,1,0,0,0
8860,2026-01-30 14:34:00,5286.2,0,1,1,1,1,0,0,0
8861,2026-01-30 14:50:00,5265.6,0,1,1,1,1,0,0,0
8862,2026-01-30 14:57:00,5193.8,1,0,1,-1,1,0,0,0
8862,2026-01-30 14:57:00,5200.0,0,0,1,0,1,0,0,0
8863,2026-01-30 15:00:00,5205.1,1,0,1,-1,1,0,0,0
8864,2026-01-30 15:01:00,5170.0,0,0,1,0,1,0,0,0
8864,2026-01-30 15:01:00,5175.1,0,0,1,0,1,0,0,0
8864,2026-01-30 15:01:00,5177.0,0,0,1,0,1,0,0,0
8865,2026-01-30 15:02:00,5155.0,0,0,5,0,1,0,0,0
8865,2026-01-30 15:02:00,5160.5,1,0,1,-1,1,0,0,0
8866,2026-01-30 15:03:00,5156.0,0,0,1,0,1,0,0,0
8866,2026-01-30 15:03:00,5156.7,0,2,2,2,1,0,0,0
8866,2026-01-30 15:03:00,5157.0,0,2,2,2,1,0,0,0
8866,2026-01-30 15:03:00,5157.2,0,1,1,1,1,0,0,0
8867,2026-01-30 15:06:00,5173.9,1,0,1,-1,1,0,0,0
8868,2026-01-30 15:11:00,5197.0,0,0,1,0,1,0,0,0
8868,2026-01-30 15:11:00,5201.2,0,0,1,0,1,0,0,0
8869,2026-01-30 15:12:00,5215.9,0,0,1,0,1,0,0,0
8870,2026-01-30 15:14:00,5206.4,0,1,1,1,1,0,0,0
8871,2026-01-30 15:21:00,5214.0,1,0,1,-1,1,0,0,0
8872,2026-01-30 15:48:00,5229.8,0,0,1,0,1,0,0,0
8873,2026-01-30 15:57:00,5216.7,1,0,1,-1,1,0,0,0
8873,2026-01-30 15:57:00,5216.9,0,0,6,0,3,0,0,0
8874,2026-01-30 15:58:00,5224.8,0,0,2,0,2,0,0,0
8875,2026-01-30 16:12:00,5190.9,0,0,1,0,1,0,0,0
8876,2026-01-30 16:23:00,5165.2,0,1,1,1,1,0,0,0
8877,2026-01-30 16:31:00,5172.7,1,0,1,-1,1,0,0,0
8877,2026-01-30 16:31:00,5172.9,0,0,1,0,1,0,0,0
8878,2026-01-30 16:35:00,5137.0,0,0,1,0,1,0,0,0
8878,2026-01-30 16:35:00,5140.0,1,0,5,-1,3,0,0,0
8878,2026-01-30 16:35:00,5142.9,0,0,3,0,2,0,0,0
8878,2026-01-30 16:35:00,5143.9,1,0,1,-1,1,0,0,0
8878,2026-01-30 16:35:00,5145.0,0,0,5,0,4,0,0,0
8878,2026-01-30 16:35:00,5151.1,0,0,1,0,1,0,0,0
8879,2026-01-30 16:53:00,5139.5,1,0,1,-1,1,0,0,0
8880,2026-01-30 17:01:00,5139.6,0,0,1,0,1,0,0,0
8881,2026-01-30 17:03:00,5146.4,0,0,1,0,1,0,0,0
8882,2026-01-30 17:04:00,5139.6,1,0,1,-1,1,0,0,0
8883,2026-01-30 17:07:00,5101.1,0,0,1,0,1,0,0,0
8884,2026-01-30 17:13:00,5082.5,0,0,2,0,2,0,0,0
8885,2026-01-30 17:14:00,5073.9,1,0,1,-1,1,0,0,0
8885,2026-01-30 17:14:00,5074.7,1,0,1,-1,1,0,0,0
8885,2026-01-30 17:14:00,5075.9,1,0,1,-1,1,0,0,0
8885,2026-01-30 17:14:00,5076.9,1,0,1,-1,1,0,0,0
8886,2026-01-30 17:18:00,5076.5,2,0,4,-2,3,0,0,0
8886,2026-01-30 17:18:00,5079.0,2,0,2,-2,1,0,0,0
8887,2026-01-30 17:20:00,5070.9,1,0,1,-1,1,0,0,0
8887,2026-01-30 17:20:00,5071.1,1,0,1,-1,1,0,0,0
8887,2026-01-30 17:20:00,5071.3,1,0,1,-1,1,0,0,0
8887,2026-01-30 17:20:00,5071.9,1,0,1,-1,1,0,0,0
8887,2026-01-30 17:20:00,5072.5,1,0,1,-1,1,0,0,0
8887,2026-01-30 17:20:00,5073.4,0,1,1,1,1,0,0,0
8887,2026-01-30 17:20:00,5073.7,3,0,3,-3,1,0,0,0
8887,2026-01-30 17:20:00,5073.8,2,1,3,-1,2,0,0,0
8887,2026-01-30 17:20:00,5074.2,0,1,1,1,1,0,0,0
8887,2026-01-30 17:20:00,5075.4,0,1,1,1,1,0,0,0
8887,2026-01-30 17:20:00,5076.8,1,0,1,-1,1,0,0,0
8887,2026-01-30 17:20:00,5077.2,1,0,1,-1,1,0,0,0
8887,2026-01-30 17:20:00,5077.6,1,0,1,-1,1,0,0,0
8887,2026-01-30 17:20:00,5077.7,1,0,1,-1,1,0,0,0
8887,2026-01-30 17:20:00,5077.8,2,0,2,-2,1,0,0,0
8887,2026-01-30 17:20:00,5078.0,2,0,2,-2,1,0,0,0
8887,2026-01-30 17:20:00,5078.2,2,0,2,-2,1,0,0,0
8888,2026-01-30 17:21:00,5066.0,1,0,1,-1,1,0,0,0
8888,2026-01-30 17:21:00,5066.5,2,0,2,-2,1,0,0,0
8888,2026-01-30 17:21:00,5067.2,2,0,2,-2,1,0,0,0
8888,2026-01-30 17:21:00,5067.3,2,0,2,-2,1,0,0,0
8888,2026-01-30 17:21:00,5067.8,2,0,2,-2,1,0,0,0
8888,2026-01-30 17:21:00,5068.0,1,0,1,-1,1,0,0,0
8889,2026-01-30 17:22:00,5083.7,0,0,1,0,1,0,0,0
8889,2026-01-30 17:22:00,5088.6,0,2,2,2,1,0,0,0
8889,2026-01-30 17:22:00,5089.0,0,1,1,1,1,0,0,0
8889,2026-01-30 17:22:00,5091.7,0,0,1,0,1,0,0,0
8889,2026-01-30 17:22:00,5093.8,0,0,1,0,1,0,0,0
8890,2026-01-30 17:23:00,5090.7,1,0,1,-1,1,0,0,0
8890,2026-01-30 17:23:00,5090.8,2,0,2,-2,1,0,0,0
8890,2026-01-30 17:23:00,5091.3,2,0,2,-2,1,0,0,0
8890,2026-01-30 17:23:00,5093.1,1,0,1,-1,1,0,0,0
8891,2026-01-30 17:24:00,5096.5,0,1,1,1,1,0,0,0
8891,2026-01-30 17:24:00,5097.6,0,1,1,1,1,0,0,0
8891,2026-01-30 17:24:00,5098.1,0,1,1,1,1,0,0,0
8891,2026-01-30 17:24:00,5098.2,0,3,3,3,2,0,0,0
8891,2026-01-30 17:24:00,5098.3,0,1,1,1,1,0,0,0
8892,2026-01-30 17:26:00,5103.2,0,1,1,1,1,0,0,0
8892,2026-01-30 17:26:00,5103.3,0,1,1,1,1,0,0,0
8893,2026-01-30 17:27:00,5086.1,1,0,1,-1,1,0,0,0
8894,2026-01-30 17:37:00,5064.1,0,0,1,0,1,0,0,0
8895,2026-01-30 17:39:00,5050.0,0,0,2,0,2,0,0,0
8895,2026-01-30 17:39:00,5051.1,0,0,1,0,1,0,0,0
8895,2026-01-30 17:39:00,5052.1,0,0,1,0,1,0,0,0
8895,2026-01-30 17:39:00,5053.1,1,0,1,-1,1,0,0,0
8895,2026-01-30 17:39:00,5053.3,0,0,1,0,1,0,0,0
8896,2026-01-30 17:40:00,5057.6,0,0,2,0,2,0,0,0
8897,2026-01-30 17:42:00,5048.9,1,0,1,-1,1,0,0,0
8897,2026-01-30 17:42:00,5055.3,1,0,1,-1,1,0,0,0
8898,2026-01-30 17:43:00,5027.2,1,0,1,-1,1,0,0,0
8898,2026-01-30 17:43:00,5027.4,1,0,1,-1,1,0,0,0
8898,2026-01-30 17:43:00,5029.0,1,0,1,-1,1,0,0,0
8898,2026-01-30 17:43:00,5030.9,1,0,1,-1,1,0,0,0
8899,2026-01-30 17:44:00,5001.0,0,0,2,0,2,0,0,0
8899,2026-01-30 17:44:00,5001.1,0,0,1,0,1,0,0,0
8899,2026-01-30 17:44:00,5001.7,0,1,1,1,1,0,0,0
8899,2026-01-30 17:44:00,5011.1,0,0,1,0,1,0,0,0
8900,2026-01-30 17:45:00,5023.8,1,0,1,-1,1,0,0,0
8901,2026-01-30 17:46:00,5015.1,0,0,1,0,1,0,0,0
8901,2026-01-30 17:46:00,5031.5,1,0,1,-1,1,0,0,0
8902,2026-01-30 17:47:00,5031.0,0,1,1,1,1,0,0,0
8902,2026-01-30 17:47:00,5033.7,1,0,1,-1,1,0,0,0
8903,2026-01-30 17:51:00,4998.0,0,0,1,0,1,0,0,0
8903,2026-01-30 17:51:00,4999.0,0,0,1,0,1,0,0,0
8903,2026-01-30 17:51:00,5000.0,0,0,1,0,1,0,0,0
8904,2026-01-30 17:53:00,4988.0,0,0,2,0,2,0,0,0
8904,2026-01-30 17:53:00,4991.0,1,0,1,-1,1,0,0,0
8904,2026-01-30 17:53:00,4991.7,0,1,1,1,1,0,0,0
8905,2026-01-30 17:54:00,4967.8,0,0,1,0,1,0,0,0
8905,2026-01-30 17:54:00,4980.0,0,0,1,0,1,0,0,0
8905,2026-01-30 17:54:00,4981.5,1,0,1,-1,1,0,0,0
8905,2026-01-30 17:54:00,4983.9,1,0,1,-1,1,0,0,0
8905,2026-01-30 17:54:00,4984.8,1,0,1,-1,1,0,0,0
8905,2026-01-30 17:54:00,4986.5,0,1,1,1,1,0,0,0
8906,2026-01-30 17:55:00,4968.6,1,0,1,-1,1,0,0,0
8906,2026-01-30 17:55:00,4970.3,0,1,1,1,1,0,0,0
8906,2026-01-30 17:55:00,4970.4,1,0,1,-1,1,0,0,0
8906,2026-01-30 17:55:00,4970.5,1,0,1,-1,1,0,0,0
8906,2026-01-30 17:55:00,4970.9,1,0,1,-1,1,0,0,0
8906,2026-01-30 17:55:00,4979.9,1,0,1,-1,1,0,0,0
8907,2026-01-30 17:56:00,4976.6,1,0,1,-1,1,0,0,0
8907,2026-01-30 17:56:00,4989.4,1,0,1,-1,1,0,0,0
8907,2026-01-30 17:56:00,4990.2,1,0,1,-1,1,0,0,0
8907,2026-01-30 17:56:00,4990.5,1,0,1,-1,1,0,0,0
8907,2026-01-30 17:56:00,4995.0,1,0,1,-1,1,0,0,0
8908,2026-01-30 17:59:00,4992.5,2,0,2,-2,1,0,0,0
8908,2026-01-30 17:59:00,4992.6,1,0,1,-1,1,0,0,0
8908,2026-01-30 17:59:00,4992.7,1,0,1,-1,1,0,0,0
8908,2026-01-30 17:59:00,4993.0,1,0,1,-1,1,0,0,0
8908,2026-01-30 17:59:00,4994.1,0,1,1,1,1,0,0,0
8908,2026-01-30 17:59:00,5004.1,0,0,1,0,1,0,0,0
8909,2026-01-30 18:00:00,5015.0,0,0,1,0,1,0,0,0
8909,2026-01-30 18:00:00,5015.1,0,0,1,0,1,0,0,0
8909,2026-01-30 18:00:00,5017.2,0,0,1,0,1,0,0,0
8909,2026-01-30 18:00:00,5020.1,0,0,1,0,1,0,0,0
8909,2026-01-30 18:00:00,5022.2,0,0,1,0,1,0,0,0
8910,2026-01-30 18:02:00,5032.8,1,0,1,-1,1,0,0,0
8910,2026-01-30 18:02:00,5032.9,2,0,2,-2,1,0,0,0
8910,2026-01-30 18:02:00,5033.1,2,0,2,-2,1,0,0,0
8910,2026-01-30 18:02:00,5033.3,1,0,1,-1,1,0,0,0
8910,2026-01-30 18:02:00,5033.4,1,0,1,-1,1,0,0,0
8910,2026-01-30 18:02:00,5033.7,2,0,2,-2,1,0,0,0
8910,2026-01-30 18:02:00,5034.2,1,0,1,-1,1,0,0,0
8910,2026-01-30 18:02:00,5034.9,1,0,1,-1,1,0,0,0
8910,2026-01-30 18:02:00,5035.0,2,0,2,-2,1,0,0,0
8910,2026-01-30 18:02:00,5035.1,1,0,1,-1,1,0,0,0
8910,2026-01-30 18:02:00,5035.2,1,0,1,-1,1,0,0,0
8910,2026-01-30 18:02:00,5035.3,3,0,3,-3,1,0,0,0
8910,2026-01-30 18:02:00,5035.4,1,0,1,-1,1,0,0,0
8910,2026-01-30 18:02:00,5035.5,1,4,5,3,5,0,0,0
8911,2026-01-30 18:03:00,5024.9,2,19,36,17,24,0,0,0
8911,2026-01-30 18:03:00,5025.3,1,0,1,-1,1,0,0,0
8911,2026-01-30 18:03:00,5025.4,1,0,1,-1,1,0,0,0
8911,2026-01-30 18:03:00,5025.6,3,0,3,-3,1,0,0,0
8911,2026-01-30 18:03:00,5025.9,1,0,1,-1,1,0,0,0
8911,2026-01-30 18:03:00,5026.0,2,0,2,-2,1,0,0,0
8911,2026-01-30 18:03:00,5026.1,3,0,3,-3,1,0,0,0
8911,2026-01-30 18:03:00,5026.3,1,0,1,-1,1,0,0,0
8911,2026-01-30 18:03:00,5026.4,1,0,1,-1,1,0,0,0
8911,2026-01-30 18:03:00,5026.7,1,0,1,-1,1,0,0,0
8912,2026-01-30 18:10:00,4962.6,0,1,1,1,1,0,0,0
8912,2026-01-30 18:10:00,4962.8,0,1,1,1,1,0,0,0
8912,2026-01-30 18:10:00,4964.4,1,0,1,-1,1,0,0,0
8912,2026-01-30 18:10:00,4967.9,1,0,1,-1,1,0,0,0
8912,2026-01-30 18:10:00,4968.1,1,0,1,-1,1,0,0,0
8912,2026-01-30 18:10:00,4980.7,1,0,1,-1,1,0,0,0
8913,2026-01-30 18:12:00,4951.9,0,0,1,0,1,0,0,0
8913,2026-01-30 18:12:00,4952.5,1,0,1,-1,1,0,0,0
8913,2026-01-30 18:12:00,4952.6,0,0,1,0,1,0,0,0
8913,2026-01-30 18:12:00,4954.1,1,0,1,-1,1,0,0,0
8913,2026-01-30 18:12:00,4956.4,1,0,1,-1,1,0,0,0
8913,2026-01-30 18:12:00,4964.8,0,0,1,0,1,0,0,0
8914,2026-01-30 18:14:00,4966.5,1,0,1,-1,1,0,0,0
8915,2026-01-30 18:16:00,4948.1,0,0,2,0,2,0,0,0
8915,2026-01-30 18:16:00,4949.9,0,1,1,1,1,0,0,0
8915,2026-01-30 18:16:00,4953.3,0,0,2,0,2,0,0,0
8916,2026-01-30 18:17:00,4941.0,0,0,1,0,1,0,0,0
8916,2026-01-30 18:17:00,4954.5,0,0,1,0,1,0,0,0
8917,2026-01-30 18:18:00,4922.0,0,0,1,0,1,0,0,0
8917,2026-01-30 18:18:00,4927.0,0,0,1,0,1,0,0,0
8917,2026-01-30 18:18:00,4927.6,0,1,1,1,1,0,0,0
8917,2026-01-30 18:18:00,4931.8,1,0,1,-1,1,0,0,0
8918,2026-01-30 18:19:00,4918.0,1,0,1,-1,1,0,0,0
8918,2026-01-30 18:19:00,4918.1,1,0,1,-1,1,0,0,0
8918,2026-01-30 18:19:00,4918.2,1,0,1,-1,1,0,0,0
8918,2026-01-30 18:19:00,4918.8,0,0,1,0,1,0,0,0
8918,2026-01-30 18:19:00,4920.0,0,1,1,1,1,0,0,0
8918,2026-01-30 18:19:00,4928.1,0,0,1,0,1,0,0,0
8919,2026-01-30 18:20:00,4892.1,0,1,1,1,1,0,0,0
8919,2026-01-30 18:20:00,4900.0,0,0,1,0,1,0,0,0
8919,2026-01-30 18:20:00,4904.3,1,0,1,-1,1,0,0,0
8919,2026-01-30 18:20:00,4918.2,0,0,5,0,2,0,0,0
8919,2026-01-30 18:20:00,4919.3,0,1,1,1,1,0,0,0
8920,2026-01-30 18:21:00,4880.0,0,0,1,0,1,0,0,0
8920,2026-01-30 18:21:00,4880.4,0,1,1,1,1,0,0,0
8920,2026-01-30 18:21:00,4900.3,0,0,1,0,1,0,0,0
8921,2026-01-30 18:22:00,4876.8,1,0,1,-1,1,0,0,0
8921,2026-01-30 18:22:00,4877.5,1,0,1,-1,1,0,0,0
8921,2026-01-30 18:22:00,4880.4,0,0,2,0,1,0,0,0
8922,2026-01-30 18:23:00,4891.5,0,0,1,0,1,0,0,0
8923,2026-01-30 18:24:00,4899.2,1,0,1,-1,1,0,0,0
8923,2026-01-30 18:24:00,4901.3,0,1,1,1,1,0,0,0
8924,2026-01-30 18:26:00,4892.3,1,0,1,-1,1,0,0,0
8925,2026-01-30 18:27:00,4910.0,0,1,9,1,6,0,0,0
8926,2026-01-30 18:29:00,4850.0,0,0,2,0,1,0,0,0
8926,2026-01-30 18:29:00,4858.3,0,0,1,0,1,0,0,0
8926,2026-01-30 18:29:00,4858.6,0,0,1,0,1,0,0,0
8926,2026-01-30 18:29:00,4858.7,0,0,1,0,1,0,0,0
8926,2026-01-30 18:29:00,4861.8,0,0,1,0,1,0,0,0
8926,2026-01-30 18:29:00,4862.6,0,0,1,0,1,0,0,0
8926,2026-01-30 18:29:00,4862.8,0,0,1,0,1,0,0,0
8926,2026-01-30 18:29:00,4862.9,0,0,2,0,2,0,0,0
8926,2026-01-30 18:29:00,4863.0,0,0,1,0,1,0,0,0
8926,2026-01-30 18:29:00,4863.1,0,0,3,0,3,0,0,0
8926,2026-01-30 18:29:00,4863.7,0,0,1,0,1,0,0,0
8926,2026-01-30 18:29:00,4863.8,0,0,1,0,1,0,0,0
8926,2026-01-30 18:29:00,4863.9,0,0,1,0,1,0,0,0
8926,2026-01-30 18:29:00,4864.0,0,0,3,0,3,0,0,0
8926,2026-01-30 18:29:00,4864.1,0,0,5,0,5,0,0,0
8926,2026-01-30 18:29:00,4864.2,0,0,5,0,5,0,0,0
8926,2026-01-30 18:29:00,4864.3,0,0,3,0,3,0,0,0
8926,2026-01-30 18:29:00,4864.4,0,0,2,0,2,0,0,0
8926,2026-01-30 18:29:00,4864.5,0,0,1,0,1,0,0,0
8926,2026-01-30 18:29:00,4864.7,0,0,1,0,1,0,0,0
8926,2026-01-30 18:29:00,4864.8,0,0,2,0,2,0,0,0
8926,2026-01-30 18:29:00,4864.9,0,0,2,0,2,0,0,0
8926,2026-01-30 18:29:00,4865.0,0,0,2,0,2,0,0,0
8926,2026-01-30 18:29:00,4865.1,0,0,2,0,2,0,0,0
8926,2026-01-30 18:29:00,4865.2,0,0,1,0,1,0,0,0
8926,2026-01-30 18:29:00,4865.3,0,1,1,1,1,0,0,0
8926,2026-01-30 18:29:00,4866.1,0,0,1,0,1,0,0,0
8926,2026-01-30 18:29:00,4866.2,0,0,1,0,1,0,0,0
8926,2026-01-30 18:29:00,4866.3,0,0,1,0,1,0,0,0
8926,2026-01-30 18:29:00,4866.4,0,0,1,0,1,0,0,0
8926,2026-01-30 18:29:00,4866.5,0,0,1,0,1,0,0,0
8926,2026-01-30 18:29:00,4866.6,0,0,3,0,3,0,0,0
8926,2026-01-30 18:29:00,4866.7,0,0,1,0,1,0,0,0
8926,2026-01-30 18:29:00,4867.1,0,1,1,1,1,0,0,0
8926,2026-01-30 18:29:00,4869.2,0,0,1,0,1,0,0,0
8926,2026-01-30 18:29:00,4870.1,0,0,2,0,2,0,0,0
8926,2026-01-30 18:29:00,4870.7,0,1,1,1,1,0,0,0
8926,2026-01-30 18:29:00,4870.8,1,0,1,-1,1,0,0,0
8926,2026-01-30 18:29:00,4871.1,1,0,1,-1,1,0,0,0
8926,2026-01-30 18:29:00,4871.2,1,0,1,-1,1,0,0,0
8926,2026-01-30 18:29:00,4872.8,0,1,1,1,1,0,0,0
8926,2026-01-30 18:29:00,4873.8,0,0,1,0,1,0,0,0
8926,2026-01-30 18:29:00,4875.1,0,0,1,0,1,0,0,0
8926,2026-01-30 18:29:00,4875.2,0,0,2,0,2,0,0,0
8926,2026-01-30 18:29:00,4875.3,0,0,2,0,2,0,0,0
8926,2026-01-30 18:29:00,4875.4,0,0,2,0,2,0,0,0
8926,2026-01-30 18:29:00,4875.5,0,0,5,0,5,0,0,0
8926,2026-01-30 18:29:00,4875.6,0,1,4,1,4,0,0,0
8926,2026-01-30 18:29:00,4875.7,0,0,1,0,1,0,0,0
8926,2026-01-30 18:29:00,4875.8,0,0,1,0,1,0,0,0
8926,2026-01-30 18:29:00,4876.1,0,1,1,1,1,0,0,0
8926,2026-01-30 18:29:00,4876.2,0,3,3,3,3,0,0,0
8926,2026-01-30 18:29:00,4876.6,0,3,3,3,3,0,0,0
8926,2026-01-30 18:29:00,4876.8,0,1,1,1,1,0,0,0
8926,2026-01-30 18:29:00,4877.4,0,0,2,0,2,0,0,0
8926,2026-01-30 18:29:00,4877.5,0,0,1,0,1,0,0,0
8926,2026-01-30 18:29:00,4877.6,0,0,1,0,1,0,0,0
8926,2026-01-30 18:29:00,4877.7,0,0,1,0,1,0,0,0
8926,2026-01-30 18:29:00,4877.8,0,0,1,0,1,0,0,0
8926,2026-01-30 18:29:00,4877.9,0,0,1,0,1,0,0,0
8926,2026-01-30 18:29:00,4878.0,0,0,1,0,1,0,0,0
8926,2026-01-30 18:29:00,4878.1,0,0,1,0,1,0,0,0
8926,2026-01-30 18:29:00,4878.4,0,1,1,1,1,0,0,0
8926,2026-01-30 18:29:00,4878.6,0,1,1,1,1,0,0,0
8926,2026-01-30 18:29:00,4885.6,1,0,1,-1,1,0,0,0
8926,2026-01-30 18:29:00,4885.9,2,0,2,-2,1,0,0,0
8926,2026-01-30 18:29:00,4886.1,2,0,2,-2,1,0,0,0
8926,2026-01-30 18:29:00,4886.6,1,0,1,-1,1,0,0,0
8926,2026-01-30 18:29:00,4886.8,1,0,1,-1,1,0,0,0
8926,2026-01-30 18:29:00,4886.9,1,0,1,-1,1,0,0,0
8926,2026-01-30 18:29:00,4887.1,1,0,1,-1,1,0,0,0
8926,2026-01-30 18:29:00,4887.4,1,1,2,0,2,0,0,0
8926,2026-01-30 18:29:00,4887.6,1,0,1,-1,1,0,0,0
8926,2026-01-30 18:29:00,4887.9,0,1,2,1,2,0,0,0
8926,2026-01-30 18:29:00,4888.0,0,0,1,0,1,0,0,0
8926,2026-01-30 18:29:00,4888.1,0,0,3,0,3,0,0,0
8926,2026-01-30 18:29:00,4888.2,0,0,1,0,1,0,0,0
8926,2026-01-30 18:29:00,4888.3,0,0,2,0,2,0,0,0
8926,2026-01-30 18:29:00,4888.4,0,0,2,0,2,0,0,0
8926,2026-01-30 18:29:00,4888.5,0,0,2,0,2,0,0,0
8926,2026-01-30 18:29:00,4888.6,0,0,2,0,2,0,0,0
8926,2026-01-30 18:29:00,4888.7,0,0,1,0,1,0,0,0
8926,2026-01-30 18:29:00,4888.8,0,0,1,0,1,0,0,0
8926,2026-01-30 18:29:00,4888.9,0,0,1,0,1,0,0,0
8926,2026-01-30 18:29:00,4889.3,0,1,1,1,1,0,0,0
8926,2026-01-30 18:29:00,4890.1,0,1,1,1,1,0,0,0
8926,2026-01-30 18:29:00,4890.3,0,1,1,1,1,0,0,0
8926,2026-01-30 18:29:00,4895.0,0,1,1,1,1,0,0,0
8926,2026-01-30 18:29:00,4899.7,0,1,1,1,1,0,0,0
8926,2026-01-30 18:29:00,4910.3,0,1,1,1,1,0,0,0
8927,2026-01-30 18:31:00,4888.7,1,0,1,-1,1,0,0,0
8927,2026-01-30 18:31:00,4888.8,1,0,1,-1,1,0,0,0
8927,2026-01-30 18:31:00,4889.8,2,0,2,-2,1,0,0,0
8927,2026-01-30 18:31:00,4890.0,0,0,1,0,1,0,0,0
8927,2026-01-30 18:31:00,4891.1,1,0,1,-1,1,0,0,0
8927,2026-01-30 18:31:00,4891.8,0,1,1,1,1,0,0,0
8927,2026-01-30 18:31:00,4894.5,1,0,1,-1,1,0,0,0
8927,2026-01-30 18:31:00,4899.6,1,0,1,-1,1,0,0,0
8928,2026-01-30 18:32:00,4919.2,0,1,1,1,1,0,0,0
8928,2026-01-30 18:32:00,4920.2,0,1,1,1,1,0,0,0
8928,2026-01-30 18:32:00,4926.7,1,0,1,-1,1,0,0,0
8928,2026-01-30 18:32:00,4926.9,1,0,1,-1,1,0,0,0
8928,2026-01-30 18:32:00,4927.2,1,0,1,-1,1,0,0,0
8929,2026-01-30 18:33:00,4922.0,0,0,1,0,1,0,0,0
8929,2026-01-30 18:33:00,4922.2,0,0,1,0,1,0,0,0
8930,2026-01-30 18:34:00,4907.4,0,0,1,0,1,0,0,0
8930,2026-01-30 18:34:00,4908.3,1,0,1,-1,1,0,0,0
8930,2026-01-30 18:34:00,4908.9,1,0,1,-1,1,0,0,0
8930,2026-01-30 18:34:00,4916.4,0,2,2,2,2,0,0,0
8931,2026-01-30 18:35:00,4910.0,0,0,1,0,1,0,0,0
8932,2026-01-30 18:36:00,4878.0,0,0,1,0,1,0,0,0
8932,2026-01-30 18:36:00,4883.6,1,0,1,-1,1,0,0,0
8932,2026-01-30 18:36:00,4884.0,0,1,1,1,1,0,0,0
8932,2026-01-30 18:36:00,4884.1,2,0,2,-2,1,0,0,0
8932,2026-01-30 18:36:00,4884.2,1,0,1,-1,1,0,0,0
8932,2026-01-30 18:36:00,4884.7,0,0,1,0,1,0,0,0
8932,2026-01-30 18:36:00,4885.0,1,0,1,-1,1,0,0,0
8932,2026-01-30 18:36:00,4885.1,1,0,1,-1,1,0,0,0
8932,2026-01-30 18:36:00,4885.3,1,0,1,-1,1,0,0,0
8932,2026-01-30 18:36:00,4885.4,1,0,1,-1,1,0,0,0
8932,2026-01-30 18:36:00,4885.5,1,0,1,-1,1,0,0,0
8932,2026-01-30 18:36:00,4885.6,1,0,1,-1,1,0,0,0
8932,2026-01-30 18:36:00,4887.5,1,0,1,-1,1,0,0,0
8932,2026-01-30 18:36:00,4888.6,1,0,1,-1,1,0,0,0
8932,2026-01-30 18:36:00,4888.8,1,0,1,-1,1,0,0,0
8932,2026-01-30 18:36:00,4889.5,0,1,1,1,1,0,0,0
8932,2026-01-30 18:36:00,4890.8,1,0,1,-1,1,0,0,0
8932,2026-01-30 18:36:00,4890.9,1,0,1,-1,1,0,0,0
8933,2026-01-30 18:37:00,4881.0,1,0,1,-1,1,0,0,0
8933,2026-01-30 18:37:00,4881.1,1,0,1,-1,1,0,0,0
8934,2026-01-30 18:38:00,4851.1,0,0,2,0,1,0,0,0
8934,2026-01-30 18:38:00,4853.9,0,1,1,1,1,0,0,0
8935,2026-01-30 18:40:00,4850.5,0,2,2,2,1,0,0,0
8935,2026-01-30 18:40:00,4850.6,0,1,1,1,1,0,0,0
8935,2026-01-30 18:40:00,4850.8,0,1,1,1,1,0,0,0
8935,2026-01-30 18:40:00,4851.0,0,1,1,1,1,0,0,0
8935,2026-01-30 18:40:00,4851.7,0,1,1,1,1,0,0,0
8936,2026-01-30 18:41:00,4877.0,0,0,1,0,1,0,0,0
8936,2026-01-30 18:41:00,4877.4,1,0,1,-1,1,0,0,0
8936,2026-01-30 18:41:00,4877.5,1,0,1,-1,1,0,0,0
8936,2026-01-30 18:41:00,4878.1,1,0,1,-1,1,0,0,0
8936,2026-01-30 18:41:00,4879.4,1,0,1,-1,1,0,0,0
8936,2026-01-30 18:41:00,4883.1,0,1,1,1,1,0,0,0
8937,2026-01-30 18:44:00,4931.9,0,2,2,2,1,0,0,0
8938,2026-01-30 18:45:00,4942.4,0,1,1,1,1,0,0,0
8939,2026-01-30 18:46:00,4950.0,0,0,2,0,2,0,0,0
8939,2026-01-30 18:46:00,4957.2,0,1,1,1,1,0,0,0
8939,2026-01-30 18:46:00,4957.4,0,1,1,1,1,0,0,0
8940,2026-01-30 18:47:00,4975.0,0,0,2,0,2,0,0,0
8941,2026-01-30 18:48:00,4983.0,0,0,1,0,1,0,0,0
8942,2026-01-30 18:52:00,4987.5,1,0,1,-1,1,0,0,0
8943,2026-01-30 18:55:00,5021.0,0,0,1,0,1,0,0,0
8943,2026-01-30 18:55:00,5032.0,1,0,1,-1,1,0,0,0
8944,2026-01-30 18:56:00,5039.3,0,1,1,1,1,0,0,0
8945,2026-01-30 18:57:00,5040.0,0,0,2,0,2,0,0,0
8945,2026-01-30 18:57:00,5047.7,0,1,1,1,1,0,0,0
8946,2026-01-30 18:59:00,5034.9,0,2,2,2,1,0,0,0
8946,2026-01-30 18:59:00,5035.0,0,2,2,2,1,0,0,0
8946,2026-01-30 18:59:00,5035.1,0,1,1,1,1,0,0,0
8946,2026-01-30 18:59:00,5035.2,0,1,1,1,1,0,0,0
8946,2026-01-30 18:59:00,5035.3,0,3,3,3,1,0,0,0
8946,2026-01-30 18:59:00,5035.5,0,1,1,1,1,0,0,0
8947,2026-01-30 19:00:00,5055.5,1,0,1,-1,1,0,0,0
8947,2026-01-30 19:00:00,5055.6,1,0,1,-1,1,0,0,0
8948,2026-01-30 19:02:00,5035.0,0,0,2,0,1,0,0,0
8949,2026-01-30 19:04:00,5056.2,1,0,1,-1,1,0,0,0
8949,2026-01-30 19:04:00,5056.4,1,0,1,-1,1,0,0,0
8950,2026-01-30 19:06:00,5054.4,0,1,1,1,1,0,0,0
8950,2026-01-30 19:06:00,5055.3,1,0,1,-1,1,0,0,0
8951,2026-01-30 19:07:00,5041.0,1,0,1,-1,1,0,0,0
8951,2026-01-30 19:07:00,5043.4,0,0,1,0,1,0,0,0
8952,2026-01-30 19:11:00,5048.9,1,0,1,-1,1,0,0,0
8952,2026-01-30 19:11:00,5049.8,1,0,1,-1,1,0,0,0
8952,2026-01-30 19:11:00,5050.0,0,0,2,0,1,0,0,0
8953,2026-01-30 19:16:00,5049.1,0,1,1,1,1,0,0,0
8953,2026-01-30 19:16:00,5050.6,1,0,1,-1,1,0,0,0
8953,2026-01-30 19:16:00,5051.4,1,0,1,-1,1,0,0,0
8954,2026-01-30 19:17:00,5049.0,1,0,10,-1,5,0,0,0
8954,2026-01-30 19:17:00,5052.5,0,1,1,1,1,0,0,0
8954,2026-01-30 19:17:00,5052.7,0,1,1,1,1,0,0,0
8955,2026-01-30 19:20:00,5039.4,0,0,1,0,1,0,0,0
8955,2026-01-30 19:20:00,5042.4,0,1,1,1,1,0,0,0
8956,2026-01-30 19:22:00,5041.0,1,0,1,-1,1,0,0,0
8957,2026-01-30 19:23:00,5000.0,0,0,1,0,1,0,0,0
8957,2026-01-30 19:23:00,5005.2,0,1,1,1,1,0,0,0
8958,2026-01-30 19:25:00,5035.0,0,0,2,0,1,0,0,0
8959,2026-01-30 19:27:00,5050.8,0,0,10,0,5,0,0,0
8960,2026-01-30 19:31:00,5051.1,0,0,1,0,1,0,0,0
8961,2026-01-30 19:33:00,5070.7,0,0,1,0,1,0,0,0
8962,2026-01-30 19:34:00,5068.3,0,0,1,0,1,0,0,0
8962,2026-01-30 19:34:00,5069.0,1,0,1,-1,1,0,0,0
8962,2026-01-30 19:34:00,5069.5,1,0,1,-1,1,0,0,0
8962,2026-01-30 19:34:00,5071.5,1,0,1,-1,1,0,0,0
8962,2026-01-30 19:34:00,5072.9,0,0,1,0,1,0,0,0
8963,2026-01-30 19:41:00,5065.0,0,0,2,0,2,0,0,0
8964,2026-01-30 19:42:00,5072.3,2,0,2,-2,1,0,0,0
8965,2026-01-30 19:47:00,5077.7,1,0,1,-1,1,0,0,0
8965,2026-01-30 19:47:00,5080.0,0,0,2,0,1,0,0,0
8965,2026-01-30 19:47:00,5085.0,0,0,2,0,1,0,0,0
8966,2026-01-30 19:50:00,5086.1,1,0,1,-1,1,0,0,0
8967,2026-01-30 19:53:00,5094.4,0,0,1,0,1,0,0,0
8967,2026-01-30 19:53:00,5099.4,0,0,1,0,1,0,0,0
8968,2026-01-30 19:54:00,5095.9,0,0,1,0,1,0,0,0
8968,2026-01-30 19:54:00,5098.0,0,0,2,0,2,0,0,0
8968,2026-01-30 19:54:00,5098.3,1,0,1,-1,1,0,0,0
8968,2026-01-30 19:54:00,5100.6,0,0,2,0,2,0,0,0
8969,2026-01-30 19:56:00,5105.4,1,0,1,-1,1,0,0,0
8969,2026-01-30 19:56:00,5106.3,0,0,1,0,1,0,0,0
8969,2026-01-30 19:56:00,5107.2,0,0,1,0,1,0,0,0
8970,2026-01-30 19:57:00,5106.3,1,0,1,-1,1,0,0,0
8971,2026-01-30 19:59:00,5100.2,1,0,1,-1,1,0,0,0
8971,2026-01-30 19:59:00,5100.3,1,0,1,-1,1,0,0,0
8972,2026-01-30 20:00:00,5090.0,2,0,2,-2,2,0,0,0
8973,2026-01-30 20:01:00,5060.8,0,1,1,1,1,0,0,0
8974,2026-01-30 20:02:00,5044.2,0,1,1,1,1,0,0,0
8975,2026-01-30 20:12:00,5046.4,1,0,1,-1,1,0,0,0
8976,2026-01-30 20:30:00,5048.7,1,0,2,-1,2,0,0,0
8977,2026-01-30 20:31:00,5050.6,1,0,1,-1,1,0,0,0
8977,2026-01-30 20:31:00,5050.7,1,0,1,-1,1,0,0,0
8978,2026-01-30 20:32:00,5042.1,0,1,1,1,1,0,0,0
8978,2026-01-30 20:32:00,5049.6,1,0,1,-1,1,0,0,0
8979,2026-01-30 20:33:00,5022.5,0,0,1,0,1,0,0,0
8980,2026-01-30 20:35:00,5039.7,0,0,4,0,4,0,0,0
8981,2026-01-30 20:37:00,5010.8,0,1,1,1,1,0,0,0
8982,2026-01-30 20:38:00,5011.5,1,0,1,-1,1,0,0,0
8983,2026-01-30 20:40:00,5007.6,0,0,1,0,1,0,0,0
8984,2026-01-30 20:42:00,5023.2,1,0,1,-1,1,0,0,0
8985,2026-01-30 20:44:00,5015.3,1,0,1,-1,1,0,0,0
8985,2026-01-30 20:44:00,5020.0,1,0,1,-1,1,0,0,0
8986,2026-01-30 20:58:00,4996.0,0,1,1,1,1,0,0,0
8987,2026-01-30 21:12:00,5001.2,1,0,1,-1,1,0,0,0
8987,2026-01-30 21:12:00,5001.3,2,0,2,-2,1,0,0,0
8987,2026-01-30 21:12:00,5001.5,1,0,1,-1,1,0,0,0
8987,2026-01-30 21:12:00,5001.7,1,0,1,-1,1,0,0,0
8987,2026-01-30 21:12:00,5002.5,0,1,1,1,1,0,0,0
8988,2026-01-30 21:19:00,5020.0,0,0,2,0,1,0,0,0
8989,2026-01-30 21:27:00,5033.4,0,1,1,1,1,0,0,0
8990,2026-01-30 21:35:00,5037.6,0,0,1,0,1,0,0,0
8991,2026-01-30 21:48:00,5022.2,0,0,1,0,1,0,0,0
8992,2026-02-02 00:00:00,4899.3,0,0,1,0,1,0,0,0
8993,2026-02-02 00:03:00,4925.5,1,0,1,-1,1,0,0,0
8993,2026-02-02 00:03:00,4925.6,1,0,1,-1,1,0,0,0
8994,2026-02-02 00:07:00,4940.6,1,0,1,-1,1,0,0,0
8994,2026-02-02 00:07:00,4942.0,0,1,1,1,1,0,0,0
8995,2026-02-02 00:19:00,5020.0,0,0,2,0,2,0,0,0
8996,2026-02-02 00:23:00,5018.8,1,0,1,-1,1,0,0,0
8996,2026-02-02 00:23:00,5019.5,1,0,1,-1,1,0,0,0
8997,2026-02-02 00:25:00,5000.0,0,0,1,0,1,0,0,0
8998,2026-02-02 00:35:00,4979.9,0,0,1,0,1,0,0,0
8999,2026-02-02 00:36:00,4995.3,0,1,1,1,1,0,0,0
9000,2026-02-02 00:41:00,4993.2,0,0,1,0,1,0,0,0
9000,2026-02-02 00:41:00,4993.8,0,0,1,0,1,0,0,0
9000,2026-02-02 00:41:00,4994.5,0,0,1,0,1,0,0,0
9000,2026-02-02 00:41:00,4994.9,0,0,1,0,1,0,0,0
9000,2026-02-02 00:41:00,4997.3,0,0,1,0,1,0,0,0
9001,2026-02-02 00:47:00,4940.6,0,0,1,0,1,0,0,0
9002,2026-02-02 00:49:00,4958.1,0,0,1,0,1,0,0,0
9003,2026-02-02 00:54:00,4948.6,1,0,1,-1,1,0,0,0
9004,2026-02-02 00:56:00,4938.7,0,1,1,1,1,0,0,0
9005,2026-02-02 01:06:00,4886.2,0,1,1,1,1,0,0,0
9005,2026-02-02 01:06:00,4887.2,0,2,2,2,1,0,0,0
9005,2026-02-02 01:06:00,4887.9,0,1,1,1,1,0,0,0
9005,2026-02-02 01:06:00,4888.0,0,1,1,1,1,0,0,0
9006,2026-02-02 01:08:00,4865.4,0,0,1,0,1,0,0,0
9007,2026-02-02 01:09:00,4800.0,0,0,1,0,1,0,0,0
9007,2026-02-02 01:09:00,4801.0,0,0,1,0,1,0,0,0
9007,2026-02-02 01:09:00,4806.8,0,0,1,0,1,0,0,0
9007,2026-02-02 01:09:00,4814.0,0,0,1,0,1,0,0,0
9007,2026-02-02 01:09:00,4820.0,0,0,2,0,2,0,0,0
9008,2026-02-02 01:10:00,4800.0,0,0,3,0,3,0,0,0
9009,2026-02-02 01:12:00,4761.1,0,0,1,0,1,0,0,0
9009,2026-02-02 01:12:00,4784.7,3,0,3,-3,1,0,0,0
9009,2026-02-02 01:12:00,4786.4,1,0,1,-1,1,0,0,0
9010,2026-02-02 01:14:00,4785.3,1,0,1,-1,1,0,0,0
9010,2026-02-02 01:14:00,4785.4,2,0,2,-2,1,0,0,0
9011,2026-02-02 01:15:00,4804.9,0,0,1,0,1,0,0,0
9012,2026-02-02 01:18:00,4844.6,0,0,1,0,1,0,0,0
9013,2026-02-02 01:20:00,4860.3,1,0,1,-1,1,0,0,0
9013,2026-02-02 01:20:00,4860.4,1,0,1,-1,1,0,0,0
9014,2026-02-02 01:21:00,4848.0,0,1,1,1,1,0,0,0
9015,2026-02-02 01:22:00,4841.5,0,2,2,2,1,0,0,0
9015,2026-02-02 01:22:00,4841.6,0,1,1,1,1,0,0,0
9015,2026-02-02 01:22:00,4841.7,0,1,1,1,1,0,0,0
9015,2026-02-02 01:22:00,4842.0,0,1,1,1,1,0,0,0
9015,2026-02-02 01:22:00,4842.4,0,1,1,1,1,0,0,0
9015,2026-02-02 01:22:00,4842.8,0,2,2,2,1,0,0,0
9015,2026-02-02 01:22:00,4843.2,0,1,1,1,1,0,0,0
9015,2026-02-02 01:22:00,4843.6,0,1,1,1,1,0,0,0
9016,2026-02-02 01:29:00,4855.8,1,0,1,-1,1,0,0,0
9016,2026-02-02 01:29:00,4855.9,2,0,2,-2,1,0,0,0
9017,2026-02-02 01:32:00,4842.0,0,0,1,0,1,0,0,0
9018,2026-02-02 01:35:00,4867.1,0,2,2,2,1,0,0,0
9018,2026-02-02 01:35:00,4867.2,0,1,1,1,1,0,0,0
9018,2026-02-02 01:35:00,4867.8,0,2,2,2,1,0,0,0
9019,2026-02-02 01:55:00,4896.5,0,0,1,0,1,0,0,0
9020,2026-02-02 02:00:00,4898.6,0,1,1,1,1,0,0,0
9020,2026-02-02 02:00:00,4903.8,0,1,1,1,1,0,0,0
9020,2026-02-02 02:00:00,4904.0,0,1,1,1,1,0,0,0
9020,2026-02-02 02:00:00,4904.7,0,1,1,1,1,0,0,0
9020,2026-02-02 02:00:00,4904.8,0,0,2,0,1,0,0,0
9021,2026-02-02 02:01:00,4899.1,0,0,1,0,1,0,0,0
9021,2026-02-02 02:01:00,4899.2,0,0,1,0,1,0,0,0
9022,2026-02-02 02:06:00,4868.0,0,0,2,0,2,0,0,0
9022,2026-02-02 02:06:00,4880.0,0,0,1,0,1,0,0,0
9023,2026-02-02 02:07:00,4880.0,0,0,1,0,1,0,0,0
9023,2026-02-02 02:07:00,4885.0,0,0,1,0,1,0,0,0
9024,2026-02-02 02:08:00,4880.0,0,0,1,0,1,0,0,0
9024,2026-02-02 02:08:00,4885.0,0,0,1,0,1,0,0,0
9025,2026-02-02 02:09:00,4880.6,0,0,1,0,1,0,0,0
9025,2026-02-02 02:09:00,4881.5,0,0,1,0,1,0,0,0
9025,2026-02-02 02:09:00,4881.8,1,0,1,-1,1,0,0,0
9025,2026-02-02 02:09:00,4885.0,0,1,2,1,2,0,0,0
9026,2026-02-02 02:11:00,4865.2,1,0,1,-1,1,0,0,0
9026,2026-02-02 02:11:00,4867.3,0,0,2,0,2,0,0,0
9026,2026-02-02 02:11:00,4870.5,0,0,1,0,1,0,0,0
9027,2026-02-02 02:12:00,4872.2,0,0,1,0,1,0,0,0
9027,2026-02-02 02:12:00,4873.3,0,0,1,0,1,0,0,0
9027,2026-02-02 02:12:00,4875.3,0,1,1,1,1,0,0,0
9028,2026-02-02 02:13:00,4877.5,0,0,1,0,1,0,0,0
9028,2026-02-02 02:13:00,4882.2,0,0,1,0,1,0,0,0
9028,2026-02-02 02:13:00,4882.8,0,1,1,1,1,0,0,0
9028,2026-02-02 02:13:00,4883.7,0,1,1,1,1,0,0,0
9028,2026-02-02 02:13:00,4883.9,0,1,1,1,1,0,0,0
9028,2026-02-02 02:13:00,4885.0,0,0,2,0,1,0,0,0
9028,2026-02-02 02:13:00,4886.8,0,0,1,0,1,0,0,0
9029,2026-02-02 02:14:00,4895.5,0,1,1,1,1,0,0,0
9029,2026-02-02 02:14:00,4899.0,0,0,1,0,1,0,0,0
9030,2026-02-02 02:15:00,4893.0,1,0,1,-1,1,0,0,0
9031,2026-02-02 02:28:00,4901.1,0,0,1,0,1,0,0,0
9032,2026-02-02 02:44:00,4925.6,0,0,1,0,1,0,0,0
9033,2026-02-02 02:45:00,4918.8,0,1,1,1,1,0,0,0
9034,2026-02-02 02:46:00,4910.8,1,0,1,-1,1,0,0,0
9035,2026-02-02 02:57:00,4879.9,0,4,4,4,2,0,0,0
9035,2026-02-02 02:57:00,4880.0,0,1,1,1,1,0,0,0
9036,2026-02-02 03:00:00,4867.8,0,2,2,2,1,0,0,0
9036,2026-02-02 03:00:00,4868.6,1,0,3,-1,2,0,0,0
9037,2026-02-02 03:06:00,4880.0,0,0,1,0,1,0,0,0
9038,2026-02-02 03:07:00,4880.0,0,0,1,0,1,0,0,0
9039,2026-02-02 03:10:00,4880.0,0,0,1,0,1,0,0,0
9040,2026-02-02 03:11:00,4866.2,0,0,5,0,3,0,0,0
9041,2026-02-02 03:14:00,4849.7,0,0,1,0,1,0,0,0
9041,2026-02-02 03:14:00,4857.4,0,1,1,1,1,0,0,0
9041,2026-02-02 03:14:00,4857.5,0,1,1,1,1,0,0,0
9041,2026-02-02 03:14:00,4857.6,0,2,2,2,1,0,0,0
9042,2026-02-02 03:15:00,4820.7,0,0,1,0,1,0,0,0
9042,2026-02-02 03:15:00,4833.4,0,0,1,0,1,0,0,0
9042,2026-02-02 03:15:00,4849.0,0,1,1,1,1,0,0,0
9043,2026-02-02 03:18:00,4863.4,0,1,1,1,1,0,0,0
9044,2026-02-02 03:22:00,4885.0,0,0,1,0,1,0,0,0
9044,2026-02-02 03:22:00,4886.9,0,0,1,0,1,0,0,0
9045,2026-02-02 03:35:00,4825.5,1,0,1,-1,1,0,0,0
9046,2026-02-02 03:36:00,4813.6,0,1,1,1,1,0,0,0
9046,2026-02-02 03:36:00,4816.7,1,0,1,-1,1,0,0,0
9047,2026-02-02 03:38:00,4814.8,0,0,4,0,1,0,0,0
9047,2026-02-02 03:38:00,4815.0,1,0,1,-1,1,0,0,0
9047,2026-02-02 03:38:00,4815.1,2,0,2,-2,1,0,0,0
9047,2026-02-02 03:38:00,4815.6,1,0,1,-1,1,0,0,0
9047,2026-02-02 03:38:00,4815.7,1,0,1,-1,1,0,0,0
9047,2026-02-02 03:38:00,4816.0,1,0,1,-1,1,0,0,0
9047,2026-02-02 03:38:00,4816.4,1,0,1,-1,1,0,0,0
9047,2026-02-02 03:38:00,4816.9,1,0,1,-1,1,0,0,0
9047,2026-02-02 03:38:00,4817.3,1,0,1,-1,1,0,0,0
9047,2026-02-02 03:38:00,4817.7,1,0,1,-1,1,0,0,0
9047,2026-02-02 03:38:00,4818.1,1,0,1,-1,1,0,0,0
9047,2026-02-02 03:38:00,4818.3,2,0,2,-2,1,0,0,0
9047,2026-02-02 03:38:00,4818.7,2,0,2,-2,1,0,0,0
9047,2026-02-02 03:38:00,4819.8,1,0,1,-1,1,0,0,0
9047,2026-02-02 03:38:00,4823.9,0,1,1,1,1,0,0,0
9048,2026-02-02 03:39:00,4807.4,1,0,1,-1,1,0,0,0
9048,2026-02-02 03:39:00,4807.8,1,0,1,-1,1,0,0,0
9048,2026-02-02 03:39:00,4807.9,4,0,4,-4,1,0,0,0
9048,2026-02-02 03:39:00,4808.1,1,0,1,-1,1,0,0,0
9048,2026-02-02 03:39:00,4808.2,1,0,1,-1,1,0,0,0
9048,2026-02-02 03:39:00,4808.4,1,0,1,-1,1,0,0,0
9048,2026-02-02 03:39:00,4808.5,1,0,1,-1,1,0,0,0
9048,2026-02-02 03:39:00,4808.6,1,0,1,-1,1,0,0,0
9048,2026-02-02 03:39:00,4808.8,1,0,1,-1,1,0,0,0
9048,2026-02-02 03:39:00,4809.1,1,0,1,-1,1,0,0,0
9048,2026-02-02 03:39:00,4809.5,1,0,1,-1,1,0,0,0
9048,2026-02-02 03:39:00,4810.1,1,0,1,-1,1,0,0,0
9048,2026-02-02 03:39:00,4810.2,2,0,2,-2,1,0,0,0
9048,2026-02-02 03:39:00,4810.6,1,0,1,-1,1,0,0,0
9048,2026-02-02 03:39:00,4811.3,1,0,1,-1,1,0,0,0
9048,2026-02-02 03:39:00,4811.4,1,0,1,-1,1,0,0,0
9049,2026-02-02 03:40:00,4805.0,1,0,1,-1,1,0,0,0
9049,2026-02-02 03:40:00,4805.1,2,0,2,-2,1,0,0,0
9049,2026-02-02 03:40:00,4805.2,2,0,2,-2,1,0,0,0
9049,2026-02-02 03:40:00,4805.4,2,0,2,-2,1,0,0,0
9049,2026-02-02 03:40:00,4805.5,3,0,3,-3,1,0,0,0
9049,2026-02-02 03:40:00,4805.6,1,0,1,-1,1,0,0,0
9049,2026-02-02 03:40:00,4806.6,1,0,1,-1,1,0,0,0
9049,2026-02-02 03:40:00,4806.7,1,0,1,-1,1,0,0,0
9049,2026-02-02 03:40:00,4806.9,2,0,2,-2,1,0,0,0
9049,2026-02-02 03:40:00,4807.0,1,0,1,-1,1,0,0,0
9049,2026-02-02 03:40:00,4807.4,1,0,1,-1,1,0,0,0
9049,2026-02-02 03:40:00,4807.5,1,0,1,-1,1,0,0,0
9049,2026-02-02 03:40:00,4808.2,1,0,1,-1,1,0,0,0
9049,2026-02-02 03:40:00,4808.3,1,0,1,-1,1,0,0,0
9050,2026-02-02 03:41:00,4785.0,0,0,2,0,1,0,0,0
9050,2026-02-02 03:41:00,4791.3,2,0,2,-2,1,0,0,0
9050,2026-02-02 03:41:00,4791.4,1,0,1,-1,1,0,0,0
9050,2026-02-02 03:41:00,4791.6,1,0,1,-1,1,0,0,0
9050,2026-02-02 03:41:00,4792.5,1,0,1,-1,1,0,0,0
9050,2026-02-02 03:41:00,4792.9,1,0,1,-1,1,0,0,0
9050,2026-02-02 03:41:00,4793.6,2,0,2,-2,1,0,0,0
9050,2026-02-02 03:41:00,4793.8,2,0,2,-2,1,0,0,0
9050,2026-02-02 03:41:00,4794.5,0,2,2,2,2,0,0,0
9050,2026-02-02 03:41:00,4796.4,0,1,1,1,1,0,0,0
9050,2026-02-02 03:41:00,4804.8,1,0,1,-1,1,0,0,0
9050,2026-02-02 03:41:00,4804.9,1,0,1,-1,1,0,0,0
9050,2026-02-02 03:41:00,4805.1,2,0,2,-2,1,0,0,0
9051,2026-02-02 03:45:00,4822.3,0,1,1,1,1,0,0,0
9051,2026-02-02 03:45:00,4825.0,0,0,1,0,1,0,0,0
9052,2026-02-02 03:47:00,4830.1,0,0,1,0,1,0,0,0
9053,2026-02-02 03:48:00,4839.1,0,2,2,2,2,0,0,0
9054,2026-02-02 03:49:00,4840.0,0,0,1,0,1,0,0,0
9054,2026-02-02 03:49:00,4841.0,0,1,1,1,1,0,0,0
9055,2026-02-02 03:53:00,4822.2,1,0,1,-1,1,0,0,0
9056,2026-02-02 04:02:00,4766.6,1,0,1,-1,1,0,0,0
9057,2026-02-02 04:03:00,4769.7,0,0,1,0,1,0,0,0
9058,2026-02-02 04:04:00,4770.9,0,0,1,0,1,0,0,0
9059,2026-02-02 04:08:00,4798.0,0,1,1,1,1,0,0,0
9059,2026-02-02 04:08:00,4800.0,0,0,1,0,1,0,0,0
9060,2026-02-02 04:19:00,4850.0,0,0,1,0,1,0,0,0
9061,2026-02-02 04:20:00,4846.6,0,1,1,1,1,0,0,0
9062,2026-02-02 04:26:00,4830.0,0,0,1,0,1,0,0,0
9063,2026-02-02 04:32:00,4855.0,0,0,1,0,1,0,0,0
9064,2026-02-02 04:36:00,4843.0,0,0,1,0,1,0,0,0
9064,2026-02-02 04:36:00,4843.5,0,0,1,0,1,0,0,0
9064,2026-02-02 04:36:00,4848.9,0,1,1,1,1,0,0,0
9065,2026-02-02 04:37:00,4845.5,0,1,1,1,1,0,0,0
9066,2026-02-02 04:39:00,4821.8,1,0,1,-1,1,0,0,0
9067,2026-02-02 04:40:00,4812.6,0,0,1,0,1,0,0,0
9068,2026-02-02 04:41:00,4823.7,0,0,1,0,1,0,0,0
9069,2026-02-02 04:42:00,4820.1,1,0,1,-1,1,0,0,0
9069,2026-02-02 04:42:00,4822.8,0,0,1,0,1,0,0,0
9069,2026-02-02 04:42:00,4826.9,0,0,1,0,1,0,0,0
9070,2026-02-02 04:45:00,4855.0,0,0,1,0,1,0,0,0
9071,2026-02-02 04:48:00,4846.6,0,0,1,0,1,0,0,0
9072,2026-02-02 04:52:00,4835.1,1,0,1,-1,1,0,0,0
9073,2026-02-02 05:44:00,4728.1,1,0,1,-1,1,0,0,0
9073,2026-02-02 05:44:00,4730.0,0,0,1,0,1,0,0,0
9073,2026-02-02 05:44:00,4731.3,0,1,1,1,1,0,0,0
9074,2026-02-02 05:45:00,4727.3,0,0,10,0,6,0,0,0
9074,2026-02-02 05:45:00,4727.6,0,0,1,0,1,0,0,0
9074,2026-02-02 05:45:00,4731.7,0,0,1,0,1,0,0,0
9075,2026-02-02 05:46:00,4718.0,1,0,1,-1,1,0,0,0
9075,2026-02-02 05:46:00,4729.8,0,0,1,0,1,0,0,0
9076,2026-02-02 05:48:00,4700.0,0,0,7,0,4,0,0,0
9076,2026-02-02 05:48:00,4703.5,0,0,3,0,3,0,0,0
9076,2026-02-02 05:48:00,4703.6,1,0,1,-1,1,0,0,0
9076,2026-02-02 05:48:00,4703.7,1,0,1,-1,1,0,0,0
9077,2026-02-02 05:49:00,4680.3,0,1,1,1,1,0,0,0
9077,2026-02-02 05:49:00,4699.0,0,1,2,1,2,0,0,0
9077,2026-02-02 05:49:00,4700.0,0,0,6,0,5,0,0,0
9077,2026-02-02 05:49:00,4703.2,0,1,1,1,1,0,0,0
9078,2026-02-02 05:53:00,4655.5,0,0,1,0,1,0,0,0
9078,2026-02-02 05:53:00,4657.1,0,0,2,0,1,0,0,0
9078,2026-02-02 05:53:00,4657.5,0,0,1,0,1,0,0,0
9078,2026-02-02 05:53:00,4658.8,1,0,1,-1,1,0,0,0
9078,2026-02-02 05:53:00,4660.0,0,0,1,0,1,0,0,0
9079,2026-02-02 05:56:00,4693.0,1,0,1,-1,1,0,0,0
9080,2026-02-02 06:00:00,4723.0,0,0,2,0,2,0,0,0
9081,2026-02-02 06:01:00,4719.9,0,0,1,0,1,0,0,0
9082,2026-02-02 06:10:00,4715.7,1,0,1,-1,1,0,0,0
9082,2026-02-02 06:10:00,4717.7,0,1,1,1,1,0,0,0
9083,2026-02-02 06:18:00,4679.0,0,0,1,0,1,0,0,0
9084,2026-02-02 06:19:00,4680.3,0,0,1,0,1,0,0,0
9084,2026-02-02 06:19:00,4681.2,0,0,1,0,1,0,0,0
9085,2026-02-02 06:20:00,4685.0,0,0,1,0,1,0,0,0
9086,2026-02-02 06:23:00,4628.2,1,0,1,-1,1,0,0,0
9086,2026-02-02 06:23:00,4633.8,0,1,1,1,1,0,0,0
9086,2026-02-02 06:23:00,4637.9,0,1,1,1,1,0,0,0
9086,2026-02-02 06:23:00,4640.4,0,1,1,1,1,0,0,0
9087,2026-02-02 06:24:00,4630.2,0,0,1,0,1,0,0,0
9087,2026-02-02 06:24:00,4637.8,0,0,3,0,1,0,0,0
9088,2026-02-02 06:25:00,4626.6,0,1,1,1,1,0,0,0
9089,2026-02-02 06:27:00,4609.8,0,0,1,0,1,0,0,0
9090,2026-02-02 06:28:00,4631.5,1,0,1,-1,1,0,0,0
9090,2026-02-02 06:28:00,4631.6,0,0,2,0,1,0,0,0
9090,2026-02-02 06:28:00,4632.7,0,1,1,1,1,0,0,0
9091,2026-02-02 06:32:00,4632.5,1,0,1,-1,1,0,0,0
9091,2026-02-02 06:32:00,4632.7,1,0,1,-1,1,0,0,0
9092,2026-02-02 06:38:00,4554.6,0,0,1,0,1,0,0,0
9092,2026-02-02 06:38:00,4568.3,3,0,3,-3,2,0,0,0
9092,2026-02-02 06:38:00,4568.4,3,0,3,-3,2,0,0,0
9092,2026-02-02 06:38:00,4568.8,1,0,1,-1,1,0,0,0
9092,2026-02-02 06:38:00,4568.9,0,1,1,1,1,0,0,0
9092,2026-02-02 06:38:00,4569.8,1,0,1,-1,1,0,0,0
9093,2026-02-02 06:41:00,4576.6,0,0,2,0,2,0,0,0
9093,2026-02-02 06:41:00,4579.9,2,0,2,-2,1,0,0,0
9093,2026-02-02 06:41:00,4580.4,1,0,1,-1,1,0,0,0
9093,2026-02-02 06:41:00,4580.7,1,0,1,-1,1,0,0,0
9093,2026-02-02 06:41:00,4580.8,2,0,2,-2,1,0,0,0
9093,2026-02-02 06:41:00,4580.9,2,0,2,-2,2,0,0,0
9093,2026-02-02 06:41:00,4581.3,0,1,1,1,1,0,0,0
9094,2026-02-02 06:42:00,4596.0,0,0,1,0,1,0,0,0
9095,2026-02-02 06:44:00,4600.0,0,1,2,1,2,0,0,0
9096,2026-02-02 06:45:00,4608.9,1,0,1,-1,1,0,0,0
9096,2026-02-02 06:45:00,4611.5,1,0,1,-1,1,0,0,0
9097,2026-02-02 06:50:00,4592.6,0,0,1,0,1,0,0,0
9098,2026-02-02 07:01:00,4660.5,0,0,1,0,1,0,0,0
9099,2026-02-02 07:07:00,4681.0,1,0,1,-1,1,0,0,0
9100,2026-02-02 07:08:00,4691.4,0,0,1,0,1,0,0,0
9101,2026-02-02 07:09:00,4700.0,0,0,4,0,2,0,0,0
9102,2026-02-02 07:10:00,4703.8,0,0,1,0,1,0,0,0
9102,2026-02-02 07:10:00,4704.5,0,0,1,0,1,0,0,0
9103,2026-02-02 07:13:00,4687.9,2,0,14,-2,9,0,0,0
9103,2026-02-02 07:13:00,4689.3,0,0,3,0,3,0,0,0
9103,2026-02-02 07:13:00,4690.1,4,0,14,-4,10,0,0,0
9103,2026-02-02 07:13:00,4690.5,1,0,14,-1,7,0,0,0
9103,2026-02-02 07:13:00,4694.2,0,2,2,2,1,0,0,0
9103,2026-02-02 07:13:00,4694.4,1,0,9,-1,5,0,0,0
9104,2026-02-02 07:15:00,4707.2,0,1,1,1,1,0,0,0
9105,2026-02-02 07:16:00,4698.0,0,1,1,1,1,0,0,0
9106,2026-02-02 07:17:00,4687.7,0,1,1,1,1,0,0,0
9106,2026-02-02 07:17:00,4688.8,0,1,1,1,1,0,0,0
9107,2026-02-02 07:19:00,4679.1,0,0,1,0,1,0,0,0
9107,2026-02-02 07:19:00,4686.0,0,0,1,0,1,0,0,0
9108,2026-02-02 07:29:00,4712.8,0,0,1,0,1,0,0,0
9109,2026-02-02 07:30:00,4705.3,0,0,1,0,1,0,0,0
9110,2026-02-02 07:41:00,4736.0,0,0,1,0,1,0,0,0
9111,2026-02-02 07:45:00,4738.0,0,0,1,0,1,0,0,0
9112,2026-02-02 07:49:00,4758.8,0,0,1,0,1,0,0,0
9113,2026-02-02 07:50:00,4756.9,0,1,1,1,1,0,0,0
9114,2026-02-02 07:52:00,4748.1,0,0,1,0,1,0,0,0
9115,2026-02-02 07:54:00,4747.0,0,0,1,0,1,0,0,0
9116,2026-02-02 07:56:00,4754.0,1,0,1,-1,1,0,0,0
9116,2026-02-02 07:56:00,4754.1,1,0,1,-1,1,0,0,0
9117,2026-02-02 08:01:00,4728.3,1,0,1,-1,1,0,0,0
9118,2026-02-02 08:11:00,4773.6,0,0,1,0,1,0,0,0
9118,2026-02-02 08:11:00,4773.8,1,0,1,-1,1,0,0,0
9118,2026-02-02 08:11:00,4774.9,1,0,1,-1,1,0,0,0
9118,2026-02-02 08:11:00,4775.0,1,0,1,-1,1,0,0,0
9119,2026-02-02 08:19:00,4785.8,0,1,1,1,1,0,0,0
9120,2026-02-02 08:22:00,4800.0,0,0,1,0,1,0,0,0
9121,2026-02-02 08:23:00,4791.2,2,0,2,-2,2,0,0,0
9121,2026-02-02 08:23:00,4798.0,0,0,1,0,1,0,0,0
9121,2026-02-02 08:23:00,4799.2,1,0,1,-1,1,0,0,0
9122,2026-02-02 08:34:00,4789.4,1,0,1,-1,1,0,0,0
9123,2026-02-02 08:43:00,4801.2,0,1,1,1,1,0,0,0
9123,2026-02-02 08:43:00,4801.3,0,1,1,1,1,0,0,0
9124,2026-02-02 08:45:00,4794.0,0,0,5,0,4,0,0,0
9125,2026-02-02 08:47:00,4800.6,0,1,1,1,1,0,0,0
9126,2026-02-02 08:54:00,4804.4,0,1,1,1,1,0,0,0
9127,2026-02-02 09:04:00,4780.0,0,0,1,0,1,0,0,0
9128,2026-02-02 09:16:00,4785.2,1,0,1,-1,1,0,0,0
9129,2026-02-02 09:28:00,4838.2,1,0,1,-1,1,0,0,0
9130,2026-02-02 09:29:00,4842.3,1,0,1,-1,1,0,0,0
9131,2026-02-02 09:30:00,4856.0,0,0,1,0,1,0,0,0
9132,2026-02-02 09:31:00,4850.4,1,0,1,-1,1,0,0,0
9133,2026-02-02 09:32:00,4856.7,0,0,1,0,1,0,0,0
9134,2026-02-02 09:44:00,4839.6,1,0,1,-1,1,0,0,0
9134,2026-02-02 09:44:00,4840.0,0,0,2,0,2,0,0,0
9135,2026-02-02 09:47:00,4850.7,1,0,1,-1,1,0,0,0
9135,2026-02-02 09:47:00,4850.8,1,0,1,-1,1,0,0,0
9135,2026-02-02 09:47:00,4858.5,0,1,1,1,1,0,0,0
9136,2026-02-02 09:55:00,4876.0,0,1,1,1,1,0,0,0
9136,2026-02-02 09:55:00,4876.1,0,1,1,1,1,0,0,0
9136,2026-02-02 09:55:00,4881.0,0,0,2,0,2,0,0,0
9137,2026-02-02 09:56:00,4879.9,0,2,2,2,1,0,0,0
9138,2026-02-02 09:57:00,4867.2,1,0,1,-1,1,0,0,0
9139,2026-02-02 10:00:00,4872.0,1,0,1,-1,1,0,0,0
9139,2026-02-02 10:00:00,4873.7,0,1,1,1,1,0,0,0
9140,2026-02-02 10:01:00,4880.0,0,0,1,0,1,0,0,0
9140,2026-02-02 10:01:00,4885.0,0,0,1,0,1,0,0,0
9141,2026-02-02 10:16:00,4871.2,1,0,1,-1,1,0,0,0
9142,2026-02-02 10:17:00,4871.7,0,0,1,0,1,0,0,0
9143,2026-02-02 10:18:00,4869.0,0,0,1,0,1,0,0,0
9143,2026-02-02 10:18:00,4870.4,0,0,1,0,1,0,0,0
9143,2026-02-02 10:18:00,4870.7,1,0,1,-1,1,0,0,0
9144,2026-02-02 10:19:00,4866.2,1,0,1,-1,1,0,0,0
9144,2026-02-02 10:19:00,4866.3,1,0,1,-1,1,0,0,0
9144,2026-02-02 10:19:00,4866.4,1,0,1,-1,1,0,0,0
9144,2026-02-02 10:19:00,4866.5,0,0,2,0,2,0,0,0
9144,2026-02-02 10:19:00,4866.7,1,0,1,-1,1,0,0,0
9144,2026-02-02 10:19:00,4866.9,2,0,2,-2,2,0,0,0
9144,2026-02-02 10:19:00,4867.6,0,0,1,0,1,0,0,0
9144,2026-02-02 10:19:00,4868.1,0,0,2,0,2,0,0,0
9144,2026-02-02 10:19:00,4868.2,0,0,1,0,1,0,0,0
9144,2026-02-02 10:19:00,4868.3,0,0,2,0,2,0,0,0
9144,2026-02-02 10:19:00,4868.4,0,0,1,0,1,0,0,0
9144,2026-02-02 10:19:00,4868.8,1,0,1,-1,1,0,0,0
9144,2026-02-02 10:19:00,4869.0,1,0,1,-1,1,0,0,0
9144,2026-02-02 10:19:00,4869.1,2,0,2,-2,1,0,0,0
9144,2026-02-02 10:19:00,4869.2,2,0,2,-2,1,0,0,0
9144,2026-02-02 10:19:00,4869.3,1,0,1,-1,1,0,0,0
9144,2026-02-02 10:19:00,4869.6,2,0,2,-2,1,0,0,0
9144,2026-02-02 10:19:00,4869.7,2,0,2,-2,1,0,0,0
9144,2026-02-02 10:19:00,4869.8,2,0,2,-2,1,0,0,0
9144,2026-02-02 10:19:00,4869.9,1,0,1,-1,1,0,0,0
9144,2026-02-02 10:19:00,4870.0,1,0,1,-1,1,0,0,0
9144,2026-02-02 10:19:00,4870.1,1,0,1,-1,1,0,0,0
9144,2026-02-02 10:19:00,4870.2,1,0,1,-1,1,0,0,0
9144,2026-02-02 10:19:00,4870.3,3,0,3,-3,1,0,0,0
9144,2026-02-02 10:19:00,4870.4,1,0,1,-1,1,0,0,0
9144,2026-02-02 10:19:00,4870.6,0,0,1,0,1,0,0,0
9144,2026-02-02 10:19:00,4870.7,0,0,1,0,1,0,0,0
9144,2026-02-02 10:19:00,4870.8,0,0,2,0,2,0,0,0
9145,2026-02-02 10:20:00,4860.0,0,0,1,0,1,0,0,0
9145,2026-02-02 10:20:00,4863.3,2,0,2,-2,2,0,0,0
9145,2026-02-02 10:20:00,4870.7,1,0,1,-1,1,0,0,0
9145,2026-02-02 10:20:00,4870.8,2,0,2,-2,1,0,0,0
9145,2026-02-02 10:20:00,4870.9,2,0,2,-2,1,0,0,0
9145,2026-02-02 10:20:00,4871.0,2,0,2,-2,1,0,0,0
9145,2026-02-02 10:20:00,4871.1,3,0,3,-3,1,0,0,0
9145,2026-02-02 10:20:00,4871.2,3,0,3,-3,1,0,0,0
9146,2026-02-02 10:22:00,4839.9,0,0,1,0,1,0,0,0
9147,2026-02-02 10:24:00,4843.6,0,0,1,0,1,0,0,0
9147,2026-02-02 10:24:00,4844.6,1,0,1,-1,1,0,0,0
9147,2026-02-02 10:24:00,4845.0,1,0,1,-1,1,0,0,0
9147,2026-02-02 10:24:00,4845.1,1,0,1,-1,1,0,0,0
9147,2026-02-02 10:24:00,4845.2,1,0,1,-1,1,0,0,0
9147,2026-02-02 10:24:00,4845.4,1,0,1,-1,1,0,0,0
9147,2026-02-02 10:24:00,4845.5,1,0,1,-1,1,0,0,0
9147,2026-02-02 10:24:00,4845.7,2,0,2,-2,1,0,0,0
9147,2026-02-02 10:24:00,4845.8,1,0,1,-1,1,0,0,0
9147,2026-02-02 10:24:00,4845.9,1,0,1,-1,1,0,0,0
9147,2026-02-02 10:24:00,4846.0,3,0,3,-3,2,0,0,0
9147,2026-02-02 10:24:00,4846.3,1,0,1,-1,1,0,0,0
9147,2026-02-02 10:24:00,4847.4,0,0,1,0,1,0,0,0
9148,2026-02-02 10:37:00,4824.6,0,0,1,0,1,0,0,0
9149,2026-02-02 10:40:00,4841.1,0,0,1,0,1,0,0,0
9150,2026-02-02 10:51:00,4836.8,1,0,1,-1,1,0,0,0
9151,2026-02-02 10:53:00,4847.1,0,0,1,0,1,0,0,0
9152,2026-02-02 10:54:00,4848.5,0,0,1,0,1,0,0,0
9153,2026-02-02 10:59:00,4860.2,0,1,1,1,1,0,0,0
9153,2026-02-02 10:59:00,4861.5,1,0,4,-1,3,0,0,0
9154,2026-02-02 11:11:00,4873.9,0,1,1,1,1,0,0,0
9155,2026-02-02 11:13:00,4890.0,0,0,1,0,1,0,0,0
9155,2026-02-02 11:13:00,4891.0,0,0,1,0,1,0,0,0
9156,2026-02-02 11:14:00,4900.0,0,0,2,0,2,0,0,0
9157,2026-02-02 11:15:00,4906.0,0,0,1,0,1,0,0,0
9158,2026-02-02 11:19:00,4912.0,0,0,1,0,1,0,0,0
9159,2026-02-02 11:20:00,4900.0,0,0,2,0,1,0,0,0
9159,2026-02-02 11:20:00,4906.0,0,0,1,0,1,0,0,0
9160,2026-02-02 11:21:00,4905.7,1,0,1,-1,1,0,0,0
9160,2026-02-02 11:21:00,4905.8,1,0,1,-1,1,0,0,0
9161,2026-02-02 11:23:00,4915.0,0,0,1,0,1,0,0,0
9162,2026-02-02 11:25:00,4906.0,0,0,1,0,1,0,0,0
9162,2026-02-02 11:25:00,4912.2,0,1,1,1,1,0,0,0
9162,2026-02-02 11:25:00,4912.5,0,1,1,1,1,0,0,0
9163,2026-02-02 11:29:00,4915.0,0,0,1,0,1,0,0,0
9164,2026-02-02 11:35:00,4916.0,0,0,2,0,2,0,0,0
9165,2026-02-02 11:46:00,4930.0,0,0,2,0,2,0,0,0
9166,2026-02-02 11:47:00,4935.0,0,0,2,0,1,0,0,0
9167,2026-02-02 11:49:00,4935.0,0,0,1,0,1,0,0,0
9168,2026-02-02 11:50:00,4929.0,0,0,2,0,2,0,0,0
9169,2026-02-02 11:51:00,4927.0,0,0,2,0,2,0,0,0
9169,2026-02-02 11:51:00,4933.0,0,0,2,0,2,0,0,0
9170,2026-02-02 11:52:00,4919.0,2,0,2,-2,1,0,0,0
9171,2026-02-02 11:53:00,4919.2,0,1,1,1,1,0,0,0
9171,2026-02-02 11:53:00,4919.3,0,1,1,1,1,0,0,0
9172,2026-02-02 12:00:00,4930.0,0,0,2,0,2,0,0,0
9173,2026-02-02 12:03:00,4915.0,0,0,1,0,1,0,0,0
9174,2026-02-02 12:10:00,4925.0,0,0,1,0,1,0,0,0
9175,2026-02-02 12:17:00,4925.2,0,0,3,0,2,0,0,0
9175,2026-02-02 12:17:00,4926.1,0,0,1,0,1,0,0,0
9176,2026-02-02 12:18:00,4927.0,2,0,2,-2,1,0,0,0
9176,2026-02-02 12:18:00,4928.0,0,0,2,0,2,0,0,0
9177,2026-02-02 12:19:00,4934.1,0,0,1,0,1,0,0,0
9178,2026-02-02 12:21:00,4932.6,0,0,1,0,1,0,0,0
9179,2026-02-02 12:30:00,4932.0,0,0,1,0,1,0,0,0
9180,2026-02-02 12:35:00,4928.0,0,0,2,0,1,0,0,0
9181,2026-02-02 12:38:00,4938.4,1,0,1,-1,1,0,0,0
9181,2026-02-02 12:38:00,4938.6,1,0,1,-1,1,0,0,0
9182,2026-02-02 12:39:00,4938.2,0,0,1,0,1,0,0,0
9183,2026-02-02 12:47:00,4960.0,0,0,2,0,2,0,0,0
9183,2026-02-02 12:47:00,4962.3,1,1,6,0,4,0,0,0
9184,2026-02-02 12:51:00,4942.4,1,0,1,-1,1,0,0,0
9184,2026-02-02 12:51:00,4943.7,0,0,1,0,1,0,0,0
9185,2026-02-02 12:56:00,4929.6,2,0,2,-2,1,0,0,0
9185,2026-02-02 12:56:00,4930.3,0,0,1,0,1,0,0,0
9186,2026-02-02 13:00:00,4904.6,0,0,1,0,1,0,0,0
9186,2026-02-02 13:00:00,4945.1,0,0,1,0,1,0,0,0
9186,2026-02-02 13:00:00,4950.7,0,0,1,0,1,0,0,0
9187,2026-02-02 13:02:00,4885.4,1,0,1,-1,1,0,0,0
9188,2026-02-02 13:03:00,4885.8,0,0,1,0,1,0,0,0
9188,2026-02-02 13:03:00,4891.0,1,0,1,-1,1,0,0,0
9188,2026-02-02 13:03:00,4891.8,1,0,1,-1,1,0,0,0
9189,2026-02-02 13:07:00,4918.6,0,0,1,0,1,0,0,0
9190,2026-02-02 13:08:00,4925.1,0,0,1,0,1,0,0,0
9191,2026-02-02 13:09:00,4935.8,0,0,1,0,1,0,0,0
9191,2026-02-02 13:09:00,4940.0,0,0,2,0,1,0,0,0
9191,2026-02-02 13:09:00,4944.8,0,1,1,1,1,0,0,0
9191,2026-02-02 13:09:00,4946.2,0,1,1,1,1,0,0,0
9192,2026-02-02 13:10:00,4948.2,2,0,2,-2,1,0,0,0
9193,2026-02-02 13:11:00,4950.0,0,0,2,0,1,0,0,0
9193,2026-02-02 13:11:00,4961.7,0,2,2,2,1,0,0,0
9194,2026-02-02 13:13:00,4941.1,0,0,1,0,1,0,0,0
9195,2026-02-02 13:14:00,4934.4,1,0,1,-1,1,0,0,0
9195,2026-02-02 13:14:00,4934.8,1,0,1,-1,1,0,0,0
9196,2026-02-02 13:16:00,4923.8,1,0,1,-1,1,0,0,0
9196,2026-02-02 13:16:00,4924.4,1,0,1,-1,1,0,0,0
9197,2026-02-02 13:17:00,4922.9,1,0,1,-1,1,0,0,0
9198,2026-02-02 13:18:00,4916.9,0,1,1,1,1,0,0,0
9199,2026-02-02 13:19:00,4903.9,1,0,1,-1,1,0,0,0
9199,2026-02-02 13:19:00,4905.1,1,0,1,-1,1,0,0,0
9200,2026-02-02 13:20:00,4891.7,0,0,1,0,1,0,0,0
9200,2026-02-02 13:20:00,4895.6,0,0,1,0,1,0,0,0
9200,2026-02-02 13:20:00,4896.1,0,0,1,0,1,0,0,0
9200,2026-02-02 13:20:00,4898.5,1,0,1,-1,1,0,0,0
9201,2026-02-02 13:21:00,4900.0,0,1,1,1,1,0,0,0
9202,2026-02-02 13:22:00,4903.0,0,0,1,0,1,0,0,0
9203,2026-02-02 13:23:00,4900.1,0,2,2,2,1,0,0,0
9204,2026-02-02 13:24:00,4897.3,0,0,2,0,2,0,0,0
9205,2026-02-02 13:26:00,4905.1,0,0,1,0,1,0,0,0
9206,2026-02-02 13:27:00,4903.0,0,0,1,0,1,0,0,0
9207,2026-02-02 13:28:00,4890.5,1,0,1,-1,1,0,0,0
9207,2026-02-02 13:28:00,4890.6,2,0,2,-2,1,0,0,0
9207,2026-02-02 13:28:00,4893.1,0,0,1,0,1,0,0,0
9207,2026-02-02 13:28:00,4893.9,0,0,1,0,1,0,0,0
9207,2026-02-02 13:28:00,4895.5,1,0,1,-1,1,0,0,0
9207,2026-02-02 13:28:00,4896.0,0,0,13,0,7,0,0,0
9208,2026-02-02 13:30:00,4890.5,0,0,1,0,1,0,0,0
9209,2026-02-02 13:31:00,4876.5,0,0,1,0,1,0,0,0
9209,2026-02-02 13:31:00,4878.0,0,0,7,0,2,0,0,0
9209,2026-02-02 13:31:00,4879.0,0,0,1,0,1,0,0,0
9210,2026-02-02 13:32:00,4867.4,2,0,2,-2,1,0,0,0
9210,2026-02-02 13:32:00,4868.3,0,0,1,0,1,0,0,0
9210,2026-02-02 13:32:00,4871.5,1,0,1,-1,1,0,0,0
9210,2026-02-02 13:32:00,4873.0,0,0,1,0,1,0,0,0
9210,2026-02-02 13:32:00,4878.4,1,0,1,-1,1,0,0,0
9211,2026-02-02 13:33:00,4859.8,0,0,1,0,1,0,0,0
9211,2026-02-02 13:33:00,4860.0,0,1,1,1,1,0,0,0
9212,2026-02-02 13:35:00,4858.5,0,0,1,0,1,0,0,0
9212,2026-02-02 13:35:00,4864.2,0,0,1,0,1,0,0,0
9213,2026-02-02 13:36:00,4848.8,0,0,1,0,1,0,0,0
9213,2026-02-02 13:36:00,4851.8,0,0,3,0,3,0,0,0
9213,2026-02-02 13:36:00,4854.5,0,0,1,0,1,0,0,0
9213,2026-02-02 13:36:00,4855.4,0,0,1,0,1,0,0,0
9214,2026-02-02 13:37:00,4846.3,1,0,1,-1,1,0,0,0
9214,2026-02-02 13:37:00,4846.4,1,0,1,-1,1,0,0,0
9214,2026-02-02 13:37:00,4851.7,0,0,1,0,1,0,0,0
9214,2026-02-02 13:37:00,4852.0,0,0,1,0,1,0,0,0
9215,2026-02-02 13:38:00,4842.6,0,0,1,0,1,0,0,0
9215,2026-02-02 13:38:00,4843.3,0,0,1,0,1,0,0,0
9215,2026-02-02 13:38:00,4845.1,0,0,1,0,1,0,0,0
9215,2026-02-02 13:38:00,4846.1,1,0,1,-1,1,0,0,0
9216,2026-02-02 13:40:00,4845.6,0,0,1,0,1,0,0,0
9217,2026-02-02 13:41:00,4833.7,0,0,1,0,1,0,0,0
9217,2026-02-02 13:41:00,4839.1,0,0,1,0,1,0,0,0
9218,2026-02-02 13:43:00,4833.3,0,0,1,0,1,0,0,0
9218,2026-02-02 13:43:00,4833.7,0,0,2,0,2,0,0,0
9219,2026-02-02 13:44:00,4839.0,0,0,1,0,1,0,0,0
9220,2026-02-02 13:45:00,4854.8,0,1,1,1,1,0,0,0
9220,2026-02-02 13:45:00,4855.6,0,1,1,1,1,0,0,0
9220,2026-02-02 13:45:00,4859.9,0,1,1,1,1,0,0,0
9220,2026-02-02 13:45:00,4860.1,0,1,1,1,1,0,0,0
9220,2026-02-02 13:45:00,4860.8,0,1,1,1,1,0,0,0
9221,2026-02-02 13:49:00,4852.1,0,0,1,0,1,0,0,0
9222,2026-02-02 13:53:00,4870.0,0,0,1,0,1,0,0,0
9223,2026-02-02 13:55:00,4873.2,0,0,1,0,1,0,0,0
9223,2026-02-02 13:55:00,4873.9,0,1,1,1,1,0,0,0
9223,2026-02-02 13:55:00,4874.1,0,1,1,1,1,0,0,0
9224,2026-02-02 13:56:00,4867.3,0,0,2,0,1,0,0,0
9225,2026-02-02 13:59:00,4854.5,0,0,1,0,1,0,0,0
9226,2026-02-02 14:04:00,4858.8,0,0,1,0,1,0,0,0
9226,2026-02-02 14:04:00,4859.7,0,0,2,0,2,0,0,0
9227,2026-02-02 14:05:00,4870.9,1,0,2,-1,2,0,0,0
9228,2026-02-02 14:06:00,4870.3,0,2,2,2,1,0,0,0
9229,2026-02-02 14:09:00,4874.2,0,0,1,0,1,0,0,0
9230,2026-02-02 14:12:00,4883.7,1,0,1,-1,1,0,0,0
9230,2026-02-02 14:12:00,4883.8,1,0,1,-1,1,0,0,0
9230,2026-02-02 14:12:00,4885.4,0,1,3,1,3,0,0,0
9230,2026-02-02 14:12:00,4885.5,0,1,1,1,1,0,0,0
9231,2026-02-02 14:13:00,4885.7,0,0,1,0,1,0,0,0
9232,2026-02-02 14:18:00,4876.6,0,0,1,0,1,0,0,0
9233,2026-02-02 14:19:00,4852.0,0,0,1,0,1,0,0,0
9234,2026-02-02 14:20:00,4844.1,0,0,1,0,1,0,0,0
9234,2026-02-02 14:20:00,4844.3,0,0,1,0,1,0,0,0
9234,2026-02-02 14:20:00,4844.8,2,0,2,-2,1,0,0,0
9234,2026-02-02 14:20:00,4844.9,2,0,2,-2,1,0,0,0
9235,2026-02-02 14:23:00,4842.8,0,0,1,0,1,0,0,0
9236,2026-02-02 14:27:00,4856.4,0,0,1,0,1,0,0,0
9236,2026-02-02 14:27:00,4867.5,0,1,1,1,1,0,0,0
9236,2026-02-02 14:27:00,4867.6,0,1,1,1,1,0,0,0
9237,2026-02-02 14:28:00,4880.2,0,0,1,0,1,0,0,0
9237,2026-02-02 14:28:00,4880.8,0,1,1,1,1,0,0,0
9238,2026-02-02 14:30:00,4877.8,0,0,1,0,1,0,0,0
9239,2026-02-02 14:31:00,4877.7,1,0,1,-1,1,0,0,0
9239,2026-02-02 14:31:00,4877.8,1,0,1,-1,1,0,0,0
9239,2026-02-02 14:31:00,4878.0,2,0,2,-2,1,0,0,0
9240,2026-02-02 14:32:00,4872.8,0,0,1,0,1,0,0,0
9241,2026-02-02 14:35:00,4920.0,0,0,2,0,2,0,0,0
9242,2026-02-02 14:36:00,4916.0,0,0,1,0,1,0,0,0
9243,2026-02-02 14:39:00,4945.5,0,0,1,0,1,0,0,0
9244,2026-02-02 14:41:00,4934.8,0,0,1,0,1,0,0,0
9245,2026-02-02 14:42:00,4925.0,0,0,1,0,1,0,0,0
9245,2026-02-02 14:42:00,4932.7,1,0,1,-1,1,0,0,0
9245,2026-02-02 14:42:00,4932.8,1,0,1,-1,1,0,0,0
9245,2026-02-02 14:42:00,4935.3,0,0,1,0,1,0,0,0
9246,2026-02-02 14:43:00,4918.8,2,0,2,-2,1,0,0,0
9246,2026-02-02 14:43:00,4919.4,1,0,1,-1,1,0,0,0
9246,2026-02-02 14:43:00,4920.9,2,0,2,-2,1,0,0,0
9247,2026-02-02 14:46:00,4903.9,0,0,1,0,1,0,0,0
9248,2026-02-02 14:50:00,4895.2,0,0,1,0,1,0,0,0
9249,2026-02-02 14:55:00,4874.5,0,0,1,0,1,0,0,0
9250,2026-02-02 15:00:00,4852.0,0,0,1,0,1,0,0,0
9250,2026-02-02 15:00:00,4860.2,0,0,1,0,1,0,0,0
9250,2026-02-02 15:00:00,4867.1,2,0,2,-2,1,0,0,0
9250,2026-02-02 15:00:00,4868.8,0,0,1,0,1,0,0,0
9251,2026-02-02 15:04:00,4885.0,0,0,1,0,1,0,0,0
9252,2026-02-02 15:05:00,4890.4,0,0,1,0,1,0,0,0
9252,2026-02-02 15:05:00,4892.8,0,0,1,0,1,0,0,0
9253,2026-02-02 15:10:00,4874.1,0,0,1,0,1,0,0,0
9254,2026-02-02 15:13:00,4852.0,0,0,1,0,1,0,0,0
9255,2026-02-02 15:14:00,4850.8,0,0,1,0,1,0,0,0
9256,2026-02-02 15:15:00,4872.0,0,0,1,0,1,0,0,0
9257,2026-02-02 15:16:00,4877.4,1,0,1,-1,1,0,0,0
9257,2026-02-02 15:16:00,4877.6,1,0,1,-1,1,0,0,0
9258,2026-02-02 15:18:00,4855.2,0,0,1,0,1,0,0,0
9259,2026-02-02 15:20:00,4852.0,0,0,1,0,1,0,0,0
9259,2026-02-02 15:20:00,4853.2,0,0,2,0,2,0,0,0
9260,2026-02-02 15:24:00,4853.3,0,0,1,0,1,0,0,0
9261,2026-02-02 15:26:00,4865.0,0,0,1,0,1,0,0,0
9261,2026-02-02 15:26:00,4868.6,2,0,2,-2,1,0,0,0
9261,2026-02-02 15:26:00,4868.8,1,0,1,-1,1,0,0,0
9261,2026-02-02 15:26:00,4869.1,1,0,1,-1,1,0,0,0
9262,2026-02-02 15:27:00,4865.0,0,0,2,0,1,0,0,0
9263,2026-02-02 15:28:00,4833.0,0,0,1,0,1,0,0,0
9263,2026-02-02 15:28:00,4838.0,0,0,1,0,1,0,0,0
9263,2026-02-02 15:28:00,4841.1,0,0,1,0,1,0,0,0
9264,2026-02-02 15:32:00,4800.1,0,0,1,0,1,0,0,0
9265,2026-02-02 15:33:00,4816.4,0,0,1,0,1,0,0,0
9266,2026-02-02 15:38:00,4830.9,0,0,1,0,1,0,0,0
9267,2026-02-02 15:42:00,4846.2,0,0,1,0,1,0,0,0
9267,2026-02-02 15:42:00,4847.8,0,0,1,0,1,0,0,0
9268,2026-02-02 15:47:00,4807.6,1,0,1,-1,1,0,0,0
9268,2026-02-02 15:47:00,4809.4,0,0,1,0,1,0,0,0
9268,2026-02-02 15:47:00,4816.0,0,0,1,0,1,0,0,0
9269,2026-02-02 15:49:00,4804.9,2,0,2,-2,1,0,0,0
9269,2026-02-02 15:49:00,4810.9,0,0,1,0,1,0,0,0
9269,2026-02-02 15:49:00,4813.7,0,0,1,0,1,0,0,0
9270,2026-02-02 15:50:00,4800.0,0,0,1,0,1,0,0,0
9270,2026-02-02 15:50:00,4804.3,0,0,1,0,1,0,0,0
9271,2026-02-02 15:51:00,4813.4,0,0,1,0,1,0,0,0
9272,2026-02-02 15:53:00,4783.9,0,0,1,0,1,0,0,0
9272,2026-02-02 15:53:00,4786.5,0,1,1,1,1,0,0,0
9273,2026-02-02 15:55:00,4790.3,0,0,1,0,1,0,0,0
9273,2026-02-02 15:55:00,4793.8,2,0,2,-2,1,0,0,0
9273,2026-02-02 15:55:00,4794.0,0,0,1,0,1,0,0,0
9273,2026-02-02 15:55:00,4794.1,0,0,1,0,1,0,0,0
9274,2026-02-02 15:56:00,4783.9,0,0,1,0,1,0,0,0
9274,2026-02-02 15:56:00,4787.3,0,0,1,0,1,0,0,0
9274,2026-02-02 15:56:00,4794.3,0,0,1,0,1,0,0,0
9275,2026-02-02 15:58:00,4777.0,0,0,1,0,1,0,0,0
9276,2026-02-02 15:59:00,4769.9,0,0,1,0,1,0,0,0
9276,2026-02-02 15:59:00,4770.0,0,0,1,0,1,0,0,0
9277,2026-02-02 16:00:00,4765.9,0,0,1,0,1,0,0,0
9277,2026-02-02 16:00:00,4770.2,1,0,1,-1,1,0,0,0
9277,2026-02-02 16:00:00,4770.4,1,0,1,-1,1,0,0,0
9278,2026-02-02 16:01:00,4755.0,0,0,1,0,1,0,0,0
9278,2026-02-02 16:01:00,4757.4,0,0,1,0,1,0,0,0
9279,2026-02-02 16:02:00,4762.8,2,0,2,-2,1,0,0,0
9279,2026-02-02 16:02:00,4764.4,0,0,1,0,1,0,0,0
9280,2026-02-02 16:04:00,4795.1,0,0,1,0,1,0,0,0
9281,2026-02-02 16:05:00,4795.0,1,0,1,-1,1,0,0,0
9281,2026-02-02 16:05:00,4797.4,0,0,1,0,1,0,0,0
9281,2026-02-02 16:05:00,4798.4,0,0,1,0,1,0,0,0
9282,2026-02-02 16:07:00,4817.8,0,0,1,0,1,0,0,0
9283,2026-02-02 16:08:00,4823.1,0,0,1,0,1,0,0,0
9284,2026-02-02 16:10:00,4823.1,0,0,1,0,1,0,0,0
9284,2026-02-02 16:10:00,4823.2,0,0,1,0,1,0,0,0
9285,2026-02-02 16:13:00,4842.3,0,0,1,0,1,0,0,0
9286,2026-02-02 16:14:00,4850.0,0,0,1,0,1,0,0,0
9287,2026-02-02 16:15:00,4843.6,0,0,1,0,1,0,0,0
9288,2026-02-02 16:19:00,4841.2,0,0,1,0,1,0,0,0
9289,2026-02-02 16:20:00,4838.8,0,0,1,0,1,0,0,0
9290,2026-02-02 16:24:00,4845.8,0,0,1,0,1,0,0,0
9291,2026-02-02 16:28:00,4818.3,0,0,1,0,1,0,0,0
9291,2026-02-02 16:28:00,4819.6,0,0,1,0,1,0,0,0
9292,2026-02-02 16:34:00,4801.8,0,0,1,0,1,0,0,0
9293,2026-02-02 16:35:00,4808.9,0,0,2,0,1,0,0,0
9294,2026-02-02 16:38:00,4824.2,0,0,1,0,1,0,0,0
9295,2026-02-02 16:39:00,4814.7,0,0,1,0,1,0,0,0
9296,2026-02-02 16:41:00,4833.0,0,0,1,0,1,0,0,0
9297,2026-02-02 16:43:00,4837.2,0,0,1,0,1,0,0,0
9298,2026-02-02 16:48:00,4813.4,0,0,1,0,1,0,0,0
9299,2026-02-02 16:51:00,4802.7,1,0,1,-1,1,0,0,0
9300,2026-02-02 16:52:00,4809.0,0,0,1,0,1,0,0,0
9301,2026-02-02 16:58:00,4816.7,1,0,1,-1,1,0,0,0
9302,2026-02-02 17:06:00,4850.0,0,0,1,0,1,0,0,0
9303,2026-02-02 17:39:00,4816.1,0,0,1,0,1,0,0,0
9304,2026-02-02 17:41:00,4826.0,0,0,1,0,1,0,0,0
9305,2026-02-02 17:43:00,4816.1,0,0,1,0,1,0,0,0
9306,2026-02-02 17:49:00,4825.0,0,0,1,0,1,0,0,0
9307,2026-02-02 17:53:00,4832.9,0,1,1,1,1,0,0,0
9308,2026-02-02 18:14:00,4790.0,0,0,1,0,1,0,0,0
9309,2026-02-02 18:27:00,4787.0,0,0,2,0,1,0,0,0
9310,2026-02-02 18:28:00,4779.2,0,0,2,0,1,0,0,0
9311,2026-02-02 18:29:00,4777.8,0,0,1,0,1,0,0,0
9311,2026-02-02 18:29:00,4779.0,0,0,1,0,1,0,0,0
9311,2026-02-02 18:29:00,4780.2,0,0,2,0,2,0,0,0
9311,2026-02-02 18:29:00,4780.6,0,1,1,1,1,0,0,0
9311,2026-02-02 18:29:00,4782.2,0,1,1,1,1,0,0,0
9311,2026-02-02 18:29:00,4784.5,0,1,1,1,1,0,0,0
9312,2026-02-02 18:30:00,4796.2,0,1,1,1,1,0,0,0
9312,2026-02-02 18:30:00,4796.3,0,1,1,1,1,0,0,0
9313,2026-02-02 18:42:00,4819.1,1,0,1,-1,1,0,0,0
9314,2026-02-02 18:54:00,4801.0,0,0,1,0,1,0,0,0
9315,2026-02-02 19:14:00,4797.5,0,0,1,0,1,0,0,0
9316,2026-02-02 19:28:00,4793.0,1,1,9,0,6,0,0,0
9316,2026-02-02 19:28:00,4793.4,1,0,1,-1,1,0,0,0
9316,2026-02-02 19:28:00,4793.5,1,0,1,-1,1,0,0,0
9316,2026-02-02 19:28:00,4793.7,1,0,1,-1,1,0,0,0
9316,2026-02-02 19:28:00,4793.8,2,0,2,-2,1,0,0,0
9316,2026-02-02 19:28:00,4794.0,1,0,1,-1,1,0,0,0
9317,2026-02-02 19:42:00,4840.0,0,0,1,0,1,0,0,0
9318,2026-02-02 19:53:00,4843.7,0,1,1,1,1,0,0,0
9318,2026-02-02 19:53:00,4843.8,0,1,1,1,1,0,0,0
9318,2026-02-02 19:53:00,4847.7,0,2,2,2,1,0,0,0
9319,2026-02-02 20:03:00,4830.9,0,0,1,0,1,0,0,0
9320,2026-02-02 20:04:00,4830.9,0,0,1,0,1,0,0,0
9321,2026-02-02 20:23:00,4805.0,0,0,1,0,1,0,0,0
9322,2026-02-02 20:47:00,4824.0,0,1,1,1,1,0,0,0
9323,2026-02-02 20:59:00,4806.1,2,0,2,-2,1,0,0,0
9323,2026-02-02 20:59:00,4806.5,1,0,1,-1,1,0,0,0
9323,2026-02-02 20:59:00,4808.5,1,0,1,-1,1,0,0,0
9323,2026-02-02 20:59:00,4808.6,1,0,1,-1,1,0,0,0
9324,2026-02-02 23:00:00,4840.0,0,0,1,0,1,0,0,0
9325,2026-02-02 23:23:00,4905.6,0,1,1,1,1,0,0,0
9326,2026-02-02 23:27:00,4902.5,0,1,1,1,1,0,0,0
9327,2026-02-02 23:29:00,4894.0,0,1,1,1,1,0,0,0
9328,2026-02-02 23:30:00,4892.9,0,1,1,1,1,0,0,0
9329,2026-02-02 23:31:00,4881.2,1,0,1,-1,1,0,0,0
9329,2026-02-02 23:31:00,4881.5,1,0,1,-1,1,0,0,0
9330,2026-02-02 23:52:00,4915.0,0,0,2,0,2,0,0,0
9330,2026-02-02 23:52:00,4919.1,0,0,1,0,1,0,0,0
9331,2026-02-02 23:53:00,4924.1,0,0,1,0,1,0,0,0
9332,2026-02-02 23:54:00,4920.9,0,0,1,0,1,0,0,0
9333,2026-02-02 23:55:00,4922.0,0,0,2,0,2,0,0,0
9334,2026-02-02 23:56:00,4924.1,0,0,1,0,1,0,0,0
9335,2026-02-02 23:57:00,4923.6,0,0,1,0,1,0,0,0
9336,2026-02-03 00:00:00,4937.7,0,0,1,0,1,0,0,0
9337,2026-02-03 00:01:00,4933.5,0,0,1,0,1,0,0,0
9337,2026-02-03 00:01:00,4935.0,0,0,2,0,1,0,0,0
9338,2026-02-03 00:03:00,4943.1,0,0,1,0,1,0,0,0
9339,2026-02-03 00:04:00,4950.0,0,0,7,0,6,0,0,0
9340,2026-02-03 00:05:00,4935.4,1,0,1,-1,1,0,0,0
9340,2026-02-03 00:05:00,4935.7,1,0,1,-1,1,0,0,0
9341,2026-02-03 00:07:00,4929.7,1,0,1,-1,1,0,0,0
9342,2026-02-03 00:10:00,4929.7,0,0,2,0,1,0,0,0
9343,2026-02-03 00:16:00,4955.0,0,0,2,0,2,0,0,0
9344,2026-02-03 00:20:00,4962.0,0,0,2,0,1,0,0,0
9344,2026-02-03 00:20:00,4963.5,0,0,1,0,1,0,0,0
9345,2026-02-03 00:26:00,4982.0,0,0,2,0,1,0,0,0
9346,2026-02-03 00:28:00,4975.0,0,0,2,0,2,0,0,0
9347,2026-02-03 00:33:00,4981.7,0,1,1,1,1,0,0,0
9348,2026-02-03 01:00:00,4950.0,0,0,1,0,1,0,0,0
9349,2026-02-03 01:03:00,4964.9,0,1,1,1,1,0,0,0
9350,2026-02-03 01:15:00,5001.8,0,0,1,0,1,0,0,0
9350,2026-02-03 01:15:00,5003.5,0,1,1,1,1,0,0,0
9351,2026-02-03 01:20:00,4994.7,0,1,1,1,1,0,0,0
9352,2026-02-03 01:24:00,5005.8,0,0,1,0,1,0,0,0
9353,2026-02-03 01:31:00,5006.6,0,1,1,1,1,0,0,0
9354,2026-02-03 01:35:00,5006.3,0,1,1,1,1,0,0,0
9355,2026-02-03 01:37:00,4995.3,1,0,1,-1,1,0,0,0
9356,2026-02-03 02:01:00,4986.1,0,0,1,0,1,0,0,0
9356,2026-02-03 02:01:00,4986.5,0,0,1,0,1,0,0,0
9356,2026-02-03 02:01:00,4987.6,0,0,1,0,1,0,0,0
9356,2026-02-03 02:01:00,4988.0,1,0,1,-1,1,0,0,0
9356,2026-02-03 02:01:00,4988.7,1,0,1,-1,1,0,0,0
9356,2026-02-03 02:01:00,4989.3,1,0,1,-1,1,0,0,0
9356,2026-02-03 02:01:00,4989.5,1,0,1,-1,1,0,0,0
9357,2026-02-03 02:02:00,4984.5,2,0,2,-2,1,0,0,0
9357,2026-02-03 02:02:00,4985.3,0,2,2,2,1,0,0,0
9358,2026-02-03 02:03:00,4977.2,0,1,1,1,1,0,0,0
9358,2026-02-03 02:03:00,4979.0,0,1,1,1,1,0,0,0
9358,2026-02-03 02:03:00,4985.5,0,0,1,0,1,0,0,0
9359,2026-02-03 02:09:00,4966.0,0,0,1,0,1,0,0,0
9360,2026-02-03 02:13:00,4950.0,0,0,2,0,1,0,0,0
9361,2026-02-03 02:14:00,4950.8,0,0,1,0,1,0,0,0
9362,2026-02-03 02:16:00,4939.6,1,0,1,-1,1,0,0,0
9362,2026-02-03 02:16:00,4939.9,0,0,1,0,1,0,0,0
9363,2026-02-03 02:17:00,4942.9,2,0,2,-2,2,0,0,0
9363,2026-02-03 02:17:00,4944.8,1,0,1,-1,1,0,0,0
9363,2026-02-03 02:17:00,4945.1,1,0,1,-1,1,0,0,0
9363,2026-02-03 02:17:00,4945.5,1,0,1,-1,1,0,0,0
9363,2026-02-03 02:17:00,4946.7,0,0,1,0,1,0,0,0
9364,2026-02-03 02:18:00,4934.2,1,0,1,-1,1,0,0,0
9364,2026-02-03 02:18:00,4936.9,1,0,1,-1,1,0,0,0
9364,2026-02-03 02:18:00,4937.6,1,0,1,-1,1,0,0,0
9364,2026-02-03 02:18:00,4939.3,0,0,1,0,1,0,0,0
9365,2026-02-03 02:19:00,4939.8,0,1,1,1,1,0,0,0
9366,2026-02-03 02:20:00,4939.7,1,0,1,-1,1,0,0,0
9366,2026-02-03 02:20:00,4942.3,1,0,1,-1,1,0,0,0
9367,2026-02-03 02:23:00,4934.5,1,0,1,-1,1,0,0,0
9367,2026-02-03 02:23:00,4937.8,0,0,1,0,1,0,0,0
9367,2026-02-03 02:23:00,4938.4,0,0,1,0,1,0,0,0
9368,2026-02-03 02:25:00,4931.1,0,0,1,0,1,0,0,0
9368,2026-02-03 02:25:00,4932.3,0,0,1,0,1,0,0,0
9368,2026-02-03 02:25:00,4936.2,0,0,2,0,2,0,0,0
9369,2026-02-03 02:29:00,4927.0,0,0,1,0,1,0,0,0
9369,2026-02-03 02:29:00,4927.4,0,0,1,0,1,0,0,0
9369,2026-02-03 02:29:00,4929.9,1,0,1,-1,1,0,0,0
9370,2026-02-03 02:30:00,4916.0,1,0,1,-1,1,0,0,0
9370,2026-02-03 02:30:00,4929.7,0,0,1,0,1,0,0,0
9371,2026-02-03 02:37:00,4928.3,0,1,1,1,1,0,0,0
9371,2026-02-03 02:37:00,4928.4,0,1,1,1,1,0,0,0
9372,2026-02-03 02:38:00,4923.4,1,0,1,-1,1,0,0,0
9372,2026-02-03 02:38:00,4924.8,0,0,1,0,1,0,0,0
9373,2026-02-03 02:40:00,4934.6,0,1,1,1,1,0,0,0
9373,2026-02-03 02:40:00,4934.8,0,2,2,2,1,0,0,0
9373,2026-02-03 02:40:00,4934.9,0,1,1,1,1,0,0,0
9373,2026-02-03 02:40:00,4935.0,0,1,1,1,1,0,0,0
9373,2026-02-03 02:40:00,4935.1,0,2,2,2,1,0,0,0
9373,2026-02-03 02:40:00,4935.2,0,2,2,2,1,0,0,0
9373,2026-02-03 02:40:00,4935.3,0,1,1,1,1,0,0,0
9373,2026-02-03 02:40:00,4937.3,0,1,1,1,1,0,0,0
9373,2026-02-03 02:40:00,4937.4,0,1,1,1,1,0,0,0
9373,2026-02-03 02:40:00,4937.8,0,1,1,1,1,0,0,0
9373,2026-02-03 02:40:00,4938.4,0,2,2,2,1,0,0,0
9374,2026-02-03 02:43:00,4921.7,1,0,1,-1,1,0,0,0
9375,2026-02-03 02:44:00,4917.6,1,0,1,-1,1,0,0,0
9375,2026-02-03 02:44:00,4918.0,0,0,1,0,1,0,0,0
9376,2026-02-03 02:47:00,4900.0,0,0,1,0,1,0,0,0
9377,2026-02-03 02:54:00,4925.8,0,1,1,1,1,0,0,0
9378,2026-02-03 02:58:00,4925.0,0,1,1,1,1,0,0,0
9379,2026-02-03 03:03:00,4936.2,0,1,1,1,1,0,0,0
9380,2026-02-03 03:10:00,4921.6,1,0,1,-1,1,0,0,0
9381,2026-02-03 03:16:00,4923.6,0,1,1,1,1,0,0,0
9382,2026-02-03 03:17:00,4914.9,0,0,1,0,1,0,0,0
9383,2026-02-03 03:26:00,4908.8,1,0,1,-1,1,0,0,0
9383,2026-02-03 03:26:00,4909.2,1,0,1,-1,1,0,0,0
9384,2026-02-03 03:34:00,4938.0,0,0,1,0,1,0,0,0
9385,2026-02-03 03:37:00,4950.0,0,0,1,0,1,0,0,0
9386,2026-02-03 03:39:00,4957.6,1,0,1,-1,1,0,0,0
9387,2026-02-03 03:41:00,4957.9,0,1,1,1,1,0,0,0
9388,2026-02-03 03:42:00,4965.0,0,0,1,0,1,0,0,0
9389,2026-02-03 03:44:00,4964.0,0,0,1,0,1,0,0,0
9390,2026-02-03 03:51:00,4952.8,1,0,1,-1,1,0,0,0
9391,2026-02-03 04:02:00,4971.0,0,0,1,0,1,0,0,0
9392,2026-02-03 04:06:00,4975.0,0,0,2,0,2,0,0,0
9393,2026-02-03 04:10:00,4971.8,0,0,1,0,1,0,0,0
9394,2026-02-03 04:24:00,4961.8,1,0,1,-1,1,0,0,0
9395,2026-02-03 04:38:00,4980.0,0,0,1,0,1,0,0,0
9396,2026-02-03 04:49:00,4976.9,0,0,1,0,1,0,0,0
9397,2026-02-03 04:50:00,4976.9,0,0,1,0,1,0,0,0
9398,2026-02-03 04:56:00,4970.0,2,0,2,-2,2,0,0,0
9399,2026-02-03 04:57:00,4971.4,0,1,1,1,1,0,0,0
9399,2026-02-03 04:57:00,4971.7,0,0,1,0,1,0,0,0
9400,2026-02-03 05:20:00,4976.1,0,0,1,0,1,0,0,0
9401,2026-02-03 05:24:00,4985.3,0,1,1,1,1,0,0,0
9402,2026-02-03 05:30:00,4981.9,0,1,1,1,1,0,0,0
9403,2026-02-03 05:36:00,4975.7,1,0,1,-1,1,0,0,0
9403,2026-02-03 05:36:00,4978.3,1,0,1,-1,1,0,0,0
9403,2026-02-03 05:36:00,4978.4,1,0,1,-1,1,0,0,0
9404,2026-02-03 05:37:00,4972.8,1,0,1,-1,1,0,0,0
9404,2026-02-03 05:37:00,4977.4,0,0,1,0,1,0,0,0
9404,2026-02-03 05:37:00,4978.1,0,0,1,0,1,0,0,0
9405,2026-02-03 05:40:00,4984.5,1,0,1,-1,1,0,0,0
9406,2026-02-03 05:46:00,4970.0,0,0,2,0,1,0,0,0
9407,2026-02-03 06:08:00,4981.1,0,1,1,1,1,0,0,0
9408,2026-02-03 06:13:00,4995.5,0,0,2,0,2,0,0,0
9408,2026-02-03 06:13:00,4996.5,0,0,2,0,2,0,0,0
9409,2026-02-03 06:14:00,4999.0,0,0,4,0,2,0,0,0
9410,2026-02-03 06:16:00,5005.0,0,0,2,0,2,0,0,0
9411,2026-02-03 06:24:00,5015.4,1,0,2,-1,2,0,0,0
9412,2026-02-03 06:25:00,5017.5,0,0,2,0,2,0,0,0
9413,2026-02-03 06:29:00,5028.2,0,0,1,0,1,0,0,0
9414,2026-02-03 06:32:00,5026.1,0,0,1,0,1,0,0,0
9415,2026-02-03 06:36:00,5025.1,1,0,1,-1,1,0,0,0
9415,2026-02-03 06:36:00,5027.0,0,0,1,0,1,0,0,0
9416,2026-02-03 06:38:00,5028.1,0,0,1,0,1,0,0,0
9417,2026-02-03 06:39:00,5026.9,0,1,1,1,1,0,0,0
9418,2026-02-03 06:43:00,5043.4,1,0,1,-1,1,0,0,0
9418,2026-02-03 06:43:00,5046.5,0,0,1,0,1,0,0,0
9418,2026-02-03 06:43:00,5049.1,0,0,1,0,1,0,0,0
9419,2026-02-03 06:47:00,5041.0,1,0,1,-1,1,0,0,0
9420,2026-02-03 06:50:00,5022.1,0,0,1,0,1,0,0,0
9420,2026-02-03 06:50:00,5022.2,0,0,1,0,1,0,0,0
9420,2026-02-03 06:50:00,5023.1,0,0,1,0,1,0,0,0
9420,2026-02-03 06:50:00,5023.2,1,0,1,-1,1,0,0,0
9420,2026-02-03 06:50:00,5024.0,0,0,1,0,1,0,0,0
9420,2026-02-03 06:50:00,5024.1,0,0,1,0,1,0,0,0
9420,2026-02-03 06:50:00,5025.1,0,0,1,0,1,0,0,0
9420,2026-02-03 06:50:00,5026.1,0,0,1,0,1,0,0,0
9421,2026-02-03 07:16:00,5040.1,1,0,1,-1,1,0,0,0
9421,2026-02-03 07:16:00,5040.9,0,1,1,1,1,0,0,0
9422,2026-02-03 07:31:00,5065.0,0,1,2,1,2,0,0,0
9423,2026-02-03 07:32:00,5066.8,1,0,1,-1,1,0,0,0
9424,2026-02-03 07:33:00,5073.7,1,0,1,-1,1,0,0,0
9424,2026-02-03 07:33:00,5075.0,1,0,1,-1,1,0,0,0
9425,2026-02-03 07:39:00,5081.5,1,1,2,0,2,0,0,0
9425,2026-02-03 07:39:00,5081.6,0,1,1,1,1,0,0,0
9425,2026-02-03 07:39:00,5088.7,0,2,2,2,1,0,0,0
9426,2026-02-03 07:40:00,5087.4,1,0,1,-1,1,0,0,0
9426,2026-02-03 07:40:00,5088.0,0,0,2,0,1,0,0,0
9427,2026-02-03 07:41:00,5079.2,0,0,1,0,1,0,0,0
9427,2026-02-03 07:41:00,5080.7,1,0,1,-1,1,0,0,0
9427,2026-02-03 07:41:00,5081.0,0,0,1,0,1,0,0,0
9428,2026-02-03 07:52:00,5071.7,1,0,1,-1,1,0,0,0
9428,2026-02-03 07:52:00,5071.9,1,0,1,-1,1,0,0,0
9428,2026-02-03 07:52:00,5072.0,1,0,1,-1,1,0,0,0
9429,2026-02-03 08:03:00,5071.8,0,1,1,1,1,0,0,0
9429,2026-02-03 08:03:00,5072.3,0,0,1,0,1,0,0,0
9429,2026-02-03 08:03:00,5073.1,0,1,1,1,1,0,0,0
9430,2026-02-03 08:07:00,5067.2,0,0,1,0,1,0,0,0
9431,2026-02-03 08:16:00,5094.6,0,1,1,1,1,0,0,0
9431,2026-02-03 08:16:00,5095.1,0,1,1,1,1,0,0,0
9432,2026-02-03 08:19:00,5099.7,2,0,4,-2,2,0,0,0
9432,2026-02-03 08:19:00,5099.8,1,0,1,-1,1,0,0,0
9433,2026-02-03 08:21:00,5091.0,0,0,1,0,1,0,0,0
9434,2026-02-03 08:24:00,5095.0,0,0,2,0,2,0,0,0
9435,2026-02-03 08:32:00,5090.6,1,0,1,-1,1,0,0,0
9435,2026-02-03 08:32:00,5092.0,0,0,2,0,2,0,0,0
9436,2026-02-03 08:33:00,5095.0,0,0,2,0,2,0,0,0
9437,2026-02-03 08:36:00,5099.0,0,0,2,0,1,0,0,0
9438,2026-02-03 08:38:00,5094.6,0,0,1,0,1,0,0,0
9439,2026-02-03 08:40:00,5099.7,0,1,1,1,1,0,0,0
9440,2026-02-03 08:42:00,5106.9,0,0,1,0,1,0,0,0
9440,2026-02-03 08:42:00,5110.0,0,0,2,0,1,0,0,0
9441,2026-02-03 08:44:00,5096.2,1,0,1,-1,1,0,0,0
9441,2026-02-03 08:44:00,5099.3,0,1,1,1,1,0,0,0
9442,2026-02-03 08:46:00,5094.6,0,1,1,1,1,0,0,0
9443,2026-02-03 08:49:00,5090.2,1,0,1,-1,1,0,0,0
9444,2026-02-03 08:57:00,5083.1,1,0,1,-1,1,0,0,0
9444,2026-02-03 08:57:00,5083.6,1,0,1,-1,1,0,0,0
9445,2026-02-03 08:58:00,5077.7,1,0,1,-1,1,0,0,0
9446,2026-02-03 09:09:00,5080.2,1,0,1,-1,1,0,0,0
9447,2026-02-03 09:10:00,5070.5,0,0,1,0,1,0,0,0
9448,2026-02-03 09:18:00,5070.0,0,0,2,0,1,0,0,0
9448,2026-02-03 09:18:00,5071.0,1,1,4,0,3,0,0,0
9448,2026-02-03 09:18:00,5071.2,2,0,2,-2,1,0,0,0
9448,2026-02-03 09:18:00,5071.3,1,0,1,-1,1,0,0,0
9448,2026-02-03 09:18:00,5071.4,1,0,1,-1,1,0,0,0
9449,2026-02-03 09:19:00,5065.0,0,2,6,2,5,0,0,0
9449,2026-02-03 09:19:00,5065.2,2,0,2,-2,1,0,0,0
9449,2026-02-03 09:19:00,5065.7,1,0,1,-1,1,0,0,0
9449,2026-02-03 09:19:00,5065.8,2,0,2,-2,1,0,0,0
9449,2026-02-03 09:19:00,5065.9,1,0,1,-1,1,0,0,0
9449,2026-02-03 09:19:00,5066.0,1,0,1,-1,1,0,0,0
9449,2026-02-03 09:19:00,5066.1,1,0,1,-1,1,0,0,0
9449,2026-02-03 09:19:00,5066.2,2,0,2,-2,1,0,0,0
9449,2026-02-03 09:19:00,5066.3,1,0,1,-1,1,0,0,0
9449,2026-02-03 09:19:00,5066.4,1,0,1,-1,1,0,0,0
9449,2026-02-03 09:19:00,5066.5,1,0,1,-1,1,0,0,0
9449,2026-02-03 09:19:00,5066.6,1,0,1,-1,1,0,0,0
9450,2026-02-03 09:24:00,5062.3,0,0,1,0,1,0,0,0
9451,2026-02-03 09:26:00,5057.0,1,0,1,-1,1,0,0,0
9451,2026-02-03 09:26:00,5057.1,1,0,1,-1,1,0,0,0
9452,2026-02-03 09:27:00,5054.6,0,0,1,0,1,0,0,0
9453,2026-02-03 09:28:00,5052.0,1,1,7,0,5,0,0,0
9453,2026-02-03 09:28:00,5052.1,0,0,1,0,1,0,0,0
9453,2026-02-03 09:28:00,5052.2,1,0,1,-1,1,0,0,0
9453,2026-02-03 09:28:00,5052.7,2,0,2,-2,2,0,0,0
9453,2026-02-03 09:28:00,5053.1,1,0,1,-1,1,0,0,0
9453,2026-02-03 09:28:00,5053.3,1,0,1,-1,1,0,0,0
9453,2026-02-03 09:28:00,5053.7,1,0,1,-1,1,0,0,0
9453,2026-02-03 09:28:00,5053.8,2,0,2,-2,1,0,0,0
9453,2026-02-03 09:28:00,5054.0,2,0,3,-2,2,0,0,0
9453,2026-02-03 09:28:00,5054.3,3,0,3,-3,1,0,0,0
9453,2026-02-03 09:28:00,5054.4,1,0,1,-1,1,0,0,0
9453,2026-02-03 09:28:00,5054.6,1,0,1,-1,1,0,0,0
9454,2026-02-03 09:29:00,5049.3,0,1,1,1,1,0,0,0
9454,2026-02-03 09:29:00,5050.5,0,0,1,0,1,0,0,0
9455,2026-02-03 09:30:00,5042.1,0,0,1,0,1,0,0,0
9455,2026-02-03 09:30:00,5046.7,1,0,1,-1,1,0,0,0
9455,2026-02-03 09:30:00,5047.1,1,0,1,-1,1,0,0,0
9455,2026-02-03 09:30:00,5047.4,0,0,1,0,1,0,0,0
9456,2026-02-03 09:31:00,5047.7,1,0,1,-1,1,0,0,0
9457,2026-02-03 09:34:00,5054.8,0,0,2,0,2,0,0,0
9458,2026-02-03 09:41:00,5069.7,0,0,1,0,1,0,0,0
9458,2026-02-03 09:41:00,5070.8,2,0,2,-2,1,0,0,0
9459,2026-02-03 09:44:00,5079.8,0,0,1,0,1,0,0,0
9460,2026-02-03 09:47:00,5081.4,0,1,1,1,1,0,0,0
9461,2026-02-03 09:52:00,5080.0,0,0,1,0,1,0,0,0
9462,2026-02-03 09:59:00,5071.0,2,0,2,-2,1,0,0,0
9462,2026-02-03 09:59:00,5071.1,3,0,3,-3,1,0,0,0
9462,2026-02-03 09:59:00,5071.4,1,0,1,-1,1,0,0,0
9462,2026-02-03 09:59:00,5071.6,2,0,2,-2,1,0,0,0
9462,2026-02-03 09:59:00,5071.8,2,0,2,-2,1,0,0,0
9462,2026-02-03 09:59:00,5072.0,0,0,1,0,1,0,0,0
9462,2026-02-03 09:59:00,5072.1,0,0,1,0,1,0,0,0
9462,2026-02-03 09:59:00,5073.3,0,0,1,0,1,0,0,0
9462,2026-02-03 09:59:00,5073.4,0,1,1,1,1,0,0,0
9463,2026-02-03 10:02:00,5073.7,0,1,1,1,1,0,0,0
9464,2026-02-03 10:04:00,5075.3,0,0,1,0,1,0,0,0
9465,2026-02-03 10:06:00,5075.8,0,1,1,1,1,0,0,0
9466,2026-02-03 10:14:00,5080.8,0,1,1,1,1,0,0,0
9466,2026-02-03 10:14:00,5080.9,0,1,2,1,2,0,0,0
9467,2026-02-03 10:17:00,5075.0,0,0,2,0,2,0,0,0
9468,2026-02-03 10:32:00,5077.8,0,0,1,0,1,0,0,0
9468,2026-02-03 10:32:00,5078.3,0,1,1,1,1,0,0,0
9468,2026-02-03 10:32:00,5078.4,0,1,1,1,1,0,0,0
9469,2026-02-03 10:47:00,5076.4,0,1,1,1,1,0,0,0
9470,2026-02-03 10:56:00,5070.8,1,0,1,-1,1,0,0,0
9471,2026-02-03 11:04:00,5057.8,0,1,1,1,1,0,0,0
9472,2026-02-03 11:16:00,5063.1,0,0,1,0,1,0,0,0
9473,2026-02-03 11:18:00,5056.7,2,0,2,-2,1,0,0,0
9473,2026-02-03 11:18:00,5056.9,2,0,2,-2,1,0,0,0
9473,2026-02-03 11:18:00,5057.0,2,0,2,-2,1,0,0,0
9473,2026-02-03 11:18:00,5057.1,1,0,1,-1,1,0,0,0
9473,2026-02-03 11:18:00,5057.4,1,0,1,-1,1,0,0,0
9473,2026-02-03 11:18:00,5057.5,1,0,1,-1,1,0,0,0
9473,2026-02-03 11:18:00,5057.6,3,0,3,-3,1,0,0,0
9473,2026-02-03 11:18:00,5057.8,2,0,2,-2,1,0,0,0
9473,2026-02-03 11:18:00,5057.9,1,0,1,-1,1,0,0,0
9474,2026-02-03 11:19:00,5056.1,0,0,1,0,1,0,0,0
9474,2026-02-03 11:19:00,5056.9,0,0,1,0,1,0,0,0
9474,2026-02-03 11:19:00,5057.0,0,0,1,0,1,0,0,0
9474,2026-02-03 11:19:00,5057.5,0,0,1,0,1,0,0,0
9475,2026-02-03 11:22:00,5051.0,0,0,1,0,1,0,0,0
9476,2026-02-03 11:28:00,5058.3,1,0,1,-1,1,0,0,0
9476,2026-02-03 11:28:00,5058.6,1,0,1,-1,1,0,0,0
9477,2026-02-03 11:33:00,5063.1,0,0,2,0,2,0,0,0
9477,2026-02-03 11:33:00,5063.8,0,0,1,0,1,0,0,0
9478,2026-02-03 11:40:00,5070.8,0,1,1,1,1,0,0,0
9479,2026-02-03 11:41:00,5074.0,0,0,1,0,1,0,0,0
9480,2026-02-03 11:45:00,5067.2,1,0,1,-1,1,0,0,0
9481,2026-02-03 11:53:00,5057.4,1,0,1,-1,1,0,0,0
9482,2026-02-03 11:54:00,5057.7,0,0,1,0,1,0,0,0
9483,2026-02-03 12:08:00,5092.9,0,1,1,1,1,0,0,0
9484,2026-02-03 12:17:00,5078.0,1,0,1,-1,1,0,0,0
9485,2026-02-03 12:23:00,5060.2,0,0,1,0,1,0,0,0
9486,2026-02-03 12:26:00,5056.4,1,0,1,-1,1,0,0,0
9486,2026-02-03 12:26:00,5057.3,0,0,1,0,1,0,0,0
9486,2026-02-03 12:26:00,5057.8,0,0,1,0,1,0,0,0
9487,2026-02-03 12:37:00,5071.6,0,0,1,0,1,0,0,0
9487,2026-02-03 12:37:00,5071.8,0,0,1,0,1,0,0,0
9487,2026-02-03 12:37:00,5072.4,0,0,1,0,1,0,0,0
9488,2026-02-03 12:38:00,5074.1,0,0,2,0,2,0,0,0
9488,2026-02-03 12:38:00,5074.7,0,0,1,0,1,0,0,0
9488,2026-02-03 12:38:00,5075.3,0,0,1,0,1,0,0,0
9489,2026-02-03 12:41:00,5075.5,0,1,1,1,1,0,0,0
9490,2026-02-03 12:53:00,5076.5,0,2,2,2,2,0,0,0
9491,2026-02-03 12:58:00,5076.0,0,1,1,1,1,0,0,0
9492,2026-02-03 13:05:00,5084.9,0,0,1,0,1,0,0,0
9492,2026-02-03 13:05:00,5085.0,0,0,1,0,1,0,0,0
9492,2026-02-03 13:05:00,5085.4,0,0,1,0,1,0,0,0
9493,2026-02-03 13:06:00,5084.2,0,0,1,0,1,0,0,0
9493,2026-02-03 13:06:00,5085.8,0,0,1,0,1,0,0,0
9493,2026-02-03 13:06:00,5086.1,0,0,2,0,2,0,0,0
9494,2026-02-03 13:10:00,5083.2,0,0,1,0,1,0,0,0
9495,2026-02-03 13:14:00,5088.5,0,0,1,0,1,0,0,0
9495,2026-02-03 13:14:00,5089.0,0,0,1,0,1,0,0,0
9496,2026-02-03 13:18:00,5086.3,0,0,1,0,1,0,0,0
9497,2026-02-03 13:21:00,5084.2,0,0,1,0,1,0,0,0
9497,2026-02-03 13:21:00,5084.6,0,1,1,1,1,0,0,0
9498,2026-02-03 13:24:00,5082.7,0,0,1,0,1,0,0,0
9498,2026-02-03 13:24:00,5083.1,0,0,1,0,1,0,0,0
9498,2026-02-03 13:24:00,5083.4,0,0,1,0,1,0,0,0
9499,2026-02-03 13:25:00,5090.4,0,1,1,1,1,0,0,0
9500,2026-02-03 13:26:00,5092.6,0,1,1,1,1,0,0,0
9501,2026-02-03 13:28:00,5097.6,0,1,1,1,1,0,0,0
9501,2026-02-03 13:28:00,5098.5,0,1,1,1,1,0,0,0
9502,2026-02-03 13:29:00,5100.7,0,1,2,1,2,0,0,0
9503,2026-02-03 13:31:00,5101.5,0,1,1,1,1,0,0,0
9503,2026-02-03 13:31:00,5102.0,0,1,1,1,1,0,0,0
9504,2026-02-03 13:35:00,5094.3,0,0,1,0,1,0,0,0
9504,2026-02-03 13:35:00,5094.7,0,1,1,1,1,0,0,0
9504,2026-02-03 13:35:00,5096.3,0,1,1,1,1,0,0,0
9505,2026-02-03 13:36:00,5101.2,0,1,1,1,1,0,0,0
9506,2026-02-03 13:39:00,5094.3,0,1,1,1,1,0,0,0
9507,2026-02-03 13:40:00,5094.8,0,1,1,1,1,0,0,0
9507,2026-02-03 13:40:00,5095.2,0,0,1,0,1,0,0,0
9508,2026-02-03 13:41:00,5100.8,0,0,1,0,1,0,0,0
9508,2026-02-03 13:41:00,5101.6,0,1,1,1,1,0,0,0
9509,2026-02-03 13:42:00,5104.8,0,1,2,1,2,0,0,0
9509,2026-02-03 13:42:00,5105.4,0,1,1,1,1,0,0,0
9510,2026-02-03 13:44:00,5105.1,0,0,1,0,1,0,0,0
9510,2026-02-03 13:44:00,5105.5,0,1,1,1,1,0,0,0
9510,2026-02-03 13:44:00,5105.7,0,1,1,1,1,0,0,0
9511,2026-02-03 13:45:00,5107.1,0,1,1,1,1,0,0,0
9511,2026-02-03 13:45:00,5108.9,0,1,1,1,1,0,0,0
9511,2026-02-03 13:45:00,5109.2,0,1,1,1,1,0,0,0
9511,2026-02-03 13:45:00,5110.2,0,1,1,1,1,0,0,0
9512,2026-02-03 13:46:00,5109.2,0,0,1,0,1,0,0,0
9513,2026-02-03 13:48:00,5114.7,0,1,1,1,1,0,0,0
9513,2026-02-03 13:48:00,5116.2,0,1,1,1,1,0,0,0
9514,2026-02-03 13:49:00,5111.9,0,1,1,1,1,0,0,0
9515,2026-02-03 13:50:00,5104.0,0,0,1,0,1,0,0,0
9515,2026-02-03 13:50:00,5105.1,0,1,1,1,1,0,0,0
9516,2026-02-03 13:54:00,5090.4,0,1,1,1,1,0,0,0
9517,2026-02-03 13:55:00,5090.2,0,1,1,1,1,0,0,0
9518,2026-02-03 13:56:00,5092.0,0,1,1,1,1,0,0,0
9518,2026-02-03 13:56:00,5092.1,0,0,1,0,1,0,0,0
9518,2026-02-03 13:56:00,5092.7,0,1,1,1,1,0,0,0
9518,2026-02-03 13:56:00,5093.2,0,1,1,1,1,0,0,0
9518,2026-02-03 13:56:00,5093.3,0,1,1,1,1,0,0,0
9519,2026-02-03 13:57:00,5097.0,0,1,1,1,1,0,0,0
9520,2026-02-03 13:58:00,5097.7,0,0,1,0,1,0,0,0
9521,2026-02-03 13:59:00,5097.2,0,0,1,0,1,0,0,0
9521,2026-02-03 13:59:00,5098.4,0,1,1,1,1,0,0,0
9521,2026-02-03 13:59:00,5098.5,0,0,1,0,1,0,0,0
9522,2026-02-03 14:03:00,5085.5,0,1,1,1,1,0,0,0
9523,2026-02-03 14:10:00,5086.3,1,0,1,-1,1,0,0,0
9524,2026-02-03 14:14:00,5086.7,0,0,1,0,1,0,0,0
9524,2026-02-03 14:14:00,5089.0,1,0,1,-1,1,0,0,0
9524,2026-02-03 14:14:00,5089.2,2,0,2,-2,1,0,0,0
9524,2026-02-03 14:14:00,5089.3,3,0,3,-3,1,0,0,0
9524,2026-02-03 14:14:00,5089.4,2,0,2,-2,1,0,0,0
9524,2026-02-03 14:14:00,5089.5,2,0,2,-2,1,0,0,0
9524,2026-02-03 14:14:00,5089.7,1,0,2,-1,2,0,0,0
9524,2026-02-03 14:14:00,5089.8,1,0,1,-1,1,0,0,0
9524,2026-02-03 14:14:00,5090.4,1,0,1,-1,1,0,0,0
9524,2026-02-03 14:14:00,5091.6,0,1,1,1,1,0,0,0
9525,2026-02-03 14:15:00,5083.1,1,0,1,-1,1,0,0,0
9525,2026-02-03 14:15:00,5083.4,0,1,1,1,1,0,0,0
9525,2026-02-03 14:15:00,5085.0,0,0,1,0,1,0,0,0
9525,2026-02-03 14:15:00,5085.1,1,0,1,-1,1,0,0,0
9525,2026-02-03 14:15:00,5085.3,0,0,1,0,1,0,0,0
9525,2026-02-03 14:15:00,5086.4,1,0,1,-1,1,0,0,0
9526,2026-02-03 14:28:00,5077.2,0,1,1,1,1,0,0,0
9527,2026-02-03 14:30:00,5087.5,0,0,2,0,2,0,0,0
9528,2026-02-03 14:31:00,5076.6,0,0,2,0,2,0,0,0
9528,2026-02-03 14:31:00,5079.7,0,0,1,0,1,0,0,0
9529,2026-02-03 14:32:00,5071.2,0,0,1,0,1,0,0,0
9529,2026-02-03 14:32:00,5071.3,0,0,1,0,1,0,0,0
9529,2026-02-03 14:32:00,5072.9,0,0,1,0,1,0,0,0
9530,2026-02-03 14:39:00,5078.4,0,1,1,1,1,0,0,0
9531,2026-02-03 14:47:00,5078.3,0,1,1,1,1,0,0,0
9532,2026-02-03 14:49:00,5079.4,0,1,1,1,1,0,0,0
9533,2026-02-03 14:51:00,5085.3,0,0,1,0,1,0,0,0
9533,2026-02-03 14:51:00,5086.1,0,0,1,0,1,0,0,0
9533,2026-02-03 14:51:00,5086.9,0,1,1,1,1,0,0,0
9534,2026-02-03 14:52:00,5083.4,0,1,1,1,1,0,0,0
9535,2026-02-03 14:53:00,5087.7,0,1,1,1,1,0,0,0
9536,2026-02-03 14:59:00,5076.3,0,1,1,1,1,0,0,0
9536,2026-02-03 14:59:00,5078.2,0,1,1,1,1,0,0,0
9537,2026-02-03 15:00:00,5076.6,0,1,1,1,1,0,0,0
9537,2026-02-03 15:00:00,5077.0,0,1,1,1,1,0,0,0
9537,2026-02-03 15:00:00,5077.7,0,1,1,1,1,0,0,0
9537,2026-02-03 15:00:00,5078.0,0,0,1,0,1,0,0,0
9537,2026-02-03 15:00:00,5079.4,0,1,1,1,1,0,0,0
9537,2026-02-03 15:00:00,5079.6,0,1,1,1,1,0,0,0
9538,2026-02-03 15:04:00,5074.1,1,0,1,-1,1,0,0,0
9539,2026-02-03 15:05:00,5084.6,0,1,1,1,1,0,0,0
9539,2026-02-03 15:05:00,5085.1,0,0,1,0,1,0,0,0
9539,2026-02-03 15:05:00,5085.4,0,2,2,2,2,0,0,0
9539,2026-02-03 15:05:00,5085.6,0,0,1,0,1,0,0,0
9539,2026-02-03 15:05:00,5086.9,0,1,1,1,1,0,0,0
9540,2026-02-03 15:07:00,5081.9,0,1,1,1,1,0,0,0
9540,2026-02-03 15:07:00,5083.6,0,1,1,1,1,0,0,0
9541,2026-02-03 15:08:00,5088.6,0,1,1,1,1,0,0,0
9541,2026-02-03 15:08:00,5088.9,0,1,1,1,1,0,0,0
9541,2026-02-03 15:08:00,5089.8,0,1,1,1,1,0,0,0
9541,2026-02-03 15:08:00,5090.1,0,1,1,1,1,0,0,0
9542,2026-02-03 15:24:00,5074.3,0,1,1,1,1,0,0,0
9543,2026-02-03 15:26:00,5073.1,0,0,1,0,1,0,0,0
9543,2026-02-03 15:26:00,5073.6,0,1,1,1,1,0,0,0
9543,2026-02-03 15:26:00,5073.8,0,1,1,1,1,0,0,0
9543,2026-02-03 15:26:00,5074.3,0,0,1,0,1,0,0,0
9544,2026-02-03 15:27:00,5084.4,0,1,1,1,1,0,0,0
9545,2026-02-03 15:28:00,5088.1,0,1,1,1,1,0,0,0
9546,2026-02-03 15:33:00,5080.7,0,1,1,1,1,0,0,0
9547,2026-02-03 15:36:00,5070.1,0,1,2,1,2,0,0,0
9547,2026-02-03 15:36:00,5074.8,0,1,1,1,1,0,0,0
9548,2026-02-03 15:37:00,5079.4,0,1,1,1,1,0,0,0
9549,2026-02-03 15:44:00,5084.0,0,1,1,1,1,0,0,0
9550,2026-02-03 15:54:00,5093.9,0,1,1,1,1,0,0,0
9550,2026-02-03 15:54:00,5094.1,0,0,1,0,1,0,0,0
9551,2026-02-03 15:59:00,5096.7,0,1,1,1,1,0,0,0
9552,2026-02-03 16:01:00,5102.7,0,1,1,1,1,0,0,0
9553,2026-02-03 16:02:00,5103.0,0,0,1,0,1,0,0,0
9554,2026-02-03 16:10:00,5100.4,0,1,1,1,1,0,0,0
9555,2026-02-03 16:11:00,5098.7,0,1,1,1,1,0,0,0
9555,2026-02-03 16:11:00,5100.0,0,0,1,0,1,0,0,0
9555,2026-02-03 16:11:00,5101.3,0,1,1,1,1,0,0,0
9555,2026-02-03 16:11:00,5101.9,0,1,1,1,1,0,0,0
9556,2026-02-03 16:12:00,5102.7,0,1,1,1,1,0,0,0
9556,2026-02-03 16:12:00,5103.8,0,1,1,1,1,0,0,0
9556,2026-02-03 16:12:00,5104.7,0,0,1,0,1,0,0,0
9556,2026-02-03 16:12:00,5106.7,0,1,1,1,1,0,0,0
9557,2026-02-03 16:13:00,5104.8,1,0,1,-1,1,0,0,0
9558,2026-02-03 16:16:00,5123.6,0,1,1,1,1,0,0,0
9558,2026-02-03 16:16:00,5125.0,0,0,1,0,1,0,0,0
9559,2026-02-03 16:18:00,5120.9,0,1,1,1,1,0,0,0
9560,2026-02-03 16:21:00,5130.0,0,0,1,0,1,0,0,0
9561,2026-02-03 16:22:00,5134.4,0,2,2,2,1,0,0,0
9561,2026-02-03 16:22:00,5134.8,0,1,1,1,1,0,0,0
9562,2026-02-03 16:26:00,5132.3,0,0,2,0,1,0,0,0
9563,2026-02-03 16:38:00,5154.6,0,2,2,2,1,0,0,0
9564,2026-02-03 16:42:00,5145.0,0,0,1,0,1,0,0,0
9564,2026-02-03 16:42:00,5145.7,0,0,2,0,2,0,0,0
9565,2026-02-03 16:51:00,5129.4,0,1,1,1,1,0,0,0
9566,2026-02-03 17:00:00,5115.0,0,0,1,0,1,0,0,0
9567,2026-02-03 17:06:00,5108.2,1,0,1,-1,1,0,0,0
9568,2026-02-03 17:09:00,5099.9,0,0,1,0,1,0,0,0
9568,2026-02-03 17:09:00,5100.1,0,0,1,0,1,0,0,0
9568,2026-02-03 17:09:00,5102.1,1,0,1,-1,1,0,0,0
9569,2026-02-03 17:11:00,5089.5,1,0,1,-1,1,0,0,0
9570,2026-02-03 17:38:00,5114.0,0,1,1,1,1,0,0,0
9570,2026-02-03 17:38:00,5115.3,1,0,1,-1,1,0,0,0
9571,2026-02-03 17:41:00,5096.0,1,0,1,-1,1,0,0,0
9572,2026-02-03 17:43:00,5077.1,0,1,1,1,1,0,0,0
9573,2026-02-03 17:46:00,5069.3,1,0,1,-1,1,0,0,0
9574,2026-02-03 17:47:00,5074.9,0,1,1,1,1,0,0,0
9574,2026-02-03 17:47:00,5078.3,0,1,1,1,1,0,0,0
9574,2026-02-03 17:47:00,5086.4,0,1,1,1,1,0,0,0
9575,2026-02-03 17:49:00,5095.8,0,1,1,1,1,0,0,0
9576,2026-02-03 18:00:00,5089.0,0,1,1,1,1,0,0,0
9577,2026-02-03 18:02:00,5094.7,1,0,1,-1,1,0,0,0
9578,2026-02-03 18:18:00,5102.4,0,1,1,1,1,0,0,0
9578,2026-02-03 18:18:00,5103.6,0,1,1,1,1,0,0,0
9579,2026-02-03 18:20:00,5105.4,0,1,1,1,1,0,0,0
9580,2026-02-03 18:22:00,5096.5,1,0,1,-1,1,0,0,0
9580,2026-02-03 18:22:00,5097.6,0,1,1,1,1,0,0,0
9581,2026-02-03 18:25:00,5081.2,0,1,1,1,1,0,0,0
9581,2026-02-03 18:25:00,5081.4,0,1,1,1,1,0,0,0
9581,2026-02-03 18:25:00,5081.8,0,1,1,1,1,0,0,0
9581,2026-02-03 18:25:00,5081.9,0,1,1,1,1,0,0,0
9581,2026-02-03 18:25:00,5082.3,0,1,1,1,1,0,0,0
9581,2026-02-03 18:25:00,5082.6,0,1,1,1,1,0,0,0
9582,2026-02-03 18:29:00,5064.3,1,0,1,-1,1,0,0,0
9582,2026-02-03 18:29:00,5064.6,0,1,1,1,1,0,0,0
9582,2026-02-03 18:29:00,5064.7,1,0,1,-1,1,0,0,0
9582,2026-02-03 18:29:00,5064.9,1,0,1,-1,1,0,0,0
9582,2026-02-03 18:29:00,5065.1,0,1,1,1,1,0,0,0
9582,2026-02-03 18:29:00,5065.3,1,0,1,-1,1,0,0,0
9582,2026-02-03 18:29:00,5065.4,2,0,2,-2,1,0,0,0
9582,2026-02-03 18:29:00,5065.5,1,0,1,-1,1,0,0,0
9582,2026-02-03 18:29:00,5065.6,2,0,2,-2,1,0,0,0
9582,2026-02-03 18:29:00,5066.0,0,1,1,1,1,0,0,0
9582,2026-02-03 18:29:00,5066.1,0,1,1,1,1,0,0,0
9582,2026-02-03 18:29:00,5066.3,1,1,2,0,2,0,0,0
9582,2026-02-03 18:29:00,5066.4,2,0,2,-2,1,0,0,0
9582,2026-02-03 18:29:00,5067.0,0,1,1,1,1,0,0,0
9582,2026-02-03 18:29:00,5067.6,2,0,2,-2,1,0,0,0
9582,2026-02-03 18:29:00,5067.7,1,0,1,-1,1,0,0,0
9582,2026-02-03 18:29:00,5068.4,0,1,1,1,1,0,0,0
9582,2026-02-03 18:29:00,5070.0,0,0,1,0,1,0,0,0
9582,2026-02-03 18:29:00,5071.4,0,1,1,1,1,0,0,0
9582,2026-02-03 18:29:00,5071.6,1,0,1,-1,1,0,0,0
9582,2026-02-03 18:29:00,5071.7,2,0,2,-2,1,0,0,0
9582,2026-02-03 18:29:00,5071.8,0,1,1,1,1,0,0,0
9582,2026-02-03 18:29:00,5072.0,0,1,1,1,1,0,0,0
9582,2026-02-03 18:29:00,5072.4,0,1,1,1,1,0,0,0
9582,2026-02-03 18:29:00,5072.5,0,1,1,1,1,0,0,0
9582,2026-02-03 18:29:00,5072.6,1,1,2,0,2,0,0,0
9582,2026-02-03 18:29:00,5072.8,1,0,1,-1,1,0,0,0
9582,2026-02-03 18:29:00,5072.9,2,0,2,-2,1,0,0,0
9582,2026-02-03 18:29:00,5073.0,1,0,1,-1,1,0,0,0
9582,2026-02-03 18:29:00,5073.1,1,0,1,-1,1,0,0,0
9582,2026-02-03 18:29:00,5073.3,1,0,1,-1,1,0,0,0
9582,2026-02-03 18:29:00,5073.4,2,0,2,-2,1,0,0,0
9582,2026-02-03 18:29:00,5073.5,0,1,1,1,1,0,0,0
9582,2026-02-03 18:29:00,5073.7,0,1,1,1,1,0,0,0
9582,2026-02-03 18:29:00,5073.8,1,1,2,0,2,0,0,0
9582,2026-02-03 18:29:00,5073.9,1,0,1,-1,1,0,0,0
9582,2026-02-03 18:29:00,5074.0,1,0,1,-1,1,0,0,0
9582,2026-02-03 18:29:00,5074.6,0,1,1,1,1,0,0,0
9582,2026-02-03 18:29:00,5074.8,0,1,1,1,1,0,0,0
9582,2026-02-03 18:29:00,5075.2,3,0,3,-3,1,0,0,0
9582,2026-02-03 18:29:00,5076.0,0,1,1,1,1,0,0,0
9582,2026-02-03 18:29:00,5078.0,1,0,1,-1,1,0,0,0
9582,2026-02-03 18:29:00,5078.2,1,0,1,-1,1,0,0,0
9582,2026-02-03 18:29:00,5078.4,1,0,1,-1,1,0,0,0
9582,2026-02-03 18:29:00,5079.4,0,1,1,1,1,0,0,0
9582,2026-02-03 18:29:00,5084.4,1,0,1,-1,1,0,0,0
9582,2026-02-03 18:29:00,5084.5,1,0,1,-1,1,0,0,0
9582,2026-02-03 18:29:00,5084.8,2,0,2,-2,1,0,0,0
9582,2026-02-03 18:29:00,5086.5,0,2,2,2,1,0,0,0
9582,2026-02-03 18:29:00,5086.8,0,0,1,0,1,0,0,0
9583,2026-02-03 18:33:00,5050.7,1,0,1,-1,1,0,0,0
9584,2026-02-03 18:36:00,5061.0,0,0,2,0,1,0,0,0
9584,2026-02-03 18:36:00,5064.0,0,1,1,1,1,0,0,0
9585,2026-02-03 18:38:00,5056.9,0,1,1,1,1,0,0,0
9585,2026-02-03 18:38:00,5057.9,0,1,1,1,1,0,0,0
9586,2026-02-03 18:50:00,5058.4,1,0,1,-1,1,0,0,0
9587,2026-02-03 18:51:00,5051.4,1,0,1,-1,1,0,0,0
9588,2026-02-03 19:23:00,5088.4,0,1,1,1,1,0,0,0
9588,2026-02-03 19:23:00,5088.5,0,2,2,2,1,0,0,0
9588,2026-02-03 19:23:00,5088.6,0,2,2,2,1,0,0,0
9588,2026-02-03 19:23:00,5088.7,0,2,2,2,1,0,0,0
9588,2026-02-03 19:23:00,5088.8,0,2,2,2,1,0,0,0
9588,2026-02-03 19:23:00,5088.9,0,1,1,1,1,0,0,0
9589,2026-02-03 19:26:00,5078.4,1,0,1,-1,1,0,0,0
9590,2026-02-03 19:28:00,5084.4,0,0,1,0,1,0,0,0
9590,2026-02-03 19:28:00,5085.0,0,0,1,0,1,0,0,0
9590,2026-02-03 19:28:00,5085.4,0,0,1,0,1,0,0,0
9591,2026-02-03 19:29:00,5087.2,0,0,2,0,2,0,0,0
9592,2026-02-03 19:41:00,5105.0,0,0,2,0,1,0,0,0
9593,2026-02-03 19:45:00,5094.8,1,0,1,-1,1,0,0,0
9594,2026-02-03 19:53:00,5082.5,1,0,1,-1,1,0,0,0
9595,2026-02-03 19:56:00,5084.0,0,0,1,0,1,0,0,0
9596,2026-02-03 20:16:00,5080.9,0,1,1,1,1,0,0,0
9597,2026-02-03 20:18:00,5086.7,0,1,1,1,1,0,0,0
9598,2026-02-03 20:19:00,5088.3,0,1,1,1,1,0,0,0
9598,2026-02-03 20:19:00,5089.6,0,1,1,1,1,0,0,0
9599,2026-02-03 20:20:00,5091.0,0,1,1,1,1,0,0,0
9600,2026-02-03 20:21:00,5088.6,1,0,1,-1,1,0,0,0
9601,2026-02-03 20:22:00,5086.7,1,0,1,-1,1,0,0,0
9602,2026-02-03 20:34:00,5113.5,0,1,1,1,1,0,0,0
9603,2026-02-03 20:38:00,5113.1,2,0,2,-2,1,0,0,0
9604,2026-02-03 20:42:00,5111.9,1,0,1,-1,1,0,0,0
9605,2026-02-03 20:53:00,5096.5,0,1,1,1,1,0,0,0
9606,2026-02-03 23:00:00,5107.7,0,4,6,4,6,0,0,0
9606,2026-02-03 23:00:00,5109.8,1,0,1,-1,1,0,0,0
9606,2026-02-03 23:00:00,5111.5,1,0,1,-1,1,0,0,0
9606,2026-02-03 23:00:00,5112.6,1,0,1,-1,1,0,0,0
9606,2026-02-03 23:00:00,5112.7,2,0,2,-2,1,0,0,0
9607,2026-02-03 23:05:00,5110.0,0,0,3,0,3,0,0,0
9607,2026-02-03 23:05:00,5112.2,1,0,1,-1,1,0,0,0
9608,2026-02-03 23:25:00,5095.0,0,0,2,0,2,0,0,0
9609,2026-02-03 23:27:00,5092.9,0,1,1,1,1,0,0,0
9609,2026-02-03 23:27:00,5093.0,0,1,1,1,1,0,0,0
9610,2026-02-04 00:05:00,5120.0,0,0,1,0,1,0,0,0
9611,2026-02-04 00:13:00,5133.0,0,0,1,0,1,0,0,0
9611,2026-02-04 00:13:00,5135.0,0,0,1,0,1,0,0,0
9612,2026-02-04 00:14:00,5143.5,0,1,1,1,1,0,0,0
9612,2026-02-04 00:14:00,5143.6,0,1,1,1,1,0,0,0
9613,2026-02-04 00:15:00,5147.8,0,1,1,1,1,0,0,0
9614,2026-02-04 00:23:00,5148.0,0,0,1,0,1,0,0,0
9615,2026-02-04 00:27:00,5142.0,0,0,2,0,2,0,0,0
9616,2026-02-04 00:48:00,5156.0,0,0,2,0,2,0,0,0
9617,2026-02-04 00:52:00,5158.0,0,0,1,0,1,0,0,0
9618,2026-02-04 00:55:00,5169.8,0,1,1,1,1,0,0,0
9618,2026-02-04 00:55:00,5169.9,0,1,1,1,1,0,0,0
9618,2026-02-04 00:55:00,5170.3,0,2,2,2,1,0,0,0
9618,2026-02-04 00:55:00,5171.2,0,1,1,1,1,0,0,0
9618,2026-02-04 00:55:00,5171.3,0,1,1,1,1,0,0,0
9618,2026-02-04 00:55:00,5174.0,0,1,1,1,1,0,0,0
9618,2026-02-04 00:55:00,5174.1,0,1,1,1,1,0,0,0
9619,2026-02-04 01:01:00,5165.7,1,0,1,-1,1,0,0,0
9620,2026-02-04 01:03:00,5170.0,0,0,2,0,2,0,0,0
9620,2026-02-04 01:03:00,5172.8,0,1,1,1,1,0,0,0
9621,2026-02-04 01:07:00,5185.0,0,0,2,0,1,0,0,0
9622,2026-02-04 01:09:00,5199.5,0,1,1,1,1,0,0,0
9623,2026-02-04 01:10:00,5199.9,0,1,1,1,1,0,0,0
9623,2026-02-04 01:10:00,5200.0,1,0,2,-1,2,0,0,0
9624,2026-02-04 01:11:00,5202.8,0,1,1,1,1,0,0,0
9625,2026-02-04 01:12:00,5200.0,0,0,1,0,1,0,0,0
9626,2026-02-04 01:15:00,5211.5,1,0,1,-1,1,0,0,0
9626,2026-02-04 01:15:00,5212.5,0,0,1,0,1,0,0,0
9627,2026-02-04 01:18:00,5207.7,1,0,1,-1,1,0,0,0
9628,2026-02-04 01:20:00,5198.2,1,0,1,-1,1,0,0,0
9628,2026-02-04 01:20:00,5206.2,0,1,1,1,1,0,0,0
9629,2026-02-04 01:22:00,5194.3,0,1,1,1,1,0,0,0
9630,2026-02-04 01:28:00,5202.0,0,1,1,1,1,0,0,0
9631,2026-02-04 01:39:00,5172.5,0,1,1,1,1,0,0,0
9632,2026-02-04 01:41:00,5187.5,2,0,2,-2,1,0,0,0
9632,2026-02-04 01:41:00,5189.9,0,1,1,1,1,0,0,0
9633,2026-02-04 01:43:00,5191.6,1,0,1,-1,1,0,0,0
9634,2026-02-04 01:44:00,5191.7,0,1,1,1,1,0,0,0
9635,2026-02-04 01:45:00,5188.0,0,0,1,0,1,0,0,0
9636,2026-02-04 01:47:00,5198.5,1,0,1,-1,1,0,0,0
9637,2026-02-04 01:49:00,5208.0,0,1,1,1,1,0,0,0
9638,2026-02-04 01:50:00,5208.0,0,0,1,0,1,0,0,0
9639,2026-02-04 01:54:00,5196.2,0,1,1,1,1,0,0,0
9640,2026-02-04 01:56:00,5203.0,0,0,2,0,1,0,0,0
9641,2026-02-04 01:57:00,5196.4,0,1,1,1,1,0,0,0
9642,2026-02-04 01:58:00,5197.1,1,0,1,-1,1,0,0,0
9643,2026-02-04 01:59:00,5204.4,0,1,1,1,1,0,0,0
9644,2026-02-04 02:00:00,5210.5,0,0,1,0,1,0,0,0
9644,2026-02-04 02:00:00,5210.6,0,0,1,0,1,0,0,0
9644,2026-02-04 02:00:00,5210.7,0,0,1,0,1,0,0,0
9644,2026-02-04 02:00:00,5210.8,0,1,1,1,1,0,0,0
9645,2026-02-04 02:01:00,5211.6,0,0,1,0,1,0,0,0
9646,2026-02-04 02:02:00,5216.9,0,0,1,0,1,0,0,0
9647,2026-02-04 02:09:00,5220.3,1,0,1,-1,1,0,0,0
9648,2026-02-04 02:24:00,5212.0,0,0,1,0,1,0,0,0
9648,2026-02-04 02:24:00,5215.6,0,0,1,0,1,0,0,0
9649,2026-02-04 02:30:00,5217.4,0,1,1,1,1,0,0,0
9650,2026-02-04 02:41:00,5207.9,2,0,2,-2,2,0,0,0
9651,2026-02-04 02:54:00,5200.7,0,1,1,1,1,0,0,0
9652,2026-02-04 02:56:00,5200.6,1,0,1,-1,1,0,0,0
9653,2026-02-04 03:03:00,5200.0,0,0,1,0,1,0,0,0
9654,2026-02-04 03:08:00,5210.5,0,0,1,0,1,0,0,0
9655,2026-02-04 03:10:00,5211.0,0,0,2,0,2,0,0,0
9656,2026-02-04 03:11:00,5213.5,0,1,1,1,1,0,0,0
9657,2026-02-04 03:43:00,5226.1,1,0,1,-1,1,0,0,0
9658,2026-02-04 04:00:00,5228.8,0,1,1,1,1,0,0,0
9659,2026-02-04 04:24:00,5217.4,1,0,1,-1,1,0,0,0
9660,2026-02-04 04:56:00,5235.4,0,0,1,0,1,0,0,0
9661,2026-02-04 05:24:00,5238.8,0,1,1,1,1,0,0,0
9662,2026-02-04 05:25:00,5237.5,0,0,1,0,1,0,0,0
9662,2026-02-04 05:25:00,5237.9,0,0,1,0,1,0,0,0
9663,2026-02-04 05:27:00,5237.9,0,1,1,1,1,0,0,0
9664,2026-02-04 05:30:00,5235.8,1,0,1,-1,1,0,0,0
9665,2026-02-04 05:32:00,5234.0,1,0,1,-1,1,0,0,0
9665,2026-02-04 05:32:00,5234.1,1,0,1,-1,1,0,0,0
9666,2026-02-04 05:33:00,5232.0,0,0,1,0,1,0,0,0
9666,2026-02-04 05:33:00,5233.2,0,0,1,0,1,0,0,0
9666,2026-02-04 05:33:00,5233.4,1,0,1,-1,1,0,0,0
9667,2026-02-04 05:41:00,5243.6,0,0,1,0,1,0,0,0
9668,2026-02-04 05:55:00,5240.0,0,0,2,0,2,0,0,0
9669,2026-02-04 05:56:00,5238.7,0,0,1,0,1,0,0,0
9670,2026-02-04 06:18:00,5216.6,0,1,2,1,2,0,0,0
9671,2026-02-04 06:26:00,5212.6,1,0,1,-1,1,0,0,0
9672,2026-02-04 06:27:00,5210.8,0,0,1,0,1,0,0,0
9673,2026-02-04 06:31:00,5219.2,0,1,1,1,1,0,0,0
9674,2026-02-04 06:40:00,5223.7,1,0,1,-1,1,0,0,0
9675,2026-02-04 07:14:00,5224.8,1,0,1,-1,1,0,0,0
9676,2026-02-04 07:27:00,5244.9,0,0,1,0,1,0,0,0
9676,2026-02-04 07:27:00,5245.0,0,0,1,0,1,0,0,0
9677,2026-02-04 07:34:00,5236.1,0,0,1,0,1,0,0,0
9677,2026-02-04 07:34:00,5240.4,1,0,1,-1,1,0,0,0
9678,2026-02-04 07:35:00,5228.9,1,0,1,-1,1,0,0,0
9679,2026-02-04 07:36:00,5228.9,1,0,1,-1,1,0,0,0
9679,2026-02-04 07:36:00,5230.0,0,0,1,0,1,0,0,0
9680,2026-02-04 07:37:00,5231.1,0,1,1,1,1,0,0,0
9681,2026-02-04 07:45:00,5240.9,0,1,1,1,1,0,0,0
9681,2026-02-04 07:45:00,5241.4,0,1,1,1,1,0,0,0
9681,2026-02-04 07:45:00,5241.5,0,3,3,3,1,0,0,0
9682,2026-02-04 07:51:00,5242.0,0,0,1,0,1,0,0,0
9683,2026-02-04 07:53:00,5250.0,0,0,1,0,1,0,0,0
9684,2026-02-04 07:57:00,5247.3,1,0,1,-1,1,0,0,0
9685,2026-02-04 08:08:00,5243.3,0,2,2,2,1,0,0,0
9685,2026-02-04 08:08:00,5247.4,0,0,1,0,1,0,0,0
9685,2026-02-04 08:08:00,5248.5,0,0,1,0,1,0,0,0
9686,2026-02-04 08:16:00,5243.3,0,1,1,1,1,0,0,0
9687,2026-02-04 08:17:00,5246.5,0,0,1,0,1,0,0,0
9688,2026-02-04 08:18:00,5244.7,0,0,1,0,1,0,0,0
9689,2026-02-04 08:22:00,5247.2,0,1,1,1,1,0,0,0
9690,2026-02-04 08:30:00,5246.4,0,1,1,1,1,0,0,0
9690,2026-02-04 08:30:00,5246.5,0,1,1,1,1,0,0,0
9690,2026-02-04 08:30:00,5246.6,0,2,2,2,1,0,0,0
9691,2026-02-04 08:36:00,5234.0,0,0,1,0,1,0,0,0
9692,2026-02-04 08:40:00,5240.0,0,0,1,0,1,0,0,0
9692,2026-02-04 08:40:00,5241.7,0,1,1,1,1,0,0,0
9693,2026-02-04 08:43:00,5243.3,0,1,1,1,1,0,0,0
9694,2026-02-04 08:53:00,5236.3,0,1,1,1,1,0,0,0
9695,2026-02-04 09:05:00,5244.2,0,1,1,1,1,0,0,0
9696,2026-02-04 09:13:00,5231.5,1,0,1,-1,1,0,0,0
9697,2026-02-04 09:38:00,5223.1,0,1,1,1,1,0,0,0
9698,2026-02-04 09:40:00,5223.0,0,0,1,0,1,0,0,0
9699,2026-02-04 09:42:00,5226.0,0,1,1,1,1,0,0,0
9700,2026-02-04 09:48:00,5212.6,1,0,1,-1,1,0,0,0
9701,2026-02-04 10:02:00,5218.1,1,0,1,-1,1,0,0,0
9702,2026-02-04 10:04:00,5216.5,0,0,1,0,1,0,0,0
9702,2026-02-04 10:04:00,5216.8,0,0,1,0,1,0,0,0
9703,2026-02-04 10:05:00,5215.3,1,0,1,-1,1,0,0,0
9703,2026-02-04 10:05:00,5215.6,1,0,1,-1,1,0,0,0
9703,2026-02-04 10:05:00,5216.0,0,0,1,0,1,0,0,0
9704,2026-02-04 10:07:00,5213.0,2,0,2,-2,1,0,0,0
9704,2026-02-04 10:07:00,5215.9,0,0,2,0,2,0,0,0
9705,2026-02-04 10:09:00,5215.3,0,0,2,0,2,0,0,0
9706,2026-02-04 10:13:00,5219.5,0,1,1,1,1,0,0,0
9707,2026-02-04 10:24:00,5207.2,0,0,1,0,1,0,0,0
9708,2026-02-04 10:26:00,5207.4,1,0,1,-1,1,0,0,0
9709,2026-02-04 10:28:00,5206.1,0,0,1,0,1,0,0,0
9710,2026-02-04 10:39:00,5220.8,0,0,1,0,1,0,0,0
9710,2026-02-04 10:39:00,5221.2,0,0,2,0,1,0,0,0
9711,2026-02-04 10:40:00,5218.7,0,1,2,1,2,0,0,0
9712,2026-02-04 10:41:00,5215.5,2,0,2,-2,1,0,0,0
9712,2026-02-04 10:41:00,5216.1,1,0,1,-1,1,0,0,0
9712,2026-02-04 10:41:00,5216.2,1,0,1,-1,1,0,0,0
9713,2026-02-04 10:42:00,5219.1,0,1,4,1,4,0,0,0
9714,2026-02-04 10:45:00,5219.1,0,0,1,0,1,0,0,0
9715,2026-02-04 11:13:00,5209.3,1,0,3,-1,3,0,0,0
9716,2026-02-04 11:15:00,5202.2,1,0,1,-1,1,0,0,0
9716,2026-02-04 11:15:00,5202.5,0,0,1,0,1,0,0,0
9717,2026-02-04 11:16:00,5200.0,0,0,2,0,2,0,0,0
9718,2026-02-04 11:20:00,5191.0,0,1,1,1,1,0,0,0
9719,2026-02-04 11:24:00,5193.5,0,1,1,1,1,0,0,0
9719,2026-02-04 11:24:00,5193.6,0,1,1,1,1,0,0,0
9719,2026-02-04 11:24:00,5194.0,0,1,1,1,1,0,0,0
9719,2026-02-04 11:24:00,5194.1,0,1,1,1,1,0,0,0
9720,2026-02-04 11:40:00,5201.9,0,1,2,1,2,0,0,0
9721,2026-02-04 12:04:00,5211.9,0,0,1,0,1,0,0,0
9722,2026-02-04 12:06:00,5213.8,0,1,1,1,1,0,0,0
9722,2026-02-04 12:06:00,5213.9,0,1,1,1,1,0,0,0
9723,2026-02-04 12:10:00,5202.9,1,0,1,-1,1,0,0,0
9724,2026-02-04 12:34:00,5225.3,0,1,1,1,1,0,0,0
9724,2026-02-04 12:34:00,5225.5,0,1,1,1,1,0,0,0
9725,2026-02-04 12:35:00,5225.5,0,1,1,1,1,0,0,0
9725,2026-02-04 12:35:00,5225.8,0,1,1,1,1,0,0,0
9726,2026-02-04 12:42:00,5215.4,0,1,1,1,1,0,0,0
9726,2026-02-04 12:42:00,5215.5,0,1,1,1,1,0,0,0
9727,2026-02-04 12:44:00,5219.3,0,2,2,2,1,0,0,0
9728,2026-02-04 12:47:00,5214.2,0,0,2,0,2,0,0,0
9728,2026-02-04 12:47:00,5217.4,0,0,2,0,2,0,0,0
9729,2026-02-04 12:54:00,5210.7,0,0,2,0,2,0,0,0
9730,2026-02-04 12:59:00,5201.2,0,0,1,0,1,0,0,0
9731,2026-02-04 13:04:00,5205.1,0,1,1,1,1,0,0,0
9732,2026-02-04 13:05:00,5198.6,0,1,1,1,1,0,0,0
9733,2026-02-04 13:24:00,5207.5,1,0,1,-1,1,0,0,0
9734,2026-02-04 13:25:00,5211.1,0,0,2,0,2,0,0,0
9735,2026-02-04 13:37:00,5215.5,0,0,2,0,2,0,0,0
9736,2026-02-04 13:41:00,5205.9,1,0,2,-1,2,0,0,0
9737,2026-02-04 13:47:00,5204.3,1,0,1,-1,1,0,0,0
9737,2026-02-04 13:47:00,5205.6,0,0,1,0,1,0,0,0
9738,2026-02-04 13:48:00,5202.9,0,2,2,2,1,0,0,0
9738,2026-02-04 13:48:00,5203.1,0,2,2,2,1,0,0,0
9738,2026-02-04 13:48:00,5203.3,0,1,1,1,1,0,0,0
9738,2026-02-04 13:48:00,5204.1,0,0,1,0,1,0,0,0
9738,2026-02-04 13:48:00,5204.3,0,0,1,0,1,0,0,0
9738,2026-02-04 13:48:00,5204.7,1,0,1,-1,1,0,0,0
9739,2026-02-04 13:52:00,5217.2,2,0,2,-2,1,0,0,0
9739,2026-02-04 13:52:00,5217.3,1,0,1,-1,1,0,0,0
9739,2026-02-04 13:52:00,5217.4,2,0,2,-2,1,0,0,0
9740,2026-02-04 13:58:00,5222.5,1,0,1,-1,1,0,0,0
9740,2026-02-04 13:58:00,5222.8,2,0,2,-2,2,0,0,0
9740,2026-02-04 13:58:00,5222.9,1,0,1,-1,1,0,0,0
9741,2026-02-04 13:59:00,5223.0,2,0,2,-2,1,0,0,0
9742,2026-02-04 14:09:00,5199.0,0,0,1,0,1,0,0,0
9742,2026-02-04 14:09:00,5200.0,0,0,1,0,1,0,0,0
9743,2026-02-04 14:18:00,5200.5,0,1,1,1,1,0,0,0
9743,2026-02-04 14:18:00,5200.6,0,1,1,1,1,0,0,0
9743,2026-02-04 14:18:00,5201.0,0,1,1,1,1,0,0,0
9743,2026-02-04 14:18:00,5201.4,0,1,1,1,1,0,0,0
9744,2026-02-04 14:19:00,5201.5,0,1,1,1,1,0,0,0
9744,2026-02-04 14:19:00,5201.6,0,1,1,1,1,0,0,0
9745,2026-02-04 14:25:00,5196.1,1,0,1,-1,1,0,0,0
9746,2026-02-04 14:37:00,5156.0,0,0,1,0,1,0,0,0
9747,2026-02-04 14:38:00,5139.9,0,0,1,0,1,0,0,0
9747,2026-02-04 14:38:00,5140.0,0,0,1,0,1,0,0,0
9747,2026-02-04 14:38:00,5150.0,0,0,1,0,1,0,0,0
9748,2026-02-04 14:41:00,5135.2,1,0,1,-1,1,0,0,0
9748,2026-02-04 14:41:00,5135.4,1,0,1,-1,1,0,0,0
9748,2026-02-04 14:41:00,5135.6,1,0,1,-1,1,0,0,0
9749,2026-02-04 14:47:00,5154.9,0,1,1,1,1,0,0,0
9750,2026-02-04 14:49:00,5156.0,0,0,1,0,1,0,0,0
9750,2026-02-04 14:49:00,5160.8,0,1,1,1,1,0,0,0
9751,2026-02-04 14:53:00,5161.7,1,0,1,-1,1,0,0,0
9752,2026-02-04 15:07:00,5163.0,0,0,1,0,1,0,0,0
9753,2026-02-04 15:10:00,5150.0,1,0,2,-1,2,0,0,0
9753,2026-02-04 15:10:00,5155.0,0,0,1,0,1,0,0,0
9754,2026-02-04 15:12:00,5149.5,0,0,1,0,1,0,0,0
9754,2026-02-04 15:12:00,5151.0,0,0,1,0,1,0,0,0
9755,2026-02-04 15:18:00,5151.0,0,2,2,2,2,0,0,0
9756,2026-02-04 15:19:00,5145.1,0,0,1,0,1,0,0,0
9756,2026-02-04 15:19:00,5147.4,0,0,1,0,1,0,0,0
9756,2026-02-04 15:19:00,5149.1,0,0,1,0,1,0,0,0
9757,2026-02-04 15:21:00,5142.2,0,0,1,0,1,0,0,0
9758,2026-02-04 15:25:00,5133.1,1,0,1,-1,1,0,0,0
9758,2026-02-04 15:25:00,5133.3,1,0,1,-1,1,0,0,0
9759,2026-02-04 15:31:00,5094.5,0,0,1,0,1,0,0,0
9759,2026-02-04 15:31:00,5097.9,2,0,2,-2,1,0,0,0
9759,2026-02-04 15:31:00,5098.0,0,1,1,1,1,0,0,0
9760,2026-02-04 15:37:00,5071.3,0,0,1,0,1,0,0,0
9761,2026-02-04 15:49:00,5100.0,0,0,1,0,1,0,0,0
9762,2026-02-04 15:53:00,5104.6,0,0,1,0,1,0,0,0
9762,2026-02-04 15:53:00,5105.3,0,1,1,1,1,0,0,0
9763,2026-02-04 15:54:00,5100.1,0,3,3,3,1,0,0,0
9763,2026-02-04 15:54:00,5100.2,0,2,2,2,1,0,0,0
9764,2026-02-04 15:55:00,5103.1,0,2,2,2,1,0,0,0
9764,2026-02-04 15:55:00,5103.2,0,1,1,1,1,0,0,0
9764,2026-02-04 15:55:00,5103.4,0,1,1,1,1,0,0,0
9764,2026-02-04 15:55:00,5103.5,0,1,1,1,1,0,0,0
9764,2026-02-04 15:55:00,5103.6,0,2,2,2,2,0,0,0
9764,2026-02-04 15:55:00,5104.7,0,1,1,1,1,0,0,0
9764,2026-02-04 15:55:00,5110.7,0,1,1,1,1,0,0,0
9764,2026-02-04 15:55:00,5112.7,0,1,1,1,1,0,0,0
9765,2026-02-04 15:57:00,5082.5,0,0,1,0,1,0,0,0
9766,2026-02-04 15:58:00,5084.9,0,1,1,1,1,0,0,0
9767,2026-02-04 15:59:00,5075.0,0,0,1,0,1,0,0,0
9767,2026-02-04 15:59:00,5080.2,0,1,1,1,1,0,0,0
9768,2026-02-04 16:02:00,5064.2,0,1,1,1,1,0,0,0
9769,2026-02-04 16:04:00,5062.1,0,1,1,1,1,0,0,0
9769,2026-02-04 16:04:00,5066.0,0,0,1,0,1,0,0,0
9769,2026-02-04 16:04:00,5071.6,0,0,1,0,1,0,0,0
9770,2026-02-04 16:05:00,5069.9,0,0,1,0,1,0,0,0
9770,2026-02-04 16:05:00,5075.0,0,0,1,0,1,0,0,0
9770,2026-02-04 16:05:00,5077.4,0,1,1,1,1,0,0,0
9770,2026-02-04 16:05:00,5079.7,0,1,1,1,1,0,0,0
9770,2026-02-04 16:05:00,5079.8,0,0,1,0,1,0,0,0
9770,2026-02-04 16:05:00,5080.8,0,0,1,0,1,0,0,0
9771,2026-02-04 16:06:00,5083.9,0,0,1,0,1,0,0,0
9771,2026-02-04 16:06:00,5084.3,0,0,1,0,1,0,0,0
9771,2026-02-04 16:06:00,5084.9,0,1,1,1,1,0,0,0
9771,2026-02-04 16:06:00,5085.4,0,1,1,1,1,0,0,0
9771,2026-02-04 16:06:00,5087.5,0,1,1,1,1,0,0,0
9772,2026-02-04 16:07:00,5082.2,0,1,1,1,1,0,0,0
9773,2026-02-04 16:08:00,5085.2,0,1,1,1,1,0,0,0
9774,2026-02-04 16:09:00,5083.5,0,1,1,1,1,0,0,0
9775,2026-02-04 16:11:00,5093.9,0,1,1,1,1,0,0,0
9776,2026-02-04 16:12:00,5097.0,0,0,1,0,1,0,0,0
9777,2026-02-04 16:13:00,5102.9,0,1,1,1,1,0,0,0
9778,2026-02-04 16:16:00,5089.8,0,1,1,1,1,0,0,0
9779,2026-02-04 16:17:00,5089.1,0,1,1,1,1,0,0,0
9780,2026-02-04 16:18:00,5085.9,0,1,1,1,1,0,0,0
9781,2026-02-04 16:20:00,5073.7,0,1,1,1,1,0,0,0
9782,2026-02-04 16:21:00,5056.0,0,0,1,0,1,0,0,0
9782,2026-02-04 16:21:00,5065.0,0,0,1,0,1,0,0,0
9783,2026-02-04 16:22:00,5050.0,0,0,1,0,1,0,0,0
9783,2026-02-04 16:22:00,5061.5,1,0,1,-1,1,0,0,0
9783,2026-02-04 16:22:00,5062.5,0,1,1,1,1,0,0,0
9783,2026-02-04 16:22:00,5064.5,0,1,1,1,1,0,0,0
9784,2026-02-04 16:35:00,5087.5,1,0,1,-1,1,0,0,0
9785,2026-02-04 16:40:00,5068.8,0,1,1,1,1,0,0,0
9786,2026-02-04 16:41:00,5063.0,1,0,1,-1,1,0,0,0
9787,2026-02-04 16:44:00,5061.9,0,1,1,1,1,0,0,0
9788,2026-02-04 16:47:00,5045.3,0,1,1,1,1,0,0,0
9789,2026-02-04 16:49:00,5029.5,1,0,1,-1,1,0,0,0
9790,2026-02-04 17:04:00,5057.6,1,0,1,-1,1,0,0,0
9791,2026-02-04 17:05:00,5076.8,0,1,1,1,1,0,0,0
9792,2026-02-04 17:07:00,5058.1,1,0,1,-1,1,0,0,0
9793,2026-02-04 17:13:00,5083.8,0,1,1,1,1,0,0,0
9794,2026-02-04 17:19:00,5073.2,0,1,1,1,1,0,0,0
9795,2026-02-04 17:21:00,5076.3,0,1,1,1,1,0,0,0
9796,2026-02-04 17:22:00,5064.5,0,1,1,1,1,0,0,0
9797,2026-02-04 17:31:00,5083.6,0,1,1,1,1,0,0,0
9798,2026-02-04 17:33:00,5087.2,0,0,1,0,1,0,0,0
9799,2026-02-04 17:38:00,5071.2,0,1,1,1,1,0,0,0
9800,2026-02-04 17:43:00,5068.1,1,0,1,-1,1,0,0,0
9801,2026-02-04 17:44:00,5063.7,0,0,1,0,1,0,0,0
9801,2026-02-04 17:44:00,5066.3,0,0,1,0,1,0,0,0
9801,2026-02-04 17:44:00,5067.1,1,0,1,-1,1,0,0,0
9802,2026-02-04 17:56:00,5068.3,0,1,1,1,1,0,0,0
9803,2026-02-04 17:57:00,5066.3,0,1,1,1,1,0,0,0
9803,2026-02-04 17:57:00,5066.5,0,2,2,2,2,0,0,0
9803,2026-02-04 17:57:00,5067.0,0,1,1,1,1,0,0,0
9804,2026-02-04 18:01:00,5033.0,1,0,1,-1,1,0,0,0
9804,2026-02-04 18:01:00,5036.2,0,0,1,0,1,0,0,0
9804,2026-02-04 18:01:00,5038.5,0,1,1,1,1,0,0,0
9805,2026-02-04 18:02:00,5035.0,0,1,1,1,1,0,0,0
9806,2026-02-04 18:04:00,5048.3,0,1,1,1,1,0,0,0
9807,2026-02-04 18:09:00,5074.0,0,0,1,0,1,0,0,0
9808,2026-02-04 18:10:00,5069.2,2,0,2,-2,1,0,0,0
9809,2026-02-04 18:15:00,5075.0,0,0,1,0,1,0,0,0
9810,2026-02-04 18:22:00,5067.5,0,1,1,1,1,0,0,0
9811,2026-02-04 18:27:00,5088.5,0,1,1,1,1,0,0,0
9812,2026-02-04 18:28:00,5095.0,0,0,1,0,1,0,0,0
9813,2026-02-04 18:29:00,5085.2,1,0,1,-1,1,0,0,0
9813,2026-02-04 18:29:00,5086.2,1,0,1,-1,1,0,0,0
9813,2026-02-04 18:29:00,5086.5,1,1,2,0,2,0,0,0
9813,2026-02-04 18:29:00,5086.6,0,3,3,3,2,0,0,0
9813,2026-02-04 18:29:00,5086.7,0,1,1,1,1,0,0,0
9813,2026-02-04 18:29:00,5086.8,0,1,1,1,1,0,0,0
9813,2026-02-04 18:29:00,5086.9,0,1,1,1,1,0,0,0
9813,2026-02-04 18:29:00,5087.0,0,2,2,2,1,0,0,0
9813,2026-02-04 18:29:00,5087.1,0,1,1,1,1,0,0,0
9813,2026-02-04 18:29:00,5087.4,0,0,1,0,1,0,0,0
9813,2026-02-04 18:29:00,5087.8,0,2,4,2,3,0,0,0
9813,2026-02-04 18:29:00,5087.9,0,5,5,5,2,0,0,0
9813,2026-02-04 18:29:00,5088.0,0,1,1,1,1,0,0,0
9813,2026-02-04 18:29:00,5088.1,0,2,2,2,1,0,0,0
9813,2026-02-04 18:29:00,5088.2,0,1,1,1,1,0,0,0
9813,2026-02-04 18:29:00,5088.4,0,4,4,4,4,0,0,0
9813,2026-02-04 18:29:00,5090.7,0,1,1,1,1,0,0,0
9813,2026-02-04 18:29:00,5090.8,0,1,1,1,1,0,0,0
9813,2026-02-04 18:29:00,5091.0,0,2,2,2,1,0,0,0
9813,2026-02-04 18:29:00,5091.2,0,0,1,0,1,0,0,0
9813,2026-02-04 18:29:00,5091.8,0,2,2,2,1,0,0,0
9813,2026-02-04 18:29:00,5092.0,0,1,1,1,1,0,0,0
9813,2026-02-04 18:29:00,5092.2,0,1,1,1,1,0,0,0
9813,2026-02-04 18:29:00,5092.3,0,4,4,4,2,0,0,0
9813,2026-02-04 18:29:00,5092.4,0,2,2,2,1,0,0,0
9813,2026-02-04 18:29:00,5092.7,0,0,1,0,1,0,0,0
9813,2026-02-04 18:29:00,5093.2,0,1,1,1,1,0,0,0
9813,2026-02-04 18:29:00,5093.4,0,1,3,1,3,0,0,0
9813,2026-02-04 18:29:00,5094.4,0,1,1,1,1,0,0,0
9814,2026-02-04 18:40:00,5073.9,0,0,8,0,5,0,0,0
9815,2026-02-04 18:43:00,5080.4,0,0,1,0,1,0,0,0
9815,2026-02-04 18:43:00,5082.6,0,0,1,0,1,0,0,0
9816,2026-02-04 18:50:00,5079.3,0,0,1,0,1,0,0,0
9817,2026-02-04 18:55:00,5081.3,0,0,1,0,1,0,0,0
9818,2026-02-04 18:56:00,5088.6,0,0,1,0,1,0,0,0
9819,2026-02-04 18:58:00,5091.3,0,0,1,0,1,0,0,0
9820,2026-02-04 19:06:00,5088.2,0,0,1,0,1,0,0,0
9820,2026-02-04 19:06:00,5091.0,0,0,1,0,1,0,0,0
9821,2026-02-04 19:12:00,5103.6,0,0,1,0,1,0,0,0
9822,2026-02-04 19:15:00,5108.1,0,0,1,0,1,0,0,0
9822,2026-02-04 19:15:00,5110.1,0,1,1,1,1,0,0,0
9823,2026-02-04 19:21:00,5092.8,0,1,1,1,1,0,0,0
9823,2026-02-04 19:21:00,5095.5,1,0,1,-1,1,0,0,0
9823,2026-02-04 19:21:00,5096.0,0,0,1,0,1,0,0,0
9824,2026-02-04 19:25:00,5093.7,1,0,2,-1,2,0,0,0
9824,2026-02-04 19:25:00,5094.5,0,0,2,0,1,0,0,0
9825,2026-02-04 19:28:00,5098.1,0,0,1,0,1,0,0,0
9826,2026-02-04 19:38:00,5098.9,0,0,1,0,1,0,0,0
9827,2026-02-04 19:43:00,5101.7,0,0,1,0,1,0,0,0
9828,2026-02-04 19:45:00,5103.1,0,0,1,0,1,0,0,0
9829,2026-02-04 19:48:00,5099.1,0,0,1,0,1,0,0,0
9830,2026-02-04 19:50:00,5101.0,0,0,1,0,1,0,0,0
9831,2026-02-04 19:52:00,5110.7,0,0,1,0,1,0,0,0
9831,2026-02-04 19:52:00,5111.4,0,1,1,1,1,0,0,0
9831,2026-02-04 19:52:00,5112.0,0,0,1,0,1,0,0,0
9832,2026-02-04 19:53:00,5115.6,0,0,1,0,1,0,0,0
9832,2026-02-04 19:53:00,5117.2,1,0,1,-1,1,0,0,0
9832,2026-02-04 19:53:00,5117.6,0,1,1,1,1,0,0,0
9833,2026-02-04 19:57:00,5102.9,0,0,2,0,2,0,0,0
9834,2026-02-04 19:59:00,5104.0,0,0,2,0,1,0,0,0
9835,2026-02-04 20:00:00,5104.7,0,0,2,0,2,0,0,0
9836,2026-02-04 20:01:00,5100.3,0,1,1,1,1,0,0,0
9837,2026-02-04 20:03:00,5106.4,0,0,1,0,1,0,0,0
9837,2026-02-04 20:03:00,5106.5,0,1,1,1,1,0,0,0
9838,2026-02-04 20:04:00,5107.0,0,1,1,1,1,0,0,0
9839,2026-02-04 20:14:00,5093.6,0,1,1,1,1,0,0,0
9840,2026-02-04 20:23:00,5094.0,0,0,2,0,1,0,0,0
9841,2026-02-04 20:30:00,5079.4,0,1,1,1,1,0,0,0
9841,2026-02-04 20:30:00,5083.0,0,0,1,0,1,0,0,0
9842,2026-02-04 20:35:00,5091.3,0,1,1,1,1,0,0,0
9843,2026-02-04 20:36:00,5092.5,0,0,1,0,1,0,0,0
9844,2026-02-04 20:38:00,5098.8,0,0,1,0,1,0,0,0
9845,2026-02-04 20:40:00,5107.9,0,1,1,1,1,0,0,0
9845,2026-02-04 20:40:00,5110.4,0,1,1,1,1,0,0,0
9845,2026-02-04 20:40:00,5110.5,0,1,1,1,1,0,0,0
9845,2026-02-04 20:40:00,5111.5,0,1,1,1,1,0,0,0
9846,2026-02-04 20:44:00,5107.6,0,1,4,1,4,0,0,0
9847,2026-02-04 20:47:00,5108.5,0,0,1,0,1,0,0,0
9848,2026-02-04 20:51:00,5108.9,0,1,1,1,1,0,0,0
9849,2026-02-04 20:52:00,5109.3,0,0,1,0,1,0,0,0
9850,2026-02-04 20:58:00,5105.9,0,1,1,1,1,0,0,0
9850,2026-02-04 20:58:00,5106.6,0,0,1,0,1,0,0,0
9851,2026-02-04 23:13:00,5160.0,0,0,1,0,1,0,0,0
9852,2026-02-04 23:19:00,5171.0,0,0,1,0,1,0,0,0
9853,2026-02-04 23:22:00,5173.0,0,1,1,1,1,0,0,0
9854,2026-02-04 23:30:00,5175.3,1,0,1,-1,1,0,0,0
9855,2026-02-04 23:43:00,5184.0,0,1,1,1,1,0,0,0
9856,2026-02-04 23:55:00,5182.1,0,1,1,1,1,0,0,0
9856,2026-02-04 23:55:00,5182.2,0,2,3,2,3,0,0,0
9856,2026-02-04 23:55:00,5182.4,0,0,1,0,1,0,0,0
9857,2026-02-05 00:16:00,5169.0,0,1,1,1,1,0,0,0
9858,2026-02-05 01:00:00,5170.7,0,0,1,0,1,0,0,0
9859,2026-02-05 01:04:00,5165.2,0,0,1,0,1,0,0,0
9860,2026-02-05 01:50:00,5141.2,0,0,2,0,1,0,0,0
9861,2026-02-05 01:54:00,5138.7,0,1,1,1,1,0,0,0
9862,2026-02-05 02:01:00,5112.6,1,0,1,-1,1,0,0,0
9862,2026-02-05 02:01:00,5113.5,0,0,1,0,1,0,0,0
9863,2026-02-05 02:04:00,5112.4,1,0,1,-1,1,0,0,0
9864,2026-02-05 02:09:00,5095.2,1,0,1,-1,1,0,0,0
9865,2026-02-05 02:14:00,5077.5,1,0,1,-1,1,0,0,0
9866,2026-02-05 02:29:00,5097.6,0,0,1,0,1,0,0,0
9867,2026-02-05 02:32:00,5085.1,1,0,1,-1,1,0,0,0
9867,2026-02-05 02:32:00,5086.7,0,1,1,1,1,0,0,0
9868,2026-02-05 02:33:00,5072.7,0,0,1,0,1,0,0,0
9868,2026-02-05 02:33:00,5074.1,0,0,1,0,1,0,0,0
9868,2026-02-05 02:33:00,5075.2,1,0,1,-1,1,0,0,0
9868,2026-02-05 02:33:00,5075.7,1,0,1,-1,1,0,0,0
9869,2026-02-05 02:38:00,5073.8,1,0,1,-1,1,0,0,0
9870,2026-02-05 02:47:00,5000.0,0,0,1,0,1,0,0,0
9871,2026-02-05 02:48:00,5001.1,1,0,1,-1,1,0,0,0
9871,2026-02-05 02:48:00,5005.0,0,0,10,0,9,0,0,0
9872,2026-02-05 02:50:00,4996.2,1,0,1,-1,1,0,0,0
9872,2026-02-05 02:50:00,4998.2,0,0,4,0,2,0,0,0
9873,2026-02-05 02:51:00,4980.0,5,0,5,-5,5,0,0,0
9873,2026-02-05 02:51:00,4985.0,0,0,1,0,1,0,0,0
9874,2026-02-05 02:53:00,4985.0,0,1,24,1,10,0,0,0
9875,2026-02-05 02:54:00,4999.0,0,0,1,0,1,0,0,0
9875,2026-02-05 02:54:00,5002.7,0,0,1,0,1,0,0,0
9875,2026-02-05 02:54:00,5004.2,0,0,1,0,1,0,0,0
9876,2026-02-05 02:55:00,4998.3,0,0,1,0,1,0,0,0
9876,2026-02-05 02:55:00,4998.9,0,0,1,0,1,0,0,0
9876,2026-02-05 02:55:00,4999.0,0,0,1,0,1,0,0,0
9877,2026-02-05 02:56:00,4999.1,0,0,1,0,1,0,0,0
9878,2026-02-05 03:04:00,4984.2,1,0,1,-1,1,0,0,0
9878,2026-02-05 03:04:00,4992.8,0,0,1,0,1,0,0,0
9879,2026-02-05 03:14:00,5000.4,1,0,1,-1,1,0,0,0
9879,2026-02-05 03:14:00,5000.5,1,0,1,-1,1,0,0,0
9879,2026-02-05 03:14:00,5001.5,1,0,1,-1,1,0,0,0
9879,2026-02-05 03:14:00,5001.7,1,0,1,-1,1,0,0,0
9880,2026-02-05 03:16:00,4987.2,1,0,1,-1,1,0,0,0
9881,2026-02-05 03:21:00,5037.3,0,0,1,0,1,0,0,0
9882,2026-02-05 03:22:00,5034.9,0,1,1,1,1,0,0,0
9883,2026-02-05 03:23:00,5021.2,1,0,1,-1,1,0,0,0
9883,2026-02-05 03:23:00,5021.9,0,0,1,0,1,0,0,0
9883,2026-02-05 03:23:00,5022.0,0,0,1,0,1,0,0,0
9883,2026-02-05 03:23:00,5026.1,1,0,1,-1,1,0,0,0
9884,2026-02-05 03:24:00,5029.7,0,0,1,0,1,0,0,0
9885,2026-02-05 03:25:00,5026.5,0,0,1,0,1,0,0,0
9885,2026-02-05 03:25:00,5028.4,0,1,1,1,1,0,0,0
9885,2026-02-05 03:25:00,5030.0,0,0,1,0,1,0,0,0
9886,2026-02-05 03:26:00,5031.9,0,0,1,0,1,0,0,0
9887,2026-02-05 03:28:00,5014.1,1,0,1,-1,1,0,0,0
9887,2026-02-05 03:28:00,5014.2,1,0,1,-1,1,0,0,0
9887,2026-02-05 03:28:00,5017.2,1,0,1,-1,1,0,0,0
9887,2026-02-05 03:28:00,5018.2,0,0,1,0,1,0,0,0
9888,2026-02-05 03:30:00,4999.9,1,0,1,-1,1,0,0,0
9889,2026-02-05 03:33:00,5022.3,0,0,1,0,1,0,0,0
9890,2026-02-05 03:36:00,5000.3,1,0,1,-1,1,0,0,0
9891,2026-02-05 03:41:00,5023.0,0,0,1,0,1,0,0,0
9892,2026-02-05 03:47:00,5020.6,0,0,1,0,1,0,0,0
9893,2026-02-05 03:48:00,5024.7,0,1,1,1,1,0,0,0
9893,2026-02-05 03:48:00,5026.5,0,0,1,0,1,0,0,0
9894,2026-02-05 03:50:00,5018.1,1,0,1,-1,1,0,0,0
9895,2026-02-05 03:54:00,5031.0,0,0,1,0,1,0,0,0
9896,2026-02-05 03:59:00,5033.6,0,0,1,0,1,0,0,0
9897,2026-02-05 04:00:00,5038.0,0,0,1,0,1,0,0,0
9898,2026-02-05 04:02:00,5030.0,0,0,1,0,1,0,0,0
9898,2026-02-05 04:02:00,5033.2,1,0,1,-1,1,0,0,0
9899,2026-02-05 04:06:00,5018.5,1,0,1,-1,1,0,0,0
9899,2026-02-05 04:06:00,5018.7,1,0,1,-1,1,0,0,0
9899,2026-02-05 04:06:00,5018.9,0,0,1,0,1,0,0,0
9899,2026-02-05 04:06:00,5020.6,0,0,1,0,1,0,0,0
9899,2026-02-05 04:06:00,5023.4,0,0,1,0,1,0,0,0
9900,2026-02-05 04:07:00,5019.0,0,0,1,0,1,0,0,0
9901,2026-02-05 04:10:00,5022.2,1,0,1,-1,1,0,0,0
9901,2026-02-05 04:10:00,5022.5,0,0,1,0,1,0,0,0
9902,2026-02-05 04:17:00,5033.6,0,0,1,0,1,0,0,0
9903,2026-02-05 04:18:00,5034.6,0,0,1,0,1,0,0,0
9904,2026-02-05 04:19:00,5036.2,0,1,1,1,1,0,0,0
9905,2026-02-05 04:21:00,5042.8,0,0,1,0,1,0,0,0
9906,2026-02-05 04:22:00,5040.2,0,1,1,1,1,0,0,0
9906,2026-02-05 04:22:00,5044.2,1,0,2,-1,2,0,0,0
9906,2026-02-05 04:22:00,5044.3,0,0,1,0,1,0,0,0
9906,2026-02-05 04:22:00,5044.9,0,1,1,1,1,0,0,0
9907,2026-02-05 04:24:00,5042.4,0,0,1,0,1,0,0,0
9908,2026-02-05 04:28:00,5036.0,1,0,1,-1,1,0,0,0
9909,2026-02-05 04:29:00,5042.2,0,1,1,1,1,0,0,0
9910,2026-02-05 04:31:00,5037.8,1,0,1,-1,1,0,0,0
9911,2026-02-05 04:34:00,5033.9,1,0,1,-1,1,0,0,0
9911,2026-02-05 04:34:00,5035.3,0,0,1,0,1,0,0,0
9912,2026-02-05 04:35:00,5042.8,0,0,1,0,1,0,0,0
9913,2026-02-05 04:42:00,5032.3,0,0,1,0,1,0,0,0
9914,2026-02-05 04:44:00,5036.4,0,0,1,0,1,0,0,0
9915,2026-02-05 04:45:00,5039.3,0,0,1,0,1,0,0,0
9916,2026-02-05 04:51:00,5039.4,0,1,1,1,1,0,0,0
9917,2026-02-05 04:52:00,5039.3,1,0,1,-1,1,0,0,0
9918,2026-02-05 04:59:00,5022.7,1,0,1,-1,1,0,0,0
9918,2026-02-05 04:59:00,5022.9,0,0,1,0,1,0,0,0
9919,2026-02-05 05:00:00,5018.0,1,0,1,-1,1,0,0,0
9920,2026-02-05 05:15:00,5006.4,0,0,1,0,1,0,0,0
9921,2026-02-05 05:16:00,5006.7,0,0,1,0,1,0,0,0
9922,2026-02-05 05:18:00,5003.8,0,0,1,0,1,0,0,0
9922,2026-02-05 05:18:00,5005.0,0,0,1,0,1,0,0,0
9923,2026-02-05 05:21:00,5001.0,0,0,1,0,1,0,0,0
9923,2026-02-05 05:21:00,5001.4,1,0,1,-1,1,0,0,0
9923,2026-02-05 05:21:00,5001.6,1,0,1,-1,1,0,0,0
9924,2026-02-05 05:26:00,5006.7,1,0,1,-1,1,0,0,0
9925,2026-02-05 05:36:00,4986.1,0,0,1,0,1,0,0,0
9925,2026-02-05 05:36:00,4989.8,1,0,1,-1,1,0,0,0
9926,2026-02-05 05:37:00,4986.4,0,0,1,0,1,0,0,0
9927,2026-02-05 05:38:00,5006.9,0,0,1,0,1,0,0,0
9928,2026-02-05 05:52:00,5050.7,0,1,1,1,1,0,0,0
9929,2026-02-05 05:53:00,5054.3,0,0,1,0,1,0,0,0
9929,2026-02-05 05:53:00,5055.4,0,0,1,0,1,0,0,0
9930,2026-02-05 06:07:00,5054.4,0,1,1,1,1,0,0,0
9930,2026-02-05 06:07:00,5056.0,0,1,1,1,1,0,0,0
9931,2026-02-05 06:08:00,5056.2,0,1,1,1,1,0,0,0
9931,2026-02-05 06:08:00,5056.5,0,1,1,1,1,0,0,0
9931,2026-02-05 06:08:00,5056.7,0,1,1,1,1,0,0,0
9931,2026-02-05 06:08:00,5056.8,0,1,1,1,1,0,0,0
9931,2026-02-05 06:08:00,5057.7,0,1,1,1,1,0,0,0
9932,2026-02-05 06:16:00,5057.9,1,0,1,-1,1,0,0,0
9932,2026-02-05 06:16:00,5065.7,0,1,1,1,1,0,0,0
9933,2026-02-05 06:18:00,5070.2,0,1,1,1,1,0,0,0
9933,2026-02-05 06:18:00,5071.1,1,0,1,-1,1,0,0,0
9934,2026-02-05 06:19:00,5075.5,0,0,1,0,1,0,0,0
9935,2026-02-05 06:24:00,5070.0,0,0,1,0,1,0,0,0
9936,2026-02-05 06:27:00,5075.5,0,0,1,0,1,0,0,0
9937,2026-02-05 06:28:00,5079.0,0,0,1,0,1,0,0,0
9937,2026-02-05 06:28:00,5080.9,1,0,1,-1,1,0,0,0
9938,2026-02-05 06:29:00,5081.1,0,0,1,0,1,0,0,0
9939,2026-02-05 06:36:00,5064.7,0,0,1,0,1,0,0,0
9939,2026-02-05 06:36:00,5070.0,0,3,4,3,4,0,0,0
9939,2026-02-05 06:36:00,5070.1,1,0,1,-1,1,0,0,0
9939,2026-02-05 06:36:00,5070.4,2,0,2,-2,1,0,0,0
9939,2026-02-05 06:36:00,5070.5,1,0,1,-1,1,0,0,0
9939,2026-02-05 06:36:00,5070.7,1,0,1,-1,1,0,0,0
9939,2026-02-05 06:36:00,5070.8,3,0,3,-3,1,0,0,0
9939,2026-02-05 06:36:00,5070.9,1,0,1,-1,1,0,0,0
9939,2026-02-05 06:36:00,5071.0,3,0,3,-3,1,0,0,0
9939,2026-02-05 06:36:00,5071.7,1,0,1,-1,1,0,0,0
9939,2026-02-05 06:36:00,5071.8,1,0,1,-1,1,0,0,0
9939,2026-02-05 06:36:00,5072.0,1,0,1,-1,1,0,0,0
9940,2026-02-05 06:42:00,5076.5,0,0,1,0,1,0,0,0
9940,2026-02-05 06:42:00,5079.2,0,0,1,0,1,0,0,0
9940,2026-02-05 06:42:00,5080.0,0,1,1,1,1,0,0,0
9941,2026-02-05 06:54:00,5058.5,1,0,1,-1,1,0,0,0
9942,2026-02-05 07:01:00,5074.4,0,1,1,1,1,0,0,0
9943,2026-02-05 07:02:00,5081.0,0,0,1,0,1,0,0,0
9944,2026-02-05 07:03:00,5080.8,0,0,1,0,1,0,0,0
9944,2026-02-05 07:03:00,5081.5,0,0,1,0,1,0,0,0
9945,2026-02-05 07:09:00,5081.3,0,1,1,1,1,0,0,0
9946,2026-02-05 07:11:00,5082.2,0,1,1,1,1,0,0,0
9947,2026-02-05 07:12:00,5080.0,0,0,2,0,2,0,0,0
9947,2026-02-05 07:12:00,5080.3,0,0,1,0,1,0,0,0
9948,2026-02-05 07:28:00,5090.4,0,1,1,1,1,0,0,0
9949,2026-02-05 07:29:00,5087.3,1,0,1,-1,1,0,0,0
9949,2026-02-05 07:29:00,5087.4,1,0,1,-1,1,0,0,0
9950,2026-02-05 07:32:00,5078.0,0,0,2,0,1,0,0,0
9951,2026-02-05 07:35:00,5072.0,1,0,1,-1,1,0,0,0
9951,2026-02-05 07:35:00,5072.7,1,0,1,-1,1,0,0,0
9951,2026-02-05 07:35:00,5073.3,0,0,1,0,1,0,0,0
9952,2026-02-05 07:51:00,5072.6,0,1,1,1,1,0,0,0
9953,2026-02-05 07:53:00,5074.8,0,1,1,1,1,0,0,0
9953,2026-02-05 07:53:00,5075.0,0,1,1,1,1,0,0,0
9953,2026-02-05 07:53:00,5075.1,0,1,1,1,1,0,0,0
9953,2026-02-05 07:53:00,5075.2,0,1,1,1,1,0,0,0
9953,2026-02-05 07:53:00,5075.3,0,1,1,1,1,0,0,0
9954,2026-02-05 07:54:00,5073.2,0,0,1,0,1,0,0,0
9955,2026-02-05 07:55:00,5071.4,1,0,1,-1,1,0,0,0
9956,2026-02-05 08:01:00,5070.0,2,0,3,-2,2,0,0,0
9956,2026-02-05 08:01:00,5070.3,1,0,1,-1,1,0,0,0
9956,2026-02-05 08:01:00,5072.1,0,0,2,0,2,0,0,0
9956,2026-02-05 08:01:00,5072.4,0,0,1,0,1,0,0,0
9956,2026-02-05 08:01:00,5072.5,0,0,2,0,2,0,0,0
9956,2026-02-05 08:01:00,5072.6,0,0,2,0,2,0,0,0
9956,2026-02-05 08:01:00,5072.7,0,0,1,0,1,0,0,0
9956,2026-02-05 08:01:00,5074.4,1,0,1,-1,1,0,0,0
9957,2026-02-05 08:09:00,5077.4,0,1,1,1,1,0,0,0
9958,2026-02-05 08:10:00,5081.8,0,1,1,1,1,0,0,0
9958,2026-02-05 08:10:00,5081.9,0,0,1,0,1,0,0,0
9959,2026-02-05 08:11:00,5083.7,0,1,1,1,1,0,0,0
9959,2026-02-05 08:11:00,5083.9,0,1,1,1,1,0,0,0
9960,2026-02-05 08:26:00,5082.2,1,0,1,-1,1,0,0,0
9960,2026-02-05 08:26:00,5082.4,1,0,1,-1,1,0,0,0
9961,2026-02-05 08:30:00,5075.0,0,0,2,0,2,0,0,0
9962,2026-02-05 08:34:00,5084.0,0,1,1,1,1,0,0,0
9962,2026-02-05 08:34:00,5084.8,0,0,1,0,1,0,0,0
9963,2026-02-05 09:03:00,5051.7,1,0,1,-1,1,0,0,0
9963,2026-02-05 09:03:00,5052.2,1,0,1,-1,1,0,0,0
9964,2026-02-05 09:17:00,5029.3,0,1,1,1,1,0,0,0
9965,2026-02-05 09:23:00,5037.8,0,0,1,0,1,0,0,0
9965,2026-02-05 09:23:00,5038.4,0,1,1,1,1,0,0,0
9965,2026-02-05 09:23:00,5038.6,0,1,1,1,1,0,0,0
9965,2026-02-05 09:23:00,5038.7,0,0,1,0,1,0,0,0
9966,2026-02-05 09:26:00,5043.5,0,1,1,1,1,0,0,0
9967,2026-02-05 09:49:00,5040.0,1,0,1,-1,1,0,0,0
9968,2026-02-05 10:11:00,5019.4,0,0,1,0,1,0,0,0
9969,2026-02-05 10:13:00,5021.4,0,0,1,0,1,0,0,0
9970,2026-02-05 10:23:00,5011.7,0,0,1,0,1,0,0,0
9970,2026-02-05 10:23:00,5012.4,0,0,1,0,1,0,0,0
9970,2026-02-05 10:23:00,5013.6,1,0,1,-1,1,0,0,0
9971,2026-02-05 10:24:00,5019.4,0,0,1,0,1,0,0,0
9972,2026-02-05 10:27:00,5007.5,1,0,1,-1,1,0,0,0
9973,2026-02-05 11:04:00,5035.1,0,0,1,0,1,0,0,0
9974,2026-02-05 11:20:00,5036.4,0,0,1,0,1,0,0,0
9975,2026-02-05 12:05:00,5016.1,1,0,1,-1,1,0,0,0
9975,2026-02-05 12:05:00,5017.6,0,0,1,0,1,0,0,0
9975,2026-02-05 12:05:00,5017.7,0,0,1,0,1,0,0,0
9975,2026-02-05 12:05:00,5019.4,2,0,2,-2,2,0,0,0
9975,2026-02-05 12:05:00,5020.0,0,0,5,0,5,0,0,0
9976,2026-02-05 12:11:00,4999.0,1,0,1,-1,1,0,0,0
9977,2026-02-05 12:18:00,4989.9,1,0,1,-1,1,0,0,0
9978,2026-02-05 12:31:00,5013.8,0,1,1,1,1,0,0,0
9979,2026-02-05 12:59:00,5003.6,1,0,1,-1,1,0,0,0
9980,2026-02-05 13:04:00,4970.3,2,0,2,-2,1,0,0,0
9980,2026-02-05 13:04:00,4970.4,1,0,1,-1,1,0,0,0
9980,2026-02-05 13:04:00,4970.7,1,0,1,-1,1,0,0,0
9980,2026-02-05 13:04:00,4970.8,1,0,1,-1,1,0,0,0
9980,2026-02-05 13:04:00,4970.9,1,0,1,-1,1,0,0,0
9980,2026-02-05 13:04:00,4971.1,1,0,1,-1,1,0,0,0
9980,2026-02-05 13:04:00,4971.3,1,0,1,-1,1,0,0,0
9980,2026-02-05 13:04:00,4971.6,1,0,1,-1,1,0,0,0
9980,2026-02-05 13:04:00,4971.7,1,0,1,-1,1,0,0,0
9980,2026-02-05 13:04:00,4972.0,0,0,1,0,1,0,0,0
9980,2026-02-05 13:04:00,4972.2,2,0,2,-2,1,0,0,0
9980,2026-02-05 13:04:00,4972.3,2,0,2,-2,1,0,0,0
9980,2026-02-05 13:04:00,4972.5,2,0,2,-2,2,0,0,0
9980,2026-02-05 13:04:00,4972.6,0,0,1,0,1,0,0,0
9980,2026-02-05 13:04:00,4973.1,0,0,1,0,1,0,0,0
9980,2026-02-05 13:04:00,4973.2,0,0,1,0,1,0,0,0
9981,2026-02-05 13:06:00,4955.2,1,0,1,-1,1,0,0,0
9981,2026-02-05 13:06:00,4955.5,1,0,1,-1,1,0,0,0
9981,2026-02-05 13:06:00,4956.3,0,0,1,0,1,0,0,0
9981,2026-02-05 13:06:00,4964.3,1,0,1,-1,1,0,0,0
9982,2026-02-05 13:07:00,4971.3,1,0,1,-1,1,0,0,0
9982,2026-02-05 13:07:00,4974.6,1,0,1,-1,1,0,0,0
9982,2026-02-05 13:07:00,4977.3,1,0,1,-1,1,0,0,0
9982,2026-02-05 13:07:00,4978.3,1,0,1,-1,1,0,0,0
9983,2026-02-05 13:08:00,4972.0,0,0,1,0,1,0,0,0
9983,2026-02-05 13:08:00,4976.0,1,0,1,-1,1,0,0,0
9984,2026-02-05 13:15:00,4995.5,0,2,2,2,2,0,0,0
9985,2026-02-05 13:17:00,4993.0,1,0,1,-1,1,0,0,0
9986,2026-02-05 13:18:00,4997.8,0,1,1,1,1,0,0,0
9987,2026-02-05 13:30:00,5017.3,0,2,2,2,2,0,0,0
9988,2026-02-05 13:48:00,4988.1,1,0,1,-1,1,0,0,0
9989,2026-02-05 13:49:00,4984.9,0,1,1,1,1,0,0,0
9990,2026-02-05 13:59:00,4983.3,1,0,1,-1,1,0,0,0
9991,2026-02-05 14:15:00,4972.9,1,0,1,-1,1,0,0,0
9992,2026-02-05 14:16:00,4971.0,1,0,1,-1,1,0,0,0
9992,2026-02-05 14:16:00,4974.0,0,0,1,0,1,0,0,0
9993,2026-02-05 14:21:00,4971.6,0,0,1,0,1,0,0,0
9994,2026-02-05 14:30:00,4983.6,0,0,2,0,2,0,0,0
9995,2026-02-05 14:31:00,4978.2,0,0,1,0,1,0,0,0
9996,2026-02-05 14:34:00,4975.5,1,0,1,-1,1,0,0,0
9996,2026-02-05 14:34:00,4975.7,1,0,1,-1,1,0,0,0
9997,2026-02-05 14:35:00,4972.7,1,0,1,-1,1,0,0,0
9997,2026-02-05 14:35:00,4975.6,1,0,1,-1,1,0,0,0
9998,2026-02-05 14:36:00,4973.6,1,0,1,-1,1,0,0,0
9999,2026-02-05 14:38:00,4988.2,2,0,2,-2,1,0,0,0
9999,2026-02-05 14:38:00,4988.3,1,0,1,-1,1,0,0,0
9999,2026-02-05 14:38:00,4988.4,1,0,1,-1,1,0,0,0
9999,2026-02-05 14:38:00,4988.5,1,0,1,-1,1,0,0,0
10000,2026-02-05 14:40:00,5009.1,0,1,1,1,1,0,0,0
10001,2026-02-05 14:42:00,5014.9,0,1,1,1,1,0,0,0
10002,2026-02-05 14:50:00,5013.5,0,1,1,1,1,0,0,0
10003,2026-02-05 15:22:00,4983.3,1,0,1,-1,1,0,0,0
10004,2026-02-05 15:27:00,4971.3,1,0,1,-1,1,0,0,0
10004,2026-02-05 15:27:00,4971.4,1,0,1,-1,1,0,0,0
10004,2026-02-05 15:27:00,4972.3,0,0,1,0,1,0,0,0
10005,2026-02-05 15:29:00,4969.9,0,0,1,0,1,0,0,0
10005,2026-02-05 15:29:00,4973.0,0,0,1,0,1,0,0,0
10006,2026-02-05 15:31:00,4972.1,2,0,2,-2,1,0,0,0
10006,2026-02-05 15:31:00,4972.2,1,0,1,-1,1,0,0,0
10006,2026-02-05 15:31:00,4972.3,1,0,1,-1,1,0,0,0
10006,2026-02-05 15:31:00,4972.4,1,0,1,-1,1,0,0,0
10006,2026-02-05 15:31:00,4973.5,1,0,1,-1,1,0,0,0
10006,2026-02-05 15:31:00,4973.6,1,0,1,-1,1,0,0,0
10007,2026-02-05 15:34:00,4970.0,0,0,4,0,2,0,0,0
10008,2026-02-05 15:35:00,4970.0,0,1,4,1,3,0,0,0
10009,2026-02-05 15:41:00,4977.6,1,0,1,-1,1,0,0,0
10010,2026-02-05 15:43:00,4968.7,1,0,1,-1,1,0,0,0
10010,2026-02-05 15:43:00,4968.8,2,0,2,-2,2,0,0,0
10010,2026-02-05 15:43:00,4969.2,1,0,1,-1,1,0,0,0
10011,2026-02-05 15:55:00,4969.5,0,0,10,0,5,0,0,0
10012,2026-02-05 15:57:00,4959.6,0,0,1,0,1,0,0,0
10012,2026-02-05 15:57:00,4960.0,0,0,1,0,1,0,0,0
10013,2026-02-05 16:17:00,4984.0,1,0,1,-1,1,0,0,0
10014,2026-02-05 16:21:00,4993.5,0,1,1,1,1,0,0,0
10014,2026-02-05 16:21:00,4993.6,0,2,2,2,1,0,0,0
10014,2026-02-05 16:21:00,4994.0,0,2,2,2,1,0,0,0
10015,2026-02-05 16:22:00,5001.6,0,2,2,2,1,0,0,0
10015,2026-02-05 16:22:00,5001.8,0,2,2,2,1,0,0,0
10015,2026-02-05 16:22:00,5002.3,0,1,1,1,1,0,0,0
10016,2026-02-05 16:23:00,5002.5,0,1,1,1,1,0,0,0
10016,2026-02-05 16:23:00,5002.7,0,2,2,2,1,0,0,0
10016,2026-02-05 16:23:00,5002.8,0,1,1,1,1,0,0,0
10016,2026-02-05 16:23:00,5002.9,0,1,1,1,1,0,0,0
10017,2026-02-05 16:25:00,5004.9,0,1,1,1,1,0,0,0
10017,2026-02-05 16:25:00,5005.0,0,2,2,2,1,0,0,0
10017,2026-02-05 16:25:00,5005.1,0,2,2,2,1,0,0,0
10018,2026-02-05 16:26:00,5004.7,0,1,1,1,1,0,0,0
10019,2026-02-05 16:32:00,5007.4,0,1,1,1,1,0,0,0
10019,2026-02-05 16:32:00,5008.4,0,1,1,1,1,0,0,0
10019,2026-02-05 16:32:00,5010.3,0,0,1,0,1,0,0,0
10020,2026-02-05 16:39:00,5018.9,0,1,1,1,1,0,0,0
10021,2026-02-05 16:56:00,5046.0,0,0,1,0,1,0,0,0
10022,2026-02-05 17:33:00,5015.0,1,0,1,-1,1,0,0,0
10022,2026-02-05 17:33:00,5015.7,1,0,1,-1,1,0,0,0
10022,2026-02-05 17:33:00,5016.3,2,0,2,-2,2,0,0,0
10023,2026-02-05 18:29:00,5023.4,1,0,1,-1,1,0,0,0
10023,2026-02-05 18:29:00,5024.0,0,1,1,1,1,0,0,0
10024,2026-02-05 19:53:00,4980.4,0,0,1,0,1,0,0,0
10024,2026-02-05 19:53:00,4980.9,2,0,2,-2,1,0,0,0
10024,2026-02-05 19:53:00,4981.5,1,0,1,-1,1,0,0,0
10024,2026-02-05 19:53:00,4982.0,2,0,5,-2,4,0,0,0
10025,2026-02-05 19:54:00,4983.5,0,0,1,0,1,0,0,0
10026,2026-02-05 20:12:00,4985.0,0,0,1,0,1,0,0,0
10027,2026-02-05 20:17:00,4987.0,0,0,1,0,1,0,0,0
10028,2026-02-05 20:21:00,4972.8,1,0,1,-1,1,0,0,0
10029,2026-02-05 20:30:00,4982.3,1,0,1,-1,1,0,0,0
10030,2026-02-05 20:37:00,4970.9,1,0,1,-1,1,0,0,0
10031,2026-02-05 20:38:00,4965.8,1,0,1,-1,1,0,0,0
10032,2026-02-05 20:42:00,4963.6,1,0,1,-1,1,0,0,0
10032,2026-02-05 20:42:00,4964.3,1,0,1,-1,1,0,0,0
10033,2026-02-05 20:48:00,4962.0,0,0,1,0,1,0,0,0
10034,2026-02-05 23:15:00,4917.3,1,0,1,-1,1,0,0,0
10034,2026-02-05 23:15:00,4917.9,1,0,1,-1,1,0,0,0
10035,2026-02-05 23:25:00,4907.4,1,0,1,-1,1,0,0,0
10036,2026-02-05 23:33:00,4900.0,0,0,1,0,1,0,0,0
10037,2026-02-05 23:36:00,4894.0,0,0,1,0,1,0,0,0
10038,2026-02-05 23:52:00,4859.0,0,0,1,0,1,0,0,0
10039,2026-02-05 23:55:00,4860.9,1,0,1,-1,1,0,0,0
10039,2026-02-05 23:55:00,4866.6,1,0,1,-1,1,0,0,0
10039,2026-02-05 23:55:00,4866.7,1,0,1,-1,1,0,0,0
10039,2026-02-05 23:55:00,4866.8,1,0,1,-1,1,0,0,0
10039,2026-02-05 23:55:00,4867.2,1,0,1,-1,1,0,0,0
10040,2026-02-05 23:59:00,4850.0,0,0,1,0,1,0,0,0
10041,2026-02-06 00:00:00,4849.0,0,0,1,0,1,0,0,0
10042,2026-02-06 00:02:00,4845.2,0,0,1,0,1,0,0,0
10043,2026-02-06 00:03:00,4836.9,0,0,1,0,1,0,0,0
10043,2026-02-06 00:03:00,4841.6,0,0,1,0,1,0,0,0
10044,2026-02-06 00:04:00,4833.2,1,0,1,-1,1,0,0,0
10045,2026-02-06 00:08:00,4842.3,0,0,1,0,1,0,0,0
10046,2026-02-06 00:10:00,4833.2,0,1,1,1,1,0,0,0
10047,2026-02-06 00:11:00,4849.0,0,0,1,0,1,0,0,0
10048,2026-02-06 00:15:00,4822.8,1,0,1,-1,1,0,0,0
10049,2026-02-06 00:16:00,4814.0,0,0,1,0,1,0,0,0
10050,2026-02-06 00:17:00,4800.0,0,0,2,0,2,0,0,0
10051,2026-02-06 00:25:00,4841.6,0,0,1,0,1,0,0,0
10052,2026-02-06 00:33:00,4863.5,0,1,1,1,1,0,0,0
10053,2026-02-06 00:35:00,4883.8,0,1,1,1,1,0,0,0
10053,2026-02-06 00:35:00,4885.0,0,0,3,0,1,0,0,0
10054,2026-02-06 00:36:00,4878.6,0,0,3,0,3,0,0,0
10054,2026-02-06 00:36:00,4880.0,0,0,1,0,1,0,0,0
10055,2026-02-06 00:37:00,4882.7,0,1,1,1,1,0,0,0
10056,2026-02-06 00:51:00,4900.0,1,0,1,-1,1,0,0,0
10057,2026-02-06 00:57:00,4899.0,0,1,1,1,1,0,0,0
10058,2026-02-06 00:59:00,4910.1,0,1,1,1,1,0,0,0
10058,2026-02-06 00:59:00,4910.2,0,3,3,3,1,0,0,0
10058,2026-02-06 00:59:00,4910.3,0,3,3,3,2,0,0,0
10058,2026-02-06 00:59:00,4910.4,0,1,1,1,1,0,0,0
10058,2026-02-06 00:59:00,4910.5,0,2,2,2,1,0,0,0
10059,2026-02-06 01:01:00,4863.4,1,0,1,-1,1,0,0,0
10059,2026-02-06 01:01:00,4863.5,1,0,1,-1,1,0,0,0
10059,2026-02-06 01:01:00,4873.6,1,0,1,-1,1,0,0,0
10059,2026-02-06 01:01:00,4877.5,1,0,1,-1,1,0,0,0
10060,2026-02-06 01:02:00,4837.9,1,0,1,-1,1,0,0,0
10060,2026-02-06 01:02:00,4838.3,1,0,1,-1,1,0,0,0
10060,2026-02-06 01:02:00,4839.2,1,0,1,-1,1,0,0,0
10060,2026-02-06 01:02:00,4843.0,1,0,1,-1,1,0,0,0
10060,2026-02-06 01:02:00,4861.1,1,0,1,-1,1,0,0,0
10061,2026-02-06 01:03:00,4864.3,1,0,1,-1,1,0,0,0
10061,2026-02-06 01:03:00,4867.5,1,0,1,-1,1,0,0,0
10061,2026-02-06 01:03:00,4869.1,1,0,1,-1,1,0,0,0
10062,2026-02-06 01:05:00,4888.4,1,0,1,-1,1,0,0,0
10063,2026-02-06 01:13:00,4888.8,0,1,1,1,1,0,0,0
10064,2026-02-06 01:19:00,4857.5,1,0,1,-1,1,0,0,0
10064,2026-02-06 01:19:00,4858.7,1,0,1,-1,1,0,0,0
10064,2026-02-06 01:19:00,4858.8,1,1,2,0,2,0,0,0
10064,2026-02-06 01:19:00,4859.0,1,0,1,-1,1,0,0,0
10064,2026-02-06 01:19:00,4859.2,1,0,1,-1,1,0,0,0
10064,2026-02-06 01:19:00,4859.9,1,0,1,-1,1,0,0,0
10064,2026-02-06 01:19:00,4860.0,0,0,1,0,1,0,0,0
10065,2026-02-06 01:21:00,4865.9,1,0,1,-1,1,0,0,0
10065,2026-02-06 01:21:00,4866.0,1,0,1,-1,1,0,0,0
10065,2026-02-06 01:21:00,4866.3,1,0,1,-1,1,0,0,0
10066,2026-02-06 01:22:00,4865.0,0,0,1,0,1,0,0,0
10067,2026-02-06 01:41:00,4883.3,1,0,1,-1,1,0,0,0
10068,2026-02-06 01:56:00,4924.6,0,1,1,1,1,0,0,0
10069,2026-02-06 02:00:00,4922.0,0,1,1,1,1,0,0,0
10069,2026-02-06 02:00:00,4923.9,0,1,1,1,1,0,0,0
10069,2026-02-06 02:00:00,4924.7,0,0,2,0,2,0,0,0
10069,2026-02-06 02:00:00,4925.6,0,0,2,0,1,0,0,0
10069,2026-02-06 02:00:00,4925.9,0,0,2,0,2,0,0,0
10070,2026-02-06 02:01:00,4924.0,0,0,1,0,1,0,0,0
10070,2026-02-06 02:01:00,4925.5,0,0,1,0,1,0,0,0
10070,2026-02-06 02:01:00,4926.1,0,0,1,0,1,0,0,0
10071,2026-02-06 02:10:00,4936.5,0,0,1,0,1,0,0,0
10072,2026-02-06 02:11:00,4938.6,0,0,1,0,1,0,0,0
10073,2026-02-06 02:12:00,4941.3,0,0,8,0,3,0,0,0
10073,2026-02-06 02:12:00,4942.2,0,1,1,1,1,0,0,0
10074,2026-02-06 02:13:00,4936.3,0,0,1,0,1,0,0,0
10074,2026-02-06 02:13:00,4939.8,0,0,1,0,1,0,0,0
10074,2026-02-06 02:13:00,4940.7,0,1,1,1,1,0,0,0
10075,2026-02-06 02:14:00,4932.5,0,0,1,0,1,0,0,0
10075,2026-02-06 02:14:00,4933.6,0,0,1,0,1,0,0,0
10076,2026-02-06 02:18:00,4945.1,0,1,1,1,1,0,0,0
10077,2026-02-06 02:23:00,4942.7,0,0,10,0,6,0,0,0
10078,2026-02-06 02:25:00,4939.8,0,0,1,0,1,0,0,0
10078,2026-02-06 02:25:00,4942.9,0,1,1,1,1,0,0,0
10079,2026-02-06 02:28:00,4948.7,0,1,1,1,1,0,0,0
10080,2026-02-06 02:31:00,4971.0,0,0,1,0,1,0,0,0
10080,2026-02-06 02:31:00,4974.0,0,1,1,1,1,0,0,0
10080,2026-02-06 02:31:00,4974.3,0,1,4,1,2,0,0,0
10081,2026-02-06 02:33:00,4974.6,0,1,1,1,1,0,0,0
10082,2026-02-06 02:34:00,4981.5,0,1,1,1,1,0,0,0
10083,2026-02-06 02:35:00,4980.6,0,1,1,1,1,0,0,0
10084,2026-02-06 02:38:00,4983.7,0,1,1,1,1,0,0,0
10085,2026-02-06 02:40:00,4977.5,0,1,1,1,1,0,0,0
10086,2026-02-06 02:41:00,4988.5,0,1,1,1,1,0,0,0
10087,2026-02-06 02:42:00,4990.9,0,1,1,1,1,0,0,0
10087,2026-02-06 02:42:00,4994.8,0,1,1,1,1,0,0,0
10087,2026-02-06 02:42:00,4994.9,0,1,1,1,1,0,0,0
10088,2026-02-06 03:01:00,4963.8,0,0,1,0,1,0,0,0
10089,2026-02-06 03:02:00,4965.0,0,0,1,0,1,0,0,0
10090,2026-02-06 03:07:00,4982.1,0,1,1,1,1,0,0,0
10091,2026-02-06 03:19:00,4975.0,0,0,1,0,1,0,0,0
10092,2026-02-06 03:23:00,4956.3,0,1,1,1,1,0,0,0
10092,2026-02-06 03:23:00,4963.5,1,0,1,-1,1,0,0,0
10092,2026-02-06 03:23:00,4964.8,0,1,1,1,1,0,0,0
10093,2026-02-06 03:24:00,4951.3,0,0,1,0,1,0,0,0
10093,2026-02-06 03:24:00,4953.6,0,1,1,1,1,0,0,0
10094,2026-02-06 03:30:00,4957.7,0,0,1,0,1,0,0,0
10095,2026-02-06 03:42:00,4952.6,1,0,1,-1,1,0,0,0
10096,2026-02-06 03:51:00,4971.7,0,1,1,1,1,0,0,0
10097,2026-02-06 03:55:00,4975.2,0,1,1,1,1,0,0,0
10098,2026-02-06 03:59:00,4974.7,0,1,1,1,1,0,0,0
10099,2026-02-06 04:19:00,4971.4,0,1,1,1,1,0,0,0
10100,2026-02-06 04:22:00,4965.6,1,0,1,-1,1,0,0,0
10100,2026-02-06 04:22:00,4965.9,1,0,1,-1,1,0,0,0
10101,2026-02-06 04:23:00,4957.8,1,0,1,-1,1,0,0,0
10101,2026-02-06 04:23:00,4958.3,1,0,1,-1,1,0,0,0
10101,2026-02-06 04:23:00,4958.6,1,0,1,-1,1,0,0,0
10102,2026-02-06 04:30:00,4976.6,0,1,1,1,1,0,0,0
10103,2026-02-06 04:46:00,4965.9,1,0,1,-1,1,0,0,0
10104,2026-02-06 04:51:00,4970.0,0,0,1,0,1,0,0,0
10105,2026-02-06 05:11:00,4973.0,0,0,1,0,1,0,0,0
10106,2026-02-06 05:12:00,4974.8,0,0,1,0,1,0,0,0
10107,2026-02-06 05:24:00,4983.8,1,0,1,-1,1,0,0,0
10107,2026-02-06 05:24:00,4983.9,1,0,1,-1,1,0,0,0
10107,2026-02-06 05:24:00,4985.1,0,1,1,1,1,0,0,0
10108,2026-02-06 05:29:00,5000.0,0,0,1,0,1,0,0,0
10109,2026-02-06 05:40:00,5014.5,0,1,1,1,1,0,0,0
10110,2026-02-06 05:54:00,5038.0,0,0,2,0,1,0,0,0
10111,2026-02-06 05:58:00,5047.9,0,1,1,1,1,0,0,0
10112,2026-02-06 05:59:00,5045.6,0,0,1,0,1,0,0,0
10112,2026-02-06 05:59:00,5045.7,0,0,1,0,1,0,0,0
10113,2026-02-06 06:00:00,5049.0,0,0,1,0,1,0,0,0
10113,2026-02-06 06:00:00,5049.9,0,0,1,0,1,0,0,0
10113,2026-02-06 06:00:00,5051.5,0,1,1,1,1,0,0,0
10114,2026-02-06 06:02:00,5040.0,0,1,1,1,1,0,0,0
10115,2026-02-06 06:14:00,5017.5,0,0,1,0,1,0,0,0
10116,2026-02-06 06:17:00,5016.9,0,0,1,0,1,0,0,0
10117,2026-02-06 06:24:00,5008.4,0,1,1,1,1,0,0,0
10117,2026-02-06 06:24:00,5010.2,1,0,1,-1,1,0,0,0
10118,2026-02-06 06:27:00,5001.0,1,0,1,-1,1,0,0,0
10119,2026-02-06 06:35:00,4993.2,1,0,1,-1,1,0,0,0
10120,2026-02-06 06:37:00,4996.7,0,0,1,0,1,0,0,0
10121,2026-02-06 06:38:00,4991.3,0,1,1,1,1,0,0,0
10121,2026-02-06 06:38:00,4994.4,0,0,1,0,1,0,0,0
10122,2026-02-06 06:47:00,5003.0,1,0,1,-1,1,0,0,0
10123,2026-02-06 07:06:00,4995.2,1,0,1,-1,1,0,0,0
10123,2026-02-06 07:06:00,4995.4,0,0,1,0,1,0,0,0
10123,2026-02-06 07:06:00,4995.5,0,0,1,0,1,0,0,0
10124,2026-02-06 07:07:00,4996.6,0,0,1,0,1,0,0,0
10125,2026-02-06 08:32:00,5029.0,0,0,1,0,1,0,0,0
10126,2026-02-06 08:37:00,5020.1,1,0,1,-1,1,0,0,0
10127,2026-02-06 08:41:00,5013.0,0,0,1,0,1,0,0,0
10128,2026-02-06 10:53:00,5031.7,1,0,1,-1,1,0,0,0
10128,2026-02-06 10:53:00,5031.8,1,0,1,-1,1,0,0,0
10129,2026-02-06 11:01:00,5042.0,0,0,1,0,1,0,0,0
10129,2026-02-06 11:01:00,5043.2,0,2,2,2,2,0,0,0
10130,2026-02-06 11:34:00,5036.7,0,1,1,1,1,0,0,0
10131,2026-02-06 11:38:00,5044.8,0,2,2,2,2,0,0,0
10132,2026-02-06 12:12:00,5049.5,0,0,1,0,1,0,0,0
10133,2026-02-06 13:23:00,5081.1,0,0,1,0,1,0,0,0
10134,2026-02-06 13:27:00,5065.1,0,1,1,1,1,0,0,0
10135,2026-02-06 14:03:00,5080.2,1,0,1,-1,1,0,0,0
10136,2026-02-06 14:11:00,5071.4,0,0,1,0,1,0,0,0
10137,2026-02-06 14:12:00,5074.9,0,0,1,0,1,0,0,0
10138,2026-02-06 14:23:00,5060.3,0,0,1,0,1,0,0,0
10139,2026-02-06 14:37:00,5094.6,0,0,1,0,1,0,0,0
10140,2026-02-06 14:40:00,5093.6,0,0,1,0,1,0,0,0
10141,2026-02-06 14:44:00,5089.9,0,1,1,1,1,0,0,0
10141,2026-02-06 14:44:00,5090.1,0,1,1,1,1,0,0,0
10141,2026-02-06 14:44:00,5090.2,0,1,3,1,3,0,0,0
10142,2026-02-06 14:50:00,5100.0,0,0,1,0,1,0,0,0
10143,2026-02-06 14:57:00,5096.5,1,0,1,-1,1,0,0,0
10143,2026-02-06 14:57:00,5107.5,0,0,4,0,2,0,0,0
10144,2026-02-06 15:06:00,5115.6,0,0,1,0,1,0,0,0
10144,2026-02-06 15:06:00,5116.0,0,1,1,1,1,0,0,0
10144,2026-02-06 15:06:00,5120.3,0,1,1,1,1,0,0,0
10145,2026-02-06 15:11:00,5117.7,0,0,4,0,1,0,0,0
10146,2026-02-06 15:27:00,5117.0,0,1,1,1,1,0,0,0
10147,2026-02-06 15:31:00,5110.8,0,1,1,1,1,0,0,0
10148,2026-02-06 15:34:00,5115.0,0,0,1,0,1,0,0,0
10149,2026-02-06 15:35:00,5112.4,1,0,1,-1,1,0,0,0
10150,2026-02-06 15:37:00,5105.0,0,0,1,0,1,0,0,0
10151,2026-02-06 15:42:00,5101.3,0,1,1,1,1,0,0,0
10152,2026-02-06 15:44:00,5100.8,0,0,1,0,1,0,0,0
10152,2026-02-06 15:44:00,5105.0,0,0,1,0,1,0,0,0
10153,2026-02-06 15:47:00,5104.0,0,0,1,0,1,0,0,0
10154,2026-02-06 15:54:00,5100.0,0,0,1,0,1,0,0,0
10155,2026-02-06 15:59:00,5094.9,1,0,1,-1,1,0,0,0
10156,2026-02-06 16:11:00,5103.9,1,0,1,-1,1,0,0,0
10157,2026-02-06 16:23:00,5090.9,1,0,1,-1,1,0,0,0
10158,2026-02-06 16:26:00,5080.0,0,0,1,0,1,0,0,0
10159,2026-02-06 16:29:00,5094.0,1,0,1,-1,1,0,0,0
10160,2026-02-06 16:31:00,5093.1,1,0,1,-1,1,0,0,0
10161,2026-02-06 16:35:00,5090.6,1,0,1,-1,1,0,0,0
10161,2026-02-06 16:35:00,5093.1,0,0,1,0,1,0,0,0
10161,2026-02-06 16:35:00,5093.4,1,0,1,-1,1,0,0,0
10162,2026-02-06 16:36:00,5092.9,0,0,8,0,3,0,0,0
10163,2026-02-06 16:37:00,5088.2,1,0,1,-1,1,0,0,0
10164,2026-02-06 16:39:00,5094.6,1,0,1,-1,1,0,0,0
10165,2026-02-06 16:40:00,5104.1,1,0,1,-1,1,0,0,0
10166,2026-02-06 16:43:00,5099.4,1,0,1,-1,1,0,0,0
10167,2026-02-06 16:46:00,5097.9,1,0,1,-1,1,0,0,0
10168,2026-02-06 16:47:00,5097.6,1,0,1,-1,1,0,0,0
10169,2026-02-06 16:49:00,5105.0,0,0,1,0,1,0,0,0
10170,2026-02-06 16:53:00,5101.8,1,0,1,-1,1,0,0,0
10171,2026-02-06 16:59:00,5109.5,1,0,1,-1,1,0,0,0
10172,2026-02-06 17:04:00,5111.0,1,0,1,-1,1,0,0,0
10172,2026-02-06 17:04:00,5116.5,1,0,1,-1,1,0,0,0
10173,2026-02-06 17:07:00,5111.4,1,0,1,-1,1,0,0,0
10173,2026-02-06 17:07:00,5113.6,1,0,1,-1,1,0,0,0
10173,2026-02-06 17:07:00,5113.7,1,0,1,-1,1,0,0,0
10174,2026-02-06 17:16:00,5114.1,1,0,1,-1,1,0,0,0
10175,2026-02-06 17:20:00,5114.9,1,0,1,-1,1,0,0,0
10175,2026-02-06 17:20:00,5115.4,1,0,1,-1,1,0,0,0
10176,2026-02-06 17:36:00,5111.5,1,0,1,-1,1,0,0,0
10176,2026-02-06 17:36:00,5114.5,1,0,1,-1,1,0,0,0
10176,2026-02-06 17:36:00,5114.6,1,0,1,-1,1,0,0,0
10177,2026-02-06 17:47:00,5115.2,0,0,4,0,4,0,0,0
10178,2026-02-06 17:55:00,5115.2,0,0,4,0,4,0,0,0
10179,2026-02-06 18:00:00,5125.2,0,0,1,0,1,0,0,0
10180,2026-02-06 18:13:00,5131.9,0,1,1,1,1,0,0,0
10181,2026-02-06 18:15:00,5127.7,1,0,1,-1,1,0,0,0
10182,2026-02-06 18:23:00,5122.5,0,0,1,0,1,0,0,0
10182,2026-02-06 18:23:00,5123.5,0,1,1,1,1,0,0,0
10183,2026-02-06 18:24:00,5115.0,1,0,1,-1,1,0,0,0
10183,2026-02-06 18:24:00,5116.5,0,1,1,1,1,0,0,0
10184,2026-02-06 18:29:00,5114.4,0,0,1,0,1,0,0,0
10184,2026-02-06 18:29:00,5115.6,0,2,2,2,1,0,0,0
10184,2026-02-06 18:29:00,5115.7,0,3,3,3,1,0,0,0
10184,2026-02-06 18:29:00,5115.8,0,1,1,1,1,0,0,0
10184,2026-02-06 18:29:00,5118.5,0,2,2,2,1,0,0,0
10184,2026-02-06 18:29:00,5118.6,0,4,4,4,2,0,0,0
10184,2026-02-06 18:29:00,5118.7,0,2,2,2,1,0,0,0
10184,2026-02-06 18:29:00,5118.8,0,2,2,2,2,0,0,0
10184,2026-02-06 18:29:00,5120.3,1,0,1,-1,1,0,0,0
10184,2026-02-06 18:29:00,5120.7,0,3,3,3,1,0,0,0
10184,2026-02-06 18:29:00,5120.8,0,2,2,2,1,0,0,0
10184,2026-02-06 18:29:00,5121.1,0,3,3,3,2,0,0,0
10184,2026-02-06 18:29:00,5121.3,0,2,2,2,1,0,0,0
10184,2026-02-06 18:29:00,5121.4,0,3,3,3,1,0,0,0
10184,2026-02-06 18:29:00,5121.5,0,2,2,2,1,0,0,0
10184,2026-02-06 18:29:00,5121.6,0,2,2,2,1,0,0,0
10184,2026-02-06 18:29:00,5121.7,0,1,1,1,1,0,0,0
10184,2026-02-06 18:29:00,5121.8,0,2,2,2,1,0,0,0
10184,2026-02-06 18:29:00,5121.9,0,5,5,5,3,0,0,0
10184,2026-02-06 18:29:00,5122.0,0,2,2,2,2,0,0,0
10184,2026-02-06 18:29:00,5122.3,0,3,3,3,1,0,0,0
10185,2026-02-06 18:36:00,5124.8,0,0,1,0,1,0,0,0
10186,2026-02-06 18:54:00,5128.9,0,0,1,0,1,0,0,0
10187,2026-02-06 19:06:00,5120.9,1,0,1,-1,1,0,0,0
10187,2026-02-06 19:06:00,5121.2,0,0,1,0,1,0,0,0
10188,2026-02-06 19:48:00,5121.9,0,1,1,1,1,0,0,0
10189,2026-02-06 19:58:00,5120.0,2,0,2,-2,1,0,0,0
10190,2026-02-06 20:01:00,5119.4,0,0,2,0,1,0,0,0
10191,2026-02-06 20:06:00,5121.7,0,1,1,1,1,0,0,0
10192,2026-02-06 20:16:00,5115.0,0,0,1,0,1,0,0,0
10193,2026-02-06 20:18:00,5115.0,0,2,2,2,2,0,0,0
10194,2026-02-06 20:19:00,5115.2,0,1,1,1,1,0,0,0
10194,2026-02-06 20:19:00,5116.8,0,0,1,0,1,0,0,0
10195,2026-02-06 20:35:00,5105.4,1,0,1,-1,1,0,0,0
10195,2026-02-06 20:35:00,5105.8,0,0,1,0,1,0,0,0
10196,2026-02-06 20:37:00,5103.6,0,0,1,0,1,0,0,0
10197,2026-02-06 20:40:00,5110.4,0,0,1,0,1,0,0,0
10198,2026-02-06 20:47:00,5105.0,0,0,1,0,1,0,0,0
10199,2026-02-09 00:06:00,5198.7,1,0,1,-1,1,0,0,0
10200,2026-02-09 00:07:00,5197.7,2,0,2,-2,1,0,0,0
10201,2026-02-09 01:00:00,5180.6,1,0,1,-1,1,0,0,0
10201,2026-02-09 01:00:00,5180.8,1,0,1,-1,1,0,0,0
10201,2026-02-09 01:00:00,5180.9,1,0,1,-1,1,0,0,0
10201,2026-02-09 01:00:00,5184.4,1,0,1,-1,1,0,0,0
10201,2026-02-09 01:00:00,5184.7,1,0,1,-1,1,0,0,0
10201,2026-02-09 01:00:00,5189.3,1,0,1,-1,1,0,0,0
10201,2026-02-09 01:00:00,5189.4,1,0,1,-1,1,0,0,0
10202,2026-02-09 01:16:00,5178.0,0,0,2,0,1,0,0,0
10203,2026-02-09 01:18:00,5189.7,1,0,1,-1,1,0,0,0
10204,2026-02-09 01:19:00,5192.2,1,0,1,-1,1,0,0,0
10205,2026-02-09 01:20:00,5189.6,2,0,2,-2,1,0,0,0
10206,2026-02-09 01:32:00,5165.0,0,0,2,0,2,0,0,0
10207,2026-02-09 01:33:00,5169.0,1,0,1,-1,1,0,0,0
10207,2026-02-09 01:33:00,5169.1,1,0,1,-1,1,0,0,0
10208,2026-02-09 01:35:00,5163.0,0,0,2,0,1,0,0,0
10209,2026-02-09 01:36:00,5150.0,0,0,1,0,1,0,0,0
10209,2026-02-09 01:36:00,5151.1,1,0,1,-1,1,0,0,0
10209,2026-02-09 01:36:00,5151.5,1,0,1,-1,1,0,0,0
10210,2026-02-09 01:37:00,5145.5,1,0,1,-1,1,0,0,0
10211,2026-02-09 01:38:00,5138.0,1,0,1,-1,1,0,0,0
10211,2026-02-09 01:38:00,5142.8,0,1,1,1,1,0,0,0
10212,2026-02-09 01:40:00,5152.1,0,1,1,1,1,0,0,0
10212,2026-02-09 01:40:00,5153.3,0,1,1,1,1,0,0,0
10212,2026-02-09 01:40:00,5153.5,0,1,1,1,1,0,0,0
10213,2026-02-09 01:41:00,5156.6,0,1,1,1,1,0,0,0
10213,2026-02-09 01:41:00,5156.7,0,1,1,1,1,0,0,0
10214,2026-02-09 01:42:00,5160.0,0,0,1,0,1,0,0,0
10215,2026-02-09 01:45:00,5170.0,0,0,2,0,2,0,0,0
10216,2026-02-09 01:55:00,5150.5,0,0,1,0,1,0,0,0
10217,2026-02-09 02:14:00,5159.5,0,1,1,1,1,0,0,0
10218,2026-02-09 02:21:00,5162.0,0,1,1,1,1,0,0,0
10219,2026-02-09 02:26:00,5163.9,0,1,1,1,1,0,0,0
10219,2026-02-09 02:26:00,5164.0,0,1,1,1,1,0,0,0
10220,2026-02-09 02:32:00,5164.9,0,1,1,1,1,0,0,0
10221,2026-02-09 02:33:00,5168.1,0,0,1,0,1,0,0,0
10222,2026-02-09 03:00:00,5170.8,0,0,1,0,1,0,0,0
10222,2026-02-09 03:00:00,5171.4,0,0,1,0,1,0,0,0
10223,2026-02-09 03:06:00,5179.5,2,0,2,-2,1,0,0,0
10224,2026-02-09 03:10:00,5180.5,1,0,1,-1,1,0,0,0
10224,2026-02-09 03:10:00,5180.7,1,0,1,-1,1,0,0,0
10225,2026-02-09 03:15:00,5178.0,1,0,1,-1,1,0,0,0
10225,2026-02-09 03:15:00,5178.9,1,0,1,-1,1,0,0,0
10226,2026-02-09 03:16:00,5180.5,1,0,1,-1,1,0,0,0
10227,2026-02-09 03:19:00,5176.9,1,0,1,-1,1,0,0,0
10228,2026-02-09 03:20:00,5176.2,0,0,1,0,1,0,0,0
10228,2026-02-09 03:20:00,5178.0,1,0,1,-1,1,0,0,0
10229,2026-02-09 03:21:00,5173.8,1,0,1,-1,1,0,0,0
10229,2026-02-09 03:21:00,5173.9,1,0,1,-1,1,0,0,0
10229,2026-02-09 03:21:00,5174.3,1,0,1,-1,1,0,0,0
10229,2026-02-09 03:21:00,5174.4,1,0,1,-1,1,0,0,0
10229,2026-02-09 03:21:00,5177.3,1,0,1,-1,1,0,0,0
10230,2026-02-09 03:25:00,5185.1,0,1,1,1,1,0,0,0
10231,2026-02-09 03:27:00,5183.7,1,0,1,-1,1,0,0,0
10231,2026-02-09 03:27:00,5183.9,1,0,1,-1,1,0,0,0
10231,2026-02-09 03:27:00,5185.2,1,0,1,-1,1,0,0,0
10232,2026-02-09 03:28:00,5188.9,0,1,1,1,1,0,0,0
10233,2026-02-09 03:29:00,5185.8,1,0,1,-1,1,0,0,0
10233,2026-02-09 03:29:00,5186.0,1,0,1,-1,1,0,0,0
10234,2026-02-09 03:31:00,5190.3,0,0,1,0,1,0,0,0
10235,2026-02-09 03:45:00,5188.9,0,1,1,1,1,0,0,0
10236,2026-02-09 04:30:00,5180.0,0,0,1,0,1,0,0,0
10237,2026-02-09 04:37:00,5185.4,0,1,1,1,1,0,0,0
10238,2026-02-09 04:38:00,5183.0,0,0,1,0,1,0,0,0
10239,2026-02-09 04:39:00,5186.8,0,1,1,1,1,0,0,0
10240,2026-02-09 05:31:00,5193.1,1,0,1,-1,1,0,0,0
10240,2026-02-09 05:31:00,5194.5,1,0,1,-1,1,0,0,0
10241,2026-02-09 05:32:00,5191.0,1,0,1,-1,1,0,0,0
10242,2026-02-09 05:33:00,5190.8,0,0,1,0,1,0,0,0
10243,2026-02-09 05:35:00,5195.3,1,0,1,-1,1,0,0,0
10244,2026-02-09 05:39:00,5195.9,1,0,1,-1,1,0,0,0
10245,2026-02-09 05:40:00,5194.8,1,0,1,-1,1,0,0,0
10245,2026-02-09 05:40:00,5197.0,1,0,1,-1,1,0,0,0
10246,2026-02-09 05:42:00,5200.1,1,0,1,-1,1,0,0,0
10246,2026-02-09 05:42:00,5201.9,2,0,2,-2,2,0,0,0
10246,2026-02-09 05:42:00,5202.3,1,0,1,-1,1,0,0,0
10246,2026-02-09 05:42:00,5202.5,1,0,1,-1,1,0,0,0
10247,2026-02-09 05:43:00,5200.7,1,0,1,-1,1,0,0,0
10248,2026-02-09 05:44:00,5197.6,1,0,1,-1,1,0,0,0
10249,2026-02-09 05:45:00,5197.6,0,1,2,1,2,0,0,0
10250,2026-02-09 05:46:00,5190.0,0,0,1,0,1,0,0,0
10251,2026-02-09 05:48:00,5187.8,1,0,1,-1,1,0,0,0
10251,2026-02-09 05:48:00,5188.2,1,0,1,-1,1,0,0,0
10252,2026-02-09 05:50:00,5192.0,0,0,1,0,1,0,0,0
10253,2026-02-09 05:51:00,5192.5,0,1,1,1,1,0,0,0
10253,2026-02-09 05:51:00,5195.0,0,0,1,0,1,0,0,0
10254,2026-02-09 05:52:00,5193.1,1,0,1,-1,1,0,0,0
10255,2026-02-09 05:53:00,5197.0,0,0,1,0,1,0,0,0
10256,2026-02-09 05:54:00,5196.3,1,0,1,-1,1,0,0,0
10257,2026-02-09 05:55:00,5200.6,0,1,1,1,1,0,0,0
10258,2026-02-09 05:56:00,5198.6,1,0,1,-1,1,0,0,0
10259,2026-02-09 06:00:00,5201.6,1,0,1,-1,1,0,0,0
10260,2026-02-09 06:01:00,5203.2,1,0,1,-1,1,0,0,0
10260,2026-02-09 06:01:00,5204.2,1,0,1,-1,1,0,0,0
10261,2026-02-09 06:03:00,5200.0,0,0,1,0,1,0,0,0
10261,2026-02-09 06:03:00,5203.8,1,0,1,-1,1,0,0,0
10262,2026-02-09 06:05:00,5207.0,0,0,1,0,1,0,0,0
10262,2026-02-09 06:05:00,5208.0,0,0,1,0,1,0,0,0
10263,2026-02-09 06:06:00,5204.7,1,0,1,-1,1,0,0,0
10264,2026-02-09 06:08:00,5203.0,0,0,1,0,1,0,0,0
10265,2026-02-09 06:10:00,5196.4,1,0,1,-1,1,0,0,0
10265,2026-02-09 06:10:00,5196.9,0,1,1,1,1,0,0,0
10265,2026-02-09 06:10:00,5197.4,1,0,1,-1,1,0,0,0
10265,2026-02-09 06:10:00,5197.5,1,0,1,-1,1,0,0,0
10266,2026-02-09 06:11:00,5195.7,1,0,1,-1,1,0,0,0
10267,2026-02-09 06:13:00,5197.8,1,0,1,-1,1,0,0,0
10268,2026-02-09 06:15:00,5196.9,1,0,1,-1,1,0,0,0
10269,2026-02-09 06:16:00,5194.1,0,0,1,0,1,0,0,0
10269,2026-02-09 06:16:00,5197.5,0,0,1,0,1,0,0,0
10269,2026-02-09 06:16:00,5197.8,0,1,1,1,1,0,0,0
10269,2026-02-09 06:16:00,5198.3,1,0,1,-1,1,0,0,0
10270,2026-02-09 06:17:00,5192.9,1,0,1,-1,1,0,0,0
10270,2026-02-09 06:17:00,5196.3,0,1,1,1,1,0,0,0
10271,2026-02-09 06:19:00,5190.6,1,0,1,-1,1,0,0,0
10272,2026-02-09 06:20:00,5187.2,1,0,1,-1,1,0,0,0
10272,2026-02-09 06:20:00,5187.6,0,1,1,1,1,0,0,0
10273,2026-02-09 06:22:00,5177.2,1,0,1,-1,1,0,0,0
10273,2026-02-09 06:22:00,5179.7,0,1,1,1,1,0,0,0
10273,2026-02-09 06:22:00,5179.8,1,0,1,-1,1,0,0,0
10273,2026-02-09 06:22:00,5182.2,1,0,1,-1,1,0,0,0
10274,2026-02-09 06:28:00,5186.5,1,0,1,-1,1,0,0,0
10275,2026-02-09 06:30:00,5189.3,1,0,1,-1,1,0,0,0
10275,2026-02-09 06:30:00,5190.9,0,1,1,1,1,0,0,0
10276,2026-02-09 06:33:00,5183.6,1,0,1,-1,1,0,0,0
10277,2026-02-09 06:34:00,5184.0,1,0,1,-1,1,0,0,0
10277,2026-02-09 06:34:00,5184.6,1,0,1,-1,1,0,0,0
10277,2026-02-09 06:34:00,5188.0,0,0,1,0,1,0,0,0
10278,2026-02-09 06:35:00,5184.3,1,0,1,-1,1,0,0,0
10278,2026-02-09 06:35:00,5185.3,1,0,1,-1,1,0,0,0
10278,2026-02-09 06:35:00,5186.2,1,0,1,-1,1,0,0,0
10279,2026-02-09 06:37:00,5191.0,0,0,1,0,1,0,0,0
10280,2026-02-09 06:40:00,5191.7,1,0,1,-1,1,0,0,0
10281,2026-02-09 06:41:00,5187.2,1,0,1,-1,1,0,0,0
10282,2026-02-09 06:43:00,5195.0,0,0,1,0,1,0,0,0
10283,2026-02-09 06:44:00,5194.4,1,0,1,-1,1,0,0,0
10283,2026-02-09 06:44:00,5196.2,1,0,1,-1,1,0,0,0
10284,2026-02-09 06:45:00,5195.4,1,0,1,-1,1,0,0,0
10284,2026-02-09 06:45:00,5198.8,0,1,1,1,1,0,0,0
10285,2026-02-09 06:47:00,5196.0,0,0,1,0,1,0,0,0
10286,2026-02-09 06:48:00,5196.5,1,0,1,-1,1,0,0,0
10287,2026-02-09 06:50:00,5187.9,1,0,1,-1,1,0,0,0
10287,2026-02-09 06:50:00,5188.0,1,0,1,-1,1,0,0,0
10287,2026-02-09 06:50:00,5188.2,1,0,1,-1,1,0,0,0
10288,2026-02-09 06:52:00,5197.6,0,1,1,1,1,0,0,0
10289,2026-02-09 06:56:00,5197.0,0,0,1,0,1,0,0,0
10290,2026-02-09 06:57:00,5196.6,1,0,1,-1,1,0,0,0
10291,2026-02-09 07:02:00,5187.0,0,0,1,0,1,0,0,0
10292,2026-02-09 07:03:00,5189.7,0,1,1,1,1,0,0,0
10293,2026-02-09 07:04:00,5190.0,0,0,1,0,1,0,0,0
10294,2026-02-09 07:08:00,5185.0,0,0,1,0,1,0,0,0
10295,2026-02-09 07:09:00,5182.0,1,0,1,-1,1,0,0,0
10296,2026-02-09 07:11:00,5180.5,1,0,1,-1,1,0,0,0
10297,2026-02-09 07:12:00,5180.0,0,0,1,0,1,0,0,0
10298,2026-02-09 07:15:00,5172.1,1,0,1,-1,1,0,0,0
10298,2026-02-09 07:15:00,5173.0,0,0,1,0,1,0,0,0
10299,2026-02-09 07:19:00,5175.0,0,0,1,0,1,0,0,0
10300,2026-02-09 07:21:00,5170.0,0,0,1,0,1,0,0,0
10301,2026-02-09 07:23:00,5159.5,1,0,1,-1,1,0,0,0
10301,2026-02-09 07:23:00,5160.0,0,0,1,0,1,0,0,0
10301,2026-02-09 07:23:00,5162.0,0,1,1,1,1,0,0,0
10302,2026-02-09 07:24:00,5168.0,0,0,1,0,1,0,0,0
10303,2026-02-09 07:30:00,5169.4,1,0,1,-1,1,0,0,0
10304,2026-02-09 07:31:00,5172.4,1,0,1,-1,1,0,0,0
10304,2026-02-09 07:31:00,5175.7,0,0,1,0,1,0,0,0
10305,2026-02-09 07:33:00,5173.0,0,0,1,0,1,0,0,0
10306,2026-02-09 07:36:00,5171.6,1,0,1,-1,1,0,0,0
10307,2026-02-09 07:37:00,5172.5,0,1,1,1,1,0,0,0
10308,2026-02-09 07:40:00,5174.6,0,1,1,1,1,0,0,0
10309,2026-02-09 07:42:00,5171.1,1,0,1,-1,1,0,0,0
10310,2026-02-09 07:43:00,5173.0,0,0,1,0,1,0,0,0
10311,2026-02-09 07:44:00,5174.0,0,0,1,0,1,0,0,0
10312,2026-02-09 07:48:00,5167.5,0,1,1,1,1,0,0,0
10313,2026-02-09 08:01:00,5170.9,0,1,1,1,1,0,0,0
10314,2026-02-09 08:03:00,5173.0,0,1,1,1,1,0,0,0
10315,2026-02-09 08:06:00,5179.0,0,0,1,0,1,0,0,0
10316,2026-02-09 08:07:00,5180.0,0,0,1,0,1,0,0,0
10317,2026-02-09 08:14:00,5182.0,0,1,1,1,1,0,0,0
10318,2026-02-09 08:17:00,5190.3,1,0,1,-1,1,0,0,0
10319,2026-02-09 08:21:00,5190.0,0,0,1,0,1,0,0,0
10319,2026-02-09 08:21:00,5190.4,0,1,1,1,1,0,0,0
10320,2026-02-09 08:24:00,5192.0,0,0,1,0,1,0,0,0
10321,2026-02-09 08:25:00,5188.0,0,0,1,0,1,0,0,0
10322,2026-02-09 08:34:00,5187.4,0,1,1,1,1,0,0,0
10323,2026-02-09 08:41:00,5188.4,0,1,1,1,1,0,0,0
10324,2026-02-09 08:42:00,5189.9,0,1,1,1,1,0,0,0
10325,2026-02-09 08:43:00,5191.0,0,0,1,0,1,0,0,0
10325,2026-02-09 08:43:00,5192.5,0,0,1,0,1,0,0,0
10325,2026-02-09 08:43:00,5193.3,0,0,1,0,1,0,0,0
10326,2026-02-09 08:44:00,5192.0,0,0,1,0,1,0,0,0
10327,2026-02-09 08:48:00,5194.0,0,0,1,0,1,0,0,0
10328,2026-02-09 08:54:00,5186.0,0,0,1,0,1,0,0,0
10329,2026-02-09 09:02:00,5191.0,0,0,1,0,1,0,0,0
10329,2026-02-09 09:02:00,5192.0,0,1,1,1,1,0,0,0
10330,2026-02-09 09:06:00,5195.0,0,0,1,0,1,0,0,0
10331,2026-02-09 09:17:00,5185.0,0,0,1,0,1,0,0,0
10332,2026-02-09 09:54:00,5167.5,0,0,1,0,1,0,0,0
10333,2026-02-09 10:00:00,5167.8,0,1,1,1,1,0,0,0
10334,2026-02-09 10:24:00,5166.4,1,0,1,-1,1,0,0,0
10334,2026-02-09 10:24:00,5166.7,3,0,3,-3,1,0,0,0
10334,2026-02-09 10:24:00,5166.8,2,0,2,-2,1,0,0,0
10334,2026-02-09 10:24:00,5166.9,3,0,3,-3,1,0,0,0
10334,2026-02-09 10:24:00,5167.0,1,0,1,-1,1,0,0,0
10334,2026-02-09 10:24:00,5167.1,1,0,1,-1,1,0,0,0
10334,2026-02-09 10:24:00,5167.3,1,0,1,-1,1,0,0,0
10334,2026-02-09 10:24:00,5167.4,2,0,2,-2,1,0,0,0
10334,2026-02-09 10:24:00,5167.7,1,0,1,-1,1,0,0,0
10335,2026-02-09 10:25:00,5160.1,1,0,1,-1,1,0,0,0
10335,2026-02-09 10:25:00,5162.9,1,0,1,-1,1,0,0,0
10336,2026-02-09 10:26:00,5158.5,0,0,1,0,1,0,0,0
10336,2026-02-09 10:26:00,5160.6,1,0,1,-1,1,0,0,0
10336,2026-02-09 10:26:00,5160.9,1,0,1,-1,1,0,0,0
10337,2026-02-09 10:31:00,5150.0,0,0,1,0,1,0,0,0
10338,2026-02-09 10:52:00,5156.3,2,0,2,-2,1,0,0,0
10339,2026-02-09 11:06:00,5156.6,1,0,2,-1,2,0,0,0
10340,2026-02-09 11:22:00,5157.3,0,1,1,1,1,0,0,0
10341,2026-02-09 11:23:00,5158.9,0,1,1,1,1,0,0,0
10342,2026-02-09 11:24:00,5162.3,0,1,1,1,1,0,0,0
10343,2026-02-09 11:25:00,5162.8,0,1,1,1,1,0,0,0
10344,2026-02-09 11:28:00,5163.5,0,1,1,1,1,0,0,0
10345,2026-02-09 11:54:00,5177.1,0,1,1,1,1,0,0,0
10345,2026-02-09 11:54:00,5178.2,0,0,1,0,1,0,0,0
10345,2026-02-09 11:54:00,5179.4,0,1,1,1,1,0,0,0
10346,2026-02-09 12:05:00,5177.9,0,1,1,1,1,0,0,0
10347,2026-02-09 12:31:00,5180.6,0,0,1,0,1,0,0,0
10348,2026-02-09 12:38:00,5180.0,0,0,1,0,1,0,0,0
10349,2026-02-09 12:57:00,5170.3,1,0,1,-1,1,0,0,0
10349,2026-02-09 12:57:00,5170.4,1,0,1,-1,1,0,0,0
10350,2026-02-09 13:03:00,5174.5,1,0,1,-1,1,0,0,0
10351,2026-02-09 13:06:00,5182.7,1,0,1,-1,1,0,0,0
10352,2026-02-09 13:07:00,5183.9,1,0,1,-1,1,0,0,0
10353,2026-02-09 13:10:00,5184.3,1,0,1,-1,1,0,0,0
10353,2026-02-09 13:10:00,5184.4,1,0,1,-1,1,0,0,0
10354,2026-02-09 13:13:00,5178.2,1,0,1,-1,1,0,0,0
10355,2026-02-09 13:14:00,5181.9,1,0,1,-1,1,0,0,0
10356,2026-02-09 13:16:00,5179.1,0,0,1,0,1,0,0,0
10356,2026-02-09 13:16:00,5179.9,1,0,1,-1,1,0,0,0
10357,2026-02-09 13:19:00,5177.5,1,0,1,-1,1,0,0,0
10357,2026-02-09 13:19:00,5178.8,1,0,1,-1,1,0,0,0
10358,2026-02-09 13:21:00,5174.5,1,0,1,-1,1,0,0,0
10359,2026-02-09 13:22:00,5175.7,1,0,1,-1,1,0,0,0
10360,2026-02-09 13:23:00,5168.2,1,0,1,-1,1,0,0,0
10360,2026-02-09 13:23:00,5171.0,1,0,1,-1,1,0,0,0
10360,2026-02-09 13:23:00,5171.1,1,0,1,-1,1,0,0,0
10361,2026-02-09 13:24:00,5172.9,0,0,1,0,1,0,0,0
10362,2026-02-09 13:25:00,5174.6,0,0,1,0,1,0,0,0
10363,2026-02-09 13:26:00,5171.3,0,0,1,0,1,0,0,0
10364,2026-02-09 13:27:00,5170.2,1,0,1,-1,1,0,0,0
10365,2026-02-09 13:30:00,5170.0,0,0,1,0,1,0,0,0
10365,2026-02-09 13:30:00,5174.4,0,0,1,0,1,0,0,0
10366,2026-02-09 13:39:00,5167.0,0,0,2,0,2,0,0,0
10367,2026-02-09 13:40:00,5163.1,1,0,1,-1,1,0,0,0
10368,2026-02-09 13:41:00,5159.9,1,0,1,-1,1,0,0,0
10368,2026-02-09 13:41:00,5161.1,1,0,1,-1,1,0,0,0
10369,2026-02-09 13:42:00,5158.4,1,0,1,-1,1,0,0,0
10369,2026-02-09 13:42:00,5158.6,1,0,1,-1,1,0,0,0
10369,2026-02-09 13:42:00,5159.0,1,0,1,-1,1,0,0,0
10370,2026-02-09 13:52:00,5169.3,2,0,2,-2,1,0,0,0
10371,2026-02-09 13:58:00,5166.6,0,0,1,0,1,0,0,0
10372,2026-02-09 13:59:00,5169.2,0,0,1,0,1,0,0,0
10373,2026-02-09 14:01:00,5172.3,0,0,1,0,1,0,0,0
10374,2026-02-09 14:11:00,5178.4,0,1,1,1,1,0,0,0
10375,2026-02-09 14:13:00,5174.2,1,0,1,-1,1,0,0,0
10376,2026-02-09 14:15:00,5177.3,1,0,1,-1,1,0,0,0
10377,2026-02-09 14:18:00,5179.9,1,0,1,-1,1,0,0,0
10378,2026-02-09 14:21:00,5172.8,1,0,1,-1,1,0,0,0
10378,2026-02-09 14:21:00,5175.3,1,0,1,-1,1,0,0,0
10379,2026-02-09 14:23:00,5179.1,0,0,1,0,1,0,0,0
10380,2026-02-09 14:24:00,5181.5,0,0,1,0,1,0,0,0
10381,2026-02-09 14:25:00,5177.8,0,0,1,0,1,0,0,0
10382,2026-02-09 14:28:00,5184.9,1,0,1,-1,1,0,0,0
10382,2026-02-09 14:28:00,5185.8,0,1,1,1,1,0,0,0
10382,2026-02-09 14:28:00,5187.0,0,1,1,1,1,0,0,0
10383,2026-02-09 14:30:00,5183.1,1,0,1,-1,1,0,0,0
10383,2026-02-09 14:30:00,5187.6,1,0,1,-1,1,0,0,0
10384,2026-02-09 14:32:00,5191.6,1,0,1,-1,1,0,0,0
10385,2026-02-09 14:33:00,5195.7,1,0,1,-1,1,0,0,0
10386,2026-02-09 14:35:00,5196.0,0,0,2,0,2,0,0,0
10386,2026-02-09 14:35:00,5197.2,1,0,1,-1,1,0,0,0
10387,2026-02-09 14:37:00,5191.2,1,0,1,-1,1,0,0,0
10388,2026-02-09 14:38:00,5191.2,1,0,1,-1,1,0,0,0
10388,2026-02-09 14:38:00,5192.2,1,0,1,-1,1,0,0,0
10389,2026-02-09 14:41:00,5191.7,0,0,1,0,1,0,0,0
10390,2026-02-09 14:42:00,5195.0,0,0,1,0,1,0,0,0
10390,2026-02-09 14:42:00,5195.3,1,0,1,-1,1,0,0,0
10391,2026-02-09 14:43:00,5198.6,0,1,1,1,1,0,0,0
10392,2026-02-09 14:45:00,5200.6,1,0,1,-1,1,0,0,0
10393,2026-02-09 14:46:00,5199.8,1,0,1,-1,1,0,0,0
10394,2026-02-09 14:50:00,5196.2,1,0,1,-1,1,0,0,0
10395,2026-02-09 14:53:00,5199.1,1,0,1,-1,1,0,0,0
10395,2026-02-09 14:53:00,5202.0,0,0,1,0,1,0,0,0
10396,2026-02-09 15:03:00,5200.7,0,0,1,0,1,0,0,0
10397,2026-02-09 15:30:00,5202.6,0,1,1,1,1,0,0,0
10398,2026-02-09 15:33:00,5214.5,0,1,1,1,1,0,0,0
10399,2026-02-09 15:35:00,5215.5,0,0,1,0,1,0,0,0
10400,2026-02-09 15:36:00,5215.3,1,0,1,-1,1,0,0,0
10401,2026-02-09 15:45:00,5221.9,0,0,1,0,1,0,0,0
10402,2026-02-09 15:48:00,5224.1,0,1,1,1,1,0,0,0
10403,2026-02-09 15:57:00,5223.0,0,0,1,0,1,0,0,0
10404,2026-02-09 15:58:00,5222.5,0,0,1,0,1,0,0,0
10405,2026-02-09 16:00:00,5221.5,1,0,1,-1,1,0,0,0
10406,2026-02-09 16:01:00,5225.7,0,1,1,1,1,0,0,0
10407,2026-02-09 16:02:00,5226.8,0,0,1,0,1,0,0,0
10407,2026-02-09 16:02:00,5227.8,0,1,1,1,1,0,0,0
10408,2026-02-09 16:04:00,5231.0,0,0,1,0,1,0,0,0
10408,2026-02-09 16:04:00,5232.0,0,0,1,0,1,0,0,0
10409,2026-02-09 16:15:00,5230.0,0,0,1,0,1,0,0,0
10410,2026-02-09 16:29:00,5238.1,0,1,1,1,1,0,0,0
10410,2026-02-09 16:29:00,5238.2,0,1,1,1,1,0,0,0
10410,2026-02-09 16:29:00,5238.3,0,1,1,1,1,0,0,0
10410,2026-02-09 16:29:00,5238.4,1,1,7,0,5,0,0,0
10411,2026-02-09 16:33:00,5235.0,0,0,1,0,1,0,0,0
10412,2026-02-09 16:38:00,5238.0,0,0,1,0,1,0,0,0
10412,2026-02-09 16:38:00,5238.9,0,1,1,1,1,0,0,0
10412,2026-02-09 16:38:00,5239.1,0,0,2,0,2,0,0,0
10413,2026-02-09 16:39:00,5241.0,0,0,1,0,1,0,0,0
10414,2026-02-09 16:40:00,5241.0,0,0,1,0,1,0,0,0
10415,2026-02-09 16:46:00,5246.0,0,0,1,0,1,0,0,0
10416,2026-02-09 17:08:00,5231.7,2,0,2,-2,1,0,0,0
10416,2026-02-09 17:08:00,5235.0,0,0,1,0,1,0,0,0
10417,2026-02-09 17:51:00,5215.0,0,0,2,0,1,0,0,0
10418,2026-02-09 18:06:00,5222.0,0,0,1,0,1,0,0,0
10419,2026-02-09 18:10:00,5223.1,0,0,1,0,1,0,0,0
10420,2026-02-09 18:21:00,5212.6,1,0,1,-1,1,0,0,0
10421,2026-02-09 18:22:00,5223.0,0,0,2,0,1,0,0,0
10422,2026-02-09 18:29:00,5220.8,1,0,1,-1,1,0,0,0
10422,2026-02-09 18:29:00,5221.1,0,0,1,0,1,0,0,0
10422,2026-02-09 18:29:00,5221.5,0,0,1,0,1,0,0,0
10422,2026-02-09 18:29:00,5221.7,0,1,2,1,2,0,0,0
10422,2026-02-09 18:29:00,5221.9,0,1,1,1,1,0,0,0
10422,2026-02-09 18:29:00,5222.2,0,1,1,1,1,0,0,0
10422,2026-02-09 18:29:00,5222.5,0,1,1,1,1,0,0,0
10422,2026-02-09 18:29:00,5222.9,0,0,1,0,1,0,0,0
10422,2026-02-09 18:29:00,5223.5,0,1,1,1,1,0,0,0
10422,2026-02-09 18:29:00,5223.7,0,1,1,1,1,0,0,0
10423,2026-02-09 18:32:00,5218.4,1,0,1,-1,1,0,0,0
10424,2026-02-09 19:10:00,5233.7,0,2,2,2,1,0,0,0
10425,2026-02-09 19:29:00,5241.9,0,1,1,1,1,0,0,0
10426,2026-02-09 19:30:00,5244.6,0,1,1,1,1,0,0,0
10427,2026-02-09 19:33:00,5243.9,0,1,1,1,1,0,0,0
10428,2026-02-09 19:51:00,5242.7,0,2,2,2,1,0,0,0
10428,2026-02-09 19:51:00,5242.8,0,2,2,2,1,0,0,0
10428,2026-02-09 19:51:00,5242.9,0,1,1,1,1,0,0,0
10428,2026-02-09 19:51:00,5243.0,0,4,4,4,1,0,0,0
10429,2026-02-09 20:07:00,5243.0,0,0,1,0,1,0,0,0
10430,2026-02-09 20:11:00,5247.5,0,1,1,1,1,0,0,0
10431,2026-02-09 20:14:00,5245.9,0,1,1,1,1,0,0,0
10432,2026-02-09 20:32:00,5249.7,0,0,1,0,1,0,0,0
10433,2026-02-09 20:33:00,5250.0,0,0,1,0,1,0,0,0
10434,2026-02-09 20:34:00,5250.0,0,0,1,0,1,0,0,0
10435,2026-02-09 20:37:00,5243.0,0,0,1,0,1,0,0,0
10436,2026-02-09 20:42:00,5247.8,0,0,1,0,1,0,0,0
10437,2026-02-09 20:54:00,5248.8,0,1,1,1,1,0,0,0
10438,2026-02-09 20:56:00,5247.0,0,0,1,0,1,0,0,0
10439,2026-02-09 23:00:00,5231.9,1,0,1,-1,1,0,0,0
10439,2026-02-09 23:00:00,5232.0,1,0,1,-1,1,0,0,0
10440,2026-02-09 23:02:00,5238.0,0,0,2,0,2,0,0,0
10441,2026-02-09 23:03:00,5234.4,1,0,1,-1,1,0,0,0
10441,2026-02-09 23:03:00,5234.5,1,0,1,-1,1,0,0,0
10442,2026-02-09 23:13:00,5185.0,1,2,4,1,4,0,0,0
10442,2026-02-09 23:13:00,5185.2,1,0,1,-1,1,0,0,0
10442,2026-02-09 23:13:00,5187.2,2,0,2,-2,1,0,0,0
10442,2026-02-09 23:13:00,5188.0,1,0,1,-1,1,0,0,0
10442,2026-02-09 23:13:00,5188.7,1,0,1,-1,1,0,0,0
10442,2026-02-09 23:13:00,5188.9,1,0,1,-1,1,0,0,0
10442,2026-02-09 23:13:00,5190.0,0,0,1,0,1,0,0,0
10443,2026-02-09 23:14:00,5192.2,0,1,1,1,1,0,0,0
10444,2026-02-09 23:20:00,5182.5,0,0,1,0,1,0,0,0
10445,2026-02-09 23:46:00,5200.0,0,0,1,0,1,0,0,0
10446,2026-02-09 23:51:00,5200.0,0,0,1,0,1,0,0,0
10447,2026-02-10 00:01:00,5208.0,0,0,2,0,1,0,0,0
10448,2026-02-10 00:10:00,5206.5,1,0,1,-1,1,0,0,0
10449,2026-02-10 00:13:00,5200.0,0,0,2,0,2,0,0,0
10450,2026-02-10 00:36:00,5196.0,0,0,1,0,1,0,0,0
10451,2026-02-10 00:42:00,5188.0,0,0,1,0,1,0,0,0
10452,2026-02-10 01:02:00,5190.0,0,0,1,0,1,0,0,0
10453,2026-02-10 01:05:00,5187.0,0,0,1,0,1,0,0,0
10454,2026-02-10 01:06:00,5189.0,0,0,1,0,1,0,0,0
10455,2026-02-10 01:08:00,5195.0,0,0,1,0,1,0,0,0
10456,2026-02-10 01:09:00,5197.0,0,0,1,0,1,0,0,0
10457,2026-02-10 01:10:00,5198.8,0,1,1,1,1,0,0,0
10458,2026-02-10 01:44:00,5194.0,0,0,1,0,1,0,0,0
10459,2026-02-10 02:03:00,5199.1,0,1,1,1,1,0,0,0
10459,2026-02-10 02:03:00,5200.0,0,0,1,0,1,0,0,0
10460,2026-02-10 02:04:00,5203.4,0,0,1,0,1,0,0,0
10461,2026-02-10 02:07:00,5208.6,0,1,1,1,1,0,0,0
10462,2026-02-10 02:08:00,5205.5,0,0,1,0,1,0,0,0
10463,2026-02-10 02:09:00,5211.0,0,1,1,1,1,0,0,0
10464,2026-02-10 02:13:00,5210.0,0,0,1,0,1,0,0,0
10465,2026-02-10 02:17:00,5210.1,0,1,1,1,1,0,0,0
10466,2026-02-10 02:18:00,5208.0,0,0,1,0,1,0,0,0
10467,2026-02-10 02:19:00,5205.0,1,0,1,-1,1,0,0,0
10468,2026-02-10 02:22:00,5215.5,0,1,1,1,1,0,0,0
10469,2026-02-10 02:23:00,5215.6,1,0,1,-1,1,0,0,0
10470,2026-02-10 02:24:00,5218.3,0,1,1,1,1,0,0,0
10470,2026-02-10 02:24:00,5219.4,0,1,1,1,1,0,0,0
10471,2026-02-10 02:25:00,5217.1,0,0,1,0,1,0,0,0
10472,2026-02-10 02:26:00,5222.3,0,1,1,1,1,0,0,0
10473,2026-02-10 02:34:00,5212.0,0,0,1,0,1,0,0,0
10474,2026-02-10 02:43:00,5214.1,0,1,1,1,1,0,0,0
10475,2026-02-10 02:44:00,5217.2,1,0,1,-1,1,0,0,0
10476,2026-02-10 02:45:00,5217.0,0,0,1,0,1,0,0,0
10477,2026-02-10 02:48:00,5212.4,0,1,1,1,1,0,0,0
10478,2026-02-10 02:49:00,5210.0,0,0,1,0,1,0,0,0
10479,2026-02-10 02:51:00,5199.5,1,0,1,-1,1,0,0,0
10480,2026-02-10 02:52:00,5205.2,0,1,1,1,1,0,0,0
10481,2026-02-10 02:55:00,5208.0,0,0,1,0,1,0,0,0
10482,2026-02-10 02:59:00,5205.0,0,0,1,0,1,0,0,0
10483,2026-02-10 03:00:00,5199.8,1,0,1,-1,1,0,0,0
10484,2026-02-10 03:04:00,5201.0,0,0,1,0,1,0,0,0
10485,2026-02-10 03:05:00,5195.4,1,0,1,-1,1,0,0,0
10486,2026-02-10 03:06:00,5202.5,0,0,1,0,1,0,0,0
10487,2026-02-10 03:07:00,5199.0,0,1,1,1,1,0,0,0
10488,2026-02-10 03:08:00,5197.0,0,0,1,0,1,0,0,0
10489,2026-02-10 03:10:00,5196.0,0,0,1,0,1,0,0,0
10489,2026-02-10 03:10:00,5197.0,1,0,1,-1,1,0,0,0
10490,2026-02-10 03:11:00,5195.8,0,1,1,1,1,0,0,0
10491,2026-02-10 03:15:00,5189.3,1,0,1,-1,1,0,0,0
10492,2026-02-10 03:28:00,5186.9,1,0,1,-1,1,0,0,0
10492,2026-02-10 03:28:00,5187.0,1,0,1,-1,1,0,0,0
10493,2026-02-10 03:29:00,5187.6,0,1,1,1,1,0,0,0
10494,2026-02-10 03:42:00,5188.7,1,0,1,-1,1,0,0,0
10495,2026-02-10 03:50:00,5194.0,0,0,1,0,1,0,0,0
10496,2026-02-10 03:57:00,5185.2,1,0,1,-1,1,0,0,0
10496,2026-02-10 03:57:00,5187.7,1,0,1,-1,1,0,0,0
10497,2026-02-10 04:04:00,5187.0,1,0,1,-1,1,0,0,0
10498,2026-02-10 04:16:00,5190.0,0,0,1,0,1,0,0,0
10499,2026-02-10 05:10:00,5195.0,0,0,1,0,1,0,0,0
10500,2026-02-10 05:16:00,5187.0,1,0,1,-1,1,0,0,0
10501,2026-02-10 05:43:00,5194.0,0,1,1,1,1,0,0,0
10502,2026-02-10 05:51:00,5197.0,0,0,1,0,1,0,0,0
10503,2026-02-10 05:53:00,5203.6,0,0,1,0,1,0,0,0
10504,2026-02-10 05:54:00,5203.0,0,0,1,0,1,0,0,0
10505,2026-02-10 06:07:00,5210.1,0,1,1,1,1,0,0,0
10506,2026-02-10 06:08:00,5210.3,0,1,1,1,1,0,0,0
10507,2026-02-10 06:50:00,5191.5,1,0,1,-1,1,0,0,0
10507,2026-02-10 06:50:00,5191.9,1,0,1,-1,1,0,0,0
10507,2026-02-10 06:50:00,5192.0,1,0,1,-1,1,0,0,0
10508,2026-02-10 06:51:00,5190.0,1,0,1,-1,1,0,0,0
10509,2026-02-10 07:00:00,5186.0,0,0,1,0,1,0,0,0
10510,2026-02-10 07:25:00,5183.3,1,0,1,-1,1,0,0,0
10511,2026-02-10 08:04:00,5201.6,0,1,1,1,1,0,0,0
10512,2026-02-10 08:16:00,5199.3,1,0,1,-1,1,0,0,0
10512,2026-02-10 08:16:00,5199.4,1,0,1,-1,1,0,0,0
10513,2026-02-10 08:19:00,5204.5,0,1,1,1,1,0,0,0
10514,2026-02-10 08:27:00,5200.2,0,1,1,1,1,0,0,0
10514,2026-02-10 08:27:00,5200.4,0,2,2,2,1,0,0,0
10515,2026-02-10 08:28:00,5203.5,0,0,1,0,1,0,0,0
10516,2026-02-10 08:31:00,5202.9,0,1,1,1,1,0,0,0
10517,2026-02-10 09:21:00,5216.0,0,0,2,0,1,0,0,0
10518,2026-02-10 09:22:00,5217.5,0,0,1,0,1,0,0,0
10518,2026-02-10 09:22:00,5217.8,0,1,1,1,1,0,0,0
10518,2026-02-10 09:22:00,5218.2,0,1,1,1,1,0,0,0
10519,2026-02-10 09:25:00,5218.1,0,1,1,1,1,0,0,0
10519,2026-02-10 09:25:00,5218.2,0,1,1,1,1,0,0,0
10520,2026-02-10 09:55:00,5207.0,0,0,2,0,2,0,0,0
10521,2026-02-10 10:01:00,5216.4,0,1,1,1,1,0,0,0
10522,2026-02-10 10:39:00,5222.0,0,0,2,0,2,0,0,0
10523,2026-02-10 10:57:00,5210.0,0,0,2,0,1,0,0,0
10524,2026-02-10 12:12:00,5208.4,0,0,1,0,1,0,0,0
10525,2026-02-10 12:13:00,5208.2,1,0,1,-1,1,0,0,0
10526,2026-02-10 12:20:00,5212.5,1,0,1,-1,1,0,0,0
10526,2026-02-10 12:20:00,5212.6,1,0,1,-1,1,0,0,0
10527,2026-02-10 12:22:00,5207.5,1,0,1,-1,1,0,0,0
10527,2026-02-10 12:22:00,5207.9,1,0,1,-1,1,0,0,0
10528,2026-02-10 12:31:00,5212.1,2,0,2,-2,1,0,0,0
10529,2026-02-10 12:33:00,5208.4,1,0,1,-1,1,0,0,0
10530,2026-02-10 12:44:00,5189.6,0,0,1,0,1,0,0,0
10530,2026-02-10 12:44:00,5193.0,1,0,1,-1,1,0,0,0
10530,2026-02-10 12:44:00,5193.9,0,1,1,1,1,0,0,0
10531,2026-02-10 12:45:00,5189.0,0,0,1,0,1,0,0,0
10531,2026-02-10 12:45:00,5189.7,0,0,1,0,1,0,0,0
10532,2026-02-10 12:52:00,5194.5,1,0,1,-1,1,0,0,0
10532,2026-02-10 12:52:00,5194.6,0,1,1,1,1,0,0,0
10532,2026-02-10 12:52:00,5194.7,0,1,1,1,1,0,0,0
10533,2026-02-10 13:37:00,5216.0,0,0,2,0,1,0,0,0
10534,2026-02-10 13:46:00,5219.6,0,1,1,1,1,0,0,0
10535,2026-02-10 14:11:00,5219.0,0,0,2,0,2,0,0,0
10536,2026-02-10 14:15:00,5223.0,0,1,1,1,1,0,0,0
10536,2026-02-10 14:15:00,5223.9,0,1,1,1,1,0,0,0
10537,2026-02-10 14:16:00,5231.5,0,0,1,0,1,0,0,0
10537,2026-02-10 14:16:00,5232.1,0,1,1,1,1,0,0,0
10537,2026-02-10 14:16:00,5232.2,0,1,1,1,1,0,0,0
10538,2026-02-10 14:23:00,5237.5,0,0,1,0,1,0,0,0
10538,2026-02-10 14:23:00,5238.8,0,0,1,0,1,0,0,0
10539,2026-02-10 14:30:00,5238.0,2,0,2,-2,1,0,0,0
10540,2026-02-10 14:31:00,5242.4,0,0,1,0,1,0,0,0
10541,2026-02-10 14:45:00,5215.0,0,0,2,0,1,0,0,0
10542,2026-02-10 14:51:00,5199.0,1,0,1,-1,1,0,0,0
10542,2026-02-10 14:51:00,5200.8,1,0,1,-1,1,0,0,0
10543,2026-02-10 15:01:00,5197.0,0,1,1,1,1,0,0,0
10544,2026-02-10 15:02:00,5194.4,0,0,1,0,1,0,0,0
10544,2026-02-10 15:02:00,5197.3,0,0,1,0,1,0,0,0
10545,2026-02-10 15:04:00,5193.5,0,0,1,0,1,0,0,0
10545,2026-02-10 15:04:00,5197.0,0,0,1,0,1,0,0,0
10546,2026-02-10 15:29:00,5197.5,0,0,1,0,1,0,0,0
10546,2026-02-10 15:29:00,5199.9,1,0,1,-1,1,0,0,0
10546,2026-02-10 15:29:00,5200.4,0,0,1,0,1,0,0,0
10547,2026-02-10 15:30:00,5195.0,0,0,1,0,1,0,0,0
10548,2026-02-10 15:38:00,5169.0,5,0,5,-5,1,0,0,0
10548,2026-02-10 15:38:00,5170.0,0,0,1,0,1,0,0,0
10548,2026-02-10 15:38:00,5170.6,0,0,1,0,1,0,0,0
10549,2026-02-10 15:39:00,5166.0,1,0,1,-1,1,0,0,0
10549,2026-02-10 15:39:00,5166.1,1,0,1,-1,1,0,0,0
10549,2026-02-10 15:39:00,5168.4,1,0,1,-1,1,0,0,0
10550,2026-02-10 15:40:00,5175.0,0,0,1,0,1,0,0,0
10551,2026-02-10 15:44:00,5177.0,0,1,1,1,1,0,0,0
10552,2026-02-10 15:51:00,5191.3,0,1,1,1,1,0,0,0
10553,2026-02-10 16:01:00,5180.0,0,0,1,0,1,0,0,0
10554,2026-02-10 17:18:00,5197.6,0,1,1,1,1,0,0,0
10555,2026-02-10 17:26:00,5200.8,0,0,1,0,1,0,0,0
10555,2026-02-10 17:26:00,5201.1,0,1,1,1,1,0,0,0
10555,2026-02-10 17:26:00,5201.7,0,1,1,1,1,0,0,0
10556,2026-02-10 17:43:00,5203.5,0,1,1,1,1,0,0,0
10557,2026-02-10 17:44:00,5203.8,0,1,1,1,1,0,0,0
10558,2026-02-10 18:27:00,5168.5,1,0,1,-1,1,0,0,0
10559,2026-02-10 18:29:00,5171.9,0,1,1,1,1,0,0,0
10559,2026-02-10 18:29:00,5172.8,0,1,1,1,1,0,0,0
10559,2026-02-10 18:29:00,5174.3,0,1,1,1,1,0,0,0
10560,2026-02-10 18:58:00,5178.0,0,0,9,0,9,0,0,0
10560,2026-02-10 18:58:00,5178.2,1,0,1,-1,1,0,0,0
10561,2026-02-10 19:18:00,5182.6,0,1,1,1,1,0,0,0
10562,2026-02-10 19:25:00,5185.2,0,1,1,1,1,0,0,0
10563,2026-02-10 19:50:00,5191.4,1,0,1,-1,1,0,0,0
10564,2026-02-10 19:51:00,5190.7,1,0,1,-1,1,0,0,0
10565,2026-02-10 20:20:00,5197.2,0,1,1,1,1,0,0,0
10566,2026-02-10 20:49:00,5201.7,0,1,1,1,1,0,0,0
10567,2026-02-10 20:50:00,5201.0,0,0,1,0,1,0,0,0
10568,2026-02-10 23:06:00,5197.3,1,0,1,-1,1,0,0,0
10569,2026-02-10 23:19:00,5206.0,0,0,1,0,1,0,0,0
10570,2026-02-10 23:22:00,5214.0,0,0,1,0,1,0,0,0
10571,2026-02-10 23:24:00,5218.1,0,1,1,1,1,0,0,0
10572,2026-02-11 00:12:00,5200.1,0,0,1,0,1,0,0,0
10573,2026-02-11 00:30:00,5205.3,0,1,1,1,1,0,0,0
10574,2026-02-11 00:54:00,5202.8,0,0,1,0,1,0,0,0
10575,2026-02-11 00:59:00,5203.0,0,0,1,0,1,0,0,0
10576,2026-02-11 01:03:00,5211.0,0,0,1,0,1,0,0,0
10577,2026-02-11 01:04:00,5211.0,0,0,1,0,1,0,0,0
10578,2026-02-11 01:19:00,5203.0,0,0,1,0,1,0,0,0
10579,2026-02-11 01:48:00,5209.0,0,0,1,0,1,0,0,0
10580,2026-02-11 01:57:00,5215.5,0,1,1,1,1,0,0,0
10581,2026-02-11 02:00:00,5215.1,1,0,1,-1,1,0,0,0
10582,2026-02-11 02:01:00,5220.9,0,1,1,1,1,0,0,0
10583,2026-02-11 02:03:00,5212.4,0,1,1,1,1,0,0,0
10584,2026-02-11 02:04:00,5208.8,1,0,1,-1,1,0,0,0
10585,2026-02-11 02:05:00,5208.5,1,0,1,-1,1,0,0,0
10586,2026-02-11 02:07:00,5202.5,1,0,1,-1,1,0,0,0
10587,2026-02-11 02:08:00,5205.9,0,1,1,1,1,0,0,0
10588,2026-02-11 02:09:00,5205.4,1,0,1,-1,1,0,0,0
10589,2026-02-11 02:11:00,5205.0,0,1,1,1,1,0,0,0
10590,2026-02-11 02:13:00,5201.2,1,0,1,-1,1,0,0,0
10591,2026-02-11 02:14:00,5199.8,1,0,1,-1,1,0,0,0
10591,2026-02-11 02:14:00,5200.7,0,0,1,0,1,0,0,0
10592,2026-02-11 02:16:00,5204.1,0,1,1,1,1,0,0,0
10593,2026-02-11 02:17:00,5207.3,0,1,1,1,1,0,0,0
10594,2026-02-11 02:18:00,5209.7,1,0,1,-1,1,0,0,0
10595,2026-02-11 02:19:00,5208.9,0,1,1,1,1,0,0,0
10596,2026-02-11 02:21:00,5208.1,1,0,1,-1,1,0,0,0
10597,2026-02-11 02:23:00,5210.0,0,0,1,0,1,0,0,0
10597,2026-02-11 02:23:00,5211.3,0,1,1,1,1,0,0,0
10598,2026-02-11 02:24:00,5206.4,1,0,1,-1,1,0,0,0
10599,2026-02-11 02:31:00,5209.7,0,1,1,1,1,0,0,0
10600,2026-02-11 02:40:00,5213.5,0,0,1,0,1,0,0,0
10601,2026-02-11 02:42:00,5215.5,0,1,1,1,1,0,0,0
10601,2026-02-11 02:42:00,5215.9,0,1,1,1,1,0,0,0
10602,2026-02-11 02:45:00,5219.0,0,0,1,0,1,0,0,0
10603,2026-02-11 02:46:00,5220.6,0,1,1,1,1,0,0,0
10604,2026-02-11 02:47:00,5218.2,1,0,1,-1,1,0,0,0
10604,2026-02-11 02:47:00,5218.5,1,0,1,-1,1,0,0,0
10605,2026-02-11 02:49:00,5217.0,0,0,1,0,1,0,0,0
10605,2026-02-11 02:49:00,5218.3,0,1,1,1,1,0,0,0
10606,2026-02-11 02:50:00,5219.5,0,1,1,1,1,0,0,0
10606,2026-02-11 02:50:00,5220.3,0,1,1,1,1,0,0,0
10607,2026-02-11 02:51:00,5220.0,1,0,1,-1,1,0,0,0
10608,2026-02-11 02:52:00,5220.0,0,0,1,0,1,0,0,0
10609,2026-02-11 02:53:00,5220.4,1,0,1,-1,1,0,0,0
10609,2026-02-11 02:53:00,5221.4,0,1,1,1,1,0,0,0
10610,2026-02-11 02:54:00,5220.0,0,0,1,0,1,0,0,0
10611,2026-02-11 02:55:00,5222.0,0,0,1,0,1,0,0,0
10612,2026-02-11 02:58:00,5220.1,0,1,1,1,1,0,0,0
10613,2026-02-11 03:01:00,5217.2,1,0,1,-1,1,0,0,0
10613,2026-02-11 03:01:00,5218.3,0,1,1,1,1,0,0,0
10614,2026-02-11 03:04:00,5217.8,1,0,2,-1,2,0,0,0
10615,2026-02-11 03:05:00,5217.5,0,1,1,1,1,0,0,0
10615,2026-02-11 03:05:00,5217.7,0,1,1,1,1,0,0,0
10616,2026-02-11 03:09:00,5218.6,0,1,1,1,1,0,0,0
10617,2026-02-11 03:18:00,5215.0,0,0,1,0,1,0,0,0
10618,2026-02-11 03:24:00,5223.0,0,0,1,0,1,0,0,0
10619,2026-02-11 03:26:00,5223.3,0,1,1,1,1,0,0,0
10620,2026-02-11 03:27:00,5223.3,0,1,1,1,1,0,0,0
10621,2026-02-11 03:28:00,5224.4,0,1,1,1,1,0,0,0
10622,2026-02-11 03:29:00,5222.0,0,0,1,0,1,0,0,0
10623,2026-02-11 03:30:00,5224.5,0,1,1,1,1,0,0,0
10624,2026-02-11 03:31:00,5224.9,0,1,1,1,1,0,0,0
10624,2026-02-11 03:31:00,5225.6,0,1,1,1,1,0,0,0
10625,2026-02-11 03:44:00,5224.0,0,0,1,0,1,0,0,0
10626,2026-02-11 03:54:00,5220.7,0,0,2,0,1,0,0,0
10626,2026-02-11 03:54:00,5221.0,0,0,2,0,2,0,0,0
10627,2026-02-11 03:55:00,5220.7,0,0,2,0,2,0,0,0
10627,2026-02-11 03:55:00,5221.0,0,0,2,0,2,0,0,0
10627,2026-02-11 03:55:00,5221.1,0,0,2,0,2,0,0,0
10628,2026-02-11 03:56:00,5221.1,0,0,1,0,1,0,0,0
10629,2026-02-11 04:00:00,5220.7,0,0,2,0,1,0,0,0
10629,2026-02-11 04:00:00,5221.1,0,0,1,0,1,0,0,0
10629,2026-02-11 04:00:00,5222.6,0,1,1,1,1,0,0,0
10630,2026-02-11 04:10:00,5220.4,0,0,1,0,1,0,0,0
10631,2026-02-11 04:11:00,5218.9,2,0,2,-2,1,0,0,0
10632,2026-02-11 04:14:00,5220.1,0,0,1,0,1,0,0,0
10633,2026-02-11 04:21:00,5225.2,0,1,1,1,1,0,0,0
10634,2026-02-11 04:43:00,5217.3,1,0,1,-1,1,0,0,0
10635,2026-02-11 04:51:00,5215.3,1,0,1,-1,1,0,0,0
10636,2026-02-11 05:01:00,5212.0,1,0,1,-1,1,0,0,0
10637,2026-02-11 05:25:00,5216.0,0,0,1,0,1,0,0,0
10638,2026-02-11 05:30:00,5220.6,0,1,1,1,1,0,0,0
10638,2026-02-11 05:30:00,5221.4,0,1,1,1,1,0,0,0
10639,2026-02-11 05:35:00,5226.7,0,1,1,1,1,0,0,0
10640,2026-02-11 05:51:00,5215.2,1,0,1,-1,1,0,0,0
10641,2026-02-11 06:23:00,5223.0,0,1,1,1,1,0,0,0
10642,2026-02-11 06:52:00,5228.5,0,0,1,0,1,0,0,0
10643,2026-02-11 07:01:00,5228.5,1,0,1,-1,1,0,0,0
10644,2026-02-11 07:04:00,5226.7,0,0,2,0,2,0,0,0
10645,2026-02-11 07:42:00,5219.0,1,0,2,-1,2,0,0,0
10646,2026-02-11 07:47:00,5216.8,1,0,1,-1,1,0,0,0
10647,2026-02-11 08:06:00,5222.0,0,0,1,0,1,0,0,0
10648,2026-02-11 08:07:00,5222.3,0,0,1,0,1,0,0,0
10649,2026-02-11 08:09:00,5219.7,0,1,1,1,1,0,0,0
10650,2026-02-11 08:12:00,5219.9,1,0,1,-1,1,0,0,0
10651,2026-02-11 08:19:00,5216.6,1,0,1,-1,1,0,0,0
10652,2026-02-11 08:20:00,5217.5,0,0,2,0,1,0,0,0
10653,2026-02-11 08:30:00,5215.1,1,0,1,-1,1,0,0,0
10654,2026-02-11 08:59:00,5219.0,0,2,2,2,1,0,0,0
10654,2026-02-11 08:59:00,5219.1,0,1,1,1,1,0,0,0
10655,2026-02-11 09:29:00,5219.5,0,2,2,2,2,0,0,0
10656,2026-02-11 09:44:00,5228.1,0,0,1,0,1,0,0,0
10656,2026-02-11 09:44:00,5228.4,0,1,1,1,1,0,0,0
10656,2026-02-11 09:44:00,5228.5,0,1,1,1,1,0,0,0
10656,2026-02-11 09:44:00,5228.8,0,0,1,0,1,0,0,0
10657,2026-02-11 09:46:00,5233.7,0,0,1,0,1,0,0,0
10657,2026-02-11 09:46:00,5235.0,0,0,2,0,2,0,0,0
10657,2026-02-11 09:46:00,5235.4,0,1,1,1,1,0,0,0
10658,2026-02-11 09:47:00,5234.7,0,1,1,1,1,0,0,0
10659,2026-02-11 10:07:00,5229.7,0,0,2,0,1,0,0,0
10659,2026-02-11 10:07:00,5230.0,0,1,1,1,1,0,0,0
10659,2026-02-11 10:07:00,5230.1,0,1,1,1,1,0,0,0
10659,2026-02-11 10:07:00,5230.2,0,2,2,2,1,0,0,0
10660,2026-02-11 10:18:00,5239.2,0,1,1,1,1,0,0,0
10661,2026-02-11 10:20:00,5238.0,0,0,2,0,1,0,0,0
10662,2026-02-11 10:22:00,5240.6,0,0,1,0,1,0,0,0
10663,2026-02-11 10:25:00,5239.5,0,0,2,0,1,0,0,0
10664,2026-02-11 10:26:00,5238.4,0,1,1,1,1,0,0,0
10664,2026-02-11 10:26:00,5239.1,0,0,2,0,1,0,0,0
10665,2026-02-11 10:27:00,5234.8,2,0,2,-2,1,0,0,0
10666,2026-02-11 10:30:00,5235.6,1,0,1,-1,1,0,0,0
10666,2026-02-11 10:30:00,5235.7,1,0,1,-1,1,0,0,0
10667,2026-02-11 10:41:00,5249.0,0,1,1,1,1,0,0,0
10668,2026-02-11 10:42:00,5248.4,0,0,2,0,2,0,0,0
10669,2026-02-11 10:43:00,5248.7,0,0,2,0,2,0,0,0
10670,2026-02-11 10:44:00,5266.0,0,0,2,0,1,0,0,0
10671,2026-02-11 10:45:00,5265.6,0,0,2,0,2,0,0,0
10672,2026-02-11 10:59:00,5261.6,0,0,1,0,1,0,0,0
10673,2026-02-11 11:00:00,5261.6,0,0,1,0,1,0,0,0
10674,2026-02-11 11:09:00,5262.2,0,2,2,2,1,0,0,0
10674,2026-02-11 11:09:00,5262.3,0,2,2,2,1,0,0,0
10674,2026-02-11 11:09:00,5262.5,0,1,1,1,1,0,0,0
10675,2026-02-11 11:23:00,5268.0,0,0,2,0,1,0,0,0
10676,2026-02-11 11:27:00,5269.1,0,0,1,0,1,0,0,0
10677,2026-02-11 11:28:00,5269.1,0,0,1,0,1,0,0,0
10678,2026-02-11 11:30:00,5275.2,0,1,1,1,1,0,0,0
10678,2026-02-11 11:30:00,5276.0,0,0,1,0,1,0,0,0
10679,2026-02-11 11:45:00,5280.0,0,0,4,0,1,0,0,0
10680,2026-02-11 11:46:00,5280.1,1,0,1,-1,1,0,0,0
10681,2026-02-11 11:47:00,5279.8,0,1,1,1,1,0,0,0
10682,2026-02-11 11:51:00,5280.1,0,0,2,0,2,0,0,0
10682,2026-02-11 11:51:00,5280.3,0,0,2,0,2,0,0,0
10683,2026-02-11 11:53:00,5282.9,0,0,2,0,1,0,0,0
10684,2026-02-11 11:58:00,5279.7,0,0,2,0,2,0,0,0
10684,2026-02-11 11:58:00,5280.2,0,0,2,0,1,0,0,0
10685,2026-02-11 12:04:00,5275.0,1,0,1,-1,1,0,0,0
10685,2026-02-11 12:04:00,5275.2,1,0,1,-1,1,0,0,0
10686,2026-02-11 12:16:00,5270.0,0,0,2,0,1,0,0,0
10687,2026-02-11 12:18:00,5260.2,2,0,2,-2,1,0,0,0
10688,2026-02-11 12:25:00,5265.0,0,1,1,1,1,0,0,0
10689,2026-02-11 12:40:00,5248.3,0,1,1,1,1,0,0,0
10689,2026-02-11 12:40:00,5248.6,1,0,1,-1,1,0,0,0
10689,2026-02-11 12:40:00,5248.7,1,0,1,-1,1,0,0,0
10690,2026-02-11 12:42:00,5229.3,0,1,1,1,1,0,0,0
10691,2026-02-11 12:43:00,5230.2,0,0,1,0,1,0,0,0
10691,2026-02-11 12:43:00,5231.2,0,0,1,0,1,0,0,0
10691,2026-02-11 12:43:00,5232.0,0,0,1,0,1,0,0,0
10692,2026-02-11 12:45:00,5233.6,1,0,1,-1,1,0,0,0
10693,2026-02-11 12:47:00,5236.3,0,0,1,0,1,0,0,0
10693,2026-02-11 12:47:00,5237.1,0,0,1,0,1,0,0,0
10694,2026-02-11 12:48:00,5237.4,0,0,1,0,1,0,0,0
10695,2026-02-11 12:49:00,5234.0,1,0,2,-1,2,0,0,0
10695,2026-02-11 12:49:00,5235.4,0,1,1,1,1,0,0,0
10696,2026-02-11 12:52:00,5242.7,0,0,2,0,2,0,0,0
10696,2026-02-11 12:52:00,5245.3,0,0,2,0,2,0,0,0
10697,2026-02-11 12:53:00,5244.3,0,0,2,0,1,0,0,0
10697,2026-02-11 12:53:00,5245.0,0,0,2,0,1,0,0,0
10698,2026-02-11 12:54:00,5243.6,0,0,4,0,3,0,0,0
10699,2026-02-11 12:55:00,5244.8,1,0,1,-1,1,0,0,0
10700,2026-02-11 12:56:00,5245.8,0,1,1,1,1,0,0,0
10701,2026-02-11 12:57:00,5241.2,0,0,2,0,2,0,0,0
10702,2026-02-11 12:59:00,5248.3,0,1,1,1,1,0,0,0
10703,2026-02-11 13:05:00,5245.9,1,0,1,-1,1,0,0,0
10704,2026-02-11 13:08:00,5248.5,1,0,1,-1,1,0,0,0
10704,2026-02-11 13:08:00,5248.6,1,0,1,-1,1,0,0,0
10705,2026-02-11 13:11:00,5244.6,0,0,2,0,1,0,0,0
10705,2026-02-11 13:11:00,5246.3,0,0,2,0,2,0,0,0
10706,2026-02-11 13:12:00,5242.6,1,0,1,-1,1,0,0,0
10706,2026-02-11 13:12:00,5242.7,1,0,1,-1,1,0,0,0
10706,2026-02-11 13:12:00,5243.1,1,0,1,-1,1,0,0,0
10706,2026-02-11 13:12:00,5243.2,0,0,2,0,2,0,0,0
10706,2026-02-11 13:12:00,5243.5,0,0,2,0,2,0,0,0
10707,2026-02-11 13:20:00,5244.8,0,0,2,0,2,0,0,0
10708,2026-02-11 13:23:00,5250.0,0,0,1,0,1,0,0,0
10709,2026-02-11 13:29:00,5245.4,0,0,2,0,1,0,0,0
10709,2026-02-11 13:29:00,5249.8,2,0,2,-2,1,0,0,0
10710,2026-02-11 13:30:00,5180.0,0,0,2,0,1,0,0,0
10710,2026-02-11 13:30:00,5184.9,1,0,1,-1,1,0,0,0
10710,2026-02-11 13:30:00,5198.4,0,0,1,0,1,0,0,0
10710,2026-02-11 13:30:00,5204.4,1,0,1,-1,1,0,0,0
10710,2026-02-11 13:30:00,5206.9,1,0,1,-1,1,0,0,0
10710,2026-02-11 13:30:00,5213.8,1,0,1,-1,1,0,0,0
10710,2026-02-11 13:30:00,5215.5,1,0,1,-1,1,0,0,0
10711,2026-02-11 13:31:00,5204.9,1,0,1,-1,1,0,0,0
10711,2026-02-11 13:31:00,5206.8,1,0,1,-1,1,0,0,0
10711,2026-02-11 13:31:00,5210.2,0,2,2,2,2,0,0,0
10711,2026-02-11 13:31:00,5210.3,0,1,1,1,1,0,0,0
10711,2026-02-11 13:31:00,5211.2,0,1,1,1,1,0,0,0
10711,2026-02-11 13:31:00,5211.5,1,0,1,-1,1,0,0,0
10711,2026-02-11 13:31:00,5212.0,0,2,2,2,1,0,0,0
10712,2026-02-11 13:32:00,5204.5,1,0,1,-1,1,0,0,0
10712,2026-02-11 13:32:00,5212.1,1,0,1,-1,1,0,0,0
10713,2026-02-11 13:33:00,5212.0,2,0,2,-2,1,0,0,0
10714,2026-02-11 13:34:00,5212.9,1,0,1,-1,1,0,0,0
10715,2026-02-11 13:35:00,5206.2,0,0,1,0,1,0,0,0
10715,2026-02-11 13:35:00,5207.3,1,0,1,-1,1,0,0,0
10715,2026-02-11 13:35:00,5210.0,0,0,1,0,1,0,0,0
10716,2026-02-11 13:36:00,5208.8,0,0,2,0,1,0,0,0
10716,2026-02-11 13:36:00,5209.6,1,0,1,-1,1,0,0,0
10716,2026-02-11 13:36:00,5209.9,1,0,1,-1,1,0,0,0
10716,2026-02-11 13:36:00,5210.1,0,0,2,0,1,0,0,0
10716,2026-02-11 13:36:00,5210.6,0,0,2,0,2,0,0,0
10716,2026-02-11 13:36:00,5210.8,0,1,1,1,1,0,0,0
10716,2026-02-11 13:36:00,5211.0,0,1,1,1,1,0,0,0
10716,2026-02-11 13:36:00,5211.1,0,2,2,2,1,0,0,0
10716,2026-02-11 13:36:00,5212.0,0,0,2,0,2,0,0,0
10717,2026-02-11 13:41:00,5225.0,0,0,2,0,1,0,0,0
10717,2026-02-11 13:41:00,5230.2,0,0,1,0,1,0,0,0
10718,2026-02-11 13:42:00,5221.9,2,0,2,-2,1,0,0,0
10718,2026-02-11 13:42:00,5225.6,0,0,1,0,1,0,0,0
10719,2026-02-11 13:43:00,5223.0,1,0,1,-1,1,0,0,0
10719,2026-02-11 13:43:00,5223.4,0,0,2,0,2,0,0,0
10720,2026-02-11 13:44:00,5226.7,0,0,2,0,2,0,0,0
10721,2026-02-11 13:47:00,5221.3,1,0,1,-1,1,0,0,0
10721,2026-02-11 13:47:00,5221.4,1,0,1,-1,1,0,0,0
10721,2026-02-11 13:47:00,5222.1,2,0,2,-2,1,0,0,0
10721,2026-02-11 13:47:00,5222.2,0,0,2,0,2,0,0,0
10721,2026-02-11 13:47:00,5223.1,0,0,2,0,2,0,0,0
10722,2026-02-11 13:48:00,5227.8,0,0,2,0,1,0,0,0
10722,2026-02-11 13:48:00,5228.2,0,0,2,0,2,0,0,0
10722,2026-02-11 13:48:00,5228.4,0,0,2,0,2,0,0,0
10723,2026-02-11 13:49:00,5228.1,0,0,1,0,1,0,0,0
10724,2026-02-11 13:50:00,5230.0,0,0,1,0,1,0,0,0
10725,2026-02-11 13:51:00,5230.0,0,0,2,0,1,0,0,0
10726,2026-02-11 14:00:00,5231.4,2,0,2,-2,1,0,0,0
10727,2026-02-11 14:09:00,5241.0,0,0,2,0,1,0,0,0
10728,2026-02-11 14:17:00,5245.0,0,0,2,0,2,0,0,0
10729,2026-02-11 14:20:00,5244.7,1,0,1,-1,1,0,0,0
10730,2026-02-11 14:21:00,5242.0,0,0,2,0,2,0,0,0
10731,2026-02-11 14:23:00,5238.3,1,0,1,-1,1,0,0,0
10732,2026-02-11 14:25:00,5235.2,1,0,1,-1,1,0,0,0
10732,2026-02-11 14:25:00,5236.3,1,0,1,-1,1,0,0,0
10732,2026-02-11 14:25:00,5236.4,1,0,1,-1,1,0,0,0
10733,2026-02-11 14:31:00,5230.0,0,0,2,0,1,0,0,0
10733,2026-02-11 14:31:00,5230.8,0,0,1,0,1,0,0,0
10733,2026-02-11 14:31:00,5233.3,1,0,1,-1,1,0,0,0
10733,2026-02-11 14:31:00,5234.7,1,0,1,-1,1,0,0,0
10734,2026-02-11 14:32:00,5235.0,0,0,2,0,1,0,0,0
10735,2026-02-11 14:34:00,5227.0,0,0,2,0,2,0,0,0
10735,2026-02-11 14:34:00,5235.0,0,0,2,0,2,0,0,0
10736,2026-02-11 14:36:00,5227.0,1,0,2,-1,2,0,0,0
10737,2026-02-11 14:37:00,5225.6,2,0,2,-2,1,0,0,0
10738,2026-02-11 14:53:00,5218.3,0,0,2,0,2,0,0,0
10738,2026-02-11 14:53:00,5221.0,0,0,2,0,2,0,0,0
10738,2026-02-11 14:53:00,5221.1,0,0,2,0,1,0,0,0
10738,2026-02-11 14:53:00,5221.5,0,0,2,0,2,0,0,0
10738,2026-02-11 14:53:00,5221.6,0,1,2,1,2,0,0,0
10739,2026-02-11 14:54:00,5221.8,0,0,2,0,1,0,0,0
10740,2026-02-11 14:55:00,5224.0,0,0,2,0,2,0,0,0
10741,2026-02-11 14:57:00,5227.9,0,2,2,2,1,0,0,0
10742,2026-02-11 14:58:00,5227.6,0,0,2,0,2,0,0,0
10743,2026-02-11 15:00:00,5220.2,0,0,2,0,1,0,0,0
10743,2026-02-11 15:00:00,5221.2,0,0,2,0,1,0,0,0
10743,2026-02-11 15:00:00,5221.4,0,0,2,0,2,0,0,0
10744,2026-02-11 15:04:00,5231.2,2,0,2,-2,1,0,0,0
10745,2026-02-11 15:07:00,5241.0,0,0,2,0,1,0,0,0
10746,2026-02-11 15:10:00,5245.0,0,0,2,0,2,0,0,0
10746,2026-02-11 15:10:00,5245.4,0,0,2,0,1,0,0,0
10746,2026-02-11 15:10:00,5246.0,0,0,2,0,1,0,0,0
10747,2026-02-11 15:11:00,5241.0,0,0,2,0,1,0,0,0
10748,2026-02-11 15:12:00,5239.2,0,0,2,0,1,0,0,0
10748,2026-02-11 15:12:00,5240.2,0,0,2,0,1,0,0,0
10749,2026-02-11 15:13:00,5234.4,0,0,2,0,2,0,0,0
10749,2026-02-11 15:13:00,5235.9,0,1,1,1,1,0,0,0
10750,2026-02-11 15:14:00,5233.5,0,0,2,0,2,0,0,0
10750,2026-02-11 15:14:00,5233.9,0,0,2,0,2,0,0,0
10751,2026-02-11 15:15:00,5241.4,0,0,1,0,1,0,0,0
10752,2026-02-11 15:24:00,5212.5,0,0,1,0,1,0,0,0
10753,2026-02-11 15:34:00,5216.0,0,1,1,1,1,0,0,0
10754,2026-02-11 15:49:00,5210.3,1,0,1,-1,1,0,0,0
10755,2026-02-11 15:51:00,5216.7,1,0,1,-1,1,0,0,0
10756,2026-02-11 15:52:00,5219.4,0,0,2,0,1,0,0,0
10757,2026-02-11 15:54:00,5225.1,0,0,2,0,2,0,0,0
10757,2026-02-11 15:54:00,5225.7,1,0,1,-1,1,0,0,0
10758,2026-02-11 15:55:00,5225.5,1,0,1,-1,1,0,0,0
10758,2026-02-11 15:55:00,5227.2,1,0,2,-1,2,0,0,0
10759,2026-02-11 15:56:00,5225.0,0,0,2,0,1,0,0,0
10760,2026-02-11 15:57:00,5226.2,1,0,1,-1,1,0,0,0
10761,2026-02-11 15:58:00,5227.0,1,0,1,-1,1,0,0,0
10762,2026-02-11 16:01:00,5225.2,0,0,2,0,2,0,0,0
10763,2026-02-11 16:04:00,5222.3,1,0,1,-1,1,0,0,0
10764,2026-02-11 16:13:00,5226.7,1,0,1,-1,1,0,0,0
10764,2026-02-11 16:13:00,5226.9,1,0,1,-1,1,0,0,0
10764,2026-02-11 16:13:00,5227.1,2,0,6,-2,3,0,0,0
10765,2026-02-11 16:15:00,5222.6,0,1,1,1,1,0,0,0
10765,2026-02-11 16:15:00,5222.8,0,1,1,1,1,0,0,0
10766,2026-02-11 16:17:00,5215.6,0,0,2,0,2,0,0,0
10766,2026-02-11 16:17:00,5215.7,0,1,1,1,1,0,0,0
10766,2026-02-11 16:17:00,5216.0,0,0,2,0,2,0,0,0
10766,2026-02-11 16:17:00,5216.4,1,0,1,-1,1,0,0,0
10767,2026-02-11 16:23:00,5222.0,1,0,1,-1,1,0,0,0
10767,2026-02-11 16:23:00,5222.1,1,0,1,-1,1,0,0,0
10767,2026-02-11 16:23:00,5222.8,0,0,2,0,1,0,0,0
10767,2026-02-11 16:23:00,5223.1,1,0,1,-1,1,0,0,0
10767,2026-02-11 16:23:00,5223.3,1,0,1,-1,1,0,0,0
10768,2026-02-11 16:24:00,5224.3,0,0,2,0,1,0,0,0
10769,2026-02-11 16:26:00,5224.7,0,0,1,0,1,0,0,0
10770,2026-02-11 16:27:00,5224.7,0,0,1,0,1,0,0,0
10771,2026-02-11 16:30:00,5234.0,0,0,1,0,1,0,0,0
10772,2026-02-11 16:53:00,5243.0,0,1,2,1,2,0,0,0
10773,2026-02-11 16:54:00,5243.0,0,0,1,0,1,0,0,0
10774,2026-02-11 17:02:00,5237.0,0,0,2,0,2,0,0,0
10775,2026-02-11 17:06:00,5243.0,0,0,2,0,1,0,0,0
10776,2026-02-11 17:15:00,5252.0,0,0,2,0,1,0,0,0
10777,2026-02-11 17:17:00,5257.9,0,0,1,0,1,0,0,0
10778,2026-02-11 17:41:00,5257.6,0,1,1,1,1,0,0,0
10779,2026-02-11 17:43:00,5264.7,0,0,1,0,1,0,0,0
10779,2026-02-11 17:43:00,5266.5,1,0,1,-1,1,0,0,0
10780,2026-02-11 17:49:00,5256.7,1,0,1,-1,1,0,0,0
10781,2026-02-11 17:55:00,5260.6,1,0,1,-1,1,0,0,0
10782,2026-02-11 18:08:00,5250.0,0,0,1,0,1,0,0,0
10783,2026-02-11 18:28:00,5241.6,0,0,1,0,1,0,0,0
10784,2026-02-11 18:29:00,5241.4,0,1,1,1,1,0,0,0
10784,2026-02-11 18:29:00,5241.8,0,1,1,1,1,0,0,0
10784,2026-02-11 18:29:00,5242.5,0,0,2,0,2,0,0,0
10784,2026-02-11 18:29:00,5243.0,0,1,1,1,1,0,0,0
10784,2026-02-11 18:29:00,5243.2,0,1,1,1,1,0,0,0
10784,2026-02-11 18:29:00,5243.7,0,3,3,3,3,0,0,0
10784,2026-02-11 18:29:00,5244.3,0,1,1,1,1,0,0,0
10785,2026-02-11 18:49:00,5253.1,0,1,1,1,1,0,0,0
10786,2026-02-11 19:20:00,5259.9,0,1,1,1,1,0,0,0
10787,2026-02-11 19:25:00,5262.0,0,0,1,0,1,0,0,0
10788,2026-02-11 19:26:00,5262.0,0,0,1,0,1,0,0,0
10789,2026-02-11 19:36:00,5254.2,1,0,1,-1,1,0,0,0
10789,2026-02-11 19:36:00,5256.6,0,1,1,1,1,0,0,0
10790,2026-02-11 20:33:00,5246.3,1,0,1,-1,1,0,0,0
10790,2026-02-11 20:33:00,5246.5,1,0,1,-1,1,0,0,0
10791,2026-02-11 20:34:00,5247.4,1,0,1,-1,1,0,0,0
10792,2026-02-11 20:36:00,5249.8,0,1,1,1,1,0,0,0
10793,2026-02-11 23:11:00,5240.2,2,0,2,-2,1,0,0,0
10794,2026-02-11 23:28:00,5235.0,0,0,1,0,1,0,0,0
10795,2026-02-11 23:29:00,5235.0,0,0,1,0,1,0,0,0
10796,2026-02-12 01:12:00,5212.5,0,0,1,0,1,0,0,0
10797,2026-02-12 02:00:00,5232.6,0,1,1,1,1,0,0,0
10798,2026-02-12 02:31:00,5234.9,0,1,1,1,1,0,0,0
10799,2026-02-12 02:35:00,5228.1,1,0,1,-1,1,0,0,0
10800,2026-02-12 02:42:00,5221.5,1,0,1,-1,1,0,0,0
10801,2026-02-12 02:46:00,5219.3,1,0,1,-1,1,0,0,0
10802,2026-02-12 03:08:00,5237.0,0,0,1,0,1,0,0,0
10802,2026-02-12 03:08:00,5238.1,0,0,1,0,1,0,0,0
10803,2026-02-12 03:10:00,5238.5,0,0,1,0,1,0,0,0
10804,2026-02-12 03:26:00,5224.0,1,0,1,-1,1,0,0,0
10805,2026-02-12 03:27:00,5222.9,1,0,1,-1,1,0,0,0
10806,2026-02-12 03:43:00,5230.7,0,0,2,0,1,0,0,0
10806,2026-02-12 03:43:00,5230.8,0,0,4,0,3,0,0,0
10806,2026-02-12 03:43:00,5231.0,0,1,1,1,1,0,0,0
10806,2026-02-12 03:43:00,5231.1,0,1,1,1,1,0,0,0
10807,2026-02-12 03:44:00,5230.8,0,0,1,0,1,0,0,0
10807,2026-02-12 03:44:00,5231.1,0,0,2,0,2,0,0,0
10808,2026-02-12 03:45:00,5230.8,0,0,1,0,1,0,0,0
10809,2026-02-12 03:57:00,5220.4,1,0,1,-1,1,0,0,0
10809,2026-02-12 03:57:00,5220.6,1,0,1,-1,1,0,0,0
10810,2026-02-12 04:01:00,5219.1,1,0,1,-1,1,0,0,0
10811,2026-02-12 04:18:00,5216.7,0,0,1,0,1,0,0,0
10811,2026-02-12 04:18:00,5218.7,1,0,1,-1,1,0,0,0
10812,2026-02-12 04:19:00,5217.5,0,0,1,0,1,0,0,0
10813,2026-02-12 05:00:00,5233.2,0,0,1,0,1,0,0,0
10813,2026-02-12 05:00:00,5234.3,0,0,1,0,1,0,0,0
10814,2026-02-12 05:52:00,5237.0,0,0,1,0,1,0,0,0
10815,2026-02-12 05:55:00,5239.6,1,0,1,-1,1,0,0,0
10816,2026-02-12 05:56:00,5239.7,1,0,1,-1,1,0,0,0
10817,2026-02-12 06:00:00,5238.7,1,0,1,-1,1,0,0,0
10817,2026-02-12 06:00:00,5240.2,1,0,1,-1,1,0,0,0
10818,2026-02-12 06:14:00,5234.5,0,0,2,0,2,0,0,0
10819,2026-02-12 06:18:00,5233.2,0,0,2,0,2,0,0,0
10819,2026-02-12 06:18:00,5233.6,0,0,2,0,2,0,0,0
10820,2026-02-12 06:27:00,5224.5,1,0,1,-1,1,0,0,0
10821,2026-02-12 06:29:00,5222.0,0,0,1,0,1,0,0,0
10822,2026-02-12 06:32:00,5218.8,1,0,1,-1,1,0,0,0
10823,2026-02-12 07:00:00,5222.2,1,0,1,-1,1,0,0,0
10824,2026-02-12 07:01:00,5218.4,0,0,1,0,1,0,0,0
10825,2026-02-12 07:02:00,5219.5,0,0,1,0,1,0,0,0
10826,2026-02-12 07:59:00,5229.7,0,1,1,1,1,0,0,0
10827,2026-02-12 08:11:00,5236.0,0,0,2,0,2,0,0,0
10828,2026-02-12 08:25:00,5228.0,0,0,2,0,2,0,0,0
10829,2026-02-12 08:47:00,5228.3,1,0,1,-1,1,0,0,0
10829,2026-02-12 08:47:00,5228.4,1,0,1,-1,1,0,0,0
10830,2026-02-12 09:33:00,5236.8,0,0,1,0,1,0,0,0
10830,2026-02-12 09:33:00,5237.6,0,0,2,0,1,0,0,0
10830,2026-02-12 09:33:00,5237.7,0,0,1,0,1,0,0,0
10830,2026-02-12 09:33:00,5237.8,0,0,2,0,1,0,0,0
10831,2026-02-12 09:38:00,5239.0,0,1,1,1,1,0,0,0
10832,2026-02-12 09:43:00,5239.5,0,1,1,1,1,0,0,0
10832,2026-02-12 09:43:00,5239.7,0,1,1,1,1,0,0,0
10833,2026-02-12 09:44:00,5239.5,2,0,2,-2,2,0,0,0
10833,2026-02-12 09:44:00,5239.6,0,1,2,1,2,0,0,0
10833,2026-02-12 09:44:00,5239.8,0,0,2,0,1,0,0,0
10833,2026-02-12 09:44:00,5239.9,0,1,2,1,2,0,0,0
10834,2026-02-12 09:47:00,5240.5,0,0,2,0,1,0,0,0
10835,2026-02-12 09:48:00,5240.0,0,1,1,1,1,0,0,0
10836,2026-02-12 09:49:00,5239.6,0,0,1,0,1,0,0,0
10836,2026-02-12 09:49:00,5240.0,0,0,1,0,1,0,0,0
10836,2026-02-12 09:49:00,5240.4,0,1,2,1,2,0,0,0
10837,2026-02-12 09:50:00,5242.1,0,0,1,0,1,0,0,0
10838,2026-02-12 09:51:00,5246.4,0,1,1,1,1,0,0,0
10838,2026-02-12 09:51:00,5246.5,0,1,1,1,1,0,0,0
10839,2026-02-12 10:53:00,5223.2,0,1,1,1,1,0,0,0
10840,2026-02-12 10:58:00,5227.3,1,0,1,-1,1,0,0,0
10841,2026-02-12 11:04:00,5227.3,0,0,1,0,1,0,0,0
10842,2026-02-12 11:11:00,5228.0,0,0,1,0,1,0,0,0
10843,2026-02-12 11:56:00,5227.3,1,0,1,-1,1,0,0,0
10844,2026-02-12 12:34:00,5230.0,0,0,1,0,1,0,0,0
10845,2026-02-12 12:35:00,5233.0,0,0,1,0,1,0,0,0
10846,2026-02-12 12:40:00,5226.8,1,0,1,-1,1,0,0,0
10846,2026-02-12 12:40:00,5227.1,0,0,1,0,1,0,0,0
10846,2026-02-12 12:40:00,5228.1,1,0,1,-1,1,0,0,0
10847,2026-02-12 12:42:00,5225.0,0,0,2,0,2,0,0,0
10847,2026-02-12 12:42:00,5226.0,0,0,1,0,1,0,0,0
10848,2026-02-12 12:52:00,5215.3,3,0,3,-3,3,0,0,0
10848,2026-02-12 12:52:00,5215.6,0,1,2,1,2,0,0,0
10848,2026-02-12 12:52:00,5215.7,0,1,1,1,1,0,0,0
10848,2026-02-12 12:52:00,5215.8,0,1,3,1,2,0,0,0
10848,2026-02-12 12:52:00,5215.9,0,1,1,1,1,0,0,0
10848,2026-02-12 12:52:00,5216.5,0,0,1,0,1,0,0,0
10848,2026-02-12 12:52:00,5216.7,1,0,1,-1,1,0,0,0
10848,2026-02-12 12:52:00,5216.8,1,0,1,-1,1,0,0,0
10848,2026-02-12 12:52:00,5217.5,0,0,1,0,1,0,0,0
10849,2026-02-12 12:53:00,5217.1,0,0,2,0,1,0,0,0
10850,2026-02-12 12:55:00,5216.0,1,0,1,-1,1,0,0,0
10850,2026-02-12 12:55:00,5216.4,0,0,2,0,2,0,0,0
10851,2026-02-12 12:58:00,5215.9,0,0,1,0,1,0,0,0
10852,2026-02-12 13:06:00,5223.0,0,0,2,0,2,0,0,0
10852,2026-02-12 13:06:00,5223.6,0,2,2,2,1,0,0,0
10853,2026-02-12 13:19:00,5234.2,2,0,2,-2,1,0,0,0
10853,2026-02-12 13:19:00,5234.5,1,0,2,-1,2,0,0,0
10853,2026-02-12 13:19:00,5235.5,0,0,2,0,1,0,0,0
10853,2026-02-12 13:19:00,5235.6,1,0,2,-1,2,0,0,0
10854,2026-02-12 13:20:00,5236.0,0,0,2,0,1,0,0,0
10855,2026-02-12 13:32:00,5238.2,0,1,1,1,1,0,0,0
10855,2026-02-12 13:32:00,5238.3,0,1,1,1,1,0,0,0
10856,2026-02-12 13:34:00,5239.7,0,1,1,1,1,0,0,0
10857,2026-02-12 13:46:00,5245.0,0,0,2,0,1,0,0,0
10857,2026-02-12 13:46:00,5245.2,0,1,1,1,1,0,0,0
10858,2026-02-12 13:47:00,5245.2,0,0,1,0,1,0,0,0
10859,2026-02-12 14:27:00,5230.4,0,1,1,1,1,0,0,0
10860,2026-02-12 14:48:00,5220.0,0,0,1,0,1,0,0,0
10861,2026-02-12 14:50:00,5223.3,0,1,1,1,1,0,0,0
10862,2026-02-12 14:51:00,5222.9,1,0,1,-1,1,0,0,0
10863,2026-02-12 14:52:00,5220.0,1,0,1,-1,1,0,0,0
10864,2026-02-12 14:58:00,5208.6,0,1,1,1,1,0,0,0
10864,2026-02-12 14:58:00,5208.7,0,1,1,1,1,0,0,0
10865,2026-02-12 15:12:00,5228.2,1,0,1,-1,1,0,0,0
10866,2026-02-12 16:10:00,5207.9,0,1,1,1,1,0,0,0
10867,2026-02-12 16:11:00,5185.6,0,1,1,1,1,0,0,0
10867,2026-02-12 16:11:00,5185.8,0,1,1,1,1,0,0,0
10867,2026-02-12 16:11:00,5188.2,0,1,1,1,1,0,0,0
10867,2026-02-12 16:11:00,5189.3,0,1,1,1,1,0,0,0
10867,2026-02-12 16:11:00,5192.9,0,1,1,1,1,0,0,0
10867,2026-02-12 16:11:00,5198.2,1,0,1,-1,1,0,0,0
10867,2026-02-12 16:11:00,5198.4,1,0,1,-1,1,0,0,0
10867,2026-02-12 16:11:00,5199.3,0,1,1,1,1,0,0,0
10868,2026-02-12 16:12:00,5170.1,1,0,1,-1,1,0,0,0
10868,2026-02-12 16:12:00,5170.2,0,1,1,1,1,0,0,0
10868,2026-02-12 16:12:00,5172.7,0,2,2,2,1,0,0,0
10868,2026-02-12 16:12:00,5175.6,0,1,1,1,1,0,0,0
10868,2026-02-12 16:12:00,5175.7,0,1,1,1,1,0,0,0
10869,2026-02-12 16:13:00,5151.7,0,1,1,1,1,0,0,0
10869,2026-02-12 16:13:00,5155.8,1,0,1,-1,1,0,0,0
10869,2026-02-12 16:13:00,5158.0,0,0,5,0,1,0,0,0
10869,2026-02-12 16:13:00,5165.0,0,0,2,0,2,0,0,0
10870,2026-02-12 16:14:00,5119.4,0,1,1,1,1,0,0,0
10870,2026-02-12 16:14:00,5127.5,0,0,1,0,1,0,0,0
10870,2026-02-12 16:14:00,5128.8,0,1,1,1,1,0,0,0
10870,2026-02-12 16:14:00,5133.6,0,1,1,1,1,0,0,0
10870,2026-02-12 16:14:00,5136.4,0,1,1,1,1,0,0,0
10870,2026-02-12 16:14:00,5136.8,0,1,1,1,1,0,0,0
10870,2026-02-12 16:14:00,5148.7,0,1,1,1,1,0,0,0
10871,2026-02-12 16:15:00,5109.8,1,0,1,-1,1,0,0,0
10871,2026-02-12 16:15:00,5110.0,1,0,1,-1,1,0,0,0
10871,2026-02-12 16:15:00,5111.5,0,1,1,1,1,0,0,0
10872,2026-02-12 16:16:00,5114.6,0,1,2,1,2,0,0,0
10873,2026-02-12 16:17:00,5088.2,1,0,1,-1,1,0,0,0
10873,2026-02-12 16:17:00,5090.5,0,1,1,1,1,0,0,0
10873,2026-02-12 16:17:00,5104.9,0,1,1,1,1,0,0,0
10873,2026-02-12 16:17:00,5105.3,1,0,1,-1,1,0,0,0
10873,2026-02-12 16:17:00,5109.2,0,1,1,1,1,0,0,0
10874,2026-02-12 16:18:00,5078.2,0,1,1,1,1,0,0,0
10874,2026-02-12 16:18:00,5079.5,0,1,1,1,1,0,0,0
10874,2026-02-12 16:18:00,5080.0,0,0,4,0,2,0,0,0
10874,2026-02-12 16:18:00,5080.1,0,1,1,1,1,0,0,0
10875,2026-02-12 16:19:00,5085.0,0,1,1,1,1,0,0,0
10875,2026-02-12 16:19:00,5093.1,0,1,1,1,1,0,0,0
10875,2026-02-12 16:19:00,5094.8,0,1,1,1,1,0,0,0
10875,2026-02-12 16:19:00,5098.7,0,1,1,1,1,0,0,0
10875,2026-02-12 16:19:00,5102.4,0,1,1,1,1,0,0,0
10876,2026-02-12 16:20:00,5080.4,0,1,1,1,1,0,0,0
10876,2026-02-12 16:20:00,5081.5,0,1,1,1,1,0,0,0
10876,2026-02-12 16:20:00,5087.0,0,1,1,1,1,0,0,0
10876,2026-02-12 16:20:00,5088.0,0,1,1,1,1,0,0,0
10876,2026-02-12 16:20:00,5090.6,0,1,1,1,1,0,0,0
10876,2026-02-12 16:20:00,5096.6,0,1,1,1,1,0,0,0
10877,2026-02-12 16:21:00,5076.6,1,0,1,-1,1,0,0,0
10877,2026-02-12 16:21:00,5082.8,0,1,1,1,1,0,0,0
10877,2026-02-12 16:21:00,5085.6,0,1,1,1,1,0,0,0
10877,2026-02-12 16:21:00,5085.7,0,1,1,1,1,0,0,0
10878,2026-02-12 16:22:00,5065.7,3,0,3,-3,1,0,0,0
10878,2026-02-12 16:22:00,5065.9,1,0,1,-1,1,0,0,0
10878,2026-02-12 16:22:00,5066.0,2,0,2,-2,1,0,0,0
10878,2026-02-12 16:22:00,5066.1,1,0,1,-1,1,0,0,0
10878,2026-02-12 16:22:00,5066.2,2,0,2,-2,1,0,0,0
10878,2026-02-12 16:22:00,5066.6,3,0,3,-3,1,0,0,0
10878,2026-02-12 16:22:00,5066.8,1,0,1,-1,1,0,0,0
10878,2026-02-12 16:22:00,5067.7,2,0,2,-2,1,0,0,0
10878,2026-02-12 16:22:00,5069.4,0,1,1,1,1,0,0,0
10878,2026-02-12 16:22:00,5074.2,2,0,2,-2,1,0,0,0
10878,2026-02-12 16:22:00,5074.5,6,0,6,-6,1,0,0,0
10878,2026-02-12 16:22:00,5075.2,2,0,2,-2,1,0,0,0
10878,2026-02-12 16:22:00,5081.8,0,1,1,1,1,0,0,0
10879,2026-02-12 16:24:00,5084.7,0,1,1,1,1,0,0,0
10880,2026-02-12 16:25:00,5076.9,0,1,1,1,1,0,0,0
10880,2026-02-12 16:25:00,5079.3,0,1,1,1,1,0,0,0
10880,2026-02-12 16:25:00,5080.5,0,1,1,1,1,0,0,0
10881,2026-02-12 16:26:00,5054.6,1,0,1,-1,1,0,0,0
10881,2026-02-12 16:26:00,5070.0,0,0,1,0,1,0,0,0
10882,2026-02-12 16:27:00,5055.0,0,1,6,1,6,0,0,0
10882,2026-02-12 16:27:00,5060.0,0,0,10,0,4,0,0,0
10883,2026-02-12 16:28:00,5048.5,0,1,1,1,1,0,0,0
10883,2026-02-12 16:28:00,5055.0,1,0,1,-1,1,0,0,0
10884,2026-02-12 16:35:00,5096.4,0,0,1,0,1,0,0,0
10884,2026-02-12 16:35:00,5100.3,0,1,1,1,1,0,0,0
10884,2026-02-12 16:35:00,5104.4,0,1,1,1,1,0,0,0
10884,2026-02-12 16:35:00,5106.3,0,1,1,1,1,0,0,0
10885,2026-02-12 16:36:00,5107.0,0,1,1,1,1,0,0,0
10886,2026-02-12 16:37:00,5102.8,0,1,1,1,1,0,0,0
10887,2026-02-12 16:38:00,5105.9,0,1,1,1,1,0,0,0
10887,2026-02-12 16:38:00,5107.2,0,1,1,1,1,0,0,0
10888,2026-02-12 16:39:00,5110.3,0,0,1,0,1,0,0,0
10888,2026-02-12 16:39:00,5112.9,0,1,1,1,1,0,0,0
10888,2026-02-12 16:39:00,5118.1,0,0,1,0,1,0,0,0
10888,2026-02-12 16:39:00,5118.4,0,1,1,1,1,0,0,0
10888,2026-02-12 16:39:00,5119.3,0,1,1,1,1,0,0,0
10889,2026-02-12 16:40:00,5118.1,0,1,1,1,1,0,0,0
10889,2026-02-12 16:40:00,5119.0,0,2,2,2,1,0,0,0
10889,2026-02-12 16:40:00,5119.2,0,1,1,1,1,0,0,0
10889,2026-02-12 16:40:00,5119.5,0,3,3,3,2,0,0,0
10889,2026-02-12 16:40:00,5120.4,1,0,1,-1,1,0,0,0
10889,2026-02-12 16:40:00,5123.5,0,1,1,1,1,0,0,0
10890,2026-02-12 16:43:00,5116.2,0,1,1,1,1,0,0,0
10890,2026-02-12 16:43:00,5116.3,0,1,1,1,1,0,0,0
10890,2026-02-12 16:43:00,5119.6,0,1,1,1,1,0,0,0
10891,2026-02-12 16:46:00,5103.9,1,0,1,-1,1,0,0,0
10892,2026-02-12 16:52:00,5113.7,1,0,1,-1,1,0,0,0
10893,2026-02-12 16:53:00,5107.5,0,0,1,0,1,0,0,0
10894,2026-02-12 16:54:00,5102.1,0,1,1,1,1,0,0,0
10894,2026-02-12 16:54:00,5102.7,0,1,1,1,1,0,0,0
10895,2026-02-12 17:05:00,5106.2,1,0,1,-1,1,0,0,0
10896,2026-02-12 17:16:00,5116.3,1,0,1,-1,1,0,0,0
10896,2026-02-12 17:16:00,5116.5,1,0,1,-1,1,0,0,0
10896,2026-02-12 17:16:00,5116.6,0,0,1,0,1,0,0,0
10896,2026-02-12 17:16:00,5119.0,1,0,1,-1,1,0,0,0
10897,2026-02-12 17:26:00,5136.6,0,1,1,1,1,0,0,0
10898,2026-02-12 17:27:00,5135.5,0,1,1,1,1,0,0,0
10898,2026-02-12 17:27:00,5135.6,0,0,2,0,1,0,0,0
10898,2026-02-12 17:27:00,5135.9,1,0,1,-1,1,0,0,0
10898,2026-02-12 17:27:00,5137.0,0,1,1,1,1,0,0,0
10898,2026-02-12 17:27:00,5137.1,0,1,1,1,1,0,0,0
10899,2026-02-12 17:37:00,5126.0,0,2,2,2,1,0,0,0
10899,2026-02-12 17:37:00,5126.1,0,1,1,1,1,0,0,0
10899,2026-02-12 17:37:00,5126.2,0,1,1,1,1,0,0,0
10899,2026-02-12 17:37:00,5126.3,0,1,1,1,1,0,0,0
10899,2026-02-12 17:37:00,5127.4,0,1,1,1,1,0,0,0
10900,2026-02-12 18:00:00,5096.0,0,1,1,1,1,0,0,0
10900,2026-02-12 18:00:00,5096.1,0,1,1,1,1,0,0,0
10900,2026-02-12 18:00:00,5097.4,0,0,1,0,1,0,0,0
10900,2026-02-12 18:00:00,5098.9,1,0,1,-1,1,0,0,0
10900,2026-02-12 18:00:00,5099.6,0,1,1,1,1,0,0,0
10901,2026-02-12 18:14:00,5091.2,0,1,1,1,1,0,0,0
10901,2026-02-12 18:14:00,5091.3,0,1,3,1,2,0,0,0
10902,2026-02-12 18:15:00,5094.1,0,0,2,0,2,0,0,0
10903,2026-02-12 18:16:00,5089.4,1,0,1,-1,1,0,0,0
10904,2026-02-12 18:17:00,5087.7,0,0,2,0,1,0,0,0
10905,2026-02-12 18:28:00,5088.3,0,0,2,0,2,0,0,0
10905,2026-02-12 18:28:00,5092.6,0,0,2,0,1,0,0,0
10906,2026-02-12 18:29:00,5088.4,0,1,1,1,1,0,0,0
10906,2026-02-12 18:29:00,5088.7,0,1,1,1,1,0,0,0
10906,2026-02-12 18:29:00,5090.0,0,1,1,1,1,0,0,0
10907,2026-02-12 18:34:00,5094.0,0,1,1,1,1,0,0,0
10908,2026-02-12 18:39:00,5098.8,0,1,1,1,1,0,0,0
10908,2026-02-12 18:39:00,5099.3,0,1,1,1,1,0,0,0
10909,2026-02-12 18:48:00,5101.5,0,0,2,0,2,0,0,0
10910,2026-02-12 18:49:00,5099.4,0,0,2,0,1,0,0,0
10911,2026-02-12 18:54:00,5106.3,0,1,1,1,1,0,0,0
10911,2026-02-12 18:54:00,5107.6,0,2,2,2,2,0,0,0
10912,2026-02-12 18:58:00,5100.0,0,0,1,0,1,0,0,0
10912,2026-02-12 18:58:00,5101.0,1,0,1,-1,1,0,0,0
10913,2026-02-12 18:59:00,5099.0,0,1,1,1,1,0,0,0
10914,2026-02-12 19:05:00,5092.7,0,1,1,1,1,0,0,0
10915,2026-02-12 19:30:00,5091.4,1,0,1,-1,1,0,0,0
10916,2026-02-12 20:00:00,5106.5,0,1,1,1,1,0,0,0
10917,2026-02-12 20:01:00,5105.4,1,0,1,-1,1,0,0,0
10918,2026-02-12 20:18:00,5098.0,0,1,1,1,1,0,0,0
10919,2026-02-12 20:20:00,5094.2,1,0,1,-1,1,0,0,0
10920,2026-02-12 20:23:00,5091.0,0,0,1,0,1,0,0,0
10921,2026-02-12 20:24:00,5087.9,1,0,1,-1,1,0,0,0
10922,2026-02-12 20:30:00,5075.0,0,0,1,0,1,0,0,0
10923,2026-02-12 20:34:00,5080.0,0,0,1,0,1,0,0,0
10924,2026-02-12 20:53:00,5076.1,1,0,1,-1,1,0,0,0
10925,2026-02-12 23:01:00,5051.8,0,1,1,1,1,0,0,0
10925,2026-02-12 23:01:00,5055.0,0,0,1,0,1,0,0,0
10926,2026-02-12 23:02:00,5059.9,1,0,1,-1,1,0,0,0
10927,2026-02-12 23:03:00,5061.7,1,0,1,-1,1,0,0,0
10928,2026-02-12 23:06:00,5049.1,1,0,1,-1,1,0,0,0
10929,2026-02-12 23:07:00,5055.1,0,1,1,1,1,0,0,0
10930,2026-02-12 23:40:00,5067.4,1,0,1,-1,1,0,0,0
10931,2026-02-12 23:45:00,5064.7,1,0,1,-1,1,0,0,0
10932,2026-02-13 00:10:00,5100.0,0,0,2,0,2,0,0,0
10933,2026-02-13 00:37:00,5097.8,2,0,2,-2,1,0,0,0
10934,2026-02-13 00:59:00,5090.3,1,0,1,-1,1,0,0,0
10935,2026-02-13 01:02:00,5105.0,0,0,2,0,1,0,0,0
10936,2026-02-13 01:07:00,5119.7,1,0,1,-1,1,0,0,0
10937,2026-02-13 01:08:00,5116.1,1,0,1,-1,1,0,0,0
10937,2026-02-13 01:08:00,5116.3,1,0,1,-1,1,0,0,0
10937,2026-02-13 01:08:00,5116.4,1,0,1,-1,1,0,0,0
10938,2026-02-13 01:09:00,5117.1,1,0,1,-1,1,0,0,0
10938,2026-02-13 01:09:00,5117.6,1,0,1,-1,1,0,0,0
10939,2026-02-13 01:11:00,5123.3,1,0,1,-1,1,0,0,0
10939,2026-02-13 01:11:00,5124.1,1,0,1,-1,1,0,0,0
10940,2026-02-13 01:16:00,5125.0,0,0,2,0,1,0,0,0
10941,2026-02-13 01:38:00,5126.0,0,2,2,2,1,0,0,0
10941,2026-02-13 01:38:00,5126.1,0,1,1,1,1,0,0,0
10941,2026-02-13 01:38:00,5126.2,0,1,1,1,1,0,0,0
10941,2026-02-13 01:38:00,5126.3,0,2,2,2,1,0,0,0
10941,2026-02-13 01:38:00,5126.5,0,2,2,2,1,0,0,0
10942,2026-02-13 01:40:00,5130.7,0,1,1,1,1,0,0,0
10942,2026-02-13 01:40:00,5130.8,0,1,1,1,1,0,0,0
10942,2026-02-13 01:40:00,5130.9,0,2,2,2,1,0,0,0
10942,2026-02-13 01:40:00,5131.0,0,1,1,1,1,0,0,0
10943,2026-02-13 01:48:00,5143.0,0,0,2,0,2,0,0,0
10944,2026-02-13 02:21:00,5142.1,0,1,1,1,1,0,0,0
10945,2026-02-13 02:22:00,5143.0,0,1,1,1,1,0,0,0
10946,2026-02-13 02:24:00,5143.0,0,1,1,1,1,0,0,0
10947,2026-02-13 02:25:00,5141.1,0,0,1,0,1,0,0,0
10947,2026-02-13 02:25:00,5143.0,0,1,1,1,1,0,0,0
10948,2026-02-13 02:31:00,5145.0,0,0,1,0,1,0,0,0
10949,2026-02-13 02:32:00,5144.6,0,0,1,0,1,0,0,0
10949,2026-02-13 02:32:00,5145.0,0,0,1,0,1,0,0,0
10949,2026-02-13 02:32:00,5145.3,0,0,1,0,1,0,0,0
10950,2026-02-13 02:45:00,5139.8,1,0,1,-1,1,0,0,0
10951,2026-02-13 02:52:00,5141.0,1,0,1,-1,1,0,0,0
10952,2026-02-13 02:53:00,5139.9,1,0,1,-1,1,0,0,0
10953,2026-02-13 03:12:00,5140.9,0,0,2,0,2,0,0,0
10953,2026-02-13 03:12:00,5141.0,0,0,2,0,2,0,0,0
10953,2026-02-13 03:12:00,5141.1,0,0,2,0,2,0,0,0
10953,2026-02-13 03:12:00,5141.3,0,0,2,0,1,0,0,0
10953,2026-02-13 03:12:00,5141.4,0,0,2,0,2,0,0,0
10953,2026-02-13 03:12:00,5141.7,0,0,2,0,2,0,0,0
10953,2026-02-13 03:12:00,5142.1,0,0,2,0,1,0,0,0
10953,2026-02-13 03:12:00,5142.2,0,0,2,0,2,0,0,0
10954,2026-02-13 03:31:00,5141.6,0,0,1,0,1,0,0,0
10954,2026-02-13 03:31:00,5141.8,0,0,1,0,1,0,0,0
10954,2026-02-13 03:31:00,5142.2,0,1,1,1,1,0,0,0
10955,2026-02-13 03:32:00,5140.6,0,1,1,1,1,0,0,0
10956,2026-02-13 03:33:00,5138.5,0,0,1,0,1,0,0,0
10956,2026-02-13 03:33:00,5141.1,0,0,1,0,1,0,0,0
10957,2026-02-13 04:12:00,5142.8,0,1,1,1,1,0,0,0
10958,2026-02-13 04:16:00,5155.0,0,0,2,0,1,0,0,0
10959,2026-02-13 04:59:00,5134.3,0,0,2,0,1,0,0,0
10959,2026-02-13 04:59:00,5134.6,0,0,2,0,1,0,0,0
10959,2026-02-13 04:59:00,5135.0,0,0,1,0,1,0,0,0
10960,2026-02-13 05:01:00,5137.0,0,0,1,0,1,0,0,0
10961,2026-02-13 05:14:00,5136.4,0,0,1,0,1,0,0,0
10962,2026-02-13 05:19:00,5124.1,2,0,2,-2,2,0,0,0
10962,2026-02-13 05:19:00,5124.3,1,0,1,-1,1,0,0,0
10962,2026-02-13 05:19:00,5124.5,1,0,1,-1,1,0,0,0
10962,2026-02-13 05:19:00,5131.4,0,1,1,1,1,0,0,0
10963,2026-02-13 05:23:00,5136.9,2,0,2,-2,1,0,0,0
10964,2026-02-13 05:24:00,5134.9,1,0,1,-1,1,0,0,0
10964,2026-02-13 05:24:00,5138.9,0,0,2,0,1,0,0,0
10964,2026-02-13 05:24:00,5139.8,0,0,2,0,1,0,0,0
10965,2026-02-13 05:32:00,5127.2,1,0,1,-1,1,0,0,0
10966,2026-02-13 05:46:00,5115.1,1,0,1,-1,1,0,0,0
10967,2026-02-13 05:55:00,5110.0,0,0,2,0,1,0,0,0
10968,2026-02-13 06:00:00,5103.5,0,1,1,1,1,0,0,0
10969,2026-02-13 06:05:00,5104.1,1,0,1,-1,1,0,0,0
10969,2026-02-13 06:05:00,5104.2,1,0,1,-1,1,0,0,0
10970,2026-02-13 06:10:00,5115.0,0,0,2,0,1,0,0,0
10971,2026-02-13 06:23:00,5109.4,1,0,1,-1,1,0,0,0
10972,2026-02-13 06:26:00,5108.9,0,1,1,1,1,0,0,0
10973,2026-02-13 06:34:00,5118.0,0,2,2,2,2,0,0,0
10974,2026-02-13 06:37:00,5115.3,1,0,1,-1,1,0,0,0
10974,2026-02-13 06:37:00,5115.4,1,0,1,-1,1,0,0,0
10975,2026-02-13 06:38:00,5116.2,0,0,1,0,1,0,0,0
10976,2026-02-13 06:39:00,5112.4,0,0,2,0,2,0,0,0
10976,2026-02-13 06:39:00,5112.9,0,1,2,1,2,0,0,0
10976,2026-02-13 06:39:00,5113.0,0,1,1,1,1,0,0,0
10977,2026-02-13 07:05:00,5121.2,0,1,1,1,1,0,0,0
10978,2026-02-13 07:16:00,5123.6,0,0,1,0,1,0,0,0
10978,2026-02-13 07:16:00,5124.0,0,1,1,1,1,0,0,0
10979,2026-02-13 07:17:00,5124.5,0,0,1,0,1,0,0,0
10979,2026-02-13 07:17:00,5127.0,0,0,1,0,1,0,0,0
10980,2026-02-13 07:19:00,5130.3,0,0,1,0,1,0,0,0
10980,2026-02-13 07:19:00,5133.6,0,0,1,0,1,0,0,0
10981,2026-02-13 07:22:00,5126.8,1,0,1,-1,1,0,0,0
10981,2026-02-13 07:22:00,5126.9,0,0,1,0,1,0,0,0
10982,2026-02-13 07:27:00,5126.2,0,0,1,0,1,0,0,0
10982,2026-02-13 07:27:00,5126.8,0,1,1,1,1,0,0,0
10983,2026-02-13 07:28:00,5127.0,0,1,1,1,1,0,0,0
10984,2026-02-13 07:37:00,5138.0,0,0,1,0,1,0,0,0
10985,2026-02-13 07:43:00,5131.3,0,1,1,1,1,0,0,0
10986,2026-02-13 07:49:00,5133.0,0,0,1,0,1,0,0,0
10987,2026-02-13 07:51:00,5132.9,0,1,1,1,1,0,0,0
10988,2026-02-13 07:52:00,5135.2,0,1,1,1,1,0,0,0
10988,2026-02-13 07:52:00,5135.7,0,0,1,0,1,0,0,0
10989,2026-02-13 07:58:00,5131.2,0,1,1,1,1,0,0,0
10990,2026-02-13 08:07:00,5140.0,1,0,1,-1,1,0,0,0
10991,2026-02-13 08:13:00,5140.5,0,1,1,1,1,0,0,0
10992,2026-02-13 08:15:00,5140.7,0,0,1,0,1,0,0,0
10993,2026-02-13 08:16:00,5142.0,0,1,1,1,1,0,0,0
10994,2026-02-13 08:17:00,5141.7,0,0,1,0,1,0,0,0
10995,2026-02-13 08:38:00,5143.3,0,0,2,0,2,0,0,0
10996,2026-02-13 08:39:00,5140.2,0,0,1,0,1,0,0,0
10996,2026-02-13 08:39:00,5142.2,0,0,2,0,2,0,0,0
10996,2026-02-13 08:39:00,5142.4,0,0,2,0,1,0,0,0
10996,2026-02-13 08:39:00,5142.9,0,1,1,1,1,0,0,0
10997,2026-02-13 08:40:00,5139.7,0,0,2,0,2,0,0,0
10997,2026-02-13 08:40:00,5142.9,0,0,1,0,1,0,0,0
10997,2026-02-13 08:40:00,5143.6,0,1,2,1,2,0,0,0
10998,2026-02-13 08:41:00,5141.2,0,0,2,0,1,0,0,0
10999,2026-02-13 09:17:00,5138.0,0,1,1,1,1,0,0,0
11000,2026-02-13 10:04:00,5130.0,0,0,1,0,1,0,0,0
11000,2026-02-13 10:04:00,5130.3,0,1,1,1,1,0,0,0
11001,2026-02-13 10:05:00,5134.2,0,1,1,1,1,0,0,0
11002,2026-02-13 10:50:00,5122.4,0,0,1,0,1,0,0,0
11003,2026-02-13 11:02:00,5104.7,1,0,1,-1,1,0,0,0
11003,2026-02-13 11:02:00,5104.8,1,0,1,-1,1,0,0,0
11003,2026-02-13 11:02:00,5104.9,1,0,1,-1,1,0,0,0
11003,2026-02-13 11:02:00,5105.0,2,0,2,-2,1,0,0,0
11003,2026-02-13 11:02:00,5105.1,1,0,1,-1,1,0,0,0
11004,2026-02-13 11:03:00,5104.6,1,0,1,-1,1,0,0,0
11005,2026-02-13 11:18:00,5102.0,0,0,2,0,2,0,0,0
11006,2026-02-13 11:36:00,5102.7,1,0,1,-1,1,0,0,0
11006,2026-02-13 11:36:00,5102.9,1,0,1,-1,1,0,0,0
11007,2026-02-13 11:50:00,5098.0,1,0,1,-1,1,0,0,0
11008,2026-02-13 12:05:00,5114.5,0,0,2,0,1,0,0,0
11008,2026-02-13 12:05:00,5115.0,0,0,2,0,2,0,0,0
11009,2026-02-13 12:12:00,5113.4,0,0,2,0,1,0,0,0
11010,2026-02-13 12:18:00,5124.5,1,0,1,-1,1,0,0,0
11011,2026-02-13 12:24:00,5128.0,0,0,1,0,1,0,0,0
11012,2026-02-13 12:25:00,5128.0,0,0,1,0,1,0,0,0
11013,2026-02-13 12:49:00,5128.7,0,1,1,1,1,0,0,0
11014,2026-02-13 13:08:00,5128.4,0,1,1,1,1,0,0,0
11015,2026-02-13 13:09:00,5125.7,0,0,2,0,1,0,0,0
11015,2026-02-13 13:09:00,5126.2,0,0,2,0,1,0,0,0
11016,2026-02-13 13:10:00,5125.2,0,0,2,0,2,0,0,0
11016,2026-02-13 13:10:00,5126.4,0,0,2,0,1,0,0,0
11017,2026-02-13 13:25:00,5123.7,0,0,4,0,4,0,0,0
11017,2026-02-13 13:25:00,5124.5,1,0,1,-1,1,0,0,0
11017,2026-02-13 13:25:00,5124.6,1,0,1,-1,1,0,0,0
11017,2026-02-13 13:25:00,5125.3,2,0,2,-2,1,0,0,0
11017,2026-02-13 13:25:00,5125.8,0,0,2,0,1,0,0,0
11018,2026-02-13 13:26:00,5124.0,0,0,2,0,2,0,0,0
11018,2026-02-13 13:26:00,5127.5,0,0,1,0,1,0,0,0
11019,2026-02-13 13:30:00,5127.5,0,0,1,0,1,0,0,0
11019,2026-02-13 13:30:00,5143.9,0,1,1,1,1,0,0,0
11019,2026-02-13 13:30:00,5144.4,0,1,1,1,1,0,0,0
11020,2026-02-13 13:33:00,5141.7,1,0,1,-1,1,0,0,0
11020,2026-02-13 13:33:00,5142.2,1,0,1,-1,1,0,0,0
11021,2026-02-13 13:36:00,5150.6,0,0,2,0,2,0,0,0
11022,2026-02-13 13:37:00,5148.0,0,1,1,1,1,0,0,0
11022,2026-02-13 13:37:00,5148.3,0,0,2,0,2,0,0,0
11022,2026-02-13 13:37:00,5148.6,0,1,3,1,3,0,0,0
11022,2026-02-13 13:37:00,5148.9,0,1,1,1,1,0,0,0
11022,2026-02-13 13:37:00,5149.0,0,1,3,1,3,0,0,0
11022,2026-02-13 13:37:00,5149.3,0,2,2,2,1,0,0,0
11022,2026-02-13 13:37:00,5150.6,0,0,2,0,1,0,0,0
11023,2026-02-13 13:41:00,5145.4,0,2,2,2,1,0,0,0
11023,2026-02-13 13:41:00,5146.3,0,0,2,0,1,0,0,0
11024,2026-02-13 13:51:00,5137.0,0,0,1,0,1,0,0,0
11024,2026-02-13 13:51:00,5138.3,0,0,2,0,2,0,0,0
11024,2026-02-13 13:51:00,5139.3,0,0,2,0,2,0,0,0
11025,2026-02-13 14:03:00,5153.5,0,1,1,1,1,0,0,0
11026,2026-02-13 14:19:00,5162.2,0,1,1,1,1,0,0,0
11026,2026-02-13 14:19:00,5162.4,0,2,2,2,1,0,0,0
11026,2026-02-13 14:19:00,5162.5,0,2,2,2,1,0,0,0
11026,2026-02-13 14:19:00,5162.7,0,2,2,2,1,0,0,0
11026,2026-02-13 14:19:00,5163.0,0,3,3,3,1,0,0,0
11027,2026-02-13 14:32:00,5161.8,0,0,1,0,1,0,0,0
11028,2026-02-13 14:36:00,5165.0,0,0,2,0,1,0,0,0
11029,2026-02-13 14:37:00,5162.5,0,0,1,0,1,0,0,0
11030,2026-02-13 14:38:00,5155.2,0,0,1,0,1,0,0,0
11030,2026-02-13 14:38:00,5155.4,0,0,1,0,1,0,0,0
11030,2026-02-13 14:38:00,5155.5,0,0,1,0,1,0,0,0
11030,2026-02-13 14:38:00,5156.4,0,0,1,0,1,0,0,0
11030,2026-02-13 14:38:00,5156.5,0,0,1,0,1,0,0,0
11030,2026-02-13 14:38:00,5157.0,0,0,1,0,1,0,0,0
11031,2026-02-13 14:46:00,5158.3,1,0,1,-1,1,0,0,0
11032,2026-02-13 15:10:00,5166.7,2,0,2,-2,1,0,0,0
11033,2026-02-13 15:11:00,5168.1,0,0,2,0,2,0,0,0
11033,2026-02-13 15:11:00,5168.3,0,0,2,0,1,0,0,0
11034,2026-02-13 15:16:00,5159.6,2,0,2,-2,1,0,0,0
11034,2026-02-13 15:16:00,5159.9,0,0,2,0,2,0,0,0
11034,2026-02-13 15:16:00,5161.0,0,0,2,0,2,0,0,0
11035,2026-02-13 15:19:00,5157.8,0,0,2,0,1,0,0,0
11035,2026-02-13 15:19:00,5157.9,2,0,2,-2,1,0,0,0
11036,2026-02-13 15:23:00,5159.2,0,0,2,0,1,0,0,0
11037,2026-02-13 15:50:00,5155.4,0,1,2,1,2,0,0,0
11037,2026-02-13 15:50:00,5155.5,0,1,1,1,1,0,0,0
11037,2026-02-13 15:50:00,5155.7,0,1,1,1,1,0,0,0
11038,2026-02-13 15:52:00,5154.0,0,0,2,0,1,0,0,0
11039,2026-02-13 16:04:00,5151.3,0,0,2,0,1,0,0,0
11039,2026-02-13 16:04:00,5151.7,0,0,2,0,2,0,0,0
11040,2026-02-13 16:33:00,5180.0,0,0,2,0,2,0,0,0
11041,2026-02-13 16:50:00,5173.3,0,0,2,0,2,0,0,0
11041,2026-02-13 16:50:00,5174.1,0,0,2,0,1,0,0,0
11042,2026-02-13 16:56:00,5175.2,0,0,1,0,1,0,0,0
11042,2026-02-13 16:56:00,5175.6,0,0,2,0,2,0,0,0
11043,2026-02-13 16:57:00,5175.2,0,0,1,0,1,0,0,0
11043,2026-02-13 16:57:00,5176.2,0,0,1,0,1,0,0,0
11044,2026-02-13 17:02:00,5170.8,1,0,1,-1,1,0,0,0
11044,2026-02-13 17:02:00,5171.0,0,0,2,0,1,0,0,0
11045,2026-02-13 17:05:00,5172.0,0,0,2,0,2,0,0,0
11046,2026-02-13 17:06:00,5174.3,0,0,2,0,1,0,0,0
11046,2026-02-13 17:06:00,5176.2,0,0,1,0,1,0,0,0
11047,2026-02-13 17:12:00,5171.1,0,0,2,0,1,0,0,0
11048,2026-02-13 18:14:00,5188.2,0,1,1,1,1,0,0,0
11049,2026-02-13 18:17:00,5187.4,1,0,1,-1,1,0,0,0
11050,2026-02-13 18:19:00,5182.6,1,0,1,-1,1,0,0,0
11051,2026-02-13 18:27:00,5187.3,0,1,1,1,1,0,0,0
11052,2026-02-13 18:29:00,5180.0,1,0,1,-1,1,0,0,0
11052,2026-02-13 18:29:00,5181.7,0,2,2,2,1,0,0,0
11052,2026-02-13 18:29:00,5182.1,0,2,2,2,1,0,0,0
11052,2026-02-13 18:29:00,5182.4,0,2,2,2,1,0,0,0
11052,2026-02-13 18:29:00,5182.5,0,1,1,1,1,0,0,0
11052,2026-02-13 18:29:00,5184.4,0,0,1,0,1,0,0,0
11052,2026-02-13 18:29:00,5184.7,0,0,1,0,1,0,0,0
11052,2026-02-13 18:29:00,5185.1,1,0,3,-1,3,0,0,0
11052,2026-02-13 18:29:00,5185.2,0,1,1,1,1,0,0,0
11052,2026-02-13 18:29:00,5185.4,0,1,1,1,1,0,0,0
11052,2026-02-13 18:29:00,5185.9,0,0,1,0,1,0,0,0
11052,2026-02-13 18:29:00,5186.1,0,1,1,1,1,0,0,0
11052,2026-02-13 18:29:00,5187.3,0,2,3,2,3,0,0,0
11052,2026-02-13 18:29:00,5187.7,0,1,2,1,2,0,0,0
11052,2026-02-13 18:29:00,5187.9,0,0,1,0,1,0,0,0
11053,2026-02-13 18:36:00,5189.6,0,0,1,0,1,0,0,0
11054,2026-02-13 18:39:00,5191.4,0,1,1,1,1,0,0,0
11055,2026-02-13 18:54:00,5192.0,0,0,1,0,1,0,0,0
11056,2026-02-13 18:55:00,5194.0,0,0,2,0,2,0,0,0
11056,2026-02-13 18:55:00,5194.2,0,0,2,0,1,0,0,0
11056,2026-02-13 18:55:00,5194.3,0,0,2,0,2,0,0,0
11056,2026-02-13 18:55:00,5194.5,1,0,2,-1,2,0,0,0
11056,2026-02-13 18:55:00,5194.6,0,0,2,0,1,0,0,0
11057,2026-02-13 18:57:00,5191.8,1,0,1,-1,1,0,0,0
11057,2026-02-13 18:57:00,5191.9,1,0,1,-1,1,0,0,0
11057,2026-02-13 18:57:00,5192.3,2,0,2,-2,2,0,0,0
11057,2026-02-13 18:57:00,5192.8,1,0,1,-1,1,0,0,0
11058,2026-02-13 19:08:00,5204.5,0,1,1,1,1,0,0,0
11058,2026-02-13 19:08:00,5204.9,0,0,2,0,2,0,0,0
11058,2026-02-13 19:08:00,5205.1,0,0,2,0,2,0,0,0
11059,2026-02-13 19:09:00,5204.4,0,0,2,0,2,0,0,0
11059,2026-02-13 19:09:00,5204.8,0,0,2,0,2,0,0,0
11059,2026-02-13 19:09:00,5205.8,1,0,1,-1,1,0,0,0
11059,2026-02-13 19:09:00,5205.9,0,0,2,0,2,0,0,0
11060,2026-02-13 19:10:00,5201.3,1,0,1,-1,1,0,0,0
11060,2026-02-13 19:10:00,5206.3,1,0,1,-1,1,0,0,0
11061,2026-02-13 19:11:00,5201.4,1,0,1,-1,1,0,0,0
11062,2026-02-13 19:41:00,5195.2,1,0,1,-1,1,0,0,0
11063,2026-02-13 19:58:00,5190.0,0,0,1,0,1,0,0,0
11064,2026-02-13 19:59:00,5189.1,1,0,1,-1,1,0,0,0
11065,2026-02-13 20:00:00,5185.2,0,0,1,0,1,0,0,0
11065,2026-02-13 20:00:00,5186.0,1,0,1,-1,1,0,0,0
11065,2026-02-13 20:00:00,5186.6,0,0,1,0,1,0,0,0
11066,2026-02-13 20:33:00,5187.8,1,0,1,-1,1,0,0,0
11066,2026-02-13 20:33:00,5188.0,0,0,1,0,1,0,0,0
11067,2026-02-13 20:35:00,5188.2,0,1,1,1,1,0,0,0
11068,2026-02-13 20:40:00,5192.0,0,0,1,0,1,0,0,0
11069,2026-02-13 20:44:00,5190.0,0,0,1,0,1,0,0,0
11070,2026-02-13 20:45:00,5190.2,0,1,1,1,1,0,0,0
11071,2026-02-13 20:53:00,5182.0,0,0,1,0,1,0,0,0
11071,2026-02-13 20:53:00,5182.1,1,0,1,-1,1,0,0,0
11072,2026-02-16 00:03:00,5156.0,0,0,2,0,2,0,0,0
11073,2026-02-16 00:13:00,5174.5,0,1,1,1,1,0,0,0
11074,2026-02-16 00:17:00,5174.1,1,0,1,-1,1,0,0,0
11074,2026-02-16 00:17:00,5177.0,0,0,1,0,1,0,0,0
11075,2026-02-16 00:19:00,5173.6,1,0,1,-1,1,0,0,0
11076,2026-02-16 00:22:00,5170.0,0,0,1,0,1,0,0,0
11077,2026-02-16 00:34:00,5167.9,0,2,2,2,1,0,0,0
11078,2026-02-16 00:39:00,5167.0,0,0,1,0,1,0,0,0
11079,2026-02-16 00:46:00,5168.4,1,0,1,-1,1,0,0,0
11079,2026-02-16 00:46:00,5168.5,1,0,1,-1,1,0,0,0
11080,2026-02-16 00:48:00,5170.0,0,0,1,0,1,0,0,0
11081,2026-02-16 00:57:00,5171.5,1,0,1,-1,1,0,0,0
11082,2026-02-16 01:01:00,5165.0,0,0,1,0,1,0,0,0
11083,2026-02-16 01:09:00,5178.0,0,0,1,0,1,0,0,0
11084,2026-02-16 01:20:00,5187.0,0,0,1,0,1,0,0,0
11085,2026-02-16 01:25:00,5186.9,0,1,1,1,1,0,0,0
11086,2026-02-16 01:39:00,5183.0,0,0,1,0,1,0,0,0
11086,2026-02-16 01:39:00,5183.5,1,0,1,-1,1,0,0,0
11087,2026-02-16 01:42:00,5185.0,0,0,1,0,1,0,0,0
11088,2026-02-16 01:51:00,5183.0,0,0,1,0,1,0,0,0
11089,2026-02-16 01:52:00,5183.0,0,0,1,0,1,0,0,0
11090,2026-02-16 01:55:00,5182.1,1,0,1,-1,1,0,0,0
11091,2026-02-16 01:57:00,5185.1,0,1,1,1,1,0,0,0
11092,2026-02-16 02:00:00,5186.7,0,1,1,1,1,0,0,0
11092,2026-02-16 02:00:00,5187.5,0,0,1,0,1,0,0,0
11093,2026-02-16 02:28:00,5174.6,1,0,1,-1,1,0,0,0
11094,2026-02-16 02:30:00,5177.0,0,0,1,0,1,0,0,0
11095,2026-02-16 02:35:00,5169.2,1,0,1,-1,1,0,0,0
11096,2026-02-16 02:37:00,5164.4,0,1,1,1,1,0,0,0
11097,2026-02-16 02:39:00,5163.6,0,1,1,1,1,0,0,0
11098,2026-02-16 02:43:00,5159.9,1,0,1,-1,1,0,0,0
11099,2026-02-16 02:48:00,5150.9,1,0,1,-1,1,0,0,0
11100,2026-02-16 02:55:00,5150.1,1,0,1,-1,1,0,0,0
11101,2026-02-16 03:00:00,5149.7,0,0,2,0,2,0,0,0
11102,2026-02-16 03:03:00,5151.9,0,1,1,1,1,0,0,0
11103,2026-02-16 03:06:00,5156.5,0,1,1,1,1,0,0,0
11104,2026-02-16 03:29:00,5151.0,1,0,1,-1,1,0,0,0
11105,2026-02-16 03:37:00,5146.3,1,0,1,-1,1,0,0,0
11105,2026-02-16 03:37:00,5146.5,0,0,1,0,1,0,0,0
11106,2026-02-16 03:40:00,5146.5,0,0,1,0,1,0,0,0
11107,2026-02-16 04:08:00,5132.3,1,0,1,-1,1,0,0,0
11108,2026-02-16 04:09:00,5132.0,1,0,1,-1,1,0,0,0
11109,2026-02-16 04:19:00,5130.6,0,1,1,1,1,0,0,0
11110,2026-02-16 04:20:00,5130.7,0,1,1,1,1,0,0,0
11111,2026-02-16 06:44:00,5157.0,0,1,1,1,1,0,0,0
11111,2026-02-16 06:44:00,5159.0,0,1,1,1,1,0,0,0
11112,2026-02-16 07:25:00,5154.2,0,1,1,1,1,0,0,0
11113,2026-02-16 07:26:00,5155.2,0,1,1,1,1,0,0,0
11114,2026-02-16 07:27:00,5155.1,0,0,1,0,1,0,0,0
11115,2026-02-16 08:02:00,5168.0,0,0,2,0,2,0,0,0
11116,2026-02-16 08:14:00,5155.1,1,0,2,-1,2,0,0,0
11117,2026-02-16 13:27:00,5158.0,0,0,2,0,1,0,0,0
11118,2026-02-16 13:29:00,5153.5,1,0,1,-1,1,0,0,0
11119,2026-02-16 14:51:00,5143.4,1,0,1,-1,1,0,0,0
11120,2026-02-16 15:13:00,5136.0,0,0,4,0,3,0,0,0
11121,2026-02-16 15:28:00,5138.3,0,0,1,0,1,0,0,0
11122,2026-02-16 16:03:00,5131.1,0,0,1,0,1,0,0,0
11122,2026-02-16 16:03:00,5132.2,1,0,1,-1,1,0,0,0
11123,2026-02-16 16:27:00,5141.6,1,0,1,-1,1,0,0,0
11124,2026-02-16 16:57:00,5145.7,0,0,1,0,1,0,0,0
11125,2026-02-16 18:53:00,5154.0,0,0,1,0,1,0,0,0
11126,2026-02-16 19:17:00,5154.5,0,1,1,1,1,0,0,0
11127,2026-02-16 19:23:00,5149.0,0,0,1,0,1,0,0,0
11128,2026-02-16 19:27:00,5149.7,0,1,1,1,1,0,0,0
11129,2026-02-16 19:29:00,5149.6,0,1,1,1,1,0,0,0
11129,2026-02-16 19:29:00,5150.6,0,1,1,1,1,0,0,0
11130,2026-02-16 23:13:00,5151.1,0,1,1,1,1,0,0,0
11131,2026-02-17 00:06:00,5141.8,2,0,2,-2,1,0,0,0
11132,2026-02-17 00:37:00,5133.0,0,0,2,0,1,0,0,0
11133,2026-02-17 00:57:00,5100.0,0,0,1,0,1,0,0,0
11133,2026-02-17 00:57:00,5100.4,1,0,1,-1,1,0,0,0
11134,2026-02-17 00:58:00,5089.7,1,0,1,-1,1,0,0,0
11134,2026-02-17 00:58:00,5098.8,0,1,1,1,1,0,0,0
11135,2026-02-17 00:59:00,5087.4,1,0,1,-1,1,0,0,0
11135,2026-02-17 00:59:00,5090.3,0,1,1,1,1,0,0,0
11136,2026-02-17 01:00:00,5092.8,1,0,1,-1,1,0,0,0
11136,2026-02-17 01:00:00,5095.1,1,0,1,-1,1,0,0,0
11136,2026-02-17 01:00:00,5095.3,1,0,1,-1,1,0,0,0
11137,2026-02-17 01:03:00,5086.4,0,1,1,1,1,0,0,0
11138,2026-02-17 01:49:00,5115.8,1,0,1,-1,1,0,0,0
11139,2026-02-17 02:02:00,5112.0,1,0,1,-1,1,0,0,0
11140,2026-02-17 02:07:00,5116.7,0,1,1,1,1,0,0,0
11141,2026-02-17 02:27:00,5122.8,0,1,1,1,1,0,0,0
11142,2026-02-17 02:32:00,5121.0,0,0,2,0,2,0,0,0
11143,2026-02-17 02:56:00,5122.1,0,1,1,1,1,0,0,0
11144,2026-02-17 03:00:00,5126.6,0,1,1,1,1,0,0,0
11145,2026-02-17 03:13:00,5115.1,1,0,1,-1,1,0,0,0
11146,2026-02-17 03:15:00,5113.9,0,0,1,0,1,0,0,0
11147,2026-02-17 04:14:00,5106.5,1,0,1,-1,1,0,0,0
11147,2026-02-17 04:14:00,5106.6,1,0,1,-1,1,0,0,0
11148,2026-02-17 05:13:00,5089.5,1,0,1,-1,1,0,0,0
11148,2026-02-17 05:13:00,5090.0,0,0,1,0,1,0,0,0
11149,2026-02-17 05:14:00,5082.1,1,0,1,-1,1,0,0,0
11149,2026-02-17 05:14:00,5083.3,0,0,1,0,1,0,0,0
11149,2026-02-17 05:14:00,5085.5,1,0,1,-1,1,0,0,0
11150,2026-02-17 05:17:00,5051.0,0,0,1,0,1,0,0,0
11150,2026-02-17 05:17:00,5056.2,0,0,1,0,1,0,0,0
11151,2026-02-17 05:20:00,5048.8,1,0,1,-1,1,0,0,0
11151,2026-02-17 05:20:00,5049.0,1,0,1,-1,1,0,0,0
11151,2026-02-17 05:20:00,5049.1,1,0,1,-1,1,0,0,0
11151,2026-02-17 05:20:00,5054.7,0,0,1,0,1,0,0,0
11152,2026-02-17 05:22:00,5047.8,1,0,1,-1,1,0,0,0
11153,2026-02-17 05:26:00,5054.9,0,1,1,1,1,0,0,0
11154,2026-02-17 05:32:00,5016.1,2,0,2,-2,1,0,0,0
11154,2026-02-17 05:32:00,5020.0,0,0,2,0,2,0,0,0
11155,2026-02-17 05:34:00,5039.7,0,1,1,1,1,0,0,0
11156,2026-02-17 05:39:00,5037.6,0,0,5,0,3,0,0,0
11157,2026-02-17 05:40:00,5036.0,0,0,2,0,1,0,0,0
11158,2026-02-17 05:41:00,5030.0,0,0,2,0,2,0,0,0
11158,2026-02-17 05:41:00,5036.0,1,0,1,-1,1,0,0,0
11158,2026-02-17 05:41:00,5036.3,1,0,1,-1,1,0,0,0
11158,2026-02-17 05:41:00,5037.1,1,0,1,-1,1,0,0,0
11158,2026-02-17 05:41:00,5037.8,1,0,1,-1,1,0,0,0
11159,2026-02-17 05:47:00,5036.0,0,0,2,0,2,0,0,0
11160,2026-02-17 05:48:00,5037.0,1,0,1,-1,1,0,0,0
11160,2026-02-17 05:48:00,5037.1,1,0,1,-1,1,0,0,0
11161,2026-02-17 05:51:00,5039.8,1,0,1,-1,1,0,0,0
11161,2026-02-17 05:51:00,5040.1,3,0,3,-3,1,0,0,0
11162,2026-02-17 06:09:00,5045.0,0,0,2,0,2,0,0,0
11163,2026-02-17 06:14:00,5043.4,0,1,1,1,1,0,0,0
11163,2026-02-17 06:14:00,5044.2,0,2,2,2,1,0,0,0
11163,2026-02-17 06:14:00,5044.5,0,1,1,1,1,0,0,0
11164,2026-02-17 06:27:00,5046.3,1,0,1,-1,1,0,0,0
11164,2026-02-17 06:27:00,5046.6,1,0,1,-1,1,0,0,0
11165,2026-02-17 06:30:00,5045.0,0,0,2,0,2,0,0,0
11166,2026-02-17 06:32:00,5049.0,0,0,2,0,1,0,0,0
11166,2026-02-17 06:32:00,5052.0,0,0,1,0,1,0,0,0
11167,2026-02-17 06:44:00,5063.0,0,1,1,1,1,0,0,0
11168,2026-02-17 07:21:00,5067.1,0,1,1,1,1,0,0,0
11168,2026-02-17 07:21:00,5070.3,0,1,1,1,1,0,0,0
11168,2026-02-17 07:21:00,5070.5,0,1,1,1,1,0,0,0
11169,2026-02-17 07:22:00,5068.4,0,1,1,1,1,0,0,0
11170,2026-02-17 08:13:00,5080.0,0,0,2,0,1,0,0,0
11171,2026-02-17 08:14:00,5082.8,0,0,1,0,1,0,0,0
11172,2026-02-17 08:16:00,5081.0,0,1,1,1,1,0,0,0
11173,2026-02-17 08:23:00,5081.0,1,0,1,-1,1,0,0,0
11173,2026-02-17 08:23:00,5081.1,1,0,1,-1,1,0,0,0
11174,2026-02-17 08:43:00,5068.9,1,0,1,-1,1,0,0,0
11175,2026-02-17 08:53:00,5074.0,1,0,1,-1,1,0,0,0
11175,2026-02-17 08:53:00,5076.1,0,1,1,1,1,0,0,0
11176,2026-02-17 09:00:00,5075.0,0,0,1,0,1,0,0,0
11177,2026-02-17 09:02:00,5080.9,0,1,1,1,1,0,0,0
11178,2026-02-17 09:47:00,5065.7,1,0,1,-1,1,0,0,0
11179,2026-02-17 09:51:00,5076.1,1,0,1,-1,1,0,0,0
11180,2026-02-17 09:53:00,5082.8,0,1,1,1,1,0,0,0
11181,2026-02-17 09:55:00,5080.3,0,0,1,0,1,0,0,0
11182,2026-02-17 10:07:00,5081.1,0,1,1,1,1,0,0,0
11183,2026-02-17 10:11:00,5084.8,0,1,1,1,1,0,0,0
11183,2026-02-17 10:11:00,5087.3,0,0,1,0,1,0,0,0
11184,2026-02-17 10:51:00,5069.7,1,0,1,-1,1,0,0,0
11185,2026-02-17 11:00:00,5070.0,0,0,1,0,1,0,0,0
11186,2026-02-17 11:56:00,5074.9,1,0,1,-1,1,0,0,0
11187,2026-02-17 12:07:00,5091.8,0,1,1,1,1,0,0,0
11188,2026-02-17 12:41:00,5088.0,0,0,2,0,2,0,0,0
11189,2026-02-17 12:56:00,5087.9,1,0,1,-1,1,0,0,0
11189,2026-02-17 12:56:00,5088.0,1,0,1,-1,1,0,0,0
11190,2026-02-17 12:58:00,5084.5,1,0,1,-1,1,0,0,0
11191,2026-02-17 13:15:00,5069.0,1,0,1,-1,1,0,0,0
11191,2026-02-17 13:15:00,5069.7,0,0,1,0,1,0,0,0
11192,2026-02-17 13:22:00,5074.3,0,0,4,0,1,0,0,0
11193,2026-02-17 13:25:00,5069.4,1,0,1,-1,1,0,0,0
11194,2026-02-17 13:32:00,5061.9,0,0,1,0,1,0,0,0
11194,2026-02-17 13:32:00,5062.8,0,0,1,0,1,0,0,0
11194,2026-02-17 13:32:00,5062.9,0,0,1,0,1,0,0,0
11194,2026-02-17 13:32:00,5065.6,1,0,1,-1,1,0,0,0
11195,2026-02-17 13:57:00,5040.0,0,0,1,0,1,0,0,0
11195,2026-02-17 13:57:00,5040.3,0,0,1,0,1,0,0,0
11196,2026-02-17 14:01:00,4990.5,0,1,1,1,1,0,0,0
11197,2026-02-17 14:03:00,5015.1,0,1,1,1,1,0,0,0
11198,2026-02-17 14:04:00,5019.4,1,0,1,-1,1,0,0,0
11199,2026-02-17 14:08:00,5037.0,0,0,2,0,2,0,0,0
11200,2026-02-17 14:13:00,5046.3,1,0,1,-1,1,0,0,0
11200,2026-02-17 14:13:00,5046.4,1,0,1,-1,1,0,0,0
11201,2026-02-17 14:15:00,5047.2,1,0,1,-1,1,0,0,0
11202,2026-02-17 14:20:00,5045.2,0,0,1,0,1,0,0,0
11203,2026-02-17 14:38:00,5035.9,1,0,1,-1,1,0,0,0
11204,2026-02-17 14:47:00,5023.4,1,0,1,-1,1,0,0,0
11205,2026-02-17 14:52:00,5027.8,0,1,1,1,1,0,0,0
11205,2026-02-17 14:52:00,5027.9,0,1,1,1,1,0,0,0
11205,2026-02-17 14:52:00,5029.4,0,1,1,1,1,0,0,0
11206,2026-02-17 14:56:00,5025.0,0,0,1,0,1,0,0,0
11206,2026-02-17 14:56:00,5028.8,1,0,1,-1,1,0,0,0
11207,2026-02-17 14:57:00,5024.0,0,0,13,0,5,0,0,0
11207,2026-02-17 14:57:00,5024.2,1,0,1,-1,1,0,0,0
11207,2026-02-17 14:57:00,5024.4,1,0,1,-1,1,0,0,0
11208,2026-02-17 14:58:00,5016.8,0,0,1,0,1,0,0,0
11209,2026-02-17 14:59:00,5014.0,0,0,5,0,4,0,0,0
11210,2026-02-17 15:00:00,5002.1,1,0,1,-1,1,0,0,0
11211,2026-02-17 15:01:00,5005.0,0,0,1,0,1,0,0,0
11212,2026-02-17 15:04:00,5017.0,0,0,5,0,3,0,0,0
11213,2026-02-17 15:09:00,5012.4,0,0,1,0,1,0,0,0
11214,2026-02-17 15:10:00,5010.9,0,0,1,0,1,0,0,0
11215,2026-02-17 15:14:00,5009.3,1,0,1,-1,1,0,0,0
11215,2026-02-17 15:14:00,5009.4,2,0,2,-2,1,0,0,0
11215,2026-02-17 15:14:00,5009.5,1,0,1,-1,1,0,0,0
11215,2026-02-17 15:14:00,5009.6,1,0,1,-1,1,0,0,0
11215,2026-02-17 15:14:00,5009.7,1,0,1,-1,1,0,0,0
11215,2026-02-17 15:14:00,5009.8,1,0,1,-1,1,0,0,0
11215,2026-02-17 15:14:00,5010.0,1,0,1,-1,1,0,0,0
11215,2026-02-17 15:14:00,5010.1,1,0,1,-1,1,0,0,0
11215,2026-02-17 15:14:00,5010.2,1,0,1,-1,1,0,0,0
11216,2026-02-17 15:15:00,5003.3,1,0,1,-1,1,0,0,0
11216,2026-02-17 15:15:00,5003.8,1,0,1,-1,1,0,0,0
11216,2026-02-17 15:15:00,5006.7,0,0,1,0,1,0,0,0
11217,2026-02-17 15:18:00,5019.4,0,0,1,0,1,0,0,0
11218,2026-02-17 15:22:00,5018.0,0,0,1,0,1,0,0,0
11219,2026-02-17 15:25:00,5018.7,0,0,1,0,1,0,0,0
11220,2026-02-17 15:28:00,5015.2,1,0,1,-1,1,0,0,0
11221,2026-02-17 15:32:00,5013.6,0,0,1,0,1,0,0,0
11222,2026-02-17 15:38:00,5010.4,0,0,1,0,1,0,0,0
11223,2026-02-17 15:45:00,5019.7,0,0,1,0,1,0,0,0
11224,2026-02-17 15:51:00,5017.7,0,0,1,0,1,0,0,0
11225,2026-02-17 15:52:00,5019.3,1,0,1,-1,1,0,0,0
11226,2026-02-17 15:58:00,5028.3,0,0,1,0,1,0,0,0
11227,2026-02-17 16:08:00,5043.1,0,0,1,0,1,0,0,0
11228,2026-02-17 16:14:00,5035.7,0,0,1,0,1,0,0,0
11229,2026-02-17 16:16:00,5037.9,0,1,1,1,1,0,0,0
11230,2026-02-17 16:20:00,5036.0,0,0,1,0,1,0,0,0
11231,2026-02-17 16:21:00,5038.7,0,0,1,0,1,0,0,0
11232,2026-02-17 16:27:00,5036.7,0,0,1,0,1,0,0,0
11233,2026-02-17 16:32:00,5036.8,0,1,1,1,1,0,0,0
11233,2026-02-17 16:32:00,5037.7,0,1,1,1,1,0,0,0
11234,2026-02-17 16:33:00,5037.6,0,1,1,1,1,0,0,0
11235,2026-02-17 16:34:00,5032.8,0,0,1,0,1,0,0,0
11236,2026-02-17 16:40:00,5028.1,0,0,1,0,1,0,0,0
11237,2026-02-17 16:47:00,5028.8,0,0,1,0,1,0,0,0
11238,2026-02-17 16:57:00,5023.3,0,0,1,0,1,0,0,0
11239,2026-02-17 17:03:00,5020.4,0,0,1,0,1,0,0,0
11240,2026-02-17 17:04:00,5020.5,1,0,1,-1,1,0,0,0
11241,2026-02-17 17:10:00,5012.9,0,0,1,0,1,0,0,0
11242,2026-02-17 17:12:00,5004.0,0,0,1,0,1,0,0,0
11243,2026-02-17 17:17:00,5008.3,0,0,1,0,1,0,0,0
11244,2026-02-17 17:23:00,5012.0,0,0,1,0,1,0,0,0
11245,2026-02-17 17:29:00,5016.4,0,0,1,0,1,0,0,0
11246,2026-02-17 17:39:00,5014.0,0,0,1,0,1,0,0,0
11247,2026-02-17 17:46:00,5008.4,0,0,1,0,1,0,0,0
11248,2026-02-17 17:53:00,5006.3,0,0,1,0,1,0,0,0
11249,2026-02-17 17:59:00,5015.8,0,0,1,0,1,0,0,0
11249,2026-02-17 17:59:00,5016.8,0,0,2,0,1,0,0,0
11249,2026-02-17 17:59:00,5017.0,0,0,1,0,1,0,0,0
11249,2026-02-17 17:59:00,5017.1,0,0,2,0,2,0,0,0
11250,2026-02-17 18:06:00,5019.2,0,0,1,0,1,0,0,0
11250,2026-02-17 18:06:00,5019.5,0,1,1,1,1,0,0,0
11251,2026-02-17 18:12:00,5015.3,0,0,1,0,1,0,0,0
11252,2026-02-17 18:15:00,5025.9,0,1,1,1,1,0,0,0
11253,2026-02-17 18:16:00,5025.9,0,1,1,1,1,0,0,0
11254,2026-02-17 18:18:00,5028.5,0,1,1,1,1,0,0,0
11254,2026-02-17 18:18:00,5028.8,0,0,1,0,1,0,0,0
11255,2026-02-17 18:19:00,5027.6,0,0,1,0,1,0,0,0
11256,2026-02-17 18:29:00,5037.3,0,0,1,0,1,0,0,0
11256,2026-02-17 18:29:00,5037.5,0,0,1,0,1,0,0,0
11256,2026-02-17 18:29:00,5037.8,1,0,1,-1,1,0,0,0
11256,2026-02-17 18:29:00,5039.0,3,0,3,-3,3,0,0,0
11256,2026-02-17 18:29:00,5039.1,0,0,1,0,1,0,0,0
11256,2026-02-17 18:29:00,5039.4,0,0,1,0,1,0,0,0
11257,2026-02-17 18:35:00,5035.2,0,0,1,0,1,0,0,0
11258,2026-02-17 18:40:00,5048.3,0,1,1,1,1,0,0,0
11259,2026-02-17 18:42:00,5042.3,0,0,1,0,1,0,0,0
11260,2026-02-17 18:48:00,5038.0,0,0,1,0,1,0,0,0
11261,2026-02-17 18:55:00,5046.7,0,0,1,0,1,0,0,0
11262,2026-02-17 19:02:00,5048.5,0,0,1,0,1,0,0,0
11263,2026-02-17 19:08:00,5050.4,0,1,1,1,1,0,0,0
11264,2026-02-17 19:11:00,5047.7,0,0,1,0,1,0,0,0
11265,2026-02-17 19:18:00,5049.0,0,0,1,0,1,0,0,0
11266,2026-02-17 19:24:00,5043.2,0,0,1,0,1,0,0,0
11267,2026-02-17 19:31:00,5030.7,0,0,1,0,1,0,0,0
11268,2026-02-17 19:39:00,5036.7,0,0,1,0,1,0,0,0
11269,2026-02-17 19:41:00,5038.0,0,1,1,1,1,0,0,0
11270,2026-02-17 19:44:00,5036.0,0,0,1,0,1,0,0,0
11271,2026-02-17 19:51:00,5034.6,0,0,1,0,1,0,0,0
11272,2026-02-17 20:00:00,5032.5,0,0,1,0,1,0,0,0
11273,2026-02-17 20:07:00,5029.1,0,0,1,0,1,0,0,0
11274,2026-02-17 20:13:00,5031.2,0,0,1,0,1,0,0,0
11275,2026-02-17 20:20:00,5026.0,1,0,2,-1,2,0,0,0
11276,2026-02-17 20:27:00,5029.7,0,0,1,0,1,0,0,0
11277,2026-02-17 20:51:00,5034.7,0,1,1,1,1,0,0,0
11278,2026-02-17 20:55:00,5035.2,1,0,1,-1,1,0,0,0
11279,2026-02-17 23:44:00,5025.1,0,0,1,0,1,0,0,0
11280,2026-02-18 00:00:00,5012.2,0,1,1,1,1,0,0,0
11280,2026-02-18 00:00:00,5012.4,0,1,1,1,1,0,0,0
11280,2026-02-18 00:00:00,5012.6,0,2,2,2,1,0,0,0
11281,2026-02-18 00:12:00,5017.5,0,1,1,1,1,0,0,0
11282,2026-02-18 00:36:00,5031.0,0,0,1,0,1,0,0,0
11283,2026-02-18 02:01:00,5043.0,0,1,1,1,1,0,0,0
11284,2026-02-18 02:07:00,5052.1,0,1,1,1,1,0,0,0
11285,2026-02-18 02:13:00,5049.3,0,0,1,0,1,0,0,0
11286,2026-02-18 02:18:00,5048.9,0,0,1,0,1,0,0,0
11287,2026-02-18 02:25:00,5053.9,0,1,1,1,1,0,0,0
11288,2026-02-18 02:28:00,5055.8,0,1,1,1,1,0,0,0
11289,2026-02-18 06:12:00,5080.4,1,0,1,-1,1,0,0,0
11290,2026-02-18 06:13:00,5079.6,0,0,1,0,1,0,0,0
11291,2026-02-18 08:19:00,5078.6,1,0,1,-1,1,0,0,0
11292,2026-02-18 08:44:00,5074.1,0,0,1,0,1,0,0,0
11293,2026-02-18 08:50:00,5073.1,1,0,1,-1,1,0,0,0
11294,2026-02-18 09:05:00,5070.9,0,1,1,1,1,0,0,0
11295,2026-02-18 12:18:00,5084.2,0,1,1,1,1,0,0,0
11296,2026-02-18 13:39:00,5117.7,0,2,2,2,1,0,0,0
11296,2026-02-18 13:39:00,5117.9,0,1,1,1,1,0,0,0
11296,2026-02-18 13:39:00,5118.3,0,1,1,1,1,0,0,0
11297,2026-02-18 13:46:00,5107.7,0,1,1,1,1,0,0,0
11298,2026-02-18 13:49:00,5110.2,0,1,1,1,1,0,0,0
11299,2026-02-18 14:02:00,5112.5,0,1,2,1,2,0,0,0
11300,2026-02-18 14:04:00,5112.6,1,0,1,-1,1,0,0,0
11301,2026-02-18 16:27:00,5150.9,0,1,1,1,1,0,0,0
11301,2026-02-18 16:27:00,5151.0,0,2,2,2,1,0,0,0
11301,2026-02-18 16:27:00,5151.1,0,2,2,2,1,0,0,0
11302,2026-02-18 16:28:00,5152.2,1,0,1,-1,1,0,0,0
11303,2026-02-18 16:33:00,5157.2,0,1,1,1,1,0,0,0
11304,2026-02-18 18:29:00,5147.5,0,1,1,1,1,0,0,0
11304,2026-02-18 18:29:00,5147.6,0,0,1,0,1,0,0,0
11304,2026-02-18 18:29:00,5148.1,0,0,1,0,1,0,0,0
11304,2026-02-18 18:29:00,5148.7,0,0,1,0,1,0,0,0
11304,2026-02-18 18:29:00,5149.1,0,0,1,0,1,0,0,0
11305,2026-02-18 19:07:00,5148.8,0,1,1,1,1,0,0,0
11306,2026-02-18 19:27:00,5141.4,1,0,1,-1,1,0,0,0
11306,2026-02-18 19:27:00,5141.6,1,0,1,-1,1,0,0,0
11307,2026-02-18 19:28:00,5134.4,0,0,1,0,1,0,0,0
11308,2026-02-18 20:07:00,5138.3,1,0,1,-1,1,0,0,0
11309,2026-02-18 20:52:00,5141.2,1,0,1,-1,1,0,0,0
11310,2026-02-18 23:45:00,5136.3,0,0,1,0,1,0,0,0
11311,2026-02-19 02:01:00,5129.3,0,1,1,1,1,0,0,0
11311,2026-02-19 02:01:00,5130.2,0,1,1,1,1,0,0,0
11312,2026-02-19 02:16:00,5124.8,1,0,1,-1,1,0,0,0
11313,2026-02-19 02:28:00,5129.8,0,1,1,1,1,0,0,0
11314,2026-02-19 02:57:00,5124.6,1,0,1,-1,1,0,0,0
11315,2026-02-19 03:49:00,5136.9,0,0,1,0,1,0,0,0
11316,2026-02-19 05:14:00,5147.0,0,2,2,2,1,0,0,0
11317,2026-02-19 06:31:00,5161.0,0,1,1,1,1,0,0,0
11318,2026-02-19 07:16:00,5174.0,0,1,1,1,1,0,0,0
11319,2026-02-19 07:46:00,5170.9,1,0,1,-1,1,0,0,0
11320,2026-02-19 07:56:00,5168.2,1,0,2,-1,2,0,0,0
11321,2026-02-19 08:18:00,5166.7,0,0,2,0,1,0,0,0
11322,2026-02-19 09:22:00,5171.2,0,0,2,0,1,0,0,0
11323,2026-02-19 09:27:00,5166.0,0,0,1,0,1,0,0,0
11324,2026-02-19 09:28:00,5161.7,1,0,1,-1,1,0,0,0
11325,2026-02-19 09:30:00,5158.1,1,0,1,-1,1,0,0,0
11326,2026-02-19 09:35:00,5157.6,1,0,1,-1,1,0,0,0
11327,2026-02-19 09:36:00,5152.3,0,0,1,0,1,0,0,0
11328,2026-02-19 14:14:00,5132.8,0,0,1,0,1,0,0,0
11328,2026-02-19 14:14:00,5134.5,0,1,1,1,1,0,0,0
11329,2026-02-19 15:26:00,5165.0,0,0,1,0,1,0,0,0
11329,2026-02-19 15:26:00,5165.6,0,1,1,1,1,0,0,0
11330,2026-02-19 15:27:00,5167.4,0,1,1,1,1,0,0,0
11331,2026-02-19 15:28:00,5171.5,0,1,1,1,1,0,0,0
11332,2026-02-19 15:36:00,5180.0,0,0,2,0,1,0,0,0
11333,2026-02-19 15:40:00,5172.4,1,0,1,-1,1,0,0,0
11333,2026-02-19 15:40:00,5172.6,1,0,1,-1,1,0,0,0
11333,2026-02-19 15:40:00,5172.7,1,0,1,-1,1,0,0,0
11333,2026-02-19 15:40:00,5172.8,2,0,2,-2,1,0,0,0
11334,2026-02-19 15:47:00,5173.5,0,0,1,0,1,0,0,0
11335,2026-02-19 16:26:00,5156.6,1,0,1,-1,1,0,0,0
11336,2026-02-19 16:48:00,5158.2,1,0,1,-1,1,0,0,0
11337,2026-02-19 16:49:00,5157.8,1,0,1,-1,1,0,0,0
11338,2026-02-19 16:58:00,5147.2,1,0,1,-1,1,0,0,0
11338,2026-02-19 16:58:00,5147.3,1,0,1,-1,1,0,0,0
11338,2026-02-19 16:58:00,5147.4,2,0,2,-2,1,0,0,0
11338,2026-02-19 16:58:00,5147.5,1,0,1,-1,1,0,0,0
11338,2026-02-19 16:58:00,5147.6,1,0,1,-1,1,0,0,0
11338,2026-02-19 16:58:00,5147.7,2,0,2,-2,1,0,0,0
11338,2026-02-19 16:58:00,5147.8,1,0,1,-1,1,0,0,0
11338,2026-02-19 16:58:00,5148.1,1,0,1,-1,1,0,0,0
11338,2026-02-19 16:58:00,5148.2,1,0,1,-1,1,0,0,0
11338,2026-02-19 16:58:00,5148.4,0,0,1,0,1,0,0,0
11339,2026-02-19 16:59:00,5152.8,1,0,1,-1,1,0,0,0
11340,2026-02-19 17:38:00,5149.2,1,0,1,-1,1,0,0,0
11340,2026-02-19 17:38:00,5149.3,1,0,1,-1,1,0,0,0
11341,2026-02-19 17:55:00,5145.7,0,1,1,1,1,0,0,0
11342,2026-02-19 18:05:00,5144.6,1,0,1,-1,1,0,0,0
11343,2026-02-19 18:07:00,5142.3,1,0,1,-1,1,0,0,0
11344,2026-02-19 18:29:00,5135.5,0,1,1,1,1,0,0,0
11344,2026-02-19 18:29:00,5136.7,0,0,1,0,1,0,0,0
11344,2026-02-19 18:29:00,5137.2,0,1,1,1,1,0,0,0
11345,2026-02-19 19:09:00,5146.8,0,1,1,1,1,0,0,0
11346,2026-02-19 19:11:00,5147.6,0,1,1,1,1,0,0,0
11347,2026-02-19 19:12:00,5147.1,0,1,1,1,1,0,0,0
11348,2026-02-19 19:20:00,5148.1,0,1,1,1,1,0,0,0
11349,2026-02-19 19:44:00,5142.9,0,0,1,0,1,0,0,0
11349,2026-02-19 19:44:00,5143.3,0,0,3,0,1,0,0,0
11350,2026-02-19 19:55:00,5144.8,0,1,1,1,1,0,0,0
11351,2026-02-19 19:56:00,5145.9,0,1,1,1,1,0,0,0
11352,2026-02-19 19:57:00,5145.3,0,0,1,0,1,0,0,0
11353,2026-02-19 19:58:00,5144.2,0,0,1,0,1,0,0,0
11354,2026-02-19 20:00:00,5147.3,0,1,1,1,1,0,0,0
11355,2026-02-20 02:01:00,5150.4,1,0,1,-1,1,0,0,0
11356,2026-02-20 02:03:00,5159.2,0,0,1,0,1,0,0,0
11356,2026-02-20 02:03:00,5159.5,0,1,1,1,1,0,0,0
11357,2026-02-20 02:04:00,5162.7,0,0,1,0,1,0,0,0
11358,2026-02-20 02:05:00,5164.5,0,0,1,0,1,0,0,0
11359,2026-02-20 02:13:00,5151.4,2,0,2,-2,2,0,0,0
11360,2026-02-20 02:33:00,5160.5,0,1,1,1,1,0,0,0
11361,2026-02-20 04:13:00,5148.2,1,0,1,-1,1,0,0,0
11361,2026-02-20 04:13:00,5148.4,2,0,2,-2,1,0,0,0
11362,2026-02-20 04:30:00,5152.5,0,1,1,1,1,0,0,0
11363,2026-02-20 06:10:00,5174.5,0,0,1,0,1,0,0,0
11364,2026-02-20 06:25:00,5185.0,0,0,1,0,1,0,0,0
11365,2026-02-20 06:45:00,5187.0,0,0,2,0,2,0,0,0
11366,2026-02-20 07:01:00,5177.0,0,0,2,0,1,0,0,0
11367,2026-02-20 07:04:00,5179.6,0,1,1,1,1,0,0,0
11368,2026-02-20 07:05:00,5181.6,0,1,1,1,1,0,0,0
11369,2026-02-20 07:07:00,5183.5,0,0,1,0,1,0,0,0
11370,2026-02-20 07:10:00,5184.7,0,1,1,1,1,0,0,0
11371,2026-02-20 07:53:00,5169.1,1,0,1,-1,1,0,0,0
11372,2026-02-20 08:37:00,5183.9,0,0,1,0,1,0,0,0
11373,2026-02-20 09:06:00,5194.2,0,0,2,0,1,0,0,0
11373,2026-02-20 09:06:00,5194.5,0,1,1,1,1,0,0,0
11373,2026-02-20 09:06:00,5196.2,0,0,2,0,2,0,0,0
11373,2026-02-20 09:06:00,5196.5,0,1,1,1,1,0,0,0
11374,2026-02-20 09:09:00,5197.1,0,0,2,0,2,0,0,0
11375,2026-02-20 09:45:00,5191.5,2,1,9,-1,5,0,0,0
11375,2026-02-20 09:45:00,5191.6,1,0,1,-1,1,0,0,0
11375,2026-02-20 09:45:00,5191.7,4,0,4,-4,1,0,0,0
11375,2026-02-20 09:45:00,5191.9,1,0,1,-1,1,0,0,0
11376,2026-02-20 10:10:00,5182.9,2,0,2,-2,1,0,0,0
11377,2026-02-20 10:28:00,5184.2,1,0,1,-1,1,0,0,0
11378,2026-02-20 10:45:00,5188.0,1,0,2,-1,2,0,0,0
11379,2026-02-20 11:05:00,5192.4,2,0,2,-2,1,0,0,0
11380,2026-02-20 11:15:00,5189.8,0,0,2,0,1,0,0,0
11381,2026-02-20 11:35:00,5190.0,0,0,2,0,1,0,0,0
11382,2026-02-20 11:41:00,5182.2,1,0,1,-1,1,0,0,0
11383,2026-02-20 11:47:00,5179.2,1,0,1,-1,1,0,0,0
11384,2026-02-20 11:48:00,5175.4,1,0,1,-1,1,0,0,0
11384,2026-02-20 11:48:00,5177.6,0,0,1,0,1,0,0,0
11385,2026-02-20 11:50:00,5181.2,0,0,1,0,1,0,0,0
11386,2026-02-20 12:02:00,5173.0,1,0,2,-1,2,0,0,0
11387,2026-02-20 12:06:00,5178.2,1,0,1,-1,1,0,0,0
11387,2026-02-20 12:06:00,5178.3,1,0,1,-1,1,0,0,0
11388,2026-02-20 12:52:00,5180.4,0,1,1,1,1,0,0,0
11389,2026-02-20 13:33:00,5177.2,0,0,2,0,1,0,0,0
11390,2026-02-20 13:34:00,5182.9,0,1,1,1,1,0,0,0
11391,2026-02-20 13:49:00,5198.5,0,1,1,1,1,0,0,0
11392,2026-02-20 13:55:00,5205.1,0,1,1,1,1,0,0,0
11393,2026-02-20 13:57:00,5208.1,0,0,1,0,1,0,0,0
11394,2026-02-20 14:01:00,5206.2,0,1,1,1,1,0,0,0
11395,2026-02-20 14:09:00,5205.8,0,0,1,0,1,0,0,0
11396,2026-02-20 14:28:00,5200.0,0,0,1,0,1,0,0,0
11397,2026-02-20 14:53:00,5218.1,1,0,2,-1,2,0,0,0
11397,2026-02-20 14:53:00,5218.7,0,1,1,1,1,0,0,0
11398,2026-02-20 14:54:00,5218.3,0,0,2,0,2,0,0,0
11398,2026-02-20 14:54:00,5219.4,0,0,2,0,2,0,0,0
11398,2026-02-20 14:54:00,5220.0,0,0,1,0,1,0,0,0
11399,2026-02-20 15:02:00,5200.0,0,0,1,0,1,0,0,0
11400,2026-02-20 15:03:00,5198.7,0,0,1,0,1,0,0,0
11401,2026-02-20 15:07:00,5151.7,2,0,2,-2,1,0,0,0
11401,2026-02-20 15:07:00,5157.5,1,0,1,-1,1,0,0,0
11402,2026-02-20 15:08:00,5184.1,0,1,1,1,1,0,0,0
11403,2026-02-20 15:16:00,5185.2,1,0,1,-1,1,0,0,0
11403,2026-02-20 15:16:00,5185.6,1,0,1,-1,1,0,0,0
11404,2026-02-20 15:19:00,5198.0,0,0,2,0,2,0,0,0
11405,2026-02-20 15:24:00,5185.9,0,1,1,1,1,0,0,0
11406,2026-02-20 15:38:00,5194.7,0,0,2,0,1,0,0,0
11406,2026-02-20 15:38:00,5196.5,2,0,2,-2,1,0,0,0
11406,2026-02-20 15:38:00,5197.3,0,1,1,1,1,0,0,0
11406,2026-02-20 15:38:00,5197.4,0,1,1,1,1,0,0,0
11406,2026-02-20 15:38:00,5197.5,0,2,2,2,1,0,0,0
11406,2026-02-20 15:38:00,5197.6,0,1,1,1,1,0,0,0
11407,2026-02-20 15:39:00,5193.8,0,0,2,0,2,0,0,0
11408,2026-02-20 16:07:00,5208.8,2,0,2,-2,1,0,0,0
11409,2026-02-20 16:29:00,5215.0,0,0,1,0,1,0,0,0
11410,2026-02-20 16:47:00,5228.9,0,1,1,1,1,0,0,0
11411,2026-02-20 17:00:00,5228.1,2,0,2,-2,1,0,0,0
11412,2026-02-20 17:03:00,5231.8,0,1,1,1,1,0,0,0
11413,2026-02-20 17:27:00,5223.2,0,1,1,1,1,0,0,0
11414,2026-02-20 17:50:00,5235.0,0,0,2,0,2,0,0,0
11415,2026-02-20 18:29:00,5222.6,0,1,1,1,1,0,0,0
11415,2026-02-20 18:29:00,5222.8,0,2,2,2,2,0,0,0
11415,2026-02-20 18:29:00,5223.8,0,1,1,1,1,0,0,0
11415,2026-02-20 18:29:00,5224.0,0,1,1,1,1,0,0,0
11415,2026-02-20 18:29:00,5225.5,0,1,1,1,1,0,0,0
11415,2026-02-20 18:29:00,5225.6,1,0,1,-1,1,0,0,0
11415,2026-02-20 18:29:00,5225.9,0,1,1,1,1,0,0,0
11415,2026-02-20 18:29:00,5226.1,0,0,1,0,1,0,0,0
11415,2026-02-20 18:29:00,5226.5,0,1,1,1,1,0,0,0
11416,2026-02-20 19:32:00,5238.0,0,1,1,1,1,0,0,0
11417,2026-02-23 00:02:00,5320.8,0,0,1,0,1,0,0,0
11418,2026-02-23 00:03:00,5314.6,1,0,1,-1,1,0,0,0
11419,2026-02-23 00:05:00,5310.0,0,0,1,0,1,0,0,0
11419,2026-02-23 00:05:00,5310.7,1,0,1,-1,1,0,0,0
11419,2026-02-23 00:05:00,5310.8,1,0,1,-1,1,0,0,0
11420,2026-02-23 00:06:00,5310.5,0,1,1,1,1,0,0,0
11421,2026-02-23 00:09:00,5315.1,0,0,1,0,1,0,0,0
11422,2026-02-23 00:11:00,5307.0,0,0,2,0,1,0,0,0
11423,2026-02-23 00:12:00,5300.0,0,0,1,0,1,0,0,0
11424,2026-02-23 00:20:00,5306.1,0,0,1,0,1,0,0,0
11425,2026-02-23 00:29:00,5318.0,0,0,2,0,2,0,0,0
11426,2026-02-23 00:31:00,5325.0,0,0,2,0,2,0,0,0
11427,2026-02-23 00:32:00,5321.2,2,0,2,-2,1,0,0,0
11428,2026-02-23 01:10:00,5318.3,0,1,1,1,1,0,0,0
11429,2026-02-23 01:24:00,5324.7,0,1,1,1,1,0,0,0
11430,2026-02-23 01:40:00,5324.0,0,0,1,0,1,0,0,0
11431,2026-02-23 02:09:00,5334.6,0,1,1,1,1,0,0,0
11432,2026-02-23 02:19:00,5327.2,1,0,1,-1,1,0,0,0
11433,2026-02-23 02:22:00,5327.2,0,0,1,0,1,0,0,0
11434,2026-02-23 02:37:00,5335.6,0,1,1,1,1,0,0,0
11435,2026-02-23 03:14:00,5326.2,0,0,1,0,1,0,0,0
11436,2026-02-23 03:15:00,5322.3,0,0,1,0,1,0,0,0
11436,2026-02-23 03:15:00,5324.1,1,0,1,-1,1,0,0,0
11437,2026-02-23 03:48:00,5336.2,0,0,2,0,1,0,0,0
11437,2026-02-23 03:48:00,5336.3,0,0,1,0,1,0,0,0
11438,2026-02-23 03:49:00,5336.3,0,0,1,0,1,0,0,0
11439,2026-02-23 03:50:00,5336.3,0,0,2,0,2,0,0,0
11439,2026-02-23 03:50:00,5336.6,0,0,2,0,2,0,0,0
11439,2026-02-23 03:50:00,5336.8,0,0,2,0,1,0,0,0
11439,2026-02-23 03:50:00,5337.5,0,0,2,0,2,0,0,0
11440,2026-02-23 04:09:00,5322.5,1,0,1,-1,1,0,0,0
11441,2026-02-23 04:10:00,5323.7,0,0,1,0,1,0,0,0
11442,2026-02-23 05:03:00,5322.9,1,0,1,-1,1,0,0,0
11443,2026-02-23 05:05:00,5319.0,1,0,1,-1,1,0,0,0
11443,2026-02-23 05:05:00,5320.0,0,0,1,0,1,0,0,0
11444,2026-02-23 05:57:00,5326.1,0,0,1,0,1,0,0,0
11445,2026-02-23 06:45:00,5312.9,2,0,2,-2,2,0,0,0
11446,2026-02-23 07:05:00,5305.2,0,0,1,0,1,0,0,0
11447,2026-02-23 07:13:00,5316.8,0,1,1,1,1,0,0,0
11447,2026-02-23 07:13:00,5316.9,0,1,1,1,1,0,0,0
11448,2026-02-23 07:21:00,5312.1,0,1,1,1,1,0,0,0
11448,2026-02-23 07:21:00,5312.3,0,1,1,1,1,0,0,0
11449,2026-02-23 07:25:00,5300.0,0,0,1,0,1,0,0,0
11449,2026-02-23 07:25:00,5300.5,1,0,1,-1,1,0,0,0
11450,2026-02-23 07:26:00,5294.8,0,0,1,0,1,0,0,0
11451,2026-02-23 07:35:00,5295.5,1,0,1,-1,1,0,0,0
11452,2026-02-23 07:37:00,5293.2,1,0,1,-1,1,0,0,0
11453,2026-02-23 07:38:00,5292.4,0,0,1,0,1,0,0,0
11453,2026-02-23 07:38:00,5292.5,0,0,1,0,1,0,0,0
11453,2026-02-23 07:38:00,5292.6,0,0,1,0,1,0,0,0
11453,2026-02-23 07:38:00,5293.1,0,0,1,0,1,0,0,0
11454,2026-02-23 08:26:00,5292.8,1,0,1,-1,1,0,0,0
11455,2026-02-23 09:25:00,5314.4,0,1,1,1,1,0,0,0
11456,2026-02-23 09:30:00,5315.3,0,1,1,1,1,0,0,0
11457,2026-02-23 09:39:00,5309.7,2,0,2,-2,1,0,0,0
11458,2026-02-23 09:59:00,5314.6,0,1,1,1,1,0,0,0
11459,2026-02-23 10:09:00,5313.6,3,0,3,-3,1,0,0,0
11460,2026-02-23 10:11:00,5314.6,0,0,1,0,1,0,0,0
11461,2026-02-23 10:19:00,5318.4,0,1,1,1,1,0,0,0
11461,2026-02-23 10:19:00,5318.7,0,0,1,0,1,0,0,0
11462,2026-02-23 10:20:00,5318.4,0,0,1,0,1,0,0,0
11463,2026-02-23 11:20:00,5313.6,1,0,1,-1,1,0,0,0
11464,2026-02-23 12:25:00,5315.5,0,1,1,1,1,0,0,0
11465,2026-02-23 12:44:00,5330.1,0,0,1,0,1,0,0,0
11465,2026-02-23 12:44:00,5330.4,0,2,2,2,2,0,0,0
11466,2026-02-23 14:18:00,5323.7,0,2,5,2,3,0,0,0
11467,2026-02-23 14:21:00,5327.3,0,2,2,2,1,0,0,0
11467,2026-02-23 14:21:00,5328.4,0,3,3,3,1,0,0,0
11468,2026-02-23 14:30:00,5332.7,0,1,1,1,1,0,0,0
11469,2026-02-23 14:34:00,5337.9,0,0,2,0,1,0,0,0
11469,2026-02-23 14:34:00,5338.8,0,0,2,0,1,0,0,0
11469,2026-02-23 14:34:00,5339.0,0,1,1,1,1,0,0,0
11470,2026-02-23 14:36:00,5342.1,0,0,2,0,1,0,0,0
11471,2026-02-23 14:44:00,5355.3,0,2,2,2,2,0,0,0
11472,2026-02-23 14:46:00,5360.7,0,1,1,1,1,0,0,0
11472,2026-02-23 14:46:00,5360.9,0,4,4,4,1,0,0,0
11472,2026-02-23 14:46:00,5365.0,0,0,1,0,1,0,0,0
11473,2026-02-23 14:48:00,5365.0,0,0,1,0,1,0,0,0
11474,2026-02-23 14:49:00,5363.7,0,1,1,1,1,0,0,0
11475,2026-02-23 14:52:00,5360.9,2,0,2,-2,1,0,0,0
11476,2026-02-23 14:56:00,5365.3,0,1,1,1,1,0,0,0
11476,2026-02-23 14:56:00,5365.4,0,1,1,1,1,0,0,0
11476,2026-02-23 14:56:00,5365.5,0,1,1,1,1,0,0,0
11476,2026-02-23 14:56:00,5365.6,0,1,1,1,1,0,0,0
11476,2026-02-23 14:56:00,5367.8,0,0,2,0,1,0,0,0
11476,2026-02-23 14:56:00,5368.0,0,0,2,0,2,0,0,0
11476,2026-02-23 14:56:00,5368.1,0,0,2,0,1,0,0,0
11477,2026-02-23 14:57:00,5365.0,0,0,1,0,1,0,0,0
11477,2026-02-23 14:57:00,5366.0,0,0,2,0,1,0,0,0
11477,2026-02-23 14:57:00,5367.1,0,0,2,0,1,0,0,0
11477,2026-02-23 14:57:00,5367.3,0,2,2,2,1,0,0,0
11477,2026-02-23 14:57:00,5367.5,0,0,2,0,1,0,0,0
11478,2026-02-23 14:58:00,5361.8,0,0,2,0,1,0,0,0
11478,2026-02-23 14:58:00,5362.9,0,0,2,0,1,0,0,0
11478,2026-02-23 14:58:00,5363.2,0,0,2,0,2,0,0,0
11479,2026-02-23 15:03:00,5353.3,1,0,1,-1,1,0,0,0
11480,2026-02-23 15:10:00,5362.7,0,0,2,0,2,0,0,0
11480,2026-02-23 15:10:00,5363.1,0,0,2,0,1,0,0,0
11481,2026-02-23 15:11:00,5362.3,0,0,2,0,2,0,0,0
11481,2026-02-23 15:11:00,5362.9,0,0,2,0,1,0,0,0
11482,2026-02-23 15:35:00,5357.2,1,0,1,-1,1,0,0,0
11482,2026-02-23 15:35:00,5358.4,1,0,1,-1,1,0,0,0
11482,2026-02-23 15:35:00,5358.6,1,0,1,-1,1,0,0,0
11483,2026-02-23 15:36:00,5357.2,1,0,1,-1,1,0,0,0
11484,2026-02-23 15:40:00,5370.2,0,0,2,0,1,0,0,0
11484,2026-02-23 15:40:00,5370.7,0,1,4,1,4,0,0,0
11485,2026-02-23 15:41:00,5370.3,0,0,2,0,2,0,0,0
11485,2026-02-23 15:41:00,5370.6,0,0,2,0,1,0,0,0
11486,2026-02-23 15:43:00,5366.8,0,2,2,2,1,0,0,0
11487,2026-02-23 15:56:00,5362.2,1,0,1,-1,1,0,0,0
11488,2026-02-23 16:03:00,5350.4,1,0,1,-1,1,0,0,0
11488,2026-02-23 16:03:00,5350.5,1,0,1,-1,1,0,0,0
11489,2026-02-23 16:05:00,5347.7,0,1,2,1,2,0,0,0
11490,2026-02-23 16:07:00,5357.2,2,0,2,-2,1,0,0,0
11490,2026-02-23 16:07:00,5357.4,0,1,2,1,2,0,0,0
11490,2026-02-23 16:07:00,5357.6,0,1,2,1,2,0,0,0
11491,2026-02-23 16:08:00,5356.8,0,0,2,0,1,0,0,0
11491,2026-02-23 16:08:00,5357.1,1,0,1,-1,1,0,0,0
11491,2026-02-23 16:08:00,5357.2,1,0,1,-1,1,0,0,0
11492,2026-02-23 16:09:00,5364.0,0,1,1,1,1,0,0,0
11493,2026-02-23 16:11:00,5364.7,1,0,2,-1,2,0,0,0
11493,2026-02-23 16:11:00,5365.9,1,0,1,-1,1,0,0,0
11493,2026-02-23 16:11:00,5366.0,1,0,1,-1,1,0,0,0
11493,2026-02-23 16:11:00,5366.5,0,0,2,0,1,0,0,0
11493,2026-02-23 16:11:00,5366.6,0,1,1,1,1,0,0,0
11493,2026-02-23 16:11:00,5366.9,0,1,1,1,1,0,0,0
11494,2026-02-23 16:12:00,5366.0,0,0,2,0,2,0,0,0
11494,2026-02-23 16:12:00,5366.3,0,0,4,0,3,0,0,0
11494,2026-02-23 16:12:00,5366.9,0,0,2,0,2,0,0,0
11495,2026-02-23 16:13:00,5365.5,0,0,2,0,1,0,0,0
11495,2026-02-23 16:13:00,5366.5,0,0,2,0,2,0,0,0
11495,2026-02-23 16:13:00,5369.8,0,0,2,0,1,0,0,0
11496,2026-02-23 16:14:00,5369.6,0,0,2,0,1,0,0,0
11496,2026-02-23 16:14:00,5370.3,0,0,2,0,2,0,0,0
11497,2026-02-23 16:15:00,5368.5,0,0,2,0,1,0,0,0
11497,2026-02-23 16:15:00,5370.0,0,0,2,0,1,0,0,0
11498,2026-02-23 16:21:00,5385.0,0,1,1,1,1,0,0,0
11499,2026-02-23 16:24:00,5383.7,0,1,1,1,1,0,0,0
11499,2026-02-23 16:24:00,5383.8,0,0,1,0,1,0,0,0
11500,2026-02-23 16:33:00,5381.9,0,1,1,1,1,0,0,0
11501,2026-02-23 16:59:00,5375.8,1,0,1,-1,1,0,0,0
11501,2026-02-23 16:59:00,5375.9,1,0,1,-1,1,0,0,0
11501,2026-02-23 16:59:00,5376.0,2,0,2,-2,1,0,0,0
11502,2026-02-23 17:35:00,5369.6,1,0,1,-1,1,0,0,0
11503,2026-02-23 17:37:00,5361.1,1,0,1,-1,1,0,0,0
11504,2026-02-23 18:03:00,5376.3,0,1,1,1,1,0,0,0
11505,2026-02-23 18:29:00,5371.4,0,0,1,0,1,0,0,0
11505,2026-02-23 18:29:00,5372.6,0,1,1,1,1,0,0,0
11506,2026-02-23 18:55:00,5377.7,0,1,1,1,1,0,0,0
11507,2026-02-23 19:19:00,5379.4,0,0,2,0,1,0,0,0
11508,2026-02-23 19:20:00,5379.7,0,0,2,0,1,0,0,0
11509,2026-02-23 19:24:00,5378.8,0,0,2,0,1,0,0,0
11509,2026-02-23 19:24:00,5378.9,0,0,2,0,2,0,0,0
11509,2026-02-23 19:24:00,5379.0,0,0,2,0,2,0,0,0
11509,2026-02-23 19:24:00,5379.2,1,0,4,-1,4,0,0,0
11509,2026-02-23 19:24:00,5379.3,0,0,2,0,1,0,0,0
11509,2026-02-23 19:24:00,5379.4,0,2,2,2,1,0,0,0
11509,2026-02-23 19:24:00,5379.5,0,0,2,0,2,0,0,0
11510,2026-02-23 19:25:00,5378.5,0,0,2,0,2,0,0,0
11510,2026-02-23 19:25:00,5379.0,0,0,2,0,1,0,0,0
11510,2026-02-23 19:25:00,5379.3,0,0,2,0,1,0,0,0
11510,2026-02-23 19:25:00,5379.5,0,0,2,0,2,0,0,0
11510,2026-02-23 19:25:00,5379.6,0,0,2,0,1,0,0,0
11510,2026-02-23 19:25:00,5379.7,0,2,2,2,1,0,0,0
11510,2026-02-23 19:25:00,5379.8,0,0,2,0,2,0,0,0
11510,2026-02-23 19:25:00,5379.9,0,0,2,0,1,0,0,0
11511,2026-02-23 19:26:00,5378.1,0,0,2,0,2,0,0,0
11511,2026-02-23 19:26:00,5378.4,0,0,4,0,4,0,0,0
11511,2026-02-23 19:26:00,5378.7,0,0,2,0,1,0,0,0
11512,2026-02-23 20:02:00,5387.3,0,1,1,1,1,0,0,0
11513,2026-02-23 20:37:00,5395.0,1,0,1,-1,1,0,0,0
11514,2026-02-23 20:39:00,5396.0,0,0,1,0,1,0,0,0
11515,2026-02-23 20:40:00,5396.3,0,1,1,1,1,0,0,0
11516,2026-02-23 20:46:00,5393.5,2,0,2,-2,1,0,0,0
11517,2026-02-23 23:02:00,5406.4,1,0,1,-1,1,0,0,0
11518,2026-02-23 23:06:00,5406.3,0,0,1,0,1,0,0,0
11519,2026-02-23 23:15:00,5412.0,0,0,1,0,1,0,0,0
11520,2026-02-24 00:00:00,5400.0,0,0,1,0,1,0,0,0
11521,2026-02-24 00:02:00,5384.8,1,0,1,-1,1,0,0,0
11522,2026-02-24 00:03:00,5386.7,0,1,1,1,1,0,0,0
11523,2026-02-24 00:19:00,5401.0,1,0,1,-1,1,0,0,0
11524,2026-02-24 01:00:00,5377.0,1,0,1,-1,1,0,0,0
11525,2026-02-24 01:01:00,5377.4,1,0,1,-1,1,0,0,0
11525,2026-02-24 01:01:00,5378.4,1,0,1,-1,1,0,0,0
11526,2026-02-24 01:02:00,5375.3,1,0,1,-1,1,0,0,0
11527,2026-02-24 01:03:00,5374.0,1,0,1,-1,1,0,0,0
11527,2026-02-24 01:03:00,5374.8,1,0,1,-1,1,0,0,0
11527,2026-02-24 01:03:00,5379.5,1,0,1,-1,1,0,0,0
11528,2026-02-24 01:04:00,5369.2,1,0,1,-1,1,0,0,0
11528,2026-02-24 01:04:00,5372.9,1,0,1,-1,1,0,0,0
11528,2026-02-24 01:04:00,5373.0,1,0,1,-1,1,0,0,0
11529,2026-02-24 01:05:00,5367.0,1,0,1,-1,1,0,0,0
11530,2026-02-24 01:06:00,5371.2,1,0,1,-1,1,0,0,0
11531,2026-02-24 01:08:00,5367.0,1,0,1,-1,1,0,0,0
11531,2026-02-24 01:08:00,5368.2,2,0,2,-2,1,0,0,0
11531,2026-02-24 01:08:00,5369.4,1,0,1,-1,1,0,0,0
11532,2026-02-24 01:09:00,5367.3,1,0,1,-1,1,0,0,0
11532,2026-02-24 01:09:00,5367.6,1,0,1,-1,1,0,0,0
11532,2026-02-24 01:09:00,5367.9,1,0,1,-1,1,0,0,0
11532,2026-02-24 01:09:00,5369.0,1,0,1,-1,1,0,0,0
11532,2026-02-24 01:09:00,5371.7,1,0,1,-1,1,0,0,0
11533,2026-02-24 01:10:00,5371.4,1,0,1,-1,1,0,0,0
11533,2026-02-24 01:10:00,5372.4,1,0,1,-1,1,0,0,0
11533,2026-02-24 01:10:00,5373.4,1,0,1,-1,1,0,0,0
11533,2026-02-24 01:10:00,5373.6,1,0,1,-1,1,0,0,0
11534,2026-02-24 01:11:00,5367.0,1,0,1,-1,1,0,0,0
11534,2026-02-24 01:11:00,5369.4,1,0,1,-1,1,0,0,0
11534,2026-02-24 01:11:00,5369.8,1,0,1,-1,1,0,0,0
11534,2026-02-24 01:11:00,5371.2,2,0,2,-2,2,0,0,0
11535,2026-02-24 01:12:00,5360.2,1,0,1,-1,1,0,0,0
11536,2026-02-24 01:14:00,5347.9,1,0,1,-1,1,0,0,0
11536,2026-02-24 01:14:00,5350.2,1,0,1,-1,1,0,0,0
11537,2026-02-24 01:15:00,5328.6,1,0,1,-1,1,0,0,0
11537,2026-02-24 01:15:00,5330.0,0,0,1,0,1,0,0,0
11537,2026-02-24 01:15:00,5346.9,1,0,1,-1,1,0,0,0
11538,2026-02-24 01:17:00,5319.8,1,0,1,-1,1,0,0,0
11539,2026-02-24 01:18:00,5325.0,0,0,5,0,2,0,0,0
11540,2026-02-24 01:28:00,5323.9,0,3,3,3,1,0,0,0
11540,2026-02-24 01:28:00,5324.0,0,1,1,1,1,0,0,0
11540,2026-02-24 01:28:00,5324.2,0,1,1,1,1,0,0,0
11541,2026-02-24 01:31:00,5330.5,1,0,1,-1,1,0,0,0
11542,2026-02-24 01:37:00,5337.1,0,0,1,0,1,0,0,0
11543,2026-02-24 02:04:00,5338.7,1,0,1,-1,1,0,0,0
11544,2026-02-24 02:05:00,5338.4,0,0,1,0,1,0,0,0
11545,2026-02-24 02:23:00,5332.9,1,0,1,-1,1,0,0,0
11546,2026-02-24 03:28:00,5348.8,1,0,1,-1,1,0,0,0
11547,2026-02-24 03:41:00,5350.3,0,0,1,0,1,0,0,0
11548,2026-02-24 03:50:00,5340.0,0,0,1,0,1,0,0,0
11549,2026-02-24 04:28:00,5337.2,0,0,1,0,1,0,0,0
11550,2026-02-24 04:29:00,5336.4,1,0,1,-1,1,0,0,0
11551,2026-02-24 05:30:00,5334.7,0,1,1,1,1,0,0,0
11552,2026-02-24 06:06:00,5350.1,0,0,1,0,1,0,0,0
11553,2026-02-24 06:29:00,5335.3,0,0,1,0,1,0,0,0
11553,2026-02-24 06:29:00,5336.5,1,0,1,-1,1,0,0,0
11554,2026-02-24 06:30:00,5334.2,0,1,1,1,1,0,0,0
11554,2026-02-24 06:30:00,5334.3,1,0,3,-1,2,0,0,0
11555,2026-02-24 06:39:00,5338.2,0,1,1,1,1,0,0,0
11555,2026-02-24 06:39:00,5338.3,0,2,2,2,1,0,0,0
11555,2026-02-24 06:39:00,5338.4,0,0,2,0,1,0,0,0
11556,2026-02-24 06:45:00,5339.1,1,4,5,3,2,0,0,0
11557,2026-02-24 07:06:00,5332.5,1,0,1,-1,1,0,0,0
11558,2026-02-24 07:11:00,5334.5,0,1,5,1,2,0,0,0
11559,2026-02-24 07:22:00,5336.0,2,0,8,-2,6,0,0,0
11560,2026-02-24 08:04:00,5338.3,1,0,1,-1,1,0,0,0
11560,2026-02-24 08:04:00,5339.8,1,0,1,-1,1,0,0,0
11561,2026-02-24 08:05:00,5340.3,0,1,1,1,1,0,0,0
11562,2026-02-24 08:13:00,5336.0,0,0,1,0,1,0,0,0
11563,2026-02-24 08:17:00,5336.0,0,0,1,0,1,0,0,0
11564,2026-02-24 08:23:00,5331.9,0,1,1,1,1,0,0,0
11564,2026-02-24 08:23:00,5333.0,0,0,1,0,1,0,0,0
11565,2026-02-24 08:32:00,5340.2,0,0,1,0,1,0,0,0
11565,2026-02-24 08:32:00,5340.3,0,0,1,0,1,0,0,0
11566,2026-02-24 08:45:00,5340.2,0,0,1,0,1,0,0,0
11567,2026-02-24 08:46:00,5336.8,1,0,1,-1,1,0,0,0
11568,2026-02-24 08:48:00,5338.9,1,0,1,-1,1,0,0,0
11569,2026-02-24 09:13:00,5338.2,1,0,1,-1,1,0,0,0
11570,2026-02-24 09:35:00,5333.1,1,0,1,-1,1,0,0,0
11571,2026-02-24 10:32:00,5334.0,2,0,2,-2,1,0,0,0
11571,2026-02-24 10:32:00,5334.1,1,0,1,-1,1,0,0,0
11571,2026-02-24 10:32:00,5334.2,2,0,2,-2,1,0,0,0
11572,2026-02-24 10:33:00,5331.5,1,0,1,-1,1,0,0,0
11573,2026-02-24 10:37:00,5328.4,1,0,1,-1,1,0,0,0
11574,2026-02-24 12:18:00,5318.6,0,0,1,0,1,0,0,0
11574,2026-02-24 12:18:00,5320.0,0,0,1,0,1,0,0,0
11574,2026-02-24 12:18:00,5320.5,0,0,1,0,1,0,0,0
11575,2026-02-24 12:20:00,5321.0,0,1,1,1,1,0,0,0
11576,2026-02-24 12:33:00,5322.5,1,0,1,-1,1,0,0,0
11577,2026-02-24 12:44:00,5320.1,0,0,1,0,1,0,0,0
11578,2026-02-24 12:54:00,5308.8,1,0,1,-1,1,0,0,0
11579,2026-02-24 12:59:00,5316.5,0,1,1,1,1,0,0,0
11580,2026-02-24 13:00:00,5315.7,0,1,1,1,1,0,0,0
11580,2026-02-24 13:00:00,5316.8,0,2,2,2,2,0,0,0
11580,2026-02-24 13:00:00,5317.1,0,2,2,2,2,0,0,0
11580,2026-02-24 13:00:00,5317.2,0,1,1,1,1,0,0,0
11580,2026-02-24 13:00:00,5322.8,0,1,1,1,1,0,0,0
11580,2026-02-24 13:00:00,5322.9,0,1,1,1,1,0,0,0
11581,2026-02-24 13:01:00,5322.9,0,1,1,1,1,0,0,0
11581,2026-02-24 13:01:00,5323.4,0,2,2,2,2,0,0,0
11581,2026-02-24 13:01:00,5323.5,0,1,1,1,1,0,0,0
11581,2026-02-24 13:01:00,5323.7,0,2,2,2,2,0,0,0
11581,2026-02-24 13:01:00,5323.9,0,1,1,1,1,0,0,0
11581,2026-02-24 13:01:00,5324.7,0,1,1,1,1,0,0,0
11582,2026-02-24 13:02:00,5321.3,0,1,1,1,1,0,0,0
11582,2026-02-24 13:02:00,5321.4,0,2,2,2,2,0,0,0
11582,2026-02-24 13:02:00,5323.8,0,2,2,2,1,0,0,0
11582,2026-02-24 13:02:00,5323.9,0,2,2,2,1,0,0,0
11583,2026-02-24 13:03:00,5323.5,0,1,1,1,1,0,0,0
11584,2026-02-24 13:04:00,5317.5,0,1,1,1,1,0,0,0
11584,2026-02-24 13:04:00,5319.5,0,1,1,1,1,0,0,0
11584,2026-02-24 13:04:00,5320.1,0,1,1,1,1,0,0,0
11584,2026-02-24 13:04:00,5320.2,0,2,2,2,2,0,0,0
11585,2026-02-24 13:05:00,5318.2,0,1,1,1,1,0,0,0
11585,2026-02-24 13:05:00,5319.5,0,1,1,1,1,0,0,0
11586,2026-02-24 13:06:00,5319.1,0,1,1,1,1,0,0,0
11586,2026-02-24 13:06:00,5319.2,0,1,1,1,1,0,0,0
11586,2026-02-24 13:06:00,5319.3,0,1,1,1,1,0,0,0
11587,2026-02-24 13:07:00,5318.6,0,1,1,1,1,0,0,0
11587,2026-02-24 13:07:00,5319.5,0,1,1,1,1,0,0,0
11587,2026-02-24 13:07:00,5320.4,0,1,1,1,1,0,0,0
11588,2026-02-24 13:09:00,5323.1,0,1,1,1,1,0,0,0
11588,2026-02-24 13:09:00,5324.3,0,3,3,3,1,0,0,0
11588,2026-02-24 13:09:00,5324.5,0,1,1,1,1,0,0,0
11589,2026-02-24 13:10:00,5326.0,0,1,1,1,1,0,0,0
11589,2026-02-24 13:10:00,5326.6,0,1,1,1,1,0,0,0
11590,2026-02-24 13:15:00,5320.4,0,1,1,1,1,0,0,0
11590,2026-02-24 13:15:00,5321.2,0,1,1,1,1,0,0,0
11591,2026-02-24 13:19:00,5320.3,0,1,1,1,1,0,0,0
11591,2026-02-24 13:19:00,5322.1,0,1,1,1,1,0,0,0
11592,2026-02-24 13:20:00,5319.3,0,2,2,2,1,0,0,0
11593,2026-02-24 13:21:00,5319.9,0,1,1,1,1,0,0,0
11594,2026-02-24 13:24:00,5322.7,0,1,1,1,1,0,0,0
11594,2026-02-24 13:24:00,5323.6,0,1,1,1,1,0,0,0
11595,2026-02-24 13:26:00,5321.7,1,0,1,-1,1,0,0,0
11596,2026-02-24 13:28:00,5321.3,0,0,1,0,1,0,0,0
11596,2026-02-24 13:28:00,5323.0,0,1,1,1,1,0,0,0
11597,2026-02-24 13:29:00,5322.7,0,1,1,1,1,0,0,0
11598,2026-02-24 13:30:00,5314.9,1,0,1,-1,1,0,0,0
11599,2026-02-24 13:38:00,5317.0,0,1,1,1,1,0,0,0
11600,2026-02-24 13:39:00,5300.8,0,1,1,1,1,0,0,0
11600,2026-02-24 13:39:00,5302.6,1,0,1,-1,1,0,0,0
11600,2026-02-24 13:39:00,5304.0,0,0,1,0,1,0,0,0
11601,2026-02-24 13:48:00,5294.6,0,0,1,0,1,0,0,0
11601,2026-02-24 13:48:00,5295.0,0,0,1,0,1,0,0,0
11602,2026-02-24 13:52:00,5290.5,1,0,1,-1,1,0,0,0
11602,2026-02-24 13:52:00,5290.7,1,0,1,-1,1,0,0,0
11603,2026-02-24 14:12:00,5275.0,0,0,1,0,1,0,0,0
11603,2026-02-24 14:12:00,5276.7,1,0,1,-1,1,0,0,0
11604,2026-02-24 14:13:00,5260.0,0,0,1,0,1,0,0,0
11605,2026-02-24 14:14:00,5269.0,0,1,1,1,1,0,0,0
11606,2026-02-24 14:18:00,5267.3,0,0,2,0,1,0,0,0
11607,2026-02-24 14:21:00,5275.0,0,0,1,0,1,0,0,0
11608,2026-02-24 14:22:00,5278.1,1,0,1,-1,1,0,0,0
11609,2026-02-24 14:23:00,5278.9,0,2,2,2,1,0,0,0
11610,2026-02-24 14:25:00,5279.3,1,0,1,-1,1,0,0,0
11610,2026-02-24 14:25:00,5281.0,0,1,1,1,1,0,0,0
11611,2026-02-24 14:26:00,5278.2,0,0,1,0,1,0,0,0
11611,2026-02-24 14:26:00,5278.9,0,1,1,1,1,0,0,0
11612,2026-02-24 14:27:00,5278.4,0,1,1,1,1,0,0,0
11613,2026-02-24 14:31:00,5283.8,0,1,1,1,1,0,0,0
11614,2026-02-24 14:33:00,5282.9,0,2,2,2,2,0,0,0
11615,2026-02-24 14:34:00,5280.2,0,1,1,1,1,0,0,0
11616,2026-02-24 14:35:00,5279.0,0,1,1,1,1,0,0,0
11616,2026-02-24 14:35:00,5279.7,0,2,2,2,1,0,0,0
11616,2026-02-24 14:35:00,5279.9,0,1,1,1,1,0,0,0
11617,2026-02-24 14:37:00,5288.1,0,1,1,1,1,0,0,0
11618,2026-02-24 14:38:00,5291.1,0,1,1,1,1,0,0,0
11619,2026-02-24 14:39:00,5294.8,0,1,1,1,1,0,0,0
11619,2026-02-24 14:39:00,5296.9,0,1,1,1,1,0,0,0
11620,2026-02-24 14:46:00,5300.0,0,0,1,0,1,0,0,0
11621,2026-02-24 15:00:00,5293.6,0,1,1,1,1,0,0,0
11622,2026-02-24 15:02:00,5283.6,0,1,1,1,1,0,0,0
11623,2026-02-24 15:06:00,5297.0,4,0,5,-4,2,0,0,0
11624,2026-02-24 15:16:00,5300.1,0,0,2,0,1,0,0,0
11625,2026-02-24 15:25:00,5310.0,0,0,1,0,1,0,0,0
11626,2026-02-24 15:45:00,5315.0,0,1,1,1,1,0,0,0
11626,2026-02-24 15:45:00,5315.1,0,1,1,1,1,0,0,0
11626,2026-02-24 15:45:00,5315.2,2,1,3,-1,2,0,0,0
11627,2026-02-24 16:02:00,5317.1,0,1,1,1,1,0,0,0
11628,2026-02-24 16:40:00,5314.6,0,1,1,1,1,0,0,0
11629,2026-02-24 16:41:00,5314.3,0,1,1,1,1,0,0,0
11629,2026-02-24 16:41:00,5314.7,0,1,1,1,1,0,0,0
11630,2026-02-24 17:18:00,5325.0,0,0,1,0,1,0,0,0
11631,2026-02-24 17:59:00,5328.1,0,0,1,0,1,0,0,0
11632,2026-02-24 18:01:00,5329.8,0,0,1,0,1,0,0,0
11633,2026-02-24 18:25:00,5323.6,0,0,1,0,1,0,0,0
11633,2026-02-24 18:25:00,5324.2,0,1,1,1,1,0,0,0
11634,2026-02-24 18:29:00,5321.9,0,0,1,0,1,0,0,0
11634,2026-02-24 18:29:00,5322.0,0,2,2,2,1,0,0,0
11634,2026-02-24 18:29:00,5322.3,0,2,2,2,1,0,0,0
11634,2026-02-24 18:29:00,5322.5,0,3,3,3,2,0,0,0
11634,2026-02-24 18:29:00,5322.6,0,0,2,0,2,0,0,0
11634,2026-02-24 18:29:00,5322.7,0,1,1,1,1,0,0,0
11634,2026-02-24 18:29:00,5323.0,0,2,2,2,1,0,0,0
11634,2026-02-24 18:29:00,5323.1,0,2,3,2,3,0,0,0
11634,2026-02-24 18:29:00,5323.2,0,2,2,2,1,0,0,0
11634,2026-02-24 18:29:00,5323.4,0,5,5,5,4,0,0,0
11634,2026-02-24 18:29:00,5323.5,0,1,1,1,1,0,0,0
11634,2026-02-24 18:29:00,5323.7,0,1,1,1,1,0,0,0
11635,2026-02-24 18:30:00,5323.3,0,0,1,0,1,0,0,0
11635,2026-02-24 18:30:00,5324.5,0,1,1,1,1,0,0,0
11636,2026-02-24 18:32:00,5325.6,0,1,1,1,1,0,0,0
11637,2026-02-24 18:43:00,5324.7,0,1,1,1,1,0,0,0
11638,2026-02-24 18:45:00,5325.6,0,1,1,1,1,0,0,0
11639,2026-02-24 19:09:00,5318.0,0,0,1,0,1,0,0,0
11640,2026-02-24 19:38:00,5321.4,0,1,1,1,1,0,0,0
11641,2026-02-24 19:39:00,5320.6,3,0,3,-3,2,0,0,0
11642,2026-02-24 19:40:00,5320.7,0,1,1,1,1,0,0,0
11643,2026-02-24 20:21:00,5323.9,0,1,1,1,1,0,0,0
11644,2026-02-24 20:23:00,5326.4,0,1,1,1,1,0,0,0
11645,2026-02-24 20:24:00,5329.1,1,0,1,-1,1,0,0,0
11645,2026-02-24 20:24:00,5329.5,0,0,1,0,1,0,0,0
11645,2026-02-24 20:24:00,5330.0,0,0,1,0,1,0,0,0
11646,2026-02-24 20:54:00,5326.7,0,0,4,0,4,0,0,0
11647,2026-02-24 20:55:00,5326.7,0,0,1,0,1,0,0,0
11648,2026-02-24 20:58:00,5326.3,0,1,5,1,3,0,0,0
11649,2026-02-24 23:01:00,5300.0,0,0,1,0,1,0,0,0
11650,2026-02-24 23:13:00,5296.2,0,1,1,1,1,0,0,0
11651,2026-02-24 23:34:00,5295.0,0,0,1,0,1,0,0,0
11652,2026-02-24 23:37:00,5297.7,0,1,1,1,1,0,0,0
11653,2026-02-24 23:39:00,5303.4,0,1,1,1,1,0,0,0
11654,2026-02-24 23:41:00,5304.7,0,1,1,1,1,0,0,0
11655,2026-02-24 23:45:00,5311.4,1,0,1,-1,1,0,0,0
11655,2026-02-24 23:45:00,5311.5,1,0,1,-1,1,0,0,0
11655,2026-02-24 23:45:00,5312.8,0,1,1,1,1,0,0,0
11656,2026-02-24 23:47:00,5314.8,0,0,1,0,1,0,0,0
11657,2026-02-24 23:48:00,5314.8,1,0,1,-1,1,0,0,0
11658,2026-02-25 00:15:00,5305.2,0,1,1,1,1,0,0,0
11659,2026-02-25 00:58:00,5320.1,0,0,1,0,1,0,0,0
11660,2026-02-25 00:59:00,5320.3,0,1,1,1,1,0,0,0
11661,2026-02-25 01:00:00,5315.5,0,1,1,1,1,0,0,0
11661,2026-02-25 01:00:00,5318.1,0,1,1,1,1,0,0,0
11661,2026-02-25 01:00:00,5318.4,0,1,1,1,1,0,0,0
11661,2026-02-25 01:00:00,5321.3,0,1,1,1,1,0,0,0
11662,2026-02-25 01:15:00,5345.0,0,0,1,0,1,0,0,0
11663,2026-02-25 01:17:00,5344.1,0,0,1,0,1,0,0,0
11664,2026-02-25 01:19:00,5350.0,0,0,1,0,1,0,0,0
11665,2026-02-25 01:29:00,5351.9,0,1,1,1,1,0,0,0
11665,2026-02-25 01:29:00,5352.0,0,1,1,1,1,0,0,0
11665,2026-02-25 01:29:00,5352.5,0,2,2,2,1,0,0,0
11665,2026-02-25 01:29:00,5352.7,0,1,1,1,1,0,0,0
11666,2026-02-25 02:00:00,5345.8,0,2,2,2,2,0,0,0
11667,2026-02-25 02:01:00,5347.0,0,1,1,1,1,0,0,0
11667,2026-02-25 02:01:00,5347.5,0,2,2,2,2,0,0,0
11668,2026-02-25 02:17:00,5358.0,0,0,1,0,1,0,0,0
11669,2026-02-25 03:02:00,5353.3,1,0,1,-1,1,0,0,0
11669,2026-02-25 03:02:00,5354.3,0,1,1,1,1,0,0,0
11670,2026-02-25 03:04:00,5349.4,1,0,1,-1,1,0,0,0
11671,2026-02-25 03:06:00,5347.4,1,0,1,-1,1,0,0,0
11671,2026-02-25 03:06:00,5351.4,0,1,1,1,1,0,0,0
11672,2026-02-25 03:16:00,5349.9,1,0,1,-1,1,0,0,0
11673,2026-02-25 03:40:00,5345.3,1,0,1,-1,1,0,0,0
11674,2026-02-25 05:28:00,5360.9,0,1,1,1,1,0,0,0
11674,2026-02-25 05:28:00,5361.0,0,2,2,2,1,0,0,0
11674,2026-02-25 05:28:00,5361.1,0,2,2,2,1,0,0,0
11674,2026-02-25 05:28:00,5361.4,0,1,1,1,1,0,0,0
11675,2026-02-25 05:32:00,5363.0,1,0,1,-1,1,0,0,0
11676,2026-02-25 05:42:00,5363.2,1,0,1,-1,1,0,0,0
11677,2026-02-25 05:44:00,5368.2,1,0,1,-1,1,0,0,0
11678,2026-02-25 05:48:00,5368.8,0,0,2,0,1,0,0,0
11679,2026-02-25 05:50:00,5372.4,0,1,1,1,1,0,0,0
11679,2026-02-25 05:50:00,5372.5,0,0,1,0,1,0,0,0
11680,2026-02-25 05:52:00,5373.3,0,1,1,1,1,0,0,0
11681,2026-02-25 05:56:00,5370.5,0,0,1,0,1,0,0,0
11682,2026-02-25 05:58:00,5367.1,1,0,1,-1,1,0,0,0
11682,2026-02-25 05:58:00,5367.2,1,0,1,-1,1,0,0,0
11682,2026-02-25 05:58:00,5368.3,1,0,1,-1,1,0,0,0
11683,2026-02-25 06:05:00,5359.6,0,1,1,1,1,0,0,0
11684,2026-02-25 06:18:00,5358.8,1,0,1,-1,1,0,0,0
11685,2026-02-25 07:03:00,5353.2,1,0,1,-1,1,0,0,0
11686,2026-02-25 07:18:00,5350.6,1,0,1,-1,1,0,0,0
11687,2026-02-25 07:22:00,5350.0,1,0,1,-1,1,0,0,0
11688,2026-02-25 07:52:00,5349.9,1,0,1,-1,1,0,0,0
11689,2026-02-25 07:54:00,5349.1,0,0,1,0,1,0,0,0
11690,2026-02-25 08:01:00,5354.9,0,1,1,1,1,0,0,0
11690,2026-02-25 08:01:00,5355.0,0,1,1,1,1,0,0,0
11691,2026-02-25 09:03:00,5341.9,1,0,1,-1,1,0,0,0
11691,2026-02-25 09:03:00,5342.0,0,0,5,0,1,0,0,0
11691,2026-02-25 09:03:00,5342.7,0,1,1,1,1,0,0,0
11691,2026-02-25 09:03:00,5342.8,0,2,2,2,2,0,0,0
11692,2026-02-25 09:04:00,5346.2,0,1,1,1,1,0,0,0
11693,2026-02-25 09:35:00,5356.6,0,0,1,0,1,0,0,0
11694,2026-02-25 09:36:00,5356.6,0,0,4,0,2,0,0,0
11695,2026-02-25 10:01:00,5361.3,0,1,1,1,1,0,0,0
11696,2026-02-25 10:17:00,5344.6,1,0,1,-1,1,0,0,0
11697,2026-02-25 10:22:00,5343.5,0,1,1,1,1,0,0,0
11697,2026-02-25 10:22:00,5343.8,0,1,1,1,1,0,0,0
11697,2026-02-25 10:22:00,5343.9,0,2,2,2,1,0,0,0
11697,2026-02-25 10:22:00,5344.0,0,2,2,2,1,0,0,0
11698,2026-02-25 10:53:00,5338.2,1,0,1,-1,1,0,0,0
11699,2026-02-25 10:55:00,5339.0,1,0,1,-1,1,0,0,0
11700,2026-02-25 11:09:00,5334.4,1,0,1,-1,1,0,0,0
11701,2026-02-25 11:11:00,5330.0,0,0,1,0,1,0,0,0
11702,2026-02-25 11:35:00,5334.2,2,0,2,-2,1,0,0,0
11702,2026-02-25 11:35:00,5334.3,2,0,2,-2,1,0,0,0
11702,2026-02-25 11:35:00,5334.5,3,0,3,-3,1,0,0,0
11702,2026-02-25 11:35:00,5334.6,2,0,2,-2,1,0,0,0
11702,2026-02-25 11:35:00,5334.8,1,0,1,-1,1,0,0,0
11703,2026-02-25 11:36:00,5334.8,0,0,1,0,1,0,0,0
11704,2026-02-25 11:37:00,5335.4,0,0,1,0,1,0,0,0
11705,2026-02-25 11:38:00,5333.1,0,0,1,0,1,0,0,0
11706,2026-02-25 11:39:00,5333.4,0,0,1,0,1,0,0,0
11707,2026-02-25 11:40:00,5333.1,0,0,1,0,1,0,0,0
11708,2026-02-25 11:41:00,5336.0,0,0,6,0,6,0,0,0
11709,2026-02-25 11:43:00,5337.2,0,0,1,0,1,0,0,0
11710,2026-02-25 11:44:00,5338.8,0,0,1,0,1,0,0,0
11711,2026-02-25 11:46:00,5339.0,0,0,1,0,1,0,0,0
11712,2026-02-25 11:47:00,5337.9,0,0,1,0,1,0,0,0
11713,2026-02-25 11:49:00,5338.4,0,0,1,0,1,0,0,0
11714,2026-02-25 11:50:00,5338.1,0,0,1,0,1,0,0,0
11715,2026-02-25 11:51:00,5340.7,0,0,1,0,1,0,0,0
11716,2026-02-25 11:53:00,5337.0,0,0,2,0,1,0,0,0
11716,2026-02-25 11:53:00,5337.1,0,0,1,0,1,0,0,0
11717,2026-02-25 11:54:00,5337.0,0,0,1,0,1,0,0,0
11718,2026-02-25 11:55:00,5339.4,0,0,1,0,1,0,0,0
11719,2026-02-25 11:57:00,5342.4,0,0,1,0,1,0,0,0
11719,2026-02-25 11:57:00,5343.5,0,0,1,0,1,0,0,0
11720,2026-02-25 11:59:00,5345.6,0,1,2,1,2,0,0,0
11720,2026-02-25 11:59:00,5346.6,0,2,2,2,2,0,0,0
11720,2026-02-25 11:59:00,5347.0,0,1,1,1,1,0,0,0
11721,2026-02-25 12:00:00,5345.6,0,0,1,0,1,0,0,0
11722,2026-02-25 12:02:00,5345.5,0,0,1,0,1,0,0,0
11723,2026-02-25 12:03:00,5344.3,0,0,1,0,1,0,0,0
11724,2026-02-25 12:05:00,5344.3,0,0,1,0,1,0,0,0
11725,2026-02-25 12:06:00,5345.1,0,0,1,0,1,0,0,0
11726,2026-02-25 12:07:00,5344.5,0,0,1,0,1,0,0,0
11727,2026-02-25 12:08:00,5345.1,0,0,1,0,1,0,0,0
11728,2026-02-25 12:09:00,5345.0,0,0,1,0,1,0,0,0
11729,2026-02-25 12:11:00,5345.6,0,0,1,0,1,0,0,0
11730,2026-02-25 12:13:00,5344.8,0,0,1,0,1,0,0,0
11730,2026-02-25 12:13:00,5344.9,0,0,1,0,1,0,0,0
11731,2026-02-25 12:14:00,5345.8,0,0,1,0,1,0,0,0
11732,2026-02-25 12:15:00,5346.1,0,0,1,0,1,0,0,0
11733,2026-02-25 12:16:00,5348.4,0,0,1,0,1,0,0,0
11734,2026-02-25 12:18:00,5347.6,0,0,1,0,1,0,0,0
11734,2026-02-25 12:18:00,5349.2,0,2,2,2,1,0,0,0
11734,2026-02-25 12:18:00,5349.3,0,1,1,1,1,0,0,0
11735,2026-02-25 12:19:00,5348.3,0,0,1,0,1,0,0,0
11736,2026-02-25 12:20:00,5348.5,0,0,1,0,1,0,0,0
11737,2026-02-25 12:22:00,5349.2,0,0,1,0,1,0,0,0
11738,2026-02-25 12:23:00,5347.3,0,0,1,0,1,0,0,0
11739,2026-02-25 12:25:00,5349.7,0,0,1,0,1,0,0,0
11740,2026-02-25 12:26:00,5348.3,0,0,1,0,1,0,0,0
11741,2026-02-25 12:28:00,5350.4,0,0,1,0,1,0,0,0
11742,2026-02-25 12:36:00,5342.1,2,0,3,-2,2,0,0,0
11742,2026-02-25 12:36:00,5342.2,1,0,1,-1,1,0,0,0
11742,2026-02-25 12:36:00,5342.4,3,0,3,-3,1,0,0,0
11742,2026-02-25 12:36:00,5342.5,2,0,2,-2,1,0,0,0
11743,2026-02-25 13:00:00,5347.0,0,1,1,1,1,0,0,0
11744,2026-02-25 13:11:00,5353.0,1,0,1,-1,1,0,0,0
11745,2026-02-25 13:28:00,5354.6,0,1,1,1,1,0,0,0
11746,2026-02-25 13:44:00,5353.7,0,0,1,0,1,0,0,0
11747,2026-02-25 14:31:00,5339.8,0,0,1,0,1,0,0,0
11747,2026-02-25 14:31:00,5340.9,1,0,1,-1,1,0,0,0
11747,2026-02-25 14:31:00,5341.0,1,0,1,-1,1,0,0,0
11748,2026-02-25 14:36:00,5333.8,1,0,1,-1,1,0,0,0
11749,2026-02-25 14:37:00,5335.9,0,1,1,1,1,0,0,0
11750,2026-02-25 14:42:00,5332.1,0,0,1,0,1,0,0,0
11750,2026-02-25 14:42:00,5332.5,0,0,1,0,1,0,0,0
11751,2026-02-25 14:51:00,5345.6,1,0,1,-1,1,0,0,0
11751,2026-02-25 14:51:00,5345.7,1,0,1,-1,1,0,0,0
11751,2026-02-25 14:51:00,5346.2,0,0,1,0,1,0,0,0
11752,2026-02-25 15:02:00,5361.6,2,0,2,-2,2,0,0,0
11752,2026-02-25 15:02:00,5362.1,0,1,1,1,1,0,0,0
11753,2026-02-25 15:26:00,5347.7,0,0,1,0,1,0,0,0
11753,2026-02-25 15:26:00,5347.8,2,0,2,-2,2,0,0,0
11753,2026-02-25 15:26:00,5347.9,0,0,1,0,1,0,0,0
11754,2026-02-25 15:27:00,5346.7,1,0,1,-1,1,0,0,0
11755,2026-02-25 15:28:00,5343.0,1,0,1,-1,1,0,0,0
11756,2026-02-25 16:22:00,5369.7,0,0,2,0,2,0,0,0
11756,2026-02-25 16:22:00,5369.8,1,0,1,-1,1,0,0,0
11756,2026-02-25 16:22:00,5370.0,0,0,1,0,1,0,0,0
11756,2026-02-25 16:22:00,5370.2,0,1,1,1,1,0,0,0
11757,2026-02-25 16:57:00,5377.9,2,0,2,-2,1,0,0,0
11757,2026-02-25 16:57:00,5378.5,0,1,1,1,1,0,0,0
11757,2026-02-25 16:57:00,5379.0,0,2,3,2,3,0,0,0
11758,2026-02-25 17:08:00,5379.0,0,0,1,0,1,0,0,0
11759,2026-02-25 17:11:00,5384.5,0,0,1,0,1,0,0,0
11759,2026-02-25 17:11:00,5384.9,0,1,1,1,1,0,0,0
11759,2026-02-25 17:11:00,5385.0,0,1,1,1,1,0,0,0
11759,2026-02-25 17:11:00,5385.1,0,3,3,3,3,0,0,0
11760,2026-02-25 17:29:00,5380.0,0,0,1,0,1,0,0,0
11761,2026-02-25 17:33:00,5379.4,0,0,1,0,1,0,0,0
11762,2026-02-25 17:36:00,5377.8,0,0,1,0,1,0,0,0
11763,2026-02-25 17:37:00,5378.3,0,0,2,0,2,0,0,0
11764,2026-02-25 17:41:00,5379.3,0,0,1,0,1,0,0,0
11765,2026-02-25 17:45:00,5375.0,0,0,1,0,1,0,0,0
11766,2026-02-25 17:46:00,5373.9,0,2,2,2,1,0,0,0
11766,2026-02-25 17:46:00,5374.1,0,3,3,3,1,0,0,0
11766,2026-02-25 17:46:00,5374.2,0,0,1,0,1,0,0,0
11767,2026-02-25 19:45:00,5369.6,1,0,1,-1,1,0,0,0
11768,2026-02-25 19:49:00,5375.3,0,1,1,1,1,0,0,0
11769,2026-02-25 19:51:00,5373.3,0,1,1,1,1,0,0,0
11769,2026-02-25 19:51:00,5373.4,0,0,1,0,1,0,0,0
11770,2026-02-25 19:52:00,5371.7,0,0,1,0,1,0,0,0
11771,2026-02-25 19:56:00,5374.2,0,1,1,1,1,0,0,0
11772,2026-02-25 20:15:00,5360.0,0,0,1,0,1,0,0,0
11773,2026-02-25 20:58:00,5317.5,0,1,1,1,1,0,0,0
11773,2026-02-25 20:58:00,5317.6,0,1,2,1,2,0,0,0
11774,2026-02-25 23:19:00,5338.2,0,1,1,1,1,0,0,0
11775,2026-02-25 23:20:00,5339.2,1,0,1,-1,1,0,0,0
11776,2026-02-25 23:41:00,5336.2,0,1,1,1,1,0,0,0
11777,2026-02-25 23:49:00,5330.4,1,0,1,-1,1,0,0,0
11778,2026-02-26 00:01:00,5323.8,1,0,1,-1,1,0,0,0
11779,2026-02-26 00:14:00,5330.0,0,0,1,0,1,0,0,0
11780,2026-02-26 00:32:00,5345.9,0,0,1,0,1,0,0,0
11781,2026-02-26 00:40:00,5342.9,1,0,1,-1,1,0,0,0
11782,2026-02-26 01:23:00,5346.3,0,1,1,1,1,0,0,0
11782,2026-02-26 01:23:00,5346.4,0,1,1,1,1,0,0,0
11783,2026-02-26 01:39:00,5350.9,0,1,1,1,1,0,0,0
11784,2026-02-26 02:00:00,5356.0,0,1,1,1,1,0,0,0
11784,2026-02-26 02:00:00,5356.4,0,0,1,0,1,0,0,0
11784,2026-02-26 02:00:00,5356.7,0,1,1,1,1,0,0,0
11785,2026-02-26 02:07:00,5348.8,1,0,1,-1,1,0,0,0
11786,2026-02-26 02:14:00,5345.2,1,0,1,-1,1,0,0,0
11787,2026-02-26 02:35:00,5342.4,0,1,1,1,1,0,0,0
11788,2026-02-26 02:36:00,5338.1,0,0,1,0,1,0,0,0
11788,2026-02-26 02:36:00,5340.2,0,0,1,0,1,0,0,0
11789,2026-02-26 02:40:00,5337.2,1,0,1,-1,1,0,0,0
11790,2026-02-26 02:45:00,5338.6,0,1,1,1,1,0,0,0
11791,2026-02-26 03:01:00,5349.2,0,1,1,1,1,0,0,0
11792,2026-02-26 03:24:00,5353.4,0,1,1,1,1,0,0,0
11793,2026-02-26 05:25:00,5368.0,0,0,1,0,1,0,0,0
11794,2026-02-26 05:51:00,5358.0,0,0,1,0,1,0,0,0
11795,2026-02-26 05:54:00,5355.8,1,0,1,-1,1,0,0,0
11796,2026-02-26 08:17:00,5350.0,0,0,1,0,1,0,0,0
11797,2026-02-26 08:19:00,5350.3,0,0,1,0,1,0,0,0
11798,2026-02-26 08:27:00,5341.0,1,0,1,-1,1,0,0,0
11798,2026-02-26 08:27:00,5344.5,1,0,1,-1,1,0,0,0
11799,2026-02-26 08:28:00,5340.0,0,0,1,0,1,0,0,0
11800,2026-02-26 08:33:00,5336.2,1,0,1,-1,1,0,0,0
11801,2026-02-26 08:40:00,5334.3,1,0,1,-1,1,0,0,0
11802,2026-02-26 08:49:00,5340.4,1,0,1,-1,1,0,0,0
11803,2026-02-26 08:50:00,5343.4,0,1,1,1,1,0,0,0
11804,2026-02-26 09:04:00,5336.9,1,0,1,-1,1,0,0,0
11805,2026-02-26 09:36:00,5344.0,1,0,1,-1,1,0,0,0
11806,2026-02-26 09:37:00,5344.0,0,0,1,0,1,0,0,0
11807,2026-02-26 10:06:00,5352.6,0,1,1,1,1,0,0,0
11808,2026-02-26 10:30:00,5338.6,0,0,1,0,1,0,0,0
11809,2026-02-26 10:36:00,5334.2,1,0,5,-1,4,0,0,0
11809,2026-02-26 10:36:00,5336.2,1,0,1,-1,1,0,0,0
11809,2026-02-26 10:36:00,5336.5,0,0,3,0,2,0,0,0
11810,2026-02-26 10:37:00,5336.1,0,0,1,0,1,0,0,0
11810,2026-02-26 10:37:00,5336.5,0,0,5,0,1,0,0,0
11811,2026-02-26 10:44:00,5335.6,1,0,1,-1,1,0,0,0
11812,2026-02-26 10:54:00,5334.0,0,0,1,0,1,0,0,0
11813,2026-02-26 10:58:00,5329.3,1,0,1,-1,1,0,0,0
11814,2026-02-26 11:51:00,5329.6,1,0,1,-1,1,0,0,0
11815,2026-02-26 11:52:00,5328.0,1,0,1,-1,1,0,0,0
11816,2026-02-26 11:54:00,5323.2,0,0,1,0,1,0,0,0
11817,2026-02-26 12:07:00,5326.2,0,1,1,1,1,0,0,0
11818,2026-02-26 12:18:00,5334.0,1,0,1,-1,1,0,0,0
11819,2026-02-26 14:30:00,5313.7,0,1,1,1,1,0,0,0
11819,2026-02-26 14:30:00,5314.1,0,1,1,1,1,0,0,0
11820,2026-02-26 14:31:00,5300.0,5,0,6,-5,2,0,0,0
11820,2026-02-26 14:31:00,5302.2,0,0,1,0,1,0,0,0
11820,2026-02-26 14:31:00,5302.4,2,0,2,-2,2,0,0,0
11820,2026-02-26 14:31:00,5308.0,0,2,5,2,4,0,0,0
11821,2026-02-26 14:32:00,5312.5,0,0,1,0,1,0,0,0
11822,2026-02-26 14:35:00,5327.9,0,0,1,0,1,0,0,0
11823,2026-02-26 14:37:00,5332.0,0,0,1,0,1,0,0,0
11824,2026-02-26 14:39:00,5331.4,0,0,1,0,1,0,0,0
11825,2026-02-26 14:41:00,5327.0,0,0,1,0,1,0,0,0
11826,2026-02-26 14:46:00,5335.3,0,0,1,0,1,0,0,0
11826,2026-02-26 14:46:00,5336.4,0,0,1,0,1,0,0,0
11826,2026-02-26 14:46:00,5337.2,0,1,1,1,1,0,0,0
11826,2026-02-26 14:46:00,5337.4,0,0,1,0,1,0,0,0
11827,2026-02-26 14:55:00,5332.1,0,0,1,0,1,0,0,0
11828,2026-02-26 15:14:00,5324.1,3,0,19,-3,7,0,0,0
11828,2026-02-26 15:14:00,5324.3,1,0,1,-1,1,0,0,0
11829,2026-02-26 15:16:00,5317.3,0,2,2,2,2,0,0,0
11830,2026-02-26 15:19:00,5316.5,2,0,2,-2,2,0,0,0
11831,2026-02-26 15:22:00,5319.6,0,1,1,1,1,0,0,0
11832,2026-02-26 15:23:00,5314.0,0,0,1,0,1,0,0,0
11833,2026-02-26 15:27:00,5300.0,0,0,19,0,11,0,0,0
11833,2026-02-26 15:27:00,5308.4,1,0,1,-1,1,0,0,0
11834,2026-02-26 15:28:00,5292.9,1,0,1,-1,1,0,0,0
11834,2026-02-26 15:28:00,5294.5,0,0,1,0,1,0,0,0
11835,2026-02-26 15:34:00,5317.3,1,0,1,-1,1,0,0,0
11836,2026-02-26 15:35:00,5321.4,1,0,1,-1,1,0,0,0
11837,2026-02-26 15:42:00,5334.6,0,1,1,1,1,0,0,0
11837,2026-02-26 15:42:00,5335.3,0,0,1,0,1,0,0,0
11837,2026-02-26 15:42:00,5335.8,1,0,1,-1,1,0,0,0
11838,2026-02-26 15:43:00,5338.0,0,1,1,1,1,0,0,0
11839,2026-02-26 15:48:00,5345.9,0,0,1,0,1,0,0,0
11839,2026-02-26 15:48:00,5347.3,0,1,1,1,1,0,0,0
11840,2026-02-26 16:13:00,5340.4,1,0,1,-1,1,0,0,0
11840,2026-02-26 16:13:00,5340.6,1,0,1,-1,1,0,0,0
11841,2026-02-26 16:24:00,5341.4,0,1,1,1,1,0,0,0
11841,2026-02-26 16:24:00,5341.5,0,2,2,2,1,0,0,0
11841,2026-02-26 16:24:00,5341.7,0,2,2,2,1,0,0,0
11842,2026-02-26 16:25:00,5342.1,0,1,1,1,1,0,0,0
11843,2026-02-26 18:01:00,5332.0,0,0,2,0,1,0,0,0
11844,2026-02-26 18:12:00,5332.4,1,0,1,-1,1,0,0,0
11844,2026-02-26 18:12:00,5332.5,1,0,1,-1,1,0,0,0
11845,2026-02-26 18:14:00,5333.0,0,0,1,0,1,0,0,0
11846,2026-02-26 18:15:00,5336.7,0,1,1,1,1,0,0,0
11846,2026-02-26 18:15:00,5337.0,0,0,1,0,1,0,0,0
11847,2026-02-26 18:29:00,5340.0,3,0,3,-3,2,0,0,0
11847,2026-02-26 18:29:00,5340.6,0,0,2,0,2,0,0,0
11847,2026-02-26 18:29:00,5341.0,0,1,3,1,3,0,0,0
11847,2026-02-26 18:29:00,5341.1,0,1,1,1,1,0,0,0
11847,2026-02-26 18:29:00,5341.2,0,0,1,0,1,0,0,0
11847,2026-02-26 18:29:00,5341.5,0,0,2,0,2,0,0,0
11848,2026-02-26 18:31:00,5343.8,0,1,1,1,1,0,0,0
11849,2026-02-26 18:33:00,5343.4,0,1,1,1,1,0,0,0
11850,2026-02-26 18:55:00,5344.2,2,0,2,-2,1,0,0,0
11851,2026-02-26 19:02:00,5349.0,0,1,1,1,1,0,0,0
11852,2026-02-26 20:22:00,5358.9,0,0,1,0,1,0,0,0
11853,2026-02-26 20:26:00,5359.3,0,0,3,0,2,0,0,0
11854,2026-02-26 23:35:00,5347.1,0,0,1,0,1,0,0,0
11855,2026-02-26 23:43:00,5352.0,0,0,2,0,2,0,0,0
11856,2026-02-27 01:02:00,5334.5,0,0,1,0,1,0,0,0
11856,2026-02-27 01:02:00,5335.0,0,1,1,1,1,0,0,0
11856,2026-02-27 01:02:00,5335.1,0,2,2,2,1,0,0,0
11856,2026-02-27 01:02:00,5335.2,0,1,1,1,1,0,0,0
11856,2026-02-27 01:02:00,5335.3,0,1,1,1,1,0,0,0
11856,2026-02-27 01:02:00,5335.4,0,2,2,2,1,0,0,0
11856,2026-02-27 01:02:00,5335.5,0,1,1,1,1,0,0,0
11856,2026-02-27 01:02:00,5337.1,0,0,1,0,1,0,0,0
11857,2026-02-27 01:03:00,5334.7,0,0,8,0,3,0,0,0
11857,2026-02-27 01:03:00,5337.1,0,1,1,1,1,0,0,0
11857,2026-02-27 01:03:00,5337.2,0,2,7,2,3,0,0,0
11858,2026-02-27 02:00:00,5359.1,0,1,1,1,1,0,0,0
11858,2026-02-27 02:00:00,5360.6,0,1,1,1,1,0,0,0
11858,2026-02-27 02:00:00,5360.8,0,1,1,1,1,0,0,0
11859,2026-02-27 02:05:00,5361.4,0,1,1,1,1,0,0,0
11860,2026-02-27 02:36:00,5343.3,1,0,1,-1,1,0,0,0
11861,2026-02-27 02:39:00,5340.0,0,1,1,1,1,0,0,0
11862,2026-02-27 02:40:00,5342.4,1,0,1,-1,1,0,0,0
11863,2026-02-27 02:54:00,5339.7,0,0,1,0,1,0,0,0
11863,2026-02-27 02:54:00,5339.9,0,1,1,1,1,0,0,0
11864,2026-02-27 02:56:00,5342.2,1,0,1,-1,1,0,0,0
11865,2026-02-27 03:01:00,5347.5,1,0,1,-1,1,0,0,0
11866,2026-02-27 05:30:00,5359.3,0,1,1,1,1,0,0,0
11867,2026-02-27 05:54:00,5359.8,0,1,1,1,1,0,0,0
11868,2026-02-27 06:20:00,5358.7,0,1,1,1,1,0,0,0
11869,2026-02-27 11:15:00,5336.0,0,0,2,0,1,0,0,0
11870,2026-02-27 12:00:00,5350.6,0,1,1,1,1,0,0,0
11871,2026-02-27 12:23:00,5351.3,1,0,1,-1,1,0,0,0
11872,2026-02-27 13:01:00,5356.6,0,1,1,1,1,0,0,0
11873,2026-02-27 13:07:00,5367.0,0,1,1,1,1,0,0,0
11874,2026-02-27 13:08:00,5372.5,0,0,1,0,1,0,0,0
11874,2026-02-27 13:08:00,5372.6,0,1,1,1,1,0,0,0
11874,2026-02-27 13:08:00,5372.8,0,0,1,0,1,0,0,0
11874,2026-02-27 13:08:00,5374.9,1,0,1,-1,1,0,0,0
11874,2026-02-27 13:08:00,5375.2,0,1,1,1,1,0,0,0
11874,2026-02-27 13:08:00,5377.4,0,1,1,1,1,0,0,0
11874,2026-02-27 13:08:00,5378.6,1,0,1,-1,1,0,0,0
11874,2026-02-27 13:08:00,5379.6,0,0,1,0,1,0,0,0
11875,2026-02-27 13:09:00,5377.8,1,0,1,-1,1,0,0,0
11876,2026-02-27 13:11:00,5379.6,0,1,1,1,1,0,0,0
11877,2026-02-27 13:15:00,5385.0,0,0,2,0,2,0,0,0
11878,2026-02-27 13:20:00,5390.2,0,1,1,1,1,0,0,0
11879,2026-02-27 13:23:00,5399.4,0,0,2,0,2,0,0,0
11880,2026-02-27 13:25:00,5401.4,1,0,1,-1,1,0,0,0
11881,2026-02-27 13:26:00,5405.9,0,1,1,1,1,0,0,0
11881,2026-02-27 13:26:00,5406.0,0,0,2,0,1,0,0,0
11882,2026-02-27 13:29:00,5401.0,0,1,1,1,1,0,0,0
11883,2026-02-27 13:30:00,5389.9,1,0,1,-1,1,0,0,0
11883,2026-02-27 13:30:00,5400.1,0,0,1,0,1,0,0,0
11884,2026-02-27 13:33:00,5393.5,1,0,1,-1,1,0,0,0
11885,2026-02-27 13:40:00,5379.9,0,2,2,2,1,0,0,0
11885,2026-02-27 13:40:00,5380.0,0,1,1,1,1,0,0,0
11886,2026-02-27 14:24:00,5397.8,0,0,1,0,1,0,0,0
11887,2026-02-27 14:25:00,5396.7,0,0,1,0,1,0,0,0
11887,2026-02-27 14:25:00,5396.9,0,0,1,0,1,0,0,0
11887,2026-02-27 14:25:00,5397.3,0,0,1,0,1,0,0,0
11887,2026-02-27 14:25:00,5398.8,0,0,1,0,1,0,0,0
11888,2026-02-27 14:26:00,5395.9,1,0,1,-1,1,0,0,0
11888,2026-02-27 14:26:00,5396.2,0,0,2,0,2,0,0,0
11888,2026-02-27 14:26:00,5396.7,0,0,1,0,1,0,0,0
11888,2026-02-27 14:26:00,5396.8,0,0,1,0,1,0,0,0
11888,2026-02-27 14:26:00,5397.1,0,0,1,0,1,0,0,0
11889,2026-02-27 14:32:00,5388.2,1,0,1,-1,1,0,0,0
11889,2026-02-27 14:32:00,5388.3,1,0,1,-1,1,0,0,0
11889,2026-02-27 14:32:00,5396.8,0,0,2,0,2,0,0,0
11890,2026-02-27 14:41:00,5380.1,1,0,1,-1,1,0,0,0
11890,2026-02-27 14:41:00,5380.3,0,0,1,0,1,0,0,0
11890,2026-02-27 14:41:00,5380.5,0,0,1,0,1,0,0,0
11890,2026-02-27 14:41:00,5381.7,0,0,1,0,1,0,0,0
11891,2026-02-27 14:43:00,5387.0,0,0,2,0,2,0,0,0
11892,2026-02-27 14:55:00,5390.8,2,0,2,-2,1,0,0,0
11893,2026-02-27 15:09:00,5400.0,0,0,2,0,2,0,0,0
11894,2026-02-27 15:22:00,5383.4,1,0,1,-1,1,0,0,0
11895,2026-02-27 16:06:00,5409.9,0,0,2,0,1,0,0,0
11896,2026-02-27 16:14:00,5420.7,1,0,1,-1,1,0,0,0
11897,2026-02-27 16:15:00,5422.4,1,0,1,-1,1,0,0,0
11898,2026-02-27 16:18:00,5421.0,0,1,1,1,1,0,0,0
11899,2026-02-27 16:23:00,5400.0,0,0,1,0,1,0,0,0
11900,2026-02-27 16:34:00,5398.8,1,0,7,-1,3,0,0,0
11901,2026-02-27 16:39:00,5402.4,0,1,1,1,1,0,0,0
11901,2026-02-27 16:39:00,5402.5,0,1,1,1,1,0,0,0
11901,2026-02-27 16:39:00,5402.7,1,0,1,-1,1,0,0,0
11901,2026-02-27 16:39:00,5402.8,1,0,1,-1,1,0,0,0
11902,2026-02-27 16:40:00,5401.1,2,0,2,-2,1,0,0,0
11902,2026-02-27 16:40:00,5401.2,0,0,2,0,1,0,0,0
11903,2026-02-27 16:41:00,5402.6,0,0,2,0,1,0,0,0
11903,2026-02-27 16:41:00,5402.9,0,0,2,0,1,0,0,0
11904,2026-02-27 16:42:00,5403.3,0,0,2,0,1,0,0,0
11904,2026-02-27 16:42:00,5403.5,1,0,2,-1,2,0,0,0
11905,2026-02-27 16:44:00,5402.6,1,0,1,-1,1,0,0,0
11906,2026-02-27 17:11:00,5398.0,0,0,1,0,1,0,0,0
11907,2026-02-27 17:23:00,5392.9,0,1,1,1,1,0,0,0
11908,2026-02-27 17:25:00,5395.9,0,1,1,1,1,0,0,0
11909,2026-02-27 18:19:00,5400.2,0,1,1,1,1,0,0,0
11910,2026-02-27 18:29:00,5394.7,0,0,1,0,1,0,0,0
11910,2026-02-27 18:29:00,5394.9,0,0,1,0,1,0,0,0
11910,2026-02-27 18:29:00,5395.0,0,0,2,0,2,0,0,0
11910,2026-02-27 18:29:00,5395.1,0,1,3,1,3,0,0,0
11910,2026-02-27 18:29:00,5395.2,0,2,2,2,2,0,0,0
11910,2026-02-27 18:29:00,5395.3,0,2,4,2,3,0,0,0
11910,2026-02-27 18:29:00,5395.5,0,1,1,1,1,0,0,0
11910,2026-02-27 18:29:00,5395.7,0,0,1,0,1,0,0,0
11910,2026-02-27 18:29:00,5396.3,0,2,2,2,2,0,0,0
11910,2026-02-27 18:29:00,5396.4,0,0,2,0,2,0,0,0
11910,2026-02-27 18:29:00,5396.7,0,1,1,1,1,0,0,0
11910,2026-02-27 18:29:00,5396.8,0,0,1,0,1,0,0,0
11910,2026-02-27 18:29:00,5396.9,0,1,2,1,2,0,0,0
11910,2026-02-27 18:29:00,5397.1,0,0,1,0,1,0,0,0
11910,2026-02-27 18:29:00,5397.2,0,3,5,3,4,0,0,0
11910,2026-02-27 18:29:00,5397.3,0,1,1,1,1,0,0,0
11910,2026-02-27 18:29:00,5397.4,0,0,1,0,1,0,0,0
11910,2026-02-27 18:29:00,5397.5,0,1,1,1,1,0,0,0
11910,2026-02-27 18:29:00,5397.6,0,1,1,1,1,0,0,0
11910,2026-02-27 18:29:00,5397.7,0,2,2,2,2,0,0,0
11910,2026-02-27 18:29:00,5397.8,0,1,1,1,1,0,0,0
11910,2026-02-27 18:29:00,5397.9,2,2,5,0,5,0,0,0
11910,2026-02-27 18:29:00,5398.1,0,1,2,1,2,0,0,0
11910,2026-02-27 18:29:00,5398.2,0,0,3,0,3,0,0,0
11910,2026-02-27 18:29:00,5398.4,0,1,2,1,2,0,0,0
11910,2026-02-27 18:29:00,5398.7,0,1,1,1,1,0,0,0
11911,2026-02-27 19:01:00,5414.8,0,1,1,1,1,0,0,0
11912,2026-02-27 19:07:00,5415.6,2,0,2,-2,1,0,0,0
11913,2026-02-27 19:18:00,5416.7,2,0,2,-2,2,0,0,0
11914,2026-02-27 20:17:00,5420.0,0,2,2,2,2,0,0,0
11915,2026-02-27 20:18:00,5422.0,0,0,1,0,1,0,0,0
11915,2026-02-27 20:18:00,5422.7,0,1,1,1,1,0,0,0
11916,2026-02-27 20:21:00,5425.0,0,0,1,0,1,0,0,0
11917,2026-02-27 20:25:00,5427.1,0,0,1,0,1,0,0,0
