DateTime,UTC,Open,High,Low,Close,Ticks(from bar),Volume(from bar),VSA Volume_scale (ẩn),VSA Volume_baseline (ẩn),Delta Moving Average (DMA)_DMA,Trades,Buy (Ask) trades,Sell (Bid) trades,Volume,Buy (Ask) volume,"Buy (Ask) volume, %",Sell (Bid) volume,"Sell (Bid) volume, %",Delta,"Delta, %",Delta trades,"Delta trades, %",Max delta,Min delta,Finish delta,Cumulative delta,Open interest,Average size,Average buy (ask) size,Average sell (bid) size,Max one trade Vol.,"Max one trade Vol, %",Filt. volume,"Filt. volume, %",Filt. buy (ask) volume,"Filt. buy (ask) volume, %",Filt. sell (bid) volume,"Filt. sell (bid) volume, %",
7/23/2026 9:58:00 AM,+07:00,4129.9,4131.3,4129.9,4130.7,26,26,26,0,5,26,0,0,26,15,57.6923076923077,10,38.4615384615385,5,19.2307692307692,0,0,0,0,5,5,0,1,0,0,0,0,0,0,0,0,0,0,
7/23/2026 9:59:00 AM,+07:00,4130.2,4130.8,4129.6,4130.8,26,29,29,0,7,26,0,0,29,19,65.5172413793104,10,34.4827586206897,9,31.0344827586207,0,0,0,0,9,14,0,1.11538461538462,0,0,0,0,0,0,0,0,0,0,
7/23/2026 10:00:00 AM,+07:00,4130.9,4131.7,4129.6,4130.4,67,70,70,0,3.33333333333333,67,0,0,70,32,45.7142857142857,36,51.4285714285714,-4,-5.71428571428572,0,0,0,0,-4,10,0,1.04477611940298,0,0,0,0,0,0,0,0,0,0,
7/23/2026 10:01:00 AM,+07:00,4130.5,4130.5,4129.1,4130,23,23,23,0,1.75,23,0,0,23,10,43.4782608695652,13,56.5217391304348,-3,-13.0434782608696,0,0,0,0,-3,7,0,1,0,0,0,0,0,0,0,0,0,0,
7/23/2026 10:02:00 AM,+07:00,4130,4130.4,4129.5,4130.4,20,20,20,0,2,20,0,0,20,11,55,8,40,3,15,0,0,0,0,3,10,0,1,0,0,0,0,0,0,0,0,0,0,
7/23/2026 10:03:00 AM,+07:00,4130.3,4130.7,4128.5,4129,39,40,40,0,2.16666666666667,39,0,0,40,21,52.5,18,45,3,7.5,0,0,0,0,3,13,0,1.02564102564103,0,0,0,0,0,0,0,0,0,0,
7/23/2026 10:04:00 AM,+07:00,4129.4,4129.5,4128.6,4129,12,12,12,0,1.57142857142857,12,0,0,12,5,41.6666666666667,7,58.3333333333333,-2,-16.6666666666667,0,0,0,0,-2,11,0,1,0,0,0,0,0,0,0,0,0,0,
7/23/2026 10:05:00 AM,+07:00,4128.6,4128.8,4127.4,4127.6,37,38,38,0,-0.125,37,0,0,38,13,34.2105263157895,25,65.7894736842105,-12,-31.578947368421,0,0,0,0,-12,-1,0,1.02702702702703,0,0,0,0,0,0,0,0,0,0,
7/23/2026 10:06:00 AM,+07:00,4127.8,4130.3,4127.8,4129.6,52,122,122,0,6.44444444444444,52,0,0,122,90,73.7704918032787,31,25.4098360655738,59,48.3606557377049,0,0,0,0,59,58,0,2.34615384615385,0,0,0,0,0,0,0,0,0,0,
7/23/2026 10:07:00 AM,+07:00,4129.3,4129.4,4128.7,4128.9,22,22,22,0,5,22,0,0,22,7,31.8181818181818,15,68.1818181818182,-8,-36.3636363636364,0,0,0,0,-8,50,0,1,0,0,0,0,0,0,0,0,0,0,
7/23/2026 10:08:00 AM,+07:00,4129.3,4129.3,4128,4128,33,40,40,0,4.90909090909091,33,0,0,40,22,55,18,45,4,10,0,0,0,0,4,54,0,1.21212121212121,0,0,0,0,0,0,0,0,0,0,
7/23/2026 10:09:00 AM,+07:00,4128,4128.9,4126.6,4127.6,69,77,77,0,3.33333333333333,69,0,0,77,31,40.2597402597403,45,58.4415584415584,-14,-18.1818181818182,0,0,0,0,-14,40,0,1.11594202898551,0,0,0,0,0,0,0,0,0,0,
7/23/2026 10:10:00 AM,+07:00,4127.9,4128.3,4126.6,4127.9,22,22,22,0,3.69230769230769,22,0,0,22,15,68.1818181818182,7,31.8181818181818,8,36.3636363636364,0,0,0,0,8,48,0,1,0,0,0,0,0,0,0,0,0,0,
7/23/2026 10:11:00 AM,+07:00,4127.3,4127.9,4127.2,4127.8,7,7,7,0,3.07142857142857,7,0,0,7,1,14.2857142857143,6,85.7142857142857,-5,-71.4285714285714,0,0,0,0,-5,43,0,1,0,0,0,0,0,0,0,0,0,0,
7/23/2026 10:12:00 AM,+07:00,4128.2,4128.3,4127.3,4127.4,24,25,25,0,1.86666666666667,24,0,0,25,5,20,20,80,-15,-60,0,0,0,0,-15,28,0,1.04166666666667,0,0,0,0,0,0,0,0,0,0,
7/23/2026 10:13:00 AM,+07:00,4127.7,4128.5,4127.5,4128.2,27,28,28,0,2.5,27,0,0,28,18,64.2857142857143,6,21.4285714285714,12,42.8571428571429,0,0,0,0,12,40,0,1.03703703703704,0,0,0,0,0,0,0,0,0,0,
7/23/2026 10:14:00 AM,+07:00,4128.2,4130,4128.2,4129.7,30,31,31,0,3.17647058823529,30,0,0,31,22,70.9677419354839,8,25.8064516129032,14,45.1612903225806,0,0,0,0,14,54,0,1.03333333333333,0,0,0,0,0,0,0,0,0,0,
7/23/2026 10:15:00 AM,+07:00,4129.9,4130.2,4129.2,4129.9,53,56,56,0,3.55555555555556,53,0,0,56,33,58.9285714285714,23,41.0714285714286,10,17.8571428571429,0,0,0,0,10,64,0,1.05660377358491,0,0,0,0,0,0,0,0,0,0,
7/23/2026 10:16:00 AM,+07:00,4129.9,4131.4,4129.7,4131.2,32,39,39,0,3.42105263157895,32,0,0,39,18,46.1538461538462,17,43.5897435897436,1,2.56410256410256,0,0,0,0,1,65,0,1.21875,0,0,0,0,0,0,0,0,0,0,
7/23/2026 10:17:00 AM,+07:00,4131.5,4132.8,4131.3,4131.6,61,62,62,0,4.15,61,0,0,62,40,64.5161290322581,22,35.4838709677419,18,29.0322580645161,0,0,0,0,18,83,0,1.01639344262295,0,0,0,0,0,0,0,0,0,0,
7/23/2026 10:18:00 AM,+07:00,4131.6,4133.3,4131.6,4132.7,62,72,72,0,4.4,62,0,0,72,41,56.9444444444444,31,43.0555555555556,10,13.8888888888889,0,0,0,0,10,93,0,1.16129032258065,0,0,0,0,0,0,0,0,0,0,
7/23/2026 10:19:00 AM,+07:00,4132.4,4133.5,4131.8,4133.2,20,20,20,0,3.75,20,0,0,20,8,40,12,60,-4,-20,0,0,0,0,-4,89,0,1,0,0,0,0,0,0,0,0,0,0,
7/23/2026 10:20:00 AM,+07:00,4133.3,4134,4133.1,4133.8,16,17,17,0,3.6,16,0,0,17,5,29.4117647058824,12,70.5882352941176,-7,-41.1764705882353,0,0,0,0,-7,82,0,1.0625,0,0,0,0,0,0,0,0,0,0,
7/23/2026 10:21:00 AM,+07:00,4134.1,4134.4,4133.7,4133.7,21,28,28,0,3.45,21,0,0,28,11,39.2857142857143,17,60.7142857142857,-6,-21.4285714285714,0,0,0,0,-6,76,0,1.33333333333333,0,0,0,0,0,0,0,0,0,0,
7/23/2026 10:22:00 AM,+07:00,4133.8,4135.6,4133.6,4135.1,38,42,42,0,4.15,38,0,0,42,28,66.6666666666666,11,26.1904761904762,17,40.4761904761905,0,0,0,0,17,93,0,1.10526315789474,0,0,0,0,0,0,0,0,0,0,
7/23/2026 10:23:00 AM,+07:00,4135.1,4135.4,4134.3,4134.9,32,32,32,0,4.4,32,0,0,32,20,62.5,12,37.5,8,25,0,0,0,0,8,101,0,1,0,0,0,0,0,0,0,0,0,0,
7/23/2026 10:24:00 AM,+07:00,4135,4135.3,4134,4135,43,43,43,0,4.25,43,0,0,43,19,44.1860465116279,24,55.8139534883721,-5,-11.6279069767442,0,0,0,0,-5,96,0,1,0,0,0,0,0,0,0,0,0,0,
7/23/2026 10:25:00 AM,+07:00,4134.7,4134.9,4133.2,4133.2,42,45,45,0,4.6,42,0,0,45,20,44.4444444444444,25,55.5555555555556,-5,-11.1111111111111,0,0,0,0,-5,91,0,1.07142857142857,0,0,0,0,0,0,0,0,0,0,
7/23/2026 10:26:00 AM,+07:00,4133.5,4134.3,4133.5,4133.6,45,45,45,0,2.55,45,0,0,45,30,66.6666666666666,12,26.6666666666667,18,40,0,0,0,0,18,109,0,1,0,0,0,0,0,0,0,0,0,0,
7/23/2026 10:27:00 AM,+07:00,4133.6,4133.6,4132.1,4132.1,55,57,57,0,1.25,55,0,0,57,11,19.2982456140351,45,78.9473684210526,-34,-59.6491228070175,0,0,0,0,-34,75,0,1.03636363636364,0,0,0,0,0,0,0,0,0,0,
7/23/2026 10:28:00 AM,+07:00,4132.1,4132.8,4131.8,4132.8,11,11,11,0,0.9,11,0,0,11,4,36.3636363636364,7,63.6363636363636,-3,-27.2727272727273,0,0,0,0,-3,72,0,1,0,0,0,0,0,0,0,0,0,0,
7/23/2026 10:29:00 AM,+07:00,4132.8,4133.1,4132.2,4132.2,11,11,11,0,1.3,11,0,0,11,2,18.1818181818182,8,72.7272727272727,-6,-54.5454545454545,0,0,0,0,-6,66,0,1,0,0,0,0,0,0,0,0,0,0,
7/23/2026 10:30:00 AM,+07:00,4132.8,4132.8,4130.7,4132.8,52,68,68,0,0.05,52,0,0,68,25,36.7647058823529,42,61.7647058823529,-17,-25,0,0,0,0,-17,49,0,1.30769230769231,0,0,0,0,0,0,0,0,0,0,
7/23/2026 10:31:00 AM,+07:00,4132.5,4132.7,4131.9,4131.9,18,18,18,0,0.4,18,0,0,18,10,55.5555555555556,8,44.4444444444444,2,11.1111111111111,0,0,0,0,2,51,0,1,0,0,0,0,0,0,0,0,0,0,
7/23/2026 10:32:00 AM,+07:00,4131.8,4132,4131.8,4132,2,2,2,0,1.25,2,0,0,2,2,100,0,0,2,100,0,0,0,0,2,53,0,1,0,0,0,0,0,0,0,0,0,0,
7/23/2026 10:33:00 AM,+07:00,4131.7,4132.2,4131.6,4132.1,7,7,7,0,0.5,7,0,0,7,1,14.2857142857143,4,57.1428571428571,-3,-42.8571428571429,0,0,0,0,-3,50,0,1,0,0,0,0,0,0,0,0,0,0,
7/23/2026 10:34:00 AM,+07:00,4132.4,4132.7,4132.1,4132.7,5,5,5,0,-0.15,5,0,0,5,3,60,2,40,1,20,0,0,0,0,1,51,0,1,0,0,0,0,0,0,0,0,0,0,
7/23/2026 10:35:00 AM,+07:00,4132.6,4132.6,4132.4,4132.4,11,20,20,0,-1.45,11,0,0,20,2,10,18,90,-16,-80,0,0,0,0,-16,35,0,1.81818181818182,0,0,0,0,0,0,0,0,0,0,
7/23/2026 10:36:00 AM,+07:00,4132.9,4133.8,4132,4132,12,12,12,0,-1.55,12,0,0,12,5,41.6666666666667,6,50,-1,-8.33333333333333,0,0,0,0,-1,34,0,1,0,0,0,0,0,0,0,0,0,0,
7/23/2026 10:37:00 AM,+07:00,4131.8,4131.8,4131.2,4131.2,11,11,11,0,-2.75,11,0,0,11,2,18.1818181818182,8,72.7272727272727,-6,-54.5454545454545,0,0,0,0,-6,28,0,1,0,0,0,0,0,0,0,0,0,0,
7/23/2026 10:38:00 AM,+07:00,4131.6,4131.7,4131.5,4131.5,3,3,3,0,-3.35,3,0,0,3,0,0,2,66.6666666666666,-2,-66.6666666666666,0,0,0,0,-2,26,0,1,0,0,0,0,0,0,0,0,0,0,
7/23/2026 10:39:00 AM,+07:00,4131.8,4132.2,4131.3,4131.8,37,69,69,0,-1.8,37,0,0,69,48,69.5652173913044,21,30.4347826086957,27,39.1304347826087,0,0,0,0,27,53,0,1.86486486486486,0,0,0,0,0,0,0,0,0,0,
7/23/2026 10:40:00 AM,+07:00,4132.3,4132.4,4131.9,4132.4,14,14,14,0,-1.3,14,0,0,14,8,57.1428571428571,5,35.7142857142857,3,21.4285714285714,0,0,0,0,3,56,0,1,0,0,0,0,0,0,0,0,0,0,
7/23/2026 10:41:00 AM,+07:00,4132.1,4133.1,4131.8,4131.9,56,61,61,0,-1.05,56,0,0,61,30,49.1803278688525,31,50.8196721311475,-1,-1.63934426229508,0,0,0,0,-1,55,0,1.08928571428571,0,0,0,0,0,0,0,0,0,0,
7/23/2026 10:42:00 AM,+07:00,4132.3,4132.3,4129.2,4129.2,79,82,82,0,-3.7,79,0,0,82,20,24.390243902439,56,68.2926829268293,-36,-43.9024390243902,0,0,0,0,-36,19,0,1.0379746835443,0,0,0,0,0,0,0,0,0,0,
7/23/2026 10:43:00 AM,+07:00,4129.3,4129.9,4128.7,4129.3,70,79,79,0,-4.75,70,0,0,79,32,40.5063291139241,45,56.9620253164557,-13,-16.4556962025316,0,0,0,0,-13,6,0,1.12857142857143,0,0,0,0,0,0,0,0,0,0,
7/23/2026 10:44:00 AM,+07:00,4129.6,4131.9,4129.3,4131.4,45,47,47,0,-3.65,45,0,0,47,32,68.0851063829787,15,31.9148936170213,17,36.1702127659574,0,0,0,0,17,23,0,1.04444444444444,0,0,0,0,0,0,0,0,0,0,
7/23/2026 10:45:00 AM,+07:00,4131.1,4131.1,4130.5,4130.7,22,31,31,0,-3.15,22,0,0,31,18,58.0645161290323,13,41.9354838709677,5,16.1290322580645,0,0,0,0,5,28,0,1.40909090909091,0,0,0,0,0,0,0,0,0,0,
7/23/2026 10:46:00 AM,+07:00,4131,4131,4129.5,4129.5,10,12,12,0,-4.15,10,0,0,12,5,41.6666666666667,7,58.3333333333333,-2,-16.6666666666667,0,0,0,0,-2,26,0,1.2,0,0,0,0,0,0,0,0,0,0,
7/23/2026 10:47:00 AM,+07:00,4128.9,4129.1,4128.3,4128.3,13,13,13,0,-2.7,13,0,0,13,4,30.7692307692308,9,69.2307692307692,-5,-38.4615384615385,0,0,0,0,-5,21,0,1,0,0,0,0,0,0,0,0,0,0,
7/23/2026 10:48:00 AM,+07:00,4128,4128.5,4127.7,4127.9,18,21,21,0,-2.75,18,0,0,21,6,28.5714285714286,10,47.6190476190476,-4,-19.047619047619,0,0,0,0,-4,17,0,1.16666666666667,0,0,0,0,0,0,0,0,0,0,
7/23/2026 10:49:00 AM,+07:00,4127.8,4128.6,4127.8,4128.3,6,13,13,0,-2.7,6,0,0,13,4,30.7692307692308,9,69.2307692307692,-5,-38.4615384615385,0,0,0,0,-5,12,0,2.16666666666667,0,0,0,0,0,0,0,0,0,0,
7/23/2026 10:50:00 AM,+07:00,4128.1,4128.1,4128.1,4128.1,1,1,1,0,-1.9,1,0,0,1,0,0,1,100,-1,-100,0,0,0,0,-1,11,0,1,0,0,0,0,0,0,0,0,0,0,
7/23/2026 10:51:00 AM,+07:00,4128,4128.2,4127.7,4127.7,10,10,10,0,-1.9,10,0,0,10,5,50,3,30,2,20,0,0,0,0,2,13,0,1,0,0,0,0,0,0,0,0,0,0,
7/23/2026 10:52:00 AM,+07:00,4128,4128.5,4127.5,4128.2,28,35,35,0,-0.9,28,0,0,35,28,80,6,17.1428571428571,22,62.8571428571428,0,0,0,0,22,35,0,1.25,0,0,0,0,0,0,0,0,0,0,
7/23/2026 10:53:00 AM,+07:00,4128.1,4128.1,4127.9,4127.9,3,3,3,0,-0.9,3,0,0,3,0,0,3,100,-3,-100,0,0,0,0,-3,32,0,1,0,0,0,0,0,0,0,0,0,0,
7/23/2026 10:54:00 AM,+07:00,4128.3,4128.6,4128.1,4128.5,10,10,10,0,-1.05,10,0,0,10,4,40,6,60,-2,-20,0,0,0,0,-2,30,0,1,0,0,0,0,0,0,0,0,0,0,
7/23/2026 10:55:00 AM,+07:00,4128.2,4128.2,4127.8,4128.1,4,5,5,0,-0.3,4,0,0,5,2,40,3,60,-1,-20,0,0,0,0,-1,29,0,1.25,0,0,0,0,0,0,0,0,0,0,
7/23/2026 10:56:00 AM,+07:00,4127.8,4127.8,4127.2,4127.2,4,4,4,0,-0.45,4,0,0,4,0,0,4,100,-4,-100,0,0,0,0,-4,25,0,1,0,0,0,0,0,0,0,0,0,0,
7/23/2026 10:57:00 AM,+07:00,4127.5,4128.7,4127.5,4128.5,11,13,13,0,-0.3,11,0,0,13,5,38.4615384615385,8,61.5384615384615,-3,-23.0769230769231,0,0,0,0,-3,22,0,1.18181818181818,0,0,0,0,0,0,0,0,0,0,
7/23/2026 10:58:00 AM,+07:00,4128.2,4128.6,4127.6,4127.6,14,14,14,0,-0.1,14,0,0,14,8,57.1428571428571,6,42.8571428571429,2,14.2857142857143,0,0,0,0,2,24,0,1,0,0,0,0,0,0,0,0,0,0,
7/23/2026 10:59:00 AM,+07:00,4127.1,4127.5,4127.1,4127.1,5,5,5,0,-1.4,5,0,0,5,3,60,2,40,1,20,0,0,0,0,1,25,0,1,0,0,0,0,0,0,0,0,0,0,
7/23/2026 11:00:00 AM,+07:00,4127.7,4127.7,4126.4,4126.5,14,14,14,0,-1.85,14,0,0,14,4,28.5714285714286,10,71.4285714285714,-6,-42.8571428571429,0,0,0,0,-6,19,0,1,0,0,0,0,0,0,0,0,0,0,
7/23/2026 11:01:00 AM,+07:00,4127.1,4127.1,4126.8,4126.8,15,16,16,0,-2.2,15,0,0,16,4,25,12,75,-8,-50,0,0,0,0,-8,11,0,1.06666666666667,0,0,0,0,0,0,0,0,0,0,
7/23/2026 11:02:00 AM,+07:00,4127.3,4127.5,4126.5,4126.5,13,22,22,0,-0.7,13,0,0,22,8,36.3636363636364,14,63.6363636363636,-6,-27.2727272727273,0,0,0,0,-6,5,0,1.69230769230769,0,0,0,0,0,0,0,0,0,0,
7/23/2026 11:03:00 AM,+07:00,4126.7,4126.8,4125.4,4125.4,17,20,20,0,-0.95,17,0,0,20,0,0,18,90,-18,-90,0,0,0,0,-18,-13,0,1.17647058823529,0,0,0,0,0,0,0,0,0,0,
7/23/2026 11:04:00 AM,+07:00,4125.3,4126.4,4125.2,4126.1,33,33,33,0,-1.5,33,0,0,33,19,57.5757575757576,13,39.3939393939394,6,18.1818181818182,0,0,0,0,6,-7,0,1,0,0,0,0,0,0,0,0,0,0,
7/23/2026 11:05:00 AM,+07:00,4126.1,4126.3,4124.8,4125.7,29,29,29,0,-2,29,0,0,29,11,37.9310344827586,16,55.1724137931034,-5,-17.2413793103448,0,0,0,0,-5,-12,0,1,0,0,0,0,0,0,0,0,0,0,
7/23/2026 11:06:00 AM,+07:00,4125.1,4125.8,4124.9,4125.8,10,10,10,0,-2.05,10,0,0,10,3,30,6,60,-3,-30,0,0,0,0,-3,-15,0,1,0,0,0,0,0,0,0,0,0,0,
7/23/2026 11:07:00 AM,+07:00,4125.7,4127.3,4125.7,4127.1,17,17,17,0,-1.45,17,0,0,17,12,70.5882352941176,5,29.4117647058824,7,41.1764705882353,0,0,0,0,7,-8,0,1,0,0,0,0,0,0,0,0,0,0,
7/23/2026 11:08:00 AM,+07:00,4127.7,4127.7,4127.2,4127.5,7,7,7,0,-1.2,7,0,0,7,3,42.8571428571429,2,28.5714285714286,1,14.2857142857143,0,0,0,0,1,-7,0,1,0,0,0,0,0,0,0,0,0,0,
7/23/2026 11:09:00 AM,+07:00,4128,4128.2,4127.6,4127.7,19,26,26,0,-1.55,19,0,0,26,6,23.0769230769231,18,69.2307692307692,-12,-46.1538461538462,0,0,0,0,-12,-19,0,1.36842105263158,0,0,0,0,0,0,0,0,0,0,
7/23/2026 11:10:00 AM,+07:00,4127.7,4128.1,4126.4,4126.9,34,36,36,0,-1.15,34,0,0,36,21,58.3333333333333,14,38.8888888888889,7,19.4444444444444,0,0,0,0,7,-12,0,1.05882352941176,0,0,0,0,0,0,0,0,0,0,
7/23/2026 11:11:00 AM,+07:00,4127.4,4127.4,4126.5,4126.5,7,11,11,0,-1.6,7,0,0,11,2,18.1818181818182,9,81.8181818181818,-7,-63.6363636363636,0,0,0,0,-7,-19,0,1.57142857142857,0,0,0,0,0,0,0,0,0,0,
7/23/2026 11:12:00 AM,+07:00,4126.8,4128,4126.8,4128,9,9,9,0,-2.3,9,0,0,9,8,88.8888888888889,0,0,8,88.8888888888889,0,0,0,0,8,-11,0,1,0,0,0,0,0,0,0,0,0,0,
7/23/2026 11:13:00 AM,+07:00,4128.5,4129.7,4128.5,4129.5,15,16,16,0,-1.85,15,0,0,16,11,68.75,5,31.25,6,37.5,0,0,0,0,6,-5,0,1.06666666666667,0,0,0,0,0,0,0,0,0,0,
7/23/2026 11:14:00 AM,+07:00,4130,4130,4129.5,4129.9,9,9,9,0,-1.7,9,0,0,9,3,33.3333333333333,2,22.2222222222222,1,11.1111111111111,0,0,0,0,1,-4,0,1,0,0,0,0,0,0,0,0,0,0,
7/23/2026 11:15:00 AM,+07:00,4130.6,4130.6,4129.9,4130.3,45,55,55,0,-2.1,45,0,0,55,22,40,31,56.3636363636364,-9,-16.3636363636364,0,0,0,0,-9,-13,0,1.22222222222222,0,0,0,0,0,0,0,0,0,0,
7/23/2026 11:16:00 AM,+07:00,4130,4130.4,4129.6,4129.6,13,13,13,0,-2.3,13,0,0,13,2,15.3846153846154,10,76.9230769230769,-8,-61.5384615384615,0,0,0,0,-8,-21,0,1,0,0,0,0,0,0,0,0,0,0,
7/23/2026 11:17:00 AM,+07:00,4128.6,4128.9,4127.9,4128,6,6,6,0,-2,6,0,0,6,4,66.6666666666666,1,16.6666666666667,3,50,0,0,0,0,3,-18,0,1,0,0,0,0,0,0,0,0,0,0,
7/23/2026 11:18:00 AM,+07:00,4127.9,4128.3,4127.6,4128.3,9,9,9,0,-1.85,9,0,0,9,7,77.7777777777778,2,22.2222222222222,5,55.5555555555556,0,0,0,0,5,-13,0,1,0,0,0,0,0,0,0,0,0,0,
7/23/2026 11:19:00 AM,+07:00,4128.5,4128.9,4127.6,4128.2,11,13,13,0,-1.95,11,0,0,13,6,46.1538461538462,7,53.8461538461538,-1,-7.69230769230769,0,0,0,0,-1,-14,0,1.18181818181818,0,0,0,0,0,0,0,0,0,0,
7/23/2026 11:20:00 AM,+07:00,4128,4129.1,4128,4128.6,10,11,11,0,-1.5,10,0,0,11,7,63.6363636363636,4,36.3636363636364,3,27.2727272727273,0,0,0,0,3,-11,0,1.1,0,0,0,0,0,0,0,0,0,0,
7/23/2026 11:21:00 AM,+07:00,4128.4,4129.8,4128.4,4129.8,11,11,11,0,-1.05,11,0,0,11,6,54.5454545454545,5,45.4545454545455,1,9.09090909090909,0,0,0,0,1,-10,0,1,0,0,0,0,0,0,0,0,0,0,
7/23/2026 11:22:00 AM,+07:00,4130.3,4131.5,4129.9,4131.5,16,16,16,0,-0.2,16,0,0,16,13,81.25,2,12.5,11,68.75,0,0,0,0,11,1,0,1,0,0,0,0,0,0,0,0,0,0,
7/23/2026 11:23:00 AM,+07:00,4131.7,4131.7,4130.7,4131.1,24,27,27,0,0.3,24,0,0,27,9,33.3333333333333,17,62.962962962963,-8,-29.6296296296296,0,0,0,0,-8,-7,0,1.125,0,0,0,0,0,0,0,0,0,0,
7/23/2026 11:24:00 AM,+07:00,4131.1,4131.1,4130.4,4130.6,10,10,10,0,-0.15,10,0,0,10,3,30,6,60,-3,-30,0,0,0,0,-3,-10,0,1,0,0,0,0,0,0,0,0,0,0,
7/23/2026 11:25:00 AM,+07:00,4130.7,4131.5,4130.2,4131.3,35,44,44,0,0,35,0,0,44,20,45.4545454545455,22,50,-2,-4.54545454545455,0,0,0,0,-2,-12,0,1.25714285714286,0,0,0,0,0,0,0,0,0,0,
7/23/2026 11:26:00 AM,+07:00,4131.1,4131.7,4130.7,4131.3,13,13,13,0,-0.2,13,0,0,13,3,23.0769230769231,10,76.9230769230769,-7,-53.8461538461538,0,0,0,0,-7,-19,0,1,0,0,0,0,0,0,0,0,0,0,
7/23/2026 11:27:00 AM,+07:00,4131.4,4131.4,4131,4131,3,3,3,0,-0.5,3,0,0,3,2,66.6666666666666,1,33.3333333333333,1,33.3333333333333,0,0,0,0,1,-18,0,1,0,0,0,0,0,0,0,0,0,0,
7/23/2026 11:28:00 AM,+07:00,4131.1,4131.1,4130.9,4130.9,2,2,2,0,-0.65,2,0,0,2,0,0,2,100,-2,-100,0,0,0,0,-2,-20,0,1,0,0,0,0,0,0,0,0,0,0,
7/23/2026 11:29:00 AM,+07:00,4130.7,4132.5,4129.8,4132.5,31,31,31,0,0.6,31,0,0,31,22,70.9677419354839,9,29.0322580645161,13,41.9354838709677,0,0,0,0,13,-7,0,1,0,0,0,0,0,0,0,0,0,0,
7/23/2026 11:30:00 AM,+07:00,4132.3,4132.9,4130,4130.4,71,77,77,0,0.6,71,0,0,77,41,53.2467532467532,34,44.1558441558442,7,9.09090909090909,0,0,0,0,7,0,0,1.08450704225352,0,0,0,0,0,0,0,0,0,0,
7/23/2026 11:31:00 AM,+07:00,4130.1,4130.4,4128.5,4128.6,15,15,15,0,0.75,15,0,0,15,5,33.3333333333333,9,60,-4,-26.6666666666667,0,0,0,0,-4,-4,0,1,0,0,0,0,0,0,0,0,0,0,
7/23/2026 11:32:00 AM,+07:00,4128.6,4128.7,4128.1,4128.4,13,13,13,0,0,13,0,0,13,3,23.0769230769231,10,76.9230769230769,-7,-53.8461538461538,0,0,0,0,-7,-11,0,1,0,0,0,0,0,0,0,0,0,0,
7/23/2026 11:33:00 AM,+07:00,4129.1,4129.5,4128.6,4129,18,19,19,0,-0.35,18,0,0,19,9,47.3684210526316,10,52.6315789473684,-1,-5.26315789473684,0,0,0,0,-1,-12,0,1.05555555555556,0,0,0,0,0,0,0,0,0,0,
7/23/2026 11:34:00 AM,+07:00,4129,4129.8,4129,4129.6,8,8,8,0,-0.25,8,0,0,8,5,62.5,2,25,3,37.5,0,0,0,0,3,-9,0,1,0,0,0,0,0,0,0,0,0,0,
7/23/2026 11:35:00 AM,+07:00,4129.5,4129.6,4128.9,4129.4,20,36,36,0,0.9,20,0,0,36,25,69.4444444444444,11,30.5555555555556,14,38.8888888888889,0,0,0,0,14,5,0,1.8,0,0,0,0,0,0,0,0,0,0,
7/23/2026 11:36:00 AM,+07:00,4129.4,4129.7,4129.2,4129.2,9,9,9,0,1.05,9,0,0,9,2,22.2222222222222,7,77.7777777777778,-5,-55.5555555555556,0,0,0,0,-5,0,0,1,0,0,0,0,0,0,0,0,0,0,
7/23/2026 11:37:00 AM,+07:00,4129.9,4130,4129.6,4129.6,3,3,3,0,0.85,3,0,0,3,1,33.3333333333333,2,66.6666666666666,-1,-33.3333333333333,0,0,0,0,-1,-1,0,1,0,0,0,0,0,0,0,0,0,0,
7/23/2026 11:38:00 AM,+07:00,4129.6,4129.6,4128.8,4129.3,14,14,14,0,0.3,14,0,0,14,4,28.5714285714286,10,71.4285714285714,-6,-42.8571428571429,0,0,0,0,-6,-7,0,1,0,0,0,0,0,0,0,0,0,0,
7/23/2026 11:39:00 AM,+07:00,4129.4,4129.4,4128.5,4128.5,27,35,35,0,-0.1,27,0,0,35,13,37.1428571428571,22,62.8571428571428,-9,-25.7142857142857,0,0,0,0,-9,-16,0,1.2962962962963,0,0,0,0,0,0,0,0,0,0,
7/23/2026 11:40:00 AM,+07:00,4128.2,4128.2,4127.4,4127.4,34,34,34,0,-0.85,34,0,0,34,10,29.4117647058824,22,64.7058823529412,-12,-35.2941176470588,0,0,0,0,-12,-28,0,1,0,0,0,0,0,0,0,0,0,0,
7/23/2026 11:41:00 AM,+07:00,4127.6,4127.6,4126.2,4126.4,26,27,27,0,-1.65,26,0,0,27,6,22.2222222222222,21,77.7777777777778,-15,-55.5555555555556,0,0,0,0,-15,-43,0,1.03846153846154,0,0,0,0,0,0,0,0,0,0,
7/23/2026 11:42:00 AM,+07:00,4126.5,4126.7,4125.8,4126.4,24,26,26,0,-2.65,24,0,0,26,8,30.7692307692308,17,65.3846153846154,-9,-34.6153846153846,0,0,0,0,-9,-52,0,1.08333333333333,0,0,0,0,0,0,0,0,0,0,
7/23/2026 11:43:00 AM,+07:00,4126.3,4126.3,4126.3,4126.3,3,3,3,0,-2.3,3,0,0,3,1,33.3333333333333,2,66.6666666666666,-1,-33.3333333333333,0,0,0,0,-1,-53,0,1,0,0,0,0,0,0,0,0,0,0,
7/23/2026 11:44:00 AM,+07:00,4126.1,4126.6,4125.5,4125.8,44,54,54,0,-3.25,44,0,0,54,16,29.6296296296296,38,70.3703703703704,-22,-40.7407407407407,0,0,0,0,-22,-75,0,1.22727272727273,0,0,0,0,0,0,0,0,0,0,
7/23/2026 11:45:00 AM,+07:00,4125.5,4125.9,4124,4125.7,37,39,39,0,-3.75,37,0,0,39,13,33.3333333333333,25,64.1025641025641,-12,-30.7692307692308,0,0,0,0,-12,-87,0,1.05405405405405,0,0,0,0,0,0,0,0,0,0,
7/23/2026 11:46:00 AM,+07:00,4125.9,4126.4,4125.5,4126,27,30,30,0,-3.25,27,0,0,30,16,53.3333333333333,13,43.3333333333333,3,10,0,0,0,0,3,-84,0,1.11111111111111,0,0,0,0,0,0,0,0,0,0,
7/23/2026 11:47:00 AM,+07:00,4125.6,4126.6,4125.6,4126.6,3,3,3,0,-3.35,3,0,0,3,1,33.3333333333333,2,66.6666666666666,-1,-33.3333333333333,0,0,0,0,-1,-85,0,1,0,0,0,0,0,0,0,0,0,0,
7/23/2026 11:48:00 AM,+07:00,4126.3,4126.3,4124.8,4125.4,12,12,12,0,-3.35,12,0,0,12,5,41.6666666666667,7,58.3333333333333,-2,-16.6666666666667,0,0,0,0,-2,-87,0,1,0,0,0,0,0,0,0,0,0,0,
7/23/2026 11:49:00 AM,+07:00,4125,4125,4124.4,4124.6,11,11,11,0,-4,11,0,0,11,5,45.4545454545455,5,45.4545454545455,0,0,0,0,0,0,0,-87,0,1,0,0,0,0,0,0,0,0,0,0,
7/23/2026 11:50:00 AM,+07:00,4124.5,4125,4124.5,4125,4,4,4,0,-4.25,4,0,0,4,3,75,1,25,2,50,0,0,0,0,2,-85,0,1,0,0,0,0,0,0,0,0,0,0,
7/23/2026 11:51:00 AM,+07:00,4124.5,4124.5,4124.1,4124.1,10,12,12,0,-4.65,10,0,0,12,0,0,12,100,-12,-100,0,0,0,0,-12,-97,0,1.2,0,0,0,0,0,0,0,0,0,0,
7/23/2026 11:52:00 AM,+07:00,4124.3,4124.3,4123,4123.2,24,24,24,0,-4.6,24,0,0,24,9,37.5,15,62.5,-6,-25,0,0,0,0,-6,-103,0,1,0,0,0,0,0,0,0,0,0,0,
7/23/2026 11:53:00 AM,+07:00,4122.7,4123.5,4122.6,4123.5,6,6,6,0,-4.85,6,0,0,6,0,0,6,100,-6,-100,0,0,0,0,-6,-109,0,1,0,0,0,0,0,0,0,0,0,0,
7/23/2026 11:54:00 AM,+07:00,4123.4,4124,4122.9,4123.2,11,11,11,0,-5.15,11,0,0,11,4,36.3636363636364,7,63.6363636363636,-3,-27.2727272727273,0,0,0,0,-3,-112,0,1,0,0,0,0,0,0,0,0,0,0,
7/23/2026 11:55:00 AM,+07:00,4123.5,4123.5,4122.6,4122.9,5,5,5,0,-5.9,5,0,0,5,2,40,3,60,-1,-20,0,0,0,0,-1,-113,0,1,0,0,0,0,0,0,0,0,0,0,
7/23/2026 11:56:00 AM,+07:00,4122.8,4123.1,4122.5,4122.7,16,17,17,0,-5.5,16,0,0,17,10,58.8235294117647,7,41.1764705882353,3,17.6470588235294,0,0,0,0,3,-110,0,1.0625,0,0,0,0,0,0,0,0,0,0,
7/23/2026 11:57:00 AM,+07:00,4123,4123.6,4123,4123.6,4,5,5,0,-5.3,4,0,0,5,4,80,1,20,3,60,0,0,0,0,3,-107,0,1.25,0,0,0,0,0,0,0,0,0,0,
7/23/2026 11:58:00 AM,+07:00,4123.8,4124.2,4123.4,4124.2,9,9,9,0,-5.15,9,0,0,9,3,33.3333333333333,6,66.6666666666666,-3,-33.3333333333333,0,0,0,0,-3,-110,0,1,0,0,0,0,0,0,0,0,0,0,
7/23/2026 11:59:00 AM,+07:00,4124,4124,4123.6,4123.8,7,7,7,0,-4.65,7,0,0,7,4,57.1428571428571,3,42.8571428571429,1,14.2857142857143,0,0,0,0,1,-109,0,1,0,0,0,0,0,0,0,0,0,0,
7/23/2026 12:00:00 PM,+07:00,4124,4125.2,4123.5,4123.6,54,67,67,0,-5.3,54,0,0,67,21,31.3432835820896,46,68.6567164179104,-25,-37.3134328358209,0,0,0,0,-25,-134,0,1.24074074074074,0,0,0,0,0,0,0,0,0,0,
7/23/2026 12:01:00 PM,+07:00,4124,4124.8,4122.6,4123.1,46,61,61,0,-4.1,46,0,0,61,35,57.3770491803279,26,42.6229508196721,9,14.7540983606557,0,0,0,0,9,-125,0,1.32608695652174,0,0,0,0,0,0,0,0,0,0,
7/23/2026 12:02:00 PM,+07:00,4122.9,4123.3,4122.7,4123.3,5,5,5,0,-3.65,5,0,0,5,2,40,2,40,0,0,0,0,0,0,0,-125,0,1,0,0,0,0,0,0,0,0,0,0,
7/23/2026 12:03:00 PM,+07:00,4123.2,4123.2,4121.6,4122.3,52,52,52,0,-4.9,52,0,0,52,13,25,39,75,-26,-50,0,0,0,0,-26,-151,0,1,0,0,0,0,0,0,0,0,0,0,
7/23/2026 12:04:00 PM,+07:00,4122.3,4123.1,4122,4123.1,40,42,42,0,-3.05,40,0,0,42,28,66.6666666666666,13,30.952380952381,15,35.7142857142857,0,0,0,0,15,-136,0,1.05,0,0,0,0,0,0,0,0,0,0,
7/23/2026 12:05:00 PM,+07:00,4123.3,4123.7,4123.1,4123.6,11,16,16,0,-2.75,11,0,0,16,4,25,10,62.5,-6,-37.5,0,0,0,0,-6,-142,0,1.45454545454545,0,0,0,0,0,0,0,0,0,0,
7/23/2026 12:06:00 PM,+07:00,4123.1,4124,4123.1,4124,10,12,12,0,-3,10,0,0,12,5,41.6666666666667,7,58.3333333333333,-2,-16.6666666666667,0,0,0,0,-2,-144,0,1.2,0,0,0,0,0,0,0,0,0,0,
7/23/2026 12:07:00 PM,+07:00,4124.2,4126.8,4124.2,4126.2,33,35,35,0,-2.1,33,0,0,35,26,74.2857142857143,9,25.7142857142857,17,48.5714285714286,0,0,0,0,17,-127,0,1.06060606060606,0,0,0,0,0,0,0,0,0,0,
7/23/2026 12:08:00 PM,+07:00,4125.8,4126.6,4125.8,4126.1,18,18,18,0,-1.95,18,0,0,18,9,50,8,44.4444444444444,1,5.55555555555556,0,0,0,0,1,-126,0,1,0,0,0,0,0,0,0,0,0,0,
7/23/2026 12:09:00 PM,+07:00,4126.5,4126.5,4125.7,4126.5,10,10,10,0,-2,10,0,0,10,4,40,5,50,-1,-10,0,0,0,0,-1,-127,0,1,0,0,0,0,0,0,0,0,0,0,
7/23/2026 12:10:00 PM,+07:00,4126.4,4126.4,4126.4,4126.4,2,2,2,0,-2.05,2,0,0,2,1,50,0,0,1,50,0,0,0,0,1,-126,0,1,0,0,0,0,0,0,0,0,0,0,
7/23/2026 12:11:00 PM,+07:00,4126.7,4127.5,4126.6,4127.4,46,49,49,0,-0.1,46,0,0,49,38,77.5510204081633,11,22.4489795918367,27,55.1020408163265,0,0,0,0,27,-99,0,1.06521739130435,0,0,0,0,0,0,0,0,0,0,
7/23/2026 12:12:00 PM,+07:00,4127,4127,4125.9,4126.8,27,44,44,0,0.3,27,0,0,44,23,52.2727272727273,21,47.7272727272727,2,4.54545454545455,0,0,0,0,2,-97,0,1.62962962962963,0,0,0,0,0,0,0,0,0,0,
7/23/2026 12:13:00 PM,+07:00,4126.9,4126.9,4126.9,4126.9,3,3,3,0,0.45,3,0,0,3,0,0,3,100,-3,-100,0,0,0,0,-3,-100,0,1,0,0,0,0,0,0,0,0,0,0,
7/23/2026 12:14:00 PM,+07:00,4127.4,4127.5,4127.1,4127.1,4,4,4,0,0.75,4,0,0,4,3,75,0,0,3,75,0,0,0,0,3,-97,0,1,0,0,0,0,0,0,0,0,0,0,
7/23/2026 12:15:00 PM,+07:00,4126.9,4126.9,4124.9,4125.2,25,25,25,0,0.4,25,0,0,25,8,32,16,64,-8,-32,0,0,0,0,-8,-105,0,1,0,0,0,0,0,0,0,0,0,0,
7/23/2026 12:16:00 PM,+07:00,4124.9,4124.9,4124.1,4124.6,24,25,25,0,-0.3,24,0,0,25,7,28,18,72,-11,-44,0,0,0,0,-11,-116,0,1.04166666666667,0,0,0,0,0,0,0,0,0,0,
7/23/2026 12:17:00 PM,+07:00,4124.3,4124.5,4124.1,4124.1,8,8,8,0,-0.6,8,0,0,8,2,25,5,62.5,-3,-37.5,0,0,0,0,-3,-119,0,1,0,0,0,0,0,0,0,0,0,0,
7/23/2026 12:18:00 PM,+07:00,4124.5,4125.6,4124.5,4125.3,16,17,17,0,-0.7,16,0,0,17,6,35.2941176470588,11,64.7058823529412,-5,-29.4117647058824,0,0,0,0,-5,-124,0,1.0625,0,0,0,0,0,0,0,0,0,0,
7/23/2026 12:19:00 PM,+07:00,4125.4,4125.4,4123.7,4123.7,21,21,21,0,-1.65,21,0,0,21,0,0,18,85.7142857142857,-18,-85.7142857142857,0,0,0,0,-18,-142,0,1,0,0,0,0,0,0,0,0,0,0,
7/23/2026 12:20:00 PM,+07:00,4124.1,4124.8,4124.1,4124.8,9,9,9,0,-0.65,9,0,0,9,2,22.2222222222222,7,77.7777777777778,-5,-55.5555555555556,0,0,0,0,-5,-147,0,1,0,0,0,0,0,0,0,0,0,0,
7/23/2026 12:21:00 PM,+07:00,4124.7,4124.8,4124.6,4124.8,4,4,4,0,-1.2,4,0,0,4,1,25,3,75,-2,-50,0,0,0,0,-2,-149,0,1,0,0,0,0,0,0,0,0,0,0,
7/23/2026 12:22:00 PM,+07:00,4125.1,4125.5,4123.7,4123.7,31,32,32,0,-2.1,31,0,0,32,7,21.875,25,78.125,-18,-56.25,0,0,0,0,-18,-167,0,1.03225806451613,0,0,0,0,0,0,0,0,0,0,
7/23/2026 12:23:00 PM,+07:00,4123.3,4123.3,4122.6,4123,7,7,7,0,-0.8,7,0,0,7,3,42.8571428571429,3,42.8571428571429,0,0,0,0,0,0,0,-167,0,1,0,0,0,0,0,0,0,0,0,0,
7/23/2026 12:24:00 PM,+07:00,4122.7,4124.2,4122.4,4124.2,16,19,19,0,-1.7,16,0,0,19,7,36.8421052631579,10,52.6315789473684,-3,-15.7894736842105,0,0,0,0,-3,-170,0,1.1875,0,0,0,0,0,0,0,0,0,0,
7/23/2026 12:25:00 PM,+07:00,4124.2,4124.5,4124,4124.2,7,8,8,0,-1.2,7,0,0,8,6,75,2,25,4,50,0,0,0,0,4,-166,0,1.14285714285714,0,0,0,0,0,0,0,0,0,0,
7/23/2026 12:26:00 PM,+07:00,4124.4,4125.1,4124.4,4125.1,7,7,7,0,-1.15,7,0,0,7,3,42.8571428571429,4,57.1428571428571,-1,-14.2857142857143,0,0,0,0,-1,-167,0,1,0,0,0,0,0,0,0,0,0,0,
7/23/2026 12:27:00 PM,+07:00,4125.5,4126,4125.5,4126,6,6,6,0,-1.8,6,0,0,6,5,83.3333333333334,1,16.6666666666667,4,66.6666666666666,0,0,0,0,4,-163,0,1,0,0,0,0,0,0,0,0,0,0,
7/23/2026 12:28:00 PM,+07:00,4125.8,4126.3,4125.8,4126.3,6,6,6,0,-1.55,6,0,0,6,6,100,0,0,6,100,0,0,0,0,6,-157,0,1,0,0,0,0,0,0,0,0,0,0,
7/23/2026 12:29:00 PM,+07:00,4126,4128,4126,4128,21,22,22,0,-0.95,21,0,0,22,15,68.1818181818182,4,18.1818181818182,11,50,0,0,0,0,11,-146,0,1.04761904761905,0,0,0,0,0,0,0,0,0,0,
7/23/2026 12:30:00 PM,+07:00,4128.3,4131.1,4126,4130.8,132,144,144,0,-1.1,132,0,0,144,68,47.2222222222222,70,48.6111111111111,-2,-1.38888888888889,0,0,0,0,-2,-148,0,1.09090909090909,0,0,0,0,0,0,0,0,0,0,
7/23/2026 12:31:00 PM,+07:00,4130.9,4131.3,4129.9,4130.6,43,46,46,0,-1.75,43,0,0,46,29,63.0434782608696,15,32.6086956521739,14,30.4347826086957,0,0,0,0,14,-134,0,1.06976744186046,0,0,0,0,0,0,0,0,0,0,
7/23/2026 12:32:00 PM,+07:00,4130.6,4130.6,4127.5,4128.8,51,51,51,0,-2.25,51,0,0,51,21,41.1764705882353,29,56.8627450980392,-8,-15.6862745098039,0,0,0,0,-8,-142,0,1,0,0,0,0,0,0,0,0,0,0,
7/23/2026 12:33:00 PM,+07:00,4128.3,4130.1,4128.3,4130.1,50,78,78,0,-2.05,50,0,0,78,39,50,38,48.7179487179487,1,1.28205128205128,0,0,0,0,1,-141,0,1.56,0,0,0,0,0,0,0,0,0,0,
7/23/2026 12:34:00 PM,+07:00,4130.2,4130.8,4129.7,4130.1,34,34,34,0,-2.4,34,0,0,34,15,44.1176470588235,19,55.8823529411765,-4,-11.7647058823529,0,0,0,0,-4,-145,0,1,0,0,0,0,0,0,0,0,0,0,
7/23/2026 12:35:00 PM,+07:00,4130.3,4130.6,4129.4,4130.2,35,36,36,0,-1.45,35,0,0,36,23,63.8888888888889,12,33.3333333333333,11,30.5555555555556,0,0,0,0,11,-134,0,1.02857142857143,0,0,0,0,0,0,0,0,0,0,
7/23/2026 12:36:00 PM,+07:00,4130.4,4130.8,4130.2,4130.4,28,29,29,0,-0.85,28,0,0,29,14,48.2758620689655,13,44.8275862068966,1,3.44827586206896,0,0,0,0,1,-133,0,1.03571428571429,0,0,0,0,0,0,0,0,0,0,
7/23/2026 12:37:00 PM,+07:00,4130,4131.1,4129.7,4130.1,30,41,41,0,-1.25,30,0,0,41,14,34.1463414634146,25,60.9756097560976,-11,-26.8292682926829,0,0,0,0,-11,-144,0,1.36666666666667,0,0,0,0,0,0,0,0,0,0,
7/23/2026 12:38:00 PM,+07:00,4130.3,4130.3,4129.6,4129.6,7,8,8,0,-1.2,7,0,0,8,2,25,6,75,-4,-50,0,0,0,0,-4,-148,0,1.14285714285714,0,0,0,0,0,0,0,0,0,0,
7/23/2026 12:39:00 PM,+07:00,4129.5,4130.3,4129.1,4129.3,30,37,37,0,-0.65,30,0,0,37,15,40.5405405405405,22,59.4594594594595,-7,-18.9189189189189,0,0,0,0,-7,-155,0,1.23333333333333,0,0,0,0,0,0,0,0,0,0,
7/23/2026 12:40:00 PM,+07:00,4129,4129.4,4127.3,4128.1,37,37,37,0,-1.5,37,0,0,37,7,18.9189189189189,29,78.3783783783784,-22,-59.4594594594595,0,0,0,0,-22,-177,0,1,0,0,0,0,0,0,0,0,0,0,
7/23/2026 12:41:00 PM,+07:00,4127.8,4128.9,4127,4128.9,20,21,21,0,-1.95,20,0,0,21,5,23.8095238095238,16,76.1904761904762,-11,-52.3809523809524,0,0,0,0,-11,-188,0,1.05,0,0,0,0,0,0,0,0,0,0,
7/23/2026 12:42:00 PM,+07:00,4128.8,4128.8,4127.5,4128.3,22,22,22,0,-1.55,22,0,0,22,6,27.2727272727273,16,72.7272727272727,-10,-45.4545454545455,0,0,0,0,-10,-198,0,1,0,0,0,0,0,0,0,0,0,0,
7/23/2026 12:43:00 PM,+07:00,4128.1,4128.8,4127.8,4128.4,18,19,19,0,-1.55,18,0,0,19,7,36.8421052631579,7,36.8421052631579,0,0,0,0,0,0,0,-198,0,1.05555555555556,0,0,0,0,0,0,0,0,0,0,
7/23/2026 12:44:00 PM,+07:00,4128.4,4130.3,4128,4130.3,17,17,17,0,-1.05,17,0,0,17,12,70.5882352941176,5,29.4117647058824,7,41.1764705882353,0,0,0,0,7,-191,0,1,0,0,0,0,0,0,0,0,0,0,
7/23/2026 12:45:00 PM,+07:00,4130.4,4131.5,4129.7,4130.5,61,62,62,0,-0.5,61,0,0,62,38,61.2903225806452,23,37.0967741935484,15,24.1935483870968,0,0,0,0,15,-176,0,1.01639344262295,0,0,0,0,0,0,0,0,0,0,
7/23/2026 12:46:00 PM,+07:00,4130.6,4132.3,4130.5,4132.2,61,63,63,0,0.9,61,0,0,63,45,71.4285714285714,18,28.5714285714286,27,42.8571428571429,0,0,0,0,27,-149,0,1.0327868852459,0,0,0,0,0,0,0,0,0,0,
7/23/2026 12:47:00 PM,+07:00,4132.3,4133.4,4131.8,4132,53,55,55,0,0.15,53,0,0,55,21,38.1818181818182,32,58.1818181818182,-11,-20,0,0,0,0,-11,-160,0,1.0377358490566,0,0,0,0,0,0,0,0,0,0,
7/23/2026 12:48:00 PM,+07:00,4131.8,4131.8,4129.2,4129.5,13,13,13,0,-0.4,13,0,0,13,4,30.7692307692308,9,69.2307692307692,-5,-38.4615384615385,0,0,0,0,-5,-165,0,1,0,0,0,0,0,0,0,0,0,0,
7/23/2026 12:49:00 PM,+07:00,4129.4,4129.9,4129.1,4129.6,11,11,11,0,-0.8,11,0,0,11,7,63.6363636363636,4,36.3636363636364,3,27.2727272727273,0,0,0,0,3,-162,0,1,0,0,0,0,0,0,0,0,0,0,
7/23/2026 12:50:00 PM,+07:00,4129.2,4129.2,4126.7,4126.7,41,67,67,0,-3.3,41,0,0,67,7,10.4477611940298,59,88.0597014925373,-52,-77.6119402985075,0,0,0,0,-52,-214,0,1.63414634146341,0,0,0,0,0,0,0,0,0,0,
7/23/2026 12:51:00 PM,+07:00,4126.9,4127.8,4126.7,4127.5,23,35,35,0,-4.55,23,0,0,35,12,34.2857142857143,23,65.7142857142857,-11,-31.4285714285714,0,0,0,0,-11,-225,0,1.52173913043478,0,0,0,0,0,0,0,0,0,0,
7/23/2026 12:52:00 PM,+07:00,4128,4130,4128,4130,17,17,17,0,-3.7,17,0,0,17,13,76.4705882352941,4,23.5294117647059,9,52.9411764705882,0,0,0,0,9,-216,0,1,0,0,0,0,0,0,0,0,0,0,
7/23/2026 12:53:00 PM,+07:00,4129.7,4129.7,4129.1,4129.1,5,5,5,0,-3.7,5,0,0,5,3,60,2,40,1,20,0,0,0,0,1,-215,0,1,0,0,0,0,0,0,0,0,0,0,
7/23/2026 12:54:00 PM,+07:00,4128.9,4129,4128,4128,16,16,16,0,-3.7,16,0,0,16,6,37.5,10,62.5,-4,-25,0,0,0,0,-4,-219,0,1,0,0,0,0,0,0,0,0,0,0,
7/23/2026 12:55:00 PM,+07:00,4128.2,4128.3,4124.9,4125.9,52,54,54,0,-4.2,52,0,0,54,27,50,26,48.1481481481481,1,1.85185185185185,0,0,0,0,1,-218,0,1.03846153846154,0,0,0,0,0,0,0,0,0,0,
7/23/2026 12:56:00 PM,+07:00,4125.5,4125.6,4124,4124.7,58,61,61,0,-4.55,58,0,0,61,26,42.6229508196721,32,52.4590163934426,-6,-9.83606557377049,0,0,0,0,-6,-224,0,1.05172413793103,0,0,0,0,0,0,0,0,0,0,
7/23/2026 12:57:00 PM,+07:00,4124.5,4124.6,4123.3,4124.2,30,30,30,0,-4.15,30,0,0,30,12,40,15,50,-3,-10,0,0,0,0,-3,-227,0,1,0,0,0,0,0,0,0,0,0,0,
7/23/2026 12:58:00 PM,+07:00,4123.9,4125.3,4123.9,4125.3,16,16,16,0,-4.1,16,0,0,16,6,37.5,9,56.25,-3,-18.75,0,0,0,0,-3,-230,0,1,0,0,0,0,0,0,0,0,0,0,
7/23/2026 12:59:00 PM,+07:00,4125.4,4127.3,4125.4,4126.9,93,96,96,0,-1.5,93,0,0,96,70,72.9166666666666,25,26.0416666666667,45,46.875,0,0,0,0,45,-185,0,1.03225806451613,0,0,0,0,0,0,0,0,0,0,
7/23/2026 1:00:00 PM,+07:00,4127.1,4130.1,4126.7,4129.2,104,108,108,0,0.5,104,0,0,108,61,56.4814814814815,43,39.8148148148148,18,16.6666666666667,0,0,0,0,18,-167,0,1.03846153846154,0,0,0,0,0,0,0,0,0,0,
7/23/2026 1:01:00 PM,+07:00,4129.8,4131,4128.7,4129.3,60,62,62,0,-0.2,60,0,0,62,18,29.0322580645161,43,69.3548387096774,-25,-40.3225806451613,0,0,0,0,-25,-192,0,1.03333333333333,0,0,0,0,0,0,0,0,0,0,
7/23/2026 1:02:00 PM,+07:00,4128.9,4129.2,4126.2,4128,52,56,56,0,-0.4,52,0,0,56,21,37.5,35,62.5,-14,-25,0,0,0,0,-14,-206,0,1.07692307692308,0,0,0,0,0,0,0,0,0,0,
7/23/2026 1:03:00 PM,+07:00,4127.4,4129,4127.4,4128.5,28,28,28,0,-0.6,28,0,0,28,11,39.2857142857143,15,53.5714285714286,-4,-14.2857142857143,0,0,0,0,-4,-210,0,1,0,0,0,0,0,0,0,0,0,0,
7/23/2026 1:04:00 PM,+07:00,4128,4128,4126.7,4126.7,13,13,13,0,-1.05,13,0,0,13,5,38.4615384615385,7,53.8461538461538,-2,-15.3846153846154,0,0,0,0,-2,-212,0,1,0,0,0,0,0,0,0,0,0,0,
7/23/2026 1:05:00 PM,+07:00,4127,4127.5,4125.4,4126.5,38,42,42,0,-1.6,38,0,0,42,22,52.3809523809524,18,42.8571428571429,4,9.52380952380952,0,0,0,0,4,-208,0,1.10526315789474,0,0,0,0,0,0,0,0,0,0,
7/23/2026 1:06:00 PM,+07:00,4126,4126.1,4125.3,4125.5,24,30,30,0,-3.3,24,0,0,30,11,36.6666666666667,18,60,-7,-23.3333333333333,0,0,0,0,-7,-215,0,1.25,0,0,0,0,0,0,0,0,0,0,
7/23/2026 1:07:00 PM,+07:00,4125,4125.2,4124,4125.2,19,20,20,0,-2.85,19,0,0,20,8,40,10,50,-2,-10,0,0,0,0,-2,-217,0,1.05263157894737,0,0,0,0,0,0,0,0,0,0,
7/23/2026 1:08:00 PM,+07:00,4125,4125.4,4124.6,4125.4,22,23,23,0,-2.45,22,0,0,23,13,56.5217391304348,10,43.4782608695652,3,13.0434782608696,0,0,0,0,3,-214,0,1.04545454545455,0,0,0,0,0,0,0,0,0,0,
7/23/2026 1:09:00 PM,+07:00,4125.6,4126.7,4125.4,4125.4,11,11,11,0,-2.75,11,0,0,11,4,36.3636363636364,7,63.6363636363636,-3,-27.2727272727273,0,0,0,0,-3,-217,0,1,0,0,0,0,0,0,0,0,0,0,
7/23/2026 1:10:00 PM,+07:00,4126.3,4126.9,4126.3,4126.9,8,9,9,0,-0.3,8,0,0,9,3,33.3333333333333,6,66.6666666666666,-3,-33.3333333333333,0,0,0,0,-3,-220,0,1.125,0,0,0,0,0,0,0,0,0,0,
7/23/2026 1:12:00 PM,+07:00,4126.8,4126.8,4124.8,4125.4,12,13,13,0,0,12,0,0,13,4,30.7692307692308,9,69.2307692307692,-5,-38.4615384615385,0,0,0,0,-5,-225,0,1.08333333333333,0,0,0,0,0,0,0,0,0,0,
7/23/2026 1:13:00 PM,+07:00,4126.4,4126.5,4126.1,4126.1,4,4,4,0,-0.25,4,0,0,4,4,100,0,0,4,100,0,0,0,0,4,-221,0,1,0,0,0,0,0,0,0,0,0,0,
7/23/2026 1:14:00 PM,+07:00,4126.3,4126.7,4126,4126.3,8,8,8,0,-0.35,8,0,0,8,3,37.5,4,50,-1,-12.5,0,0,0,0,-1,-222,0,1,0,0,0,0,0,0,0,0,0,0,
7/23/2026 1:15:00 PM,+07:00,4126.1,4126.2,4125.4,4125.7,7,7,7,0,-0.2,7,0,0,7,3,42.8571428571429,4,57.1428571428571,-1,-14.2857142857143,0,0,0,0,-1,-223,0,1,0,0,0,0,0,0,0,0,0,0,
7/23/2026 1:16:00 PM,+07:00,4126.5,4126.6,4126.2,4126.6,4,5,5,0,-0.1,4,0,0,5,4,80,1,20,3,60,0,0,0,0,3,-220,0,1.25,0,0,0,0,0,0,0,0,0,0,
7/23/2026 1:17:00 PM,+07:00,4127,4128.5,4126.6,4128.5,17,17,17,0,0.45,17,0,0,17,11,64.7058823529412,6,35.2941176470588,5,29.4117647058824,0,0,0,0,5,-215,0,1,0,0,0,0,0,0,0,0,0,0,
7/23/2026 1:18:00 PM,+07:00,4128.8,4129.3,4128.2,4129.2,15,15,15,0,0.35,15,0,0,15,4,26.6666666666667,9,60,-5,-33.3333333333333,0,0,0,0,-5,-220,0,1,0,0,0,0,0,0,0,0,0,0,
7/23/2026 1:19:00 PM,+07:00,4129.2,4130.5,4129.2,4129.6,30,33,33,0,0.35,30,0,0,33,14,42.4242424242424,17,51.5151515151515,-3,-9.09090909090909,0,0,0,0,-3,-223,0,1.1,0,0,0,0,0,0,0,0,0,0,
7/23/2026 1:20:00 PM,+07:00,4129.5,4129.9,4128.5,4128.5,18,18,18,0,-2.05,18,0,0,18,7,38.8888888888889,10,55.5555555555556,-3,-16.6666666666667,0,0,0,0,-3,-226,0,1,0,0,0,0,0,0,0,0,0,0,
7/23/2026 1:21:00 PM,+07:00,4128.3,4128.8,4128.1,4128.1,14,14,14,0,-2.75,14,0,0,14,9,64.2857142857143,5,35.7142857142857,4,28.5714285714286,0,0,0,0,4,-222,0,1,0,0,0,0,0,0,0,0,0,0,
7/23/2026 1:22:00 PM,+07:00,4128.1,4128.1,4126.2,4126.4,15,16,16,0,-1.6,15,0,0,16,7,43.75,9,56.25,-2,-12.5,0,0,0,0,-2,-224,0,1.06666666666667,0,0,0,0,0,0,0,0,0,0,
7/23/2026 1:23:00 PM,+07:00,4126.9,4127.6,4126.9,4127.5,17,19,19,0,-1.3,17,0,0,19,5,26.3157894736842,13,68.421052631579,-8,-42.1052631578947,0,0,0,0,-8,-232,0,1.11764705882353,0,0,0,0,0,0,0,0,0,0,
7/23/2026 1:24:00 PM,+07:00,4127.6,4127.9,4127.4,4127.7,9,10,10,0,-0.7,9,0,0,10,9,90,1,10,8,80,0,0,0,0,8,-224,0,1.11111111111111,0,0,0,0,0,0,0,0,0,0,
7/23/2026 1:25:00 PM,+07:00,4127.6,4127.8,4126.3,4126.3,12,13,13,0,-0.75,12,0,0,13,5,38.4615384615385,8,61.5384615384615,-3,-23.0769230769231,0,0,0,0,-3,-227,0,1.08333333333333,0,0,0,0,0,0,0,0,0,0,
7/23/2026 1:26:00 PM,+07:00,4125.8,4125.8,4125.4,4125.7,16,18,18,0,-0.75,16,0,0,18,11,61.1111111111111,7,38.8888888888889,4,22.2222222222222,0,0,0,0,4,-223,0,1.125,0,0,0,0,0,0,0,0,0,0,
7/23/2026 1:27:00 PM,+07:00,4125,4126.6,4124.2,4126.6,47,48,48,0,-0.55,47,0,0,48,20,41.6666666666667,23,47.9166666666667,-3,-6.25,0,0,0,0,-3,-226,0,1.02127659574468,0,0,0,0,0,0,0,0,0,0,
7/23/2026 1:28:00 PM,+07:00,4125.9,4126.2,4125,4125,20,23,23,0,-0.7,20,0,0,23,9,39.1304347826087,14,60.8695652173913,-5,-21.7391304347826,0,0,0,0,-5,-231,0,1.15,0,0,0,0,0,0,0,0,0,0,
7/23/2026 1:29:00 PM,+07:00,4124.6,4125.2,4124,4124.9,36,39,39,0,-0.75,36,0,0,39,20,51.2820512820513,18,46.1538461538462,2,5.12820512820513,0,0,0,0,2,-229,0,1.08333333333333,0,0,0,0,0,0,0,0,0,0,
7/23/2026 1:30:00 PM,+07:00,4124.8,4126,4124.4,4125.6,32,38,38,0,0.15,32,0,0,38,26,68.421052631579,11,28.9473684210526,15,39.4736842105263,0,0,0,0,15,-214,0,1.1875,0,0,0,0,0,0,0,0,0,0,
7/23/2026 1:31:00 PM,+07:00,4125.8,4125.8,4123.9,4123.9,14,15,15,0,0.45,14,0,0,15,9,60,6,40,3,20,0,0,0,0,3,-211,0,1.07142857142857,0,0,0,0,0,0,0,0,0,0,
7/23/2026 1:32:00 PM,+07:00,4123.7,4124.6,4123.3,4124.1,25,27,27,0,0.85,25,0,0,27,15,55.5555555555556,12,44.4444444444444,3,11.1111111111111,0,0,0,0,3,-208,0,1.08,0,0,0,0,0,0,0,0,0,0,
7/23/2026 1:33:00 PM,+07:00,4124,4124.8,4124,4124.4,17,17,17,0,1.2,17,0,0,17,14,82.3529411764706,3,17.6470588235294,11,64.7058823529412,0,0,0,0,11,-197,0,1,0,0,0,0,0,0,0,0,0,0,
7/23/2026 1:34:00 PM,+07:00,4123.9,4125.7,4123.5,4125,37,39,39,0,1.65,37,0,0,39,23,58.974358974359,15,38.4615384615385,8,20.5128205128205,0,0,0,0,8,-189,0,1.05405405405405,0,0,0,0,0,0,0,0,0,0,
7/23/2026 1:35:00 PM,+07:00,4124.9,4126,4124.9,4124.9,28,29,29,0,1.75,28,0,0,29,15,51.7241379310345,14,48.2758620689655,1,3.44827586206896,0,0,0,0,1,-188,0,1.03571428571429,0,0,0,0,0,0,0,0,0,0,
7/23/2026 1:36:00 PM,+07:00,4125.2,4126.1,4125.1,4125.4,23,24,24,0,1.2,23,0,0,24,8,33.3333333333333,16,66.6666666666666,-8,-33.3333333333333,0,0,0,0,-8,-196,0,1.04347826086957,0,0,0,0,0,0,0,0,0,0,
7/23/2026 1:37:00 PM,+07:00,4125.7,4126.7,4125.4,4125.9,30,35,35,0,1.5,30,0,0,35,23,65.7142857142857,12,34.2857142857143,11,31.4285714285714,0,0,0,0,11,-185,0,1.16666666666667,0,0,0,0,0,0,0,0,0,0,
7/23/2026 1:38:00 PM,+07:00,4125.8,4125.8,4124.2,4125.4,53,55,55,0,1,53,0,0,55,20,36.3636363636364,35,63.6363636363636,-15,-27.2727272727273,0,0,0,0,-15,-200,0,1.0377358490566,0,0,0,0,0,0,0,0,0,0,
7/23/2026 1:39:00 PM,+07:00,4125.7,4125.9,4123.9,4123.9,34,51,51,0,2.4,34,0,0,51,38,74.5098039215686,13,25.4901960784314,25,49.0196078431372,0,0,0,0,25,-175,0,1.5,0,0,0,0,0,0,0,0,0,0,
7/23/2026 1:40:00 PM,+07:00,4123.1,4123.1,4120.8,4120.8,64,69,69,0,1.65,64,0,0,69,25,36.231884057971,43,62.3188405797101,-18,-26.0869565217391,0,0,0,0,-18,-193,0,1.078125,0,0,0,0,0,0,0,0,0,0,
7/23/2026 1:41:00 PM,+07:00,4121,4121.3,4119.5,4121.3,61,64,64,0,0.6,61,0,0,64,22,34.375,39,60.9375,-17,-26.5625,0,0,0,0,-17,-210,0,1.04918032786885,0,0,0,0,0,0,0,0,0,0,
7/23/2026 1:42:00 PM,+07:00,4121.4,4122.3,4121,4121.7,34,40,40,0,1,34,0,0,40,23,57.5,17,42.5,6,15,0,0,0,0,6,-204,0,1.17647058823529,0,0,0,0,0,0,0,0,0,0,
7/23/2026 1:43:00 PM,+07:00,4121.5,4123.2,4121.5,4123.2,19,19,19,0,1.65,19,0,0,19,12,63.1578947368421,7,36.8421052631579,5,26.3157894736842,0,0,0,0,5,-199,0,1,0,0,0,0,0,0,0,0,0,0,
7/23/2026 1:44:00 PM,+07:00,4123.5,4124.4,4122.5,4122.5,27,29,29,0,1.8,27,0,0,29,20,68.9655172413793,9,31.0344827586207,11,37.9310344827586,0,0,0,0,11,-188,0,1.07407407407407,0,0,0,0,0,0,0,0,0,0,
7/23/2026 1:45:00 PM,+07:00,4122.4,4124.5,4121.9,4124.5,55,80,80,0,1,55,0,0,80,30,37.5,49,61.25,-19,-23.75,0,0,0,0,-19,-207,0,1.45454545454545,0,0,0,0,0,0,0,0,0,0,
7/23/2026 1:46:00 PM,+07:00,4124.4,4124.7,4123.6,4124.2,29,57,57,0,-0.45,29,0,0,57,15,26.3157894736842,40,70.1754385964912,-25,-43.859649122807,0,0,0,0,-25,-232,0,1.96551724137931,0,0,0,0,0,0,0,0,0,0,
7/23/2026 1:47:00 PM,+07:00,4124.3,4124.5,4123.5,4123.7,33,50,50,0,-1.05,33,0,0,50,17,34,32,64,-15,-30,0,0,0,0,-15,-247,0,1.51515151515152,0,0,0,0,0,0,0,0,0,0,
7/23/2026 1:48:00 PM,+07:00,4123.9,4124.1,4123.2,4123.9,46,66,66,0,-1.2,46,0,0,66,29,43.9393939393939,37,56.0606060606061,-8,-12.1212121212121,0,0,0,0,-8,-255,0,1.43478260869565,0,0,0,0,0,0,0,0,0,0,
7/23/2026 1:49:00 PM,+07:00,4124.7,4125.1,4124.6,4125.1,8,10,10,0,-1,8,0,0,10,8,80,2,20,6,60,0,0,0,0,6,-249,0,1.25,0,0,0,0,0,0,0,0,0,0,
7/23/2026 1:50:00 PM,+07:00,4124.3,4124.9,4124.1,4124.9,17,17,17,0,-1.85,17,0,0,17,7,41.1764705882353,9,52.9411764705882,-2,-11.7647058823529,0,0,0,0,-2,-251,0,1,0,0,0,0,0,0,0,0,0,0,
7/23/2026 1:51:00 PM,+07:00,4124.7,4125.1,4124,4124,24,24,24,0,-1.4,24,0,0,24,18,75,6,25,12,50,0,0,0,0,12,-239,0,1,0,0,0,0,0,0,0,0,0,0,
7/23/2026 1:52:00 PM,+07:00,4123.7,4124,4122.8,4124,35,42,42,0,-0.8,35,0,0,42,28,66.6666666666666,13,30.952380952381,15,35.7142857142857,0,0,0,0,15,-224,0,1.2,0,0,0,0,0,0,0,0,0,0,
7/23/2026 1:53:00 PM,+07:00,4123.8,4124,4123.4,4123.7,10,12,12,0,-1.55,10,0,0,12,4,33.3333333333333,8,66.6666666666666,-4,-33.3333333333333,0,0,0,0,-4,-228,0,1.2,0,0,0,0,0,0,0,0,0,0,
7/23/2026 1:54:00 PM,+07:00,4123,4123.7,4122.8,4123.2,24,45,45,0,-2.95,24,0,0,45,12,26.6666666666667,32,71.1111111111111,-20,-44.4444444444444,0,0,0,0,-20,-248,0,1.875,0,0,0,0,0,0,0,0,0,0,
7/23/2026 1:55:00 PM,+07:00,4122.9,4123.3,4122.3,4122.5,25,28,28,0,-3.1,25,0,0,28,13,46.4285714285714,15,53.5714285714286,-2,-7.14285714285714,0,0,0,0,-2,-250,0,1.12,0,0,0,0,0,0,0,0,0,0,
7/23/2026 1:56:00 PM,+07:00,4122.6,4122.9,4122.4,4122.4,9,9,9,0,-2.45,9,0,0,9,7,77.7777777777778,2,22.2222222222222,5,55.5555555555556,0,0,0,0,5,-245,0,1,0,0,0,0,0,0,0,0,0,0,
7/23/2026 1:57:00 PM,+07:00,4122.1,4122.9,4122.1,4122.6,13,15,15,0,-2.85,13,0,0,15,9,60,6,40,3,20,0,0,0,0,3,-242,0,1.15384615384615,0,0,0,0,0,0,0,0,0,0,
7/23/2026 1:58:00 PM,+07:00,4122,4122.1,4120.5,4121,55,68,68,0,-3,55,0,0,68,22,32.3529411764706,40,58.8235294117647,-18,-26.4705882352941,0,0,0,0,-18,-260,0,1.23636363636364,0,0,0,0,0,0,0,0,0,0,
7/23/2026 1:59:00 PM,+07:00,4121,4121.8,4121,4121.6,18,18,18,0,-3.85,18,0,0,18,12,66.6666666666666,4,22.2222222222222,8,44.4444444444444,0,0,0,0,8,-252,0,1,0,0,0,0,0,0,0,0,0,0,
7/23/2026 2:00:00 PM,+07:00,4121.3,4122.2,4118.8,4120.4,121,129,129,0,-2.65,121,0,0,129,64,49.6124031007752,58,44.9612403100775,6,4.65116279069767,0,0,0,0,6,-246,0,1.06611570247934,0,0,0,0,0,0,0,0,0,0,
7/23/2026 2:01:00 PM,+07:00,4120.5,4120.7,4117,4117,100,113,113,0,-2.35,100,0,0,113,51,45.1327433628318,62,54.8672566371681,-11,-9.73451327433628,0,0,0,0,-11,-257,0,1.13,0,0,0,0,0,0,0,0,0,0,
7/23/2026 2:02:00 PM,+07:00,4117.1,4118.8,4117.1,4118.5,45,46,46,0,-2.4,45,0,0,46,25,54.3478260869565,20,43.4782608695652,5,10.8695652173913,0,0,0,0,5,-252,0,1.02222222222222,0,0,0,0,0,0,0,0,0,0,
7/23/2026 2:03:00 PM,+07:00,4118.4,4119,4117.8,4118.4,55,56,56,0,-2.75,55,0,0,56,22,39.2857142857143,24,42.8571428571429,-2,-3.57142857142857,0,0,0,0,-2,-254,0,1.01818181818182,0,0,0,0,0,0,0,0,0,0,
7/23/2026 2:04:00 PM,+07:00,4118.6,4119.5,4117.1,4117.8,42,48,48,0,-3.05,42,0,0,48,26,54.1666666666667,21,43.75,5,10.4166666666667,0,0,0,0,5,-249,0,1.14285714285714,0,0,0,0,0,0,0,0,0,0,
7/23/2026 2:05:00 PM,+07:00,4118.3,4119.2,4117.5,4118.4,42,47,47,0,-1.75,42,0,0,47,27,57.4468085106383,20,42.5531914893617,7,14.8936170212766,0,0,0,0,7,-242,0,1.11904761904762,0,0,0,0,0,0,0,0,0,0,
7/23/2026 2:06:00 PM,+07:00,4118.4,4118.4,4115.9,4116.1,57,77,77,0,-1.9,57,0,0,77,24,31.1688311688312,52,67.5324675324675,-28,-36.3636363636364,0,0,0,0,-28,-270,0,1.35087719298246,0,0,0,0,0,0,0,0,0,0,
7/23/2026 2:07:00 PM,+07:00,4116.1,4116.6,4114.3,4115.1,105,122,122,0,-1.55,105,0,0,122,56,45.9016393442623,64,52.4590163934426,-8,-6.55737704918033,0,0,0,0,-8,-278,0,1.16190476190476,0,0,0,0,0,0,0,0,0,0,
7/23/2026 2:08:00 PM,+07:00,4115.3,4115.6,4114.2,4115,38,40,40,0,-1.15,38,0,0,40,19,47.5,19,47.5,0,0,0,0,0,0,0,-278,0,1.05263157894737,0,0,0,0,0,0,0,0,0,0,
7/23/2026 2:09:00 PM,+07:00,4114.7,4114.7,4112.5,4113.3,92,107,107,0,-2.05,92,0,0,107,46,42.9906542056075,58,54.2056074766355,-12,-11.214953271028,0,0,0,0,-12,-290,0,1.16304347826087,0,0,0,0,0,0,0,0,0,0,
7/23/2026 2:10:00 PM,+07:00,4113.1,4113.1,4109.4,4109.7,175,242,242,0,-5.55,175,0,0,242,80,33.0578512396694,152,62.8099173553719,-72,-29.7520661157025,0,0,0,0,-72,-362,0,1.38285714285714,0,0,0,0,0,0,0,0,0,0,
7/23/2026 2:11:00 PM,+07:00,4110,4110,4108,4108.3,145,178,178,0,-6.95,145,0,0,178,77,43.2584269662921,93,52.247191011236,-16,-8.98876404494382,0,0,0,0,-16,-378,0,1.22758620689655,0,0,0,0,0,0,0,0,0,0,
7/23/2026 2:12:00 PM,+07:00,4108.1,4108.5,4104.9,4106,196,241,241,0,-11.1,196,0,0,241,82,34.0248962655602,150,62.2406639004149,-68,-28.2157676348548,0,0,0,0,-68,-446,0,1.22959183673469,0,0,0,0,0,0,0,0,0,0,
7/23/2026 2:13:00 PM,+07:00,4105.8,4107.3,4105,4106.3,125,134,134,0,-12,125,0,0,134,55,41.044776119403,77,57.4626865671642,-22,-16.4179104477612,0,0,0,0,-22,-468,0,1.072,0,0,0,0,0,0,0,0,0,0,
7/23/2026 2:14:00 PM,+07:00,4106,4110.7,4105.8,4109.6,119,163,163,0,-10.6,119,0,0,163,84,51.5337423312883,76,46.6257668711656,8,4.9079754601227,0,0,0,0,8,-460,0,1.36974789915966,0,0,0,0,0,0,0,0,0,0,
7/23/2026 2:15:00 PM,+07:00,4109.4,4111.4,4109.4,4110.9,97,102,102,0,-8.8,97,0,0,102,67,65.6862745098039,33,32.3529411764706,34,33.3333333333333,0,0,0,0,34,-426,0,1.05154639175258,0,0,0,0,0,0,0,0,0,0,
7/23/2026 2:16:00 PM,+07:00,4111.1,4114.9,4110,4114.8,97,98,98,0,-7.25,97,0,0,98,64,65.3061224489796,28,28.5714285714286,36,36.734693877551,0,0,0,0,36,-390,0,1.01030927835052,0,0,0,0,0,0,0,0,0,0,
7/23/2026 2:17:00 PM,+07:00,4114.9,4114.9,4111.9,4113.3,229,270,270,0,-6.8,229,0,0,270,138,51.1111111111111,126,46.6666666666667,12,4.44444444444444,0,0,0,0,12,-378,0,1.17903930131004,0,0,0,0,0,0,0,0,0,0,
7/23/2026 2:18:00 PM,+07:00,4113.3,4114,4111.3,4112.5,98,113,113,0,-3.7,98,0,0,113,78,69.0265486725664,34,30.0884955752212,44,38.9380530973451,0,0,0,0,44,-334,0,1.1530612244898,0,0,0,0,0,0,0,0,0,0,
7/23/2026 2:19:00 PM,+07:00,4112.3,4113.8,4111.6,4112.1,78,90,90,0,-4.3,78,0,0,90,42,46.6666666666667,46,51.1111111111111,-4,-4.44444444444444,0,0,0,0,-4,-338,0,1.15384615384615,0,0,0,0,0,0,0,0,0,0,
7/23/2026 2:20:00 PM,+07:00,4112,4112.6,4110.8,4111.6,67,82,82,0,-5.3,67,0,0,82,34,41.4634146341463,48,58.5365853658536,-14,-17.0731707317073,0,0,0,0,-14,-352,0,1.22388059701493,0,0,0,0,0,0,0,0,0,0,
7/23/2026 2:21:00 PM,+07:00,4111.3,4112.4,4110.8,4111.5,49,58,58,0,-4.05,49,0,0,58,34,58.6206896551724,20,34.4827586206897,14,24.1379310344828,0,0,0,0,14,-338,0,1.18367346938776,0,0,0,0,0,0,0,0,0,0,
7/23/2026 2:22:00 PM,+07:00,4111.4,4112.5,4111,4111.3,38,39,39,0,-3.65,38,0,0,39,26,66.6666666666666,13,33.3333333333333,13,33.3333333333333,0,0,0,0,13,-325,0,1.02631578947368,0,0,0,0,0,0,0,0,0,0,
7/23/2026 2:23:00 PM,+07:00,4111.8,4112,4110.3,4111.2,55,57,57,0,-3.3,55,0,0,57,31,54.3859649122807,26,45.6140350877193,5,8.7719298245614,0,0,0,0,5,-320,0,1.03636363636364,0,0,0,0,0,0,0,0,0,0,
7/23/2026 2:24:00 PM,+07:00,4110.9,4111.2,4108.1,4108.6,135,141,141,0,-2.45,135,0,0,141,80,56.7375886524823,58,41.1347517730496,22,15.6028368794326,0,0,0,0,22,-298,0,1.04444444444444,0,0,0,0,0,0,0,0,0,0,
7/23/2026 2:25:00 PM,+07:00,4108.3,4111.9,4108.3,4111.7,49,56,56,0,-2.8,49,0,0,56,25,44.6428571428571,25,44.6428571428571,0,0,0,0,0,0,0,-298,0,1.14285714285714,0,0,0,0,0,0,0,0,0,0,
7/23/2026 2:26:00 PM,+07:00,4112,4112.9,4111.1,4112.9,90,104,104,0,-0.3,90,0,0,104,61,58.6538461538462,39,37.5,22,21.1538461538462,0,0,0,0,22,-276,0,1.15555555555556,0,0,0,0,0,0,0,0,0,0,
7/23/2026 2:27:00 PM,+07:00,4113,4113.4,4112.5,4112.5,44,47,47,0,0.65,44,0,0,47,29,61.7021276595745,18,38.2978723404255,11,23.4042553191489,0,0,0,0,11,-265,0,1.06818181818182,0,0,0,0,0,0,0,0,0,0,
7/23/2026 2:28:00 PM,+07:00,4112,4112.5,4110.7,4110.8,56,64,64,0,1.1,56,0,0,64,36,56.25,27,42.1875,9,14.0625,0,0,0,0,9,-256,0,1.14285714285714,0,0,0,0,0,0,0,0,0,0,
7/23/2026 2:29:00 PM,+07:00,4110.7,4111.8,4110.4,4111.2,37,47,47,0,1.05,37,0,0,47,17,36.1702127659574,30,63.8297872340426,-13,-27.6595744680851,0,0,0,0,-13,-269,0,1.27027027027027,0,0,0,0,0,0,0,0,0,0,
7/23/2026 2:30:00 PM,+07:00,4111.4,4111.5,4106.6,4106.6,76,87,87,0,3.7,76,0,0,87,33,37.9310344827586,52,59.7701149425287,-19,-21.8390804597701,0,0,0,0,-19,-288,0,1.14473684210526,0,0,0,0,0,0,0,0,0,0,
7/23/2026 2:31:00 PM,+07:00,4106.4,4107.5,4105.5,4106.1,137,174,174,0,3.55,137,0,0,174,76,43.6781609195402,95,54.5977011494253,-19,-10.9195402298851,0,0,0,0,-19,-307,0,1.27007299270073,0,0,0,0,0,0,0,0,0,0,
7/23/2026 2:32:00 PM,+07:00,4106.3,4106.3,4105,4106.1,43,52,52,0,7.7,43,0,0,52,32,61.5384615384615,17,32.6923076923077,15,28.8461538461538,0,0,0,0,15,-292,0,1.2093023255814,0,0,0,0,0,0,0,0,0,0,
7/23/2026 2:33:00 PM,+07:00,4106.2,4109.2,4106.1,4109.1,66,80,80,0,9.8,66,0,0,80,49,61.25,29,36.25,20,25,0,0,0,0,20,-272,0,1.21212121212121,0,0,0,0,0,0,0,0,0,0,
7/23/2026 2:34:00 PM,+07:00,4109.2,4109.2,4107.7,4107.7,30,45,45,0,8.55,30,0,0,45,12,26.6666666666667,29,64.4444444444444,-17,-37.7777777777778,0,0,0,0,-17,-289,0,1.5,0,0,0,0,0,0,0,0,0,0,
7/23/2026 2:35:00 PM,+07:00,4108,4108.8,4105.1,4106.2,151,211,211,0,7.25,151,0,0,211,103,48.8151658767772,95,45.0236966824645,8,3.7914691943128,0,0,0,0,8,-281,0,1.39735099337748,0,0,0,0,0,0,0,0,0,0,
7/23/2026 2:36:00 PM,+07:00,4106.2,4107.6,4105.7,4107.4,57,60,60,0,4.9,57,0,0,60,20,33.3333333333333,31,51.6666666666667,-11,-18.3333333333333,0,0,0,0,-11,-292,0,1.05263157894737,0,0,0,0,0,0,0,0,0,0,
7/23/2026 2:37:00 PM,+07:00,4107.2,4107.2,4105.4,4106.1,42,46,46,0,2.75,42,0,0,46,7,15.2173913043478,38,82.6086956521739,-31,-67.3913043478261,0,0,0,0,-31,-323,0,1.0952380952381,0,0,0,0,0,0,0,0,0,0,
7/23/2026 2:38:00 PM,+07:00,4106,4106.8,4103.3,4104.6,118,151,151,0,-2.1,118,0,0,151,46,30.4635761589404,99,65.5629139072848,-53,-35.0993377483444,0,0,0,0,-53,-376,0,1.27966101694915,0,0,0,0,0,0,0,0,0,0,
7/23/2026 2:39:00 PM,+07:00,4104.8,4104.8,4102.5,4103.7,133,191,191,0,-2.8,133,0,0,191,85,44.5026178010471,103,53.9267015706806,-18,-9.42408376963351,0,0,0,0,-18,-394,0,1.43609022556391,0,0,0,0,0,0,0,0,0,0,
7/23/2026 2:40:00 PM,+07:00,4103.4,4105,4102.9,4104.1,99,140,140,0,-1.6,99,0,0,140,69,49.2857142857143,59,42.1428571428571,10,7.14285714285714,0,0,0,0,10,-384,0,1.41414141414141,0,0,0,0,0,0,0,0,0,0,
7/23/2026 2:41:00 PM,+07:00,4104.2,4104.8,4102.8,4102.8,76,87,87,0,-2.25,76,0,0,87,44,50.5747126436782,43,49.4252873563218,1,1.14942528735632,0,0,0,0,1,-383,0,1.14473684210526,0,0,0,0,0,0,0,0,0,0,
7/23/2026 2:42:00 PM,+07:00,4102.7,4102.8,4097.1,4097.1,228,294,294,0,-4.25,228,0,0,294,127,43.1972789115646,154,52.3809523809524,-27,-9.18367346938776,0,0,0,0,-27,-410,0,1.28947368421053,0,0,0,0,0,0,0,0,0,0,
7/23/2026 2:43:00 PM,+07:00,4097.7,4099.3,4094.3,4099.3,196,223,223,0,-4.9,196,0,0,223,101,45.2914798206278,109,48.8789237668161,-8,-3.58744394618834,0,0,0,0,-8,-418,0,1.13775510204082,0,0,0,0,0,0,0,0,0,0,
7/23/2026 2:44:00 PM,+07:00,4099.2,4099.4,4097.5,4098.5,115,122,122,0,-4.85,115,0,0,122,72,59.016393442623,49,40.1639344262295,23,18.8524590163934,0,0,0,0,23,-395,0,1.06086956521739,0,0,0,0,0,0,0,0,0,0,
7/23/2026 2:45:00 PM,+07:00,4098.6,4099.8,4097.5,4098.1,95,107,107,0,-5.4,95,0,0,107,47,43.9252336448598,58,54.2056074766355,-11,-10.2803738317757,0,0,0,0,-11,-406,0,1.12631578947368,0,0,0,0,0,0,0,0,0,0,
7/23/2026 2:46:00 PM,+07:00,4097.8,4097.9,4095.2,4097.7,119,142,142,0,-6.9,119,0,0,142,66,46.4788732394366,74,52.112676056338,-8,-5.63380281690141,0,0,0,0,-8,-414,0,1.19327731092437,0,0,0,0,0,0,0,0,0,0,
7/23/2026 2:47:00 PM,+07:00,4097.2,4097.2,4094.1,4095.3,64,67,67,0,-6.3,64,0,0,67,44,65.6716417910448,21,31.3432835820896,23,34.3283582089552,0,0,0,0,23,-391,0,1.046875,0,0,0,0,0,0,0,0,0,0,
7/23/2026 2:48:00 PM,+07:00,4095.3,4098.6,4094.7,4098.2,46,49,49,0,-6.05,46,0,0,49,29,59.1836734693878,15,30.6122448979592,14,28.5714285714286,0,0,0,0,14,-377,0,1.06521739130435,0,0,0,0,0,0,0,0,0,0,
7/23/2026 2:49:00 PM,+07:00,4098.3,4098.3,4094.6,4096.1,67,85,85,0,-5.7,67,0,0,85,39,45.8823529411765,45,52.9411764705882,-6,-7.05882352941176,0,0,0,0,-6,-383,0,1.26865671641791,0,0,0,0,0,0,0,0,0,0,
7/23/2026 2:50:00 PM,+07:00,4095.6,4097.8,4094.3,4097.8,81,103,103,0,-5.55,81,0,0,103,42,40.7766990291262,58,56.3106796116505,-16,-15.5339805825243,0,0,0,0,-16,-399,0,1.2716049382716,0,0,0,0,0,0,0,0,0,0,
7/23/2026 2:51:00 PM,+07:00,4097.7,4098.3,4096.4,4096.4,58,76,76,0,-4.55,58,0,0,76,38,50,37,48.6842105263158,1,1.31578947368421,0,0,0,0,1,-398,0,1.31034482758621,0,0,0,0,0,0,0,0,0,0,
7/23/2026 2:52:00 PM,+07:00,4096.1,4097.7,4095.3,4095.9,72,83,83,0,-3.85,72,0,0,83,56,67.4698795180723,27,32.5301204819277,29,34.9397590361446,0,0,0,0,29,-369,0,1.15277777777778,0,0,0,0,0,0,0,0,0,0,
7/23/2026 2:53:00 PM,+07:00,4095.7,4095.7,4093,4094.4,103,112,112,0,-4.85,103,0,0,112,56,50,56,50,0,0,0,0,0,0,0,-369,0,1.0873786407767,0,0,0,0,0,0,0,0,0,0,
7/23/2026 2:54:00 PM,+07:00,4094.2,4097.2,4094.2,4096.9,61,66,66,0,-3.7,61,0,0,66,36,54.5454545454545,30,45.4545454545455,6,9.09090909090909,0,0,0,0,6,-363,0,1.08196721311475,0,0,0,0,0,0,0,0,0,0,
7/23/2026 2:55:00 PM,+07:00,4096.3,4099.6,4095.3,4098.6,186,219,219,0,-1.7,186,0,0,219,132,60.2739726027397,84,38.3561643835616,48,21.9178082191781,0,0,0,0,48,-315,0,1.17741935483871,0,0,0,0,0,0,0,0,0,0,
7/23/2026 2:56:00 PM,+07:00,4098.2,4099.5,4097.3,4098.7,137,168,168,0,1.4,137,0,0,168,109,64.8809523809524,58,34.5238095238095,51,30.3571428571429,0,0,0,0,51,-264,0,1.22627737226277,0,0,0,0,0,0,0,0,0,0,
7/23/2026 2:57:00 PM,+07:00,4098.5,4100,4097,4097,86,102,102,0,2.25,86,0,0,102,39,38.2352941176471,53,51.9607843137255,-14,-13.7254901960784,0,0,0,0,-14,-278,0,1.18604651162791,0,0,0,0,0,0,0,0,0,0,
7/23/2026 2:58:00 PM,+07:00,4097.4,4098.1,4096.2,4097,45,74,74,0,3.95,45,0,0,74,27,36.4864864864865,46,62.1621621621622,-19,-25.6756756756757,0,0,0,0,-19,-297,0,1.64444444444444,0,0,0,0,0,0,0,0,0,0,
7/23/2026 2:59:00 PM,+07:00,4097,4098.4,4097,4098.3,40,42,42,0,5,40,0,0,42,18,42.8571428571429,15,35.7142857142857,3,7.14285714285714,0,0,0,0,3,-294,0,1.05,0,0,0,0,0,0,0,0,0,0,
7/23/2026 3:00:00 PM,+07:00,4098.5,4100.4,4095.2,4095.4,109,151,151,0,4.95,109,0,0,151,78,51.6556291390728,69,45.6953642384106,9,5.96026490066225,0,0,0,0,9,-285,0,1.38532110091743,0,0,0,0,0,0,0,0,0,0,
7/23/2026 3:01:00 PM,+07:00,4095.2,4095.2,4093.1,4093.9,97,121,121,0,5.3,97,0,0,121,62,51.2396694214876,54,44.6280991735537,8,6.61157024793388,0,0,0,0,8,-277,0,1.24742268041237,0,0,0,0,0,0,0,0,0,0,
7/23/2026 3:02:00 PM,+07:00,4094.1,4095.3,4093.6,4095,71,100,100,0,4.95,71,0,0,100,30,30,64,64,-34,-34,0,0,0,0,-34,-311,0,1.40845070422535,0,0,0,0,0,0,0,0,0,0,
7/23/2026 3:03:00 PM,+07:00,4094.8,4097.4,4094.1,4096.3,60,69,69,0,5.6,60,0,0,69,36,52.1739130434783,31,44.9275362318841,5,7.2463768115942,0,0,0,0,5,-306,0,1.15,0,0,0,0,0,0,0,0,0,0,
7/23/2026 3:04:00 PM,+07:00,4096,4096.1,4094.1,4095.9,46,63,63,0,4,46,0,0,63,27,42.8571428571429,36,57.1428571428571,-9,-14.2857142857143,0,0,0,0,-9,-315,0,1.3695652173913,0,0,0,0,0,0,0,0,0,0,
7/23/2026 3:05:00 PM,+07:00,4095.6,4096.8,4095.6,4096.8,38,41,41,0,5.2,38,0,0,41,27,65.8536585365854,14,34.1463414634146,13,31.7073170731707,0,0,0,0,13,-302,0,1.07894736842105,0,0,0,0,0,0,0,0,0,0,
7/23/2026 3:06:00 PM,+07:00,4096.5,4097.4,4095.9,4096.2,60,60,60,0,5.4,60,0,0,60,27,45,31,51.6666666666667,-4,-6.66666666666667,0,0,0,0,-4,-306,0,1,0,0,0,0,0,0,0,0,0,0,
7/23/2026 3:07:00 PM,+07:00,4096.3,4099,4096.3,4098.2,90,94,94,0,3.9,90,0,0,94,41,43.6170212765958,48,51.063829787234,-7,-7.4468085106383,0,0,0,0,-7,-313,0,1.04444444444444,0,0,0,0,0,0,0,0,0,0,
7/23/2026 3:08:00 PM,+07:00,4098.4,4098.4,4096.7,4097,32,41,41,0,2.9,32,0,0,41,17,41.4634146341463,23,56.0975609756098,-6,-14.6341463414634,0,0,0,0,-6,-319,0,1.28125,0,0,0,0,0,0,0,0,0,0,
7/23/2026 3:09:00 PM,+07:00,4097.1,4099.6,4096.4,4099,42,45,45,0,3.45,42,0,0,45,25,55.5555555555556,20,44.4444444444444,5,11.1111111111111,0,0,0,0,5,-314,0,1.07142857142857,0,0,0,0,0,0,0,0,0,0,
7/23/2026 3:10:00 PM,+07:00,4099.5,4100.7,4097.8,4097.9,31,34,34,0,4.25,31,0,0,34,17,50,17,50,0,0,0,0,0,0,0,-314,0,1.09677419354839,0,0,0,0,0,0,0,0,0,0,
7/23/2026 3:11:00 PM,+07:00,4098,4098.2,4096.7,4097.8,32,33,33,0,3.9,32,0,0,33,13,39.3939393939394,19,57.5757575757576,-6,-18.1818181818182,0,0,0,0,-6,-320,0,1.03125,0,0,0,0,0,0,0,0,0,0,
7/23/2026 3:12:00 PM,+07:00,4097.9,4098.7,4097.4,4097.4,30,32,32,0,2.4,30,0,0,32,15,46.875,16,50,-1,-3.125,0,0,0,0,-1,-321,0,1.06666666666667,0,0,0,0,0,0,0,0,0,0,
7/23/2026 3:13:00 PM,+07:00,4097,4097.2,4096,4096.1,59,69,69,0,0.9,59,0,0,69,18,26.0869565217391,48,69.5652173913044,-30,-43.4782608695652,0,0,0,0,-30,-351,0,1.16949152542373,0,0,0,0,0,0,0,0,0,0,
7/23/2026 3:14:00 PM,+07:00,4096,4096.5,4092.9,4094.1,131,179,179,0,-3.25,131,0,0,179,48,26.8156424581006,125,69.8324022346369,-77,-43.0167597765363,0,0,0,0,-77,-428,0,1.36641221374046,0,0,0,0,0,0,0,0,0,0,
7/23/2026 3:15:00 PM,+07:00,4094.5,4095.3,4094.5,4094.9,38,48,48,0,-6,38,0,0,48,17,35.4166666666667,24,50,-7,-14.5833333333333,0,0,0,0,-7,-435,0,1.26315789473684,0,0,0,0,0,0,0,0,0,0,
7/23/2026 3:16:00 PM,+07:00,4094.2,4095.4,4093.8,4094.9,28,29,29,0,-8.4,28,0,0,29,15,51.7241379310345,12,41.3793103448276,3,10.3448275862069,0,0,0,0,3,-432,0,1.03571428571429,0,0,0,0,0,0,0,0,0,0,
7/23/2026 3:17:00 PM,+07:00,4094.4,4095.2,4094.2,4095.1,25,31,31,0,-7.85,25,0,0,31,14,45.1612903225806,17,54.8387096774194,-3,-9.67741935483871,0,0,0,0,-3,-435,0,1.24,0,0,0,0,0,0,0,0,0,0,
7/23/2026 3:18:00 PM,+07:00,4095.2,4095.2,4093.3,4094.1,39,39,39,0,-7.95,39,0,0,39,9,23.0769230769231,30,76.9230769230769,-21,-53.8461538461538,0,0,0,0,-21,-456,0,1,0,0,0,0,0,0,0,0,0,0,
7/23/2026 3:19:00 PM,+07:00,4094.2,4094.2,4092.3,4092.7,57,71,71,0,-9.3,57,0,0,71,23,32.3943661971831,47,66.1971830985916,-24,-33.8028169014084,0,0,0,0,-24,-480,0,1.24561403508772,0,0,0,0,0,0,0,0,0,0,
7/23/2026 3:20:00 PM,+07:00,4092.3,4093.8,4092.1,4093.4,25,26,26,0,-9.75,25,0,0,26,13,50,13,50,0,0,0,0,0,0,0,-480,0,1.04,0,0,0,0,0,0,0,0,0,0,
7/23/2026 3:21:00 PM,+07:00,4093.4,4093.4,4091.1,4092,140,173,173,0,-14.7,140,0,0,173,38,21.9653179190751,129,74.5664739884393,-91,-52.6011560693642,0,0,0,0,-91,-571,0,1.23571428571429,0,0,0,0,0,0,0,0,0,0,
7/23/2026 3:22:00 PM,+07:00,4092.2,4094.1,4092.2,4093.7,34,37,37,0,-12.45,34,0,0,37,23,62.1621621621622,12,32.4324324324324,11,29.7297297297297,0,0,0,0,11,-560,0,1.08823529411765,0,0,0,0,0,0,0,0,0,0,
7/23/2026 3:23:00 PM,+07:00,4094.1,4094.1,4092.3,4092.9,47,53,53,0,-12.75,47,0,0,53,26,49.0566037735849,27,50.9433962264151,-1,-1.88679245283019,0,0,0,0,-1,-561,0,1.12765957446808,0,0,0,0,0,0,0,0,0,0,
7/23/2026 3:24:00 PM,+07:00,4092.6,4094,4092.5,4093.6,18,21,21,0,-12.5,18,0,0,21,8,38.0952380952381,12,57.1428571428571,-4,-19.047619047619,0,0,0,0,-4,-565,0,1.16666666666667,0,0,0,0,0,0,0,0,0,0,
7/23/2026 3:25:00 PM,+07:00,4093.4,4093.4,4092.9,4093.1,14,19,19,0,-13.15,14,0,0,19,9,47.3684210526316,9,47.3684210526316,0,0,0,0,0,0,0,-565,0,1.35714285714286,0,0,0,0,0,0,0,0,0,0,
7/23/2026 3:26:00 PM,+07:00,4092.7,4094,4091.5,4094,41,42,42,0,-13.6,41,0,0,42,14,33.3333333333333,27,64.2857142857143,-13,-30.952380952381,0,0,0,0,-13,-578,0,1.02439024390244,0,0,0,0,0,0,0,0,0,0,
7/23/2026 3:27:00 PM,+07:00,4093.9,4094.2,4093.5,4093.8,20,27,27,0,-13.7,20,0,0,27,6,22.2222222222222,15,55.5555555555556,-9,-33.3333333333333,0,0,0,0,-9,-587,0,1.35,0,0,0,0,0,0,0,0,0,0,
7/23/2026 3:28:00 PM,+07:00,4094.2,4094.9,4093.4,4093.4,60,62,62,0,-13.75,60,0,0,62,18,29.0322580645161,25,40.3225806451613,-7,-11.2903225806452,0,0,0,0,-7,-594,0,1.03333333333333,0,0,0,0,0,0,0,0,0,0,
7/23/2026 3:29:00 PM,+07:00,4093.4,4094.9,4093.4,4094.4,43,43,43,0,-13.25,43,0,0,43,27,62.7906976744186,12,27.906976744186,15,34.8837209302326,0,0,0,0,15,-579,0,1,0,0,0,0,0,0,0,0,0,0,
7/23/2026 3:30:00 PM,+07:00,4094.1,4094.6,4093.2,4093.6,38,38,38,0,-14,38,0,0,38,11,28.9473684210526,26,68.421052631579,-15,-39.4736842105263,0,0,0,0,-15,-594,0,1,0,0,0,0,0,0,0,0,0,0,
7/23/2026 3:31:00 PM,+07:00,4093.7,4094.1,4092.4,4093.9,32,39,39,0,-13.95,32,0,0,39,16,41.025641025641,21,53.8461538461538,-5,-12.8205128205128,0,0,0,0,-5,-599,0,1.21875,0,0,0,0,0,0,0,0,0,0,
7/23/2026 3:32:00 PM,+07:00,4093.1,4093.7,4092.7,4093.5,27,27,27,0,-13.55,27,0,0,27,16,59.2592592592592,9,33.3333333333333,7,25.9259259259259,0,0,0,0,7,-592,0,1,0,0,0,0,0,0,0,0,0,0,
7/23/2026 3:33:00 PM,+07:00,4092.9,4094.5,4092.7,4094.5,24,25,25,0,-11.55,24,0,0,25,17,68,7,28,10,40,0,0,0,0,10,-582,0,1.04166666666667,0,0,0,0,0,0,0,0,0,0,
7/23/2026 3:34:00 PM,+07:00,4094.4,4096.4,4094.1,4095.6,90,110,110,0,-8,90,0,0,110,51,46.3636363636364,57,51.8181818181818,-6,-5.45454545454545,0,0,0,0,-6,-588,0,1.22222222222222,0,0,0,0,0,0,0,0,0,0,
7/23/2026 3:35:00 PM,+07:00,4095.4,4096.7,4093.9,4094.6,68,81,81,0,-9.15,68,0,0,81,25,30.8641975308642,55,67.9012345679012,-30,-37.037037037037,0,0,0,0,-30,-618,0,1.19117647058824,0,0,0,0,0,0,0,0,0,0,
7/23/2026 3:36:00 PM,+07:00,4094.6,4095.9,4094.5,4095.9,16,16,16,0,-8.95,16,0,0,16,11,68.75,4,25,7,43.75,0,0,0,0,7,-611,0,1,0,0,0,0,0,0,0,0,0,0,
7/23/2026 3:37:00 PM,+07:00,4095.2,4095.4,4094.1,4094.1,18,19,19,0,-9.15,18,0,0,19,6,31.578947368421,13,68.421052631579,-7,-36.8421052631579,0,0,0,0,-7,-618,0,1.05555555555556,0,0,0,0,0,0,0,0,0,0,
7/23/2026 3:38:00 PM,+07:00,4094.4,4095,4094,4095,22,26,26,0,-7.9,22,0,0,26,15,57.6923076923077,11,42.3076923076923,4,15.3846153846154,0,0,0,0,4,-614,0,1.18181818181818,0,0,0,0,0,0,0,0,0,0,
7/23/2026 3:39:00 PM,+07:00,4095,4095.5,4094.8,4094.9,14,15,15,0,-6.8,14,0,0,15,6,40,8,53.3333333333333,-2,-13.3333333333333,0,0,0,0,-2,-616,0,1.07142857142857,0,0,0,0,0,0,0,0,0,0,
7/23/2026 3:40:00 PM,+07:00,4094.4,4094.7,4093.8,4093.9,73,87,87,0,-6.4,73,0,0,87,45,51.7241379310345,37,42.5287356321839,8,9.19540229885057,0,0,0,0,8,-608,0,1.19178082191781,0,0,0,0,0,0,0,0,0,0,
7/23/2026 3:41:00 PM,+07:00,4094.1,4094.1,4091.9,4092,31,45,45,0,-1.4,31,0,0,45,27,60,18,40,9,20,0,0,0,0,9,-599,0,1.45161290322581,0,0,0,0,0,0,0,0,0,0,
7/23/2026 3:42:00 PM,+07:00,4091.9,4093.9,4091,4093.9,79,100,100,0,-4,79,0,0,100,29,29,70,70,-41,-41,0,0,0,0,-41,-640,0,1.26582278481013,0,0,0,0,0,0,0,0,0,0,
7/23/2026 3:43:00 PM,+07:00,4094.1,4095.3,4094.1,4094.7,39,40,40,0,-4.1,39,0,0,40,18,45,21,52.5,-3,-7.5,0,0,0,0,-3,-643,0,1.02564102564103,0,0,0,0,0,0,0,0,0,0,
7/23/2026 3:44:00 PM,+07:00,4094.3,4095.4,4093.6,4095.3,16,18,18,0,-3.7,16,0,0,18,11,61.1111111111111,7,38.8888888888889,4,22.2222222222222,0,0,0,0,4,-639,0,1.125,0,0,0,0,0,0,0,0,0,0,
7/23/2026 3:45:00 PM,+07:00,4095.1,4095.1,4093.8,4093.9,10,11,11,0,-3.95,10,0,0,11,3,27.2727272727273,8,72.7272727272727,-5,-45.4545454545455,0,0,0,0,-5,-644,0,1.1,0,0,0,0,0,0,0,0,0,0,
7/23/2026 3:46:00 PM,+07:00,4094.2,4094.4,4093.5,4094.3,15,15,15,0,-3.45,15,0,0,15,6,40,9,60,-3,-20,0,0,0,0,-3,-647,0,1,0,0,0,0,0,0,0,0,0,0,
7/23/2026 3:47:00 PM,+07:00,4093.3,4094.3,4092.5,4092.6,60,82,82,0,-2.95,60,0,0,82,41,50,40,48.780487804878,1,1.21951219512195,0,0,0,0,1,-646,0,1.36666666666667,0,0,0,0,0,0,0,0,0,0,
7/23/2026 3:48:00 PM,+07:00,4092.4,4092.4,4089.7,4091.4,163,181,181,0,-2.65,163,0,0,181,90,49.7237569060774,91,50.2762430939227,-1,-0.552486187845304,0,0,0,0,-1,-647,0,1.11042944785276,0,0,0,0,0,0,0,0,0,0,
7/23/2026 3:49:00 PM,+07:00,4091.9,4093.6,4091.9,4092.2,27,31,31,0,-3.3,27,0,0,31,16,51.6129032258064,14,45.1612903225806,2,6.45161290322581,0,0,0,0,2,-645,0,1.14814814814815,0,0,0,0,0,0,0,0,0,0,
7/23/2026 3:50:00 PM,+07:00,4092.5,4092.9,4091.4,4092.9,20,24,24,0,-2.2,20,0,0,24,15,62.5,8,33.3333333333333,7,29.1666666666667,0,0,0,0,7,-638,0,1.2,0,0,0,0,0,0,0,0,0,0,
7/23/2026 3:51:00 PM,+07:00,4093,4093.3,4092.4,4092.4,12,13,13,0,-2.1,12,0,0,13,5,38.4615384615385,8,61.5384615384615,-3,-23.0769230769231,0,0,0,0,-3,-641,0,1.08333333333333,0,0,0,0,0,0,0,0,0,0,
7/23/2026 3:52:00 PM,+07:00,4092.6,4093.1,4091.4,4091.5,12,15,15,0,-2.45,12,0,0,15,7,46.6666666666667,7,46.6666666666667,0,0,0,0,0,0,0,-641,0,1.25,0,0,0,0,0,0,0,0,0,0,
7/23/2026 3:53:00 PM,+07:00,4091.5,4093.8,4091.5,4093.5,19,23,23,0,-2.2,19,0,0,23,18,78.2608695652174,3,13.0434782608696,15,65.2173913043478,0,0,0,0,15,-626,0,1.21052631578947,0,0,0,0,0,0,0,0,0,0,
7/23/2026 3:54:00 PM,+07:00,4093.7,4095.6,4093.6,4095.6,21,23,23,0,-1.2,21,0,0,23,18,78.2608695652174,4,17.3913043478261,14,60.8695652173913,0,0,0,0,14,-612,0,1.0952380952381,0,0,0,0,0,0,0,0,0,0,
7/23/2026 3:55:00 PM,+07:00,4095.7,4096.2,4095.5,4096.1,23,31,31,0,0.3,23,0,0,31,14,45.1612903225806,14,45.1612903225806,0,0,0,0,0,0,0,-612,0,1.34782608695652,0,0,0,0,0,0,0,0,0,0,
7/23/2026 3:56:00 PM,+07:00,4096,4096.9,4095.5,4096.9,36,41,41,0,-0.05,36,0,0,41,18,43.9024390243902,18,43.9024390243902,0,0,0,0,0,0,0,-612,0,1.13888888888889,0,0,0,0,0,0,0,0,0,0,
7/23/2026 3:57:00 PM,+07:00,4097.1,4097.3,4096.1,4097,54,85,85,0,-0.05,54,0,0,85,39,45.8823529411765,46,54.1176470588235,-7,-8.23529411764706,0,0,0,0,-7,-619,0,1.57407407407407,0,0,0,0,0,0,0,0,0,0,
7/23/2026 3:58:00 PM,+07:00,4097,4097.4,4096,4096,42,54,54,0,-0.3,42,0,0,54,26,48.1481481481481,27,50,-1,-1.85185185185185,0,0,0,0,-1,-620,0,1.28571428571429,0,0,0,0,0,0,0,0,0,0,
7/23/2026 3:59:00 PM,+07:00,4096.3,4096.5,4096,4096,17,22,22,0,0.2,17,0,0,22,15,68.1818181818182,7,31.8181818181818,8,36.3636363636364,0,0,0,0,8,-612,0,1.29411764705882,0,0,0,0,0,0,0,0,0,0,
7/23/2026 4:00:00 PM,+07:00,4095.9,4096.8,4095.3,4095.7,45,49,49,0,-0.6,45,0,0,49,19,38.7755102040816,27,55.1020408163265,-8,-16.3265306122449,0,0,0,0,-8,-620,0,1.08888888888889,0,0,0,0,0,0,0,0,0,0,
7/23/2026 4:01:00 PM,+07:00,4095.9,4098.4,4095.9,4097.7,49,52,52,0,-0.4,49,0,0,52,32,61.5384615384615,19,36.5384615384615,13,25,0,0,0,0,13,-607,0,1.06122448979592,0,0,0,0,0,0,0,0,0,0,
7/23/2026 4:02:00 PM,+07:00,4097.7,4099.2,4097.5,4098.5,57,57,57,0,2.85,57,0,0,57,40,70.1754385964912,16,28.0701754385965,24,42.1052631578947,0,0,0,0,24,-583,0,1,0,0,0,0,0,0,0,0,0,0,
7/23/2026 4:03:00 PM,+07:00,4098.4,4101.9,4098.2,4100.3,192,222,222,0,4.75,192,0,0,222,125,56.3063063063063,90,40.5405405405405,35,15.7657657657658,0,0,0,0,35,-548,0,1.15625,0,0,0,0,0,0,0,0,0,0,
7/23/2026 4:04:00 PM,+07:00,4100.5,4102.4,4099.7,4101.9,82,88,88,0,6.1,82,0,0,88,58,65.9090909090909,27,30.6818181818182,31,35.2272727272727,0,0,0,0,31,-517,0,1.07317073170732,0,0,0,0,0,0,0,0,0,0,
7/23/2026 4:05:00 PM,+07:00,4101.2,4101.9,4100.1,4101,61,64,64,0,6.4,61,0,0,64,32,50,31,48.4375,1,1.5625,0,0,0,0,1,-516,0,1.04918032786885,0,0,0,0,0,0,0,0,0,0,
7/23/2026 4:06:00 PM,+07:00,4101,4101,4099.8,4100.6,108,122,122,0,6.55,108,0,0,122,41,33.6065573770492,41,33.6065573770492,0,0,0,0,0,0,0,-516,0,1.12962962962963,0,0,0,0,0,0,0,0,0,0,
7/23/2026 4:07:00 PM,+07:00,4100.5,4101,4099.4,4100.1,33,33,33,0,6.55,33,0,0,33,15,45.4545454545455,14,42.4242424242424,1,3.03030303030303,0,0,0,0,1,-515,0,1,0,0,0,0,0,0,0,0,0,0,
7/23/2026 4:08:00 PM,+07:00,4099.9,4100.9,4099.7,4100.3,39,40,40,0,7.45,39,0,0,40,28,70,11,27.5,17,42.5,0,0,0,0,17,-498,0,1.02564102564103,0,0,0,0,0,0,0,0,0,0,
7/23/2026 4:09:00 PM,+07:00,4100.6,4100.6,4099.7,4100,17,23,23,0,7.2,17,0,0,23,10,43.4782608695652,13,56.5217391304348,-3,-13.0434782608696,0,0,0,0,-3,-501,0,1.35294117647059,0,0,0,0,0,0,0,0,0,0,
7/23/2026 4:10:00 PM,+07:00,4099.7,4100.9,4099.7,4100.6,20,25,25,0,6.9,20,0,0,25,13,52,12,48,1,4,0,0,0,0,1,-500,0,1.25,0,0,0,0,0,0,0,0,0,0,
7/23/2026 4:11:00 PM,+07:00,4101.1,4101.4,4100.6,4100.9,10,11,11,0,7,10,0,0,11,3,27.2727272727273,4,36.3636363636364,-1,-9.09090909090909,0,0,0,0,-1,-501,0,1.1,0,0,0,0,0,0,0,0,0,0,
7/23/2026 4:12:00 PM,+07:00,4100.6,4100.8,4100,4100.2,15,16,16,0,6.75,15,0,0,16,5,31.25,10,62.5,-5,-31.25,0,0,0,0,-5,-506,0,1.06666666666667,0,0,0,0,0,0,0,0,0,0,
7/23/2026 4:13:00 PM,+07:00,4099.9,4100.5,4099.4,4100.4,20,22,22,0,6.55,20,0,0,22,16,72.7272727272727,5,22.7272727272727,11,50,0,0,0,0,11,-495,0,1.1,0,0,0,0,0,0,0,0,0,0,
7/23/2026 4:14:00 PM,+07:00,4100.2,4100.5,4096.9,4097.7,74,97,97,0,3.65,74,0,0,97,26,26.8041237113402,70,72.1649484536082,-44,-45.360824742268,0,0,0,0,-44,-539,0,1.31081081081081,0,0,0,0,0,0,0,0,0,0,
7/23/2026 4:15:00 PM,+07:00,4097.5,4098.2,4097.5,4097.8,29,33,33,0,3.9,29,0,0,33,18,54.5454545454545,13,39.3939393939394,5,15.1515151515152,0,0,0,0,5,-534,0,1.13793103448276,0,0,0,0,0,0,0,0,0,0,
7/23/2026 4:16:00 PM,+07:00,4097.6,4098.1,4096.9,4098,28,28,28,0,3.7,28,0,0,28,11,39.2857142857143,15,53.5714285714286,-4,-14.2857142857143,0,0,0,0,-4,-538,0,1,0,0,0,0,0,0,0,0,0,0,
7/23/2026 4:17:00 PM,+07:00,4097.6,4098.5,4096.8,4098.4,87,110,110,0,3.6,87,0,0,110,50,45.4545454545455,59,53.6363636363636,-9,-8.18181818181818,0,0,0,0,-9,-547,0,1.26436781609195,0,0,0,0,0,0,0,0,0,0,
7/23/2026 4:18:00 PM,+07:00,4098.5,4098.7,4097.6,4097.6,16,16,16,0,3.6,16,0,0,16,7,43.75,8,50,-1,-6.25,0,0,0,0,-1,-548,0,1,0,0,0,0,0,0,0,0,0,0,
7/23/2026 4:19:00 PM,+07:00,4097.6,4099.7,4097.1,4099.7,55,64,64,0,4.75,55,0,0,64,47,73.4375,16,25,31,48.4375,0,0,0,0,31,-517,0,1.16363636363636,0,0,0,0,0,0,0,0,0,0,
7/23/2026 4:20:00 PM,+07:00,4099.3,4099.3,4096.8,4097.1,47,47,47,0,3.9,47,0,0,47,8,17.0212765957447,33,70.2127659574468,-25,-53.1914893617021,0,0,0,0,-25,-542,0,1,0,0,0,0,0,0,0,0,0,0,
7/23/2026 4:21:00 PM,+07:00,4097,4097.9,4096.3,4096.3,63,109,109,0,3.9,63,0,0,109,60,55.045871559633,47,43.1192660550459,13,11.9266055045872,0,0,0,0,13,-529,0,1.73015873015873,0,0,0,0,0,0,0,0,0,0,
7/23/2026 4:22:00 PM,+07:00,4096.7,4097.5,4096.2,4096.2,33,71,71,0,0.45,33,0,0,71,13,18.3098591549296,58,81.6901408450704,-45,-63.3802816901408,0,0,0,0,-45,-574,0,2.15151515151515,0,0,0,0,0,0,0,0,0,0,
7/23/2026 4:23:00 PM,+07:00,4096.2,4096.8,4095.9,4096.3,36,65,65,0,-1.05,36,0,0,65,35,53.8461538461538,30,46.1538461538462,5,7.69230769230769,0,0,0,0,5,-569,0,1.80555555555556,0,0,0,0,0,0,0,0,0,0,
7/23/2026 4:24:00 PM,+07:00,4096.3,4097.5,4095.5,4095.8,56,74,74,0,-4.05,56,0,0,74,22,29.7297297297297,51,68.9189189189189,-29,-39.1891891891892,0,0,0,0,-29,-598,0,1.32142857142857,0,0,0,0,0,0,0,0,0,0,
7/23/2026 4:25:00 PM,+07:00,4096.2,4096.7,4094.4,4094.8,52,69,69,0,-5.35,52,0,0,69,22,31.8840579710145,47,68.1159420289855,-25,-36.231884057971,0,0,0,0,-25,-623,0,1.32692307692308,0,0,0,0,0,0,0,0,0,0,
7/23/2026 4:26:00 PM,+07:00,4094.8,4094.8,4092.6,4092.6,52,70,70,0,-6.9,52,0,0,70,18,25.7142857142857,49,70,-31,-44.2857142857143,0,0,0,0,-31,-654,0,1.34615384615385,0,0,0,0,0,0,0,0,0,0,
7/23/2026 4:27:00 PM,+07:00,4092.7,4093.5,4092.2,4092.6,89,109,109,0,-3.85,89,0,0,109,85,77.9816513761468,23,21.1009174311927,62,56.8807339449541,0,0,0,0,62,-592,0,1.2247191011236,0,0,0,0,0,0,0,0,0,0,
7/23/2026 4:28:00 PM,+07:00,4092.9,4094.5,4092.6,4093.9,70,93,93,0,-4.3,70,0,0,93,50,53.763440860215,42,45.1612903225806,8,8.60215053763441,0,0,0,0,8,-584,0,1.32857142857143,0,0,0,0,0,0,0,0,0,0,
7/23/2026 4:29:00 PM,+07:00,4094,4094.5,4092.6,4093.9,31,35,35,0,-4,31,0,0,35,19,54.2857142857143,16,45.7142857142857,3,8.57142857142857,0,0,0,0,3,-581,0,1.12903225806452,0,0,0,0,0,0,0,0,0,0,
7/23/2026 4:30:00 PM,+07:00,4094.2,4094.3,4091.7,4092.5,189,238,238,0,-8.8,189,0,0,238,67,28.1512605042017,162,68.0672268907563,-95,-39.9159663865546,0,0,0,0,-95,-676,0,1.25925925925926,0,0,0,0,0,0,0,0,0,0,
7/23/2026 4:31:00 PM,+07:00,4092.9,4092.9,4091.3,4091.8,117,136,136,0,-10.3,117,0,0,136,51,37.5,82,60.2941176470588,-31,-22.7941176470588,0,0,0,0,-31,-707,0,1.16239316239316,0,0,0,0,0,0,0,0,0,0,
7/23/2026 4:32:00 PM,+07:00,4091.6,4092.8,4091.4,4092.8,68,87,87,0,-10.8,68,0,0,87,35,40.2298850574713,50,57.4712643678161,-15,-17.2413793103448,0,0,0,0,-15,-722,0,1.27941176470588,0,0,0,0,0,0,0,0,0,0,
7/23/2026 4:33:00 PM,+07:00,4092.9,4095.1,4092.7,4093.9,72,84,84,0,-11.45,72,0,0,84,41,48.8095238095238,43,51.1904761904762,-2,-2.38095238095238,0,0,0,0,-2,-724,0,1.16666666666667,0,0,0,0,0,0,0,0,0,0,
7/23/2026 4:34:00 PM,+07:00,4093.5,4095.3,4092.9,4095.3,67,75,75,0,-8.35,67,0,0,75,46,61.3333333333333,28,37.3333333333333,18,24,0,0,0,0,18,-706,0,1.11940298507463,0,0,0,0,0,0,0,0,0,0,
7/23/2026 4:35:00 PM,+07:00,4095,4095,4094.2,4094.8,11,11,11,0,-8.45,11,0,0,11,7,63.6363636363636,4,36.3636363636364,3,27.2727272727273,0,0,0,0,3,-703,0,1,0,0,0,0,0,0,0,0,0,0,
7/23/2026 4:36:00 PM,+07:00,4094.8,4095.8,4094.3,4095,36,37,37,0,-7.35,36,0,0,37,27,72.972972972973,9,24.3243243243243,18,48.6486486486486,0,0,0,0,18,-685,0,1.02777777777778,0,0,0,0,0,0,0,0,0,0,
7/23/2026 4:37:00 PM,+07:00,4094.7,4095.5,4094,4094,82,95,95,0,-7.15,82,0,0,95,45,47.3684210526316,50,52.6315789473684,-5,-5.26315789473684,0,0,0,0,-5,-690,0,1.15853658536585,0,0,0,0,0,0,0,0,0,0,
7/23/2026 4:38:00 PM,+07:00,4094,4095.2,4094,4094.8,40,45,45,0,-7.35,40,0,0,45,19,42.2222222222222,24,53.3333333333333,-5,-11.1111111111111,0,0,0,0,-5,-695,0,1.125,0,0,0,0,0,0,0,0,0,0,
7/23/2026 4:39:00 PM,+07:00,4094.9,4095,4094.1,4095,29,43,43,0,-7.4,29,0,0,43,35,81.3953488372093,5,11.6279069767442,30,69.7674418604651,0,0,0,0,30,-665,0,1.48275862068966,0,0,0,0,0,0,0,0,0,0,
7/23/2026 4:40:00 PM,+07:00,4094.9,4094.9,4094.2,4094.2,27,28,28,0,-6.05,27,0,0,28,15,53.5714285714286,13,46.4285714285714,2,7.14285714285714,0,0,0,0,2,-663,0,1.03703703703704,0,0,0,0,0,0,0,0,0,0,
7/23/2026 4:41:00 PM,+07:00,4094,4094.8,4093.6,4094.8,54,63,63,0,-7.5,54,0,0,63,17,26.984126984127,33,52.3809523809524,-16,-25.3968253968254,0,0,0,0,-16,-679,0,1.16666666666667,0,0,0,0,0,0,0,0,0,0,
7/23/2026 4:42:00 PM,+07:00,4094.9,4095.4,4094.4,4095.4,20,20,20,0,-5.15,20,0,0,20,11,55,9,45,2,10,0,0,0,0,2,-677,0,1,0,0,0,0,0,0,0,0,0,0,
7/23/2026 4:43:00 PM,+07:00,4095.5,4096.5,4095.4,4095.5,30,36,36,0,-5.15,30,0,0,36,20,55.5555555555556,15,41.6666666666667,5,13.8888888888889,0,0,0,0,5,-672,0,1.2,0,0,0,0,0,0,0,0,0,0,
7/23/2026 4:44:00 PM,+07:00,4095.4,4095.9,4094.7,4095,32,32,32,0,-4.5,32,0,0,32,7,21.875,23,71.875,-16,-50,0,0,0,0,-16,-688,0,1,0,0,0,0,0,0,0,0,0,0,
7/23/2026 4:45:00 PM,+07:00,4095.3,4097.5,4095.3,4097,70,78,78,0,-2.15,70,0,0,78,49,62.8205128205128,27,34.6153846153846,22,28.2051282051282,0,0,0,0,22,-666,0,1.11428571428571,0,0,0,0,0,0,0,0,0,0,
7/23/2026 4:46:00 PM,+07:00,4096.8,4097.1,4095,4095.4,41,45,45,0,-0.15,41,0,0,45,27,60,18,40,9,20,0,0,0,0,9,-657,0,1.09756097560976,0,0,0,0,0,0,0,0,0,0,
7/23/2026 4:47:00 PM,+07:00,4095.5,4095.8,4095.2,4095.3,12,13,13,0,-3.3,12,0,0,13,5,38.4615384615385,6,46.1538461538462,-1,-7.69230769230769,0,0,0,0,-1,-658,0,1.08333333333333,0,0,0,0,0,0,0,0,0,0,
7/23/2026 4:48:00 PM,+07:00,4094.8,4096.1,4094.8,4095.8,15,16,16,0,-3.3,15,0,0,16,12,75,4,25,8,50,0,0,0,0,8,-650,0,1.06666666666667,0,0,0,0,0,0,0,0,0,0,
7/23/2026 4:49:00 PM,+07:00,4096.3,4096.9,4096.3,4096.4,9,9,9,0,-3.65,9,0,0,9,2,22.2222222222222,6,66.6666666666666,-4,-44.4444444444444,0,0,0,0,-4,-654,0,1,0,0,0,0,0,0,0,0,0,0,
7/23/2026 4:50:00 PM,+07:00,4096.5,4096.5,4094.8,4095.4,18,26,26,0,1.2,18,0,0,26,14,53.8461538461538,12,46.1538461538462,2,7.69230769230769,0,0,0,0,2,-652,0,1.44444444444444,0,0,0,0,0,0,0,0,0,0,
7/23/2026 4:51:00 PM,+07:00,4095.3,4095.3,4093.5,4093.5,26,33,33,0,1.75,26,0,0,33,6,18.1818181818182,26,78.7878787878788,-20,-60.6060606060606,0,0,0,0,-20,-672,0,1.26923076923077,0,0,0,0,0,0,0,0,0,0,
7/23/2026 4:52:00 PM,+07:00,4093.9,4094.7,4092.9,4094.7,46,51,51,0,3.2,46,0,0,51,32,62.7450980392157,18,35.2941176470588,14,27.4509803921569,0,0,0,0,14,-658,0,1.10869565217391,0,0,0,0,0,0,0,0,0,0,
7/23/2026 4:53:00 PM,+07:00,4094.8,4096.4,4094.8,4096,40,49,49,0,3.75,40,0,0,49,29,59.1836734693878,20,40.8163265306122,9,18.3673469387755,0,0,0,0,9,-649,0,1.225,0,0,0,0,0,0,0,0,0,0,
7/23/2026 4:54:00 PM,+07:00,4096,4097.1,4095.7,4096.2,186,284,284,0,-1.15,186,0,0,284,101,35.5633802816901,181,63.7323943661972,-80,-28.169014084507,0,0,0,0,-80,-729,0,1.52688172043011,0,0,0,0,0,0,0,0,0,0,
7/23/2026 4:55:00 PM,+07:00,4096.2,4096.2,4094.9,4095.1,11,11,11,0,-1.45,11,0,0,11,4,36.3636363636364,7,63.6363636363636,-3,-27.2727272727273,0,0,0,0,-3,-732,0,1,0,0,0,0,0,0,0,0,0,0,
7/23/2026 4:56:00 PM,+07:00,4094.8,4094.9,4094.2,4094.4,20,23,23,0,-2.6,20,0,0,23,9,39.1304347826087,14,60.8695652173913,-5,-21.7391304347826,0,0,0,0,-5,-737,0,1.15,0,0,0,0,0,0,0,0,0,0,
7/23/2026 4:57:00 PM,+07:00,4094.4,4094.8,4092.5,4092.5,49,53,53,0,-2.25,49,0,0,53,27,50.9433962264151,25,47.1698113207547,2,3.77358490566038,0,0,0,0,2,-735,0,1.08163265306122,0,0,0,0,0,0,0,0,0,0,
7/23/2026 4:58:00 PM,+07:00,4092.5,4093.1,4091.5,4091.9,45,63,63,0,-3.25,45,0,0,63,19,30.1587301587302,44,69.8412698412698,-25,-39.6825396825397,0,0,0,0,-25,-760,0,1.4,0,0,0,0,0,0,0,0,0,0,
7/23/2026 4:59:00 PM,+07:00,4092.2,4093.2,4091.7,4093.2,26,28,28,0,-4.55,26,0,0,28,14,50,10,35.7142857142857,4,14.2857142857143,0,0,0,0,4,-756,0,1.07692307692308,0,0,0,0,0,0,0,0,0,0,
7/23/2026 5:00:00 PM,+07:00,4093.2,4094.4,4092,4092.5,50,60,60,0,-3.45,50,0,0,60,42,70,18,30,24,40,0,0,0,0,24,-732,0,1.2,0,0,0,0,0,0,0,0,0,0,
7/23/2026 5:01:00 PM,+07:00,4092.3,4093.8,4091.4,4093.6,79,80,80,0,-3.55,79,0,0,80,30,37.5,48,60,-18,-22.5,0,0,0,0,-18,-750,0,1.0126582278481,0,0,0,0,0,0,0,0,0,0,
7/23/2026 5:02:00 PM,+07:00,4093.6,4094.7,4093.4,4094.1,43,44,44,0,-2.65,43,0,0,44,27,61.3636363636364,7,15.9090909090909,20,45.4545454545455,0,0,0,0,20,-730,0,1.02325581395349,0,0,0,0,0,0,0,0,0,0,
7/23/2026 5:03:00 PM,+07:00,4093.6,4094.2,4093.2,4093.5,30,30,30,0,-3.8,30,0,0,30,6,20,24,80,-18,-60,0,0,0,0,-18,-748,0,1,0,0,0,0,0,0,0,0,0,0,
7/23/2026 5:04:00 PM,+07:00,4093.9,4093.9,4093,4093.8,19,21,21,0,-3.3,19,0,0,21,7,33.3333333333333,13,61.9047619047619,-6,-28.5714285714286,0,0,0,0,-6,-754,0,1.10526315789474,0,0,0,0,0,0,0,0,0,0,
7/23/2026 5:05:00 PM,+07:00,4093.9,4094,4093,4093.7,24,24,24,0,-5.15,24,0,0,24,4,16.6666666666667,19,79.1666666666666,-15,-62.5,0,0,0,0,-15,-769,0,1,0,0,0,0,0,0,0,0,0,0,
7/23/2026 5:06:00 PM,+07:00,4093.4,4094.3,4091.6,4092.9,43,48,48,0,-5.5,43,0,0,48,25,52.0833333333333,23,47.9166666666667,2,4.16666666666667,0,0,0,0,2,-767,0,1.11627906976744,0,0,0,0,0,0,0,0,0,0,
7/23/2026 5:07:00 PM,+07:00,4093.4,4094.6,4092.9,4094.1,19,22,22,0,-5.8,19,0,0,22,7,31.8181818181818,14,63.6363636363636,-7,-31.8181818181818,0,0,0,0,-7,-774,0,1.15789473684211,0,0,0,0,0,0,0,0,0,0,
7/23/2026 5:08:00 PM,+07:00,4094.1,4094.1,4092.3,4092.3,7,7,7,0,-6.45,7,0,0,7,1,14.2857142857143,6,85.7142857142857,-5,-71.4285714285714,0,0,0,0,-5,-779,0,1,0,0,0,0,0,0,0,0,0,0,
7/23/2026 5:09:00 PM,+07:00,4092,4092.1,4091,4092,35,49,49,0,-6.85,35,0,0,49,18,36.734693877551,30,61.2244897959184,-12,-24.4897959183673,0,0,0,0,-12,-791,0,1.4,0,0,0,0,0,0,0,0,0,0,
7/23/2026 5:10:00 PM,+07:00,4091.7,4092.5,4091.4,4091.9,33,49,49,0,-8.35,33,0,0,49,9,18.3673469387755,37,75.5102040816326,-28,-57.1428571428571,0,0,0,0,-28,-819,0,1.48484848484848,0,0,0,0,0,0,0,0,0,0,
7/23/2026 5:11:00 PM,+07:00,4092.1,4092.8,4092.1,4092.7,23,25,25,0,-7.5,23,0,0,25,11,44,14,56,-3,-12,0,0,0,0,-3,-822,0,1.08695652173913,0,0,0,0,0,0,0,0,0,0,
7/23/2026 5:12:00 PM,+07:00,4092.8,4094.5,4092.8,4094.2,15,24,24,0,-7.2,15,0,0,24,22,91.6666666666666,2,8.33333333333333,20,83.3333333333334,0,0,0,0,20,-802,0,1.6,0,0,0,0,0,0,0,0,0,0,
7/23/2026 5:13:00 PM,+07:00,4094.7,4094.7,4092.7,4092.7,35,42,42,0,-7.95,35,0,0,42,17,40.4761904761905,23,54.7619047619048,-6,-14.2857142857143,0,0,0,0,-6,-808,0,1.2,0,0,0,0,0,0,0,0,0,0,
7/23/2026 5:14:00 PM,+07:00,4093.1,4094.2,4093,4093.8,24,27,27,0,-3.2,24,0,0,27,21,77.7777777777778,6,22.2222222222222,15,55.5555555555556,0,0,0,0,15,-793,0,1.125,0,0,0,0,0,0,0,0,0,0,
7/23/2026 5:15:00 PM,+07:00,4094.1,4094.7,4093.3,4094.3,15,16,16,0,-2.9,15,0,0,16,9,56.25,6,37.5,3,18.75,0,0,0,0,3,-790,0,1.06666666666667,0,0,0,0,0,0,0,0,0,0,
7/23/2026 5:16:00 PM,+07:00,4093.7,4096,4093.5,4094.1,84,94,94,0,-0.7,84,0,0,94,65,69.1489361702128,26,27.6595744680851,39,41.4893617021277,0,0,0,0,39,-751,0,1.11904761904762,0,0,0,0,0,0,0,0,0,0,
7/23/2026 5:17:00 PM,+07:00,4094.3,4094.7,4093.8,4094.7,23,24,24,0,-0.8,23,0,0,24,11,45.8333333333333,11,45.8333333333333,0,0,0,0,0,0,0,-751,0,1.04347826086957,0,0,0,0,0,0,0,0,0,0,
7/23/2026 5:18:00 PM,+07:00,4094.4,4095.9,4094.2,4095.5,16,17,17,0,0.7,16,0,0,17,10,58.8235294117647,5,29.4117647058824,5,29.4117647058824,0,0,0,0,5,-746,0,1.0625,0,0,0,0,0,0,0,0,0,0,
7/23/2026 5:19:00 PM,+07:00,4095,4095,4092,4092.1,38,41,41,0,-1.1,38,0,0,41,4,9.75609756097561,36,87.8048780487805,-32,-78.0487804878049,0,0,0,0,-32,-778,0,1.07894736842105,0,0,0,0,0,0,0,0,0,0,
7/23/2026 5:20:00 PM,+07:00,4091.7,4092.5,4091.3,4091.6,33,34,34,0,-2.7,33,0,0,34,12,35.2941176470588,20,58.8235294117647,-8,-23.5294117647059,0,0,0,0,-8,-786,0,1.03030303030303,0,0,0,0,0,0,0,0,0,0,
7/23/2026 5:21:00 PM,+07:00,4091.5,4091.7,4088.7,4090.6,176,201,201,0,-2.4,176,0,0,201,91,45.273631840796,103,51.2437810945274,-12,-5.97014925373134,0,0,0,0,-12,-798,0,1.14204545454545,0,0,0,0,0,0,0,0,0,0,
7/23/2026 5:22:00 PM,+07:00,4090.7,4091.4,4090.5,4090.9,29,31,31,0,-3.25,29,0,0,31,16,51.6129032258064,13,41.9354838709677,3,9.67741935483871,0,0,0,0,3,-795,0,1.06896551724138,0,0,0,0,0,0,0,0,0,0,
7/23/2026 5:23:00 PM,+07:00,4090.8,4091.4,4089.7,4090.1,33,33,33,0,-2.3,33,0,0,33,15,45.4545454545455,14,42.4242424242424,1,3.03030303030303,0,0,0,0,1,-794,0,1,0,0,0,0,0,0,0,0,0,0,
7/23/2026 5:24:00 PM,+07:00,4089.7,4090.7,4089.7,4090.7,21,21,21,0,-1.65,21,0,0,21,14,66.6666666666666,7,33.3333333333333,7,33.3333333333333,0,0,0,0,7,-787,0,1,0,0,0,0,0,0,0,0,0,0,
7/23/2026 5:25:00 PM,+07:00,4090.7,4092.3,4090.7,4092.2,47,52,52,0,-0.5,47,0,0,52,28,53.8461538461538,20,38.4615384615385,8,15.3846153846154,0,0,0,0,8,-779,0,1.1063829787234,0,0,0,0,0,0,0,0,0,0,
7/23/2026 5:26:00 PM,+07:00,4092.1,4092.2,4091.3,4091.6,13,14,14,0,-0.6,13,0,0,14,7,50,7,50,0,0,0,0,0,0,0,-779,0,1.07692307692308,0,0,0,0,0,0,0,0,0,0,
7/23/2026 5:27:00 PM,+07:00,4092,4092.3,4091.5,4091.5,20,20,20,0,-0.85,20,0,0,20,4,20,16,80,-12,-60,0,0,0,0,-12,-791,0,1,0,0,0,0,0,0,0,0,0,0,
7/23/2026 5:28:00 PM,+07:00,4091.5,4092,4091.5,4092,7,7,7,0,-0.55,7,0,0,7,4,57.1428571428571,3,42.8571428571429,1,14.2857142857143,0,0,0,0,1,-790,0,1,0,0,0,0,0,0,0,0,0,0,
7/23/2026 5:29:00 PM,+07:00,4092.6,4093.7,4092.6,4093.3,10,10,10,0,-0.05,10,0,0,10,3,30,5,50,-2,-20,0,0,0,0,-2,-792,0,1,0,0,0,0,0,0,0,0,0,0,
7/23/2026 5:30:00 PM,+07:00,4092.9,4096,4092.4,4094.9,76,80,80,0,1.95,76,0,0,80,45,56.25,33,41.25,12,15,0,0,0,0,12,-780,0,1.05263157894737,0,0,0,0,0,0,0,0,0,0,
7/23/2026 5:31:00 PM,+07:00,4095.2,4095.5,4094.8,4094.8,23,31,31,0,1.75,23,0,0,31,11,35.4838709677419,18,58.0645161290323,-7,-22.5806451612903,0,0,0,0,-7,-787,0,1.34782608695652,0,0,0,0,0,0,0,0,0,0,
7/23/2026 5:32:00 PM,+07:00,4094.9,4095.2,4092.6,4092.6,41,43,43,0,0,41,0,0,43,14,32.5581395348837,29,67.4418604651163,-15,-34.8837209302326,0,0,0,0,-15,-802,0,1.04878048780488,0,0,0,0,0,0,0,0,0,0,
7/23/2026 5:33:00 PM,+07:00,4092.9,4093.6,4092.2,4093,22,28,28,0,-0.1,22,0,0,28,10,35.7142857142857,18,64.2857142857143,-8,-28.5714285714286,0,0,0,0,-8,-810,0,1.27272727272727,0,0,0,0,0,0,0,0,0,0,
7/23/2026 5:34:00 PM,+07:00,4092.7,4092.7,4089.8,4090.4,67,68,68,0,-1.3,67,0,0,68,28,41.1764705882353,37,54.4117647058824,-9,-13.2352941176471,0,0,0,0,-9,-819,0,1.01492537313433,0,0,0,0,0,0,0,0,0,0,
7/23/2026 5:35:00 PM,+07:00,4090.5,4092.1,4090.3,4092.1,25,26,26,0,-1.45,25,0,0,26,13,50,13,50,0,0,0,0,0,0,0,-819,0,1.04,0,0,0,0,0,0,0,0,0,0,
7/23/2026 5:36:00 PM,+07:00,4091.8,4093.2,4091.8,4092.2,40,56,56,0,-4.1,40,0,0,56,21,37.5,35,62.5,-14,-25,0,0,0,0,-14,-833,0,1.4,0,0,0,0,0,0,0,0,0,0,
7/23/2026 5:37:00 PM,+07:00,4092.1,4093.2,4091.9,4093.2,14,14,14,0,-3.9,14,0,0,14,9,64.2857142857143,5,35.7142857142857,4,28.5714285714286,0,0,0,0,4,-829,0,1,0,0,0,0,0,0,0,0,0,0,
7/23/2026 5:38:00 PM,+07:00,4093,4093.4,4092.2,4092.6,23,25,25,0,-4.2,23,0,0,25,12,48,13,52,-1,-4,0,0,0,0,-1,-830,0,1.08695652173913,0,0,0,0,0,0,0,0,0,0,
7/23/2026 5:39:00 PM,+07:00,4092.5,4093.4,4092.5,4093.3,16,16,16,0,-2.45,16,0,0,16,8,50,5,31.25,3,18.75,0,0,0,0,3,-827,0,1,0,0,0,0,0,0,0,0,0,0,
7/23/2026 5:40:00 PM,+07:00,4092.8,4092.8,4090.2,4091.5,50,51,51,0,-3.4,50,0,0,51,12,23.5294117647059,39,76.4705882352941,-27,-52.9411764705882,0,0,0,0,-27,-854,0,1.02,0,0,0,0,0,0,0,0,0,0,
7/23/2026 5:41:00 PM,+07:00,4091.7,4092,4091.1,4091.2,8,9,9,0,-2.45,8,0,0,9,8,88.8888888888889,1,11.1111111111111,7,77.7777777777778,0,0,0,0,7,-847,0,1.125,0,0,0,0,0,0,0,0,0,0,
7/23/2026 5:42:00 PM,+07:00,4091.2,4092.9,4091.2,4092.3,22,22,22,0,-2.3,22,0,0,22,14,63.6363636363636,8,36.3636363636364,6,27.2727272727273,0,0,0,0,6,-841,0,1,0,0,0,0,0,0,0,0,0,0,
7/23/2026 5:43:00 PM,+07:00,4092.3,4092.3,4091.9,4092.3,8,12,12,0,-2.2,8,0,0,12,7,58.3333333333333,4,33.3333333333333,3,25,0,0,0,0,3,-838,0,1.5,0,0,0,0,0,0,0,0,0,0,
7/23/2026 5:44:00 PM,+07:00,4091.5,4093.2,4091.5,4092.5,14,14,14,0,-2.25,14,0,0,14,9,64.2857142857143,3,21.4285714285714,6,42.8571428571429,0,0,0,0,6,-832,0,1,0,0,0,0,0,0,0,0,0,0,
7/23/2026 5:45:00 PM,+07:00,4092.4,4092.4,4090.9,4091,9,9,9,0,-2.65,9,0,0,9,4,44.4444444444444,4,44.4444444444444,0,0,0,0,0,0,0,-832,0,1,0,0,0,0,0,0,0,0,0,0,
7/23/2026 5:46:00 PM,+07:00,4091,4091,4090.4,4091,18,19,19,0,-2.75,18,0,0,19,8,42.1052631578947,10,52.6315789473684,-2,-10.5263157894737,0,0,0,0,-2,-834,0,1.05555555555556,0,0,0,0,0,0,0,0,0,0,
7/23/2026 5:47:00 PM,+07:00,4091.1,4092.5,4091.1,4092.5,5,5,5,0,-2,5,0,0,5,4,80,1,20,3,60,0,0,0,0,3,-831,0,1,0,0,0,0,0,0,0,0,0,0,
7/23/2026 5:48:00 PM,+07:00,4092.8,4094.9,4092.8,4094.2,45,45,45,0,-2.55,45,0,0,45,10,22.2222222222222,20,44.4444444444444,-10,-22.2222222222222,0,0,0,0,-10,-841,0,1,0,0,0,0,0,0,0,0,0,0,
7/23/2026 5:49:00 PM,+07:00,4094.3,4097,4094.2,4096.4,40,41,41,0,-1.7,40,0,0,41,18,43.9024390243902,3,7.31707317073171,15,36.5853658536585,0,0,0,0,15,-826,0,1.025,0,0,0,0,0,0,0,0,0,0,
7/23/2026 5:50:00 PM,+07:00,4096.8,4097,4095.9,4096.6,18,18,18,0,-2.1,18,0,0,18,11,61.1111111111111,7,38.8888888888889,4,22.2222222222222,0,0,0,0,4,-822,0,1,0,0,0,0,0,0,0,0,0,0,
7/23/2026 5:51:00 PM,+07:00,4096.1,4097.7,4095.6,4095.9,173,180,180,0,-0.1,173,0,0,180,106,58.8888888888889,73,40.5555555555556,33,18.3333333333333,0,0,0,0,33,-789,0,1.04046242774566,0,0,0,0,0,0,0,0,0,0,
7/23/2026 5:52:00 PM,+07:00,4096.2,4097.4,4095.6,4097.2,29,37,37,0,0.95,29,0,0,37,21,56.7567567567568,15,40.5405405405405,6,16.2162162162162,0,0,0,0,6,-783,0,1.27586206896552,0,0,0,0,0,0,0,0,0,0,
7/23/2026 5:53:00 PM,+07:00,4096.8,4096.8,4095.1,4095.1,32,32,32,0,0.9,32,0,0,32,11,34.375,20,62.5,-9,-28.125,0,0,0,0,-9,-792,0,1,0,0,0,0,0,0,0,0,0,0,
7/23/2026 5:54:00 PM,+07:00,4095.3,4097.6,4095.3,4097.6,59,64,64,0,1.05,59,0,0,64,29,45.3125,35,54.6875,-6,-9.375,0,0,0,0,-6,-798,0,1.08474576271186,0,0,0,0,0,0,0,0,0,0,
7/23/2026 5:55:00 PM,+07:00,4097.4,4098.2,4097,4097,41,68,68,0,-0.65,41,0,0,68,17,25,51,75,-34,-50,0,0,0,0,-34,-832,0,1.65853658536585,0,0,0,0,0,0,0,0,0,0,
7/23/2026 5:56:00 PM,+07:00,4097,4098.6,4097,4097.9,59,69,69,0,-0.35,59,0,0,69,29,42.0289855072464,37,53.6231884057971,-8,-11.5942028985507,0,0,0,0,-8,-840,0,1.16949152542373,0,0,0,0,0,0,0,0,0,0,
7/23/2026 5:57:00 PM,+07:00,4097.2,4097.4,4095.4,4095.4,33,39,39,0,-1.1,33,0,0,39,14,35.8974358974359,25,64.1025641025641,-11,-28.2051282051282,0,0,0,0,-11,-851,0,1.18181818181818,0,0,0,0,0,0,0,0,0,0,
7/23/2026 5:58:00 PM,+07:00,4095.9,4096.5,4095.9,4096.4,15,18,18,0,-0.95,15,0,0,18,10,55.5555555555556,8,44.4444444444444,2,11.1111111111111,0,0,0,0,2,-849,0,1.2,0,0,0,0,0,0,0,0,0,0,
7/23/2026 5:59:00 PM,+07:00,4095.9,4096.7,4095.6,4096.7,11,12,12,0,-0.6,11,0,0,12,11,91.6666666666666,1,8.33333333333333,10,83.3333333333334,0,0,0,0,10,-839,0,1.09090909090909,0,0,0,0,0,0,0,0,0,0,
7/23/2026 6:00:00 PM,+07:00,4096.6,4097.4,4095.2,4095.4,36,36,36,0,0.65,36,0,0,36,17,47.2222222222222,19,52.7777777777778,-2,-5.55555555555556,0,0,0,0,-2,-841,0,1,0,0,0,0,0,0,0,0,0,0,
7/23/2026 6:01:00 PM,+07:00,4095.8,4096.4,4094.9,4094.9,23,29,29,0,-0.05,23,0,0,29,11,37.9310344827586,18,62.0689655172414,-7,-24.1379310344828,0,0,0,0,-7,-848,0,1.26086956521739,0,0,0,0,0,0,0,0,0,0,
7/23/2026 6:02:00 PM,+07:00,4094.8,4096.1,4094.8,4096.1,32,39,39,0,-0.2,32,0,0,39,21,53.8461538461538,18,46.1538461538462,3,7.69230769230769,0,0,0,0,3,-845,0,1.21875,0,0,0,0,0,0,0,0,0,0,
7/23/2026 6:03:00 PM,+07:00,4096.1,4096.1,4093.8,4093.8,30,30,30,0,-1.3,30,0,0,30,5,16.6666666666667,24,80,-19,-63.3333333333333,0,0,0,0,-19,-864,0,1,0,0,0,0,0,0,0,0,0,0,
7/23/2026 6:04:00 PM,+07:00,4094.1,4095.1,4093.8,4095.1,33,37,37,0,-1.3,33,0,0,37,21,56.7567567567568,15,40.5405405405405,6,16.2162162162162,0,0,0,0,6,-858,0,1.12121212121212,0,0,0,0,0,0,0,0,0,0,
7/23/2026 6:05:00 PM,+07:00,4094.2,4094.5,4093.9,4094.5,9,9,9,0,-1.35,9,0,0,9,4,44.4444444444444,5,55.5555555555556,-1,-11.1111111111111,0,0,0,0,-1,-859,0,1,0,0,0,0,0,0,0,0,0,0,
7/23/2026 6:06:00 PM,+07:00,4093.9,4094.4,4092.5,4092.8,21,22,22,0,-1.9,21,0,0,22,4,18.1818181818182,17,77.2727272727273,-13,-59.0909090909091,0,0,0,0,-13,-872,0,1.04761904761905,0,0,0,0,0,0,0,0,0,0,
7/23/2026 6:07:00 PM,+07:00,4092.3,4094.7,4092.3,4093.5,39,50,50,0,-0.8,39,0,0,50,35,70,10,20,25,50,0,0,0,0,25,-847,0,1.28205128205128,0,0,0,0,0,0,0,0,0,0,
7/23/2026 6:08:00 PM,+07:00,4093,4094.5,4093,4093.7,22,22,22,0,-0.3,22,0,0,22,11,50,11,50,0,0,0,0,0,0,0,-847,0,1,0,0,0,0,0,0,0,0,0,0,
7/23/2026 6:09:00 PM,+07:00,4093.9,4094.2,4091.7,4092,57,62,62,0,-2.1,57,0,0,62,19,30.6451612903226,40,64.5161290322581,-21,-33.8709677419355,0,0,0,0,-21,-868,0,1.08771929824561,0,0,0,0,0,0,0,0,0,0,
7/23/2026 6:10:00 PM,+07:00,4091.7,4092.4,4091,4091.4,62,62,62,0,-2.65,62,0,0,62,27,43.5483870967742,34,54.8387096774194,-7,-11.2903225806452,0,0,0,0,-7,-875,0,1,0,0,0,0,0,0,0,0,0,0,
7/23/2026 6:11:00 PM,+07:00,4091.2,4092.3,4090.3,4092.3,24,25,25,0,-4.2,24,0,0,25,13,52,11,44,2,8,0,0,0,0,2,-873,0,1.04166666666667,0,0,0,0,0,0,0,0,0,0,
7/23/2026 6:12:00 PM,+07:00,4092.1,4092.8,4091.2,4091.3,15,17,17,0,-5.05,15,0,0,17,3,17.6470588235294,14,82.3529411764706,-11,-64.7058823529412,0,0,0,0,-11,-884,0,1.13333333333333,0,0,0,0,0,0,0,0,0,0,
7/23/2026 6:13:00 PM,+07:00,4091.4,4091.7,4090.1,4090.4,50,52,52,0,-4.2,50,0,0,52,29,55.7692307692308,21,40.3846153846154,8,15.3846153846154,0,0,0,0,8,-876,0,1.04,0,0,0,0,0,0,0,0,0,0,
7/23/2026 6:14:00 PM,+07:00,4090.2,4091.7,4090.2,4090.7,47,49,49,0,-2.55,47,0,0,49,37,75.5102040816326,10,20.4081632653061,27,55.1020408163265,0,0,0,0,27,-849,0,1.04255319148936,0,0,0,0,0,0,0,0,0,0,
7/23/2026 6:15:00 PM,+07:00,4091.1,4092.2,4089.1,4089.6,56,76,76,0,-1.4,56,0,0,76,32,42.1052631578947,43,56.578947368421,-11,-14.4736842105263,0,0,0,0,-11,-860,0,1.35714285714286,0,0,0,0,0,0,0,0,0,0,
7/23/2026 6:16:00 PM,+07:00,4089.4,4090.2,4088.2,4090.2,113,131,131,0,-2.35,113,0,0,131,52,39.6946564885496,79,60.3053435114504,-27,-20.6106870229008,0,0,0,0,-27,-887,0,1.15929203539823,0,0,0,0,0,0,0,0,0,0,
7/23/2026 6:17:00 PM,+07:00,4090.1,4090.1,4087.3,4088.3,84,99,99,0,-3.9,84,0,0,99,26,26.2626262626263,68,68.6868686868687,-42,-42.4242424242424,0,0,0,0,-42,-929,0,1.17857142857143,0,0,0,0,0,0,0,0,0,0,
7/23/2026 6:18:00 PM,+07:00,4088.3,4090.1,4087.9,4090.1,69,82,82,0,-3.7,69,0,0,82,43,52.4390243902439,37,45.1219512195122,6,7.31707317073171,0,0,0,0,6,-923,0,1.18840579710145,0,0,0,0,0,0,0,0,0,0,
7/23/2026 6:19:00 PM,+07:00,4090.2,4090.3,4088.1,4088.6,73,78,78,0,-5.8,73,0,0,78,22,28.2051282051282,54,69.2307692307692,-32,-41.025641025641,0,0,0,0,-32,-955,0,1.06849315068493,0,0,0,0,0,0,0,0,0,0,
7/23/2026 6:20:00 PM,+07:00,4088.5,4089,4086.6,4088,63,71,71,0,-4.95,63,0,0,71,41,57.7464788732394,26,36.6197183098592,15,21.1267605633803,0,0,0,0,15,-940,0,1.12698412698413,0,0,0,0,0,0,0,0,0,0,
7/23/2026 6:21:00 PM,+07:00,4088.3,4090.2,4088.2,4089.6,41,49,49,0,-4.85,41,0,0,49,22,44.8979591836735,27,55.1020408163265,-5,-10.2040816326531,0,0,0,0,-5,-945,0,1.19512195121951,0,0,0,0,0,0,0,0,0,0,
7/23/2026 6:22:00 PM,+07:00,4089.6,4089.6,4087,4087.1,97,122,122,0,-5.75,97,0,0,122,51,41.8032786885246,66,54.0983606557377,-15,-12.2950819672131,0,0,0,0,-15,-960,0,1.25773195876289,0,0,0,0,0,0,0,0,0,0,
7/23/2026 6:23:00 PM,+07:00,4086.9,4086.9,4084.4,4084.4,139,194,194,0,-6.8,139,0,0,194,75,38.659793814433,115,59.2783505154639,-40,-20.6185567010309,0,0,0,0,-40,-1000,0,1.39568345323741,0,0,0,0,0,0,0,0,0,0,
7/23/2026 6:24:00 PM,+07:00,4084.5,4087,4083.8,4087,124,174,174,0,-4.7,124,0,0,174,107,61.4942528735632,59,33.9080459770115,48,27.5862068965517,0,0,0,0,48,-952,0,1.40322580645161,0,0,0,0,0,0,0,0,0,0,
7/23/2026 6:25:00 PM,+07:00,4087,4088.1,4086.2,4087.9,75,79,79,0,-4.6,75,0,0,79,34,43.0379746835443,33,41.7721518987342,1,1.26582278481013,0,0,0,0,1,-951,0,1.05333333333333,0,0,0,0,0,0,0,0,0,0,
7/23/2026 6:26:00 PM,+07:00,4087.8,4088.1,4087.1,4087.1,45,55,55,0,-3.1,45,0,0,55,36,65.4545454545454,19,34.5454545454545,17,30.9090909090909,0,0,0,0,17,-934,0,1.22222222222222,0,0,0,0,0,0,0,0,0,0,
7/23/2026 6:27:00 PM,+07:00,4087.2,4087.2,4085.6,4085.9,46,57,57,0,-4.1,46,0,0,57,31,54.3859649122807,26,45.6140350877193,5,8.7719298245614,0,0,0,0,5,-929,0,1.23913043478261,0,0,0,0,0,0,0,0,0,0,
7/23/2026 6:28:00 PM,+07:00,4086,4086.3,4084.5,4085.4,50,66,66,0,-3.65,50,0,0,66,37,56.0606060606061,28,42.4242424242424,9,13.6363636363636,0,0,0,0,9,-920,0,1.32,0,0,0,0,0,0,0,0,0,0,
7/23/2026 6:29:00 PM,+07:00,4085.5,4087.4,4084.6,4087.1,70,92,92,0,-1.9,70,0,0,92,53,57.6086956521739,39,42.3913043478261,14,15.2173913043478,0,0,0,0,14,-906,0,1.31428571428571,0,0,0,0,0,0,0,0,0,0,
7/23/2026 6:30:00 PM,+07:00,4087.1,4087.1,4085.4,4085.4,77,88,88,0,-1.8,77,0,0,88,41,46.5909090909091,46,52.2727272727273,-5,-5.68181818181818,0,0,0,0,-5,-911,0,1.14285714285714,0,0,0,0,0,0,0,0,0,0,
7/23/2026 6:31:00 PM,+07:00,4085.9,4086.5,4084,4084,42,42,42,0,-2.15,42,0,0,42,17,40.4761904761905,22,52.3809523809524,-5,-11.9047619047619,0,0,0,0,-5,-916,0,1,0,0,0,0,0,0,0,0,0,0,
7/23/2026 6:32:00 PM,+07:00,4084.1,4085.2,4082.5,4082.9,214,261,261,0,-3.05,214,0,0,261,78,29.8850574712644,107,40.9961685823755,-29,-11.1111111111111,0,0,0,0,-29,-945,0,1.2196261682243,0,0,0,0,0,0,0,0,0,0,
7/23/2026 6:33:00 PM,+07:00,4083.2,4084.9,4083,4083.2,36,39,39,0,-3.35,36,0,0,39,20,51.2820512820513,18,46.1538461538462,2,5.12820512820513,0,0,0,0,2,-943,0,1.08333333333333,0,0,0,0,0,0,0,0,0,0,
7/23/2026 6:34:00 PM,+07:00,4083.5,4083.9,4082.8,4083.7,45,52,52,0,-5.05,45,0,0,52,18,34.6153846153846,25,48.0769230769231,-7,-13.4615384615385,0,0,0,0,-7,-950,0,1.15555555555556,0,0,0,0,0,0,0,0,0,0,
7/23/2026 6:35:00 PM,+07:00,4083.2,4083.5,4082.2,4082.7,52,54,54,0,-3.65,52,0,0,54,35,64.8148148148148,18,33.3333333333333,17,31.4814814814815,0,0,0,0,17,-933,0,1.03846153846154,0,0,0,0,0,0,0,0,0,0,
7/23/2026 6:36:00 PM,+07:00,4082.8,4085.3,4082.8,4084.2,66,70,70,0,-2.4,66,0,0,70,34,48.5714285714286,36,51.4285714285714,-2,-2.85714285714286,0,0,0,0,-2,-935,0,1.06060606060606,0,0,0,0,0,0,0,0,0,0,
7/23/2026 6:37:00 PM,+07:00,4084.2,4085.7,4083.9,4084.4,61,72,72,0,0.1,61,0,0,72,39,54.1666666666667,31,43.0555555555556,8,11.1111111111111,0,0,0,0,8,-927,0,1.18032786885246,0,0,0,0,0,0,0,0,0,0,
7/23/2026 6:38:00 PM,+07:00,4084.5,4086.1,4083,4083.4,71,73,73,0,0.35,71,0,0,73,38,52.0547945205479,27,36.986301369863,11,15.0684931506849,0,0,0,0,11,-916,0,1.02816901408451,0,0,0,0,0,0,0,0,0,0,
7/23/2026 6:39:00 PM,+07:00,4082.9,4084.2,4082,4082.2,71,83,83,0,2.35,71,0,0,83,45,54.2168674698795,37,44.578313253012,8,9.63855421686747,0,0,0,0,8,-908,0,1.16901408450704,0,0,0,0,0,0,0,0,0,0,
7/23/2026 6:40:00 PM,+07:00,4082,4082.5,4078,4078.5,266,312,312,0,-4.7,266,0,0,312,89,28.525641025641,215,68.9102564102564,-126,-40.3846153846154,0,0,0,0,-126,-1034,0,1.17293233082707,0,0,0,0,0,0,0,0,0,0,
7/23/2026 6:41:00 PM,+07:00,4079,4079.1,4075.7,4077.8,335,381,381,0,-5.9,335,0,0,381,169,44.3569553805774,198,51.9685039370079,-29,-7.61154855643045,0,0,0,0,-29,-1063,0,1.13731343283582,0,0,0,0,0,0,0,0,0,0,
7/23/2026 6:42:00 PM,+07:00,4077.9,4081.7,4077.9,4080.7,134,161,161,0,-3.15,134,0,0,161,100,62.111801242236,60,37.2670807453416,40,24.8447204968944,0,0,0,0,40,-1023,0,1.20149253731343,0,0,0,0,0,0,0,0,0,0,
7/23/2026 6:43:00 PM,+07:00,4080.3,4081,4078.7,4079.7,117,135,135,0,-1.2,117,0,0,135,64,47.4074074074074,65,48.1481481481481,-1,-0.740740740740741,0,0,0,0,-1,-1024,0,1.15384615384615,0,0,0,0,0,0,0,0,0,0,
7/23/2026 6:44:00 PM,+07:00,4079.4,4081.7,4079.3,4081.4,24,24,24,0,-3.15,24,0,0,24,16,66.6666666666666,7,29.1666666666667,9,37.5,0,0,0,0,9,-1015,0,1,0,0,0,0,0,0,0,0,0,0,
7/23/2026 6:45:00 PM,+07:00,4081.4,4084.9,4080.6,4083.8,183,214,214,0,0.85,183,0,0,214,140,65.4205607476636,59,27.5700934579439,81,37.8504672897196,0,0,0,0,81,-934,0,1.16939890710383,0,0,0,0,0,0,0,0,0,0,
7/23/2026 6:46:00 PM,+07:00,4084.2,4084.2,4082.5,4083.4,43,54,54,0,0,43,0,0,54,26,48.1481481481481,26,48.1481481481481,0,0,0,0,0,0,0,-934,0,1.25581395348837,0,0,0,0,0,0,0,0,0,0,
7/23/2026 6:47:00 PM,+07:00,4082.9,4083.9,4081.9,4083.8,65,72,72,0,-1.5,65,0,0,72,19,26.3888888888889,44,61.1111111111111,-25,-34.7222222222222,0,0,0,0,-25,-959,0,1.10769230769231,0,0,0,0,0,0,0,0,0,0,
7/23/2026 6:48:00 PM,+07:00,4083.7,4084.5,4083,4084.5,58,76,76,0,-1.1,58,0,0,76,46,60.5263157894737,29,38.1578947368421,17,22.3684210526316,0,0,0,0,17,-942,0,1.31034482758621,0,0,0,0,0,0,0,0,0,0,
7/23/2026 6:49:00 PM,+07:00,4084.5,4085,4083.8,4084.5,58,59,59,0,-1,58,0,0,59,37,62.7118644067797,21,35.593220338983,16,27.1186440677966,0,0,0,0,16,-926,0,1.01724137931034,0,0,0,0,0,0,0,0,0,0,
7/23/2026 6:50:00 PM,+07:00,4084.8,4086.4,4084.7,4086.2,75,79,79,0,-0.7,75,0,0,79,37,46.8354430379747,36,45.5696202531646,1,1.26582278481013,0,0,0,0,1,-925,0,1.05333333333333,0,0,0,0,0,0,0,0,0,0,
7/23/2026 6:51:00 PM,+07:00,4085.9,4087.2,4085.9,4087.1,76,82,82,0,-0.7,76,0,0,82,33,40.2439024390244,38,46.3414634146342,-5,-6.09756097560976,0,0,0,0,-5,-930,0,1.07894736842105,0,0,0,0,0,0,0,0,0,0,
7/23/2026 6:52:00 PM,+07:00,4087.2,4092.5,4086.6,4088.9,299,320,320,0,5.45,299,0,0,320,197,61.5625,103,32.1875,94,29.375,0,0,0,0,94,-836,0,1.07023411371237,0,0,0,0,0,0,0,0,0,0,
7/23/2026 6:53:00 PM,+07:00,4088.9,4089.1,4086.9,4087,79,87,87,0,4.9,79,0,0,87,37,42.5287356321839,46,52.8735632183908,-9,-10.3448275862069,0,0,0,0,-9,-845,0,1.10126582278481,0,0,0,0,0,0,0,0,0,0,
7/23/2026 6:54:00 PM,+07:00,4087,4088,4086.9,4087.3,36,45,45,0,5.4,36,0,0,45,24,53.3333333333333,21,46.6666666666667,3,6.66666666666667,0,0,0,0,3,-842,0,1.25,0,0,0,0,0,0,0,0,0,0,
7/23/2026 6:55:00 PM,+07:00,4087.2,4087.5,4086.4,4086.6,38,43,43,0,3.7,38,0,0,43,11,25.5813953488372,28,65.1162790697674,-17,-39.5348837209302,0,0,0,0,-17,-859,0,1.13157894736842,0,0,0,0,0,0,0,0,0,0,
7/23/2026 6:56:00 PM,+07:00,4086.7,4087.3,4086.7,4087,29,35,35,0,4.1,29,0,0,35,20,57.1428571428571,14,40,6,17.1428571428571,0,0,0,0,6,-853,0,1.20689655172414,0,0,0,0,0,0,0,0,0,0,
7/23/2026 6:57:00 PM,+07:00,4086.9,4087.3,4086,4086.7,51,56,56,0,3.35,51,0,0,56,23,41.0714285714286,30,53.5714285714286,-7,-12.5,0,0,0,0,-7,-860,0,1.09803921568627,0,0,0,0,0,0,0,0,0,0,
7/23/2026 6:58:00 PM,+07:00,4086.6,4089,4086.5,4088.6,57,61,61,0,2.55,57,0,0,61,28,45.9016393442623,33,54.0983606557377,-5,-8.19672131147541,0,0,0,0,-5,-865,0,1.07017543859649,0,0,0,0,0,0,0,0,0,0,
7/23/2026 6:59:00 PM,+07:00,4088.7,4089.3,4088.4,4088.9,46,55,55,0,1.05,46,0,0,55,16,29.0909090909091,38,69.0909090909091,-22,-40,0,0,0,0,-22,-887,0,1.19565217391304,0,0,0,0,0,0,0,0,0,0,
7/23/2026 7:00:00 PM,+07:00,4088.4,4089,4086.2,4086.5,85,100,100,0,7.75,85,0,0,100,53,53,45,45,8,8,0,0,0,0,8,-879,0,1.17647058823529,0,0,0,0,0,0,0,0,0,0,
7/23/2026 7:01:00 PM,+07:00,4086.5,4086.6,4085.3,4085.5,36,39,39,0,8.8,36,0,0,39,15,38.4615384615385,23,58.974358974359,-8,-20.5128205128205,0,0,0,0,-8,-887,0,1.08333333333333,0,0,0,0,0,0,0,0,0,0,
7/23/2026 7:02:00 PM,+07:00,4085.8,4086.2,4085.4,4085.8,26,28,28,0,6.75,26,0,0,28,12,42.8571428571429,13,46.4285714285714,-1,-3.57142857142857,0,0,0,0,-1,-888,0,1.07692307692308,0,0,0,0,0,0,0,0,0,0,
7/23/2026 7:03:00 PM,+07:00,4085.6,4086.1,4085.2,4085.3,54,56,56,0,6.3,54,0,0,56,21,37.5,31,55.3571428571429,-10,-17.8571428571429,0,0,0,0,-10,-898,0,1.03703703703704,0,0,0,0,0,0,0,0,0,0,
7/23/2026 7:04:00 PM,+07:00,4085.5,4086.3,4085.2,4086.3,29,29,29,0,6.05,29,0,0,29,16,55.1724137931034,12,41.3793103448276,4,13.7931034482759,0,0,0,0,4,-894,0,1,0,0,0,0,0,0,0,0,0,0,
7/23/2026 7:05:00 PM,+07:00,4086.4,4088.3,4086.1,4086.9,65,67,67,0,3.05,65,0,0,67,40,59.7014925373134,19,28.3582089552239,21,31.3432835820896,0,0,0,0,21,-873,0,1.03076923076923,0,0,0,0,0,0,0,0,0,0,
7/23/2026 7:06:00 PM,+07:00,4086.4,4086.7,4085,4085.5,84,86,86,0,2.2,84,0,0,86,33,38.3720930232558,50,58.1395348837209,-17,-19.7674418604651,0,0,0,0,-17,-890,0,1.02380952380952,0,0,0,0,0,0,0,0,0,0,
7/23/2026 7:07:00 PM,+07:00,4085.1,4086.2,4084.5,4086.2,53,56,56,0,2.9,53,0,0,56,19,33.9285714285714,30,53.5714285714286,-11,-19.6428571428571,0,0,0,0,-11,-901,0,1.05660377358491,0,0,0,0,0,0,0,0,0,0,
7/23/2026 7:08:00 PM,+07:00,4086,4087,4085.6,4086.1,35,39,39,0,2.75,35,0,0,39,26,66.6666666666666,12,30.7692307692308,14,35.8974358974359,0,0,0,0,14,-887,0,1.11428571428571,0,0,0,0,0,0,0,0,0,0,
7/23/2026 7:09:00 PM,+07:00,4086.4,4086.9,4085.9,4086,23,24,24,0,2.15,23,0,0,24,13,54.1666666666667,9,37.5,4,16.6666666666667,0,0,0,0,4,-883,0,1.04347826086957,0,0,0,0,0,0,0,0,0,0,
7/23/2026 7:10:00 PM,+07:00,4086.1,4088.1,4086.1,4088.1,40,43,43,0,2.85,40,0,0,43,29,67.4418604651163,14,32.5581395348837,15,34.8837209302326,0,0,0,0,15,-868,0,1.075,0,0,0,0,0,0,0,0,0,0,
7/23/2026 7:11:00 PM,+07:00,4088.2,4088.2,4087.2,4087.8,65,77,77,0,2.9,65,0,0,77,36,46.7532467532468,40,51.9480519480519,-4,-5.1948051948052,0,0,0,0,-4,-872,0,1.18461538461538,0,0,0,0,0,0,0,0,0,0,
7/23/2026 7:12:00 PM,+07:00,4087.8,4087.8,4085.6,4086.7,38,47,47,0,-2.2,38,0,0,47,18,38.2978723404255,26,55.3191489361702,-8,-17.0212765957447,0,0,0,0,-8,-880,0,1.23684210526316,0,0,0,0,0,0,0,0,0,0,
7/23/2026 7:13:00 PM,+07:00,4085.6,4086.4,4084.6,4084.6,58,65,65,0,-2.45,58,0,0,65,25,38.4615384615385,39,60,-14,-21.5384615384615,0,0,0,0,-14,-894,0,1.12068965517241,0,0,0,0,0,0,0,0,0,0,
7/23/2026 7:14:00 PM,+07:00,4084.6,4084.9,4083.7,4084.4,36,37,37,0,-3.25,36,0,0,37,12,32.4324324324324,25,67.5675675675676,-13,-35.1351351351351,0,0,0,0,-13,-907,0,1.02777777777778,0,0,0,0,0,0,0,0,0,0,
7/23/2026 7:15:00 PM,+07:00,4084.4,4085.9,4082,4082.2,270,469,469,0,5.3,270,0,0,469,304,64.818763326226,150,31.9829424307036,154,32.8358208955224,0,0,0,0,154,-753,0,1.73703703703704,0,0,0,0,0,0,0,0,0,0,
7/23/2026 7:16:00 PM,+07:00,4082.9,4083.6,4075,4079.4,459,536,536,0,0.15,459,0,0,536,210,39.1791044776119,307,57.2761194029851,-97,-18.0970149253731,0,0,0,0,-97,-850,0,1.1677559912854,0,0,0,0,0,0,0,0,0,0,
7/23/2026 7:17:00 PM,+07:00,4078.6,4080.8,4078,4078.5,364,623,623,0,11.9,364,0,0,623,418,67.0947030497592,190,30.4975922953451,228,36.5971107544141,0,0,0,0,228,-622,0,1.71153846153846,0,0,0,0,0,0,0,0,0,0,
7/23/2026 7:18:00 PM,+07:00,4078.6,4079.3,4077.1,4079,114,135,135,0,12.05,114,0,0,135,66,48.8888888888889,68,50.3703703703704,-2,-1.48148148148148,0,0,0,0,-2,-624,0,1.18421052631579,0,0,0,0,0,0,0,0,0,0,
7/23/2026 7:19:00 PM,+07:00,4079.3,4081.8,4078.3,4081.1,254,300,300,0,17.6,254,0,0,300,194,64.6666666666666,105,35,89,29.6666666666667,0,0,0,0,89,-535,0,1.18110236220472,0,0,0,0,0,0,0,0,0,0,
7/23/2026 7:20:00 PM,+07:00,4080.5,4080.5,4076,4077.8,225,262,262,0,18.65,225,0,0,262,142,54.1984732824428,113,43.1297709923664,29,11.0687022900763,0,0,0,0,29,-506,0,1.16444444444444,0,0,0,0,0,0,0,0,0,0,
7/23/2026 7:21:00 PM,+07:00,4078.1,4081.2,4078,4080.2,104,109,109,0,19.25,104,0,0,109,56,51.3761467889908,52,47.7064220183486,4,3.6697247706422,0,0,0,0,4,-502,0,1.04807692307692,0,0,0,0,0,0,0,0,0,0,
7/23/2026 7:22:00 PM,+07:00,4080.2,4080.3,4078.5,4079.9,68,75,75,0,19,68,0,0,75,33,44,39,52,-6,-8,0,0,0,0,-6,-508,0,1.10294117647059,0,0,0,0,0,0,0,0,0,0,
7/23/2026 7:23:00 PM,+07:00,4080.1,4080.1,4078,4079.4,60,62,62,0,18.95,60,0,0,62,25,40.3225806451613,36,58.0645161290323,-11,-17.741935483871,0,0,0,0,-11,-519,0,1.03333333333333,0,0,0,0,0,0,0,0,0,0,
7/23/2026 7:24:00 PM,+07:00,4078.9,4079.1,4072.8,4075,375,416,416,0,15.65,375,0,0,416,157,37.7403846153846,219,52.6442307692308,-62,-14.9038461538462,0,0,0,0,-62,-581,0,1.10933333333333,0,0,0,0,0,0,0,0,0,0,
7/23/2026 7:25:00 PM,+07:00,4075,4077.3,4073.7,4077.1,185,204,204,0,15.85,185,0,0,204,114,55.8823529411765,89,43.6274509803922,25,12.2549019607843,0,0,0,0,25,-556,0,1.1027027027027,0,0,0,0,0,0,0,0,0,0,
7/23/2026 7:26:00 PM,+07:00,4076.6,4077.2,4075.5,4076.6,57,62,62,0,16.5,57,0,0,62,28,45.1612903225806,32,51.6129032258064,-4,-6.45161290322581,0,0,0,0,-4,-560,0,1.08771929824561,0,0,0,0,0,0,0,0,0,0,
7/23/2026 7:27:00 PM,+07:00,4077.1,4080,4077.1,4079.1,84,85,85,0,17.95,84,0,0,85,44,51.764705882353,26,30.5882352941176,18,21.1764705882353,0,0,0,0,18,-542,0,1.01190476190476,0,0,0,0,0,0,0,0,0,0,
7/23/2026 7:28:00 PM,+07:00,4078.9,4079.2,4077.9,4078,90,92,92,0,17.55,90,0,0,92,47,51.0869565217391,41,44.5652173913043,6,6.52173913043478,0,0,0,0,6,-536,0,1.02222222222222,0,0,0,0,0,0,0,0,0,0,
7/23/2026 7:29:00 PM,+07:00,4078.1,4079,4076.6,4077.6,60,64,64,0,17.1,60,0,0,64,28,43.75,33,51.5625,-5,-7.8125,0,0,0,0,-5,-541,0,1.06666666666667,0,0,0,0,0,0,0,0,0,0,
7/23/2026 7:30:00 PM,+07:00,4076.8,4076.8,4072,4073.8,316,368,368,0,14.95,316,0,0,368,161,43.75,189,51.3586956521739,-28,-7.60869565217391,0,0,0,0,-28,-569,0,1.16455696202532,0,0,0,0,0,0,0,0,0,0,
7/23/2026 7:31:00 PM,+07:00,4073.9,4074,4070.5,4072.6,154,170,170,0,13.4,154,0,0,170,56,32.9411764705882,91,53.5294117647059,-35,-20.5882352941176,0,0,0,0,-35,-604,0,1.1038961038961,0,0,0,0,0,0,0,0,0,0,
7/23/2026 7:32:00 PM,+07:00,4072.7,4075.3,4072,4073.1,145,149,149,0,14.95,145,0,0,149,78,52.3489932885906,55,36.9127516778524,23,15.4362416107383,0,0,0,0,23,-581,0,1.02758620689655,0,0,0,0,0,0,0,0,0,0,
7/23/2026 7:33:00 PM,+07:00,4073.4,4075.2,4071.5,4074.8,124,132,132,0,15.55,124,0,0,132,61,46.2121212121212,63,47.7272727272727,-2,-1.51515151515152,0,0,0,0,-2,-583,0,1.06451612903226,0,0,0,0,0,0,0,0,0,0,
7/23/2026 7:34:00 PM,+07:00,4075.4,4077.9,4074.2,4077.2,147,157,157,0,18.1,147,0,0,157,70,44.5859872611465,32,20.3821656050955,38,24.203821656051,0,0,0,0,38,-545,0,1.06802721088435,0,0,0,0,0,0,0,0,0,0,
7/23/2026 7:35:00 PM,+07:00,4077.3,4077.5,4074.8,4075.7,140,148,148,0,10.75,140,0,0,148,72,48.6486486486486,65,43.9189189189189,7,4.72972972972973,0,0,0,0,7,-538,0,1.05714285714286,0,0,0,0,0,0,0,0,0,0,
7/23/2026 7:36:00 PM,+07:00,4075.7,4075.7,4069.7,4070,224,266,266,0,12.35,224,0,0,266,98,36.8421052631579,163,61.2781954887218,-65,-24.4360902255639,0,0,0,0,-65,-603,0,1.1875,0,0,0,0,0,0,0,0,0,0,
7/23/2026 7:37:00 PM,+07:00,4070.1,4070.5,4066.5,4068.5,296,351,351,0,-2.1,296,0,0,351,140,39.8860398860399,201,57.2649572649573,-61,-17.3789173789174,0,0,0,0,-61,-664,0,1.18581081081081,0,0,0,0,0,0,0,0,0,0,
7/23/2026 7:38:00 PM,+07:00,4068.5,4072.7,4068.5,4072.2,138,146,146,0,-1.05,138,0,0,146,80,54.7945205479452,61,41.7808219178082,19,13.013698630137,0,0,0,0,19,-645,0,1.05797101449275,0,0,0,0,0,0,0,0,0,0,
7/23/2026 7:39:00 PM,+07:00,4071.8,4076.1,4071.6,4075.9,126,131,131,0,-5.1,126,0,0,131,67,51.1450381679389,59,45.0381679389313,8,6.10687022900763,0,0,0,0,8,-637,0,1.03968253968254,0,0,0,0,0,0,0,0,0,0,
7/23/2026 7:40:00 PM,+07:00,4075.5,4076,4073.3,4074.6,180,200,200,0,-7.45,180,0,0,200,90,45,108,54,-18,-9,0,0,0,0,-18,-655,0,1.11111111111111,0,0,0,0,0,0,0,0,0,0,
7/23/2026 7:41:00 PM,+07:00,4074.4,4075.2,4073.6,4074.4,88,97,97,0,-8.05,88,0,0,97,43,44.3298969072165,51,52.5773195876289,-8,-8.24742268041237,0,0,0,0,-8,-663,0,1.10227272727273,0,0,0,0,0,0,0,0,0,0,
7/23/2026 7:42:00 PM,+07:00,4074,4074.1,4069.6,4069.6,80,86,86,0,-7.55,80,0,0,86,41,47.6744186046512,37,43.0232558139535,4,4.65116279069767,0,0,0,0,4,-659,0,1.075,0,0,0,0,0,0,0,0,0,0,
7/23/2026 7:43:00 PM,+07:00,4069.4,4071.7,4068.7,4071.7,228,250,250,0,-1.45,228,0,0,250,157,62.8,46,18.4,111,44.4,0,0,0,0,111,-548,0,1.09649122807018,0,0,0,0,0,0,0,0,0,0,
7/23/2026 7:44:00 PM,+07:00,4072.3,4074.5,4071.5,4071.5,121,134,134,0,1.05,121,0,0,134,58,43.2835820895522,70,52.2388059701492,-12,-8.95522388059701,0,0,0,0,-12,-560,0,1.10743801652893,0,0,0,0,0,0,0,0,0,0,
7/23/2026 7:45:00 PM,+07:00,4071.6,4072,4067.4,4068.4,139,146,146,0,-0.55,139,0,0,146,68,46.5753424657534,75,51.3698630136986,-7,-4.7945205479452,0,0,0,0,-7,-567,0,1.05035971223022,0,0,0,0,0,0,0,0,0,0,
7/23/2026 7:46:00 PM,+07:00,4068,4070.6,4066,4069.8,251,314,314,0,0.4,251,0,0,314,160,50.9554140127389,145,46.1783439490446,15,4.77707006369427,0,0,0,0,15,-552,0,1.25099601593626,0,0,0,0,0,0,0,0,0,0,
7/23/2026 7:47:00 PM,+07:00,4069.9,4070.5,4068.5,4068.9,116,135,135,0,-1.95,116,0,0,135,51,37.7777777777778,80,59.2592592592592,-29,-21.4814814814815,0,0,0,0,-29,-581,0,1.16379310344828,0,0,0,0,0,0,0,0,0,0,
7/23/2026 7:48:00 PM,+07:00,4069.1,4069.1,4065.9,4066.5,205,241,241,0,-4.5,205,0,0,241,95,39.4190871369295,140,58.091286307054,-45,-18.6721991701245,0,0,0,0,-45,-626,0,1.17560975609756,0,0,0,0,0,0,0,0,0,0,
7/23/2026 7:49:00 PM,+07:00,4066.1,4069,4065.8,4068.8,97,104,104,0,-3.3,97,0,0,104,59,56.7307692307692,40,38.4615384615385,19,18.2692307692308,0,0,0,0,19,-607,0,1.07216494845361,0,0,0,0,0,0,0,0,0,0,
7/23/2026 7:50:00 PM,+07:00,4068.6,4070,4067,4068.1,97,101,101,0,-1.25,97,0,0,101,56,55.4455445544554,43,42.5742574257426,13,12.8712871287129,0,0,0,0,13,-594,0,1.04123711340206,0,0,0,0,0,0,0,0,0,0,
7/23/2026 7:51:00 PM,+07:00,4068.3,4071,4068,4070.9,75,93,93,0,-0.2,75,0,0,93,37,39.7849462365591,51,54.8387096774194,-14,-15.0537634408602,0,0,0,0,-14,-608,0,1.24,0,0,0,0,0,0,0,0,0,0,
7/23/2026 7:52:00 PM,+07:00,4070.3,4070.3,4066.9,4067.6,79,94,94,0,-2.95,79,0,0,94,30,31.9148936170213,62,65.9574468085106,-32,-34.0425531914894,0,0,0,0,-32,-640,0,1.18987341772152,0,0,0,0,0,0,0,0,0,0,
7/23/2026 7:53:00 PM,+07:00,4067.6,4069.6,4067.6,4069.4,95,113,113,0,-2.8,95,0,0,113,57,50.4424778761062,56,49.5575221238938,1,0.884955752212389,0,0,0,0,1,-639,0,1.18947368421053,0,0,0,0,0,0,0,0,0,0,
7/23/2026 7:54:00 PM,+07:00,4068.9,4069.2,4064.5,4067.2,156,168,168,0,-5,156,0,0,168,77,45.8333333333333,83,49.4047619047619,-6,-3.57142857142857,0,0,0,0,-6,-645,0,1.07692307692308,0,0,0,0,0,0,0,0,0,0,
7/23/2026 7:55:00 PM,+07:00,4067,4067,4065.8,4066.5,48,52,52,0,-4.35,48,0,0,52,34,65.3846153846154,14,26.9230769230769,20,38.4615384615385,0,0,0,0,20,-625,0,1.08333333333333,0,0,0,0,0,0,0,0,0,0,
7/23/2026 7:56:00 PM,+07:00,4066.1,4068.4,4066,4068.4,88,96,96,0,0.1,88,0,0,96,57,59.375,33,34.375,24,25,0,0,0,0,24,-601,0,1.09090909090909,0,0,0,0,0,0,0,0,0,0,
7/23/2026 7:57:00 PM,+07:00,4068.3,4069.6,4067.6,4068.6,67,72,72,0,3.15,67,0,0,72,33,45.8333333333333,33,45.8333333333333,0,0,0,0,0,0,0,-601,0,1.07462686567164,0,0,0,0,0,0,0,0,0,0,
7/23/2026 7:58:00 PM,+07:00,4069.1,4069.1,4067,4067.8,64,73,73,0,2.85,64,0,0,73,43,58.9041095890411,30,41.0958904109589,13,17.8082191780822,0,0,0,0,13,-588,0,1.140625,0,0,0,0,0,0,0,0,0,0,
7/23/2026 7:59:00 PM,+07:00,4067.6,4067.6,4063.6,4064.6,224,273,273,0,-0.4,224,0,0,273,98,35.8974358974359,155,56.7765567765568,-57,-20.8791208791209,0,0,0,0,-57,-645,0,1.21875,0,0,0,0,0,0,0,0,0,0,
7/23/2026 8:00:00 PM,+07:00,4064.2,4066.4,4063,4064.5,334,359,359,0,-1.15,334,0,0,359,157,43.7325905292479,190,52.924791086351,-33,-9.19220055710306,0,0,0,0,-33,-678,0,1.0748502994012,0,0,0,0,0,0,0,0,0,0,
7/23/2026 8:01:00 PM,+07:00,4064,4064.4,4057.3,4058.2,436,631,631,0,-14.3,436,0,0,631,164,25.9904912836767,435,68.9381933438986,-271,-42.9477020602219,0,0,0,0,-271,-949,0,1.44724770642202,0,0,0,0,0,0,0,0,0,0,
7/23/2026 8:02:00 PM,+07:00,4058.5,4063.1,4058.4,4061.1,269,282,282,0,-9.25,269,0,0,282,185,65.6028368794326,80,28.3687943262411,105,37.2340425531915,0,0,0,0,105,-844,0,1.04832713754647,0,0,0,0,0,0,0,0,0,0,
7/23/2026 8:03:00 PM,+07:00,4060.7,4061.3,4056.7,4058.7,291,332,332,0,-14.05,291,0,0,332,161,48.4939759036145,146,43.9759036144578,15,4.51807228915663,0,0,0,0,15,-829,0,1.14089347079038,0,0,0,0,0,0,0,0,0,0,
7/23/2026 8:04:00 PM,+07:00,4058.8,4059.7,4057,4058.3,173,191,191,0,-13.55,173,0,0,191,91,47.6439790575916,93,48.6910994764398,-2,-1.04712041884817,0,0,0,0,-2,-831,0,1.10404624277457,0,0,0,0,0,0,0,0,0,0,
7/23/2026 8:05:00 PM,+07:00,4058.1,4059.7,4054.3,4055.3,378,419,419,0,-14.1,378,0,0,419,189,45.1073985680191,207,49.4033412887828,-18,-4.29594272076372,0,0,0,0,-18,-849,0,1.10846560846561,0,0,0,0,0,0,0,0,0,0,
7/23/2026 8:06:00 PM,+07:00,4055.6,4056.2,4048.7,4050.1,955,1255,1255,0,-19.4,955,0,0,1255,560,44.6215139442231,651,51.8725099601594,-91,-7.25099601593626,0,0,0,0,-91,-940,0,1.31413612565445,0,0,0,0,0,0,0,0,0,0,
7/23/2026 8:07:00 PM,+07:00,4050.8,4052,4048,4051.7,551,621,621,0,-19,551,0,0,621,291,46.8599033816425,312,50.2415458937198,-21,-3.38164251207729,0,0,0,0,-21,-961,0,1.12704174228675,0,0,0,0,0,0,0,0,0,0,
7/23/2026 8:08:00 PM,+07:00,4051.5,4052.5,4047,4049,331,376,376,0,-16.55,331,0,0,376,179,47.6063829787234,175,46.5425531914894,4,1.06382978723404,0,0,0,0,4,-957,0,1.13595166163142,0,0,0,0,0,0,0,0,0,0,
7/23/2026 8:09:00 PM,+07:00,4048.6,4051.8,4047.7,4049.6,278,309,309,0,-14.25,278,0,0,309,169,54.6925566343042,104,33.6569579288026,65,21.0355987055016,0,0,0,0,65,-892,0,1.11151079136691,0,0,0,0,0,0,0,0,0,0,
7/23/2026 8:10:00 PM,+07:00,4049.5,4049.6,4042.6,4043.3,692,907,907,0,-14.55,692,0,0,907,440,48.5115766262404,433,47.7398015435502,7,0.771775082690187,0,0,0,0,7,-885,0,1.3106936416185,0,0,0,0,0,0,0,0,0,0,
7/23/2026 8:11:00 PM,+07:00,4043.1,4047,4043,4046.5,330,566,566,0,-0.8,330,0,0,566,407,71.9081272084806,146,25.7950530035336,261,46.113074204947,0,0,0,0,261,-624,0,1.71515151515152,0,0,0,0,0,0,0,0,0,0,
7/23/2026 8:12:00 PM,+07:00,4046.1,4047.4,4043.9,4046.5,217,275,275,0,1.7,217,0,0,275,140,50.9090909090909,122,44.3636363636364,18,6.54545454545455,0,0,0,0,18,-606,0,1.26728110599078,0,0,0,0,0,0,0,0,0,0,
7/23/2026 8:13:00 PM,+07:00,4046,4047,4043.3,4045.3,304,330,330,0,0.25,304,0,0,330,146,44.2424242424242,174,52.7272727272727,-28,-8.48484848484849,0,0,0,0,-28,-634,0,1.08552631578947,0,0,0,0,0,0,0,0,0,0,
7/23/2026 8:14:00 PM,+07:00,4045.5,4045.5,4042.9,4043,138,150,150,0,-0.5,138,0,0,150,57,38,78,52,-21,-14,0,0,0,0,-21,-655,0,1.08695652173913,0,0,0,0,0,0,0,0,0,0,
7/23/2026 8:15:00 PM,+07:00,4042.9,4046,4042.8,4044.3,179,203,203,0,-1.6,179,0,0,203,95,46.7980295566502,97,47.7832512315271,-2,-0.985221674876847,0,0,0,0,-2,-657,0,1.1340782122905,0,0,0,0,0,0,0,0,0,0,
7/23/2026 8:16:00 PM,+07:00,4044,4045.6,4042.6,4045.6,143,148,148,0,-3.3,143,0,0,148,61,41.2162162162162,71,47.972972972973,-10,-6.75675675675676,0,0,0,0,-10,-667,0,1.03496503496504,0,0,0,0,0,0,0,0,0,0,
7/23/2026 8:17:00 PM,+07:00,4045.6,4048.3,4043.4,4048.1,275,312,312,0,0.55,275,0,0,312,187,59.9358974358974,110,35.2564102564103,77,24.6794871794872,0,0,0,0,77,-590,0,1.13454545454545,0,0,0,0,0,0,0,0,0,0,
7/23/2026 8:18:00 PM,+07:00,4048,4048.8,4046.7,4048.7,235,260,260,0,1.7,235,0,0,260,139,53.4615384615385,103,39.6153846153846,36,13.8461538461538,0,0,0,0,36,-554,0,1.1063829787234,0,0,0,0,0,0,0,0,0,0,
7/23/2026 8:19:00 PM,+07:00,4048.7,4052,4048.4,4051.1,435,518,518,0,5.4,435,0,0,518,258,49.8069498069498,241,46.5250965250965,17,3.28185328185328,0,0,0,0,17,-537,0,1.19080459770115,0,0,0,0,0,0,0,0,0,0,
7/23/2026 8:20:00 PM,+07:00,4051,4054.7,4050.6,4053.4,331,394,394,0,10.35,331,0,0,394,225,57.1065989847716,159,40.3553299492386,66,16.751269035533,0,0,0,0,66,-471,0,1.19033232628399,0,0,0,0,0,0,0,0,0,0,
7/23/2026 8:21:00 PM,+07:00,4053.2,4055,4052.4,4054.7,129,148,148,0,24.15,129,0,0,148,73,49.3243243243243,68,45.945945945946,5,3.37837837837838,0,0,0,0,5,-466,0,1.14728682170543,0,0,0,0,0,0,0,0,0,0,
7/23/2026 8:22:00 PM,+07:00,4054.8,4055.6,4053.1,4054.5,189,223,223,0,21.6,189,0,0,223,132,59.1928251121076,78,34.9775784753363,54,24.2152466367713,0,0,0,0,54,-412,0,1.17989417989418,0,0,0,0,0,0,0,0,0,0,
7/23/2026 8:23:00 PM,+07:00,4054.4,4057.7,4054.4,4056.3,228,264,264,0,25.35,228,0,0,264,171,64.7727272727273,81,30.6818181818182,90,34.0909090909091,0,0,0,0,90,-322,0,1.15789473684211,0,0,0,0,0,0,0,0,0,0,
7/23/2026 8:24:00 PM,+07:00,4056.2,4056.5,4053.7,4053.7,99,107,107,0,24.9,99,0,0,107,42,39.2523364485981,53,49.5327102803738,-11,-10.2803738317757,0,0,0,0,-11,-333,0,1.08080808080808,0,0,0,0,0,0,0,0,0,0,
7/23/2026 8:25:00 PM,+07:00,4054.1,4056.3,4054.1,4055.8,96,110,110,0,25.35,96,0,0,110,48,43.6363636363636,57,51.8181818181818,-9,-8.18181818181818,0,0,0,0,-9,-342,0,1.14583333333333,0,0,0,0,0,0,0,0,0,0,
7/23/2026 8:26:00 PM,+07:00,4056.2,4056.5,4054.1,4055.9,160,174,174,0,30.9,160,0,0,174,89,51.1494252873563,69,39.6551724137931,20,11.4942528735632,0,0,0,0,20,-322,0,1.0875,0,0,0,0,0,0,0,0,0,0,
7/23/2026 8:27:00 PM,+07:00,4055.6,4057,4055.1,4056.5,61,68,68,0,32,61,0,0,68,33,48.5294117647059,32,47.0588235294118,1,1.47058823529412,0,0,0,0,1,-321,0,1.11475409836066,0,0,0,0,0,0,0,0,0,0,
7/23/2026 8:28:00 PM,+07:00,4056.9,4060.4,4056.9,4059.7,240,341,341,0,32.2,240,0,0,341,164,48.0938416422287,156,45.7478005865103,8,2.34604105571848,0,0,0,0,8,-313,0,1.42083333333333,0,0,0,0,0,0,0,0,0,0,
7/23/2026 8:29:00 PM,+07:00,4059.8,4061.4,4057.9,4061.1,258,279,279,0,29.85,258,0,0,279,146,52.3297491039427,128,45.8781362007168,18,6.45161290322581,0,0,0,0,18,-295,0,1.08139534883721,0,0,0,0,0,0,0,0,0,0,
7/23/2026 8:30:00 PM,+07:00,4060.9,4065.6,4060.7,4064,730,917,917,0,27.25,730,0,0,917,413,45.0381679389313,458,49.9454743729553,-45,-4.90730643402399,0,0,0,0,-45,-340,0,1.25616438356164,0,0,0,0,0,0,0,0,0,0,
7/23/2026 8:31:00 PM,+07:00,4063.4,4065.4,4062.4,4065.1,251,297,297,0,13.8,251,0,0,297,140,47.1380471380471,148,49.8316498316498,-8,-2.69360269360269,0,0,0,0,-8,-348,0,1.18326693227092,0,0,0,0,0,0,0,0,0,0,
7/23/2026 8:32:00 PM,+07:00,4065.5,4068.9,4064,4068.7,250,329,329,0,15.9,250,0,0,329,187,56.838905775076,127,38.6018237082067,60,18.2370820668693,0,0,0,0,60,-288,0,1.316,0,0,0,0,0,0,0,0,0,0,
7/23/2026 8:33:00 PM,+07:00,4068.8,4070.1,4066.9,4068.8,359,396,396,0,18.25,359,0,0,396,194,48.989898989899,175,44.1919191919192,19,4.7979797979798,0,0,0,0,19,-269,0,1.10306406685237,0,0,0,0,0,0,0,0,0,0,
7/23/2026 8:34:00 PM,+07:00,4069.1,4069.9,4065,4066.6,507,541,541,0,17.65,507,0,0,541,244,45.1016635859519,277,51.2014787430684,-33,-6.09981515711645,0,0,0,0,-33,-302,0,1.06706114398422,0,0,0,0,0,0,0,0,0,0,
7/23/2026 8:35:00 PM,+07:00,4066,4067.5,4065,4065.4,204,207,207,0,15.6,204,0,0,207,81,39.1304347826087,124,59.9033816425121,-43,-20.7729468599034,0,0,0,0,-43,-345,0,1.01470588235294,0,0,0,0,0,0,0,0,0,0,
7/23/2026 8:36:00 PM,+07:00,4065.7,4065.7,4062.3,4062.8,353,377,377,0,11.75,353,0,0,377,138,36.604774535809,225,59.6816976127321,-87,-23.0769230769231,0,0,0,0,-87,-432,0,1.06798866855524,0,0,0,0,0,0,0,0,0,0,
7/23/2026 8:37:00 PM,+07:00,4062.8,4064.6,4062.2,4063,162,175,175,0,6.1,162,0,0,175,69,39.4285714285714,105,60,-36,-20.5714285714286,0,0,0,0,-36,-468,0,1.08024691358025,0,0,0,0,0,0,0,0,0,0,
7/23/2026 8:38:00 PM,+07:00,4062.7,4064.3,4060.7,4061.1,148,161,161,0,2.75,148,0,0,161,62,38.5093167701863,93,57.7639751552795,-31,-19.2546583850932,0,0,0,0,-31,-499,0,1.08783783783784,0,0,0,0,0,0,0,0,0,0,
7/23/2026 8:39:00 PM,+07:00,4061.1,4062,4058.6,4059.7,165,168,168,0,0.9,165,0,0,168,70,41.6666666666667,90,53.5714285714286,-20,-11.9047619047619,0,0,0,0,-20,-519,0,1.01818181818182,0,0,0,0,0,0,0,0,0,0,
7/23/2026 8:40:00 PM,+07:00,4059.8,4060.3,4058.5,4058.6,132,150,150,0,-1.4,132,0,0,150,81,54,61,40.6666666666667,20,13.3333333333333,0,0,0,0,20,-499,0,1.13636363636364,0,0,0,0,0,0,0,0,0,0,
7/23/2026 8:41:00 PM,+07:00,4059.2,4062,4058.9,4062,155,207,207,0,0.05,155,0,0,207,115,55.5555555555556,81,39.1304347826087,34,16.4251207729469,0,0,0,0,34,-465,0,1.33548387096774,0,0,0,0,0,0,0,0,0,0,
7/23/2026 8:42:00 PM,+07:00,4061.7,4064.2,4060.7,4064,139,162,162,0,0.05,139,0,0,162,97,59.8765432098766,43,26.5432098765432,54,33.3333333333333,0,0,0,0,54,-411,0,1.16546762589928,0,0,0,0,0,0,0,0,0,0,
7/23/2026 8:43:00 PM,+07:00,4063.7,4065.3,4063,4064.1,149,218,218,0,-4.5,149,0,0,218,108,49.5412844036697,109,50,-1,-0.458715596330275,0,0,0,0,-1,-412,0,1.46308724832215,0,0,0,0,0,0,0,0,0,0,
7/23/2026 8:44:00 PM,+07:00,4064,4064.5,4058.8,4059.3,166,204,204,0,-7.35,166,0,0,204,68,33.3333333333333,136,66.6666666666666,-68,-33.3333333333333,0,0,0,0,-68,-480,0,1.2289156626506,0,0,0,0,0,0,0,0,0,0,
7/23/2026 8:45:00 PM,+07:00,4059.5,4060.1,4056.6,4058.2,193,225,225,0,-6.05,193,0,0,225,114,50.6666666666667,97,43.1111111111111,17,7.55555555555556,0,0,0,0,17,-463,0,1.16580310880829,0,0,0,0,0,0,0,0,0,0,
7/23/2026 8:46:00 PM,+07:00,4058.2,4059.8,4056,4057.1,130,141,141,0,-8.3,130,0,0,141,54,38.2978723404255,79,56.0283687943262,-25,-17.7304964539007,0,0,0,0,-25,-488,0,1.08461538461538,0,0,0,0,0,0,0,0,0,0,
7/23/2026 8:47:00 PM,+07:00,4057.3,4057.8,4055.7,4057.8,110,117,117,0,-8.3,110,0,0,117,57,48.7179487179487,56,47.8632478632479,1,0.854700854700855,0,0,0,0,1,-487,0,1.06363636363636,0,0,0,0,0,0,0,0,0,0,
7/23/2026 8:48:00 PM,+07:00,4057.5,4058,4052.8,4053.5,301,344,344,0,-13.1,301,0,0,344,125,36.3372093023256,213,61.9186046511628,-88,-25.5813953488372,0,0,0,0,-88,-575,0,1.14285714285714,0,0,0,0,0,0,0,0,0,0,
7/23/2026 8:49:00 PM,+07:00,4053.7,4055.6,4053.4,4055.6,110,130,130,0,-11.95,110,0,0,130,83,63.8461538461538,42,32.3076923076923,41,31.5384615384615,0,0,0,0,41,-534,0,1.18181818181818,0,0,0,0,0,0,0,0,0,0,
7/23/2026 8:50:00 PM,+07:00,4055.8,4058.2,4054.7,4057.2,138,154,154,0,-8.7,138,0,0,154,85,55.1948051948052,65,42.2077922077922,20,12.987012987013,0,0,0,0,20,-514,0,1.11594202898551,0,0,0,0,0,0,0,0,0,0,
7/23/2026 8:51:00 PM,+07:00,4056.9,4057.5,4056,4057.1,66,78,78,0,-8.45,66,0,0,78,36,46.1538461538462,39,50,-3,-3.84615384615385,0,0,0,0,-3,-517,0,1.18181818181818,0,0,0,0,0,0,0,0,0,0,
7/23/2026 8:52:00 PM,+07:00,4057.5,4057.8,4055,4057.8,72,103,103,0,-12.8,72,0,0,103,37,35.9223300970874,64,62.1359223300971,-27,-26.2135922330097,0,0,0,0,-27,-544,0,1.43055555555556,0,0,0,0,0,0,0,0,0,0,
7/23/2026 8:53:00 PM,+07:00,4057.7,4060.9,4056.4,4060.7,167,199,199,0,-11.3,167,0,0,199,122,61.3065326633166,73,36.6834170854271,49,24.6231155778894,0,0,0,0,49,-495,0,1.19161676646707,0,0,0,0,0,0,0,0,0,0,
7/23/2026 8:54:00 PM,+07:00,4060.6,4061.8,4057.6,4059.3,166,181,181,0,-11,166,0,0,181,75,41.4364640883978,102,56.353591160221,-27,-14.9171270718232,0,0,0,0,-27,-522,0,1.09036144578313,0,0,0,0,0,0,0,0,0,0,
7/23/2026 8:55:00 PM,+07:00,4059,4060.7,4056.8,4057.7,269,315,315,0,-11,269,0,0,315,135,42.8571428571429,178,56.5079365079365,-43,-13.6507936507936,0,0,0,0,-43,-565,0,1.17100371747212,0,0,0,0,0,0,0,0,0,0,
7/23/2026 8:56:00 PM,+07:00,4057.7,4059.4,4054.5,4054.6,268,278,278,0,-7.2,268,0,0,278,132,47.4820143884892,143,51.4388489208633,-11,-3.9568345323741,0,0,0,0,-11,-576,0,1.03731343283582,0,0,0,0,0,0,0,0,0,0,
7/23/2026 8:57:00 PM,+07:00,4054.8,4055,4049.6,4049.8,371,416,416,0,-7.55,371,0,0,416,182,43.75,225,54.0865384615385,-43,-10.3365384615385,0,0,0,0,-43,-619,0,1.12129380053908,0,0,0,0,0,0,0,0,0,0,
7/23/2026 8:58:00 PM,+07:00,4049.8,4050.5,4048,4049.1,269,305,305,0,-8.2,269,0,0,305,125,40.983606557377,169,55.4098360655738,-44,-14.4262295081967,0,0,0,0,-44,-663,0,1.13382899628253,0,0,0,0,0,0,0,0,0,0,
7/23/2026 8:59:00 PM,+07:00,4049.2,4050.5,4045.3,4045.8,308,337,337,0,-10.25,308,0,0,337,128,37.9821958456973,189,56.0830860534125,-61,-18.1008902077151,0,0,0,0,-61,-724,0,1.09415584415584,0,0,0,0,0,0,0,0,0,0,
7/23/2026 9:00:00 PM,+07:00,4046.1,4053.3,4046.1,4052.5,519,575,575,0,-6.25,519,0,0,575,331,57.5652173913044,231,40.1739130434783,100,17.3913043478261,0,0,0,0,100,-624,0,1.10789980732177,0,0,0,0,0,0,0,0,0,0,
7/23/2026 9:01:00 PM,+07:00,4052.9,4053.3,4049.4,4049.9,346,401,401,0,-8.4,346,0,0,401,191,47.6309226932668,200,49.8753117206983,-9,-2.24438902743142,0,0,0,0,-9,-633,0,1.15895953757225,0,0,0,0,0,0,0,0,0,0,
7/23/2026 9:02:00 PM,+07:00,4050.1,4052.2,4047.7,4047.9,204,259,259,0,-11.75,204,0,0,259,116,44.7876447876448,129,49.8069498069498,-13,-5.01930501930502,0,0,0,0,-13,-646,0,1.26960784313725,0,0,0,0,0,0,0,0,0,0,
7/23/2026 9:03:00 PM,+07:00,4047.5,4049.1,4046.2,4047.7,215,225,225,0,-11.2,215,0,0,225,115,51.1111111111111,105,46.6666666666667,10,4.44444444444444,0,0,0,0,10,-636,0,1.04651162790698,0,0,0,0,0,0,0,0,0,0,
7/23/2026 9:04:00 PM,+07:00,4047.7,4048.8,4045.4,4046.5,213,241,241,0,-7.5,213,0,0,241,122,50.6224066390042,116,48.1327800829876,6,2.4896265560166,0,0,0,0,6,-630,0,1.13145539906103,0,0,0,0,0,0,0,0,0,0,
7/23/2026 9:05:00 PM,+07:00,4046.5,4049,4045,4048.2,126,140,140,0,-8.35,126,0,0,140,66,47.1428571428571,66,47.1428571428571,0,0,0,0,0,0,0,-630,0,1.11111111111111,0,0,0,0,0,0,0,0,0,0,
7/23/2026 9:06:00 PM,+07:00,4048.3,4048.7,4045.8,4047.6,123,132,132,0,-8.25,123,0,0,132,52,39.3939393939394,75,56.8181818181818,-23,-17.4242424242424,0,0,0,0,-23,-653,0,1.07317073170732,0,0,0,0,0,0,0,0,0,0,
7/23/2026 9:07:00 PM,+07:00,4047.2,4048.8,4043.2,4045.4,180,205,205,0,-11.5,180,0,0,205,68,33.1707317073171,132,64.390243902439,-64,-31.219512195122,0,0,0,0,-64,-717,0,1.13888888888889,0,0,0,0,0,0,0,0,0,0,
7/23/2026 9:08:00 PM,+07:00,4045.5,4045.7,4042.5,4042.8,403,511,511,0,-11.7,403,0,0,511,204,39.9217221135029,296,57.9256360078278,-92,-18.0039138943249,0,0,0,0,-92,-809,0,1.26799007444169,0,0,0,0,0,0,0,0,0,0,
7/23/2026 9:09:00 PM,+07:00,4043.1,4048.4,4042.5,4048.3,358,401,401,0,-11.05,358,0,0,401,214,53.3665835411471,160,39.9002493765586,54,13.4663341645885,0,0,0,0,54,-755,0,1.12011173184358,0,0,0,0,0,0,0,0,0,0,
7/23/2026 9:10:00 PM,+07:00,4048.3,4050.2,4045.6,4046.2,274,305,305,0,-15.55,274,0,0,305,113,37.0491803278689,183,60,-70,-22.9508196721311,0,0,0,0,-70,-825,0,1.11313868613139,0,0,0,0,0,0,0,0,0,0,
7/23/2026 9:11:00 PM,+07:00,4045.8,4049.2,4044.6,4049.2,88,94,94,0,-15.3,88,0,0,94,46,48.936170212766,44,46.8085106382979,2,2.12765957446808,0,0,0,0,2,-823,0,1.06818181818182,0,0,0,0,0,0,0,0,0,0,
7/23/2026 9:12:00 PM,+07:00,4048.8,4050.7,4047.9,4050.4,147,169,169,0,-12.2,147,0,0,169,98,57.9881656804734,63,37.2781065088757,35,20.7100591715976,0,0,0,0,35,-788,0,1.14965986394558,0,0,0,0,0,0,0,0,0,0,
7/23/2026 9:13:00 PM,+07:00,4050.6,4052.2,4048.5,4051.6,148,153,153,0,-14.15,148,0,0,153,78,50.9803921568627,68,44.4444444444444,10,6.5359477124183,0,0,0,0,10,-778,0,1.03378378378378,0,0,0,0,0,0,0,0,0,0,
7/23/2026 9:14:00 PM,+07:00,4051.5,4054.3,4049.6,4051,474,513,513,0,-15.1,474,0,0,513,226,44.0545808966862,272,53.0214424951267,-46,-8.96686159844054,0,0,0,0,-46,-824,0,1.08227848101266,0,0,0,0,0,0,0,0,0,0,
7/23/2026 9:15:00 PM,+07:00,4050.6,4053.2,4048.3,4049.5,243,284,284,0,-14.2,243,0,0,284,118,41.5492957746479,143,50.3521126760563,-25,-8.80281690140845,0,0,0,0,-25,-849,0,1.16872427983539,0,0,0,0,0,0,0,0,0,0,
7/23/2026 9:16:00 PM,+07:00,4049.8,4052.9,4049.6,4051.3,109,126,126,0,-13.75,109,0,0,126,61,48.4126984126984,63,50,-2,-1.58730158730159,0,0,0,0,-2,-851,0,1.15596330275229,0,0,0,0,0,0,0,0,0,0,
7/23/2026 9:17:00 PM,+07:00,4051.7,4052.5,4049.9,4052.2,96,100,100,0,-10.4,96,0,0,100,60,60,36,36,24,24,0,0,0,0,24,-827,0,1.04166666666667,0,0,0,0,0,0,0,0,0,0,
7/23/2026 9:18:00 PM,+07:00,4051.7,4052,4046.5,4046.5,126,162,162,0,-9,126,0,0,162,70,43.2098765432099,86,53.0864197530864,-16,-9.87654320987654,0,0,0,0,-16,-843,0,1.28571428571429,0,0,0,0,0,0,0,0,0,0,
7/23/2026 9:19:00 PM,+07:00,4046.7,4047.4,4045.5,4047.3,134,158,158,0,-5.25,134,0,0,158,84,53.1645569620253,70,44.3037974683544,14,8.86075949367089,0,0,0,0,14,-829,0,1.17910447761194,0,0,0,0,0,0,0,0,0,0,
7/23/2026 9:20:00 PM,+07:00,4046.9,4048.1,4046,4047.2,152,179,179,0,-9.85,152,0,0,179,87,48.6033519553073,79,44.1340782122905,8,4.46927374301676,0,0,0,0,8,-821,0,1.17763157894737,0,0,0,0,0,0,0,0,0,0,
7/23/2026 9:21:00 PM,+07:00,4047.4,4050.3,4047.2,4050,119,131,131,0,-9.1,119,0,0,131,64,48.8549618320611,58,44.2748091603053,6,4.58015267175572,0,0,0,0,6,-815,0,1.10084033613445,0,0,0,0,0,0,0,0,0,0,
7/23/2026 9:22:00 PM,+07:00,4050.1,4053.1,4049.5,4052.7,176,188,188,0,-8.45,176,0,0,188,93,49.468085106383,93,49.468085106383,0,0,0,0,0,0,0,-815,0,1.06818181818182,0,0,0,0,0,0,0,0,0,0,
7/23/2026 9:23:00 PM,+07:00,4052.3,4054.6,4051.6,4051.8,170,189,189,0,-9.45,170,0,0,189,87,46.031746031746,97,51.3227513227513,-10,-5.29100529100529,0,0,0,0,-10,-825,0,1.11176470588235,0,0,0,0,0,0,0,0,0,0,
7/23/2026 9:24:00 PM,+07:00,4052.4,4055.3,4051.4,4055.1,150,170,170,0,-8.15,150,0,0,170,99,58.2352941176471,67,39.4117647058824,32,18.8235294117647,0,0,0,0,32,-793,0,1.13333333333333,0,0,0,0,0,0,0,0,0,0,
7/23/2026 9:25:00 PM,+07:00,4055,4058.1,4054.1,4057.7,206,243,243,0,-6.15,206,0,0,243,140,57.6131687242798,100,41.1522633744856,40,16.4609053497942,0,0,0,0,40,-753,0,1.17961165048544,0,0,0,0,0,0,0,0,0,0,
7/23/2026 9:26:00 PM,+07:00,4057.3,4057.6,4055,4057.3,114,140,140,0,-2.75,114,0,0,140,91,65,46,32.8571428571429,45,32.1428571428571,0,0,0,0,45,-708,0,1.2280701754386,0,0,0,0,0,0,0,0,0,0,
7/23/2026 9:27:00 PM,+07:00,4057.4,4058,4055.2,4055.3,65,73,73,0,-0.9,65,0,0,73,21,28.7671232876712,48,65.7534246575342,-27,-36.986301369863,0,0,0,0,-27,-735,0,1.12307692307692,0,0,0,0,0,0,0,0,0,0,
7/23/2026 9:28:00 PM,+07:00,4055.3,4057.2,4055.2,4056.5,103,107,107,0,4.35,103,0,0,107,50,46.7289719626168,37,34.5794392523364,13,12.1495327102804,0,0,0,0,13,-722,0,1.03883495145631,0,0,0,0,0,0,0,0,0,0,
7/23/2026 9:29:00 PM,+07:00,4056.2,4060.2,4055.8,4059.6,253,275,275,0,2.1,253,0,0,275,118,42.9090909090909,109,39.6363636363636,9,3.27272727272727,0,0,0,0,9,-713,0,1.08695652173913,0,0,0,0,0,0,0,0,0,0,
7/23/2026 9:30:00 PM,+07:00,4059.6,4060.6,4058,4059,213,239,239,0,3.1,213,0,0,239,87,36.4016736401674,137,57.3221757322176,-50,-20.9205020920502,0,0,0,0,-50,-763,0,1.12206572769953,0,0,0,0,0,0,0,0,0,0,
7/23/2026 9:31:00 PM,+07:00,4058.7,4061,4058.3,4058.8,133,143,143,0,3.35,133,0,0,143,70,48.951048951049,63,44.0559440559441,7,4.8951048951049,0,0,0,0,7,-756,0,1.07518796992481,0,0,0,0,0,0,0,0,0,0,
7/23/2026 9:32:00 PM,+07:00,4058.4,4059.2,4054.8,4055.5,158,187,187,0,-0.55,158,0,0,187,68,36.3636363636364,111,59.3582887700535,-43,-22.9946524064171,0,0,0,0,-43,-799,0,1.18354430379747,0,0,0,0,0,0,0,0,0,0,
7/23/2026 9:33:00 PM,+07:00,4055.7,4057.7,4055.4,4056.8,70,80,80,0,-1.6,70,0,0,80,33,41.25,44,55,-11,-13.75,0,0,0,0,-11,-810,0,1.14285714285714,0,0,0,0,0,0,0,0,0,0,
7/23/2026 9:34:00 PM,+07:00,4056.7,4058.1,4056.2,4057.4,98,123,123,0,1,98,0,0,123,54,43.9024390243902,48,39.0243902439024,6,4.8780487804878,0,0,0,0,6,-804,0,1.25510204081633,0,0,0,0,0,0,0,0,0,0,
7/23/2026 9:35:00 PM,+07:00,4057.8,4058.3,4054.4,4057.5,136,164,164,0,1.45,136,0,0,164,65,39.6341463414634,81,49.390243902439,-16,-9.75609756097561,0,0,0,0,-16,-820,0,1.20588235294118,0,0,0,0,0,0,0,0,0,0,
7/23/2026 9:36:00 PM,+07:00,4057.5,4060.2,4056.8,4059.7,63,66,66,0,2.05,63,0,0,66,34,51.5151515151515,24,36.3636363636364,10,15.1515151515152,0,0,0,0,10,-810,0,1.04761904761905,0,0,0,0,0,0,0,0,0,0,
7/23/2026 9:37:00 PM,+07:00,4060.1,4064.1,4059.6,4062.3,199,215,215,0,3.65,199,0,0,215,131,60.9302325581395,75,34.8837209302326,56,26.046511627907,0,0,0,0,56,-754,0,1.08040201005025,0,0,0,0,0,0,0,0,0,0,
7/23/2026 9:38:00 PM,+07:00,4062.4,4062.5,4058.9,4060.9,122,148,148,0,1.35,122,0,0,148,42,28.3783783783784,104,70.2702702702703,-62,-41.8918918918919,0,0,0,0,-62,-816,0,1.21311475409836,0,0,0,0,0,0,0,0,0,0,
7/23/2026 9:39:00 PM,+07:00,4061.2,4062.6,4060.7,4062.2,72,79,79,0,1.55,72,0,0,79,47,59.493670886076,29,36.7088607594937,18,22.7848101265823,0,0,0,0,18,-798,0,1.09722222222222,0,0,0,0,0,0,0,0,0,0,
7/23/2026 9:40:00 PM,+07:00,4062.2,4063,4061,4061.2,111,124,124,0,0.7,111,0,0,124,54,43.5483870967742,63,50.8064516129032,-9,-7.25806451612903,0,0,0,0,-9,-807,0,1.11711711711712,0,0,0,0,0,0,0,0,0,0,
7/23/2026 9:41:00 PM,+07:00,4061.2,4061.7,4060,4061,72,102,102,0,1.8,72,0,0,102,60,58.8235294117647,32,31.3725490196078,28,27.4509803921569,0,0,0,0,28,-779,0,1.41666666666667,0,0,0,0,0,0,0,0,0,0,
7/23/2026 9:42:00 PM,+07:00,4060.5,4061.2,4059.7,4060.7,45,48,48,0,1.25,45,0,0,48,18,37.5,29,60.4166666666667,-11,-22.9166666666667,0,0,0,0,-11,-790,0,1.06666666666667,0,0,0,0,0,0,0,0,0,0,
7/23/2026 9:43:00 PM,+07:00,4060.7,4060.7,4059.4,4059.6,73,76,76,0,1.55,73,0,0,76,33,43.421052631579,37,48.6842105263158,-4,-5.26315789473684,0,0,0,0,-4,-794,0,1.04109589041096,0,0,0,0,0,0,0,0,0,0,
7/23/2026 9:44:00 PM,+07:00,4059.8,4060.6,4058.9,4060.1,79,83,83,0,-0.15,79,0,0,83,37,44.578313253012,39,46.9879518072289,-2,-2.40963855421687,0,0,0,0,-2,-796,0,1.05063291139241,0,0,0,0,0,0,0,0,0,0,
7/23/2026 9:45:00 PM,+07:00,4060,4062.5,4059,4062.3,75,78,78,0,-1.9,75,0,0,78,38,48.7179487179487,33,42.3076923076923,5,6.41025641025641,0,0,0,0,5,-791,0,1.04,0,0,0,0,0,0,0,0,0,0,
7/23/2026 9:46:00 PM,+07:00,4062.1,4064.7,4062.1,4063.5,104,124,124,0,-3.65,104,0,0,124,65,52.4193548387097,55,44.3548387096774,10,8.06451612903226,0,0,0,0,10,-781,0,1.19230769230769,0,0,0,0,0,0,0,0,0,0,
7/23/2026 9:47:00 PM,+07:00,4063.2,4064.2,4062.3,4063.4,59,60,60,0,-1.3,59,0,0,60,40,66.6666666666666,20,33.3333333333333,20,33.3333333333333,0,0,0,0,20,-761,0,1.01694915254237,0,0,0,0,0,0,0,0,0,0,
7/23/2026 9:48:00 PM,+07:00,4063.4,4064.7,4062.5,4062.7,52,53,53,0,-2,52,0,0,53,26,49.0566037735849,27,50.9433962264151,-1,-1.88679245283019,0,0,0,0,-1,-762,0,1.01923076923077,0,0,0,0,0,0,0,0,0,0,
7/23/2026 9:49:00 PM,+07:00,4063.2,4063.2,4061.1,4061.9,66,94,94,0,-1,66,0,0,94,61,64.8936170212766,32,34.0425531914894,29,30.8510638297872,0,0,0,0,29,-733,0,1.42424242424242,0,0,0,0,0,0,0,0,0,0,
7/23/2026 9:50:00 PM,+07:00,4061.9,4063.2,4061.1,4062.6,118,132,132,0,-1,118,0,0,132,40,30.3030303030303,90,68.1818181818182,-50,-37.8787878787879,0,0,0,0,-50,-783,0,1.11864406779661,0,0,0,0,0,0,0,0,0,0,
7/23/2026 9:51:00 PM,+07:00,4062.3,4062.6,4060.1,4060.7,61,67,67,0,-0.9,61,0,0,67,35,52.2388059701492,26,38.8059701492537,9,13.4328358208955,0,0,0,0,9,-774,0,1.0983606557377,0,0,0,0,0,0,0,0,0,0,
7/23/2026 9:52:00 PM,+07:00,4060.3,4062.8,4060.1,4062.8,69,96,96,0,2.65,69,0,0,96,62,64.5833333333334,34,35.4166666666667,28,29.1666666666667,0,0,0,0,28,-746,0,1.39130434782609,0,0,0,0,0,0,0,0,0,0,
7/23/2026 9:53:00 PM,+07:00,4062.6,4063.3,4061.9,4062.4,34,34,34,0,2.65,34,0,0,34,11,32.3529411764706,22,64.7058823529412,-11,-32.3529411764706,0,0,0,0,-11,-757,0,1,0,0,0,0,0,0,0,0,0,0,
7/23/2026 9:54:00 PM,+07:00,4062.3,4062.9,4059.7,4060,54,66,66,0,2.2,54,0,0,66,31,46.969696969697,34,51.5151515151515,-3,-4.54545454545455,0,0,0,0,-3,-760,0,1.22222222222222,0,0,0,0,0,0,0,0,0,0,
7/23/2026 9:55:00 PM,+07:00,4059.7,4061.9,4059.6,4061.1,45,45,45,0,2.85,45,0,0,45,21,46.6666666666667,24,53.3333333333333,-3,-6.66666666666667,0,0,0,0,-3,-763,0,1,0,0,0,0,0,0,0,0,0,0,
7/23/2026 9:56:00 PM,+07:00,4061.4,4062.6,4059.9,4060.3,69,88,88,0,1.7,69,0,0,88,35,39.7727272727273,48,54.5454545454545,-13,-14.7727272727273,0,0,0,0,-13,-776,0,1.27536231884058,0,0,0,0,0,0,0,0,0,0,
7/23/2026 9:57:00 PM,+07:00,4060.4,4062.3,4060.4,4062.3,47,55,55,0,-0.75,47,0,0,55,30,54.5454545454545,23,41.8181818181818,7,12.7272727272727,0,0,0,0,7,-769,0,1.17021276595745,0,0,0,0,0,0,0,0,0,0,
7/23/2026 9:58:00 PM,+07:00,4062.3,4063.1,4060.8,4061.2,44,45,45,0,2.5,44,0,0,45,21,46.6666666666667,18,40,3,6.66666666666667,0,0,0,0,3,-766,0,1.02272727272727,0,0,0,0,0,0,0,0,0,0,
7/23/2026 9:59:00 PM,+07:00,4060.8,4062.1,4060.8,4061.1,37,39,39,0,1.15,37,0,0,39,12,30.7692307692308,21,53.8461538461538,-9,-23.0769230769231,0,0,0,0,-9,-775,0,1.05405405405405,0,0,0,0,0,0,0,0,0,0,
7/23/2026 10:00:00 PM,+07:00,4061.5,4062.6,4060.2,4061.7,64,67,67,0,2.65,64,0,0,67,44,65.6716417910448,23,34.3283582089552,21,31.3432835820896,0,0,0,0,21,-754,0,1.046875,0,0,0,0,0,0,0,0,0,0,
7/23/2026 10:01:00 PM,+07:00,4061.4,4061.9,4059.9,4060.6,60,72,72,0,-0.05,60,0,0,72,19,26.3888888888889,45,62.5,-26,-36.1111111111111,0,0,0,0,-26,-780,0,1.2,0,0,0,0,0,0,0,0,0,0,
7/23/2026 10:02:00 PM,+07:00,4060.2,4062.3,4060.2,4060.9,51,51,51,0,0.7,51,0,0,51,27,52.9411764705882,23,45.0980392156863,4,7.84313725490196,0,0,0,0,4,-776,0,1,0,0,0,0,0,0,0,0,0,0,
7/23/2026 10:03:00 PM,+07:00,4060,4062.1,4059.8,4060.2,43,55,55,0,1.15,43,0,0,55,30,54.5454545454545,25,45.4545454545455,5,9.09090909090909,0,0,0,0,5,-771,0,1.27906976744186,0,0,0,0,0,0,0,0,0,0,
7/23/2026 10:04:00 PM,+07:00,4060.1,4060.1,4058.4,4059.2,71,78,78,0,0.65,71,0,0,78,30,38.4615384615385,42,53.8461538461538,-12,-15.3846153846154,0,0,0,0,-12,-783,0,1.09859154929577,0,0,0,0,0,0,0,0,0,0,
7/23/2026 10:05:00 PM,+07:00,4059.5,4060,4058,4058.7,97,108,108,0,-0.1,97,0,0,108,46,42.5925925925926,56,51.8518518518518,-10,-9.25925925925926,0,0,0,0,-10,-793,0,1.11340206185567,0,0,0,0,0,0,0,0,0,0,
7/23/2026 10:06:00 PM,+07:00,4058.3,4058.8,4057,4057.4,130,144,144,0,-0.75,130,0,0,144,68,47.2222222222222,71,49.3055555555556,-3,-2.08333333333333,0,0,0,0,-3,-796,0,1.10769230769231,0,0,0,0,0,0,0,0,0,0,
7/23/2026 10:07:00 PM,+07:00,4057.6,4060.3,4057.6,4060.3,70,85,85,0,-1.65,70,0,0,85,42,49.4117647058824,40,47.0588235294118,2,2.35294117647059,0,0,0,0,2,-794,0,1.21428571428571,0,0,0,0,0,0,0,0,0,0,
7/23/2026 10:08:00 PM,+07:00,4059.7,4060.6,4057.7,4058.2,63,72,72,0,-2.45,63,0,0,72,26,36.1111111111111,43,59.7222222222222,-17,-23.6111111111111,0,0,0,0,-17,-811,0,1.14285714285714,0,0,0,0,0,0,0,0,0,0,
7/23/2026 10:09:00 PM,+07:00,4058.2,4059.4,4054.2,4054.7,137,166,166,0,-5.6,137,0,0,166,63,37.9518072289157,97,58.433734939759,-34,-20.4819277108434,0,0,0,0,-34,-845,0,1.21167883211679,0,0,0,0,0,0,0,0,0,0,
7/23/2026 10:10:00 PM,+07:00,4054.7,4055.2,4052.4,4054,160,201,201,0,-3.15,160,0,0,201,96,47.7611940298507,97,48.2587064676617,-1,-0.497512437810945,0,0,0,0,-1,-846,0,1.25625,0,0,0,0,0,0,0,0,0,0,
7/23/2026 10:11:00 PM,+07:00,4053.8,4054.9,4053.2,4054.6,124,140,140,0,-2.75,124,0,0,140,78,55.7142857142857,61,43.5714285714286,17,12.1428571428571,0,0,0,0,17,-829,0,1.12903225806452,0,0,0,0,0,0,0,0,0,0,
7/23/2026 10:12:00 PM,+07:00,4054.7,4056.1,4054.1,4055.3,94,106,106,0,-5,94,0,0,106,44,41.5094339622642,61,57.5471698113208,-17,-16.0377358490566,0,0,0,0,-17,-846,0,1.12765957446808,0,0,0,0,0,0,0,0,0,0,
7/23/2026 10:13:00 PM,+07:00,4055.3,4057,4053.8,4054.1,129,150,150,0,-4.8,129,0,0,150,70,46.6666666666667,77,51.3333333333333,-7,-4.66666666666667,0,0,0,0,-7,-853,0,1.16279069767442,0,0,0,0,0,0,0,0,0,0,
7/23/2026 10:14:00 PM,+07:00,4054.2,4055.1,4052.3,4054.7,152,180,180,0,-3.25,152,0,0,180,104,57.7777777777778,76,42.2222222222222,28,15.5555555555556,0,0,0,0,28,-825,0,1.18421052631579,0,0,0,0,0,0,0,0,0,0,
7/23/2026 10:15:00 PM,+07:00,4054,4056.3,4053,4055.6,219,291,291,0,3.45,219,0,0,291,211,72.5085910652921,80,27.4914089347079,131,45.0171821305842,0,0,0,0,131,-694,0,1.32876712328767,0,0,0,0,0,0,0,0,0,0,
7/23/2026 10:16:00 PM,+07:00,4054.9,4057.8,4054.9,4056.4,73,77,77,0,4,73,0,0,77,37,48.051948051948,39,50.6493506493506,-2,-2.5974025974026,0,0,0,0,-2,-696,0,1.05479452054795,0,0,0,0,0,0,0,0,0,0,
7/23/2026 10:17:00 PM,+07:00,4057.3,4059.4,4056.7,4058.7,67,80,80,0,4.5,67,0,0,80,48,60,31,38.75,17,21.25,0,0,0,0,17,-679,0,1.19402985074627,0,0,0,0,0,0,0,0,0,0,
7/23/2026 10:18:00 PM,+07:00,4058.3,4058.9,4055.7,4055.8,63,72,72,0,4.15,63,0,0,72,32,44.4444444444444,36,50,-4,-5.55555555555556,0,0,0,0,-4,-683,0,1.14285714285714,0,0,0,0,0,0,0,0,0,0,
7/23/2026 10:19:00 PM,+07:00,4055.6,4056.1,4054.5,4055.4,57,65,65,0,4.35,57,0,0,65,30,46.1538461538462,35,53.8461538461538,-5,-7.69230769230769,0,0,0,0,-5,-688,0,1.14035087719298,0,0,0,0,0,0,0,0,0,0,
7/23/2026 10:20:00 PM,+07:00,4055.6,4056.3,4054,4054.3,96,111,111,0,2.8,96,0,0,111,48,43.2432432432432,58,52.2522522522522,-10,-9.00900900900901,0,0,0,0,-10,-698,0,1.15625,0,0,0,0,0,0,0,0,0,0,
7/23/2026 10:21:00 PM,+07:00,4054.9,4056,4054.3,4054.3,53,64,64,0,3.4,53,0,0,64,22,34.375,36,56.25,-14,-21.875,0,0,0,0,-14,-712,0,1.20754716981132,0,0,0,0,0,0,0,0,0,0,
7/23/2026 10:22:00 PM,+07:00,4054.6,4056.2,4048,4051.3,551,657,657,0,-4.1,551,0,0,657,243,36.986301369863,389,59.2085235920852,-146,-22.2222222222222,0,0,0,0,-146,-858,0,1.19237749546279,0,0,0,0,0,0,0,0,0,0,
7/23/2026 10:23:00 PM,+07:00,4051,4053.4,4050.4,4051.4,133,152,152,0,-6.2,133,0,0,152,57,37.5,94,61.8421052631579,-37,-24.3421052631579,0,0,0,0,-37,-895,0,1.14285714285714,0,0,0,0,0,0,0,0,0,0,
7/23/2026 10:24:00 PM,+07:00,4052.2,4053.3,4051.8,4053,61,74,74,0,-3.7,61,0,0,74,56,75.6756756756757,18,24.3243243243243,38,51.3513513513514,0,0,0,0,38,-857,0,1.21311475409836,0,0,0,0,0,0,0,0,0,0,
7/23/2026 10:25:00 PM,+07:00,4053.1,4053.1,4052,4052.5,75,86,86,0,-4.2,75,0,0,86,33,38.3720930232558,53,61.6279069767442,-20,-23.2558139534884,0,0,0,0,-20,-877,0,1.14666666666667,0,0,0,0,0,0,0,0,0,0,
7/23/2026 10:26:00 PM,+07:00,4053,4053,4050.8,4051.8,106,129,129,0,-6.65,106,0,0,129,38,29.4573643410853,90,69.7674418604651,-52,-40.3100775193798,0,0,0,0,-52,-929,0,1.21698113207547,0,0,0,0,0,0,0,0,0,0,
7/23/2026 10:27:00 PM,+07:00,4051.8,4052.7,4051.2,4052.2,89,101,101,0,-8.05,89,0,0,101,36,35.6435643564356,62,61.3861386138614,-26,-25.7425742574257,0,0,0,0,-26,-955,0,1.13483146067416,0,0,0,0,0,0,0,0,0,0,
7/23/2026 10:28:00 PM,+07:00,4052.3,4052.5,4050.1,4050.5,62,67,67,0,-7.05,62,0,0,67,34,50.7462686567164,31,46.2686567164179,3,4.47761194029851,0,0,0,0,3,-952,0,1.08064516129032,0,0,0,0,0,0,0,0,0,0,
7/23/2026 10:29:00 PM,+07:00,4050.2,4051.7,4049.2,4049.7,82,99,99,0,-6.4,82,0,0,99,37,37.3737373737374,58,58.5858585858586,-21,-21.2121212121212,0,0,0,0,-21,-973,0,1.20731707317073,0,0,0,0,0,0,0,0,0,0,
7/23/2026 10:30:00 PM,+07:00,4049.5,4049.9,4047.3,4047.6,154,176,176,0,-7.75,154,0,0,176,73,41.4772727272727,101,57.3863636363636,-28,-15.9090909090909,0,0,0,0,-28,-1001,0,1.14285714285714,0,0,0,0,0,0,0,0,0,0,
7/23/2026 10:31:00 PM,+07:00,4048.1,4049.5,4046.6,4047.3,174,205,205,0,-9.45,174,0,0,205,86,41.9512195121951,103,50.2439024390244,-17,-8.29268292682927,0,0,0,0,-17,-1018,0,1.17816091954023,0,0,0,0,0,0,0,0,0,0,
7/23/2026 10:32:00 PM,+07:00,4047.2,4047.6,4045.5,4046.6,98,119,119,0,-6.95,98,0,0,119,74,62.1848739495798,41,34.453781512605,33,27.7310924369748,0,0,0,0,33,-985,0,1.21428571428571,0,0,0,0,0,0,0,0,0,0,
7/23/2026 10:33:00 PM,+07:00,4046.8,4048.9,4045,4048.2,179,202,202,0,-5.95,179,0,0,202,104,51.4851485148515,91,45.049504950495,13,6.43564356435644,0,0,0,0,13,-972,0,1.12849162011173,0,0,0,0,0,0,0,0,0,0,
7/23/2026 10:34:00 PM,+07:00,4047.7,4048.5,4046.7,4048.3,61,70,70,0,-8.4,61,0,0,70,22,31.4285714285714,43,61.4285714285714,-21,-30,0,0,0,0,-21,-993,0,1.14754098360656,0,0,0,0,0,0,0,0,0,0,
7/23/2026 10:35:00 PM,+07:00,4048.6,4051.2,4048.4,4050.4,112,119,119,0,-14.95,112,0,0,119,58,48.7394957983193,58,48.7394957983193,0,0,0,0,0,0,0,-993,0,1.0625,0,0,0,0,0,0,0,0,0,0,
7/23/2026 10:36:00 PM,+07:00,4050.2,4052.3,4050,4051.8,69,76,76,0,-14.75,69,0,0,76,38,50,36,47.3684210526316,2,2.63157894736842,0,0,0,0,2,-991,0,1.10144927536232,0,0,0,0,0,0,0,0,0,0,
7/23/2026 10:37:00 PM,+07:00,4052.3,4053.9,4049.4,4050.8,459,560,560,0,-12.95,459,0,0,560,304,54.2857142857143,251,44.8214285714286,53,9.46428571428571,0,0,0,0,53,-938,0,1.22004357298475,0,0,0,0,0,0,0,0,0,0,
7/23/2026 10:38:00 PM,+07:00,4050.7,4052.5,4050.6,4051.6,116,134,134,0,-13.2,116,0,0,134,58,43.2835820895522,67,50,-9,-6.71641791044776,0,0,0,0,-9,-947,0,1.1551724137931,0,0,0,0,0,0,0,0,0,0,
7/23/2026 10:39:00 PM,+07:00,4051.5,4052.9,4051,4052.1,53,54,54,0,-13.05,53,0,0,54,25,46.2962962962963,27,50,-2,-3.7037037037037,0,0,0,0,-2,-949,0,1.0188679245283,0,0,0,0,0,0,0,0,0,0,
7/23/2026 10:40:00 PM,+07:00,4052.1,4053.4,4052.1,4052.5,44,46,46,0,-12.85,44,0,0,46,19,41.304347826087,25,54.3478260869565,-6,-13.0434782608696,0,0,0,0,-6,-955,0,1.04545454545455,0,0,0,0,0,0,0,0,0,0,
7/23/2026 10:41:00 PM,+07:00,4052.5,4056,4052.4,4054.6,452,708,708,0,1.55,452,0,0,708,486,68.6440677966102,212,29.9435028248588,274,38.7005649717514,0,0,0,0,274,-681,0,1.56637168141593,0,0,0,0,0,0,0,0,0,0,
7/23/2026 10:42:00 PM,+07:00,4054.9,4055.5,4054.2,4054.3,68,92,92,0,9.7,68,0,0,92,54,58.695652173913,37,40.2173913043478,17,18.4782608695652,0,0,0,0,17,-664,0,1.35294117647059,0,0,0,0,0,0,0,0,0,0,
7/23/2026 10:43:00 PM,+07:00,4055,4055.1,4052.5,4052.7,86,104,104,0,10.15,86,0,0,104,36,34.6153846153846,64,61.5384615384615,-28,-26.9230769230769,0,0,0,0,-28,-692,0,1.2093023255814,0,0,0,0,0,0,0,0,0,0,
7/23/2026 10:44:00 PM,+07:00,4052.6,4053.4,4050.7,4050.9,86,93,93,0,8.05,86,0,0,93,44,47.3118279569892,48,51.6129032258064,-4,-4.3010752688172,0,0,0,0,-4,-696,0,1.08139534883721,0,0,0,0,0,0,0,0,0,0,
7/23/2026 10:45:00 PM,+07:00,4050.6,4052,4049.9,4052,83,92,92,0,8.85,83,0,0,92,40,43.4782608695652,44,47.8260869565217,-4,-4.34782608695652,0,0,0,0,-4,-700,0,1.10843373493976,0,0,0,0,0,0,0,0,0,0,
7/23/2026 10:46:00 PM,+07:00,4052.2,4053.3,4051.4,4052.9,58,64,64,0,11.05,58,0,0,64,28,43.75,36,56.25,-8,-12.5,0,0,0,0,-8,-708,0,1.10344827586207,0,0,0,0,0,0,0,0,0,0,
7/23/2026 10:47:00 PM,+07:00,4052.7,4053.5,4052.2,4052.6,69,121,121,0,11.15,69,0,0,121,44,36.3636363636364,68,56.198347107438,-24,-19.8347107438017,0,0,0,0,-24,-732,0,1.7536231884058,0,0,0,0,0,0,0,0,0,0,
7/23/2026 10:48:00 PM,+07:00,4052.9,4053.8,4052.5,4053,41,55,55,0,11.55,41,0,0,55,32,58.1818181818182,21,38.1818181818182,11,20,0,0,0,0,11,-721,0,1.34146341463415,0,0,0,0,0,0,0,0,0,0,
7/23/2026 10:49:00 PM,+07:00,4052.6,4052.6,4051.1,4052.3,31,34,34,0,12.3,31,0,0,34,14,41.1764705882353,20,58.8235294117647,-6,-17.6470588235294,0,0,0,0,-6,-727,0,1.09677419354839,0,0,0,0,0,0,0,0,0,0,
7/23/2026 10:50:00 PM,+07:00,4051.6,4052.6,4051.3,4052.6,24,24,24,0,14,24,0,0,24,14,58.3333333333333,8,33.3333333333333,6,25,0,0,0,0,6,-721,0,1,0,0,0,0,0,0,0,0,0,0,
7/23/2026 10:51:00 PM,+07:00,4051.9,4051.9,4049.5,4050.1,48,59,59,0,14.8,48,0,0,59,29,49.1525423728814,30,50.8474576271186,-1,-1.69491525423729,0,0,0,0,-1,-722,0,1.22916666666667,0,0,0,0,0,0,0,0,0,0,
7/23/2026 10:52:00 PM,+07:00,4050.3,4050.9,4049.8,4050.4,30,41,41,0,13.7,30,0,0,41,25,60.9756097560976,14,34.1463414634146,11,26.8292682926829,0,0,0,0,11,-711,0,1.36666666666667,0,0,0,0,0,0,0,0,0,0,
7/23/2026 10:53:00 PM,+07:00,4050.4,4051.8,4049.9,4051.6,37,42,42,0,13.25,37,0,0,42,23,54.7619047619048,19,45.2380952380952,4,9.52380952380952,0,0,0,0,4,-707,0,1.13513513513514,0,0,0,0,0,0,0,0,0,0,
7/23/2026 10:54:00 PM,+07:00,4052.2,4053.8,4051.6,4053,85,94,94,0,15.95,85,0,0,94,63,67.0212765957447,30,31.9148936170213,33,35.1063829787234,0,0,0,0,33,-674,0,1.10588235294118,0,0,0,0,0,0,0,0,0,0,
7/23/2026 10:55:00 PM,+07:00,4053.2,4053.3,4052.8,4053.2,24,24,24,0,15.95,24,0,0,24,12,50,12,50,0,0,0,0,0,0,0,-674,0,1,0,0,0,0,0,0,0,0,0,0,
7/23/2026 10:56:00 PM,+07:00,4053,4053.6,4051,4051.2,75,85,85,0,15.25,75,0,0,85,36,42.3529411764706,48,56.4705882352941,-12,-14.1176470588235,0,0,0,0,-12,-686,0,1.13333333333333,0,0,0,0,0,0,0,0,0,0,
7/23/2026 10:57:00 PM,+07:00,4051.3,4051.4,4049.3,4049.9,53,55,55,0,12.15,53,0,0,55,21,38.1818181818182,30,54.5454545454545,-9,-16.3636363636364,0,0,0,0,-9,-695,0,1.0377358490566,0,0,0,0,0,0,0,0,0,0,
7/23/2026 10:58:00 PM,+07:00,4049.8,4050.8,4049.6,4050.3,40,41,41,0,12.45,40,0,0,41,18,43.9024390243902,21,51.219512195122,-3,-7.31707317073171,0,0,0,0,-3,-698,0,1.025,0,0,0,0,0,0,0,0,0,0,
7/23/2026 10:59:00 PM,+07:00,4050.5,4051.5,4049.7,4051.2,43,47,47,0,12.85,43,0,0,47,26,55.3191489361702,20,42.5531914893617,6,12.7659574468085,0,0,0,0,6,-692,0,1.09302325581395,0,0,0,0,0,0,0,0,0,0,
7/23/2026 11:00:00 PM,+07:00,4051.5,4052.3,4051.3,4052.3,87,96,96,0,13.1,87,0,0,96,45,46.875,46,47.9166666666667,-1,-1.04166666666667,0,0,0,0,-1,-693,0,1.10344827586207,0,0,0,0,0,0,0,0,0,0,
7/23/2026 11:01:00 PM,+07:00,4051.7,4052.5,4051,4052.4,54,55,55,0,-0.05,54,0,0,55,33,60,22,40,11,20,0,0,0,0,11,-682,0,1.01851851851852,0,0,0,0,0,0,0,0,0,0,
7/23/2026 11:02:00 PM,+07:00,4052.7,4053.8,4052.5,4053.2,92,105,105,0,-0.5,92,0,0,105,55,52.3809523809524,47,44.7619047619048,8,7.61904761904762,0,0,0,0,8,-674,0,1.14130434782609,0,0,0,0,0,0,0,0,0,0,
7/23/2026 11:03:00 PM,+07:00,4053.4,4053.6,4052.4,4052.5,49,51,51,0,0.45,49,0,0,51,21,41.1764705882353,30,58.8235294117647,-9,-17.6470588235294,0,0,0,0,-9,-683,0,1.04081632653061,0,0,0,0,0,0,0,0,0,0,
7/23/2026 11:04:00 PM,+07:00,4052.3,4052.9,4051.3,4051.3,50,65,65,0,-0.65,50,0,0,65,19,29.2307692307692,45,69.2307692307692,-26,-40,0,0,0,0,-26,-709,0,1.3,0,0,0,0,0,0,0,0,0,0,
7/23/2026 11:05:00 PM,+07:00,4051.3,4052,4050.2,4050.4,68,77,77,0,-0.5,68,0,0,77,33,42.8571428571429,34,44.1558441558442,-1,-1.2987012987013,0,0,0,0,-1,-710,0,1.13235294117647,0,0,0,0,0,0,0,0,0,0,
7/23/2026 11:06:00 PM,+07:00,4050.1,4053,4050,4051.4,160,194,194,0,-0.05,160,0,0,194,95,48.9690721649484,94,48.4536082474227,1,0.515463917525773,0,0,0,0,1,-709,0,1.2125,0,0,0,0,0,0,0,0,0,0,
7/23/2026 11:07:00 PM,+07:00,4051.4,4052,4051,4051.2,102,165,165,0,-2.4,102,0,0,165,46,27.8787878787879,117,70.9090909090909,-71,-43.030303030303,0,0,0,0,-71,-780,0,1.61764705882353,0,0,0,0,0,0,0,0,0,0,
7/23/2026 11:08:00 PM,+07:00,4051.2,4052.2,4051.2,4051.9,48,54,54,0,-3.25,48,0,0,54,23,42.5925925925926,29,53.7037037037037,-6,-11.1111111111111,0,0,0,0,-6,-786,0,1.125,0,0,0,0,0,0,0,0,0,0,
7/23/2026 11:09:00 PM,+07:00,4051.8,4052.3,4051.1,4051.3,38,40,40,0,-3.9,38,0,0,40,8,20,27,67.5,-19,-47.5,0,0,0,0,-19,-805,0,1.05263157894737,0,0,0,0,0,0,0,0,0,0,
7/23/2026 11:10:00 PM,+07:00,4051.1,4051.7,4050.5,4051.5,45,58,58,0,-3.5,45,0,0,58,36,62.0689655172414,22,37.9310344827586,14,24.1379310344828,0,0,0,0,14,-791,0,1.28888888888889,0,0,0,0,0,0,0,0,0,0,
7/23/2026 11:11:00 PM,+07:00,4051.6,4052.8,4051.6,4052.4,36,42,42,0,-3.35,36,0,0,42,21,50,19,45.2380952380952,2,4.76190476190476,0,0,0,0,2,-789,0,1.16666666666667,0,0,0,0,0,0,0,0,0,0,
7/23/2026 11:12:00 PM,+07:00,4052.6,4052.9,4051.8,4052,43,44,44,0,-3.85,43,0,0,44,22,50,21,47.7272727272727,1,2.27272727272727,0,0,0,0,1,-788,0,1.02325581395349,0,0,0,0,0,0,0,0,0,0,
7/23/2026 11:13:00 PM,+07:00,4051.7,4053.2,4051.7,4052,62,65,65,0,-3.5,62,0,0,65,37,56.9230769230769,26,40,11,16.9230769230769,0,0,0,0,11,-777,0,1.04838709677419,0,0,0,0,0,0,0,0,0,0,
7/23/2026 11:14:00 PM,+07:00,4052.2,4053.5,4052.2,4053.1,74,82,82,0,-5.2,74,0,0,82,40,48.780487804878,41,50,-1,-1.21951219512195,0,0,0,0,-1,-778,0,1.10810810810811,0,0,0,0,0,0,0,0,0,0,
7/23/2026 11:15:00 PM,+07:00,4052.8,4053.6,4051.2,4051.8,66,85,85,0,-4.55,66,0,0,85,49,57.6470588235294,36,42.3529411764706,13,15.2941176470588,0,0,0,0,13,-765,0,1.28787878787879,0,0,0,0,0,0,0,0,0,0,
7/23/2026 11:16:00 PM,+07:00,4051.9,4051.9,4050.5,4051.2,37,38,38,0,-3.9,37,0,0,38,19,50,18,47.3684210526316,1,2.63157894736842,0,0,0,0,1,-764,0,1.02702702702703,0,0,0,0,0,0,0,0,0,0,
7/23/2026 11:17:00 PM,+07:00,4050.8,4051.2,4050.4,4050.7,35,46,46,0,-3.9,35,0,0,46,18,39.1304347826087,27,58.695652173913,-9,-19.5652173913043,0,0,0,0,-9,-773,0,1.31428571428571,0,0,0,0,0,0,0,0,0,0,
7/23/2026 11:18:00 PM,+07:00,4050.9,4051.1,4050.5,4050.8,50,69,69,0,-4.9,50,0,0,69,23,33.3333333333333,46,66.6666666666666,-23,-33.3333333333333,0,0,0,0,-23,-796,0,1.38,0,0,0,0,0,0,0,0,0,0,
7/23/2026 11:19:00 PM,+07:00,4050.8,4051,4048.6,4049.2,85,88,88,0,-4.6,85,0,0,88,49,55.6818181818182,37,42.0454545454545,12,13.6363636363636,0,0,0,0,12,-784,0,1.03529411764706,0,0,0,0,0,0,0,0,0,0,
7/23/2026 11:20:00 PM,+07:00,4049.3,4052.3,4049.2,4052.3,74,79,79,0,-3.95,74,0,0,79,45,56.9620253164557,33,41.7721518987342,12,15.1898734177215,0,0,0,0,12,-772,0,1.06756756756757,0,0,0,0,0,0,0,0,0,0,
7/23/2026 11:21:00 PM,+07:00,4052.2,4052.5,4051.6,4051.6,39,44,44,0,-4.7,39,0,0,44,20,45.4545454545455,24,54.5454545454545,-4,-9.09090909090909,0,0,0,0,-4,-776,0,1.12820512820513,0,0,0,0,0,0,0,0,0,0,
7/23/2026 11:22:00 PM,+07:00,4052,4053.4,4051.8,4053.3,50,65,65,0,-3.9,50,0,0,65,44,67.6923076923077,20,30.7692307692308,24,36.9230769230769,0,0,0,0,24,-752,0,1.3,0,0,0,0,0,0,0,0,0,0,
7/23/2026 11:23:00 PM,+07:00,4053.2,4053.9,4052.9,4053.5,77,86,86,0,-3.65,77,0,0,86,40,46.5116279069767,44,51.1627906976744,-4,-4.65116279069767,0,0,0,0,-4,-756,0,1.11688311688312,0,0,0,0,0,0,0,0,0,0,
7/23/2026 11:24:00 PM,+07:00,4053.5,4054.6,4051,4051.2,149,151,151,0,-4.65,149,0,0,151,51,33.7748344370861,97,64.2384105960265,-46,-30.4635761589404,0,0,0,0,-46,-802,0,1.01342281879195,0,0,0,0,0,0,0,0,0,0,
7/23/2026 11:25:00 PM,+07:00,4051.6,4052.3,4051.3,4052.2,72,90,90,0,-3.05,72,0,0,90,59,65.5555555555556,28,31.1111111111111,31,34.4444444444444,0,0,0,0,31,-771,0,1.25,0,0,0,0,0,0,0,0,0,0,
7/23/2026 11:26:00 PM,+07:00,4052.2,4052.9,4051.5,4052.5,31,31,31,0,-3.45,31,0,0,31,12,38.7096774193548,19,61.2903225806452,-7,-22.5806451612903,0,0,0,0,-7,-778,0,1,0,0,0,0,0,0,0,0,0,0,
7/23/2026 11:27:00 PM,+07:00,4052.6,4053.4,4052.2,4053,13,13,13,0,0.05,13,0,0,13,6,46.1538461538462,7,53.8461538461538,-1,-7.69230769230769,0,0,0,0,-1,-779,0,1,0,0,0,0,0,0,0,0,0,0,
7/23/2026 11:28:00 PM,+07:00,4053,4053.5,4052.7,4053.5,48,50,50,0,-0.05,48,0,0,50,21,42,29,58,-8,-16,0,0,0,0,-8,-787,0,1.04166666666667,0,0,0,0,0,0,0,0,0,0,
7/23/2026 11:29:00 PM,+07:00,4053.5,4054.6,4053.2,4053.2,135,185,185,0,2.55,135,0,0,185,109,58.9189189189189,76,41.0810810810811,33,17.8378378378378,0,0,0,0,33,-754,0,1.37037037037037,0,0,0,0,0,0,0,0,0,0,
7/23/2026 11:30:00 PM,+07:00,4053,4053.8,4052.8,4053.5,65,71,71,0,2.6,65,0,0,71,43,60.5633802816901,28,39.4366197183099,15,21.1267605633803,0,0,0,0,15,-739,0,1.09230769230769,0,0,0,0,0,0,0,0,0,0,
7/23/2026 11:31:00 PM,+07:00,4053.3,4053.8,4053,4053.2,53,59,59,0,2.2,53,0,0,59,26,44.0677966101695,32,54.2372881355932,-6,-10.1694915254237,0,0,0,0,-6,-745,0,1.11320754716981,0,0,0,0,0,0,0,0,0,0,
7/23/2026 11:32:00 PM,+07:00,4052.9,4053.5,4052.7,4053.1,74,78,78,0,2.7,74,0,0,78,43,55.1282051282051,32,41.025641025641,11,14.1025641025641,0,0,0,0,11,-734,0,1.05405405405405,0,0,0,0,0,0,0,0,0,0,
7/23/2026 11:33:00 PM,+07:00,4052.7,4053.3,4052.1,4052.2,42,48,48,0,1.75,42,0,0,48,16,33.3333333333333,24,50,-8,-16.6666666666667,0,0,0,0,-8,-742,0,1.14285714285714,0,0,0,0,0,0,0,0,0,0,
7/23/2026 11:34:00 PM,+07:00,4052.3,4052.6,4050.7,4051.1,51,72,72,0,0.45,51,0,0,72,22,30.5555555555556,49,68.0555555555556,-27,-37.5,0,0,0,0,-27,-769,0,1.41176470588235,0,0,0,0,0,0,0,0,0,0,
7/23/2026 11:35:00 PM,+07:00,4051.2,4052.3,4050.3,4052,86,95,95,0,0.25,86,0,0,95,47,49.4736842105263,38,40,9,9.47368421052632,0,0,0,0,9,-760,0,1.1046511627907,0,0,0,0,0,0,0,0,0,0,
7/23/2026 11:36:00 PM,+07:00,4052.1,4052.1,4050.9,4051,38,41,41,0,-0.15,38,0,0,41,17,41.4634146341463,24,58.5365853658536,-7,-17.0731707317073,0,0,0,0,-7,-767,0,1.07894736842105,0,0,0,0,0,0,0,0,0,0,
7/23/2026 11:37:00 PM,+07:00,4051,4051.2,4049.8,4050.7,102,121,121,0,-1.3,102,0,0,121,40,33.0578512396694,72,59.504132231405,-32,-26.4462809917355,0,0,0,0,-32,-799,0,1.18627450980392,0,0,0,0,0,0,0,0,0,0,
7/23/2026 11:38:00 PM,+07:00,4051,4053.5,4050.5,4053.5,62,65,65,0,-0.7,62,0,0,65,27,41.5384615384615,38,58.4615384615385,-11,-16.9230769230769,0,0,0,0,-11,-810,0,1.04838709677419,0,0,0,0,0,0,0,0,0,0,
7/23/2026 11:39:00 PM,+07:00,4053.4,4053.7,4053,4053.3,51,58,58,0,-1.7,51,0,0,58,24,41.3793103448276,32,55.1724137931034,-8,-13.7931034482759,0,0,0,0,-8,-818,0,1.13725490196078,0,0,0,0,0,0,0,0,0,0,
7/23/2026 11:40:00 PM,+07:00,4053.5,4054.1,4052.9,4052.9,72,92,92,0,-2.55,72,0,0,92,41,44.5652173913043,46,50,-5,-5.43478260869565,0,0,0,0,-5,-823,0,1.27777777777778,0,0,0,0,0,0,0,0,0,0,
7/23/2026 11:41:00 PM,+07:00,4052.7,4053,4052,4053,26,29,29,0,-2.45,26,0,0,29,13,44.8275862068966,15,51.7241379310345,-2,-6.89655172413793,0,0,0,0,-2,-825,0,1.11538461538462,0,0,0,0,0,0,0,0,0,0,
7/23/2026 11:42:00 PM,+07:00,4052.8,4053.6,4052.8,4053,37,46,46,0,-3.35,37,0,0,46,25,54.3478260869565,19,41.304347826087,6,13.0434782608696,0,0,0,0,6,-819,0,1.24324324324324,0,0,0,0,0,0,0,0,0,0,
7/23/2026 11:43:00 PM,+07:00,4053.3,4053.6,4053.1,4053.3,21,21,21,0,-3.2,21,0,0,21,9,42.8571428571429,10,47.6190476190476,-1,-4.76190476190476,0,0,0,0,-1,-820,0,1,0,0,0,0,0,0,0,0,0,0,
7/23/2026 11:44:00 PM,+07:00,4053.4,4053.7,4052.6,4052.6,41,42,42,0,-1.85,41,0,0,42,11,26.1904761904762,30,71.4285714285714,-19,-45.2380952380952,0,0,0,0,-19,-839,0,1.02439024390244,0,0,0,0,0,0,0,0,0,0,
7/23/2026 11:45:00 PM,+07:00,4052.7,4054.2,4052.7,4053.7,64,68,68,0,-2.8,64,0,0,68,40,58.8235294117647,28,41.1764705882353,12,17.6470588235294,0,0,0,0,12,-827,0,1.0625,0,0,0,0,0,0,0,0,0,0,
7/23/2026 11:46:00 PM,+07:00,4053.6,4053.7,4053,4053.2,45,45,45,0,-3.5,45,0,0,45,12,26.6666666666667,33,73.3333333333333,-21,-46.6666666666667,0,0,0,0,-21,-848,0,1,0,0,0,0,0,0,0,0,0,0,
7/23/2026 11:47:00 PM,+07:00,4052.9,4053.5,4052.5,4053.4,51,51,51,0,-3.65,51,0,0,51,23,45.0980392156863,27,52.9411764705882,-4,-7.84313725490196,0,0,0,0,-4,-852,0,1,0,0,0,0,0,0,0,0,0,0,
7/23/2026 11:48:00 PM,+07:00,4053.6,4053.7,4051.9,4052.5,28,45,45,0,-3.3,28,0,0,45,22,48.8888888888889,23,51.1111111111111,-1,-2.22222222222222,0,0,0,0,-1,-853,0,1.60714285714286,0,0,0,0,0,0,0,0,0,0,
7/23/2026 11:49:00 PM,+07:00,4052.3,4052.6,4051.9,4052,36,42,42,0,-5.65,36,0,0,42,14,33.3333333333333,28,66.6666666666666,-14,-33.3333333333333,0,0,0,0,-14,-867,0,1.16666666666667,0,0,0,0,0,0,0,0,0,0,
7/23/2026 11:50:00 PM,+07:00,4051.9,4052.1,4051,4051,68,74,74,0,-6.4,68,0,0,74,34,45.945945945946,34,45.945945945946,0,0,0,0,0,0,0,-867,0,1.08823529411765,0,0,0,0,0,0,0,0,0,0,
7/23/2026 11:51:00 PM,+07:00,4051.4,4052.1,4051,4051.8,36,37,37,0,-5.65,36,0,0,37,22,59.4594594594595,13,35.1351351351351,9,24.3243243243243,0,0,0,0,9,-858,0,1.02777777777778,0,0,0,0,0,0,0,0,0,0,
7/23/2026 11:52:00 PM,+07:00,4052.1,4052.4,4051.6,4052.1,39,40,40,0,-5.55,39,0,0,40,25,62.5,12,30,13,32.5,0,0,0,0,13,-845,0,1.02564102564103,0,0,0,0,0,0,0,0,0,0,
7/23/2026 11:53:00 PM,+07:00,4052.1,4052.7,4051.5,4052,23,23,23,0,-5,23,0,0,23,13,56.5217391304348,10,43.4782608695652,3,13.0434782608696,0,0,0,0,3,-842,0,1,0,0,0,0,0,0,0,0,0,0,
7/23/2026 11:54:00 PM,+07:00,4051.7,4052.3,4051.6,4051.7,24,32,32,0,-3.65,24,0,0,32,16,50,16,50,0,0,0,0,0,0,0,-842,0,1.33333333333333,0,0,0,0,0,0,0,0,0,0,
7/23/2026 11:55:00 PM,+07:00,4052.4,4053.8,4052.4,4053.3,71,94,94,0,-2.45,71,0,0,94,63,67.0212765957447,30,31.9148936170213,33,35.1063829787234,0,0,0,0,33,-809,0,1.32394366197183,0,0,0,0,0,0,0,0,0,0,
7/23/2026 11:56:00 PM,+07:00,4053.4,4053.9,4052.9,4053.5,70,76,76,0,-1.55,70,0,0,76,43,56.578947368421,32,42.1052631578947,11,14.4736842105263,0,0,0,0,11,-798,0,1.08571428571429,0,0,0,0,0,0,0,0,0,0,
7/23/2026 11:57:00 PM,+07:00,4053.5,4054.6,4053.2,4054.4,140,225,225,0,5.6,140,0,0,225,167,74.2222222222222,56,24.8888888888889,111,49.3333333333333,0,0,0,0,111,-687,0,1.60714285714286,0,0,0,0,0,0,0,0,0,0,
7/23/2026 11:58:00 PM,+07:00,4054.6,4054.6,4053.7,4053.9,76,99,99,0,6.05,76,0,0,99,48,48.4848484848485,50,50.5050505050505,-2,-2.02020202020202,0,0,0,0,-2,-689,0,1.30263157894737,0,0,0,0,0,0,0,0,0,0,
7/23/2026 11:59:00 PM,+07:00,4054,4054.6,4053.8,4054.3,113,130,130,0,8.3,113,0,0,130,82,63.0769230769231,45,34.6153846153846,37,28.4615384615385,0,0,0,0,37,-652,0,1.15044247787611,0,0,0,0,0,0,0,0,0,0,
7/24/2026 12:00:00 AM,+07:00,4054.5,4054.7,4053.5,4054.1,178,307,307,0,12.8,178,0,0,307,194,63.1921824104234,109,35.5048859934853,85,27.6872964169381,0,0,0,0,85,85,0,1.7247191011236,0,0,0,0,0,0,0,0,0,0,
7/24/2026 12:01:00 AM,+07:00,4054.1,4057.5,4054.1,4056.8,267,357,357,0,21.05,267,0,0,357,258,72.2689075630252,95,26.6106442577031,163,45.6582633053221,0,0,0,0,163,248,0,1.33707865168539,0,0,0,0,0,0,0,0,0,0,
7/24/2026 12:02:00 AM,+07:00,4056.8,4057.2,4053.8,4055.4,142,153,153,0,18.8,142,0,0,153,54,35.2941176470588,93,60.7843137254902,-39,-25.4901960784314,0,0,0,0,-39,209,0,1.07746478873239,0,0,0,0,0,0,0,0,0,0,
7/24/2026 12:03:00 AM,+07:00,4055.8,4056.5,4055.5,4056.4,63,64,64,0,19.05,63,0,0,64,34,53.125,30,46.875,4,6.25,0,0,0,0,4,213,0,1.01587301587302,0,0,0,0,0,0,0,0,0,0,
7/24/2026 12:04:00 AM,+07:00,4056,4056,4054.2,4054.6,64,71,71,0,18.95,64,0,0,71,24,33.8028169014084,45,63.3802816901408,-21,-29.5774647887324,0,0,0,0,-21,192,0,1.109375,0,0,0,0,0,0,0,0,0,0,
7/24/2026 12:05:00 AM,+07:00,4054.8,4056.2,4054.8,4055.9,58,67,67,0,18.7,58,0,0,67,35,52.2388059701492,28,41.7910447761194,7,10.4477611940298,0,0,0,0,7,199,0,1.1551724137931,0,0,0,0,0,0,0,0,0,0,
7/24/2026 12:06:00 AM,+07:00,4055.8,4056.2,4053.5,4053.5,82,93,93,0,20,82,0,0,93,46,49.4623655913978,41,44.0860215053763,5,5.3763440860215,0,0,0,0,5,204,0,1.13414634146341,0,0,0,0,0,0,0,0,0,0,
7/24/2026 12:07:00 AM,+07:00,4053.3,4053.4,4051.9,4051.9,65,66,66,0,19.7,65,0,0,66,28,42.4242424242424,38,57.5757575757576,-10,-15.1515151515152,0,0,0,0,-10,194,0,1.01538461538462,0,0,0,0,0,0,0,0,0,0,
7/24/2026 12:08:00 AM,+07:00,4051.9,4052.6,4050.7,4051.1,90,110,110,0,18.8,90,0,0,110,45,40.9090909090909,64,58.1818181818182,-19,-17.2727272727273,0,0,0,0,-19,175,0,1.22222222222222,0,0,0,0,0,0,0,0,0,0,
7/24/2026 12:09:00 AM,+07:00,4051,4051.2,4049.6,4051,108,129,129,0,18.1,108,0,0,129,48,37.2093023255814,76,58.9147286821706,-28,-21.7054263565891,0,0,0,0,-28,147,0,1.19444444444444,0,0,0,0,0,0,0,0,0,0,
7/24/2026 12:10:00 AM,+07:00,4051.1,4052.5,4050.6,4051.8,52,65,65,0,18.35,52,0,0,65,33,50.7692307692308,28,43.0769230769231,5,7.69230769230769,0,0,0,0,5,152,0,1.25,0,0,0,0,0,0,0,0,0,0,
7/24/2026 12:11:00 AM,+07:00,4051.6,4051.9,4050,4050.8,76,83,83,0,18.35,76,0,0,83,44,53.0120481927711,35,42.1686746987952,9,10.8433734939759,0,0,0,0,9,161,0,1.09210526315789,0,0,0,0,0,0,0,0,0,0,
7/24/2026 12:12:00 AM,+07:00,4050.7,4050.9,4050.2,4050.3,24,25,25,0,17.15,24,0,0,25,7,28,18,72,-11,-44,0,0,0,0,-11,150,0,1.04166666666667,0,0,0,0,0,0,0,0,0,0,
7/24/2026 12:13:00 AM,+07:00,4050.5,4051.4,4050.1,4050.8,55,57,57,0,17.35,55,0,0,57,32,56.140350877193,25,43.859649122807,7,12.280701754386,0,0,0,0,7,157,0,1.03636363636364,0,0,0,0,0,0,0,0,0,0,
7/24/2026 12:14:00 AM,+07:00,4050.6,4051.5,4049.8,4050,107,123,123,0,15.55,107,0,0,123,43,34.9593495934959,79,64.2276422764228,-36,-29.2682926829268,0,0,0,0,-36,121,0,1.14953271028037,0,0,0,0,0,0,0,0,0,0,
7/24/2026 12:15:00 AM,+07:00,4050.2,4051.7,4049.7,4051.6,79,100,100,0,14.4,79,0,0,100,52,52,42,42,10,10,0,0,0,0,10,131,0,1.26582278481013,0,0,0,0,0,0,0,0,0,0,
7/24/2026 12:16:00 AM,+07:00,4051.6,4052.5,4051,4052.1,73,83,83,0,13.4,73,0,0,83,37,44.578313253012,46,55.421686746988,-9,-10.8433734939759,0,0,0,0,-9,122,0,1.13698630136986,0,0,0,0,0,0,0,0,0,0,
7/24/2026 12:17:00 AM,+07:00,4052.1,4052.4,4049.7,4050,89,104,104,0,5.55,89,0,0,104,29,27.8846153846154,75,72.1153846153846,-46,-44.2307692307692,0,0,0,0,-46,76,0,1.1685393258427,0,0,0,0,0,0,0,0,0,0,
7/24/2026 12:18:00 AM,+07:00,4050,4050.8,4049.7,4050.1,68,75,75,0,5.1,68,0,0,75,29,38.6666666666667,40,53.3333333333333,-11,-14.6666666666667,0,0,0,0,-11,65,0,1.10294117647059,0,0,0,0,0,0,0,0,0,0,
7/24/2026 12:19:00 AM,+07:00,4050.3,4050.4,4048.8,4049.2,68,102,102,0,1.75,68,0,0,102,36,35.2941176470588,66,64.7058823529412,-30,-29.4117647058824,0,0,0,0,-30,35,0,1.5,0,0,0,0,0,0,0,0,0,0,
7/24/2026 12:20:00 AM,+07:00,4049.4,4051.6,4049.4,4051.5,64,72,72,0,-0.9,64,0,0,72,51,70.8333333333334,19,26.3888888888889,32,44.4444444444444,0,0,0,0,32,67,0,1.125,0,0,0,0,0,0,0,0,0,0,
7/24/2026 12:21:00 AM,+07:00,4051.8,4053.4,4051.7,4051.8,96,99,99,0,-9.2,96,0,0,99,48,48.4848484848485,51,51.5151515151515,-3,-3.03030303030303,0,0,0,0,-3,64,0,1.03125,0,0,0,0,0,0,0,0,0,0,
7/24/2026 12:22:00 AM,+07:00,4052,4052.1,4050.8,4051.2,87,105,105,0,-5.7,87,0,0,105,67,63.8095238095238,36,34.2857142857143,31,29.5238095238095,0,0,0,0,31,95,0,1.20689655172414,0,0,0,0,0,0,0,0,0,0,
7/24/2026 12:23:00 AM,+07:00,4051.4,4052.2,4050.3,4051.9,48,55,55,0,-5.6,48,0,0,55,27,49.0909090909091,21,38.1818181818182,6,10.9090909090909,0,0,0,0,6,101,0,1.14583333333333,0,0,0,0,0,0,0,0,0,0,
7/24/2026 12:24:00 AM,+07:00,4052.3,4052.3,4050.7,4051.4,55,67,67,0,-3.55,55,0,0,67,43,64.179104477612,23,34.3283582089552,20,29.8507462686567,0,0,0,0,20,121,0,1.21818181818182,0,0,0,0,0,0,0,0,0,0,
7/24/2026 12:25:00 AM,+07:00,4051.2,4052.5,4050.9,4051,66,80,80,0,-3.5,66,0,0,80,42,52.5,34,42.5,8,10,0,0,0,0,8,129,0,1.21212121212121,0,0,0,0,0,0,0,0,0,0,
7/24/2026 12:26:00 AM,+07:00,4050.8,4051.4,4050.2,4050.4,68,81,81,0,-4.35,68,0,0,81,33,40.7407407407407,45,55.5555555555556,-12,-14.8148148148148,0,0,0,0,-12,117,0,1.19117647058824,0,0,0,0,0,0,0,0,0,0,
7/24/2026 12:27:00 AM,+07:00,4050.5,4051.1,4049.1,4050.5,108,123,123,0,-3.5,108,0,0,123,44,35.7723577235772,37,30.0813008130081,7,5.6910569105691,0,0,0,0,7,124,0,1.13888888888889,0,0,0,0,0,0,0,0,0,0,
7/24/2026 12:28:00 AM,+07:00,4050.5,4051.4,4049.9,4050.5,56,59,59,0,-3.6,56,0,0,59,17,28.8135593220339,38,64.4067796610169,-21,-35.593220338983,0,0,0,0,-21,103,0,1.05357142857143,0,0,0,0,0,0,0,0,0,0,
7/24/2026 12:29:00 AM,+07:00,4050.7,4051.7,4049.3,4049.7,566,633,633,0,-2.8,566,0,0,633,289,45.6556082148499,301,47.5513428120063,-12,-1.8957345971564,0,0,0,0,-12,91,0,1.11837455830389,0,0,0,0,0,0,0,0,0,0,
7/24/2026 12:30:00 AM,+07:00,4049.9,4050.7,4049.3,4050.7,114,124,124,0,-2.25,114,0,0,124,63,50.8064516129032,47,37.9032258064516,16,12.9032258064516,0,0,0,0,16,107,0,1.08771929824561,0,0,0,0,0,0,0,0,0,0,
7/24/2026 12:31:00 AM,+07:00,4050.9,4051.8,4050,4050.5,125,160,160,0,-3.85,125,0,0,160,65,40.625,88,55,-23,-14.375,0,0,0,0,-23,84,0,1.28,0,0,0,0,0,0,0,0,0,0,
7/24/2026 12:32:00 AM,+07:00,4050.3,4051.2,4050.3,4050.3,43,45,45,0,-4.3,43,0,0,45,12,26.6666666666667,32,71.1111111111111,-20,-44.4444444444444,0,0,0,0,-20,64,0,1.04651162790698,0,0,0,0,0,0,0,0,0,0,
7/24/2026 12:33:00 AM,+07:00,4050.6,4051.5,4050.2,4050.2,57,92,92,0,-4.25,57,0,0,92,49,53.2608695652174,41,44.5652173913043,8,8.69565217391304,0,0,0,0,8,72,0,1.6140350877193,0,0,0,0,0,0,0,0,0,0,
7/24/2026 12:34:00 AM,+07:00,4050.3,4050.8,4050,4050,17,17,17,0,-2.1,17,0,0,17,12,70.5882352941176,5,29.4117647058824,7,41.1764705882353,0,0,0,0,7,79,0,1,0,0,0,0,0,0,0,0,0,0,
7/24/2026 12:35:00 AM,+07:00,4049.8,4050.1,4046.9,4047.4,122,132,132,0,-3.05,122,0,0,132,61,46.2121212121212,70,53.030303030303,-9,-6.81818181818182,0,0,0,0,-9,70,0,1.08196721311475,0,0,0,0,0,0,0,0,0,0,
7/24/2026 12:36:00 AM,+07:00,4048,4048.4,4047.2,4047.5,41,56,56,0,-3.5,41,0,0,56,19,33.9285714285714,37,66.0714285714286,-18,-32.1428571428571,0,0,0,0,-18,52,0,1.36585365853659,0,0,0,0,0,0,0,0,0,0,
7/24/2026 12:37:00 AM,+07:00,4047.6,4048.3,4047.5,4047.8,21,21,21,0,-1.55,21,0,0,21,7,33.3333333333333,14,66.6666666666666,-7,-33.3333333333333,0,0,0,0,-7,45,0,1,0,0,0,0,0,0,0,0,0,0,
7/24/2026 12:38:00 AM,+07:00,4047.8,4048.6,4047.4,4047.4,20,27,27,0,-0.3,20,0,0,27,20,74.0740740740741,6,22.2222222222222,14,51.8518518518518,0,0,0,0,14,59,0,1.35,0,0,0,0,0,0,0,0,0,0,
7/24/2026 12:39:00 AM,+07:00,4047.5,4048.5,4046.6,4047.3,84,100,100,0,1.25,84,0,0,100,39,39,38,38,1,1,0,0,0,0,1,60,0,1.19047619047619,0,0,0,0,0,0,0,0,0,0,
7/24/2026 12:40:00 AM,+07:00,4047.2,4047.9,4044.3,4045.2,228,350,350,0,-3.7,228,0,0,350,141,40.2857142857143,208,59.4285714285714,-67,-19.1428571428571,0,0,0,0,-67,-7,0,1.53508771929825,0,0,0,0,0,0,0,0,0,0,
7/24/2026 12:41:00 AM,+07:00,4045,4047.2,4045,4047,37,38,38,0,-2.95,37,0,0,38,25,65.7894736842105,13,34.2105263157895,12,31.578947368421,0,0,0,0,12,5,0,1.02702702702703,0,0,0,0,0,0,0,0,0,0,
7/24/2026 12:42:00 AM,+07:00,4047.3,4047.7,4046.4,4046.7,23,25,25,0,-4.65,23,0,0,25,11,44,14,56,-3,-12,0,0,0,0,-3,2,0,1.08695652173913,0,0,0,0,0,0,0,0,0,0,
7/24/2026 12:43:00 AM,+07:00,4047.1,4047.8,4046.9,4047.2,31,39,39,0,-5.85,31,0,0,39,9,23.0769230769231,27,69.2307692307692,-18,-46.1538461538462,0,0,0,0,-18,-16,0,1.25806451612903,0,0,0,0,0,0,0,0,0,0,
7/24/2026 12:44:00 AM,+07:00,4046.7,4046.8,4045.1,4045.4,58,78,78,0,-7.35,58,0,0,78,33,42.3076923076923,43,55.1282051282051,-10,-12.8205128205128,0,0,0,0,-10,-26,0,1.3448275862069,0,0,0,0,0,0,0,0,0,0,
7/24/2026 12:45:00 AM,+07:00,4045.3,4046.8,4044.5,4046.4,58,65,65,0,-7.2,58,0,0,65,38,58.4615384615385,27,41.5384615384615,11,16.9230769230769,0,0,0,0,11,-15,0,1.12068965517241,0,0,0,0,0,0,0,0,0,0,
7/24/2026 12:46:00 AM,+07:00,4046.2,4046.6,4045.3,4046.3,30,31,31,0,-6.95,30,0,0,31,12,38.7096774193548,19,61.2903225806452,-7,-22.5806451612903,0,0,0,0,-7,-22,0,1.03333333333333,0,0,0,0,0,0,0,0,0,0,
7/24/2026 12:47:00 AM,+07:00,4046.5,4046.7,4045.7,4045.8,52,62,62,0,-8.1,52,0,0,62,20,32.258064516129,36,58.0645161290323,-16,-25.8064516129032,0,0,0,0,-16,-38,0,1.19230769230769,0,0,0,0,0,0,0,0,0,0,
7/24/2026 12:48:00 AM,+07:00,4046.3,4046.4,4045.2,4045.9,20,30,30,0,-7.6,20,0,0,30,7,23.3333333333333,18,60,-11,-36.6666666666667,0,0,0,0,-11,-49,0,1.5,0,0,0,0,0,0,0,0,0,0,
7/24/2026 12:49:00 AM,+07:00,4046.1,4046.7,4045.6,4046.6,48,54,54,0,-7.25,48,0,0,54,23,42.5925925925926,28,51.8518518518518,-5,-9.25925925925926,0,0,0,0,-5,-54,0,1.125,0,0,0,0,0,0,0,0,0,0,
7/24/2026 12:50:00 AM,+07:00,4046.3,4046.7,4045.8,4046.5,28,48,48,0,-9.25,28,0,0,48,10,20.8333333333333,34,70.8333333333334,-24,-50,0,0,0,0,-24,-78,0,1.71428571428571,0,0,0,0,0,0,0,0,0,0,
7/24/2026 12:51:00 AM,+07:00,4046.2,4046.5,4045.7,4046.1,52,70,70,0,-7.9,52,0,0,70,29,41.4285714285714,25,35.7142857142857,4,5.71428571428572,0,0,0,0,4,-74,0,1.34615384615385,0,0,0,0,0,0,0,0,0,0,
7/24/2026 12:52:00 AM,+07:00,4046.1,4046.1,4044.9,4045.4,57,73,73,0,-7.05,57,0,0,73,25,34.2465753424658,28,38.3561643835616,-3,-4.10958904109589,0,0,0,0,-3,-77,0,1.28070175438596,0,0,0,0,0,0,0,0,0,0,
7/24/2026 12:53:00 AM,+07:00,4045.1,4045.7,4044.4,4045.5,68,74,74,0,-6.85,68,0,0,74,37,50,25,33.7837837837838,12,16.2162162162162,0,0,0,0,12,-65,0,1.08823529411765,0,0,0,0,0,0,0,0,0,0,
7/24/2026 12:54:00 AM,+07:00,4045.4,4045.9,4044.9,4045.5,45,60,60,0,-7.45,45,0,0,60,25,41.6666666666667,30,50,-5,-8.33333333333333,0,0,0,0,-5,-70,0,1.33333333333333,0,0,0,0,0,0,0,0,0,0,
7/24/2026 12:55:00 AM,+07:00,4045.4,4045.9,4045.4,4045.9,29,32,32,0,-6.7,29,0,0,32,19,59.375,13,40.625,6,18.75,0,0,0,0,6,-64,0,1.10344827586207,0,0,0,0,0,0,0,0,0,0,
7/24/2026 12:56:00 AM,+07:00,4045.6,4046,4044.7,4044.9,37,60,60,0,-7.05,37,0,0,60,17,28.3333333333333,42,70,-25,-41.6666666666667,0,0,0,0,-25,-89,0,1.62162162162162,0,0,0,0,0,0,0,0,0,0,
7/24/2026 12:57:00 AM,+07:00,4045,4045.7,4044.1,4044.8,49,57,57,0,-5.95,49,0,0,57,36,63.1578947368421,21,36.8421052631579,15,26.3157894736842,0,0,0,0,15,-74,0,1.16326530612245,0,0,0,0,0,0,0,0,0,0,
7/24/2026 12:58:00 AM,+07:00,4044.7,4045.3,4044.7,4045.3,6,6,6,0,-6.55,6,0,0,6,4,66.6666666666666,2,33.3333333333333,2,33.3333333333333,0,0,0,0,2,-72,0,1,0,0,0,0,0,0,0,0,0,0,
7/24/2026 12:59:00 AM,+07:00,4045,4045,4043.9,4043.9,23,23,23,0,-7.25,23,0,0,23,5,21.7391304347826,18,78.2608695652174,-13,-56.5217391304348,0,0,0,0,-13,-85,0,1,0,0,0,0,0,0,0,0,0,0,
7/24/2026 1:00:00 AM,+07:00,4044.4,4045.5,4042.5,4045.5,168,177,177,0,-4.85,168,0,0,177,78,44.0677966101695,97,54.8022598870056,-19,-10.7344632768362,0,0,0,0,-19,-104,0,1.05357142857143,0,0,0,0,0,0,0,0,0,0,
7/24/2026 1:01:00 AM,+07:00,4045.3,4045.4,4044,4044.3,29,29,29,0,-5.5,29,0,0,29,14,48.2758620689655,15,51.7241379310345,-1,-3.44827586206896,0,0,0,0,-1,-105,0,1,0,0,0,0,0,0,0,0,0,0,
7/24/2026 1:02:00 AM,+07:00,4044.4,4045.2,4044.4,4045.2,23,26,26,0,-5.15,23,0,0,26,15,57.6923076923077,11,42.3076923076923,4,15.3846153846154,0,0,0,0,4,-101,0,1.1304347826087,0,0,0,0,0,0,0,0,0,0,
7/24/2026 1:03:00 AM,+07:00,4045.1,4045.7,4044.9,4045.6,15,15,15,0,-3.75,15,0,0,15,12,80,2,13.3333333333333,10,66.6666666666666,0,0,0,0,10,-91,0,1,0,0,0,0,0,0,0,0,0,0,
7/24/2026 1:04:00 AM,+07:00,4045,4045.1,4044.1,4044.1,18,21,21,0,-3.05,18,0,0,21,12,57.1428571428571,8,38.0952380952381,4,19.047619047619,0,0,0,0,4,-87,0,1.16666666666667,0,0,0,0,0,0,0,0,0,0,
7/24/2026 1:05:00 AM,+07:00,4043.8,4045,4042.9,4044.2,54,59,59,0,-3.6,54,0,0,59,28,47.4576271186441,28,47.4576271186441,0,0,0,0,0,0,0,-87,0,1.09259259259259,0,0,0,0,0,0,0,0,0,0,
7/24/2026 1:06:00 AM,+07:00,4044.1,4046.5,4044,4046.1,106,144,144,0,-3.6,106,0,0,144,66,45.8333333333333,73,50.6944444444444,-7,-4.86111111111111,0,0,0,0,-7,-94,0,1.35849056603774,0,0,0,0,0,0,0,0,0,0,
7/24/2026 1:07:00 AM,+07:00,4045.8,4045.8,4045.1,4045.8,19,19,19,0,-2.6,19,0,0,19,11,57.8947368421053,7,36.8421052631579,4,21.0526315789474,0,0,0,0,4,-90,0,1,0,0,0,0,0,0,0,0,0,0,
7/24/2026 1:08:00 AM,+07:00,4045.4,4046.7,4045.4,4046.1,21,24,24,0,-1.25,21,0,0,24,20,83.3333333333334,4,16.6666666666667,16,66.6666666666666,0,0,0,0,16,-74,0,1.14285714285714,0,0,0,0,0,0,0,0,0,0,
7/24/2026 1:09:00 AM,+07:00,4046.4,4046.8,4045.8,4045.8,30,38,38,0,-1.55,30,0,0,38,11,28.9473684210526,22,57.8947368421053,-11,-28.9473684210526,0,0,0,0,-11,-85,0,1.26666666666667,0,0,0,0,0,0,0,0,0,0,
7/24/2026 1:10:00 AM,+07:00,4045.7,4046.3,4044.9,4045.4,49,49,49,0,-1.55,49,0,0,49,12,24.4897959183673,36,73.469387755102,-24,-48.9795918367347,0,0,0,0,-24,-109,0,1,0,0,0,0,0,0,0,0,0,0,
7/24/2026 1:11:00 AM,+07:00,4045.4,4046.3,4044.4,4045.7,66,72,72,0,-1.85,66,0,0,72,35,48.6111111111111,37,51.3888888888889,-2,-2.77777777777778,0,0,0,0,-2,-111,0,1.09090909090909,0,0,0,0,0,0,0,0,0,0,
7/24/2026 1:12:00 AM,+07:00,4045.3,4046.2,4045.3,4045.9,23,29,29,0,-0.95,23,0,0,29,22,75.8620689655172,7,24.1379310344828,15,51.7241379310345,0,0,0,0,15,-96,0,1.26086956521739,0,0,0,0,0,0,0,0,0,0,
7/24/2026 1:13:00 AM,+07:00,4045.5,4045.7,4044.6,4044.7,81,89,89,0,-3.9,81,0,0,89,21,23.5955056179775,68,76.4044943820225,-47,-52.8089887640449,0,0,0,0,-47,-143,0,1.09876543209877,0,0,0,0,0,0,0,0,0,0,
7/24/2026 1:14:00 AM,+07:00,4044.6,4045.4,4043.8,4044.1,88,99,99,0,-4.7,88,0,0,99,39,39.3939393939394,60,60.6060606060606,-21,-21.2121212121212,0,0,0,0,-21,-164,0,1.125,0,0,0,0,0,0,0,0,0,0,
7/24/2026 1:15:00 AM,+07:00,4044,4044.4,4042.8,4044,143,171,171,0,-3.8,143,0,0,171,97,56.7251461988304,73,42.6900584795322,24,14.0350877192982,0,0,0,0,24,-140,0,1.1958041958042,0,0,0,0,0,0,0,0,0,0,
7/24/2026 1:16:00 AM,+07:00,4044.4,4045.6,4043.9,4045,51,51,51,0,-2.7,51,0,0,51,24,47.0588235294118,27,52.9411764705882,-3,-5.88235294117647,0,0,0,0,-3,-143,0,1,0,0,0,0,0,0,0,0,0,0,
7/24/2026 1:17:00 AM,+07:00,4045.5,4046.2,4044.8,4045.3,61,76,76,0,-2.4,61,0,0,76,47,61.8421052631579,26,34.2105263157895,21,27.6315789473684,0,0,0,0,21,-122,0,1.24590163934426,0,0,0,0,0,0,0,0,0,0,
7/24/2026 1:18:00 AM,+07:00,4045,4047.1,4045,4046.3,49,52,52,0,-1.45,49,0,0,52,35,67.3076923076923,14,26.9230769230769,21,40.3846153846154,0,0,0,0,21,-101,0,1.06122448979592,0,0,0,0,0,0,0,0,0,0,
7/24/2026 1:19:00 AM,+07:00,4046.1,4046.1,4045.1,4045.4,33,48,48,0,0.05,33,0,0,48,29,60.4166666666667,12,25,17,35.4166666666667,0,0,0,0,17,-84,0,1.45454545454545,0,0,0,0,0,0,0,0,0,0,
7/24/2026 1:20:00 AM,+07:00,4045.5,4045.6,4045,4045.3,18,18,18,0,1.05,18,0,0,18,7,38.8888888888889,6,33.3333333333333,1,5.55555555555556,0,0,0,0,1,-83,0,1,0,0,0,0,0,0,0,0,0,0,
7/24/2026 1:21:00 AM,+07:00,4045,4045.7,4043.7,4044,67,67,67,0,0.75,67,0,0,67,28,41.7910447761194,35,52.2388059701492,-7,-10.4477611940298,0,0,0,0,-7,-90,0,1,0,0,0,0,0,0,0,0,0,0,
7/24/2026 1:22:00 AM,+07:00,4043.6,4044.2,4042.8,4043.1,113,130,130,0,0.35,113,0,0,130,62,47.6923076923077,66,50.7692307692308,-4,-3.07692307692308,0,0,0,0,-4,-94,0,1.15044247787611,0,0,0,0,0,0,0,0,0,0,
7/24/2026 1:23:00 AM,+07:00,4043,4044.1,4042.6,4043.8,71,77,77,0,0.7,71,0,0,77,44,57.1428571428571,27,35.0649350649351,17,22.0779220779221,0,0,0,0,17,-77,0,1.08450704225352,0,0,0,0,0,0,0,0,0,0,
7/24/2026 1:24:00 AM,+07:00,4043.7,4044.6,4043.7,4044.1,59,64,64,0,-0.55,59,0,0,64,21,32.8125,42,65.625,-21,-32.8125,0,0,0,0,-21,-98,0,1.08474576271186,0,0,0,0,0,0,0,0,0,0,
7/24/2026 1:25:00 AM,+07:00,4044,4044.5,4043.2,4044.1,83,96,96,0,-2.5,83,0,0,96,28,29.1666666666667,67,69.7916666666666,-39,-40.625,0,0,0,0,-39,-137,0,1.1566265060241,0,0,0,0,0,0,0,0,0,0,
7/24/2026 1:26:00 AM,+07:00,4044.5,4045.7,4044.3,4045.4,19,21,21,0,-2.4,19,0,0,21,8,38.0952380952381,13,61.9047619047619,-5,-23.8095238095238,0,0,0,0,-5,-142,0,1.10526315789474,0,0,0,0,0,0,0,0,0,0,
7/24/2026 1:27:00 AM,+07:00,4045.3,4047.4,4045.3,4046.5,44,54,54,0,-2.75,44,0,0,54,25,46.2962962962963,28,51.8518518518518,-3,-5.55555555555556,0,0,0,0,-3,-145,0,1.22727272727273,0,0,0,0,0,0,0,0,0,0,
7/24/2026 1:28:00 AM,+07:00,4046.5,4047.3,4046.3,4047.3,19,19,19,0,-3.3,19,0,0,19,12,63.1578947368421,7,36.8421052631579,5,26.3157894736842,0,0,0,0,5,-140,0,1,0,0,0,0,0,0,0,0,0,0,
7/24/2026 1:29:00 AM,+07:00,4047.5,4047.6,4046.8,4047.2,43,48,48,0,-3.65,43,0,0,48,15,31.25,33,68.75,-18,-37.5,0,0,0,0,-18,-158,0,1.11627906976744,0,0,0,0,0,0,0,0,0,0,
7/24/2026 1:30:00 AM,+07:00,4046.8,4049.6,4046.8,4049.5,99,121,121,0,0.05,99,0,0,121,85,70.2479338842975,35,28.9256198347107,50,41.3223140495868,0,0,0,0,50,-108,0,1.22222222222222,0,0,0,0,0,0,0,0,0,0,
7/24/2026 1:31:00 AM,+07:00,4049.3,4050.6,4048.8,4048.8,107,123,123,0,1.7,107,0,0,123,74,60.1626016260163,43,34.9593495934959,31,25.2032520325203,0,0,0,0,31,-77,0,1.14953271028037,0,0,0,0,0,0,0,0,0,0,
7/24/2026 1:32:00 AM,+07:00,4049.1,4049.1,4047.9,4047.9,29,31,31,0,0,29,0,0,31,6,19.3548387096774,25,80.6451612903226,-19,-61.2903225806452,0,0,0,0,-19,-96,0,1.06896551724138,0,0,0,0,0,0,0,0,0,0,
7/24/2026 1:33:00 AM,+07:00,4048,4048.8,4048,4048.3,16,16,16,0,2.55,16,0,0,16,7,43.75,3,18.75,4,25,0,0,0,0,4,-92,0,1,0,0,0,0,0,0,0,0,0,0,
7/24/2026 1:34:00 AM,+07:00,4048.4,4048.6,4047.3,4047.8,22,26,26,0,2.9,22,0,0,26,6,23.0769230769231,20,76.9230769230769,-14,-53.8461538461538,0,0,0,0,-14,-106,0,1.18181818181818,0,0,0,0,0,0,0,0,0,0,
7/24/2026 1:35:00 AM,+07:00,4047.8,4048.1,4047,4048,20,26,26,0,1.6,20,0,0,26,11,42.3076923076923,13,50,-2,-7.69230769230769,0,0,0,0,-2,-108,0,1.3,0,0,0,0,0,0,0,0,0,0,
7/24/2026 1:36:00 AM,+07:00,4048.2,4049,4048.2,4049,26,27,27,0,2.5,26,0,0,27,20,74.0740740740741,5,18.5185185185185,15,55.5555555555556,0,0,0,0,15,-93,0,1.03846153846154,0,0,0,0,0,0,0,0,0,0,
7/24/2026 1:37:00 AM,+07:00,4048.8,4049.3,4047.4,4048.3,37,37,37,0,0.6,37,0,0,37,7,18.9189189189189,24,64.8648648648649,-17,-45.945945945946,0,0,0,0,-17,-110,0,1,0,0,0,0,0,0,0,0,0,0,
7/24/2026 1:38:00 AM,+07:00,4048.3,4048.6,4047.7,4047.7,45,50,50,0,-1.9,45,0,0,50,8,16,37,74,-29,-58,0,0,0,0,-29,-139,0,1.11111111111111,0,0,0,0,0,0,0,0,0,0,
7/24/2026 1:39:00 AM,+07:00,4047.7,4048,4047,4047.6,38,42,42,0,-3.2,38,0,0,42,15,35.7142857142857,24,57.1428571428571,-9,-21.4285714285714,0,0,0,0,-9,-148,0,1.10526315789474,0,0,0,0,0,0,0,0,0,0,
7/24/2026 1:40:00 AM,+07:00,4047.5,4047.8,4047.3,4047.7,8,8,8,0,-3.45,8,0,0,8,2,25,6,75,-4,-50,0,0,0,0,-4,-152,0,1,0,0,0,0,0,0,0,0,0,0,
7/24/2026 1:41:00 AM,+07:00,4047.8,4048.5,4047.8,4048.5,14,14,14,0,-3,14,0,0,14,4,28.5714285714286,2,14.2857142857143,2,14.2857142857143,0,0,0,0,2,-150,0,1,0,0,0,0,0,0,0,0,0,0,
7/24/2026 1:42:00 AM,+07:00,4048.1,4048.6,4048.1,4048.5,11,11,11,0,-2.75,11,0,0,11,6,54.5454545454545,5,45.4545454545455,1,9.09090909090909,0,0,0,0,1,-149,0,1,0,0,0,0,0,0,0,0,0,0,
7/24/2026 1:43:00 AM,+07:00,4048.3,4049.2,4048.1,4048.7,20,21,21,0,-3.55,20,0,0,21,11,52.3809523809524,10,47.6190476190476,1,4.76190476190476,0,0,0,0,1,-148,0,1.05,0,0,0,0,0,0,0,0,0,0,
7/24/2026 1:44:00 AM,+07:00,4048.5,4048.9,4047.5,4048.9,34,34,34,0,-2.45,34,0,0,34,17,50,16,47.0588235294118,1,2.94117647058824,0,0,0,0,1,-147,0,1,0,0,0,0,0,0,0,0,0,0,
7/24/2026 1:45:00 AM,+07:00,4049,4049.8,4048.9,4049.1,58,68,68,0,0.1,58,0,0,68,39,57.3529411764706,27,39.7058823529412,12,17.6470588235294,0,0,0,0,12,-135,0,1.17241379310345,0,0,0,0,0,0,0,0,0,0,
7/24/2026 1:46:00 AM,+07:00,4049.4,4049.8,4049,4049.6,31,35,35,0,0.85,31,0,0,35,22,62.8571428571428,12,34.2857142857143,10,28.5714285714286,0,0,0,0,10,-125,0,1.12903225806452,0,0,0,0,0,0,0,0,0,0,
7/24/2026 1:47:00 AM,+07:00,4049.7,4050.5,4049.4,4050.3,43,46,46,0,1.85,43,0,0,46,31,67.3913043478261,14,30.4347826086957,17,36.9565217391304,0,0,0,0,17,-108,0,1.06976744186046,0,0,0,0,0,0,0,0,0,0,
7/24/2026 1:48:00 AM,+07:00,4050.6,4050.8,4049.8,4050.2,29,32,32,0,1.25,29,0,0,32,12,37.5,19,59.375,-7,-21.875,0,0,0,0,-7,-115,0,1.10344827586207,0,0,0,0,0,0,0,0,0,0,
7/24/2026 1:49:00 AM,+07:00,4050.2,4050.3,4049.5,4049.6,20,22,22,0,1.8,20,0,0,22,7,31.8181818181818,14,63.6363636363636,-7,-31.8181818181818,0,0,0,0,-7,-122,0,1.1,0,0,0,0,0,0,0,0,0,0,
7/24/2026 1:50:00 AM,+07:00,4049.6,4049.6,4048.6,4049.2,20,20,20,0,-0.8,20,0,0,20,9,45,11,55,-2,-10,0,0,0,0,-2,-124,0,1,0,0,0,0,0,0,0,0,0,0,
7/24/2026 1:51:00 AM,+07:00,4048.7,4049.4,4048.6,4049.4,26,28,28,0,-2.25,26,0,0,28,12,42.8571428571429,10,35.7142857142857,2,7.14285714285714,0,0,0,0,2,-122,0,1.07692307692308,0,0,0,0,0,0,0,0,0,0,
7/24/2026 1:52:00 AM,+07:00,4049.4,4049.6,4049.2,4049.6,6,6,6,0,-1.2,6,0,0,6,4,66.6666666666666,2,33.3333333333333,2,33.3333333333333,0,0,0,0,2,-120,0,1,0,0,0,0,0,0,0,0,0,0,
7/24/2026 1:53:00 AM,+07:00,4049.2,4049.2,4048.9,4048.9,4,5,5,0,-1.55,4,0,0,5,1,20,4,80,-3,-60,0,0,0,0,-3,-123,0,1.25,0,0,0,0,0,0,0,0,0,0,
7/24/2026 1:54:00 AM,+07:00,4048.9,4049.1,4048.4,4048.6,15,16,16,0,-0.75,15,0,0,16,9,56.25,7,43.75,2,12.5,0,0,0,0,2,-121,0,1.06666666666667,0,0,0,0,0,0,0,0,0,0,
7/24/2026 1:55:00 AM,+07:00,4048.5,4049.3,4048.4,4049.3,13,14,14,0,-0.65,13,0,0,14,7,50,7,50,0,0,0,0,0,0,0,-121,0,1.07692307692308,0,0,0,0,0,0,0,0,0,0,
7/24/2026 1:56:00 AM,+07:00,4049.6,4049.7,4049,4049.4,18,18,18,0,-1.2,18,0,0,18,11,61.1111111111111,7,38.8888888888889,4,22.2222222222222,0,0,0,0,4,-117,0,1,0,0,0,0,0,0,0,0,0,0,
7/24/2026 1:57:00 AM,+07:00,4048.9,4048.9,4048.2,4048.2,8,8,8,0,-0.65,8,0,0,8,1,12.5,7,87.5,-6,-75,0,0,0,0,-6,-123,0,1,0,0,0,0,0,0,0,0,0,0,
7/24/2026 1:58:00 AM,+07:00,4048.3,4048.3,4047.1,4048,28,33,33,0,0.1,28,0,0,33,9,27.2727272727273,23,69.6969696969697,-14,-42.4242424242424,0,0,0,0,-14,-137,0,1.17857142857143,0,0,0,0,0,0,0,0,0,0,
7/24/2026 1:59:00 AM,+07:00,4047.8,4049.1,4047.8,4048.8,25,25,25,0,0.3,25,0,0,25,10,40,15,60,-5,-20,0,0,0,0,-5,-142,0,1,0,0,0,0,0,0,0,0,0,0,
7/24/2026 2:00:00 AM,+07:00,4049.2,4051.4,4049.2,4050.5,65,74,74,0,1.25,65,0,0,74,44,59.4594594594595,29,39.1891891891892,15,20.2702702702703,0,0,0,0,15,-127,0,1.13846153846154,0,0,0,0,0,0,0,0,0,0,
7/24/2026 2:01:00 AM,+07:00,4050.2,4050.8,4050.2,4050.5,18,18,18,0,1.45,18,0,0,18,12,66.6666666666666,6,33.3333333333333,6,33.3333333333333,0,0,0,0,6,-121,0,1,0,0,0,0,0,0,0,0,0,0,
7/24/2026 2:02:00 AM,+07:00,4050.4,4050.4,4049.6,4050.4,16,16,16,0,1.05,16,0,0,16,4,25,11,68.75,-7,-43.75,0,0,0,0,-7,-128,0,1,0,0,0,0,0,0,0,0,0,0,
7/24/2026 2:03:00 AM,+07:00,4050.2,4050.2,4049.1,4049.1,8,11,11,0,0.75,8,0,0,11,3,27.2727272727273,8,72.7272727272727,-5,-45.4545454545455,0,0,0,0,-5,-133,0,1.375,0,0,0,0,0,0,0,0,0,0,
7/24/2026 2:04:00 AM,+07:00,4049.1,4049.2,4047.5,4047.9,84,94,94,0,-1.35,84,0,0,94,26,27.6595744680851,67,71.2765957446808,-41,-43.6170212765958,0,0,0,0,-41,-174,0,1.11904761904762,0,0,0,0,0,0,0,0,0,0,
7/24/2026 2:05:00 AM,+07:00,4048,4048.5,4047.4,4048.5,18,20,20,0,-1.75,18,0,0,20,12,60,8,40,4,20,0,0,0,0,4,-170,0,1.11111111111111,0,0,0,0,0,0,0,0,0,0,
7/24/2026 2:06:00 AM,+07:00,4048.5,4048.9,4048.3,4048.5,18,22,22,0,-1.45,18,0,0,22,19,86.3636363636364,3,13.6363636363636,16,72.7272727272727,0,0,0,0,16,-154,0,1.22222222222222,0,0,0,0,0,0,0,0,0,0,
7/24/2026 2:07:00 AM,+07:00,4048.5,4048.5,4048.1,4048.4,11,19,19,0,-2.15,11,0,0,19,11,57.8947368421053,8,42.1052631578947,3,15.7894736842105,0,0,0,0,3,-151,0,1.72727272727273,0,0,0,0,0,0,0,0,0,0,
7/24/2026 2:08:00 AM,+07:00,4048.1,4048.5,4047.8,4047.9,37,40,40,0,-2.4,37,0,0,40,14,35,26,65,-12,-30,0,0,0,0,-12,-163,0,1.08108108108108,0,0,0,0,0,0,0,0,0,0,
7/24/2026 2:09:00 AM,+07:00,4048,4048,4046.1,4046.1,33,45,45,0,-2.8,33,0,0,45,15,33.3333333333333,30,66.6666666666666,-15,-33.3333333333333,0,0,0,0,-15,-178,0,1.36363636363636,0,0,0,0,0,0,0,0,0,0,
7/24/2026 2:10:00 AM,+07:00,4046.2,4046.3,4045.6,4046,29,34,34,0,-3.25,29,0,0,34,11,32.3529411764706,22,64.7058823529412,-11,-32.3529411764706,0,0,0,0,-11,-189,0,1.17241379310345,0,0,0,0,0,0,0,0,0,0,
7/24/2026 2:11:00 AM,+07:00,4046.1,4046.8,4046.1,4046.8,18,21,21,0,-3.6,18,0,0,21,8,38.0952380952381,13,61.9047619047619,-5,-23.8095238095238,0,0,0,0,-5,-194,0,1.16666666666667,0,0,0,0,0,0,0,0,0,0,
7/24/2026 2:12:00 AM,+07:00,4046.6,4046.9,4045.7,4046,19,19,19,0,-3.95,19,0,0,19,6,31.578947368421,11,57.8947368421053,-5,-26.3157894736842,0,0,0,0,-5,-199,0,1,0,0,0,0,0,0,0,0,0,0,
7/24/2026 2:13:00 AM,+07:00,4045.8,4045.8,4045.3,4045.4,9,11,11,0,-3.55,9,0,0,11,8,72.7272727272727,3,27.2727272727273,5,45.4545454545455,0,0,0,0,5,-194,0,1.22222222222222,0,0,0,0,0,0,0,0,0,0,
7/24/2026 2:14:00 AM,+07:00,4045.4,4045.8,4045.3,4045.6,19,20,20,0,-3.85,19,0,0,20,8,40,12,60,-4,-20,0,0,0,0,-4,-198,0,1.05263157894737,0,0,0,0,0,0,0,0,0,0,
7/24/2026 2:15:00 AM,+07:00,4045.5,4047.5,4045.5,4047.2,44,49,49,0,-2.7,44,0,0,49,36,73.469387755102,13,26.530612244898,23,46.9387755102041,0,0,0,0,23,-175,0,1.11363636363636,0,0,0,0,0,0,0,0,0,0,
7/24/2026 2:16:00 AM,+07:00,4047.5,4048.2,4047.5,4047.6,17,17,17,0,-2.95,17,0,0,17,8,47.0588235294118,9,52.9411764705882,-1,-5.88235294117647,0,0,0,0,-1,-176,0,1,0,0,0,0,0,0,0,0,0,0,
7/24/2026 2:17:00 AM,+07:00,4047.3,4047.8,4047.2,4047.8,8,8,8,0,-2.6,8,0,0,8,4,50,3,37.5,1,12.5,0,0,0,0,1,-175,0,1,0,0,0,0,0,0,0,0,0,0,
7/24/2026 2:18:00 AM,+07:00,4047.4,4047.6,4046.9,4047.3,8,8,8,0,-1.6,8,0,0,8,7,87.5,1,12.5,6,75,0,0,0,0,6,-169,0,1,0,0,0,0,0,0,0,0,0,0,
7/24/2026 2:19:00 AM,+07:00,4047.4,4047.7,4047.4,4047.5,11,14,14,0,-1.55,11,0,0,14,5,35.7142857142857,9,64.2857142857143,-4,-28.5714285714286,0,0,0,0,-4,-173,0,1.27272727272727,0,0,0,0,0,0,0,0,0,0,
7/24/2026 2:20:00 AM,+07:00,4047.5,4048.4,4047.3,4048.4,22,23,23,0,-2.3,22,0,0,23,10,43.4782608695652,10,43.4782608695652,0,0,0,0,0,0,0,-173,0,1.04545454545455,0,0,0,0,0,0,0,0,0,0,
7/24/2026 2:21:00 AM,+07:00,4048.5,4049.2,4048.5,4049.1,18,19,19,0,-2.5,18,0,0,19,8,42.1052631578947,6,31.578947368421,2,10.5263157894737,0,0,0,0,2,-171,0,1.05555555555556,0,0,0,0,0,0,0,0,0,0,
7/24/2026 2:22:00 AM,+07:00,4049.5,4049.8,4048.6,4048.7,44,50,50,0,-1.9,44,0,0,50,25,50,20,40,5,10,0,0,0,0,5,-166,0,1.13636363636364,0,0,0,0,0,0,0,0,0,0,
7/24/2026 2:23:00 AM,+07:00,4048.7,4049.6,4048.3,4049.6,41,42,42,0,-2.45,41,0,0,42,13,30.952380952381,29,69.047619047619,-16,-38.0952380952381,0,0,0,0,-16,-182,0,1.02439024390244,0,0,0,0,0,0,0,0,0,0,
7/24/2026 2:24:00 AM,+07:00,4049.5,4050.6,4049.3,4050.1,43,66,66,0,1.05,43,0,0,66,46,69.6969696969697,17,25.7575757575758,29,43.9393939393939,0,0,0,0,29,-153,0,1.53488372093023,0,0,0,0,0,0,0,0,0,0,
7/24/2026 2:25:00 AM,+07:00,4050.3,4051.5,4050,4050.2,100,118,118,0,1.3,100,0,0,118,61,51.6949152542373,52,44.0677966101695,9,7.6271186440678,0,0,0,0,9,-144,0,1.18,0,0,0,0,0,0,0,0,0,0,
7/24/2026 2:26:00 AM,+07:00,4050.2,4050.3,4049.4,4049.4,29,29,29,0,0.55,29,0,0,29,15,51.7241379310345,14,48.2758620689655,1,3.44827586206896,0,0,0,0,1,-143,0,1,0,0,0,0,0,0,0,0,0,0,
7/24/2026 2:27:00 AM,+07:00,4049.3,4050.4,4049.3,4050.3,41,45,45,0,0.5,41,0,0,45,22,48.8888888888889,20,44.4444444444444,2,4.44444444444444,0,0,0,0,2,-141,0,1.09756097560976,0,0,0,0,0,0,0,0,0,0,
7/24/2026 2:28:00 AM,+07:00,4050.2,4050.7,4049,4049.2,62,62,62,0,1,62,0,0,62,30,48.3870967741936,32,51.6129032258064,-2,-3.2258064516129,0,0,0,0,-2,-143,0,1,0,0,0,0,0,0,0,0,0,0,
7/24/2026 2:29:00 AM,+07:00,4049.3,4050.4,4049.1,4050.1,18,19,19,0,2,18,0,0,19,12,63.1578947368421,7,36.8421052631579,5,26.3157894736842,0,0,0,0,5,-138,0,1.05555555555556,0,0,0,0,0,0,0,0,0,0,
7/24/2026 2:30:00 AM,+07:00,4050.4,4053.1,4050.1,4052,177,198,198,0,5.05,177,0,0,198,119,60.1010101010101,69,34.8484848484848,50,25.2525252525253,0,0,0,0,50,-88,0,1.11864406779661,0,0,0,0,0,0,0,0,0,0,
7/24/2026 2:31:00 AM,+07:00,4051.9,4051.9,4049.7,4049.8,41,41,41,0,5.35,41,0,0,41,21,51.219512195122,20,48.780487804878,1,2.4390243902439,0,0,0,0,1,-87,0,1,0,0,0,0,0,0,0,0,0,0,
7/24/2026 2:32:00 AM,+07:00,4049.5,4049.9,4049.1,4049.6,29,34,34,0,5.7,29,0,0,34,18,52.9411764705882,16,47.0588235294118,2,5.88235294117647,0,0,0,0,2,-85,0,1.17241379310345,0,0,0,0,0,0,0,0,0,0,
7/24/2026 2:33:00 AM,+07:00,4049.7,4049.7,4047.8,4048.5,22,22,22,0,5.25,22,0,0,22,9,40.9090909090909,13,59.0909090909091,-4,-18.1818181818182,0,0,0,0,-4,-89,0,1,0,0,0,0,0,0,0,0,0,0,
7/24/2026 2:34:00 AM,+07:00,4048.8,4049.7,4048.8,4049.7,13,13,13,0,5.8,13,0,0,13,10,76.9230769230769,3,23.0769230769231,7,53.8461538461538,0,0,0,0,7,-82,0,1,0,0,0,0,0,0,0,0,0,0,
7/24/2026 2:35:00 AM,+07:00,4049.3,4050.1,4049.1,4049.1,16,16,16,0,4.95,16,0,0,16,11,68.75,5,31.25,6,37.5,0,0,0,0,6,-76,0,1,0,0,0,0,0,0,0,0,0,0,
7/24/2026 2:36:00 AM,+07:00,4049.1,4049.8,4049,4049.5,12,12,12,0,5.2,12,0,0,12,8,66.6666666666666,4,33.3333333333333,4,33.3333333333333,0,0,0,0,4,-72,0,1,0,0,0,0,0,0,0,0,0,0,
7/24/2026 2:37:00 AM,+07:00,4049.9,4050.1,4049.5,4049.7,19,19,19,0,5.05,19,0,0,19,8,42.1052631578947,10,52.6315789473684,-2,-10.5263157894737,0,0,0,0,-2,-74,0,1,0,0,0,0,0,0,0,0,0,0,
7/24/2026 2:38:00 AM,+07:00,4049.4,4049.8,4049.2,4049.3,18,18,18,0,5.35,18,0,0,18,15,83.3333333333334,3,16.6666666666667,12,66.6666666666666,0,0,0,0,12,-62,0,1,0,0,0,0,0,0,0,0,0,0,
7/24/2026 2:39:00 AM,+07:00,4049.7,4050.4,4049.7,4050.2,18,18,18,0,5.8,18,0,0,18,11,61.1111111111111,6,33.3333333333333,5,27.7777777777778,0,0,0,0,5,-57,0,1,0,0,0,0,0,0,0,0,0,0,
7/24/2026 2:40:00 AM,+07:00,4050.1,4050.1,4049,4049.3,15,15,15,0,5.75,15,0,0,15,7,46.6666666666667,8,53.3333333333333,-1,-6.66666666666667,0,0,0,0,-1,-58,0,1,0,0,0,0,0,0,0,0,0,0,
7/24/2026 2:41:00 AM,+07:00,4049.4,4050.2,4049.2,4049.9,29,29,29,0,5.8,29,0,0,29,16,55.1724137931034,13,44.8275862068966,3,10.3448275862069,0,0,0,0,3,-55,0,1,0,0,0,0,0,0,0,0,0,0,
7/24/2026 2:42:00 AM,+07:00,4049.8,4049.8,4048.8,4048.8,11,18,18,0,5.85,11,0,0,18,12,66.6666666666666,6,33.3333333333333,6,33.3333333333333,0,0,0,0,6,-49,0,1.63636363636364,0,0,0,0,0,0,0,0,0,0,
7/24/2026 2:43:00 AM,+07:00,4049.1,4049.1,4048.6,4048.8,19,21,21,0,6.3,19,0,0,21,6,28.5714285714286,13,61.9047619047619,-7,-33.3333333333333,0,0,0,0,-7,-56,0,1.10526315789474,0,0,0,0,0,0,0,0,0,0,
7/24/2026 2:44:00 AM,+07:00,4048.5,4048.7,4048,4048.1,31,32,32,0,4.5,31,0,0,32,12,37.5,19,59.375,-7,-21.875,0,0,0,0,-7,-63,0,1.03225806451613,0,0,0,0,0,0,0,0,0,0,
7/24/2026 2:45:00 AM,+07:00,4048.1,4048.2,4047.5,4048.1,24,25,25,0,4.05,24,0,0,25,12,48,12,48,0,0,0,0,0,0,0,-63,0,1.04166666666667,0,0,0,0,0,0,0,0,0,0,
7/24/2026 2:46:00 AM,+07:00,4048,4048,4047.2,4047.2,24,24,24,0,4.2,24,0,0,24,13,54.1666666666667,9,37.5,4,16.6666666666667,0,0,0,0,4,-59,0,1,0,0,0,0,0,0,0,0,0,0,
7/24/2026 2:47:00 AM,+07:00,4047.5,4048.7,4047,4048.5,37,45,45,0,3.75,37,0,0,45,16,35.5555555555556,23,51.1111111111111,-7,-15.5555555555556,0,0,0,0,-7,-66,0,1.21621621621622,0,0,0,0,0,0,0,0,0,0,
7/24/2026 2:48:00 AM,+07:00,4048.9,4049.2,4047.6,4047.6,26,27,27,0,3.75,26,0,0,27,11,40.7407407407407,13,48.1481481481481,-2,-7.40740740740741,0,0,0,0,-2,-68,0,1.03846153846154,0,0,0,0,0,0,0,0,0,0,
7/24/2026 2:49:00 AM,+07:00,4047.5,4047.9,4047.5,4047.9,11,11,11,0,3.65,11,0,0,11,7,63.6363636363636,4,36.3636363636364,3,27.2727272727273,0,0,0,0,3,-65,0,1,0,0,0,0,0,0,0,0,0,0,
7/24/2026 2:50:00 AM,+07:00,4048.2,4049.8,4048.2,4049.4,64,70,70,0,1.35,64,0,0,70,34,48.5714285714286,30,42.8571428571429,4,5.71428571428572,0,0,0,0,4,-61,0,1.09375,0,0,0,0,0,0,0,0,0,0,
7/24/2026 2:51:00 AM,+07:00,4049.3,4051.8,4049.3,4051.8,43,43,43,0,1.45,43,0,0,43,23,53.4883720930232,20,46.5116279069767,3,6.97674418604651,0,0,0,0,3,-58,0,1,0,0,0,0,0,0,0,0,0,0,
7/24/2026 2:52:00 AM,+07:00,4052,4052.3,4050.9,4052.3,85,94,94,0,0.9,85,0,0,94,41,43.6170212765958,50,53.1914893617021,-9,-9.57446808510638,0,0,0,0,-9,-67,0,1.10588235294118,0,0,0,0,0,0,0,0,0,0,
7/24/2026 2:53:00 AM,+07:00,4052.3,4052.3,4051.2,4051.4,50,52,52,0,1,50,0,0,52,25,48.0769230769231,27,51.9230769230769,-2,-3.84615384615385,0,0,0,0,-2,-69,0,1.04,0,0,0,0,0,0,0,0,0,0,
7/24/2026 2:54:00 AM,+07:00,4051.5,4052.4,4051.3,4052.2,67,70,70,0,0.5,67,0,0,70,32,45.7142857142857,35,50,-3,-4.28571428571429,0,0,0,0,-3,-72,0,1.04477611940298,0,0,0,0,0,0,0,0,0,0,
7/24/2026 2:55:00 AM,+07:00,4052.6,4052.9,4051.7,4052.1,88,91,91,0,-1.05,88,0,0,91,31,34.0659340659341,56,61.5384615384615,-25,-27.4725274725275,0,0,0,0,-25,-97,0,1.03409090909091,0,0,0,0,0,0,0,0,0,0,
7/24/2026 2:56:00 AM,+07:00,4051.9,4052.6,4051.6,4052.1,54,59,59,0,-0.7,54,0,0,59,35,59.3220338983051,24,40.6779661016949,11,18.6440677966102,0,0,0,0,11,-86,0,1.09259259259259,0,0,0,0,0,0,0,0,0,0,
7/24/2026 2:57:00 AM,+07:00,4052,4052.8,4051.9,4052.8,69,75,75,0,0.45,69,0,0,75,40,53.3333333333333,19,25.3333333333333,21,28,0,0,0,0,21,-65,0,1.08695652173913,0,0,0,0,0,0,0,0,0,0,
7/24/2026 2:58:00 AM,+07:00,4052.6,4053.3,4051.9,4052.7,147,175,175,0,-1.2,147,0,0,175,70,40,91,52,-21,-12,0,0,0,0,-21,-86,0,1.19047619047619,0,0,0,0,0,0,0,0,0,0,
7/24/2026 2:59:00 AM,+07:00,4052.7,4053,4051.6,4052.1,138,154,154,0,-3.2,138,0,0,154,58,37.6623376623377,93,60.3896103896104,-35,-22.7272727272727,0,0,0,0,-35,-121,0,1.11594202898551,0,0,0,0,0,0,0,0,0,0,
7/24/2026 3:00:00 AM,+07:00,4051.9,4053.6,4051.8,4052.7,269,333,333,0,0.85,269,0,0,333,204,61.2612612612612,124,37.2372372372372,80,24.024024024024,0,0,0,0,80,-41,0,1.23791821561338,0,0,0,0,0,0,0,0,0,0,
7/24/2026 3:01:00 AM,+07:00,4052.7,4052.8,4051.5,4051.5,34,35,35,0,0.4,34,0,0,35,13,37.1428571428571,19,54.2857142857143,-6,-17.1428571428571,0,0,0,0,-6,-47,0,1.02941176470588,0,0,0,0,0,0,0,0,0,0,
7/24/2026 3:02:00 AM,+07:00,4051.7,4052.7,4051.6,4051.6,27,27,27,0,0.05,27,0,0,27,13,48.1481481481481,14,51.8518518518518,-1,-3.7037037037037,0,0,0,0,-1,-48,0,1,0,0,0,0,0,0,0,0,0,0,
7/24/2026 3:03:00 AM,+07:00,4052.1,4052.2,4051.3,4051.3,14,14,14,0,0.15,14,0,0,14,4,28.5714285714286,9,64.2857142857143,-5,-35.7142857142857,0,0,0,0,-5,-53,0,1,0,0,0,0,0,0,0,0,0,0,
7/24/2026 3:04:00 AM,+07:00,4051.7,4051.7,4051,4051,17,20,20,0,0,17,0,0,20,5,25,15,75,-10,-50,0,0,0,0,-10,-63,0,1.17647058823529,0,0,0,0,0,0,0,0,0,0,
7/24/2026 3:05:00 AM,+07:00,4051.4,4051.5,4050.8,4050.8,14,25,25,0,-0.9,14,0,0,25,3,12,21,84,-18,-72,0,0,0,0,-18,-81,0,1.78571428571429,0,0,0,0,0,0,0,0,0,0,
7/24/2026 3:06:00 AM,+07:00,4050.8,4051.4,4050.8,4051.2,7,7,7,0,-1,7,0,0,7,4,57.1428571428571,2,28.5714285714286,2,28.5714285714286,0,0,0,0,2,-79,0,1,0,0,0,0,0,0,0,0,0,0,
7/24/2026 3:07:00 AM,+07:00,4051.1,4051.5,4050.9,4051.5,28,37,37,0,-0.9,28,0,0,37,16,43.2432432432432,21,56.7567567567568,-5,-13.5135135135135,0,0,0,0,-5,-84,0,1.32142857142857,0,0,0,0,0,0,0,0,0,0,
7/24/2026 3:08:00 AM,+07:00,4051.3,4051.9,4051.3,4051.8,26,29,29,0,-1.25,26,0,0,29,9,31.0344827586207,18,62.0689655172414,-9,-31.0344827586207,0,0,0,0,-9,-93,0,1.11538461538462,0,0,0,0,0,0,0,0,0,0,
7/24/2026 3:09:00 AM,+07:00,4051.9,4052.3,4050.6,4050.6,52,61,61,0,-2.4,52,0,0,61,20,32.7868852459016,40,65.5737704918033,-20,-32.7868852459016,0,0,0,0,-20,-113,0,1.17307692307692,0,0,0,0,0,0,0,0,0,0,
7/24/2026 3:10:00 AM,+07:00,4051,4051.3,4051,4051.3,2,2,2,0,-2.7,2,0,0,2,0,0,2,100,-2,-100,0,0,0,0,-2,-115,0,1,0,0,0,0,0,0,0,0,0,0,
7/24/2026 3:11:00 AM,+07:00,4051.5,4051.7,4051.5,4051.7,2,2,2,0,-2.75,2,0,0,2,2,100,0,0,2,100,0,0,0,0,2,-113,0,1,0,0,0,0,0,0,0,0,0,0,
7/24/2026 3:12:00 AM,+07:00,4051.8,4051.9,4051.4,4051.8,16,16,16,0,-2.3,16,0,0,16,8,50,8,50,0,0,0,0,0,0,0,-113,0,1,0,0,0,0,0,0,0,0,0,0,
7/24/2026 3:13:00 AM,+07:00,4051.6,4052.5,4051.6,4052.2,18,18,18,0,-1.4,18,0,0,18,17,94.4444444444444,1,5.55555555555556,16,88.8888888888889,0,0,0,0,16,-97,0,1,0,0,0,0,0,0,0,0,0,0,
7/24/2026 3:14:00 AM,+07:00,4052.3,4052.5,4051.8,4051.8,10,10,10,0,-1.3,10,0,0,10,4,40,5,50,-1,-10,0,0,0,0,-1,-98,0,1,0,0,0,0,0,0,0,0,0,0,
7/24/2026 3:15:00 AM,+07:00,4051.8,4051.8,4051.3,4051.6,10,10,10,0,-0.35,10,0,0,10,2,20,8,80,-6,-60,0,0,0,0,-6,-104,0,1,0,0,0,0,0,0,0,0,0,0,
7/24/2026 3:16:00 AM,+07:00,4051.6,4052,4050.9,4051,36,53,53,0,-1.2,36,0,0,53,21,39.622641509434,27,50.9433962264151,-6,-11.3207547169811,0,0,0,0,-6,-110,0,1.47222222222222,0,0,0,0,0,0,0,0,0,0,
7/24/2026 3:17:00 AM,+07:00,4051.1,4051.2,4050.9,4051,7,11,11,0,-2.2,7,0,0,11,6,54.5454545454545,5,45.4545454545455,1,9.09090909090909,0,0,0,0,1,-109,0,1.57142857142857,0,0,0,0,0,0,0,0,0,0,
7/24/2026 3:18:00 AM,+07:00,4050.9,4050.9,4050.9,4050.9,2,2,2,0,-1.05,2,0,0,2,2,100,0,0,2,100,0,0,0,0,2,-107,0,1,0,0,0,0,0,0,0,0,0,0,
7/24/2026 3:19:00 AM,+07:00,4050.5,4051.1,4050.3,4051.1,17,22,22,0,0.95,17,0,0,22,13,59.0909090909091,8,36.3636363636364,5,22.7272727272727,0,0,0,0,5,-102,0,1.29411764705882,0,0,0,0,0,0,0,0,0,0,
7/24/2026 3:20:00 AM,+07:00,4051,4051.1,4049.9,4049.9,24,24,24,0,-3.9,24,0,0,24,3,12.5,20,83.3333333333334,-17,-70.8333333333334,0,0,0,0,-17,-119,0,1,0,0,0,0,0,0,0,0,0,0,
7/24/2026 3:21:00 AM,+07:00,4050.1,4050.9,4049.8,4050.7,14,14,14,0,-3.5,14,0,0,14,8,57.1428571428571,6,42.8571428571429,2,14.2857142857143,0,0,0,0,2,-117,0,1,0,0,0,0,0,0,0,0,0,0,
7/24/2026 3:22:00 AM,+07:00,4050.9,4051.5,4050.9,4051.2,15,18,18,0,-3.15,15,0,0,18,12,66.6666666666666,6,33.3333333333333,6,33.3333333333333,0,0,0,0,6,-111,0,1.2,0,0,0,0,0,0,0,0,0,0,
7/24/2026 3:23:00 AM,+07:00,4051.2,4051.2,4051.1,4051.1,3,3,3,0,-2.95,3,0,0,3,1,33.3333333333333,2,66.6666666666666,-1,-33.3333333333333,0,0,0,0,-1,-112,0,1,0,0,0,0,0,0,0,0,0,0,
7/24/2026 3:24:00 AM,+07:00,4051.2,4051.4,4051,4051.3,7,7,7,0,-2.5,7,0,0,7,3,42.8571428571429,4,57.1428571428571,-1,-14.2857142857143,0,0,0,0,-1,-113,0,1,0,0,0,0,0,0,0,0,0,0,
7/24/2026 3:25:00 AM,+07:00,4051.5,4051.5,4051.3,4051.5,8,8,8,0,-1.9,8,0,0,8,1,12.5,7,87.5,-6,-75,0,0,0,0,-6,-119,0,1,0,0,0,0,0,0,0,0,0,0,
7/24/2026 3:26:00 AM,+07:00,4051.4,4051.6,4051.4,4051.6,7,7,7,0,-1.85,7,0,0,7,5,71.4285714285714,2,28.5714285714286,3,42.8571428571429,0,0,0,0,3,-116,0,1,0,0,0,0,0,0,0,0,0,0,
7/24/2026 3:27:00 AM,+07:00,4051.6,4052.6,4051.6,4052.6,19,19,19,0,-0.95,19,0,0,19,16,84.2105263157895,3,15.7894736842105,13,68.421052631579,0,0,0,0,13,-103,0,1,0,0,0,0,0,0,0,0,0,0,
7/24/2026 3:28:00 AM,+07:00,4052.6,4052.9,4052.5,4052.8,56,70,70,0,1.2,56,0,0,70,51,72.8571428571428,17,24.2857142857143,34,48.5714285714286,0,0,0,0,34,-69,0,1.25,0,0,0,0,0,0,0,0,0,0,
7/24/2026 3:29:00 AM,+07:00,4052.5,4053.4,4052.3,4052.6,76,99,99,0,4.65,76,0,0,99,74,74.7474747474748,25,25.2525252525253,49,49.4949494949495,0,0,0,0,49,-20,0,1.30263157894737,0,0,0,0,0,0,0,0,0,0,
7/24/2026 3:30:00 AM,+07:00,4052.9,4053,4052,4052,14,14,14,0,4.6,14,0,0,14,5,35.7142857142857,8,57.1428571428571,-3,-21.4285714285714,0,0,0,0,-3,-23,0,1,0,0,0,0,0,0,0,0,0,0,
7/24/2026 3:31:00 AM,+07:00,4051.8,4052.3,4051.8,4052.3,11,11,11,0,4.35,11,0,0,11,4,36.3636363636364,7,63.6363636363636,-3,-27.2727272727273,0,0,0,0,-3,-26,0,1,0,0,0,0,0,0,0,0,0,0,
7/24/2026 3:32:00 AM,+07:00,4052.4,4052.8,4052,4052.3,10,10,10,0,4.35,10,0,0,10,5,50,5,50,0,0,0,0,0,0,0,-26,0,1,0,0,0,0,0,0,0,0,0,0,
7/24/2026 3:33:00 AM,+07:00,4052.2,4052.2,4051.7,4051.7,3,3,3,0,3.5,3,0,0,3,1,33.3333333333333,2,66.6666666666666,-1,-33.3333333333333,0,0,0,0,-1,-27,0,1,0,0,0,0,0,0,0,0,0,0,
7/24/2026 3:34:00 AM,+07:00,4051.8,4052.4,4051.5,4052.1,8,8,8,0,3.55,8,0,0,8,4,50,4,50,0,0,0,0,0,0,0,-27,0,1,0,0,0,0,0,0,0,0,0,0,
7/24/2026 3:35:00 AM,+07:00,4052.2,4052.3,4052.2,4052.3,3,3,3,0,3.8,3,0,0,3,1,33.3333333333333,2,66.6666666666666,-1,-33.3333333333333,0,0,0,0,-1,-28,0,1,0,0,0,0,0,0,0,0,0,0,
7/24/2026 3:36:00 AM,+07:00,4052.4,4052.4,4052.1,4052.4,3,3,3,0,4.1,3,0,0,3,1,33.3333333333333,1,33.3333333333333,0,0,0,0,0,0,0,-28,0,1,0,0,0,0,0,0,0,0,0,0,
7/24/2026 3:37:00 AM,+07:00,4052.4,4052.6,4052.2,4052.3,8,8,8,0,4,8,0,0,8,3,37.5,4,50,-1,-12.5,0,0,0,0,-1,-29,0,1,0,0,0,0,0,0,0,0,0,0,
7/24/2026 3:38:00 AM,+07:00,4052.2,4053.2,4052.2,4052.7,17,17,17,0,4.35,17,0,0,17,13,76.4705882352941,4,23.5294117647059,9,52.9411764705882,0,0,0,0,9,-20,0,1,0,0,0,0,0,0,0,0,0,0,
7/24/2026 3:39:00 AM,+07:00,4052.8,4053,4052.5,4052.7,15,15,15,0,4.1,15,0,0,15,6,40,6,40,0,0,0,0,0,0,0,-20,0,1,0,0,0,0,0,0,0,0,0,0,
7/24/2026 3:40:00 AM,+07:00,4052.5,4052.5,4051.9,4052.2,45,64,64,0,4.95,45,0,0,64,32,50,32,50,0,0,0,0,0,0,0,-20,0,1.42222222222222,0,0,0,0,0,0,0,0,0,0,
7/24/2026 3:41:00 AM,+07:00,4052,4052,4051.6,4051.6,4,4,4,0,4.75,4,0,0,4,1,25,3,75,-2,-50,0,0,0,0,-2,-22,0,1,0,0,0,0,0,0,0,0,0,0,
7/24/2026 3:42:00 AM,+07:00,4051.6,4051.6,4051.3,4051.5,8,8,8,0,4.6,8,0,0,8,5,62.5,2,25,3,37.5,0,0,0,0,3,-19,0,1,0,0,0,0,0,0,0,0,0,0,
7/24/2026 3:43:00 AM,+07:00,4051.3,4051.9,4051.3,4051.8,24,29,29,0,5.6,24,0,0,29,23,79.3103448275862,4,13.7931034482759,19,65.5172413793104,0,0,0,0,19,0,0,1.20833333333333,0,0,0,0,0,0,0,0,0,0,
7/24/2026 3:44:00 AM,+07:00,4051.9,4052.2,4051.7,4052.2,11,11,11,0,5.65,11,0,0,11,5,45.4545454545455,5,45.4545454545455,0,0,0,0,0,0,0,0,0,1,0,0,0,0,0,0,0,0,0,0,
7/24/2026 3:45:00 AM,+07:00,4052.1,4052.4,4051.2,4051.7,16,16,16,0,5.75,16,0,0,16,6,37.5,10,62.5,-4,-25,0,0,0,0,-4,-4,0,1,0,0,0,0,0,0,0,0,0,0,
7/24/2026 3:46:00 AM,+07:00,4051.5,4051.7,4051.1,4051.6,9,9,9,0,5.8,9,0,0,9,6,66.6666666666666,2,22.2222222222222,4,44.4444444444444,0,0,0,0,4,0,0,1,0,0,0,0,0,0,0,0,0,0,
7/24/2026 3:47:00 AM,+07:00,4051.4,4051.7,4051.4,4051.6,5,5,5,0,5.1,5,0,0,5,2,40,3,60,-1,-20,0,0,0,0,-1,-1,0,1,0,0,0,0,0,0,0,0,0,0,
7/24/2026 3:48:00 AM,+07:00,4051.5,4052.4,4051.4,4052,28,29,29,0,3.05,28,0,0,29,11,37.9310344827586,18,62.0689655172414,-7,-24.1379310344828,0,0,0,0,-7,-8,0,1.03571428571429,0,0,0,0,0,0,0,0,0,0,
7/24/2026 3:49:00 AM,+07:00,4051.9,4052.2,4051.8,4052.1,11,11,11,0,0.55,11,0,0,11,3,27.2727272727273,4,36.3636363636364,-1,-9.09090909090909,0,0,0,0,-1,-9,0,1,0,0,0,0,0,0,0,0,0,0,
7/24/2026 3:50:00 AM,+07:00,4052.1,4052.1,4051.5,4051.5,5,5,5,0,0.55,5,0,0,5,1,20,4,80,-3,-60,0,0,0,0,-3,-12,0,1,0,0,0,0,0,0,0,0,0,0,
7/24/2026 3:51:00 AM,+07:00,4051.3,4051.8,4051.3,4051.3,9,9,9,0,0.25,9,0,0,9,0,0,9,100,-9,-100,0,0,0,0,-9,-21,0,1,0,0,0,0,0,0,0,0,0,0,
7/24/2026 3:52:00 AM,+07:00,4051.6,4051.6,4049.9,4050.1,64,65,65,0,-2.4,64,0,0,65,6,9.23076923076923,59,90.7692307692308,-53,-81.5384615384615,0,0,0,0,-53,-74,0,1.015625,0,0,0,0,0,0,0,0,0,0,
7/24/2026 3:53:00 AM,+07:00,4049.9,4050.4,4049.9,4050.4,7,7,7,0,-2.7,7,0,0,7,0,0,7,100,-7,-100,0,0,0,0,-7,-81,0,1,0,0,0,0,0,0,0,0,0,0,
7/24/2026 3:54:00 AM,+07:00,4050.5,4050.8,4050.5,4050.5,13,13,13,0,-2.65,13,0,0,13,7,53.8461538461538,6,46.1538461538462,1,7.69230769230769,0,0,0,0,1,-80,0,1,0,0,0,0,0,0,0,0,0,0,
7/24/2026 3:55:00 AM,+07:00,4050.5,4052.1,4050.5,4051.7,23,23,23,0,-1.95,23,0,0,23,18,78.2608695652174,5,21.7391304347826,13,56.5217391304348,0,0,0,0,13,-67,0,1,0,0,0,0,0,0,0,0,0,0,
7/24/2026 3:56:00 AM,+07:00,4051.6,4051.6,4051.4,4051.4,8,8,8,0,-2.35,8,0,0,8,0,0,8,100,-8,-100,0,0,0,0,-8,-75,0,1,0,0,0,0,0,0,0,0,0,0,
7/24/2026 3:57:00 AM,+07:00,4051.5,4051.8,4051.5,4051.7,10,10,10,0,-1.9,10,0,0,10,9,90,1,10,8,80,0,0,0,0,8,-67,0,1,0,0,0,0,0,0,0,0,0,0,
7/24/2026 3:58:00 AM,+07:00,4051.7,4052,4051.7,4052,8,10,10,0,-2.05,8,0,0,10,8,80,2,20,6,60,0,0,0,0,6,-61,0,1.25,0,0,0,0,0,0,0,0,0,0,
7/24/2026 3:59:00 AM,+07:00,4052,4052.5,4051.7,4052.3,27,30,30,0,-1.95,27,0,0,30,16,53.3333333333333,14,46.6666666666667,2,6.66666666666667,0,0,0,0,2,-59,0,1.11111111111111,0,0,0,0,0,0,0,0,0,0,
7/24/2026 5:00:00 AM,+07:00,4053.4,4053.5,4050.4,4051,46,48,48,0,-2.15,46,0,0,48,21,43.75,25,52.0833333333333,-4,-8.33333333333333,0,0,0,0,-4,-63,0,1.04347826086957,0,0,0,0,0,0,0,0,0,0,
7/24/2026 5:01:00 AM,+07:00,4050.9,4051.6,4050.2,4051.5,19,22,22,0,-2.4,19,0,0,22,5,22.7272727272727,12,54.5454545454545,-7,-31.8181818181818,0,0,0,0,-7,-70,0,1.15789473684211,0,0,0,0,0,0,0,0,0,0,
7/24/2026 5:02:00 AM,+07:00,4051.6,4051.6,4051.3,4051.3,3,3,3,0,-2.7,3,0,0,3,0,0,3,100,-3,-100,0,0,0,0,-3,-73,0,1,0,0,0,0,0,0,0,0,0,0,
7/24/2026 5:03:00 AM,+07:00,4051.5,4051.7,4050.9,4051.2,14,15,15,0,-3.8,14,0,0,15,6,40,9,60,-3,-20,0,0,0,0,-3,-76,0,1.07142857142857,0,0,0,0,0,0,0,0,0,0,
7/24/2026 5:04:00 AM,+07:00,4051.3,4051.7,4050.5,4050.5,4,4,4,0,-3.7,4,0,0,4,3,75,1,25,2,50,0,0,0,0,2,-74,0,1,0,0,0,0,0,0,0,0,0,0,
7/24/2026 5:05:00 AM,+07:00,4050.9,4051,4050.4,4050.4,15,15,15,0,-4.25,15,0,0,15,0,0,15,100,-15,-100,0,0,0,0,-15,-89,0,1,0,0,0,0,0,0,0,0,0,0,
7/24/2026 5:06:00 AM,+07:00,4050.7,4051.8,4050.6,4051.1,18,18,18,0,-4.8,18,0,0,18,5,27.7777777777778,12,66.6666666666666,-7,-38.8888888888889,0,0,0,0,-7,-96,0,1,0,0,0,0,0,0,0,0,0,0,
7/24/2026 5:07:00 AM,+07:00,4051.5,4052.2,4051.4,4052.2,8,8,8,0,-4.65,8,0,0,8,5,62.5,3,37.5,2,25,0,0,0,0,2,-94,0,1,0,0,0,0,0,0,0,0,0,0,
7/24/2026 5:08:00 AM,+07:00,4052.4,4053,4051.3,4051.3,16,16,16,0,-4.3,16,0,0,16,8,50,8,50,0,0,0,0,0,0,0,-94,0,1,0,0,0,0,0,0,0,0,0,0,
7/24/2026 5:09:00 AM,+07:00,4051.4,4051.4,4050.6,4051.1,9,9,9,0,-4.4,9,0,0,9,3,33.3333333333333,6,66.6666666666666,-3,-33.3333333333333,0,0,0,0,-3,-97,0,1,0,0,0,0,0,0,0,0,0,0,
7/24/2026 5:10:00 AM,+07:00,4051.3,4051.3,4051.2,4051.2,3,3,3,0,-4.2,3,0,0,3,2,66.6666666666666,1,33.3333333333333,1,33.3333333333333,0,0,0,0,1,-96,0,1,0,0,0,0,0,0,0,0,0,0,
7/24/2026 5:11:00 AM,+07:00,4051.2,4051.2,4051.1,4051.1,2,2,2,0,-3.85,2,0,0,2,0,0,2,100,-2,-100,0,0,0,0,-2,-98,0,1,0,0,0,0,0,0,0,0,0,0,
7/24/2026 5:13:00 AM,+07:00,4051.2,4051.2,4051,4051,2,2,2,0,-1.3,2,0,0,2,0,0,2,100,-2,-100,0,0,0,0,-2,-100,0,1,0,0,0,0,0,0,0,0,0,0,
7/24/2026 5:16:00 AM,+07:00,4051.4,4051.9,4051.2,4051.9,9,9,9,0,-1.05,9,0,0,9,3,33.3333333333333,5,55.5555555555556,-2,-22.2222222222222,0,0,0,0,-2,-102,0,1,0,0,0,0,0,0,0,0,0,0,
7/24/2026 5:17:00 AM,+07:00,4051.6,4051.8,4051.4,4051.8,7,7,7,0,-1.25,7,0,0,7,1,14.2857142857143,4,57.1428571428571,-3,-42.8571428571429,0,0,0,0,-3,-105,0,1,0,0,0,0,0,0,0,0,0,0,
7/24/2026 5:19:00 AM,+07:00,4052,4052.1,4052,4052,6,9,9,0,-2.15,6,0,0,9,2,22.2222222222222,7,77.7777777777778,-5,-55.5555555555556,0,0,0,0,-5,-110,0,1.5,0,0,0,0,0,0,0,0,0,0,
7/24/2026 5:21:00 AM,+07:00,4052.3,4052.4,4052.3,4052.4,2,2,2,0,-1.65,2,0,0,2,2,100,0,0,2,100,0,0,0,0,2,-108,0,1,0,0,0,0,0,0,0,0,0,0,
7/24/2026 5:22:00 AM,+07:00,4052,4052.4,4051.7,4051.7,7,7,7,0,-2.2,7,0,0,7,2,28.5714285714286,5,71.4285714285714,-3,-42.8571428571429,0,0,0,0,-3,-111,0,1,0,0,0,0,0,0,0,0,0,0,
7/24/2026 5:23:00 AM,+07:00,4052.1,4052.4,4052,4052,7,8,8,0,-2.6,7,0,0,8,3,37.5,5,62.5,-2,-25,0,0,0,0,-2,-113,0,1.14285714285714,0,0,0,0,0,0,0,0,0,0,
7/24/2026 5:24:00 AM,+07:00,4052.3,4052.8,4052.3,4052.5,6,6,6,0,-2.75,6,0,0,6,0,0,1,16.6666666666667,-1,-16.6666666666667,0,0,0,0,-1,-114,0,1,0,0,0,0,0,0,0,0,0,0,
7/24/2026 5:25:00 AM,+07:00,4052.1,4052.5,4052,4052.1,5,5,5,0,-2.7,5,0,0,5,1,20,4,80,-3,-60,0,0,0,0,-3,-117,0,1,0,0,0,0,0,0,0,0,0,0,
7/24/2026 5:26:00 AM,+07:00,4052.1,4052.1,4052,4052,2,2,2,0,-2.35,2,0,0,2,1,50,1,50,0,0,0,0,0,0,0,-117,0,1,0,0,0,0,0,0,0,0,0,0,
7/24/2026 5:27:00 AM,+07:00,4051.5,4052,4051.5,4051.7,8,8,8,0,-2.3,8,0,0,8,3,37.5,5,62.5,-2,-25,0,0,0,0,-2,-119,0,1,0,0,0,0,0,0,0,0,0,0,
7/24/2026 5:28:00 AM,+07:00,4051.5,4051.5,4051.5,4051.5,1,1,1,0,-2.2,1,0,0,1,0,0,1,100,-1,-100,0,0,0,0,-1,-120,0,1,0,0,0,0,0,0,0,0,0,0,
7/24/2026 5:29:00 AM,+07:00,4051.5,4052.5,4051.5,4052.3,17,18,18,0,-1.5,17,0,0,18,17,94.4444444444444,1,5.55555555555556,16,88.8888888888889,0,0,0,0,16,-104,0,1.05882352941176,0,0,0,0,0,0,0,0,0,0,
7/24/2026 5:30:00 AM,+07:00,4051.9,4052.2,4051.9,4052.2,2,2,2,0,-0.75,2,0,0,2,1,50,1,50,0,0,0,0,0,0,0,-104,0,1,0,0,0,0,0,0,0,0,0,0,
7/24/2026 5:31:00 AM,+07:00,4052.3,4052.3,4052.3,4052.3,1,1,1,0,-0.35,1,0,0,1,1,100,0,0,1,100,0,0,0,0,1,-103,0,1,0,0,0,0,0,0,0,0,0,0,
7/24/2026 5:32:00 AM,+07:00,4052.2,4052.7,4052.2,4052.3,10,10,10,0,-0.55,10,0,0,10,4,40,6,60,-2,-20,0,0,0,0,-2,-105,0,1,0,0,0,0,0,0,0,0,0,0,
7/24/2026 5:33:00 AM,+07:00,4052.4,4052.4,4052.4,4052.4,1,1,1,0,-0.5,1,0,0,1,1,100,0,0,1,100,0,0,0,0,1,-104,0,1,0,0,0,0,0,0,0,0,0,0,
7/24/2026 5:34:00 AM,+07:00,4052.1,4052.6,4052,4052.4,9,10,10,0,-0.45,9,0,0,10,4,40,6,60,-2,-20,0,0,0,0,-2,-106,0,1.11111111111111,0,0,0,0,0,0,0,0,0,0,
7/24/2026 5:35:00 AM,+07:00,4052.6,4052.7,4052.4,4052.4,5,5,5,0,-0.7,5,0,0,5,0,0,4,80,-4,-80,0,0,0,0,-4,-110,0,1,0,0,0,0,0,0,0,0,0,0,
7/24/2026 5:36:00 AM,+07:00,4052.3,4052.4,4052.3,4052.4,2,3,3,0,-0.55,2,0,0,3,2,66.6666666666666,1,33.3333333333333,1,33.3333333333333,0,0,0,0,1,-109,0,1.5,0,0,0,0,0,0,0,0,0,0,
7/24/2026 5:37:00 AM,+07:00,4052.1,4052.1,4051.8,4051.9,6,6,6,0,-0.6,6,0,0,6,1,16.6666666666667,4,66.6666666666666,-3,-50,0,0,0,0,-3,-112,0,1,0,0,0,0,0,0,0,0,0,0,
7/24/2026 5:38:00 AM,+07:00,4052.4,4052.9,4052.4,4052.5,12,15,15,0,-0.45,12,0,0,15,7,46.6666666666667,6,40,1,6.66666666666667,0,0,0,0,1,-111,0,1.25,0,0,0,0,0,0,0,0,0,0,
7/24/2026 5:39:00 AM,+07:00,4052.4,4052.4,4052.2,4052.2,4,6,6,0,-0.5,4,0,0,6,1,16.6666666666667,5,83.3333333333334,-4,-66.6666666666666,0,0,0,0,-4,-115,0,1.5,0,0,0,0,0,0,0,0,0,0,
7/24/2026 5:40:00 AM,+07:00,4052.1,4052.1,4052.1,4052.1,1,1,1,0,-0.3,1,0,0,1,0,0,1,100,-1,-100,0,0,0,0,-1,-116,0,1,0,0,0,0,0,0,0,0,0,0,
7/24/2026 5:41:00 AM,+07:00,4051.7,4052.3,4051.7,4052.3,6,6,6,0,-0.4,6,0,0,6,3,50,3,50,0,0,0,0,0,0,0,-116,0,1,0,0,0,0,0,0,0,0,0,0,
7/24/2026 5:42:00 AM,+07:00,4052.4,4052.5,4051.3,4051.8,33,33,33,0,-0.65,33,0,0,33,12,36.3636363636364,20,60.6060606060606,-8,-24.2424242424242,0,0,0,0,-8,-124,0,1,0,0,0,0,0,0,0,0,0,0,
7/24/2026 5:43:00 AM,+07:00,4052.3,4052.3,4051.1,4051.1,39,54,54,0,-0.45,39,0,0,54,28,51.8518518518518,26,48.1481481481481,2,3.7037037037037,0,0,0,0,2,-122,0,1.38461538461538,0,0,0,0,0,0,0,0,0,0,
7/24/2026 5:44:00 AM,+07:00,4051.4,4051.6,4051.1,4051.6,5,5,5,0,-0.15,5,0,0,5,5,100,0,0,5,100,0,0,0,0,5,-117,0,1,0,0,0,0,0,0,0,0,0,0,
7/24/2026 5:45:00 AM,+07:00,4051.7,4051.7,4051.7,4051.7,1,1,1,0,-0.05,1,0,0,1,0,0,1,100,-1,-100,0,0,0,0,-1,-118,0,1,0,0,0,0,0,0,0,0,0,0,
7/24/2026 5:46:00 AM,+07:00,4052,4052.3,4051.9,4052.3,11,11,11,0,-0.3,11,0,0,11,3,27.2727272727273,8,72.7272727272727,-5,-45.4545454545455,0,0,0,0,-5,-123,0,1,0,0,0,0,0,0,0,0,0,0,
7/24/2026 5:47:00 AM,+07:00,4051.9,4052,4051.7,4051.8,13,17,17,0,0.25,13,0,0,17,13,76.4705882352941,4,23.5294117647059,9,52.9411764705882,0,0,0,0,9,-114,0,1.30769230769231,0,0,0,0,0,0,0,0,0,0,
7/24/2026 5:48:00 AM,+07:00,4052,4052.2,4051,4051.9,25,25,25,0,0.95,25,0,0,25,19,76,6,24,13,52,0,0,0,0,13,-101,0,1,0,0,0,0,0,0,0,0,0,0,
7/24/2026 5:49:00 AM,+07:00,4051.8,4051.8,4050.8,4051.1,15,16,16,0,-0.45,15,0,0,16,2,12.5,14,87.5,-12,-75,0,0,0,0,-12,-113,0,1.06666666666667,0,0,0,0,0,0,0,0,0,0,
7/24/2026 5:50:00 AM,+07:00,4051.2,4052.8,4051.2,4052.2,37,51,51,0,-1.3,37,0,0,51,17,33.3333333333333,34,66.6666666666666,-17,-33.3333333333333,0,0,0,0,-17,-130,0,1.37837837837838,0,0,0,0,0,0,0,0,0,0,
7/24/2026 5:51:00 AM,+07:00,4052.2,4052.4,4051.8,4051.9,11,11,11,0,-1.7,11,0,0,11,2,18.1818181818182,9,81.8181818181818,-7,-63.6363636363636,0,0,0,0,-7,-137,0,1,0,0,0,0,0,0,0,0,0,0,
7/24/2026 5:52:00 AM,+07:00,4052.4,4052.4,4052.4,4052.4,1,1,1,0,-1.55,1,0,0,1,1,100,0,0,1,100,0,0,0,0,1,-136,0,1,0,0,0,0,0,0,0,0,0,0,
7/24/2026 5:54:00 AM,+07:00,4052.5,4052.6,4052.3,4052.3,3,3,3,0,-1.55,3,0,0,3,2,66.6666666666666,1,33.3333333333333,1,33.3333333333333,0,0,0,0,1,-135,0,1,0,0,0,0,0,0,0,0,0,0,
7/24/2026 5:55:00 AM,+07:00,4052.5,4052.5,4052.5,4052.5,1,1,1,0,-1.4,1,0,0,1,1,100,0,0,1,100,0,0,0,0,1,-134,0,1,0,0,0,0,0,0,0,0,0,0,
7/24/2026 5:56:00 AM,+07:00,4052.7,4052.8,4052.3,4052.6,21,29,29,0,-0.35,21,0,0,29,23,79.3103448275862,6,20.6896551724138,17,58.6206896551724,0,0,0,0,17,-117,0,1.38095238095238,0,0,0,0,0,0,0,0,0,0,
7/24/2026 5:57:00 AM,+07:00,4052.6,4052.8,4051,4051.2,46,62,62,0,-0.65,46,0,0,62,27,43.5483870967742,32,51.6129032258064,-5,-8.06451612903226,0,0,0,0,-5,-122,0,1.34782608695652,0,0,0,0,0,0,0,0,0,0,
7/24/2026 5:58:00 AM,+07:00,4051.6,4052.1,4051.6,4051.8,5,5,5,0,-0.45,5,0,0,5,3,60,2,40,1,20,0,0,0,0,1,-121,0,1,0,0,0,0,0,0,0,0,0,0,
7/24/2026 5:59:00 AM,+07:00,4051.8,4052,4051.1,4052,18,19,19,0,-1.15,18,0,0,19,3,15.7894736842105,16,84.2105263157895,-13,-68.421052631579,0,0,0,0,-13,-134,0,1.05555555555556,0,0,0,0,0,0,0,0,0,0,
7/24/2026 6:01:00 AM,+07:00,4052.2,4052.4,4051.9,4051.9,7,7,7,0,-0.75,7,0,0,7,5,71.4285714285714,1,14.2857142857143,4,57.1428571428571,0,0,0,0,4,-130,0,1,0,0,0,0,0,0,0,0,0,0,
7/24/2026 6:02:00 AM,+07:00,4052.2,4052.4,4051.8,4051.9,14,14,14,0,-0.7,14,0,0,14,7,50,7,50,0,0,0,0,0,0,0,-130,0,1,0,0,0,0,0,0,0,0,0,0,
7/24/2026 6:03:00 AM,+07:00,4051.5,4051.5,4051.3,4051.5,11,12,12,0,-0.7,11,0,0,12,6,50,6,50,0,0,0,0,0,0,0,-130,0,1.09090909090909,0,0,0,0,0,0,0,0,0,0,
7/24/2026 6:04:00 AM,+07:00,4051.3,4051.3,4051.1,4051.1,3,3,3,0,-0.45,3,0,0,3,0,0,3,100,-3,-100,0,0,0,0,-3,-133,0,1,0,0,0,0,0,0,0,0,0,0,
7/24/2026 6:05:00 AM,+07:00,4051.3,4051.5,4051.2,4051.5,6,7,7,0,-0.6,6,0,0,7,3,42.8571428571429,4,57.1428571428571,-1,-14.2857142857143,0,0,0,0,-1,-134,0,1.16666666666667,0,0,0,0,0,0,0,0,0,0,
7/24/2026 6:06:00 AM,+07:00,4051.2,4051.2,4051.2,4051.2,1,1,1,0,-0.9,1,0,0,1,0,0,1,100,-1,-100,0,0,0,0,-1,-135,0,1,0,0,0,0,0,0,0,0,0,0,
7/24/2026 6:07:00 AM,+07:00,4050.9,4050.9,4050.1,4050.2,24,25,25,0,-1.65,24,0,0,25,4,16,20,80,-16,-64,0,0,0,0,-16,-151,0,1.04166666666667,0,0,0,0,0,0,0,0,0,0,
7/24/2026 6:08:00 AM,+07:00,4050.1,4050.7,4049.9,4050.3,21,22,22,0,-1.15,21,0,0,22,13,59.0909090909091,8,36.3636363636364,5,22.7272727272727,0,0,0,0,5,-146,0,1.04761904761905,0,0,0,0,0,0,0,0,0,0,
7/24/2026 6:09:00 AM,+07:00,4050.5,4050.9,4050.4,4050.4,10,10,10,0,-1.3,10,0,0,10,8,80,2,20,6,60,0,0,0,0,6,-140,0,1,0,0,0,0,0,0,0,0,0,0,
7/24/2026 6:10:00 AM,+07:00,4050.5,4050.6,4049.9,4050.6,7,7,7,0,-2.05,7,0,0,7,2,28.5714285714286,4,57.1428571428571,-2,-28.5714285714286,0,0,0,0,-2,-142,0,1,0,0,0,0,0,0,0,0,0,0,
7/24/2026 6:11:00 AM,+07:00,4050.3,4050.3,4049.6,4050,14,20,20,0,-1.45,14,0,0,20,10,50,10,50,0,0,0,0,0,0,0,-142,0,1.42857142857143,0,0,0,0,0,0,0,0,0,0,
7/24/2026 6:12:00 AM,+07:00,4050,4050,4049.7,4049.9,5,5,5,0,-0.6,5,0,0,5,2,40,2,40,0,0,0,0,0,0,0,-142,0,1,0,0,0,0,0,0,0,0,0,0,
7/24/2026 6:13:00 AM,+07:00,4049.8,4050,4049.8,4050,3,3,3,0,-0.15,3,0,0,3,2,66.6666666666666,0,0,2,66.6666666666666,0,0,0,0,2,-140,0,1,0,0,0,0,0,0,0,0,0,0,
7/24/2026 6:14:00 AM,+07:00,4050.1,4051.1,4049.7,4051.1,29,35,35,0,-0.45,29,0,0,35,15,42.8571428571429,20,57.1428571428571,-5,-14.2857142857143,0,0,0,0,-5,-145,0,1.20689655172414,0,0,0,0,0,0,0,0,0,0,
7/24/2026 6:15:00 AM,+07:00,4051,4051.7,4051,4051.2,23,28,28,0,-0.3,23,0,0,28,16,57.1428571428571,12,42.8571428571429,4,14.2857142857143,0,0,0,0,4,-141,0,1.21739130434783,0,0,0,0,0,0,0,0,0,0,
7/24/2026 6:16:00 AM,+07:00,4051.2,4051.5,4051.2,4051.2,6,6,6,0,-0.25,6,0,0,6,4,66.6666666666666,2,33.3333333333333,2,33.3333333333333,0,0,0,0,2,-139,0,1,0,0,0,0,0,0,0,0,0,0,
7/24/2026 6:17:00 AM,+07:00,4051,4051.3,4050.5,4050.5,11,11,11,0,-1.25,11,0,0,11,4,36.3636363636364,7,63.6363636363636,-3,-27.2727272727273,0,0,0,0,-3,-142,0,1,0,0,0,0,0,0,0,0,0,0,
7/24/2026 6:18:00 AM,+07:00,4050.6,4051,4050.1,4051,11,11,11,0,-1.1,11,0,0,11,2,18.1818181818182,4,36.3636363636364,-2,-18.1818181818182,0,0,0,0,-2,-144,0,1,0,0,0,0,0,0,0,0,0,0,
7/24/2026 6:19:00 AM,+07:00,4050.2,4050.4,4049.6,4049.6,35,39,39,0,-1.95,35,0,0,39,10,25.6410256410256,26,66.6666666666666,-16,-41.025641025641,0,0,0,0,-16,-160,0,1.11428571428571,0,0,0,0,0,0,0,0,0,0,
7/24/2026 6:20:00 AM,+07:00,4049.5,4050.9,4049.5,4050.9,15,17,17,0,-0.75,15,0,0,17,14,82.3529411764706,3,17.6470588235294,11,64.7058823529412,0,0,0,0,11,-149,0,1.13333333333333,0,0,0,0,0,0,0,0,0,0,
7/24/2026 6:21:00 AM,+07:00,4051,4051,4050.9,4051,4,4,4,0,-0.9,4,0,0,4,2,50,1,25,1,25,0,0,0,0,1,-148,0,1,0,0,0,0,0,0,0,0,0,0,
7/24/2026 6:22:00 AM,+07:00,4051.1,4051.3,4051,4051.3,5,5,5,0,-1.05,5,0,0,5,1,20,4,80,-3,-60,0,0,0,0,-3,-151,0,1,0,0,0,0,0,0,0,0,0,0,
7/24/2026 6:23:00 AM,+07:00,4051,4051,4051,4051,1,1,1,0,-1.1,1,0,0,1,0,0,1,100,-1,-100,0,0,0,0,-1,-152,0,1,0,0,0,0,0,0,0,0,0,0,
7/24/2026 6:24:00 AM,+07:00,4051.3,4051.6,4051.3,4051.6,2,2,2,0,-0.95,2,0,0,2,1,50,1,50,0,0,0,0,0,0,0,-152,0,1,0,0,0,0,0,0,0,0,0,0,
7/24/2026 6:25:00 AM,+07:00,4051.7,4052.3,4051.4,4051.9,24,25,25,0,-0.25,24,0,0,25,19,76,6,24,13,52,0,0,0,0,13,-139,0,1.04166666666667,0,0,0,0,0,0,0,0,0,0,
7/24/2026 6:26:00 AM,+07:00,4052.1,4052.1,4051.3,4051.3,9,11,11,0,-0.45,9,0,0,11,3,27.2727272727273,8,72.7272727272727,-5,-45.4545454545455,0,0,0,0,-5,-144,0,1.22222222222222,0,0,0,0,0,0,0,0,0,0,
7/24/2026 6:27:00 AM,+07:00,4051.3,4051.4,4051,4051.3,28,41,41,0,0.75,28,0,0,41,24,58.5365853658536,16,39.0243902439024,8,19.5121951219512,0,0,0,0,8,-136,0,1.46428571428571,0,0,0,0,0,0,0,0,0,0,
7/24/2026 6:28:00 AM,+07:00,4051.6,4052,4051.2,4051.4,18,19,19,0,0.35,18,0,0,19,8,42.1052631578947,11,57.8947368421053,-3,-15.7894736842105,0,0,0,0,-3,-139,0,1.05555555555556,0,0,0,0,0,0,0,0,0,0,
7/24/2026 6:29:00 AM,+07:00,4051.3,4051.7,4051.1,4051.7,8,8,8,0,0.05,8,0,0,8,4,50,4,50,0,0,0,0,0,0,0,-139,0,1,0,0,0,0,0,0,0,0,0,0,
7/24/2026 6:30:00 AM,+07:00,4051.7,4052.2,4051.3,4051.8,22,22,22,0,0.2,22,0,0,22,11,50,10,45.4545454545455,1,4.54545454545455,0,0,0,0,1,-138,0,1,0,0,0,0,0,0,0,0,0,0,
7/24/2026 6:31:00 AM,+07:00,4051.7,4051.9,4051.6,4051.9,4,4,4,0,0.3,4,0,0,4,3,75,1,25,2,50,0,0,0,0,2,-136,0,1,0,0,0,0,0,0,0,0,0,0,
7/24/2026 6:32:00 AM,+07:00,4051.8,4052.8,4051.8,4051.9,22,22,22,0,0.5,22,0,0,22,12,54.5454545454545,8,36.3636363636364,4,18.1818181818182,0,0,0,0,4,-132,0,1,0,0,0,0,0,0,0,0,0,0,
7/24/2026 6:33:00 AM,+07:00,4052.1,4052.8,4052.1,4052.8,43,50,50,0,1,43,0,0,50,29,58,17,34,12,24,0,0,0,0,12,-120,0,1.16279069767442,0,0,0,0,0,0,0,0,0,0,
7/24/2026 6:34:00 AM,+07:00,4052.8,4053.8,4052.4,4053,190,277,277,0,0.55,190,0,0,277,129,46.5703971119134,143,51.6245487364621,-14,-5.05415162454874,0,0,0,0,-14,-134,0,1.45789473684211,0,0,0,0,0,0,0,0,0,0,
7/24/2026 6:35:00 AM,+07:00,4052.8,4053,4051.8,4051.9,16,20,20,0,0.5,16,0,0,20,10,50,7,35,3,15,0,0,0,0,3,-131,0,1.25,0,0,0,0,0,0,0,0,0,0,
7/24/2026 6:36:00 AM,+07:00,4051.9,4051.9,4051.3,4051.5,12,12,12,0,0.2,12,0,0,12,4,33.3333333333333,8,66.6666666666666,-4,-33.3333333333333,0,0,0,0,-4,-135,0,1,0,0,0,0,0,0,0,0,0,0,
7/24/2026 6:37:00 AM,+07:00,4051.4,4051.9,4051.4,4051.9,5,8,8,0,0.75,5,0,0,8,8,100,0,0,8,100,0,0,0,0,8,-127,0,1.6,0,0,0,0,0,0,0,0,0,0,
7/24/2026 6:38:00 AM,+07:00,4052.2,4052.5,4051.4,4052.2,27,28,28,0,1,27,0,0,28,15,53.5714285714286,12,42.8571428571429,3,10.7142857142857,0,0,0,0,3,-124,0,1.03703703703704,0,0,0,0,0,0,0,0,0,0,
7/24/2026 6:39:00 AM,+07:00,4052.2,4052.2,4050.8,4050.8,10,10,10,0,1.4,10,0,0,10,1,10,9,90,-8,-80,0,0,0,0,-8,-132,0,1,0,0,0,0,0,0,0,0,0,0,
7/24/2026 6:40:00 AM,+07:00,4050.8,4051.1,4049.6,4050,37,45,45,0,1.7,37,0,0,45,31,68.8888888888889,14,31.1111111111111,17,37.7777777777778,0,0,0,0,17,-115,0,1.21621621621622,0,0,0,0,0,0,0,0,0,0,
7/24/2026 6:41:00 AM,+07:00,4050.1,4051,4050.1,4050.7,9,10,10,0,2.05,9,0,0,10,9,90,1,10,8,80,0,0,0,0,8,-107,0,1.11111111111111,0,0,0,0,0,0,0,0,0,0,
7/24/2026 6:42:00 AM,+07:00,4050.4,4050.7,4050,4050.4,6,6,6,0,2.1,6,0,0,6,2,33.3333333333333,4,66.6666666666666,-2,-33.3333333333333,0,0,0,0,-2,-109,0,1,0,0,0,0,0,0,0,0,0,0,
7/24/2026 6:43:00 AM,+07:00,4050.6,4050.6,4050,4050.1,4,4,4,0,2.1,4,0,0,4,1,25,2,50,-1,-25,0,0,0,0,-1,-110,0,1,0,0,0,0,0,0,0,0,0,0,
7/24/2026 6:44:00 AM,+07:00,4050.5,4051.2,4050.5,4051,13,13,13,0,2.35,13,0,0,13,9,69.2307692307692,4,30.7692307692308,5,38.4615384615385,0,0,0,0,5,-105,0,1,0,0,0,0,0,0,0,0,0,0,
7/24/2026 6:45:00 AM,+07:00,4050.6,4051.5,4049.7,4050.1,87,109,109,0,1.05,87,0,0,109,48,44.0366972477064,61,55.9633027522936,-13,-11.9266055045872,0,0,0,0,-13,-118,0,1.25287356321839,0,0,0,0,0,0,0,0,0,0,
7/24/2026 6:46:00 AM,+07:00,4050.3,4050.3,4049.5,4050,15,23,23,0,2.05,15,0,0,23,19,82.6086956521739,4,17.3913043478261,15,65.2173913043478,0,0,0,0,15,-103,0,1.53333333333333,0,0,0,0,0,0,0,0,0,0,
7/24/2026 6:47:00 AM,+07:00,4050.1,4050.7,4050.1,4050.7,21,21,21,0,2.3,21,0,0,21,17,80.952380952381,4,19.047619047619,13,61.9047619047619,0,0,0,0,13,-90,0,1,0,0,0,0,0,0,0,0,0,0,
7/24/2026 6:48:00 AM,+07:00,4050.2,4052.2,4050.2,4052,33,46,46,0,2.9,33,0,0,46,27,58.695652173913,18,39.1304347826087,9,19.5652173913043,0,0,0,0,9,-81,0,1.39393939393939,0,0,0,0,0,0,0,0,0,0,
7/24/2026 6:49:00 AM,+07:00,4052,4052,4051.3,4051.3,5,5,5,0,2.9,5,0,0,5,2,40,2,40,0,0,0,0,0,0,0,-81,0,1,0,0,0,0,0,0,0,0,0,0,
7/24/2026 6:50:00 AM,+07:00,4051.2,4051.2,4050.7,4050.7,5,5,5,0,2.6,5,0,0,5,0,0,5,100,-5,-100,0,0,0,0,-5,-86,0,1,0,0,0,0,0,0,0,0,0,0,
7/24/2026 6:52:00 AM,+07:00,4051.1,4051.5,4051,4051.3,9,9,9,0,2.85,9,0,0,9,8,88.8888888888889,1,11.1111111111111,7,77.7777777777778,0,0,0,0,7,-79,0,1,0,0,0,0,0,0,0,0,0,0,
7/24/2026 6:53:00 AM,+07:00,4051.5,4051.6,4051.5,4051.5,6,6,6,0,2.65,6,0,0,6,3,50,3,50,0,0,0,0,0,0,0,-79,0,1,0,0,0,0,0,0,0,0,0,0,
7/24/2026 6:54:00 AM,+07:00,4050.7,4050.7,4049.7,4050,10,10,10,0,1.65,10,0,0,10,1,10,9,90,-8,-80,0,0,0,0,-8,-87,0,1,0,0,0,0,0,0,0,0,0,0,
7/24/2026 6:55:00 AM,+07:00,4049.8,4050.5,4049.5,4050.1,13,13,13,0,2.35,13,0,0,13,6,46.1538461538462,6,46.1538461538462,0,0,0,0,0,0,0,-87,0,1,0,0,0,0,0,0,0,0,0,0,
7/24/2026 6:56:00 AM,+07:00,4050,4050.1,4049.8,4049.9,4,4,4,0,2,4,0,0,4,0,0,4,100,-4,-100,0,0,0,0,-4,-91,0,1,0,0,0,0,0,0,0,0,0,0,
7/24/2026 6:57:00 AM,+07:00,4050.5,4050.6,4050,4050.3,26,35,35,0,2.5,26,0,0,35,13,37.1428571428571,7,20,6,17.1428571428571,0,0,0,0,6,-85,0,1.34615384615385,0,0,0,0,0,0,0,0,0,0,
7/24/2026 6:58:00 AM,+07:00,4050.6,4050.6,4050.3,4050.5,3,3,3,0,1.95,3,0,0,3,0,0,3,100,-3,-100,0,0,0,0,-3,-88,0,1,0,0,0,0,0,0,0,0,0,0,
7/24/2026 6:59:00 AM,+07:00,4049.9,4049.9,4048.8,4049.4,11,13,13,0,1.55,11,0,0,13,4,30.7692307692308,9,69.2307692307692,-5,-38.4615384615385,0,0,0,0,-5,-93,0,1.18181818181818,0,0,0,0,0,0,0,0,0,0,
7/24/2026 7:00:00 AM,+07:00,4049.8,4052,4049.6,4050.5,46,47,47,0,1.9,46,0,0,47,23,48.936170212766,24,51.063829787234,-1,-2.12765957446808,0,0,0,0,-1,-94,0,1.02173913043478,0,0,0,0,0,0,0,0,0,0,
7/24/2026 7:01:00 AM,+07:00,4051.5,4051.9,4050.9,4051.6,9,9,9,0,1.15,9,0,0,9,5,55.5555555555556,3,33.3333333333333,2,22.2222222222222,0,0,0,0,2,-92,0,1,0,0,0,0,0,0,0,0,0,0,
7/24/2026 7:02:00 AM,+07:00,4051.6,4052.3,4050.2,4051.4,31,43,43,0,1.9,31,0,0,43,29,67.4418604651163,6,13.953488372093,23,53.4883720930232,0,0,0,0,23,-69,0,1.38709677419355,0,0,0,0,0,0,0,0,0,0,
7/24/2026 7:03:00 AM,+07:00,4051.4,4052,4050.9,4051.3,17,17,17,0,1.75,17,0,0,17,6,35.2941176470588,11,64.7058823529412,-5,-29.4117647058824,0,0,0,0,-5,-74,0,1,0,0,0,0,0,0,0,0,0,0,
7/24/2026 7:04:00 AM,+07:00,4050.8,4050.8,4049.4,4049.4,7,8,8,0,1.65,7,0,0,8,2,25,5,62.5,-3,-37.5,0,0,0,0,-3,-77,0,1.14285714285714,0,0,0,0,0,0,0,0,0,0,
7/24/2026 7:05:00 AM,+07:00,4049,4049.3,4048.3,4049.3,37,37,37,0,1.55,37,0,0,37,20,54.0540540540541,17,45.945945945946,3,8.10810810810811,0,0,0,0,3,-74,0,1,0,0,0,0,0,0,0,0,0,0,
7/24/2026 7:06:00 AM,+07:00,4049.2,4049.2,4047.9,4048.8,27,27,27,0,1.75,27,0,0,27,9,33.3333333333333,18,66.6666666666666,-9,-33.3333333333333,0,0,0,0,-9,-83,0,1,0,0,0,0,0,0,0,0,0,0,
7/24/2026 7:07:00 AM,+07:00,4047.5,4048.1,4047.2,4048.1,12,12,12,0,1.1,12,0,0,12,7,58.3333333333333,5,41.6666666666667,2,16.6666666666667,0,0,0,0,2,-81,0,1,0,0,0,0,0,0,0,0,0,0,
7/24/2026 7:08:00 AM,+07:00,4047.8,4047.9,4047,4047.4,30,31,31,0,-0.6,30,0,0,31,5,16.1290322580645,26,83.8709677419355,-21,-67.741935483871,0,0,0,0,-21,-102,0,1.03333333333333,0,0,0,0,0,0,0,0,0,0,
7/24/2026 7:09:00 AM,+07:00,4047.8,4048.7,4047,4047.5,20,21,21,0,-1.1,20,0,0,21,10,47.6190476190476,11,52.3809523809524,-1,-4.76190476190476,0,0,0,0,-1,-103,0,1.05,0,0,0,0,0,0,0,0,0,0,
7/24/2026 7:10:00 AM,+07:00,4047.9,4048.8,4046,4046,53,53,53,0,-1.95,53,0,0,53,18,33.9622641509434,35,66.0377358490566,-17,-32.0754716981132,0,0,0,0,-17,-120,0,1,0,0,0,0,0,0,0,0,0,0,
7/24/2026 7:11:00 AM,+07:00,4046,4046.5,4046,4046,15,15,15,0,-1.95,15,0,0,15,5,33.3333333333333,10,66.6666666666666,-5,-33.3333333333333,0,0,0,0,-5,-125,0,1,0,0,0,0,0,0,0,0,0,0,
7/24/2026 7:12:00 AM,+07:00,4045.7,4046.4,4045.4,4046.1,31,31,31,0,-2.95,31,0,0,31,8,25.8064516129032,21,67.741935483871,-13,-41.9354838709677,0,0,0,0,-13,-138,0,1,0,0,0,0,0,0,0,0,0,0,
7/24/2026 7:13:00 AM,+07:00,4046,4046.2,4045.2,4045.9,34,36,36,0,-3.65,34,0,0,36,11,30.5555555555556,25,69.4444444444444,-14,-38.8888888888889,0,0,0,0,-14,-152,0,1.05882352941176,0,0,0,0,0,0,0,0,0,0,
7/24/2026 7:14:00 AM,+07:00,4045.6,4045.6,4043.2,4043.5,136,145,145,0,-6.2,136,0,0,145,41,28.2758620689655,100,68.9655172413793,-59,-40.6896551724138,0,0,0,0,-59,-211,0,1.06617647058824,0,0,0,0,0,0,0,0,0,0,
7/24/2026 7:15:00 AM,+07:00,4044,4044.4,4043.5,4043.5,37,46,46,0,-5.15,37,0,0,46,30,65.2173913043478,9,19.5652173913043,21,45.6521739130435,0,0,0,0,21,-190,0,1.24324324324324,0,0,0,0,0,0,0,0,0,0,
7/24/2026 7:16:00 AM,+07:00,4043.8,4046,4043.7,4046,65,67,67,0,-3.75,65,0,0,67,44,65.6716417910448,20,29.8507462686567,24,35.8208955223881,0,0,0,0,24,-166,0,1.03076923076923,0,0,0,0,0,0,0,0,0,0,
7/24/2026 7:17:00 AM,+07:00,4046.1,4046.1,4044.7,4045.1,11,11,11,0,-4.2,11,0,0,11,4,36.3636363636364,7,63.6363636363636,-3,-27.2727272727273,0,0,0,0,-3,-169,0,1,0,0,0,0,0,0,0,0,0,0,
7/24/2026 7:18:00 AM,+07:00,4045.4,4047.5,4045.3,4046.9,55,61,61,0,-2.4,55,0,0,61,47,77.0491803278689,14,22.9508196721311,33,54.0983606557377,0,0,0,0,33,-136,0,1.10909090909091,0,0,0,0,0,0,0,0,0,0,
7/24/2026 7:19:00 AM,+07:00,4047,4047.1,4045.3,4045.3,19,19,19,0,-2.8,19,0,0,19,3,15.7894736842105,16,84.2105263157895,-13,-68.421052631579,0,0,0,0,-13,-149,0,1,0,0,0,0,0,0,0,0,0,0,
7/24/2026 7:20:00 AM,+07:00,4046.1,4046.1,4046.1,4046.1,1,1,1,0,-2.7,1,0,0,1,1,100,0,0,1,100,0,0,0,0,1,-148,0,1,0,0,0,0,0,0,0,0,0,0,
7/24/2026 7:21:00 AM,+07:00,4046,4048.4,4045.3,4047.2,62,63,63,0,-3.2,62,0,0,63,27,42.8571428571429,35,55.5555555555556,-8,-12.6984126984127,0,0,0,0,-8,-156,0,1.01612903225806,0,0,0,0,0,0,0,0,0,0,
7/24/2026 7:22:00 AM,+07:00,4047.8,4048.5,4047.1,4048.3,42,48,48,0,-4.2,42,0,0,48,25,52.0833333333333,22,45.8333333333333,3,6.25,0,0,0,0,3,-153,0,1.14285714285714,0,0,0,0,0,0,0,0,0,0,
7/24/2026 7:23:00 AM,+07:00,4048.2,4050.3,4048,4049.7,70,70,70,0,-1.85,70,0,0,70,56,80,14,20,42,60,0,0,0,0,42,-111,0,1,0,0,0,0,0,0,0,0,0,0,
7/24/2026 7:24:00 AM,+07:00,4049.1,4049.1,4048.7,4048.7,4,4,4,0,-1.9,4,0,0,4,0,0,4,100,-4,-100,0,0,0,0,-4,-115,0,1,0,0,0,0,0,0,0,0,0,0,
7/24/2026 7:25:00 AM,+07:00,4048.8,4049.2,4047.8,4047.8,14,14,14,0,-2.45,14,0,0,14,3,21.4285714285714,11,78.5714285714286,-8,-57.1428571428571,0,0,0,0,-8,-123,0,1,0,0,0,0,0,0,0,0,0,0,
7/24/2026 7:26:00 AM,+07:00,4047.6,4048.1,4047.2,4047.6,15,16,16,0,-2.35,15,0,0,16,4,25,11,68.75,-7,-43.75,0,0,0,0,-7,-130,0,1.06666666666667,0,0,0,0,0,0,0,0,0,0,
7/24/2026 7:27:00 AM,+07:00,4047.9,4048.4,4046.4,4047.4,50,50,50,0,-2.5,50,0,0,50,23,46,24,48,-1,-2,0,0,0,0,-1,-131,0,1,0,0,0,0,0,0,0,0,0,0,
7/24/2026 7:28:00 AM,+07:00,4047.7,4047.9,4047,4047.1,21,21,21,0,-1.75,21,0,0,21,7,33.3333333333333,13,61.9047619047619,-6,-28.5714285714286,0,0,0,0,-6,-137,0,1,0,0,0,0,0,0,0,0,0,0,
7/24/2026 7:29:00 AM,+07:00,4047.2,4048.7,4047,4048.3,64,138,138,0,1.65,64,0,0,138,101,73.1884057971014,34,24.6376811594203,67,48.5507246376812,0,0,0,0,67,-70,0,2.15625,0,0,0,0,0,0,0,0,0,0,
7/24/2026 7:30:00 AM,+07:00,4049.4,4049.8,4048.7,4048.7,32,33,33,0,2.5,32,0,0,33,16,48.4848484848485,16,48.4848484848485,0,0,0,0,0,0,0,-70,0,1.03125,0,0,0,0,0,0,0,0,0,0,
7/24/2026 7:31:00 AM,+07:00,4049,4049.1,4048.2,4048.8,20,22,22,0,2.45,20,0,0,22,6,27.2727272727273,12,54.5454545454545,-6,-27.2727272727273,0,0,0,0,-6,-76,0,1.1,0,0,0,0,0,0,0,0,0,0,
7/24/2026 7:32:00 AM,+07:00,4048.9,4049.1,4048.9,4048.9,10,10,10,0,3.3,10,0,0,10,7,70,3,30,4,40,0,0,0,0,4,-72,0,1,0,0,0,0,0,0,0,0,0,0,
7/24/2026 7:33:00 AM,+07:00,4049.1,4049.8,4048.8,4049.8,9,10,10,0,4.15,9,0,0,10,6,60,3,30,3,30,0,0,0,0,3,-69,0,1.11111111111111,0,0,0,0,0,0,0,0,0,0,
7/24/2026 7:34:00 AM,+07:00,4049.7,4049.7,4047.2,4048.3,41,41,41,0,7.3,41,0,0,41,22,53.6585365853659,18,43.9024390243902,4,9.75609756097561,0,0,0,0,4,-65,0,1,0,0,0,0,0,0,0,0,0,0,
7/24/2026 7:35:00 AM,+07:00,4049.1,4049.2,4047.5,4048.1,32,32,32,0,5.75,32,0,0,32,11,34.375,21,65.625,-10,-31.25,0,0,0,0,-10,-75,0,1,0,0,0,0,0,0,0,0,0,0,
7/24/2026 7:36:00 AM,+07:00,4048.8,4051,4048.8,4050.8,28,28,28,0,5.25,28,0,0,28,21,75,7,25,14,50,0,0,0,0,14,-61,0,1,0,0,0,0,0,0,0,0,0,0,
7/24/2026 7:37:00 AM,+07:00,4050.4,4052,4050.3,4051.4,34,34,34,0,6,34,0,0,34,23,67.6470588235294,11,32.3529411764706,12,35.2941176470588,0,0,0,0,12,-49,0,1,0,0,0,0,0,0,0,0,0,0,
7/24/2026 7:38:00 AM,+07:00,4051.3,4052.1,4051,4051.6,54,54,54,0,3.85,54,0,0,54,22,40.7407407407407,32,59.2592592592592,-10,-18.5185185185185,0,0,0,0,-10,-59,0,1,0,0,0,0,0,0,0,0,0,0,
7/24/2026 7:39:00 AM,+07:00,4051.9,4052.1,4050.7,4050.7,27,31,31,0,4.4,27,0,0,31,14,45.1612903225806,16,51.6129032258064,-2,-6.45161290322581,0,0,0,0,-2,-61,0,1.14814814814815,0,0,0,0,0,0,0,0,0,0,
7/24/2026 7:40:00 AM,+07:00,4051.1,4051.3,4050.6,4050.9,24,24,24,0,4.7,24,0,0,24,15,62.5,8,33.3333333333333,7,29.1666666666667,0,0,0,0,7,-54,0,1,0,0,0,0,0,0,0,0,0,0,
7/24/2026 7:41:00 AM,+07:00,4050.9,4051.2,4050.2,4050.3,37,37,37,0,4.95,37,0,0,37,17,45.945945945946,20,54.0540540540541,-3,-8.10810810810811,0,0,0,0,-3,-57,0,1,0,0,0,0,0,0,0,0,0,0,
7/24/2026 7:42:00 AM,+07:00,4051.4,4051.8,4051.3,4051.8,4,4,4,0,4.8,4,0,0,4,2,50,2,50,0,0,0,0,0,0,0,-57,0,1,0,0,0,0,0,0,0,0,0,0,
7/24/2026 7:43:00 AM,+07:00,4051.8,4052.7,4051.4,4051.6,48,49,49,0,3.65,48,0,0,49,34,69.3877551020408,15,30.6122448979592,19,38.7755102040816,0,0,0,0,19,-38,0,1.02083333333333,0,0,0,0,0,0,0,0,0,0,
7/24/2026 7:44:00 AM,+07:00,4052,4052.7,4051.3,4052.2,46,49,49,0,4.1,46,0,0,49,27,55.1020408163265,22,44.8979591836735,5,10.2040816326531,0,0,0,0,5,-33,0,1.06521739130435,0,0,0,0,0,0,0,0,0,0,
7/24/2026 7:45:00 AM,+07:00,4051.9,4052.3,4051.3,4051.4,29,29,29,0,5.25,29,0,0,29,22,75.8620689655172,7,24.1379310344828,15,51.7241379310345,0,0,0,0,15,-18,0,1,0,0,0,0,0,0,0,0,0,0,
7/24/2026 7:46:00 AM,+07:00,4051.9,4052.7,4051.3,4052.7,28,28,28,0,6.3,28,0,0,28,21,75,7,25,14,50,0,0,0,0,14,-4,0,1,0,0,0,0,0,0,0,0,0,0,
7/24/2026 7:47:00 AM,+07:00,4052,4053.3,4051.9,4052.8,47,57,57,0,4.9,47,0,0,57,13,22.8070175438596,42,73.6842105263158,-29,-50.8771929824561,0,0,0,0,-29,-33,0,1.21276595744681,0,0,0,0,0,0,0,0,0,0,
7/24/2026 7:48:00 AM,+07:00,4052.4,4052.6,4052.1,4052.4,11,11,11,0,5.25,11,0,0,11,6,54.5454545454545,5,45.4545454545455,1,9.09090909090909,0,0,0,0,1,-32,0,1,0,0,0,0,0,0,0,0,0,0,
7/24/2026 7:49:00 AM,+07:00,4052.4,4052.4,4051.3,4051.3,12,20,20,0,1.3,12,0,0,20,4,20,16,80,-12,-60,0,0,0,0,-12,-44,0,1.66666666666667,0,0,0,0,0,0,0,0,0,0,
7/24/2026 7:50:00 AM,+07:00,4051.6,4052.1,4051.2,4052,27,27,27,0,2.05,27,0,0,27,21,77.7777777777778,6,22.2222222222222,15,55.5555555555556,0,0,0,0,15,-29,0,1,0,0,0,0,0,0,0,0,0,0,
7/24/2026 7:51:00 AM,+07:00,4052.2,4052.5,4051.4,4051.4,19,20,20,0,2.75,19,0,0,20,14,70,6,30,8,40,0,0,0,0,8,-21,0,1.05263157894737,0,0,0,0,0,0,0,0,0,0,
7/24/2026 7:52:00 AM,+07:00,4051.4,4051.5,4050.8,4051.5,7,7,7,0,2.6,7,0,0,7,4,57.1428571428571,3,42.8571428571429,1,14.2857142857143,0,0,0,0,1,-20,0,1,0,0,0,0,0,0,0,0,0,0,
7/24/2026 7:53:00 AM,+07:00,4051.5,4051.7,4051.2,4051.2,14,18,18,0,2.25,14,0,0,18,7,38.8888888888889,11,61.1111111111111,-4,-22.2222222222222,0,0,0,0,-4,-24,0,1.28571428571429,0,0,0,0,0,0,0,0,0,0,
7/24/2026 7:54:00 AM,+07:00,4051,4051.6,4051,4051.6,4,4,4,0,2.15,4,0,0,4,3,75,1,25,2,50,0,0,0,0,2,-22,0,1,0,0,0,0,0,0,0,0,0,0,
7/24/2026 7:55:00 AM,+07:00,4051.9,4052.4,4051.8,4052.4,13,15,15,0,2.4,13,0,0,15,4,26.6666666666667,9,60,-5,-33.3333333333333,0,0,0,0,-5,-27,0,1.15384615384615,0,0,0,0,0,0,0,0,0,0,
7/24/2026 7:56:00 AM,+07:00,4051.6,4052.5,4051.2,4052.3,21,21,21,0,2.15,21,0,0,21,15,71.4285714285714,6,28.5714285714286,9,42.8571428571429,0,0,0,0,9,-18,0,1,0,0,0,0,0,0,0,0,0,0,
7/24/2026 7:57:00 AM,+07:00,4052.2,4052.6,4051.8,4052.6,19,22,22,0,1.75,19,0,0,22,13,59.0909090909091,9,40.9090909090909,4,18.1818181818182,0,0,0,0,4,-14,0,1.15789473684211,0,0,0,0,0,0,0,0,0,0,
7/24/2026 7:58:00 AM,+07:00,4053.2,4054.1,4051.5,4051.5,106,119,119,0,1.25,106,0,0,119,48,40.3361344537815,68,57.1428571428571,-20,-16.8067226890756,0,0,0,0,-20,-34,0,1.12264150943396,0,0,0,0,0,0,0,0,0,0,
7/24/2026 7:59:00 AM,+07:00,4052.4,4053.8,4052,4052.4,138,170,170,0,0.85,138,0,0,170,71,41.7647058823529,81,47.6470588235294,-10,-5.88235294117647,0,0,0,0,-10,-44,0,1.23188405797101,0,0,0,0,0,0,0,0,0,0,
7/24/2026 8:00:00 AM,+07:00,4052.9,4053.1,4049.3,4050,159,172,172,0,-0.25,159,0,0,172,76,44.1860465116279,91,52.9069767441861,-15,-8.72093023255814,0,0,0,0,-15,-59,0,1.08176100628931,0,0,0,0,0,0,0,0,0,0,
7/24/2026 8:01:00 AM,+07:00,4050.5,4050.7,4045.6,4047.2,90,93,93,0,-1.9,90,0,0,93,28,30.1075268817204,64,68.8172043010753,-36,-38.7096774193548,0,0,0,0,-36,-95,0,1.03333333333333,0,0,0,0,0,0,0,0,0,0,
7/24/2026 8:02:00 AM,+07:00,4046.9,4046.9,4043.7,4045.3,200,216,216,0,-3.1,200,0,0,216,96,44.4444444444444,120,55.5555555555556,-24,-11.1111111111111,0,0,0,0,-24,-119,0,1.08,0,0,0,0,0,0,0,0,0,0,
7/24/2026 8:03:00 AM,+07:00,4044.9,4045.8,4043.9,4044.3,52,63,63,0,-3.55,52,0,0,63,35,55.5555555555556,25,39.6825396825397,10,15.8730158730159,0,0,0,0,10,-109,0,1.21153846153846,0,0,0,0,0,0,0,0,0,0,
7/24/2026 8:04:00 AM,+07:00,4044.3,4046.8,4041.9,4046.8,324,559,559,0,-12.55,324,0,0,559,190,33.9892665474061,365,65.2951699463327,-175,-31.3059033989267,0,0,0,0,-175,-284,0,1.72530864197531,0,0,0,0,0,0,0,0,0,0,
7/24/2026 8:05:00 AM,+07:00,4046.1,4047,4046,4046.4,22,23,23,0,-13.25,22,0,0,23,12,52.1739130434783,11,47.8260869565217,1,4.34782608695652,0,0,0,0,1,-283,0,1.04545454545455,0,0,0,0,0,0,0,0,0,0,
7/24/2026 8:06:00 AM,+07:00,4046.7,4046.7,4044.4,4045.6,31,31,31,0,-14,31,0,0,31,13,41.9354838709677,14,45.1612903225806,-1,-3.2258064516129,0,0,0,0,-1,-284,0,1,0,0,0,0,0,0,0,0,0,0,
7/24/2026 8:07:00 AM,+07:00,4045,4046.1,4044.4,4045.4,38,38,38,0,-12.65,38,0,0,38,18,47.3684210526316,20,52.6315789473684,-2,-5.26315789473684,0,0,0,0,-2,-286,0,1,0,0,0,0,0,0,0,0,0,0,
7/24/2026 8:08:00 AM,+07:00,4045,4046.5,4044.5,4046.1,50,51,51,0,-11.95,50,0,0,51,33,64.7058823529412,18,35.2941176470588,15,29.4117647058824,0,0,0,0,15,-271,0,1.02,0,0,0,0,0,0,0,0,0,0,
7/24/2026 8:09:00 AM,+07:00,4046,4046.4,4045,4045.6,40,41,41,0,-10.7,40,0,0,41,27,65.8536585365854,14,34.1463414634146,13,31.7073170731707,0,0,0,0,13,-258,0,1.025,0,0,0,0,0,0,0,0,0,0,
7/24/2026 8:10:00 AM,+07:00,4045.7,4047,4044.7,4044.7,63,66,66,0,-12.45,63,0,0,66,23,34.8484848484848,43,65.1515151515152,-20,-30.3030303030303,0,0,0,0,-20,-278,0,1.04761904761905,0,0,0,0,0,0,0,0,0,0,
7/24/2026 8:11:00 AM,+07:00,4045,4045.6,4043.8,4044,42,51,51,0,-12.3,42,0,0,51,31,60.7843137254902,20,39.2156862745098,11,21.5686274509804,0,0,0,0,11,-267,0,1.21428571428571,0,0,0,0,0,0,0,0,0,0,
7/24/2026 8:12:00 AM,+07:00,4043.7,4044.1,4042.4,4044,99,133,133,0,-14,99,0,0,133,50,37.593984962406,83,62.406015037594,-33,-24.812030075188,0,0,0,0,-33,-300,0,1.34343434343434,0,0,0,0,0,0,0,0,0,0,
7/24/2026 8:13:00 AM,+07:00,4043.8,4043.8,4043.4,4043.8,17,17,17,0,-13.85,17,0,0,17,8,47.0588235294118,9,52.9411764705882,-1,-5.88235294117647,0,0,0,0,-1,-301,0,1,0,0,0,0,0,0,0,0,0,0,
7/24/2026 8:14:00 AM,+07:00,4044,4044.7,4043.8,4044.7,30,32,32,0,-14.25,30,0,0,32,13,40.625,19,59.375,-6,-18.75,0,0,0,0,-6,-307,0,1.06666666666667,0,0,0,0,0,0,0,0,0,0,
7/24/2026 8:15:00 AM,+07:00,4044.8,4046,4043.7,4045.4,35,39,39,0,-13.65,35,0,0,39,22,56.4102564102564,15,38.4615384615385,7,17.948717948718,0,0,0,0,7,-300,0,1.11428571428571,0,0,0,0,0,0,0,0,0,0,
7/24/2026 8:16:00 AM,+07:00,4045.2,4048.3,4045.2,4046.1,91,125,125,0,-12.75,91,0,0,125,76,60.8,49,39.2,27,21.6,0,0,0,0,27,-273,0,1.37362637362637,0,0,0,0,0,0,0,0,0,0,
7/24/2026 8:17:00 AM,+07:00,4046.4,4046.7,4045.4,4045.6,29,30,30,0,-13.85,29,0,0,30,6,20,24,80,-18,-60,0,0,0,0,-18,-291,0,1.03448275862069,0,0,0,0,0,0,0,0,0,0,
7/24/2026 8:18:00 AM,+07:00,4045.5,4046.4,4045.1,4046.4,15,15,15,0,-12.4,15,0,0,15,12,80,3,20,9,60,0,0,0,0,9,-282,0,1,0,0,0,0,0,0,0,0,0,0,
7/24/2026 8:19:00 AM,+07:00,4046.9,4047.4,4046,4046.8,54,64,64,0,-13.05,54,0,0,64,20,31.25,43,67.1875,-23,-35.9375,0,0,0,0,-23,-305,0,1.18518518518519,0,0,0,0,0,0,0,0,0,0,
7/24/2026 8:20:00 AM,+07:00,4046.3,4046.6,4044.9,4046.1,34,40,40,0,-11.8,34,0,0,40,25,62.5,15,37.5,10,25,0,0,0,0,10,-295,0,1.17647058823529,0,0,0,0,0,0,0,0,0,0,
7/24/2026 8:21:00 AM,+07:00,4046.2,4046.2,4044.5,4044.7,21,21,21,0,-10.25,21,0,0,21,8,38.0952380952381,13,61.9047619047619,-5,-23.8095238095238,0,0,0,0,-5,-300,0,1,0,0,0,0,0,0,0,0,0,0,
7/24/2026 8:22:00 AM,+07:00,4045,4046.2,4044.8,4045.2,40,42,42,0,-7.95,40,0,0,42,32,76.1904761904762,10,23.8095238095238,22,52.3809523809524,0,0,0,0,22,-278,0,1.05,0,0,0,0,0,0,0,0,0,0,
7/24/2026 8:23:00 AM,+07:00,4044.7,4046.1,4044.7,4046.1,13,16,16,0,-8.25,13,0,0,16,10,62.5,6,37.5,4,25,0,0,0,0,4,-274,0,1.23076923076923,0,0,0,0,0,0,0,0,0,0,
7/24/2026 8:24:00 AM,+07:00,4045.9,4047.7,4045.9,4047.6,22,23,23,0,0.3,22,0,0,23,9,39.1304347826087,13,56.5217391304348,-4,-17.3913043478261,0,0,0,0,-4,-278,0,1.04545454545455,0,0,0,0,0,0,0,0,0,0,
7/24/2026 8:25:00 AM,+07:00,4047.6,4048.1,4046.9,4047.9,51,52,52,0,0,51,0,0,52,23,44.2307692307692,28,53.8461538461538,-5,-9.61538461538462,0,0,0,0,-5,-283,0,1.01960784313725,0,0,0,0,0,0,0,0,0,0,
7/24/2026 8:26:00 AM,+07:00,4047.6,4048.3,4046,4046.3,35,38,38,0,-0.7,35,0,0,38,11,28.9473684210526,26,68.421052631579,-15,-39.4736842105263,0,0,0,0,-15,-298,0,1.08571428571429,0,0,0,0,0,0,0,0,0,0,
7/24/2026 8:27:00 AM,+07:00,4046.2,4048.3,4046.2,4048.3,22,26,26,0,-0.1,22,0,0,26,14,53.8461538461538,4,15.3846153846154,10,38.4615384615385,0,0,0,0,10,-288,0,1.18181818181818,0,0,0,0,0,0,0,0,0,0,
7/24/2026 8:28:00 AM,+07:00,4047.6,4047.6,4046.5,4046.5,13,13,13,0,-0.9,13,0,0,13,3,23.0769230769231,4,30.7692307692308,-1,-7.69230769230769,0,0,0,0,-1,-289,0,1,0,0,0,0,0,0,0,0,0,0,
7/24/2026 8:29:00 AM,+07:00,4046.6,4046.6,4045,4045,26,34,34,0,-1.05,26,0,0,34,18,52.9411764705882,8,23.5294117647059,10,29.4117647058824,0,0,0,0,10,-279,0,1.30769230769231,0,0,0,0,0,0,0,0,0,0,
7/24/2026 8:30:00 AM,+07:00,4044.9,4045.2,4043.7,4044.5,23,23,23,0,0,23,0,0,23,9,39.1304347826087,8,34.7826086956522,1,4.34782608695652,0,0,0,0,1,-278,0,1,0,0,0,0,0,0,0,0,0,0,
7/24/2026 8:31:00 AM,+07:00,4044.7,4046,4043.9,4043.9,27,28,28,0,-0.85,27,0,0,28,9,32.1428571428571,15,53.5714285714286,-6,-21.4285714285714,0,0,0,0,-6,-284,0,1.03703703703704,0,0,0,0,0,0,0,0,0,0,
7/24/2026 8:32:00 AM,+07:00,4044.1,4045,4043.8,4044.4,22,22,22,0,0.75,22,0,0,22,10,45.4545454545455,11,50,-1,-4.54545454545455,0,0,0,0,-1,-285,0,1,0,0,0,0,0,0,0,0,0,0,
7/24/2026 8:33:00 AM,+07:00,4044.6,4047.3,4044.6,4047,15,15,15,0,1.3,15,0,0,15,12,80,2,13.3333333333333,10,66.6666666666666,0,0,0,0,10,-275,0,1,0,0,0,0,0,0,0,0,0,0,
7/24/2026 8:34:00 AM,+07:00,4046.7,4047,4046.2,4046.7,14,14,14,0,1.65,14,0,0,14,6,42.8571428571429,5,35.7142857142857,1,7.14285714285714,0,0,0,0,1,-274,0,1,0,0,0,0,0,0,0,0,0,0,
7/24/2026 8:35:00 AM,+07:00,4046,4046,4044.5,4045,15,15,15,0,1,15,0,0,15,3,20,9,60,-6,-40,0,0,0,0,-6,-280,0,1,0,0,0,0,0,0,0,0,0,0,
7/24/2026 8:36:00 AM,+07:00,4044.6,4045.6,4044.6,4045.6,10,18,18,0,0.35,10,0,0,18,16,88.8888888888889,2,11.1111111111111,14,77.7777777777778,0,0,0,0,14,-266,0,1.8,0,0,0,0,0,0,0,0,0,0,
7/24/2026 8:37:00 AM,+07:00,4045,4046.5,4044.9,4046.5,20,20,20,0,1.4,20,0,0,20,7,35,4,20,3,15,0,0,0,0,3,-263,0,1,0,0,0,0,0,0,0,0,0,0,
7/24/2026 8:38:00 AM,+07:00,4045.9,4047,4045.1,4047,26,29,29,0,1.4,26,0,0,29,19,65.5172413793104,10,34.4827586206897,9,31.0344827586207,0,0,0,0,9,-254,0,1.11538461538462,0,0,0,0,0,0,0,0,0,0,
7/24/2026 8:39:00 AM,+07:00,4046.8,4046.8,4045.7,4045.7,15,16,16,0,2.35,15,0,0,16,6,37.5,10,62.5,-4,-25,0,0,0,0,-4,-258,0,1.06666666666667,0,0,0,0,0,0,0,0,0,0,
7/24/2026 8:40:00 AM,+07:00,4047,4047.3,4046.5,4047.3,6,6,6,0,2.05,6,0,0,6,4,66.6666666666666,0,0,4,66.6666666666666,0,0,0,0,4,-254,0,1,0,0,0,0,0,0,0,0,0,0,
7/24/2026 8:41:00 AM,+07:00,4047.3,4048.4,4047.3,4048.1,35,42,42,0,2.7,35,0,0,42,25,59.5238095238095,17,40.4761904761905,8,19.047619047619,0,0,0,0,8,-246,0,1.2,0,0,0,0,0,0,0,0,0,0,
7/24/2026 8:42:00 AM,+07:00,4048.4,4050.4,4048.4,4050,79,86,86,0,2.45,79,0,0,86,49,56.9767441860465,32,37.2093023255814,17,19.7674418604651,0,0,0,0,17,-229,0,1.08860759493671,0,0,0,0,0,0,0,0,0,0,
7/24/2026 8:43:00 AM,+07:00,4049.4,4050.5,4049.4,4050.2,42,42,42,0,2.55,42,0,0,42,24,57.1428571428571,18,42.8571428571429,6,14.2857142857143,0,0,0,0,6,-223,0,1,0,0,0,0,0,0,0,0,0,0,
7/24/2026 8:44:00 AM,+07:00,4050.1,4053.3,4050.1,4052.6,106,111,111,0,2.9,106,0,0,111,55,49.5495495495495,52,46.8468468468468,3,2.7027027027027,0,0,0,0,3,-220,0,1.04716981132075,0,0,0,0,0,0,0,0,0,0,
7/24/2026 8:45:00 AM,+07:00,4052.5,4052.7,4051.5,4051.9,74,83,83,0,2.75,74,0,0,83,37,44.578313253012,45,54.2168674698795,-8,-9.63855421686747,0,0,0,0,-8,-228,0,1.12162162162162,0,0,0,0,0,0,0,0,0,0,
7/24/2026 8:46:00 AM,+07:00,4051.7,4052.9,4051.6,4052.2,46,46,46,0,3.25,46,0,0,46,20,43.4782608695652,25,54.3478260869565,-5,-10.8695652173913,0,0,0,0,-5,-233,0,1,0,0,0,0,0,0,0,0,0,0,
7/24/2026 8:47:00 AM,+07:00,4051.8,4051.8,4050.7,4051.1,32,45,45,0,2.3,32,0,0,45,18,40,27,60,-9,-20,0,0,0,0,-9,-242,0,1.40625,0,0,0,0,0,0,0,0,0,0,
7/24/2026 8:48:00 AM,+07:00,4050.6,4051.1,4050.6,4051,10,11,11,0,2.5,10,0,0,11,7,63.6363636363636,4,36.3636363636364,3,27.2727272727273,0,0,0,0,3,-239,0,1.1,0,0,0,0,0,0,0,0,0,0,
7/24/2026 8:49:00 AM,+07:00,4051.4,4051.6,4050.2,4050.6,17,19,19,0,2.5,17,0,0,19,13,68.421052631579,3,15.7894736842105,10,52.6315789473684,0,0,0,0,10,-229,0,1.11764705882353,0,0,0,0,0,0,0,0,0,0,
7/24/2026 8:50:00 AM,+07:00,4050.2,4050.2,4048.4,4048.4,21,24,24,0,2.25,21,0,0,24,10,41.6666666666667,14,58.3333333333333,-4,-16.6666666666667,0,0,0,0,-4,-233,0,1.14285714285714,0,0,0,0,0,0,0,0,0,0,
7/24/2026 8:51:00 AM,+07:00,4048.6,4049.3,4048.2,4048.6,16,17,17,0,2.6,16,0,0,17,9,52.9411764705882,8,47.0588235294118,1,5.88235294117647,0,0,0,0,1,-232,0,1.0625,0,0,0,0,0,0,0,0,0,0,
7/24/2026 8:52:00 AM,+07:00,4047.9,4050,4047.2,4050,74,133,133,0,0.2,74,0,0,133,36,27.0676691729323,85,63.9097744360902,-49,-36.8421052631579,0,0,0,0,-49,-281,0,1.7972972972973,0,0,0,0,0,0,0,0,0,0,
7/24/2026 8:53:00 AM,+07:00,4050,4050,4047.8,4048.5,45,58,58,0,0.6,45,0,0,58,38,65.5172413793104,20,34.4827586206897,18,31.0344827586207,0,0,0,0,18,-263,0,1.28888888888889,0,0,0,0,0,0,0,0,0,0,
7/24/2026 8:54:00 AM,+07:00,4048.5,4049.2,4048.2,4049.2,15,15,15,0,1.05,15,0,0,15,11,73.3333333333333,1,6.66666666666667,10,66.6666666666666,0,0,0,0,10,-253,0,1,0,0,0,0,0,0,0,0,0,0,
7/24/2026 8:55:00 AM,+07:00,4048.9,4049,4046.9,4047.3,25,26,26,0,1.75,25,0,0,26,17,65.3846153846154,9,34.6153846153846,8,30.7692307692308,0,0,0,0,8,-245,0,1.04,0,0,0,0,0,0,0,0,0,0,
7/24/2026 8:56:00 AM,+07:00,4047.2,4047.2,4046.6,4046.6,6,6,6,0,0.9,6,0,0,6,1,16.6666666666667,4,66.6666666666666,-3,-50,0,0,0,0,-3,-248,0,1,0,0,0,0,0,0,0,0,0,0,
7/24/2026 8:57:00 AM,+07:00,4047,4047,4044.9,4045.9,57,64,64,0,0.55,57,0,0,64,30,46.875,34,53.125,-4,-6.25,0,0,0,0,-4,-252,0,1.12280701754386,0,0,0,0,0,0,0,0,0,0,
7/24/2026 8:58:00 AM,+07:00,4045.5,4045.5,4043.6,4044.8,39,39,39,0,-0.5,39,0,0,39,13,33.3333333333333,25,64.1025641025641,-12,-30.7692307692308,0,0,0,0,-12,-264,0,1,0,0,0,0,0,0,0,0,0,0,
7/24/2026 8:59:00 AM,+07:00,4044.9,4046,4044.9,4046,17,18,18,0,-0.5,17,0,0,18,7,38.8888888888889,11,61.1111111111111,-4,-22.2222222222222,0,0,0,0,-4,-268,0,1.05882352941176,0,0,0,0,0,0,0,0,0,0,
7/24/2026 9:00:00 AM,+07:00,4045.9,4047.2,4045.8,4047.2,18,18,18,0,-0.6,18,0,0,18,10,55.5555555555556,8,44.4444444444444,2,11.1111111111111,0,0,0,0,2,-266,0,1,0,0,0,0,0,0,0,0,0,0,
7/24/2026 9:01:00 AM,+07:00,4046.4,4047.7,4046.4,4047.1,7,7,7,0,-0.95,7,0,0,7,4,57.1428571428571,3,42.8571428571429,1,14.2857142857143,0,0,0,0,1,-265,0,1,0,0,0,0,0,0,0,0,0,0,
7/24/2026 9:02:00 AM,+07:00,4047.5,4047.6,4046.7,4047.2,22,22,22,0,-1.3,22,0,0,22,16,72.7272727272727,6,27.2727272727273,10,45.4545454545455,0,0,0,0,10,-255,0,1,0,0,0,0,0,0,0,0,0,0,
7/24/2026 9:03:00 AM,+07:00,4047.3,4047.6,4047.1,4047.3,9,9,9,0,-1.55,9,0,0,9,5,55.5555555555556,4,44.4444444444444,1,11.1111111111111,0,0,0,0,1,-254,0,1,0,0,0,0,0,0,0,0,0,0,
7/24/2026 9:04:00 AM,+07:00,4047.2,4047.2,4044.6,4045.1,28,38,38,0,-1.2,28,0,0,38,23,60.5263157894737,13,34.2105263157895,10,26.3157894736842,0,0,0,0,10,-244,0,1.35714285714286,0,0,0,0,0,0,0,0,0,0,
7/24/2026 9:05:00 AM,+07:00,4044.5,4045.5,4043.3,4044.8,112,130,130,0,0.2,112,0,0,130,74,56.9230769230769,54,41.5384615384615,20,15.3846153846154,0,0,0,0,20,-224,0,1.16071428571429,0,0,0,0,0,0,0,0,0,0,
7/24/2026 9:06:00 AM,+07:00,4045,4045.9,4044.6,4045.4,11,11,11,0,0.7,11,0,0,11,8,72.7272727272727,3,27.2727272727273,5,45.4545454545455,0,0,0,0,5,-219,0,1,0,0,0,0,0,0,0,0,0,0,
7/24/2026 9:07:00 AM,+07:00,4045.4,4046.8,4045.2,4046.6,30,30,30,0,1.25,30,0,0,30,9,30,7,23.3333333333333,2,6.66666666666667,0,0,0,0,2,-217,0,1,0,0,0,0,0,0,0,0,0,0,
7/24/2026 9:08:00 AM,+07:00,4046,4046,4045.2,4045.2,2,2,2,0,1,2,0,0,2,0,0,2,100,-2,-100,0,0,0,0,-2,-219,0,1,0,0,0,0,0,0,0,0,0,0,
7/24/2026 9:09:00 AM,+07:00,4045.9,4047.2,4045.4,4047.2,24,25,25,0,1.15,24,0,0,25,17,68,4,16,13,52,0,0,0,0,13,-206,0,1.04166666666667,0,0,0,0,0,0,0,0,0,0,
7/24/2026 9:10:00 AM,+07:00,4046.9,4047.8,4046.6,4047.4,21,24,24,0,0.9,21,0,0,24,6,25,15,62.5,-9,-37.5,0,0,0,0,-9,-215,0,1.14285714285714,0,0,0,0,0,0,0,0,0,0,
7/24/2026 9:11:00 AM,+07:00,4046.6,4047.5,4046.5,4047.1,39,39,39,0,1.5,39,0,0,39,19,48.7179487179487,6,15.3846153846154,13,33.3333333333333,0,0,0,0,13,-202,0,1,0,0,0,0,0,0,0,0,0,0,
7/24/2026 9:12:00 AM,+07:00,4047.1,4047.6,4047,4047.2,5,5,5,0,4,5,0,0,5,3,60,2,40,1,20,0,0,0,0,1,-201,0,1,0,0,0,0,0,0,0,0,0,0,
7/24/2026 9:13:00 AM,+07:00,4047.3,4048.1,4047.1,4047.7,29,29,29,0,3.15,29,0,0,29,15,51.7241379310345,14,48.2758620689655,1,3.44827586206896,0,0,0,0,1,-200,0,1,0,0,0,0,0,0,0,0,0,0,
7/24/2026 9:14:00 AM,+07:00,4047.9,4048.1,4047.4,4047.7,10,10,10,0,2.75,10,0,0,10,6,60,4,40,2,20,0,0,0,0,2,-198,0,1,0,0,0,0,0,0,0,0,0,0,
7/24/2026 9:15:00 AM,+07:00,4047.7,4048.1,4046.9,4047.7,14,14,14,0,2.05,14,0,0,14,4,28.5714285714286,10,71.4285714285714,-6,-42.8571428571429,0,0,0,0,-6,-204,0,1,0,0,0,0,0,0,0,0,0,0,
7/24/2026 9:16:00 AM,+07:00,4047.5,4048,4047.3,4047.6,6,6,6,0,2.1,6,0,0,6,2,33.3333333333333,4,66.6666666666666,-2,-33.3333333333333,0,0,0,0,-2,-206,0,1,0,0,0,0,0,0,0,0,0,0,
7/24/2026 9:17:00 AM,+07:00,4047.5,4048.4,4047.5,4048.2,18,25,25,0,2.85,18,0,0,25,18,72,7,28,11,44,0,0,0,0,11,-195,0,1.38888888888889,0,0,0,0,0,0,0,0,0,0,
7/24/2026 9:18:00 AM,+07:00,4047.2,4047.6,4047.2,4047.3,12,12,12,0,3.8,12,0,0,12,8,66.6666666666666,1,8.33333333333333,7,58.3333333333333,0,0,0,0,7,-188,0,1,0,0,0,0,0,0,0,0,0,0,
7/24/2026 9:19:00 AM,+07:00,4047.3,4047.3,4047.1,4047.1,4,4,4,0,3.8,4,0,0,4,0,0,4,100,-4,-100,0,0,0,0,-4,-192,0,1,0,0,0,0,0,0,0,0,0,0,
7/24/2026 9:20:00 AM,+07:00,4047,4047.5,4046.7,4047.5,5,5,5,0,3.8,5,0,0,5,3,60,1,20,2,40,0,0,0,0,2,-190,0,1,0,0,0,0,0,0,0,0,0,0,
7/24/2026 9:21:00 AM,+07:00,4047.6,4047.6,4046.5,4046.8,11,11,11,0,4.05,11,0,0,11,8,72.7272727272727,2,18.1818181818182,6,54.5454545454545,0,0,0,0,6,-184,0,1,0,0,0,0,0,0,0,0,0,0,
7/24/2026 9:22:00 AM,+07:00,4046.3,4046.3,4044.8,4044.8,12,12,12,0,3.5,12,0,0,12,5,41.6666666666667,6,50,-1,-8.33333333333333,0,0,0,0,-1,-185,0,1,0,0,0,0,0,0,0,0,0,0,
7/24/2026 9:23:00 AM,+07:00,4045,4047.6,4044.8,4047.5,83,90,90,0,7,83,0,0,90,80,88.8888888888889,9,10,71,78.8888888888889,0,0,0,0,71,-114,0,1.08433734939759,0,0,0,0,0,0,0,0,0,0,
7/24/2026 9:24:00 AM,+07:00,4047.1,4048.6,4047,4048.6,17,18,18,0,6.2,17,0,0,18,6,33.3333333333333,12,66.6666666666666,-6,-33.3333333333333,0,0,0,0,-6,-120,0,1.05882352941176,0,0,0,0,0,0,0,0,0,0,
7/24/2026 9:25:00 AM,+07:00,4048.7,4049,4048.2,4048.3,23,23,23,0,4.95,23,0,0,23,9,39.1304347826087,14,60.8695652173913,-5,-21.7391304347826,0,0,0,0,-5,-125,0,1,0,0,0,0,0,0,0,0,0,0,
7/24/2026 9:26:00 AM,+07:00,4048,4048,4048,4048,2,2,2,0,4.8,2,0,0,2,2,100,0,0,2,100,0,0,0,0,2,-123,0,1,0,0,0,0,0,0,0,0,0,0,
7/24/2026 9:27:00 AM,+07:00,4048.7,4050.3,4048.7,4050.2,55,57,57,0,6.05,55,0,0,57,41,71.9298245614035,14,24.5614035087719,27,47.3684210526316,0,0,0,0,27,-96,0,1.03636363636364,0,0,0,0,0,0,0,0,0,0,
7/24/2026 9:28:00 AM,+07:00,4050,4051,4049.5,4049.6,65,84,84,0,5.3,65,0,0,84,33,39.2857142857143,50,59.5238095238095,-17,-20.2380952380952,0,0,0,0,-17,-113,0,1.29230769230769,0,0,0,0,0,0,0,0,0,0,
7/24/2026 9:29:00 AM,+07:00,4048.9,4048.9,4048.6,4048.8,15,19,19,0,4.4,15,0,0,19,7,36.8421052631579,12,63.1578947368421,-5,-26.3157894736842,0,0,0,0,-5,-118,0,1.26666666666667,0,0,0,0,0,0,0,0,0,0,
7/24/2026 9:30:00 AM,+07:00,4049.2,4050.2,4047.4,4049,58,60,60,0,5.2,58,0,0,60,29,48.3333333333333,22,36.6666666666667,7,11.6666666666667,0,0,0,0,7,-111,0,1.03448275862069,0,0,0,0,0,0,0,0,0,0,
7/24/2026 9:31:00 AM,+07:00,4048.5,4050.5,4048.4,4049.8,25,26,26,0,4.95,25,0,0,26,15,57.6923076923077,7,26.9230769230769,8,30.7692307692308,0,0,0,0,8,-103,0,1.04,0,0,0,0,0,0,0,0,0,0,
7/24/2026 9:32:00 AM,+07:00,4050.2,4050.2,4048.5,4049.3,21,21,21,0,5.15,21,0,0,21,12,57.1428571428571,7,33.3333333333333,5,23.8095238095238,0,0,0,0,5,-98,0,1,0,0,0,0,0,0,0,0,0,0,
7/24/2026 9:33:00 AM,+07:00,4049.3,4049.3,4046.8,4047.1,23,23,23,0,4.55,23,0,0,23,6,26.0869565217391,17,73.9130434782609,-11,-47.8260869565217,0,0,0,0,-11,-109,0,1,0,0,0,0,0,0,0,0,0,0,
7/24/2026 9:34:00 AM,+07:00,4046.7,4046.9,4045.9,4046.3,43,45,45,0,4.55,43,0,0,45,20,44.4444444444444,18,40,2,4.44444444444444,0,0,0,0,2,-107,0,1.04651162790698,0,0,0,0,0,0,0,0,0,0,
7/24/2026 9:35:00 AM,+07:00,4046.6,4047,4046.1,4046.3,9,13,13,0,5.25,9,0,0,13,10,76.9230769230769,2,15.3846153846154,8,61.5384615384615,0,0,0,0,8,-99,0,1.44444444444444,0,0,0,0,0,0,0,0,0,0,
7/24/2026 9:36:00 AM,+07:00,4046.3,4046.7,4045,4045.4,29,32,32,0,5,29,0,0,32,12,37.5,19,59.375,-7,-21.875,0,0,0,0,-7,-106,0,1.10344827586207,0,0,0,0,0,0,0,0,0,0,
7/24/2026 9:37:00 AM,+07:00,4045.2,4045.8,4044.3,4045.2,57,69,69,0,5.5,57,0,0,69,45,65.2173913043478,24,34.7826086956522,21,30.4347826086957,0,0,0,0,21,-85,0,1.21052631578947,0,0,0,0,0,0,0,0,0,0,
7/24/2026 9:38:00 AM,+07:00,4045,4045,4044.4,4044.4,29,43,43,0,5.9,29,0,0,43,29,67.4418604651163,14,32.5581395348837,15,34.8837209302326,0,0,0,0,15,-70,0,1.48275862068966,0,0,0,0,0,0,0,0,0,0,
7/24/2026 9:39:00 AM,+07:00,4044.2,4044.4,4043.2,4044.4,111,124,124,0,7.2,111,0,0,124,73,58.8709677419355,51,41.1290322580645,22,17.741935483871,0,0,0,0,22,-48,0,1.11711711711712,0,0,0,0,0,0,0,0,0,0,
7/24/2026 9:40:00 AM,+07:00,4044.5,4045.9,4044.5,4045.5,28,32,32,0,6.75,28,0,0,32,12,37.5,19,59.375,-7,-21.875,0,0,0,0,-7,-55,0,1.14285714285714,0,0,0,0,0,0,0,0,0,0,
7/24/2026 9:41:00 AM,+07:00,4045.5,4045.6,4043.7,4044.5,25,28,28,0,7.05,25,0,0,28,20,71.4285714285714,8,28.5714285714286,12,42.8571428571429,0,0,0,0,12,-43,0,1.12,0,0,0,0,0,0,0,0,0,0,
7/24/2026 9:42:00 AM,+07:00,4044.7,4044.9,4043,4043.5,26,26,26,0,6.9,26,0,0,26,11,42.3076923076923,15,57.6923076923077,-4,-15.3846153846154,0,0,0,0,-4,-47,0,1,0,0,0,0,0,0,0,0,0,0,
7/24/2026 9:43:00 AM,+07:00,4043.6,4043.9,4043.3,4043.6,30,30,30,0,2.5,30,0,0,30,6,20,23,76.6666666666667,-17,-56.6666666666667,0,0,0,0,-17,-64,0,1,0,0,0,0,0,0,0,0,0,0,
7/24/2026 9:44:00 AM,+07:00,4043.6,4044,4043.6,4043.6,14,15,15,0,2.45,14,0,0,15,4,26.6666666666667,11,73.3333333333333,-7,-46.6666666666667,0,0,0,0,-7,-71,0,1.07142857142857,0,0,0,0,0,0,0,0,0,0,
7/24/2026 9:45:00 AM,+07:00,4043.4,4043.6,4042,4042.4,125,187,187,0,-1.4,125,0,0,187,52,27.807486631016,134,71.6577540106952,-82,-43.8502673796791,0,0,0,0,-82,-153,0,1.496,0,0,0,0,0,0,0,0,0,0,
7/24/2026 9:46:00 AM,+07:00,4042.3,4043.5,4041.8,4043,125,276,276,0,-8.8,125,0,0,276,63,22.8260869565217,209,75.7246376811594,-146,-52.8985507246377,0,0,0,0,-146,-299,0,2.208,0,0,0,0,0,0,0,0,0,0,
7/24/2026 9:47:00 AM,+07:00,4042.6,4043,4037.3,4037.3,500,813,813,0,-28.9,500,0,0,813,203,24.9692496924969,578,71.0947109471095,-375,-46.1254612546125,0,0,0,0,-375,-674,0,1.626,0,0,0,0,0,0,0,0,0,0,
7/24/2026 9:48:00 AM,+07:00,4037.1,4039.2,4030.3,4032.7,643,744,744,0,-33.95,643,0,0,744,294,39.5161290322581,412,55.3763440860215,-118,-15.8602150537634,0,0,0,0,-118,-792,0,1.15707620528771,0,0,0,0,0,0,0,0,0,0,
7/24/2026 9:49:00 AM,+07:00,4032.5,4033.6,4028.4,4028.8,286,302,302,0,-35.1,286,0,0,302,131,43.3774834437086,159,52.6490066225166,-28,-9.27152317880795,0,0,0,0,-28,-820,0,1.05594405594406,0,0,0,0,0,0,0,0,0,0,
7/24/2026 9:50:00 AM,+07:00,4028.8,4032.9,4027.6,4031.1,355,411,411,0,-35.3,355,0,0,411,203,49.3917274939173,200,48.661800486618,3,0.72992700729927,0,0,0,0,3,-817,0,1.15774647887324,0,0,0,0,0,0,0,0,0,0,
7/24/2026 9:51:00 AM,+07:00,4031.9,4032.4,4030,4031.3,197,206,206,0,-35.7,197,0,0,206,98,47.5728155339806,98,47.5728155339806,0,0,0,0,0,0,0,-817,0,1.04568527918782,0,0,0,0,0,0,0,0,0,0,
7/24/2026 9:52:00 AM,+07:00,4031.2,4031.5,4028.8,4030.4,117,177,177,0,-34.2,117,0,0,177,100,56.4971751412429,65,36.7231638418079,35,19.774011299435,0,0,0,0,35,-782,0,1.51282051282051,0,0,0,0,0,0,0,0,0,0,
7/24/2026 9:53:00 AM,+07:00,4030.6,4032.4,4030.2,4031.1,77,84,84,0,-33.6,77,0,0,84,42,50,41,48.8095238095238,1,1.19047619047619,0,0,0,0,1,-781,0,1.09090909090909,0,0,0,0,0,0,0,0,0,0,
7/24/2026 9:54:00 AM,+07:00,4030.7,4030.9,4027.4,4027.7,132,142,142,0,-34.2,132,0,0,142,52,36.6197183098592,62,43.6619718309859,-10,-7.04225352112676,0,0,0,0,-10,-791,0,1.07575757575758,0,0,0,0,0,0,0,0,0,0,
7/24/2026 9:55:00 AM,+07:00,4027.9,4028.9,4026.4,4026.4,253,355,355,0,-34.4,253,0,0,355,175,49.2957746478873,171,48.169014084507,4,1.12676056338028,0,0,0,0,4,-787,0,1.40316205533597,0,0,0,0,0,0,0,0,0,0,
7/24/2026 9:56:00 AM,+07:00,4026.4,4029.5,4026.4,4028.7,84,93,93,0,-33.8,84,0,0,93,48,51.6129032258064,43,46.2365591397849,5,5.3763440860215,0,0,0,0,5,-782,0,1.10714285714286,0,0,0,0,0,0,0,0,0,0,
7/24/2026 9:57:00 AM,+07:00,4028.9,4029.9,4027.9,4027.9,43,43,43,0,-35,43,0,0,43,17,39.5348837209302,20,46.5116279069767,-3,-6.97674418604651,0,0,0,0,-3,-785,0,1,0,0,0,0,0,0,0,0,0,0,
7/24/2026 9:58:00 AM,+07:00,4028.2,4028.6,4025.5,4026.2,116,153,153,0,-39.45,116,0,0,153,37,24.1830065359477,111,72.5490196078431,-74,-48.3660130718954,0,0,0,0,-74,-859,0,1.31896551724138,0,0,0,0,0,0,0,0,0,0,
7/24/2026 9:59:00 AM,+07:00,4026.6,4027.1,4025.3,4026.7,110,130,130,0,-42.45,110,0,0,130,45,34.6153846153846,83,63.8461538461538,-38,-29.2307692307692,0,0,0,0,-38,-897,0,1.18181818181818,0,0,0,0,0,0,0,0,0,0,
7/24/2026 10:00:00 AM,+07:00,4027.1,4028,4025.4,4027.4,55,56,56,0,-42.25,55,0,0,56,26,46.4285714285714,29,51.7857142857143,-3,-5.35714285714286,0,0,0,0,-3,-900,0,1.01818181818182,0,0,0,0,0,0,0,0,0,0,
7/24/2026 10:01:00 AM,+07:00,4027.5,4027.5,4025.9,4026.3,43,56,56,0,-43.6,43,0,0,56,14,25,29,51.7857142857143,-15,-26.7857142857143,0,0,0,0,-15,-915,0,1.30232558139535,0,0,0,0,0,0,0,0,0,0,
7/24/2026 10:02:00 AM,+07:00,4026.1,4027.3,4025.8,4026.5,56,62,62,0,-44.85,56,0,0,62,16,25.8064516129032,45,72.5806451612903,-29,-46.7741935483871,0,0,0,0,-29,-944,0,1.10714285714286,0,0,0,0,0,0,0,0,0,0,
7/24/2026 10:03:00 AM,+07:00,4026.6,4028.4,4025.6,4028,63,74,74,0,-43.9,63,0,0,74,36,48.6486486486486,34,45.945945945946,2,2.7027027027027,0,0,0,0,2,-942,0,1.17460317460317,0,0,0,0,0,0,0,0,0,0,
7/24/2026 10:04:00 AM,+07:00,4028,4029.8,4028,4029.1,76,81,81,0,-42.35,76,0,0,81,52,64.1975308641975,28,34.5679012345679,24,29.6296296296296,0,0,0,0,24,-918,0,1.06578947368421,0,0,0,0,0,0,0,0,0,0,
7/24/2026 10:05:00 AM,+07:00,4028.9,4030.5,4028.9,4030,28,34,34,0,-38.6,28,0,0,34,13,38.2352941176471,20,58.8235294117647,-7,-20.5882352941176,0,0,0,0,-7,-925,0,1.21428571428571,0,0,0,0,0,0,0,0,0,0,
7/24/2026 10:06:00 AM,+07:00,4030.3,4031.1,4029.2,4029.8,34,37,37,0,-31.15,34,0,0,37,20,54.0540540540541,17,45.945945945946,3,8.10810810810811,0,0,0,0,3,-922,0,1.08823529411765,0,0,0,0,0,0,0,0,0,0,
7/24/2026 10:07:00 AM,+07:00,4029.9,4030.7,4029.3,4030.3,19,19,19,0,-12.5,19,0,0,19,7,36.8421052631579,9,47.3684210526316,-2,-10.5263157894737,0,0,0,0,-2,-924,0,1,0,0,0,0,0,0,0,0,0,0,
7/24/2026 10:08:00 AM,+07:00,4030,4031.3,4030,4031,25,28,28,0,-6.7,25,0,0,28,11,39.2857142857143,13,46.4285714285714,-2,-7.14285714285714,0,0,0,0,-2,-926,0,1.12,0,0,0,0,0,0,0,0,0,0,
7/24/2026 10:09:00 AM,+07:00,4030.6,4030.6,4028.9,4029,27,31,31,0,-5.85,27,0,0,31,10,32.258064516129,21,67.741935483871,-11,-35.4838709677419,0,0,0,0,-11,-937,0,1.14814814814815,0,0,0,0,0,0,0,0,0,0,
7/24/2026 10:10:00 AM,+07:00,4030,4030.1,4028.7,4029,27,27,27,0,-6.55,27,0,0,27,6,22.2222222222222,17,62.962962962963,-11,-40.7407407407407,0,0,0,0,-11,-948,0,1,0,0,0,0,0,0,0,0,0,0,
7/24/2026 10:11:00 AM,+07:00,4029.4,4030.7,4028.4,4030.7,35,39,39,0,-6.8,35,0,0,39,17,43.5897435897436,22,56.4102564102564,-5,-12.8205128205128,0,0,0,0,-5,-953,0,1.11428571428571,0,0,0,0,0,0,0,0,0,0,
7/24/2026 10:12:00 AM,+07:00,4031.1,4032.7,4031.1,4032.3,58,66,66,0,-8.8,58,0,0,66,29,43.9393939393939,34,51.5151515151515,-5,-7.57575757575758,0,0,0,0,-5,-958,0,1.13793103448276,0,0,0,0,0,0,0,0,0,0,
7/24/2026 10:13:00 AM,+07:00,4033,4034.7,4033,4033.6,66,73,73,0,-7.8,66,0,0,73,45,61.6438356164384,24,32.8767123287671,21,28.7671232876712,0,0,0,0,21,-937,0,1.10606060606061,0,0,0,0,0,0,0,0,0,0,
7/24/2026 10:14:00 AM,+07:00,4033.7,4034.8,4033.7,4034.6,31,32,32,0,-6.2,31,0,0,32,27,84.375,5,15.625,22,68.75,0,0,0,0,22,-915,0,1.03225806451613,0,0,0,0,0,0,0,0,0,0,
7/24/2026 10:15:00 AM,+07:00,4034.1,4036.1,4034,4034.5,88,112,112,0,-6,88,0,0,112,58,51.7857142857143,50,44.6428571428571,8,7.14285714285714,0,0,0,0,8,-907,0,1.27272727272727,0,0,0,0,0,0,0,0,0,0,
7/24/2026 10:16:00 AM,+07:00,4034.9,4035.3,4034.3,4034.6,24,25,25,0,-7,24,0,0,25,5,20,20,80,-15,-60,0,0,0,0,-15,-922,0,1.04166666666667,0,0,0,0,0,0,0,0,0,0,
7/24/2026 10:17:00 AM,+07:00,4034.9,4034.9,4034,4034.3,13,14,14,0,-7.2,13,0,0,14,3,21.4285714285714,10,71.4285714285714,-7,-50,0,0,0,0,-7,-929,0,1.07692307692308,0,0,0,0,0,0,0,0,0,0,
7/24/2026 10:18:00 AM,+07:00,4034.5,4034.6,4034.1,4034.5,13,14,14,0,-2.9,13,0,0,14,13,92.8571428571429,1,7.14285714285714,12,85.7142857142857,0,0,0,0,12,-917,0,1.07692307692308,0,0,0,0,0,0,0,0,0,0,
7/24/2026 10:19:00 AM,+07:00,4033.9,4034.2,4031.6,4031.6,87,89,89,0,-3.5,87,0,0,89,19,21.3483146067416,69,77.5280898876404,-50,-56.1797752808989,0,0,0,0,-50,-967,0,1.02298850574713,0,0,0,0,0,0,0,0,0,0,
7/24/2026 10:20:00 AM,+07:00,4031.4,4031.5,4030.8,4031,34,53,53,0,-4.15,34,0,0,53,18,33.9622641509434,34,64.1509433962264,-16,-30.188679245283,0,0,0,0,-16,-983,0,1.55882352941176,0,0,0,0,0,0,0,0,0,0,
7/24/2026 10:21:00 AM,+07:00,4031.3,4033.7,4031.3,4033.7,31,35,35,0,-2.45,31,0,0,35,27,77.1428571428572,8,22.8571428571429,19,54.2857142857143,0,0,0,0,19,-964,0,1.12903225806452,0,0,0,0,0,0,0,0,0,0,
7/24/2026 10:22:00 AM,+07:00,4033.8,4034.2,4032.4,4032.5,31,31,31,0,-1.05,31,0,0,31,14,45.1612903225806,15,48.3870967741936,-1,-3.2258064516129,0,0,0,0,-1,-965,0,1,0,0,0,0,0,0,0,0,0,0,
7/24/2026 10:23:00 AM,+07:00,4032.1,4032.5,4032,4032.2,6,6,6,0,-1.35,6,0,0,6,1,16.6666666666667,5,83.3333333333334,-4,-66.6666666666666,0,0,0,0,-4,-969,0,1,0,0,0,0,0,0,0,0,0,0,
7/24/2026 10:24:00 AM,+07:00,4032.4,4032.9,4032.4,4032.7,6,6,6,0,-2.65,6,0,0,6,2,33.3333333333333,4,66.6666666666666,-2,-33.3333333333333,0,0,0,0,-2,-971,0,1,0,0,0,0,0,0,0,0,0,0,
7/24/2026 10:25:00 AM,+07:00,4032.7,4033.4,4031.9,4032.4,32,33,33,0,-2.5,32,0,0,33,14,42.4242424242424,18,54.5454545454545,-4,-12.1212121212121,0,0,0,0,-4,-975,0,1.03125,0,0,0,0,0,0,0,0,0,0,
7/24/2026 10:26:00 AM,+07:00,4031.6,4032,4031,4032,14,18,18,0,-2.95,14,0,0,18,6,33.3333333333333,12,66.6666666666666,-6,-33.3333333333333,0,0,0,0,-6,-981,0,1.28571428571429,0,0,0,0,0,0,0,0,0,0,
7/24/2026 10:27:00 AM,+07:00,4032.5,4032.9,4032.1,4032.9,12,12,12,0,-3.05,12,0,0,12,4,33.3333333333333,8,66.6666666666666,-4,-33.3333333333333,0,0,0,0,-4,-985,0,1,0,0,0,0,0,0,0,0,0,0,
7/24/2026 10:28:00 AM,+07:00,4032.5,4032.8,4031.7,4031.8,6,6,6,0,-3.05,6,0,0,6,1,16.6666666666667,3,50,-2,-33.3333333333333,0,0,0,0,-2,-987,0,1,0,0,0,0,0,0,0,0,0,0,
7/24/2026 10:29:00 AM,+07:00,4032,4032.6,4031.8,4032.5,36,36,36,0,-1.15,36,0,0,36,31,86.1111111111111,4,11.1111111111111,27,75,0,0,0,0,27,-960,0,1,0,0,0,0,0,0,0,0,0,0,
7/24/2026 10:30:00 AM,+07:00,4033.3,4035.4,4033.3,4035.1,51,57,57,0,0.1,51,0,0,57,35,61.4035087719298,21,36.8421052631579,14,24.5614035087719,0,0,0,0,14,-946,0,1.11764705882353,0,0,0,0,0,0,0,0,0,0,
7/24/2026 10:31:00 AM,+07:00,4035,4035.3,4034.2,4035.3,10,10,10,0,0.3,10,0,0,10,4,40,5,50,-1,-10,0,0,0,0,-1,-947,0,1,0,0,0,0,0,0,0,0,0,0,
7/24/2026 10:32:00 AM,+07:00,4034.3,4034.5,4033.1,4033.6,10,10,10,0,0.15,10,0,0,10,1,10,9,90,-8,-80,0,0,0,0,-8,-955,0,1,0,0,0,0,0,0,0,0,0,0,
7/24/2026 10:33:00 AM,+07:00,4033.6,4033.6,4033.5,4033.6,4,4,4,0,-0.8,4,0,0,4,3,75,1,25,2,50,0,0,0,0,2,-953,0,1,0,0,0,0,0,0,0,0,0,0,
7/24/2026 10:34:00 AM,+07:00,4033.7,4034.5,4033,4033.9,20,20,20,0,-2.5,20,0,0,20,3,15,15,75,-12,-60,0,0,0,0,-12,-965,0,1,0,0,0,0,0,0,0,0,0,0,
7/24/2026 10:35:00 AM,+07:00,4034.7,4035.2,4034.2,4034.7,14,14,14,0,-2.85,14,0,0,14,7,50,6,42.8571428571429,1,7.14285714285714,0,0,0,0,1,-964,0,1,0,0,0,0,0,0,0,0,0,0,
7/24/2026 10:36:00 AM,+07:00,4034.4,4034.7,4033.6,4034.1,13,14,14,0,-2.2,13,0,0,14,6,42.8571428571429,8,57.1428571428571,-2,-14.2857142857143,0,0,0,0,-2,-966,0,1.07692307692308,0,0,0,0,0,0,0,0,0,0,
7/24/2026 10:37:00 AM,+07:00,4033.5,4033.9,4033.2,4033.9,16,16,16,0,-1.6,16,0,0,16,10,62.5,5,31.25,5,31.25,0,0,0,0,5,-961,0,1,0,0,0,0,0,0,0,0,0,0,
7/24/2026 10:38:00 AM,+07:00,4033.9,4034.5,4033.8,4034.2,9,9,9,0,-2.15,9,0,0,9,4,44.4444444444444,3,33.3333333333333,1,11.1111111111111,0,0,0,0,1,-960,0,1,0,0,0,0,0,0,0,0,0,0,
7/24/2026 10:39:00 AM,+07:00,4034.4,4034.7,4033.9,4033.9,16,16,16,0,0.15,16,0,0,16,6,37.5,10,62.5,-4,-25,0,0,0,0,-4,-964,0,1,0,0,0,0,0,0,0,0,0,0,
7/24/2026 10:40:00 AM,+07:00,4034.2,4035,4034.2,4035,4,4,4,0,1.1,4,0,0,4,3,75,0,0,3,75,0,0,0,0,3,-961,0,1,0,0,0,0,0,0,0,0,0,0,
7/24/2026 10:41:00 AM,+07:00,4035,4035,4034.5,4034.9,8,8,8,0,0.1,8,0,0,8,3,37.5,4,50,-1,-12.5,0,0,0,0,-1,-962,0,1,0,0,0,0,0,0,0,0,0,0,
7/24/2026 10:42:00 AM,+07:00,4034.9,4035,4034.6,4034.7,5,5,5,0,0.3,5,0,0,5,4,80,1,20,3,60,0,0,0,0,3,-959,0,1,0,0,0,0,0,0,0,0,0,0,
7/24/2026 10:43:00 AM,+07:00,4034.5,4034.5,4033.2,4033.3,14,14,14,0,-0.1,14,0,0,14,1,7.14285714285714,13,92.8571428571429,-12,-85.7142857142857,0,0,0,0,-12,-971,0,1,0,0,0,0,0,0,0,0,0,0,
7/24/2026 10:44:00 AM,+07:00,4033.6,4034.2,4033.6,4034.1,10,10,10,0,-0.2,10,0,0,10,1,10,5,50,-4,-40,0,0,0,0,-4,-975,0,1,0,0,0,0,0,0,0,0,0,0,
7/24/2026 10:45:00 AM,+07:00,4033.6,4033.6,4032.3,4032.6,24,24,24,0,-0.5,24,0,0,24,7,29.1666666666667,17,70.8333333333334,-10,-41.6666666666667,0,0,0,0,-10,-985,0,1,0,0,0,0,0,0,0,0,0,0,
7/24/2026 10:46:00 AM,+07:00,4032.8,4033.3,4032.8,4033.3,10,13,13,0,-0.25,10,0,0,13,6,46.1538461538462,7,53.8461538461538,-1,-7.69230769230769,0,0,0,0,-1,-986,0,1.3,0,0,0,0,0,0,0,0,0,0,
7/24/2026 10:47:00 AM,+07:00,4033.6,4033.6,4033.3,4033.5,5,8,8,0,-0.25,5,0,0,8,2,25,6,75,-4,-50,0,0,0,0,-4,-990,0,1.6,0,0,0,0,0,0,0,0,0,0,
7/24/2026 10:48:00 AM,+07:00,4033.8,4034,4033.3,4034,8,9,9,0,0.1,8,0,0,9,7,77.7777777777778,2,22.2222222222222,5,55.5555555555556,0,0,0,0,5,-985,0,1.125,0,0,0,0,0,0,0,0,0,0,
7/24/2026 10:49:00 AM,+07:00,4034.2,4034.5,4034.2,4034.5,4,4,4,0,-1.15,4,0,0,4,3,75,1,25,2,50,0,0,0,0,2,-983,0,1,0,0,0,0,0,0,0,0,0,0,
7/24/2026 10:50:00 AM,+07:00,4033.8,4033.8,4032.8,4033.2,43,43,43,0,-3.7,43,0,0,43,3,6.97674418604651,40,93.0232558139535,-37,-86.046511627907,0,0,0,0,-37,-1020,0,1,0,0,0,0,0,0,0,0,0,0,
7/24/2026 10:51:00 AM,+07:00,4033,4034.4,4033,4034.1,14,14,14,0,-3.65,14,0,0,14,7,50,7,50,0,0,0,0,0,0,0,-1020,0,1,0,0,0,0,0,0,0,0,0,0,
7/24/2026 10:52:00 AM,+07:00,4034.3,4034.3,4033.5,4033.5,8,8,8,0,-3.25,8,0,0,8,4,50,4,50,0,0,0,0,0,0,0,-1020,0,1,0,0,0,0,0,0,0,0,0,0,
7/24/2026 10:53:00 AM,+07:00,4033.6,4033.6,4032.9,4033.1,12,13,13,0,-3.5,12,0,0,13,5,38.4615384615385,8,61.5384615384615,-3,-23.0769230769231,0,0,0,0,-3,-1023,0,1.08333333333333,0,0,0,0,0,0,0,0,0,0,
7/24/2026 10:54:00 AM,+07:00,4033.2,4033.3,4032.9,4032.9,5,6,6,0,-3.05,5,0,0,6,1,16.6666666666667,4,66.6666666666666,-3,-50,0,0,0,0,-3,-1026,0,1.2,0,0,0,0,0,0,0,0,0,0,
7/24/2026 10:55:00 AM,+07:00,4031.9,4032.2,4031,4031.4,24,32,32,0,-3.3,24,0,0,32,14,43.75,18,56.25,-4,-12.5,0,0,0,0,-4,-1030,0,1.33333333333333,0,0,0,0,0,0,0,0,0,0,
7/24/2026 10:56:00 AM,+07:00,4031.2,4031.2,4030.9,4031,10,13,13,0,-3.15,10,0,0,13,7,53.8461538461538,6,46.1538461538462,1,7.69230769230769,0,0,0,0,1,-1029,0,1.3,0,0,0,0,0,0,0,0,0,0,
7/24/2026 10:57:00 AM,+07:00,4031,4031.4,4030.8,4030.9,13,14,14,0,-3.6,13,0,0,14,4,28.5714285714286,8,57.1428571428571,-4,-28.5714285714286,0,0,0,0,-4,-1033,0,1.07692307692308,0,0,0,0,0,0,0,0,0,0,
7/24/2026 10:58:00 AM,+07:00,4031,4031.1,4030.4,4031.1,14,14,14,0,-4.15,14,0,0,14,2,14.2857142857143,12,85.7142857142857,-10,-71.4285714285714,0,0,0,0,-10,-1043,0,1,0,0,0,0,0,0,0,0,0,0,
7/24/2026 10:59:00 AM,+07:00,4031.4,4032,4031.4,4031.6,69,77,77,0,-3,69,0,0,77,48,62.3376623376623,29,37.6623376623377,19,24.6753246753247,0,0,0,0,19,-1024,0,1.11594202898551,0,0,0,0,0,0,0,0,0,0,
7/24/2026 11:00:00 AM,+07:00,4031.3,4031.6,4030.3,4030.7,23,24,24,0,-3.45,23,0,0,24,9,37.5,15,62.5,-6,-25,0,0,0,0,-6,-1030,0,1.04347826086957,0,0,0,0,0,0,0,0,0,0,
7/24/2026 11:01:00 AM,+07:00,4030.7,4031.2,4029.9,4029.9,31,32,32,0,-3,31,0,0,32,18,56.25,10,31.25,8,25,0,0,0,0,8,-1022,0,1.03225806451613,0,0,0,0,0,0,0,0,0,0,
7/24/2026 11:02:00 AM,+07:00,4030.2,4031.5,4030.1,4031.3,13,14,14,0,-3,13,0,0,14,8,57.1428571428571,5,35.7142857142857,3,21.4285714285714,0,0,0,0,3,-1019,0,1.07692307692308,0,0,0,0,0,0,0,0,0,0,
7/24/2026 11:03:00 AM,+07:00,4031.3,4031.9,4031.1,4031.9,18,18,18,0,-2.2,18,0,0,18,10,55.5555555555556,6,33.3333333333333,4,22.2222222222222,0,0,0,0,4,-1015,0,1,0,0,0,0,0,0,0,0,0,0,
7/24/2026 11:04:00 AM,+07:00,4031.4,4031.8,4030.8,4031.4,16,18,18,0,-2.15,16,0,0,18,7,38.8888888888889,10,55.5555555555556,-3,-16.6666666666667,0,0,0,0,-3,-1018,0,1.125,0,0,0,0,0,0,0,0,0,0,
7/24/2026 11:05:00 AM,+07:00,4031.8,4032.5,4031.3,4031.5,33,33,33,0,-1.65,33,0,0,33,16,48.4848484848485,16,48.4848484848485,0,0,0,0,0,0,0,-1018,0,1,0,0,0,0,0,0,0,0,0,0,
7/24/2026 11:06:00 AM,+07:00,4031.6,4032.1,4031.3,4031.3,8,8,8,0,-1.5,8,0,0,8,5,62.5,3,37.5,2,25,0,0,0,0,2,-1016,0,1,0,0,0,0,0,0,0,0,0,0,
7/24/2026 11:07:00 AM,+07:00,4031,4031.3,4030.7,4031.3,12,12,12,0,-1.65,12,0,0,12,2,16.6666666666667,9,75,-7,-58.3333333333333,0,0,0,0,-7,-1023,0,1,0,0,0,0,0,0,0,0,0,0,
7/24/2026 11:08:00 AM,+07:00,4031,4031.1,4030.5,4030.5,5,5,5,0,-1.95,5,0,0,5,2,40,3,60,-1,-20,0,0,0,0,-1,-1024,0,1,0,0,0,0,0,0,0,0,0,0,
7/24/2026 11:09:00 AM,+07:00,4030.6,4031.6,4030.6,4031.5,6,6,6,0,-1.85,6,0,0,6,5,83.3333333333334,1,16.6666666666667,4,66.6666666666666,0,0,0,0,4,-1020,0,1,0,0,0,0,0,0,0,0,0,0,
7/24/2026 11:10:00 AM,+07:00,4031,4031.3,4030.5,4030.5,8,8,8,0,0.1,8,0,0,8,5,62.5,3,37.5,2,25,0,0,0,0,2,-1018,0,1,0,0,0,0,0,0,0,0,0,0,
7/24/2026 11:11:00 AM,+07:00,4030,4030.4,4029.5,4029.7,25,30,30,0,0.25,25,0,0,30,16,53.3333333333333,13,43.3333333333333,3,10,0,0,0,0,3,-1015,0,1.2,0,0,0,0,0,0,0,0,0,0,
7/24/2026 11:12:00 AM,+07:00,4029.8,4031.1,4029.5,4030.5,31,35,35,0,0.65,31,0,0,35,21,60,13,37.1428571428571,8,22.8571428571429,0,0,0,0,8,-1007,0,1.12903225806452,0,0,0,0,0,0,0,0,0,0,
7/24/2026 11:13:00 AM,+07:00,4031.2,4031.2,4030.6,4030.6,6,7,7,0,0.65,6,0,0,7,2,28.5714285714286,5,71.4285714285714,-3,-42.8571428571429,0,0,0,0,-3,-1010,0,1.16666666666667,0,0,0,0,0,0,0,0,0,0,
7/24/2026 11:14:00 AM,+07:00,4030.8,4031,4030.3,4030.5,17,22,22,0,0.9,17,0,0,22,12,54.5454545454545,10,45.4545454545455,2,9.09090909090909,0,0,0,0,2,-1008,0,1.29411764705882,0,0,0,0,0,0,0,0,0,0,
7/24/2026 11:15:00 AM,+07:00,4030.5,4031.1,4030.5,4031.1,6,6,6,0,1.2,6,0,0,6,3,50,1,16.6666666666667,2,33.3333333333333,0,0,0,0,2,-1006,0,1,0,0,0,0,0,0,0,0,0,0,
7/24/2026 11:16:00 AM,+07:00,4031,4031.2,4030.7,4031.2,5,5,5,0,1.3,5,0,0,5,4,80,1,20,3,60,0,0,0,0,3,-1003,0,1,0,0,0,0,0,0,0,0,0,0,
7/24/2026 11:17:00 AM,+07:00,4030.7,4030.7,4029.8,4030.2,14,14,14,0,1.25,14,0,0,14,4,28.5714285714286,9,64.2857142857143,-5,-35.7142857142857,0,0,0,0,-5,-1008,0,1,0,0,0,0,0,0,0,0,0,0,
7/24/2026 11:18:00 AM,+07:00,4030.3,4030.5,4030,4030.2,7,9,9,0,1.6,7,0,0,9,3,33.3333333333333,6,66.6666666666666,-3,-33.3333333333333,0,0,0,0,-3,-1011,0,1.28571428571429,0,0,0,0,0,0,0,0,0,0,
7/24/2026 11:19:00 AM,+07:00,4030.3,4030.3,4030.2,4030.2,3,3,3,0,0.65,3,0,0,3,1,33.3333333333333,1,33.3333333333333,0,0,0,0,0,0,0,-1011,0,1,0,0,0,0,0,0,0,0,0,0,
7/24/2026 11:20:00 AM,+07:00,4030.7,4030.8,4030.3,4030.6,22,23,23,0,0.75,22,0,0,23,9,39.1304347826087,13,56.5217391304348,-4,-17.3913043478261,0,0,0,0,-4,-1015,0,1.04545454545455,0,0,0,0,0,0,0,0,0,0,
7/24/2026 11:21:00 AM,+07:00,4030.7,4031.1,4030.6,4031.1,3,3,3,0,0.5,3,0,0,3,3,100,0,0,3,100,0,0,0,0,3,-1012,0,1,0,0,0,0,0,0,0,0,0,0,
7/24/2026 11:22:00 AM,+07:00,4030.9,4031.9,4030.9,4031.9,19,27,27,0,1.45,19,0,0,27,24,88.8888888888889,2,7.40740740740741,22,81.4814814814815,0,0,0,0,22,-990,0,1.42105263157895,0,0,0,0,0,0,0,0,0,0,
7/24/2026 11:23:00 AM,+07:00,4031.6,4031.7,4031.6,4031.7,3,3,3,0,1.3,3,0,0,3,2,66.6666666666666,1,33.3333333333333,1,33.3333333333333,0,0,0,0,1,-989,0,1,0,0,0,0,0,0,0,0,0,0,
7/24/2026 11:24:00 AM,+07:00,4032,4032.3,4031.3,4031.3,10,10,10,0,1.45,10,0,0,10,5,50,5,50,0,0,0,0,0,0,0,-989,0,1,0,0,0,0,0,0,0,0,0,0,
7/24/2026 11:25:00 AM,+07:00,4031.4,4031.6,4031.4,4031.5,5,6,6,0,1.15,5,0,0,6,0,0,6,100,-6,-100,0,0,0,0,-6,-995,0,1.2,0,0,0,0,0,0,0,0,0,0,
7/24/2026 11:26:00 AM,+07:00,4031.5,4032.4,4031.5,4032,10,11,11,0,0.9,10,0,0,11,4,36.3636363636364,7,63.6363636363636,-3,-27.2727272727273,0,0,0,0,-3,-998,0,1.1,0,0,0,0,0,0,0,0,0,0,
7/24/2026 11:27:00 AM,+07:00,4032.3,4032.7,4032.1,4032.4,30,33,33,0,1.6,30,0,0,33,19,57.5757575757576,12,36.3636363636364,7,21.2121212121212,0,0,0,0,7,-991,0,1.1,0,0,0,0,0,0,0,0,0,0,
7/24/2026 11:28:00 AM,+07:00,4032.4,4032.5,4031.7,4031.7,9,9,9,0,1.7,9,0,0,9,5,55.5555555555556,4,44.4444444444444,1,11.1111111111111,0,0,0,0,1,-990,0,1,0,0,0,0,0,0,0,0,0,0,
7/24/2026 11:29:00 AM,+07:00,4031.9,4032.3,4031.9,4032.1,5,5,5,0,1.75,5,0,0,5,5,100,0,0,5,100,0,0,0,0,5,-985,0,1,0,0,0,0,0,0,0,0,0,0,
7/24/2026 11:30:00 AM,+07:00,4032.3,4032.6,4032.3,4032.4,7,7,7,0,1.8,7,0,0,7,5,71.4285714285714,2,28.5714285714286,3,42.8571428571429,0,0,0,0,3,-982,0,1,0,0,0,0,0,0,0,0,0,0,
7/24/2026 11:31:00 AM,+07:00,4032.6,4032.9,4032.4,4032.6,31,32,32,0,1.3,31,0,0,32,12,37.5,19,59.375,-7,-21.875,0,0,0,0,-7,-989,0,1.03225806451613,0,0,0,0,0,0,0,0,0,0,
7/24/2026 11:32:00 AM,+07:00,4032.2,4032.3,4032.1,4032.3,6,6,6,0,0.9,6,0,0,6,3,50,3,50,0,0,0,0,0,0,0,-989,0,1,0,0,0,0,0,0,0,0,0,0,
7/24/2026 11:33:00 AM,+07:00,4031.8,4031.8,4031.8,4031.8,1,1,1,0,1.1,1,0,0,1,1,100,0,0,1,100,0,0,0,0,1,-988,0,1,0,0,0,0,0,0,0,0,0,0,
7/24/2026 11:34:00 AM,+07:00,4031.4,4031.4,4031.2,4031.3,8,8,8,0,1,8,0,0,8,4,50,4,50,0,0,0,0,0,0,0,-988,0,1,0,0,0,0,0,0,0,0,0,0,
7/24/2026 11:35:00 AM,+07:00,4031.8,4032.5,4031,4031,25,49,49,0,1.85,25,0,0,49,33,67.3469387755102,14,28.5714285714286,19,38.7755102040816,0,0,0,0,19,-969,0,1.96,0,0,0,0,0,0,0,0,0,0,
7/24/2026 11:36:00 AM,+07:00,4030.9,4031,4029.9,4030.2,25,38,38,0,1.8,25,0,0,38,19,50,17,44.7368421052632,2,5.26315789473684,0,0,0,0,2,-967,0,1.52,0,0,0,0,0,0,0,0,0,0,
7/24/2026 11:37:00 AM,+07:00,4029.8,4030.4,4029.6,4030.4,12,12,12,0,1.85,12,0,0,12,4,33.3333333333333,8,66.6666666666666,-4,-33.3333333333333,0,0,0,0,-4,-971,0,1,0,0,0,0,0,0,0,0,0,0,
7/24/2026 11:38:00 AM,+07:00,4030.1,4030.1,4029.5,4029.8,11,11,11,0,2.05,11,0,0,11,6,54.5454545454545,5,45.4545454545455,1,9.09090909090909,0,0,0,0,1,-970,0,1,0,0,0,0,0,0,0,0,0,0,
7/24/2026 11:39:00 AM,+07:00,4029.8,4030.1,4029.2,4029.4,38,38,38,0,2.7,38,0,0,38,25,65.7894736842105,12,31.578947368421,13,34.2105263157895,0,0,0,0,13,-957,0,1,0,0,0,0,0,0,0,0,0,0,
7/24/2026 11:40:00 AM,+07:00,4029.5,4029.6,4028.6,4028.7,21,22,22,0,2.25,21,0,0,22,4,18.1818181818182,17,77.2727272727273,-13,-59.0909090909091,0,0,0,0,-13,-970,0,1.04761904761905,0,0,0,0,0,0,0,0,0,0,
7/24/2026 11:41:00 AM,+07:00,4028.8,4029.2,4028.6,4029.1,15,15,15,0,2.05,15,0,0,15,7,46.6666666666667,8,53.3333333333333,-1,-6.66666666666667,0,0,0,0,-1,-971,0,1,0,0,0,0,0,0,0,0,0,0,
7/24/2026 11:42:00 AM,+07:00,4029.2,4029.3,4028.2,4029,24,24,24,0,1.15,24,0,0,24,14,58.3333333333333,10,41.6666666666667,4,16.6666666666667,0,0,0,0,4,-967,0,1,0,0,0,0,0,0,0,0,0,0,
7/24/2026 11:44:00 AM,+07:00,4028.3,4029.4,4028.3,4029,8,8,8,0,1.1,8,0,0,8,4,50,4,50,0,0,0,0,0,0,0,-967,0,1,0,0,0,0,0,0,0,0,0,0,
7/24/2026 11:45:00 AM,+07:00,4029.3,4029.5,4029.3,4029.5,4,4,4,0,1.3,4,0,0,4,4,100,0,0,4,100,0,0,0,0,4,-963,0,1,0,0,0,0,0,0,0,0,0,0,
7/24/2026 11:46:00 AM,+07:00,4029,4029,4027.8,4027.8,18,30,30,0,0.4,18,0,0,30,3,10,27,90,-24,-80,0,0,0,0,-24,-987,0,1.66666666666667,0,0,0,0,0,0,0,0,0,0,
7/24/2026 11:47:00 AM,+07:00,4028.5,4028.6,4028.5,4028.6,4,4,4,0,0.7,4,0,0,4,3,75,0,0,3,75,0,0,0,0,3,-984,0,1,0,0,0,0,0,0,0,0,0,0,
7/24/2026 11:48:00 AM,+07:00,4028.6,4029.4,4028.5,4029.3,26,33,33,0,1.2,26,0,0,33,25,75.7575757575758,8,24.2424242424242,17,51.5151515151515,0,0,0,0,17,-967,0,1.26923076923077,0,0,0,0,0,0,0,0,0,0,
7/24/2026 11:49:00 AM,+07:00,4029.3,4029.3,4029.2,4029.3,3,3,3,0,1.2,3,0,0,3,2,66.6666666666666,1,33.3333333333333,1,33.3333333333333,0,0,0,0,1,-966,0,1,0,0,0,0,0,0,0,0,0,0,
7/24/2026 11:50:00 AM,+07:00,4029.6,4029.6,4028.5,4028.5,15,15,15,0,0.3,15,0,0,15,1,6.66666666666667,14,93.3333333333333,-13,-86.6666666666667,0,0,0,0,-13,-979,0,1,0,0,0,0,0,0,0,0,0,0,
7/24/2026 11:51:00 AM,+07:00,4028.2,4028.2,4028.2,4028.2,1,1,1,0,0.1,1,0,0,1,0,0,1,100,-1,-100,0,0,0,0,-1,-980,0,1,0,0,0,0,0,0,0,0,0,0,
7/24/2026 11:52:00 AM,+07:00,4028.7,4029,4028.4,4028.4,11,12,12,0,0.55,11,0,0,12,6,50,4,33.3333333333333,2,16.6666666666667,0,0,0,0,2,-978,0,1.09090909090909,0,0,0,0,0,0,0,0,0,0,
7/24/2026 11:54:00 AM,+07:00,4029.4,4029.5,4029,4029,7,7,7,0,0.55,7,0,0,7,3,42.8571428571429,3,42.8571428571429,0,0,0,0,0,0,0,-978,0,1,0,0,0,0,0,0,0,0,0,0,
7/24/2026 11:55:00 AM,+07:00,4029.2,4029.5,4028.9,4028.9,5,5,5,0,0.4,5,0,0,5,1,20,3,60,-2,-40,0,0,0,0,-2,-980,0,1,0,0,0,0,0,0,0,0,0,0,
7/24/2026 11:56:00 AM,+07:00,4028.9,4029.4,4028.9,4029.4,3,3,3,0,0.35,3,0,0,3,1,33.3333333333333,2,66.6666666666666,-1,-33.3333333333333,0,0,0,0,-1,-981,0,1,0,0,0,0,0,0,0,0,0,0,
7/24/2026 11:57:00 AM,+07:00,4029.5,4031.1,4029.5,4030.5,24,29,29,0,-0.05,24,0,0,29,20,68.9655172413793,9,31.0344827586207,11,37.9310344827586,0,0,0,0,11,-970,0,1.20833333333333,0,0,0,0,0,0,0,0,0,0,
7/24/2026 11:58:00 AM,+07:00,4030.2,4030.8,4029.7,4029.7,27,28,28,0,-0.35,27,0,0,28,12,42.8571428571429,16,57.1428571428571,-4,-14.2857142857143,0,0,0,0,-4,-974,0,1.03703703703704,0,0,0,0,0,0,0,0,0,0,
7/24/2026 11:59:00 AM,+07:00,4029.8,4030.5,4029.6,4029.8,14,14,14,0,-0.45,14,0,0,14,4,28.5714285714286,10,71.4285714285714,-6,-42.8571428571429,0,0,0,0,-6,-980,0,1,0,0,0,0,0,0,0,0,0,0,
7/24/2026 12:00:00 PM,+07:00,4029.8,4030.1,4028.9,4029.1,29,29,29,0,-1.45,29,0,0,29,3,10.3448275862069,22,75.8620689655172,-19,-65.5172413793104,0,0,0,0,-19,-999,0,1,0,0,0,0,0,0,0,0,0,0,
7/24/2026 12:01:00 PM,+07:00,4029.4,4029.7,4028.9,4029.4,9,9,9,0,-2.05,9,0,0,9,5,55.5555555555556,4,44.4444444444444,1,11.1111111111111,0,0,0,0,1,-998,0,1,0,0,0,0,0,0,0,0,0,0,
7/24/2026 12:02:00 PM,+07:00,4029,4029,4027.9,4028.4,58,61,61,0,-2.3,58,0,0,61,21,34.4262295081967,39,63.9344262295082,-18,-29.5081967213115,0,0,0,0,-18,-1016,0,1.05172413793103,0,0,0,0,0,0,0,0,0,0,
7/24/2026 12:03:00 PM,+07:00,4028.2,4030.2,4027.5,4030.2,77,84,84,0,-1,77,0,0,84,54,64.2857142857143,29,34.5238095238095,25,29.7619047619048,0,0,0,0,25,-991,0,1.09090909090909,0,0,0,0,0,0,0,0,0,0,
7/24/2026 12:04:00 PM,+07:00,4030.2,4031.1,4029.8,4031.1,21,22,22,0,-0.8,21,0,0,22,15,68.1818181818182,7,31.8181818181818,8,36.3636363636364,0,0,0,0,8,-983,0,1.04761904761905,0,0,0,0,0,0,0,0,0,0,
7/24/2026 12:05:00 PM,+07:00,4031.1,4032.1,4031.1,4032.1,17,17,17,0,-0.65,17,0,0,17,10,58.8235294117647,7,41.1764705882353,3,17.6470588235294,0,0,0,0,3,-980,0,1,0,0,0,0,0,0,0,0,0,0,
7/24/2026 12:06:00 PM,+07:00,4032.1,4032.2,4030.9,4031.3,91,95,95,0,-0.9,91,0,0,95,47,49.4736842105263,48,50.5263157894737,-1,-1.05263157894737,0,0,0,0,-1,-981,0,1.04395604395604,0,0,0,0,0,0,0,0,0,0,
7/24/2026 12:07:00 PM,+07:00,4031.1,4031.4,4030.3,4030.3,76,122,122,0,5.35,76,0,0,122,111,90.983606557377,10,8.19672131147541,101,82.7868852459016,0,0,0,0,101,-880,0,1.60526315789474,0,0,0,0,0,0,0,0,0,0,
7/24/2026 12:08:00 PM,+07:00,4030.6,4030.6,4030,4030.4,50,54,54,0,6.6,50,0,0,54,41,75.9259259259259,13,24.0740740740741,28,51.8518518518518,0,0,0,0,28,-852,0,1.08,0,0,0,0,0,0,0,0,0,0,
7/24/2026 12:09:00 PM,+07:00,4030.4,4031.6,4030,4030.9,166,232,232,0,15.6,166,0,0,232,213,91.8103448275862,16,6.89655172413793,197,84.9137931034483,0,0,0,0,197,-655,0,1.39759036144578,0,0,0,0,0,0,0,0,0,0,
7/24/2026 12:10:00 PM,+07:00,4031.4,4034.6,4031.4,4033.7,50,53,53,0,15.85,50,0,0,53,28,52.8301886792453,22,41.5094339622642,6,11.3207547169811,0,0,0,0,6,-649,0,1.06,0,0,0,0,0,0,0,0,0,0,
7/24/2026 12:11:00 PM,+07:00,4033.5,4034.6,4032.9,4032.9,37,46,46,0,16.8,37,0,0,46,26,56.5217391304348,20,43.4782608695652,6,13.0434782608696,0,0,0,0,6,-643,0,1.24324324324324,0,0,0,0,0,0,0,0,0,0,
7/24/2026 12:12:00 PM,+07:00,4032.4,4032.6,4031.9,4032.4,10,10,10,0,16.65,10,0,0,10,3,30,7,70,-4,-40,0,0,0,0,-4,-647,0,1,0,0,0,0,0,0,0,0,0,0,
7/24/2026 12:13:00 PM,+07:00,4032.4,4032.9,4031.7,4032.2,6,6,6,0,16.75,6,0,0,6,5,83.3333333333334,1,16.6666666666667,4,66.6666666666666,0,0,0,0,4,-643,0,1,0,0,0,0,0,0,0,0,0,0,
7/24/2026 12:14:00 PM,+07:00,4031.6,4031.6,4029.9,4030,55,70,70,0,17.3,55,0,0,70,33,47.1428571428571,22,31.4285714285714,11,15.7142857142857,0,0,0,0,11,-632,0,1.27272727272727,0,0,0,0,0,0,0,0,0,0,
7/24/2026 12:15:00 PM,+07:00,4029.7,4030.2,4029.5,4029.8,19,19,19,0,17.35,19,0,0,19,9,47.3684210526316,10,52.6315789473684,-1,-5.26315789473684,0,0,0,0,-1,-633,0,1,0,0,0,0,0,0,0,0,0,0,
7/24/2026 12:16:00 PM,+07:00,4029.2,4029.2,4028,4028.9,37,37,37,0,18.35,37,0,0,37,26,70.2702702702703,7,18.9189189189189,19,51.3513513513514,0,0,0,0,19,-614,0,1,0,0,0,0,0,0,0,0,0,0,
7/24/2026 12:17:00 PM,+07:00,4028.7,4029.1,4028.7,4029.1,9,9,9,0,18.2,9,0,0,9,8,88.8888888888889,0,0,8,88.8888888888889,0,0,0,0,8,-606,0,1,0,0,0,0,0,0,0,0,0,0,
7/24/2026 12:18:00 PM,+07:00,4029.3,4029.3,4024.6,4024.8,261,320,320,0,14.8,261,0,0,320,88,27.5,160,50,-72,-22.5,0,0,0,0,-72,-678,0,1.22605363984674,0,0,0,0,0,0,0,0,0,0,
7/24/2026 12:19:00 PM,+07:00,4025.4,4026.9,4024.5,4026.4,42,44,44,0,15.2,42,0,0,44,23,52.2727272727273,21,47.7272727272727,2,4.54545454545455,0,0,0,0,2,-676,0,1.04761904761905,0,0,0,0,0,0,0,0,0,0,
7/24/2026 12:20:00 PM,+07:00,4026.7,4027.3,4026.3,4026.7,34,37,37,0,16.1,34,0,0,37,17,45.945945945946,18,48.6486486486486,-1,-2.7027027027027,0,0,0,0,-1,-677,0,1.08823529411765,0,0,0,0,0,0,0,0,0,0,
7/24/2026 12:21:00 PM,+07:00,4026.7,4029.1,4026.6,4028.6,81,98,98,0,19.7,81,0,0,98,85,86.734693877551,12,12.2448979591837,73,74.4897959183674,0,0,0,0,73,-604,0,1.20987654320988,0,0,0,0,0,0,0,0,0,0,
7/24/2026 12:22:00 PM,+07:00,4028.5,4029.8,4028.5,4029.7,39,49,49,0,21.5,39,0,0,49,28,57.1428571428571,10,20.4081632653061,18,36.734693877551,0,0,0,0,18,-586,0,1.25641025641026,0,0,0,0,0,0,0,0,0,0,
7/24/2026 12:23:00 PM,+07:00,4029.8,4031.7,4029.7,4031.2,24,26,26,0,20.65,24,0,0,26,15,57.6923076923077,7,26.9230769230769,8,30.7692307692308,0,0,0,0,8,-578,0,1.08333333333333,0,0,0,0,0,0,0,0,0,0,
7/24/2026 12:24:00 PM,+07:00,4031.6,4031.8,4029.2,4029.2,24,24,24,0,19.9,24,0,0,24,8,33.3333333333333,15,62.5,-7,-29.1666666666667,0,0,0,0,-7,-585,0,1,0,0,0,0,0,0,0,0,0,0,
7/24/2026 12:25:00 PM,+07:00,4029.5,4029.5,4028.6,4029.1,12,12,12,0,19.75,12,0,0,12,6,50,6,50,0,0,0,0,0,0,0,-585,0,1,0,0,0,0,0,0,0,0,0,0,
7/24/2026 12:26:00 PM,+07:00,4029.1,4029.4,4029.1,4029.4,5,5,5,0,19.65,5,0,0,5,1,20,4,80,-3,-60,0,0,0,0,-3,-588,0,1,0,0,0,0,0,0,0,0,0,0,
7/24/2026 12:27:00 PM,+07:00,4029.2,4029.2,4027.6,4027.7,20,20,20,0,14.1,20,0,0,20,4,20,14,70,-10,-50,0,0,0,0,-10,-598,0,1,0,0,0,0,0,0,0,0,0,0,
7/24/2026 12:28:00 PM,+07:00,4027.9,4028.5,4027.9,4028,7,7,7,0,12.8,7,0,0,7,4,57.1428571428571,2,28.5714285714286,2,28.5714285714286,0,0,0,0,2,-596,0,1,0,0,0,0,0,0,0,0,0,0,
7/24/2026 12:29:00 PM,+07:00,4028.2,4028.3,4028.2,4028.3,3,3,3,0,3.05,3,0,0,3,2,66.6666666666666,0,0,2,66.6666666666666,0,0,0,0,2,-594,0,1,0,0,0,0,0,0,0,0,0,0,
7/24/2026 12:30:00 PM,+07:00,4028.3,4031,4028.1,4029.7,95,98,98,0,2.9,95,0,0,98,41,41.8367346938776,38,38.7755102040816,3,3.06122448979592,0,0,0,0,3,-591,0,1.03157894736842,0,0,0,0,0,0,0,0,0,0,
7/24/2026 12:31:00 PM,+07:00,4029.5,4031.2,4029.5,4031.2,26,26,26,0,2.45,26,0,0,26,7,26.9230769230769,10,38.4615384615385,-3,-11.5384615384615,0,0,0,0,-3,-594,0,1,0,0,0,0,0,0,0,0,0,0,
7/24/2026 12:32:00 PM,+07:00,4031,4031.8,4030.2,4030.7,33,41,41,0,3.15,33,0,0,41,25,60.9756097560976,15,36.5853658536585,10,24.390243902439,0,0,0,0,10,-584,0,1.24242424242424,0,0,0,0,0,0,0,0,0,0,
7/24/2026 12:33:00 PM,+07:00,4031.6,4031.6,4030.3,4030.3,16,17,17,0,2.9,16,0,0,17,8,47.0588235294118,9,52.9411764705882,-1,-5.88235294117647,0,0,0,0,-1,-585,0,1.0625,0,0,0,0,0,0,0,0,0,0,
7/24/2026 12:34:00 PM,+07:00,4031.3,4033.6,4030.9,4033.4,33,33,33,0,2.7,33,0,0,33,20,60.6060606060606,13,39.3939393939394,7,21.2121212121212,0,0,0,0,7,-578,0,1,0,0,0,0,0,0,0,0,0,0,
7/24/2026 12:35:00 PM,+07:00,4033.3,4033.3,4031.5,4032.2,92,97,97,0,2.4,92,0,0,97,45,46.3917525773196,52,53.6082474226804,-7,-7.21649484536082,0,0,0,0,-7,-585,0,1.05434782608696,0,0,0,0,0,0,0,0,0,0,
7/24/2026 12:36:00 PM,+07:00,4032.2,4032.5,4031.5,4031.5,40,46,46,0,0.8,40,0,0,46,13,28.2608695652174,26,56.5217391304348,-13,-28.2608695652174,0,0,0,0,-13,-598,0,1.15,0,0,0,0,0,0,0,0,0,0,
7/24/2026 12:37:00 PM,+07:00,4030.8,4030.9,4030,4030.1,30,31,31,0,0.6,30,0,0,31,15,48.3870967741936,11,35.4838709677419,4,12.9032258064516,0,0,0,0,4,-594,0,1.03333333333333,0,0,0,0,0,0,0,0,0,0,
7/24/2026 12:38:00 PM,+07:00,4030.3,4030.6,4029,4029.5,30,30,30,0,3.7,30,0,0,30,10,33.3333333333333,20,66.6666666666666,-10,-33.3333333333333,0,0,0,0,-10,-604,0,1,0,0,0,0,0,0,0,0,0,0,
7/24/2026 12:39:00 PM,+07:00,4028.7,4028.8,4027,4028.3,28,28,28,0,3.1,28,0,0,28,9,32.1428571428571,19,67.8571428571429,-10,-35.7142857142857,0,0,0,0,-10,-614,0,1,0,0,0,0,0,0,0,0,0,0,
7/24/2026 12:40:00 PM,+07:00,4028.1,4028.5,4027.6,4027.9,26,26,26,0,3.15,26,0,0,26,13,50,13,50,0,0,0,0,0,0,0,-614,0,1,0,0,0,0,0,0,0,0,0,0,
7/24/2026 12:41:00 PM,+07:00,4028.3,4030,4028.3,4030,42,46,46,0,0.8,42,0,0,46,36,78.2608695652174,10,21.7391304347826,26,56.5217391304348,0,0,0,0,26,-588,0,1.0952380952381,0,0,0,0,0,0,0,0,0,0,
7/24/2026 12:42:00 PM,+07:00,4030.3,4030.3,4028.4,4028.4,23,23,23,0,-0.85,23,0,0,23,4,17.3913043478261,19,82.6086956521739,-15,-65.2173913043478,0,0,0,0,-15,-603,0,1,0,0,0,0,0,0,0,0,0,0,
7/24/2026 12:43:00 PM,+07:00,4029,4029,4025.9,4027.6,40,75,75,0,-0.35,40,0,0,75,44,58.6666666666667,26,34.6666666666667,18,24,0,0,0,0,18,-585,0,1.875,0,0,0,0,0,0,0,0,0,0,
7/24/2026 12:44:00 PM,+07:00,4027.9,4028.4,4026.1,4026.7,41,41,41,0,0.6,41,0,0,41,20,48.780487804878,8,19.5121951219512,12,29.2682926829268,0,0,0,0,12,-573,0,1,0,0,0,0,0,0,0,0,0,0,
7/24/2026 12:45:00 PM,+07:00,4026.7,4029.6,4026.7,4029.2,31,32,32,0,1.7,31,0,0,32,26,81.25,4,12.5,22,68.75,0,0,0,0,22,-551,0,1.03225806451613,0,0,0,0,0,0,0,0,0,0,
7/24/2026 12:46:00 PM,+07:00,4029.1,4029.9,4028.6,4028.6,46,48,48,0,2,46,0,0,48,23,47.9166666666667,20,41.6666666666667,3,6.25,0,0,0,0,3,-548,0,1.04347826086957,0,0,0,0,0,0,0,0,0,0,
7/24/2026 12:47:00 PM,+07:00,4028.9,4030.7,4028.9,4030.5,29,31,31,0,2.7,29,0,0,31,17,54.8387096774194,13,41.9354838709677,4,12.9032258064516,0,0,0,0,4,-544,0,1.06896551724138,0,0,0,0,0,0,0,0,0,0,
7/24/2026 12:48:00 PM,+07:00,4030.8,4030.8,4030.2,4030.4,14,14,14,0,2.4,14,0,0,14,5,35.7142857142857,9,64.2857142857143,-4,-28.5714285714286,0,0,0,0,-4,-548,0,1,0,0,0,0,0,0,0,0,0,0,
7/24/2026 12:49:00 PM,+07:00,4030.4,4030.5,4030,4030,5,5,5,0,2.25,5,0,0,5,2,40,3,60,-1,-20,0,0,0,0,-1,-549,0,1,0,0,0,0,0,0,0,0,0,0,
7/24/2026 12:50:00 PM,+07:00,4030.3,4031,4029.5,4029.5,15,17,17,0,1.85,15,0,0,17,6,35.2941176470588,11,64.7058823529412,-5,-29.4117647058824,0,0,0,0,-5,-554,0,1.13333333333333,0,0,0,0,0,0,0,0,0,0,
7/24/2026 12:51:00 PM,+07:00,4029.2,4029.7,4027.9,4028,17,17,17,0,2.05,17,0,0,17,9,52.9411764705882,8,47.0588235294118,1,5.88235294117647,0,0,0,0,1,-553,0,1,0,0,0,0,0,0,0,0,0,0,
7/24/2026 12:52:00 PM,+07:00,4027.7,4027.7,4025.9,4027.4,11,11,11,0,1.9,11,0,0,11,9,81.8181818181818,2,18.1818181818182,7,63.6363636363636,0,0,0,0,7,-546,0,1,0,0,0,0,0,0,0,0,0,0,
7/24/2026 12:53:00 PM,+07:00,4026.9,4027.5,4026.6,4027,31,39,39,0,2.75,31,0,0,39,27,69.2307692307692,11,28.2051282051282,16,41.025641025641,0,0,0,0,16,-530,0,1.25806451612903,0,0,0,0,0,0,0,0,0,0,
7/24/2026 12:54:00 PM,+07:00,4027.1,4027.1,4024.8,4025.4,44,51,51,0,1.75,44,0,0,51,19,37.2549019607843,32,62.7450980392157,-13,-25.4901960784314,0,0,0,0,-13,-543,0,1.15909090909091,0,0,0,0,0,0,0,0,0,0,
7/24/2026 12:55:00 PM,+07:00,4025.6,4025.7,4024,4024.5,80,102,102,0,-0.1,80,0,0,102,29,28.4313725490196,73,71.5686274509804,-44,-43.1372549019608,0,0,0,0,-44,-587,0,1.275,0,0,0,0,0,0,0,0,0,0,
7/24/2026 12:56:00 PM,+07:00,4024.7,4026,4024.4,4025.4,25,27,27,0,0.95,25,0,0,27,17,62.962962962963,9,33.3333333333333,8,29.6296296296296,0,0,0,0,8,-579,0,1.08,0,0,0,0,0,0,0,0,0,0,
7/24/2026 12:57:00 PM,+07:00,4025.7,4025.7,4024,4025,60,79,79,0,-0.95,60,0,0,79,20,25.3164556962025,54,68.3544303797468,-34,-43.0379746835443,0,0,0,0,-34,-613,0,1.31666666666667,0,0,0,0,0,0,0,0,0,0,
7/24/2026 12:58:00 PM,+07:00,4024.8,4025.3,4024.3,4024.8,16,16,16,0,-0.45,16,0,0,16,8,50,8,50,0,0,0,0,0,0,0,-613,0,1,0,0,0,0,0,0,0,0,0,0,
7/24/2026 12:59:00 PM,+07:00,4024.8,4025.2,4024.7,4025,10,10,10,0,-0.05,10,0,0,10,4,40,6,60,-2,-20,0,0,0,0,-2,-615,0,1,0,0,0,0,0,0,0,0,0,0,
7/24/2026 1:00:00 PM,+07:00,4025.2,4026.9,4025,4026.5,82,85,85,0,0.6,82,0,0,85,42,49.4117647058824,29,34.1176470588235,13,15.2941176470588,0,0,0,0,13,-602,0,1.03658536585366,0,0,0,0,0,0,0,0,0,0,
7/24/2026 1:01:00 PM,+07:00,4027.2,4027.7,4026.3,4027.2,51,56,56,0,0.2,51,0,0,56,37,66.0714285714286,19,33.9285714285714,18,32.1428571428571,0,0,0,0,18,-584,0,1.09803921568627,0,0,0,0,0,0,0,0,0,0,
7/24/2026 1:02:00 PM,+07:00,4027.1,4027.9,4026.6,4027.5,29,31,31,0,1.3,29,0,0,31,19,61.2903225806452,12,38.7096774193548,7,22.5806451612903,0,0,0,0,7,-577,0,1.06896551724138,0,0,0,0,0,0,0,0,0,0,
7/24/2026 1:03:00 PM,+07:00,4027.6,4027.6,4025.7,4025.8,14,14,14,0,0.05,14,0,0,14,1,7.14285714285714,8,57.1428571428571,-7,-50,0,0,0,0,-7,-584,0,1,0,0,0,0,0,0,0,0,0,0,
7/24/2026 1:04:00 PM,+07:00,4025.8,4027.8,4025.8,4027.3,32,33,33,0,-1.6,32,0,0,33,6,18.1818181818182,27,81.8181818181818,-21,-63.6363636363636,0,0,0,0,-21,-605,0,1.03125,0,0,0,0,0,0,0,0,0,0,
7/24/2026 1:05:00 PM,+07:00,4027.4,4028.4,4026.9,4027.7,39,41,41,0,-3.2,39,0,0,41,14,34.1463414634146,24,58.5365853658536,-10,-24.390243902439,0,0,0,0,-10,-615,0,1.05128205128205,0,0,0,0,0,0,0,0,0,0,
7/24/2026 1:06:00 PM,+07:00,4027.2,4028.2,4026.8,4028.2,51,55,55,0,-2.2,51,0,0,55,38,69.0909090909091,15,27.2727272727273,23,41.8181818181818,0,0,0,0,23,-592,0,1.07843137254902,0,0,0,0,0,0,0,0,0,0,
7/24/2026 1:07:00 PM,+07:00,4028.4,4028.7,4027.9,4027.9,32,39,39,0,-2.3,32,0,0,39,19,48.7179487179487,17,43.5897435897436,2,5.12820512820513,0,0,0,0,2,-590,0,1.21875,0,0,0,0,0,0,0,0,0,0,
7/24/2026 1:08:00 PM,+07:00,4028,4029.4,4027.9,4029.1,34,41,41,0,-0.95,34,0,0,41,32,78.0487804878049,9,21.9512195121951,23,56.0975609756098,0,0,0,0,23,-567,0,1.20588235294118,0,0,0,0,0,0,0,0,0,0,
7/24/2026 1:09:00 PM,+07:00,4029,4029.6,4028.7,4029.2,40,57,57,0,-2.1,40,0,0,57,15,26.3157894736842,39,68.421052631579,-24,-42.1052631578947,0,0,0,0,-24,-591,0,1.425,0,0,0,0,0,0,0,0,0,0,
7/24/2026 1:10:00 PM,+07:00,4029.6,4030.5,4029,4029.6,37,37,37,0,-1.35,37,0,0,37,21,56.7567567567568,11,29.7297297297297,10,27.027027027027,0,0,0,0,10,-581,0,1,0,0,0,0,0,0,0,0,0,0,
7/24/2026 1:11:00 PM,+07:00,4029.6,4030.1,4028.7,4029.8,38,39,39,0,-1.95,38,0,0,39,14,35.8974358974359,25,64.1025641025641,-11,-28.2051282051282,0,0,0,0,-11,-592,0,1.02631578947368,0,0,0,0,0,0,0,0,0,0,
7/24/2026 1:12:00 PM,+07:00,4030.3,4032.6,4029.6,4032.6,59,61,61,0,-0.95,59,0,0,61,44,72.1311475409836,17,27.8688524590164,27,44.2622950819672,0,0,0,0,27,-565,0,1.03389830508475,0,0,0,0,0,0,0,0,0,0,
7/24/2026 1:13:00 PM,+07:00,4032.7,4033.5,4031.9,4032.9,115,130,130,0,-0.8,115,0,0,130,70,53.8461538461538,51,39.2307692307692,19,14.6153846153846,0,0,0,0,19,-546,0,1.1304347826087,0,0,0,0,0,0,0,0,0,0,
7/24/2026 1:14:00 PM,+07:00,4032.5,4033.5,4032.5,4033.1,26,31,31,0,0.45,26,0,0,31,21,67.741935483871,9,29.0322580645161,12,38.7096774193548,0,0,0,0,12,-534,0,1.19230769230769,0,0,0,0,0,0,0,0,0,0,
7/24/2026 1:15:00 PM,+07:00,4033.4,4033.8,4032.7,4032.7,42,44,44,0,2.25,42,0,0,44,18,40.9090909090909,26,59.0909090909091,-8,-18.1818181818182,0,0,0,0,-8,-542,0,1.04761904761905,0,0,0,0,0,0,0,0,0,0,
7/24/2026 1:16:00 PM,+07:00,4033.2,4033.2,4031.2,4032.6,61,64,64,0,0.55,61,0,0,64,19,29.6875,45,70.3125,-26,-40.625,0,0,0,0,-26,-568,0,1.04918032786885,0,0,0,0,0,0,0,0,0,0,
7/24/2026 1:17:00 PM,+07:00,4032.7,4033.1,4031.7,4032.5,28,32,32,0,3.05,28,0,0,32,22,68.75,6,18.75,16,50,0,0,0,0,16,-552,0,1.14285714285714,0,0,0,0,0,0,0,0,0,0,
7/24/2026 1:18:00 PM,+07:00,4032.4,4032.5,4031.8,4032.5,10,10,10,0,3.15,10,0,0,10,6,60,4,40,2,20,0,0,0,0,2,-550,0,1,0,0,0,0,0,0,0,0,0,0,
7/24/2026 1:19:00 PM,+07:00,4033.1,4036.7,4033.1,4036.1,108,127,127,0,5.15,108,0,0,127,67,52.755905511811,29,22.8346456692913,38,29.9212598425197,0,0,0,0,38,-512,0,1.17592592592593,0,0,0,0,0,0,0,0,0,0,
7/24/2026 1:20:00 PM,+07:00,4036.2,4038.2,4036,4037.6,124,141,141,0,4.7,124,0,0,141,62,43.9716312056738,58,41.1347517730496,4,2.83687943262411,0,0,0,0,4,-508,0,1.13709677419355,0,0,0,0,0,0,0,0,0,0,
7/24/2026 1:21:00 PM,+07:00,4038,4039,4037.2,4037.3,68,77,77,0,3.6,68,0,0,77,36,46.7532467532468,40,51.9480519480519,-4,-5.1948051948052,0,0,0,0,-4,-512,0,1.13235294117647,0,0,0,0,0,0,0,0,0,0,
7/24/2026 1:22:00 PM,+07:00,4037.8,4037.9,4036.7,4037.9,16,16,16,0,3.3,16,0,0,16,8,50,7,43.75,1,6.25,0,0,0,0,1,-511,0,1,0,0,0,0,0,0,0,0,0,0,
7/24/2026 1:23:00 PM,+07:00,4037.9,4038.2,4037.1,4038.2,23,23,23,0,3.55,23,0,0,23,9,39.1304347826087,11,47.8260869565217,-2,-8.69565217391304,0,0,0,0,-2,-513,0,1,0,0,0,0,0,0,0,0,0,0,
7/24/2026 1:24:00 PM,+07:00,4038.6,4039.5,4038.3,4038.5,77,82,82,0,6.7,77,0,0,82,62,75.609756097561,20,24.390243902439,42,51.219512195122,0,0,0,0,42,-471,0,1.06493506493506,0,0,0,0,0,0,0,0,0,0,
7/24/2026 1:25:00 PM,+07:00,4038.7,4040,4038.1,4039.3,30,31,31,0,7.5,30,0,0,31,17,54.8387096774194,11,35.4838709677419,6,19.3548387096774,0,0,0,0,6,-465,0,1.03333333333333,0,0,0,0,0,0,0,0,0,0,
7/24/2026 1:26:00 PM,+07:00,4039.1,4041.4,4038.8,4041.3,38,42,42,0,6.3,38,0,0,42,20,47.6190476190476,21,50,-1,-2.38095238095238,0,0,0,0,-1,-466,0,1.10526315789474,0,0,0,0,0,0,0,0,0,0,
7/24/2026 1:27:00 PM,+07:00,4041.2,4041.2,4039,4039,45,45,45,0,5.95,45,0,0,45,15,33.3333333333333,20,44.4444444444444,-5,-11.1111111111111,0,0,0,0,-5,-471,0,1,0,0,0,0,0,0,0,0,0,0,
7/24/2026 1:28:00 PM,+07:00,4038.9,4038.9,4037.4,4038,34,38,38,0,4.3,34,0,0,38,10,26.3157894736842,20,52.6315789473684,-10,-26.3157894736842,0,0,0,0,-10,-481,0,1.11764705882353,0,0,0,0,0,0,0,0,0,0,
7/24/2026 1:29:00 PM,+07:00,4038.3,4039.2,4037.4,4038.8,29,31,31,0,5.85,29,0,0,31,17,54.8387096774194,10,32.258064516129,7,22.5806451612903,0,0,0,0,7,-474,0,1.06896551724138,0,0,0,0,0,0,0,0,0,0,
7/24/2026 1:30:00 PM,+07:00,4038.7,4038.7,4035.3,4035.8,41,42,42,0,4.9,41,0,0,42,15,35.7142857142857,24,57.1428571428571,-9,-21.4285714285714,0,0,0,0,-9,-483,0,1.02439024390244,0,0,0,0,0,0,0,0,0,0,
7/24/2026 1:31:00 PM,+07:00,4035.9,4037.7,4035.1,4037.3,55,59,59,0,4.75,55,0,0,59,21,35.593220338983,35,59.3220338983051,-14,-23.728813559322,0,0,0,0,-14,-497,0,1.07272727272727,0,0,0,0,0,0,0,0,0,0,
7/24/2026 1:32:00 PM,+07:00,4037.6,4038,4037,4037.3,16,22,22,0,3.55,16,0,0,22,12,54.5454545454545,9,40.9090909090909,3,13.6363636363636,0,0,0,0,3,-494,0,1.375,0,0,0,0,0,0,0,0,0,0,
7/24/2026 1:33:00 PM,+07:00,4037.3,4038,4036.6,4037.5,25,29,29,0,2.05,25,0,0,29,8,27.5862068965517,19,65.5172413793104,-11,-37.9310344827586,0,0,0,0,-11,-505,0,1.16,0,0,0,0,0,0,0,0,0,0,
7/24/2026 1:34:00 PM,+07:00,4037.2,4037.3,4036.6,4036.9,20,20,20,0,0.95,20,0,0,20,5,25,15,75,-10,-50,0,0,0,0,-10,-515,0,1,0,0,0,0,0,0,0,0,0,0,
7/24/2026 1:35:00 PM,+07:00,4036.7,4038.9,4036.7,4037.7,20,22,22,0,1.25,20,0,0,22,10,45.4545454545455,12,54.5454545454545,-2,-9.09090909090909,0,0,0,0,-2,-517,0,1.1,0,0,0,0,0,0,0,0,0,0,
7/24/2026 1:36:00 PM,+07:00,4037.6,4038,4037.1,4038,17,17,17,0,2.6,17,0,0,17,8,47.0588235294118,7,41.1764705882353,1,5.88235294117647,0,0,0,0,1,-516,0,1,0,0,0,0,0,0,0,0,0,0,
7/24/2026 1:37:00 PM,+07:00,4037.7,4038.4,4037.3,4037.4,25,28,28,0,1.3,25,0,0,28,9,32.1428571428571,19,67.8571428571429,-10,-35.7142857142857,0,0,0,0,-10,-526,0,1.12,0,0,0,0,0,0,0,0,0,0,
7/24/2026 1:38:00 PM,+07:00,4037.8,4039.4,4037.6,4038.4,61,63,63,0,2.3,61,0,0,63,40,63.4920634920635,18,28.5714285714286,22,34.9206349206349,0,0,0,0,22,-504,0,1.0327868852459,0,0,0,0,0,0,0,0,0,0,
7/24/2026 1:39:00 PM,+07:00,4038.1,4038.3,4037.1,4037.7,18,18,18,0,0.5,18,0,0,18,10,55.5555555555556,8,44.4444444444444,2,11.1111111111111,0,0,0,0,2,-502,0,1,0,0,0,0,0,0,0,0,0,0,
7/24/2026 1:40:00 PM,+07:00,4037.8,4038,4036.3,4037,18,18,18,0,0.35,18,0,0,18,8,44.4444444444444,7,38.8888888888889,1,5.55555555555556,0,0,0,0,1,-501,0,1,0,0,0,0,0,0,0,0,0,0,
7/24/2026 1:41:00 PM,+07:00,4036.9,4038.2,4036.8,4038,11,16,16,0,0.65,11,0,0,16,9,56.25,7,43.75,2,12.5,0,0,0,0,2,-499,0,1.45454545454545,0,0,0,0,0,0,0,0,0,0,
7/24/2026 1:42:00 PM,+07:00,4038.3,4039.1,4037.6,4037.6,47,47,47,0,-0.2,47,0,0,47,15,31.9148936170213,31,65.9574468085106,-16,-34.0425531914894,0,0,0,0,-16,-515,0,1,0,0,0,0,0,0,0,0,0,0,
7/24/2026 1:43:00 PM,+07:00,4037.4,4037.6,4036.1,4036.2,25,30,30,0,-0.8,25,0,0,30,8,26.6666666666667,22,73.3333333333333,-14,-46.6666666666667,0,0,0,0,-14,-529,0,1.2,0,0,0,0,0,0,0,0,0,0,
7/24/2026 1:44:00 PM,+07:00,4036.6,4036.6,4035.3,4035.9,55,57,57,0,-5,55,0,0,57,7,12.280701754386,49,85.9649122807018,-42,-73.6842105263158,0,0,0,0,-42,-571,0,1.03636363636364,0,0,0,0,0,0,0,0,0,0,
7/24/2026 1:45:00 PM,+07:00,4035.9,4039.1,4035.7,4038.5,39,40,40,0,-4.8,39,0,0,40,25,62.5,15,37.5,10,25,0,0,0,0,10,-561,0,1.02564102564103,0,0,0,0,0,0,0,0,0,0,
7/24/2026 1:46:00 PM,+07:00,4038.7,4039,4038.1,4038.4,17,19,19,0,-4.7,17,0,0,19,10,52.6315789473684,9,47.3684210526316,1,5.26315789473684,0,0,0,0,1,-560,0,1.11764705882353,0,0,0,0,0,0,0,0,0,0,
7/24/2026 1:47:00 PM,+07:00,4037.8,4038.9,4037.5,4038.7,46,50,50,0,-3.6,46,0,0,50,29,58,12,24,17,34,0,0,0,0,17,-543,0,1.08695652173913,0,0,0,0,0,0,0,0,0,0,
7/24/2026 1:48:00 PM,+07:00,4038,4038,4036.7,4036.8,10,10,10,0,-3.5,10,0,0,10,1,10,9,90,-8,-80,0,0,0,0,-8,-551,0,1,0,0,0,0,0,0,0,0,0,0,
7/24/2026 1:49:00 PM,+07:00,4037.2,4037.2,4036.2,4036.4,18,24,24,0,-3.65,18,0,0,24,14,58.3333333333333,10,41.6666666666667,4,16.6666666666667,0,0,0,0,4,-547,0,1.33333333333333,0,0,0,0,0,0,0,0,0,0,
7/24/2026 1:50:00 PM,+07:00,4036.9,4037,4035.6,4036.1,24,24,24,0,-3.35,24,0,0,24,10,41.6666666666667,13,54.1666666666667,-3,-12.5,0,0,0,0,-3,-550,0,1,0,0,0,0,0,0,0,0,0,0,
7/24/2026 1:51:00 PM,+07:00,4036.8,4037.2,4034.2,4035,67,70,70,0,-3.65,67,0,0,70,22,31.4285714285714,42,60,-20,-28.5714285714286,0,0,0,0,-20,-570,0,1.04477611940298,0,0,0,0,0,0,0,0,0,0,
7/24/2026 1:52:00 PM,+07:00,4035.6,4035.7,4034,4034.7,47,48,48,0,-5.05,47,0,0,48,11,22.9166666666667,36,75,-25,-52.0833333333333,0,0,0,0,-25,-595,0,1.02127659574468,0,0,0,0,0,0,0,0,0,0,
7/24/2026 1:53:00 PM,+07:00,4035.2,4035.6,4035.1,4035.6,11,12,12,0,-4.3,11,0,0,12,7,58.3333333333333,3,25,4,33.3333333333333,0,0,0,0,4,-591,0,1.09090909090909,0,0,0,0,0,0,0,0,0,0,
7/24/2026 1:54:00 PM,+07:00,4035.6,4037.9,4035.6,4037.9,28,32,32,0,-2.85,28,0,0,32,25,78.125,6,18.75,19,59.375,0,0,0,0,19,-572,0,1.14285714285714,0,0,0,0,0,0,0,0,0,0,
7/24/2026 1:55:00 PM,+07:00,4037.4,4039.3,4037.3,4038.9,32,33,33,0,-2.15,32,0,0,33,22,66.6666666666666,10,30.3030303030303,12,36.3636363636364,0,0,0,0,12,-560,0,1.03125,0,0,0,0,0,0,0,0,0,0,
7/24/2026 1:56:00 PM,+07:00,4038.6,4039.8,4038.5,4039.6,30,35,35,0,-2,30,0,0,35,17,48.5714285714286,13,37.1428571428571,4,11.4285714285714,0,0,0,0,4,-556,0,1.16666666666667,0,0,0,0,0,0,0,0,0,0,
7/24/2026 1:57:00 PM,+07:00,4039.5,4039.9,4038.7,4038.9,29,31,31,0,-1.5,29,0,0,31,12,38.7096774193548,12,38.7096774193548,0,0,0,0,0,0,0,-556,0,1.06896551724138,0,0,0,0,0,0,0,0,0,0,
7/24/2026 1:58:00 PM,+07:00,4039,4040.4,4039,4039.7,29,37,37,0,-2.9,29,0,0,37,15,40.5405405405405,21,56.7567567567568,-6,-16.2162162162162,0,0,0,0,-6,-562,0,1.27586206896552,0,0,0,0,0,0,0,0,0,0,
7/24/2026 1:59:00 PM,+07:00,4040.5,4041.4,4038.2,4038.4,108,123,123,0,-1.65,108,0,0,123,72,58.5365853658536,45,36.5853658536585,27,21.9512195121951,0,0,0,0,27,-535,0,1.13888888888889,0,0,0,0,0,0,0,0,0,0,
7/24/2026 2:00:00 PM,+07:00,4038.2,4040.5,4037.5,4040.4,86,94,94,0,-1.75,86,0,0,94,39,41.4893617021277,40,42.5531914893617,-1,-1.06382978723404,0,0,0,0,-1,-536,0,1.09302325581395,0,0,0,0,0,0,0,0,0,0,
7/24/2026 2:01:00 PM,+07:00,4040.8,4040.8,4039.5,4040.3,47,53,53,0,-1.45,47,0,0,53,28,52.8301886792453,20,37.7358490566038,8,15.0943396226415,0,0,0,0,8,-528,0,1.12765957446808,0,0,0,0,0,0,0,0,0,0,
7/24/2026 2:02:00 PM,+07:00,4040,4042.1,4040,4042.1,90,102,102,0,0.5,90,0,0,102,62,60.7843137254902,39,38.2352941176471,23,22.5490196078431,0,0,0,0,23,-505,0,1.13333333333333,0,0,0,0,0,0,0,0,0,0,
7/24/2026 2:03:00 PM,+07:00,4041.1,4041.1,4038.9,4040.9,100,104,104,0,-0.05,100,0,0,104,38,36.5384615384615,63,60.5769230769231,-25,-24.0384615384615,0,0,0,0,-25,-530,0,1.04,0,0,0,0,0,0,0,0,0,0,
7/24/2026 2:04:00 PM,+07:00,4041.1,4043.1,4040.4,4041,108,143,143,0,0.8,108,0,0,143,58,40.5594405594406,83,58.041958041958,-25,-17.4825174825175,0,0,0,0,-25,-555,0,1.32407407407407,0,0,0,0,0,0,0,0,0,0,
7/24/2026 2:05:00 PM,+07:00,4040.6,4043.1,4040.6,4042.6,73,81,81,0,1.3,73,0,0,81,49,60.4938271604938,29,35.8024691358025,20,24.6913580246914,0,0,0,0,20,-535,0,1.10958904109589,0,0,0,0,0,0,0,0,0,0,
7/24/2026 2:06:00 PM,+07:00,4042.5,4045,4041.2,4044.5,134,153,153,0,3.9,134,0,0,153,100,65.359477124183,47,30.718954248366,53,34.640522875817,0,0,0,0,53,-482,0,1.14179104477612,0,0,0,0,0,0,0,0,0,0,
7/24/2026 2:07:00 PM,+07:00,4044.5,4045,4043.6,4044.5,130,187,187,0,-0.3,130,0,0,187,45,24.0641711229946,112,59.8930481283422,-67,-35.8288770053476,0,0,0,0,-67,-549,0,1.43846153846154,0,0,0,0,0,0,0,0,0,0,
7/24/2026 2:08:00 PM,+07:00,4044.2,4045.9,4044.1,4045.9,56,57,57,0,1,56,0,0,57,36,63.1578947368421,18,31.578947368421,18,31.578947368421,0,0,0,0,18,-531,0,1.01785714285714,0,0,0,0,0,0,0,0,0,0,
7/24/2026 2:09:00 PM,+07:00,4045.7,4048.4,4045.7,4048.2,271,314,314,0,-0.1,271,0,0,314,121,38.5350318471338,139,44.2675159235669,-18,-5.73248407643312,0,0,0,0,-18,-549,0,1.15867158671587,0,0,0,0,0,0,0,0,0,0,
7/24/2026 2:10:00 PM,+07:00,4048.3,4050,4048.2,4049.2,138,171,171,0,0.6,138,0,0,171,82,47.953216374269,71,41.5204678362573,11,6.4327485380117,0,0,0,0,11,-538,0,1.23913043478261,0,0,0,0,0,0,0,0,0,0,
7/24/2026 2:11:00 PM,+07:00,4048.5,4048.7,4047.7,4047.7,54,54,54,0,1.1,54,0,0,54,21,38.8888888888889,31,57.4074074074074,-10,-18.5185185185185,0,0,0,0,-10,-548,0,1,0,0,0,0,0,0,0,0,0,0,
7/24/2026 2:12:00 PM,+07:00,4048,4049.6,4046.9,4048.6,127,150,150,0,1,127,0,0,150,59,39.3333333333333,86,57.3333333333333,-27,-18,0,0,0,0,-27,-575,0,1.18110236220472,0,0,0,0,0,0,0,0,0,0,
7/24/2026 2:13:00 PM,+07:00,4048.8,4049.6,4048.3,4049.1,37,38,38,0,1,37,0,0,38,20,52.6315789473684,16,42.1052631578947,4,10.5263157894737,0,0,0,0,4,-571,0,1.02702702702703,0,0,0,0,0,0,0,0,0,0,
7/24/2026 2:14:00 PM,+07:00,4049.2,4049.4,4047.7,4047.7,51,55,55,0,-1,51,0,0,55,17,30.9090909090909,38,69.0909090909091,-21,-38.1818181818182,0,0,0,0,-21,-592,0,1.07843137254902,0,0,0,0,0,0,0,0,0,0,
7/24/2026 2:15:00 PM,+07:00,4048.2,4048.7,4046.7,4047.5,117,126,126,0,-2.4,117,0,0,126,52,41.2698412698413,68,53.968253968254,-16,-12.6984126984127,0,0,0,0,-16,-608,0,1.07692307692308,0,0,0,0,0,0,0,0,0,0,
7/24/2026 2:16:00 PM,+07:00,4047.6,4048.8,4046.7,4048.7,92,97,97,0,-3.25,92,0,0,97,26,26.8041237113402,39,40.2061855670103,-13,-13.4020618556701,0,0,0,0,-13,-621,0,1.05434782608696,0,0,0,0,0,0,0,0,0,0,
7/24/2026 2:17:00 PM,+07:00,4047.9,4048.2,4046.5,4048.1,55,77,77,0,-2.8,55,0,0,77,43,55.8441558441558,34,44.1558441558442,9,11.6883116883117,0,0,0,0,9,-612,0,1.4,0,0,0,0,0,0,0,0,0,0,
7/24/2026 2:18:00 PM,+07:00,4048.3,4048.6,4047.5,4048.5,15,15,15,0,-2.15,15,0,0,15,11,73.3333333333333,4,26.6666666666667,7,46.6666666666667,0,0,0,0,7,-605,0,1,0,0,0,0,0,0,0,0,0,0,
7/24/2026 2:19:00 PM,+07:00,4048.2,4050.4,4048.2,4049.5,55,59,59,0,-2.05,55,0,0,59,44,74.5762711864407,15,25.4237288135593,29,49.1525423728814,0,0,0,0,29,-576,0,1.07272727272727,0,0,0,0,0,0,0,0,0,0,
7/24/2026 2:20:00 PM,+07:00,4050,4050.4,4049.2,4049.6,55,70,70,0,-2.85,55,0,0,70,23,32.8571428571429,40,57.1428571428571,-17,-24.2857142857143,0,0,0,0,-17,-593,0,1.27272727272727,0,0,0,0,0,0,0,0,0,0,
7/24/2026 2:21:00 PM,+07:00,4049.3,4051.3,4048.6,4051.3,54,67,67,0,-2.1,54,0,0,67,45,67.1641791044776,22,32.8358208955224,23,34.3283582089552,0,0,0,0,23,-570,0,1.24074074074074,0,0,0,0,0,0,0,0,0,0,
7/24/2026 2:22:00 PM,+07:00,4051.5,4051.5,4050.1,4051.4,49,50,50,0,-3.5,49,0,0,50,22,44,27,54,-5,-10,0,0,0,0,-5,-575,0,1.02040816326531,0,0,0,0,0,0,0,0,0,0,
7/24/2026 2:23:00 PM,+07:00,4051.4,4051.7,4050,4050,48,49,49,0,-2.25,48,0,0,49,24,48.9795918367347,24,48.9795918367347,0,0,0,0,0,0,0,-575,0,1.02083333333333,0,0,0,0,0,0,0,0,0,0,
7/24/2026 2:24:00 PM,+07:00,4050,4051.3,4050,4050.8,15,15,15,0,-0.7,15,0,0,15,10,66.6666666666666,4,26.6666666666667,6,40,0,0,0,0,6,-569,0,1,0,0,0,0,0,0,0,0,0,0,
7/24/2026 2:25:00 PM,+07:00,4050.7,4052.5,4050.2,4052,39,41,41,0,-0.6,39,0,0,41,31,75.609756097561,9,21.9512195121951,22,53.6585365853659,0,0,0,0,22,-547,0,1.05128205128205,0,0,0,0,0,0,0,0,0,0,
7/24/2026 2:26:00 PM,+07:00,4052.6,4052.7,4051.4,4051.5,38,45,45,0,-3.9,38,0,0,45,16,35.5555555555556,29,64.4444444444444,-13,-28.8888888888889,0,0,0,0,-13,-560,0,1.18421052631579,0,0,0,0,0,0,0,0,0,0,
7/24/2026 2:27:00 PM,+07:00,4051.4,4053.4,4051.4,4052.8,101,130,130,0,0.45,101,0,0,130,72,55.3846153846154,52,40,20,15.3846153846154,0,0,0,0,20,-540,0,1.28712871287129,0,0,0,0,0,0,0,0,0,0,
7/24/2026 2:28:00 PM,+07:00,4052.7,4053,4051.6,4052.8,45,53,53,0,-0.1,45,0,0,53,30,56.6037735849057,23,43.3962264150943,7,13.2075471698113,0,0,0,0,7,-533,0,1.17777777777778,0,0,0,0,0,0,0,0,0,0,
7/24/2026 2:29:00 PM,+07:00,4052.1,4052.2,4050.7,4051.1,27,30,30,0,1,27,0,0,30,16,53.3333333333333,12,40,4,13.3333333333333,0,0,0,0,4,-529,0,1.11111111111111,0,0,0,0,0,0,0,0,0,0,
7/24/2026 2:30:00 PM,+07:00,4051.7,4052.7,4051.4,4052.4,58,74,74,0,1.15,58,0,0,74,43,58.1081081081081,29,39.1891891891892,14,18.9189189189189,0,0,0,0,14,-515,0,1.27586206896552,0,0,0,0,0,0,0,0,0,0,
7/24/2026 2:31:00 PM,+07:00,4053.1,4054,4051.8,4051.8,69,84,84,0,1.35,69,0,0,84,33,39.2857142857143,39,46.4285714285714,-6,-7.14285714285714,0,0,0,0,-6,-521,0,1.21739130434783,0,0,0,0,0,0,0,0,0,0,
7/24/2026 2:32:00 PM,+07:00,4051.8,4052.4,4050.2,4051.2,70,95,95,0,2.75,70,0,0,95,48,50.5263157894737,47,49.4736842105263,1,1.05263157894737,0,0,0,0,1,-520,0,1.35714285714286,0,0,0,0,0,0,0,0,0,0,
7/24/2026 2:33:00 PM,+07:00,4051.4,4053.5,4051.1,4053.2,47,64,64,0,2.85,47,0,0,64,35,54.6875,29,45.3125,6,9.375,0,0,0,0,6,-514,0,1.36170212765957,0,0,0,0,0,0,0,0,0,0,
7/24/2026 2:34:00 PM,+07:00,4053.3,4056.3,4053.3,4055.8,235,260,260,0,9.9,235,0,0,260,188,72.3076923076923,68,26.1538461538462,120,46.1538461538462,0,0,0,0,120,-394,0,1.1063829787234,0,0,0,0,0,0,0,0,0,0,
7/24/2026 2:35:00 PM,+07:00,4055.8,4055.8,4053.7,4053.7,58,67,67,0,9.8,58,0,0,67,24,35.8208955223881,42,62.6865671641791,-18,-26.865671641791,0,0,0,0,-18,-412,0,1.1551724137931,0,0,0,0,0,0,0,0,0,0,
7/24/2026 2:36:00 PM,+07:00,4054,4054.4,4053.3,4053.3,39,44,44,0,9.9,39,0,0,44,16,36.3636363636364,27,61.3636363636364,-11,-25,0,0,0,0,-11,-423,0,1.12820512820513,0,0,0,0,0,0,0,0,0,0,
7/24/2026 2:37:00 PM,+07:00,4053.5,4053.5,4052,4052.2,26,27,27,0,8.85,26,0,0,27,7,25.9259259259259,19,70.3703703703704,-12,-44.4444444444444,0,0,0,0,-12,-435,0,1.03846153846154,0,0,0,0,0,0,0,0,0,0,
7/24/2026 2:38:00 PM,+07:00,4052,4052.6,4051.1,4051.4,59,66,66,0,7.75,59,0,0,66,25,37.8787878787879,40,60.6060606060606,-15,-22.7272727272727,0,0,0,0,-15,-450,0,1.11864406779661,0,0,0,0,0,0,0,0,0,0,
7/24/2026 2:39:00 PM,+07:00,4051.1,4051.1,4048.9,4049.3,96,110,110,0,4.85,96,0,0,110,40,36.3636363636364,69,62.7272727272727,-29,-26.3636363636364,0,0,0,0,-29,-479,0,1.14583333333333,0,0,0,0,0,0,0,0,0,0,
7/24/2026 2:40:00 PM,+07:00,4049.4,4050.4,4049.2,4049.7,64,72,72,0,6.4,64,0,0,72,43,59.7222222222222,29,40.2777777777778,14,19.4444444444444,0,0,0,0,14,-465,0,1.125,0,0,0,0,0,0,0,0,0,0,
7/24/2026 2:41:00 PM,+07:00,4049.6,4049.9,4049.3,4049.5,18,18,18,0,5.15,18,0,0,18,8,44.4444444444444,10,55.5555555555556,-2,-11.1111111111111,0,0,0,0,-2,-467,0,1,0,0,0,0,0,0,0,0,0,0,
7/24/2026 2:42:00 PM,+07:00,4049.1,4049.8,4048.8,4048.8,47,70,70,0,4.65,47,0,0,70,27,38.5714285714286,42,60,-15,-21.4285714285714,0,0,0,0,-15,-482,0,1.48936170212766,0,0,0,0,0,0,0,0,0,0,
7/24/2026 2:43:00 PM,+07:00,4049,4049.1,4048.2,4048.8,20,20,20,0,4.65,20,0,0,20,10,50,10,50,0,0,0,0,0,0,0,-482,0,1,0,0,0,0,0,0,0,0,0,0,
7/24/2026 2:44:00 PM,+07:00,4049.2,4051.1,4049.2,4050.8,32,37,37,0,5.5,32,0,0,37,30,81.0810810810811,7,18.9189189189189,23,62.1621621621622,0,0,0,0,23,-459,0,1.15625,0,0,0,0,0,0,0,0,0,0,
7/24/2026 2:45:00 PM,+07:00,4050.8,4050.8,4049.7,4050.3,38,44,44,0,5,38,0,0,44,28,63.6363636363636,16,36.3636363636364,12,27.2727272727273,0,0,0,0,12,-447,0,1.15789473684211,0,0,0,0,0,0,0,0,0,0,
7/24/2026 2:46:00 PM,+07:00,4050.2,4050.8,4050.1,4050.8,15,17,17,0,5.6,15,0,0,17,7,41.1764705882353,8,47.0588235294118,-1,-5.88235294117647,0,0,0,0,-1,-448,0,1.13333333333333,0,0,0,0,0,0,0,0,0,0,
7/24/2026 2:47:00 PM,+07:00,4050.5,4050.5,4050,4050.3,24,28,28,0,4.3,24,0,0,28,11,39.2857142857143,17,60.7142857142857,-6,-21.4285714285714,0,0,0,0,-6,-454,0,1.16666666666667,0,0,0,0,0,0,0,0,0,0,
7/24/2026 2:48:00 PM,+07:00,4050.4,4050.5,4049,4049.3,38,43,43,0,2.8,38,0,0,43,10,23.2558139534884,33,76.7441860465116,-23,-53.4883720930232,0,0,0,0,-23,-477,0,1.13157894736842,0,0,0,0,0,0,0,0,0,0,
7/24/2026 2:49:00 PM,+07:00,4049.3,4050.1,4048.5,4050,54,57,57,0,3.25,54,0,0,57,35,61.4035087719298,22,38.5964912280702,13,22.8070175438596,0,0,0,0,13,-464,0,1.05555555555556,0,0,0,0,0,0,0,0,0,0,
7/24/2026 2:50:00 PM,+07:00,4050.1,4051,4049.9,4049.9,28,37,37,0,2.4,28,0,0,37,17,45.945945945946,20,54.0540540540541,-3,-8.10810810810811,0,0,0,0,-3,-467,0,1.32142857142857,0,0,0,0,0,0,0,0,0,0,
7/24/2026 2:51:00 PM,+07:00,4050.1,4050.6,4050,4050.2,6,6,6,0,2.65,6,0,0,6,2,33.3333333333333,3,50,-1,-16.6666666666667,0,0,0,0,-1,-468,0,1,0,0,0,0,0,0,0,0,0,0,
7/24/2026 2:52:00 PM,+07:00,4050.3,4050.9,4049.6,4050.7,28,38,38,0,2.55,28,0,0,38,18,47.3684210526316,19,50,-1,-2.63157894736842,0,0,0,0,-1,-469,0,1.35714285714286,0,0,0,0,0,0,0,0,0,0,
7/24/2026 2:53:00 PM,+07:00,4050,4051.4,4050,4050.5,16,16,16,0,1.95,16,0,0,16,5,31.25,11,68.75,-6,-37.5,0,0,0,0,-6,-475,0,1,0,0,0,0,0,0,0,0,0,0,
7/24/2026 2:54:00 PM,+07:00,4050.6,4051,4050.4,4050.4,11,11,11,0,-3.9,11,0,0,11,7,63.6363636363636,4,36.3636363636364,3,27.2727272727273,0,0,0,0,3,-472,0,1,0,0,0,0,0,0,0,0,0,0,
7/24/2026 2:55:00 PM,+07:00,4051.1,4051.5,4051.1,4051.1,6,6,6,0,-3,6,0,0,6,3,50,3,50,0,0,0,0,0,0,0,-472,0,1,0,0,0,0,0,0,0,0,0,0,
7/24/2026 2:56:00 PM,+07:00,4051.3,4051.4,4050.6,4050.7,10,10,10,0,-2.4,10,0,0,10,5,50,4,40,1,10,0,0,0,0,1,-471,0,1,0,0,0,0,0,0,0,0,0,0,
7/24/2026 2:57:00 PM,+07:00,4050.6,4052.2,4050.6,4052.2,24,32,32,0,-1.6,24,0,0,32,18,56.25,14,43.75,4,12.5,0,0,0,0,4,-467,0,1.33333333333333,0,0,0,0,0,0,0,0,0,0,
7/24/2026 2:58:00 PM,+07:00,4052,4052.2,4051.1,4051.1,7,7,7,0,-1,7,0,0,7,2,28.5714285714286,5,71.4285714285714,-3,-42.8571428571429,0,0,0,0,-3,-470,0,1,0,0,0,0,0,0,0,0,0,0,
7/24/2026 2:59:00 PM,+07:00,4050.9,4051.5,4050.5,4051.1,30,35,35,0,0.8,30,0,0,35,19,54.2857142857143,12,34.2857142857143,7,20,0,0,0,0,7,-463,0,1.16666666666667,0,0,0,0,0,0,0,0,0,0,
7/24/2026 3:00:00 PM,+07:00,4051.2,4051.5,4050.2,4051.3,32,32,32,0,0,32,0,0,32,15,46.875,17,53.125,-2,-6.25,0,0,0,0,-2,-465,0,1,0,0,0,0,0,0,0,0,0,0,
7/24/2026 3:01:00 PM,+07:00,4051.2,4051.4,4050.5,4050.7,17,19,19,0,0.45,17,0,0,19,13,68.421052631579,6,31.578947368421,7,36.8421052631579,0,0,0,0,7,-458,0,1.11764705882353,0,0,0,0,0,0,0,0,0,0,
7/24/2026 3:02:00 PM,+07:00,4050.6,4050.6,4049.6,4049.6,14,15,15,0,0.7,14,0,0,15,2,13.3333333333333,12,80,-10,-66.6666666666666,0,0,0,0,-10,-468,0,1.07142857142857,0,0,0,0,0,0,0,0,0,0,
7/24/2026 3:03:00 PM,+07:00,4049.4,4049.8,4049.1,4049.4,28,44,44,0,1.15,28,0,0,44,26,59.0909090909091,17,38.6363636363636,9,20.4545454545455,0,0,0,0,9,-459,0,1.57142857142857,0,0,0,0,0,0,0,0,0,0,
7/24/2026 3:04:00 PM,+07:00,4049.6,4050.1,4049.6,4049.9,15,15,15,0,0.3,15,0,0,15,10,66.6666666666666,4,26.6666666666667,6,40,0,0,0,0,6,-453,0,1,0,0,0,0,0,0,0,0,0,0,
7/24/2026 3:05:00 PM,+07:00,4049.5,4049.5,4047.9,4047.9,20,20,20,0,-0.6,20,0,0,20,7,35,13,65,-6,-30,0,0,0,0,-6,-459,0,1,0,0,0,0,0,0,0,0,0,0,
7/24/2026 3:06:00 PM,+07:00,4048,4048.5,4047.6,4048.4,35,36,36,0,-0.05,35,0,0,36,22,61.1111111111111,12,33.3333333333333,10,27.7777777777778,0,0,0,0,10,-449,0,1.02857142857143,0,0,0,0,0,0,0,0,0,0,
7/24/2026 3:07:00 PM,+07:00,4048.3,4049.1,4047.7,4049.1,25,27,27,0,-0.1,25,0,0,27,10,37.037037037037,17,62.962962962963,-7,-25.9259259259259,0,0,0,0,-7,-456,0,1.08,0,0,0,0,0,0,0,0,0,0,
7/24/2026 3:08:00 PM,+07:00,4049.2,4049.9,4048.7,4048.7,12,13,13,0,0.9,12,0,0,13,5,38.4615384615385,8,61.5384615384615,-3,-23.0769230769231,0,0,0,0,-3,-459,0,1.08333333333333,0,0,0,0,0,0,0,0,0,0,
7/24/2026 3:09:00 PM,+07:00,4049.3,4050.4,4049.3,4050,21,22,22,0,0.1,21,0,0,22,9,40.9090909090909,12,54.5454545454545,-3,-13.6363636363636,0,0,0,0,-3,-462,0,1.04761904761905,0,0,0,0,0,0,0,0,0,0,
7/24/2026 3:10:00 PM,+07:00,4049.9,4050,4049.3,4049.8,13,16,16,0,0.45,13,0,0,16,10,62.5,6,37.5,4,25,0,0,0,0,4,-458,0,1.23076923076923,0,0,0,0,0,0,0,0,0,0,
7/24/2026 3:11:00 PM,+07:00,4049.8,4050.3,4049.6,4049.6,14,14,14,0,0.4,14,0,0,14,6,42.8571428571429,8,57.1428571428571,-2,-14.2857142857143,0,0,0,0,-2,-460,0,1,0,0,0,0,0,0,0,0,0,0,
7/24/2026 3:12:00 PM,+07:00,4049.5,4049.7,4048.3,4048.3,31,42,42,0,-0.3,31,0,0,42,13,30.952380952381,28,66.6666666666666,-15,-35.7142857142857,0,0,0,0,-15,-475,0,1.35483870967742,0,0,0,0,0,0,0,0,0,0,
7/24/2026 3:13:00 PM,+07:00,4048.7,4049.2,4048.6,4048.7,13,13,13,0,-0.05,13,0,0,13,6,46.1538461538462,7,53.8461538461538,-1,-7.69230769230769,0,0,0,0,-1,-476,0,1,0,0,0,0,0,0,0,0,0,0,
7/24/2026 3:14:00 PM,+07:00,4048.8,4049.7,4048.8,4049.5,9,9,9,0,-0.15,9,0,0,9,3,33.3333333333333,2,22.2222222222222,1,11.1111111111111,0,0,0,0,1,-475,0,1,0,0,0,0,0,0,0,0,0,0,
7/24/2026 3:15:00 PM,+07:00,4049.1,4049.1,4048.4,4048.8,11,12,12,0,-0.55,11,0,0,12,2,16.6666666666667,10,83.3333333333334,-8,-66.6666666666666,0,0,0,0,-8,-483,0,1.09090909090909,0,0,0,0,0,0,0,0,0,0,
7/24/2026 3:16:00 PM,+07:00,4048.7,4049.5,4048.7,4049.5,7,7,7,0,-0.45,7,0,0,7,5,71.4285714285714,2,28.5714285714286,3,42.8571428571429,0,0,0,0,3,-480,0,1,0,0,0,0,0,0,0,0,0,0,
7/24/2026 3:17:00 PM,+07:00,4049.8,4050.4,4048.5,4048.6,21,21,21,0,-0.9,21,0,0,21,6,28.5714285714286,11,52.3809523809524,-5,-23.8095238095238,0,0,0,0,-5,-485,0,1,0,0,0,0,0,0,0,0,0,0,
7/24/2026 3:18:00 PM,+07:00,4048.6,4049.4,4047.5,4047.5,61,76,76,0,-1.95,61,0,0,76,19,25,43,56.578947368421,-24,-31.578947368421,0,0,0,0,-24,-509,0,1.24590163934426,0,0,0,0,0,0,0,0,0,0,
7/24/2026 3:19:00 PM,+07:00,4048,4049.3,4047.7,4049.3,23,23,23,0,-2.45,23,0,0,23,7,30.4347826086957,10,43.4782608695652,-3,-13.0434782608696,0,0,0,0,-3,-512,0,1,0,0,0,0,0,0,0,0,0,0,
7/24/2026 3:20:00 PM,+07:00,4049.4,4050,4048.8,4050,30,37,37,0,-3,30,0,0,37,12,32.4324324324324,25,67.5675675675676,-13,-35.1351351351351,0,0,0,0,-13,-525,0,1.23333333333333,0,0,0,0,0,0,0,0,0,0,
7/24/2026 3:21:00 PM,+07:00,4050.3,4050.5,4049,4049.2,36,48,48,0,-4.25,36,0,0,48,13,27.0833333333333,31,64.5833333333334,-18,-37.5,0,0,0,0,-18,-543,0,1.33333333333333,0,0,0,0,0,0,0,0,0,0,
7/24/2026 3:22:00 PM,+07:00,4049.5,4050.2,4049.5,4050.1,33,44,44,0,-3.3,33,0,0,44,19,43.1818181818182,10,22.7272727272727,9,20.4545454545455,0,0,0,0,9,-534,0,1.33333333333333,0,0,0,0,0,0,0,0,0,0,
7/24/2026 3:23:00 PM,+07:00,4050.1,4050.5,4049.4,4049.5,22,26,26,0,-4.1,22,0,0,26,9,34.6153846153846,16,61.5384615384615,-7,-26.9230769230769,0,0,0,0,-7,-541,0,1.18181818181818,0,0,0,0,0,0,0,0,0,0,
7/24/2026 3:24:00 PM,+07:00,4049.2,4049.3,4048.6,4049.3,8,10,10,0,-4.65,8,0,0,10,2,20,7,70,-5,-50,0,0,0,0,-5,-546,0,1.25,0,0,0,0,0,0,0,0,0,0,
7/24/2026 3:25:00 PM,+07:00,4048.8,4049.4,4048.7,4049.2,18,27,27,0,-3.8,18,0,0,27,18,66.6666666666666,7,25.9259259259259,11,40.7407407407407,0,0,0,0,11,-535,0,1.5,0,0,0,0,0,0,0,0,0,0,
7/24/2026 3:26:00 PM,+07:00,4049.7,4051.6,4049.3,4051,24,25,25,0,-3.9,24,0,0,25,16,64,8,32,8,32,0,0,0,0,8,-527,0,1.04166666666667,0,0,0,0,0,0,0,0,0,0,
7/24/2026 3:27:00 PM,+07:00,4050.7,4052,4050.7,4051.2,28,29,29,0,-3.35,28,0,0,29,16,55.1724137931034,12,41.3793103448276,4,13.7931034482759,0,0,0,0,4,-523,0,1.03571428571429,0,0,0,0,0,0,0,0,0,0,
7/24/2026 3:28:00 PM,+07:00,4051.8,4051.8,4051,4051.2,23,25,25,0,-3,23,0,0,25,14,56,10,40,4,16,0,0,0,0,4,-519,0,1.08695652173913,0,0,0,0,0,0,0,0,0,0,
7/24/2026 3:29:00 PM,+07:00,4051.8,4055.3,4051.8,4054.9,92,117,117,0,-1.1,92,0,0,117,76,64.957264957265,41,35.042735042735,35,29.9145299145299,0,0,0,0,35,-484,0,1.27173913043478,0,0,0,0,0,0,0,0,0,0,
7/24/2026 3:30:00 PM,+07:00,4054.8,4054.8,4053.4,4054.8,44,45,45,0,-0.95,44,0,0,45,25,55.5555555555556,18,40,7,15.5555555555556,0,0,0,0,7,-477,0,1.02272727272727,0,0,0,0,0,0,0,0,0,0,
7/24/2026 3:31:00 PM,+07:00,4054.6,4054.7,4052.9,4053.7,47,47,47,0,-1.8,47,0,0,47,14,29.7872340425532,33,70.2127659574468,-19,-40.4255319148936,0,0,0,0,-19,-496,0,1,0,0,0,0,0,0,0,0,0,0,
7/24/2026 3:32:00 PM,+07:00,4053.4,4053.7,4053.2,4053.4,9,9,9,0,-1.2,9,0,0,9,3,33.3333333333333,6,66.6666666666666,-3,-33.3333333333333,0,0,0,0,-3,-499,0,1,0,0,0,0,0,0,0,0,0,0,
7/24/2026 3:33:00 PM,+07:00,4053.8,4054.5,4053.4,4054.2,24,24,24,0,-0.9,24,0,0,24,13,54.1666666666667,8,33.3333333333333,5,20.8333333333333,0,0,0,0,5,-494,0,1,0,0,0,0,0,0,0,0,0,0,
7/24/2026 3:34:00 PM,+07:00,4054.1,4054.1,4052.5,4052.5,16,16,16,0,-1.35,16,0,0,16,3,18.75,11,68.75,-8,-50,0,0,0,0,-8,-502,0,1,0,0,0,0,0,0,0,0,0,0,
7/24/2026 3:35:00 PM,+07:00,4052.8,4052.8,4051.4,4052.3,19,20,20,0,-1.25,19,0,0,20,6,30,12,60,-6,-30,0,0,0,0,-6,-508,0,1.05263157894737,0,0,0,0,0,0,0,0,0,0,
7/24/2026 3:36:00 PM,+07:00,4052.4,4054.6,4052.4,4054.1,42,46,46,0,-0.9,42,0,0,46,28,60.8695652173913,18,39.1304347826087,10,21.7391304347826,0,0,0,0,10,-498,0,1.0952380952381,0,0,0,0,0,0,0,0,0,0,
7/24/2026 3:37:00 PM,+07:00,4054.6,4054.9,4054.3,4054.6,26,32,32,0,-0.7,26,0,0,32,13,40.625,14,43.75,-1,-3.125,0,0,0,0,-1,-499,0,1.23076923076923,0,0,0,0,0,0,0,0,0,0,
7/24/2026 3:38:00 PM,+07:00,4054.6,4055.6,4054.4,4054.4,31,33,33,0,0.75,31,0,0,33,18,54.5454545454545,13,39.3939393939394,5,15.1515151515152,0,0,0,0,5,-494,0,1.06451612903226,0,0,0,0,0,0,0,0,0,0,
7/24/2026 3:39:00 PM,+07:00,4054.8,4055.7,4054.8,4055.4,38,41,41,0,1.05,38,0,0,41,22,53.6585365853659,19,46.3414634146342,3,7.31707317073171,0,0,0,0,3,-491,0,1.07894736842105,0,0,0,0,0,0,0,0,0,0,
7/24/2026 3:40:00 PM,+07:00,4055.6,4056.9,4055.2,4056.4,52,57,57,0,2.5,52,0,0,57,36,63.1578947368421,20,35.0877192982456,16,28.0701754385965,0,0,0,0,16,-475,0,1.09615384615385,0,0,0,0,0,0,0,0,0,0,
7/24/2026 3:41:00 PM,+07:00,4056.5,4056.6,4055.1,4055.9,40,70,70,0,1.85,40,0,0,70,19,27.1428571428571,50,71.4285714285714,-31,-44.2857142857143,0,0,0,0,-31,-506,0,1.75,0,0,0,0,0,0,0,0,0,0,
7/24/2026 3:42:00 PM,+07:00,4056,4057.5,4055.9,4057.2,36,43,43,0,2.2,36,0,0,43,28,65.1162790697674,12,27.906976744186,16,37.2093023255814,0,0,0,0,16,-490,0,1.19444444444444,0,0,0,0,0,0,0,0,0,0,
7/24/2026 3:43:00 PM,+07:00,4057.2,4057.9,4056.7,4057.8,60,93,93,0,4.7,60,0,0,93,64,68.8172043010753,21,22.5806451612903,43,46.2365591397849,0,0,0,0,43,-447,0,1.55,0,0,0,0,0,0,0,0,0,0,
7/24/2026 3:44:00 PM,+07:00,4057.8,4058,4057.1,4057.2,48,53,53,0,3.95,48,0,0,53,15,28.3018867924528,35,66.0377358490566,-20,-37.7358490566038,0,0,0,0,-20,-467,0,1.10416666666667,0,0,0,0,0,0,0,0,0,0,
7/24/2026 3:45:00 PM,+07:00,4057.3,4057.5,4056.2,4056.2,81,100,100,0,2.95,81,0,0,100,44,44,53,53,-9,-9,0,0,0,0,-9,-476,0,1.23456790123457,0,0,0,0,0,0,0,0,0,0,
7/24/2026 3:46:00 PM,+07:00,4056.2,4056.2,4054.9,4056.1,45,67,67,0,2.55,45,0,0,67,33,49.2537313432836,33,49.2537313432836,0,0,0,0,0,0,0,-476,0,1.48888888888889,0,0,0,0,0,0,0,0,0,0,
7/24/2026 3:47:00 PM,+07:00,4056.2,4056.5,4055,4055,17,19,19,0,1.7,17,0,0,19,2,10.5263157894737,15,78.9473684210526,-13,-68.421052631579,0,0,0,0,-13,-489,0,1.11764705882353,0,0,0,0,0,0,0,0,0,0,
7/24/2026 3:48:00 PM,+07:00,4055.2,4055.5,4055.2,4055.5,11,18,18,0,1.2,11,0,0,18,6,33.3333333333333,12,66.6666666666666,-6,-33.3333333333333,0,0,0,0,-6,-495,0,1.63636363636364,0,0,0,0,0,0,0,0,0,0,
7/24/2026 3:49:00 PM,+07:00,4055.8,4057.6,4055.5,4057.6,33,34,34,0,-0.35,33,0,0,34,18,52.9411764705882,14,41.1764705882353,4,11.7647058823529,0,0,0,0,4,-491,0,1.03030303030303,0,0,0,0,0,0,0,0,0,0,
7/24/2026 3:50:00 PM,+07:00,4057.3,4058.1,4056.9,4057.5,34,38,38,0,-0.9,34,0,0,38,16,42.1052631578947,20,52.6315789473684,-4,-10.5263157894737,0,0,0,0,-4,-495,0,1.11764705882353,0,0,0,0,0,0,0,0,0,0,
7/24/2026 3:51:00 PM,+07:00,4057.4,4059,4056.9,4058.7,41,54,54,0,0.9,41,0,0,54,34,62.962962962963,17,31.4814814814815,17,31.4814814814815,0,0,0,0,17,-478,0,1.31707317073171,0,0,0,0,0,0,0,0,0,0,
7/24/2026 3:52:00 PM,+07:00,4058.6,4059.1,4058.3,4059,51,55,55,0,1.85,51,0,0,55,34,61.8181818181818,18,32.7272727272727,16,29.0909090909091,0,0,0,0,16,-462,0,1.07843137254902,0,0,0,0,0,0,0,0,0,0,
7/24/2026 3:53:00 PM,+07:00,4059,4059.8,4058.6,4059.4,40,44,44,0,1.05,40,0,0,44,16,36.3636363636364,27,61.3636363636364,-11,-25,0,0,0,0,-11,-473,0,1.1,0,0,0,0,0,0,0,0,0,0,
7/24/2026 3:54:00 PM,+07:00,4059,4059.2,4058.5,4059.2,24,24,24,0,1.15,24,0,0,24,9,37.5,15,62.5,-6,-25,0,0,0,0,-6,-479,0,1,0,0,0,0,0,0,0,0,0,0,
7/24/2026 3:55:00 PM,+07:00,4059,4059.6,4059,4059.5,31,36,36,0,1.4,31,0,0,36,17,47.2222222222222,18,50,-1,-2.77777777777778,0,0,0,0,-1,-480,0,1.16129032258065,0,0,0,0,0,0,0,0,0,0,
7/24/2026 3:56:00 PM,+07:00,4059.2,4060.3,4058.9,4059.4,44,50,50,0,0.15,44,0,0,50,17,34,32,64,-15,-30,0,0,0,0,-15,-495,0,1.13636363636364,0,0,0,0,0,0,0,0,0,0,
7/24/2026 3:57:00 PM,+07:00,4059.4,4059.7,4059.2,4059.4,21,21,21,0,0,21,0,0,21,8,38.0952380952381,12,57.1428571428571,-4,-19.047619047619,0,0,0,0,-4,-499,0,1,0,0,0,0,0,0,0,0,0,0,
7/24/2026 3:58:00 PM,+07:00,4059.4,4059.7,4058.7,4059.1,58,74,74,0,-0.9,58,0,0,74,29,39.1891891891892,42,56.7567567567568,-13,-17.5675675675676,0,0,0,0,-13,-512,0,1.27586206896552,0,0,0,0,0,0,0,0,0,0,
7/24/2026 3:59:00 PM,+07:00,4059.3,4061.5,4059.2,4060,66,77,77,0,-1.05,66,0,0,77,34,44.1558441558442,34,44.1558441558442,0,0,0,0,0,0,0,-512,0,1.16666666666667,0,0,0,0,0,0,0,0,0,0,
7/24/2026 4:00:00 PM,+07:00,4060.4,4061.6,4059.9,4061.5,45,55,55,0,-2.25,45,0,0,55,23,41.8181818181818,31,56.3636363636364,-8,-14.5454545454545,0,0,0,0,-8,-520,0,1.22222222222222,0,0,0,0,0,0,0,0,0,0,
7/24/2026 4:01:00 PM,+07:00,4061.5,4062.2,4060.6,4061.8,86,118,118,0,-3.25,86,0,0,118,30,25.4237288135593,81,68.6440677966102,-51,-43.2203389830508,0,0,0,0,-51,-571,0,1.37209302325581,0,0,0,0,0,0,0,0,0,0,
7/24/2026 4:02:00 PM,+07:00,4061.7,4064,4061.1,4062.5,194,229,229,0,-0.95,194,0,0,229,140,61.1353711790393,78,34.061135371179,62,27.0742358078603,0,0,0,0,62,-509,0,1.18041237113402,0,0,0,0,0,0,0,0,0,0,
7/24/2026 4:03:00 PM,+07:00,4062.4,4062.4,4059.5,4060.9,108,139,139,0,-3.9,108,0,0,139,59,42.4460431654676,75,53.9568345323741,-16,-11.5107913669065,0,0,0,0,-16,-525,0,1.28703703703704,0,0,0,0,0,0,0,0,0,0,
7/24/2026 4:04:00 PM,+07:00,4060.5,4060.5,4058.6,4059.3,108,137,137,0,-3.85,108,0,0,137,59,43.0656934306569,78,56.9343065693431,-19,-13.8686131386861,0,0,0,0,-19,-544,0,1.26851851851852,0,0,0,0,0,0,0,0,0,0,
7/24/2026 4:05:00 PM,+07:00,4059.1,4059.2,4058.2,4058.4,36,38,38,0,-4,36,0,0,38,12,31.578947368421,24,63.1578947368421,-12,-31.578947368421,0,0,0,0,-12,-556,0,1.05555555555556,0,0,0,0,0,0,0,0,0,0,
7/24/2026 4:06:00 PM,+07:00,4058.3,4059,4057.8,4058.5,143,170,170,0,-4.2,143,0,0,170,81,47.6470588235294,85,50,-4,-2.35294117647059,0,0,0,0,-4,-560,0,1.18881118881119,0,0,0,0,0,0,0,0,0,0,
7/24/2026 4:07:00 PM,+07:00,4058.5,4059.3,4058.1,4059.3,106,145,145,0,-0.6,106,0,0,145,95,65.5172413793104,36,24.8275862068966,59,40.6896551724138,0,0,0,0,59,-501,0,1.36792452830189,0,0,0,0,0,0,0,0,0,0,
7/24/2026 4:08:00 PM,+07:00,4059.2,4059.4,4058.5,4059,34,36,36,0,0.6,34,0,0,36,25,69.4444444444444,7,19.4444444444444,18,50,0,0,0,0,18,-483,0,1.05882352941176,0,0,0,0,0,0,0,0,0,0,
7/24/2026 4:09:00 PM,+07:00,4058.9,4060.3,4058.9,4060.2,60,65,65,0,1.3,60,0,0,65,40,61.5384615384615,22,33.8461538461538,18,27.6923076923077,0,0,0,0,18,-465,0,1.08333333333333,0,0,0,0,0,0,0,0,0,0,
7/24/2026 4:10:00 PM,+07:00,4060.4,4060.6,4059,4059,49,65,65,0,0.45,49,0,0,65,22,33.8461538461538,43,66.1538461538462,-21,-32.3076923076923,0,0,0,0,-21,-486,0,1.3265306122449,0,0,0,0,0,0,0,0,0,0,
7/24/2026 4:11:00 PM,+07:00,4058.5,4059.2,4057.5,4057.6,36,47,47,0,-0.6,36,0,0,47,21,44.6808510638298,25,53.1914893617021,-4,-8.51063829787234,0,0,0,0,-4,-490,0,1.30555555555556,0,0,0,0,0,0,0,0,0,0,
7/24/2026 4:12:00 PM,+07:00,4057.4,4057.4,4055.9,4056.5,57,61,61,0,-2.15,57,0,0,61,21,34.4262295081967,36,59.016393442623,-15,-24.5901639344262,0,0,0,0,-15,-505,0,1.07017543859649,0,0,0,0,0,0,0,0,0,0,
7/24/2026 4:13:00 PM,+07:00,4056.5,4057.1,4056.3,4057,26,31,31,0,-1.05,26,0,0,31,21,67.741935483871,10,32.258064516129,11,35.4838709677419,0,0,0,0,11,-494,0,1.19230769230769,0,0,0,0,0,0,0,0,0,0,
7/24/2026 4:14:00 PM,+07:00,4056.8,4056.9,4056.7,4056.9,6,6,6,0,-0.85,6,0,0,6,2,33.3333333333333,4,66.6666666666666,-2,-33.3333333333333,0,0,0,0,-2,-496,0,1,0,0,0,0,0,0,0,0,0,0,
7/24/2026 4:15:00 PM,+07:00,4056.7,4057.4,4055.9,4056.2,30,31,31,0,-0.6,30,0,0,31,17,54.8387096774194,13,41.9354838709677,4,12.9032258064516,0,0,0,0,4,-492,0,1.03333333333333,0,0,0,0,0,0,0,0,0,0,
7/24/2026 4:16:00 PM,+07:00,4056.2,4057.4,4056.1,4057.4,17,18,18,0,0.45,17,0,0,18,12,66.6666666666666,6,33.3333333333333,6,33.3333333333333,0,0,0,0,6,-486,0,1.05882352941176,0,0,0,0,0,0,0,0,0,0,
7/24/2026 4:17:00 PM,+07:00,4057.5,4058.3,4057.2,4057.4,44,45,45,0,1.3,44,0,0,45,29,64.4444444444444,16,35.5555555555556,13,28.8888888888889,0,0,0,0,13,-473,0,1.02272727272727,0,0,0,0,0,0,0,0,0,0,
7/24/2026 4:18:00 PM,+07:00,4057.3,4059.9,4057.3,4057.4,178,209,209,0,5.35,178,0,0,209,137,65.5502392344498,69,33.0143540669856,68,32.5358851674641,0,0,0,0,68,-405,0,1.17415730337079,0,0,0,0,0,0,0,0,0,0,
7/24/2026 4:19:00 PM,+07:00,4057.2,4058.7,4055.9,4057.9,104,146,146,0,5.25,104,0,0,146,70,47.945205479452,72,49.3150684931507,-2,-1.36986301369863,0,0,0,0,-2,-407,0,1.40384615384615,0,0,0,0,0,0,0,0,0,0,
7/24/2026 4:20:00 PM,+07:00,4057.8,4057.9,4056.5,4056.7,26,26,26,0,5.7,26,0,0,26,13,50,12,46.1538461538462,1,3.84615384615385,0,0,0,0,1,-406,0,1,0,0,0,0,0,0,0,0,0,0,
7/24/2026 4:21:00 PM,+07:00,4056.7,4057.4,4056.6,4057.4,16,16,16,0,8.2,16,0,0,16,7,43.75,8,50,-1,-6.25,0,0,0,0,-1,-407,0,1,0,0,0,0,0,0,0,0,0,0,
7/24/2026 4:22:00 PM,+07:00,4057.1,4057.3,4055.9,4056.4,63,74,74,0,3.65,63,0,0,74,22,29.7297297297297,51,68.9189189189189,-29,-39.1891891891892,0,0,0,0,-29,-436,0,1.17460317460317,0,0,0,0,0,0,0,0,0,0,
7/24/2026 4:23:00 PM,+07:00,4056.5,4057.7,4056.3,4057.7,71,103,103,0,6.2,71,0,0,103,69,66.9902912621359,34,33.0097087378641,35,33.9805825242718,0,0,0,0,35,-401,0,1.45070422535211,0,0,0,0,0,0,0,0,0,0,
7/24/2026 4:24:00 PM,+07:00,4057.6,4057.6,4056.8,4057.4,39,39,39,0,6.9,39,0,0,39,11,28.2051282051282,16,41.025641025641,-5,-12.8205128205128,0,0,0,0,-5,-406,0,1,0,0,0,0,0,0,0,0,0,0,
7/24/2026 4:25:00 PM,+07:00,4057.2,4058.3,4057.2,4058.1,11,15,15,0,7.75,11,0,0,15,10,66.6666666666666,5,33.3333333333333,5,33.3333333333333,0,0,0,0,5,-401,0,1.36363636363636,0,0,0,0,0,0,0,0,0,0,
7/24/2026 4:26:00 PM,+07:00,4058.4,4058.7,4058,4058.2,10,10,10,0,8.1,10,0,0,10,6,60,3,30,3,30,0,0,0,0,3,-398,0,1,0,0,0,0,0,0,0,0,0,0,
7/24/2026 4:27:00 PM,+07:00,4058.2,4058.3,4057.5,4057.5,21,28,28,0,4.65,21,0,0,28,9,32.1428571428571,19,67.8571428571429,-10,-35.7142857142857,0,0,0,0,-10,-408,0,1.33333333333333,0,0,0,0,0,0,0,0,0,0,
7/24/2026 4:28:00 PM,+07:00,4057.3,4057.3,4056.8,4056.9,7,7,7,0,3.8,7,0,0,7,4,57.1428571428571,3,42.8571428571429,1,14.2857142857143,0,0,0,0,1,-407,0,1,0,0,0,0,0,0,0,0,0,0,
7/24/2026 4:29:00 PM,+07:00,4057.1,4057.1,4055,4055.6,90,120,120,0,1.15,90,0,0,120,42,35,77,64.1666666666667,-35,-29.1666666666667,0,0,0,0,-35,-442,0,1.33333333333333,0,0,0,0,0,0,0,0,0,0,
7/24/2026 4:30:00 PM,+07:00,4055.4,4056,4054.2,4055.1,160,277,277,0,6,160,0,0,277,173,62.4548736462094,97,35.0180505415162,76,27.4368231046931,0,0,0,0,76,-366,0,1.73125,0,0,0,0,0,0,0,0,0,0,
7/24/2026 4:31:00 PM,+07:00,4055.3,4055.6,4054.4,4055.1,105,123,123,0,4.7,105,0,0,123,46,37.3983739837398,76,61.7886178861789,-30,-24.390243902439,0,0,0,0,-30,-396,0,1.17142857142857,0,0,0,0,0,0,0,0,0,0,
7/24/2026 4:32:00 PM,+07:00,4055.3,4056.3,4054.6,4055.8,108,118,118,0,4.25,108,0,0,118,47,39.8305084745763,71,60.1694915254237,-24,-20.3389830508475,0,0,0,0,-24,-420,0,1.09259259259259,0,0,0,0,0,0,0,0,0,0,
7/24/2026 4:33:00 PM,+07:00,4055.9,4056.8,4055.9,4056.8,27,29,29,0,4.45,27,0,0,29,22,75.8620689655172,7,24.1379310344828,15,51.7241379310345,0,0,0,0,15,-405,0,1.07407407407407,0,0,0,0,0,0,0,0,0,0,
7/24/2026 4:34:00 PM,+07:00,4056.4,4057.1,4056,4056.4,27,34,34,0,3.9,27,0,0,34,10,29.4117647058824,23,67.6470588235294,-13,-38.2352941176471,0,0,0,0,-13,-418,0,1.25925925925926,0,0,0,0,0,0,0,0,0,0,
7/24/2026 4:35:00 PM,+07:00,4056.7,4057.2,4056.3,4056.4,12,13,13,0,3.6,12,0,0,13,5,38.4615384615385,7,53.8461538461538,-2,-15.3846153846154,0,0,0,0,-2,-420,0,1.08333333333333,0,0,0,0,0,0,0,0,0,0,
7/24/2026 4:36:00 PM,+07:00,4056.6,4057.6,4056.4,4056.9,18,18,18,0,3.35,18,0,0,18,9,50,8,44.4444444444444,1,5.55555555555556,0,0,0,0,1,-419,0,1,0,0,0,0,0,0,0,0,0,0,
7/24/2026 4:37:00 PM,+07:00,4056.6,4057.5,4056.6,4057.5,14,14,14,0,2.8,14,0,0,14,8,57.1428571428571,6,42.8571428571429,2,14.2857142857143,0,0,0,0,2,-417,0,1,0,0,0,0,0,0,0,0,0,0,
7/24/2026 4:38:00 PM,+07:00,4057.7,4057.9,4056.8,4056.9,19,19,19,0,-0.85,19,0,0,19,7,36.8421052631579,12,63.1578947368421,-5,-26.3157894736842,0,0,0,0,-5,-422,0,1,0,0,0,0,0,0,0,0,0,0,
7/24/2026 4:39:00 PM,+07:00,4057.1,4057.9,4057.1,4057.9,10,10,10,0,-0.55,10,0,0,10,6,60,2,20,4,40,0,0,0,0,4,-418,0,1,0,0,0,0,0,0,0,0,0,0,
7/24/2026 4:40:00 PM,+07:00,4058,4058,4056.9,4057.4,42,52,52,0,-0.4,42,0,0,52,28,53.8461538461538,24,46.1538461538462,4,7.69230769230769,0,0,0,0,4,-414,0,1.23809523809524,0,0,0,0,0,0,0,0,0,0,
7/24/2026 4:41:00 PM,+07:00,4057.3,4058.3,4057.3,4058.1,25,29,29,0,0.2,25,0,0,29,20,68.9655172413793,9,31.0344827586207,11,37.9310344827586,0,0,0,0,11,-403,0,1.16,0,0,0,0,0,0,0,0,0,0,
7/24/2026 4:42:00 PM,+07:00,4058.4,4059.2,4058.1,4058.8,70,111,111,0,1.75,70,0,0,111,56,50.4504504504504,54,48.6486486486486,2,1.8018018018018,0,0,0,0,2,-401,0,1.58571428571429,0,0,0,0,0,0,0,0,0,0,
7/24/2026 4:43:00 PM,+07:00,4058.6,4058.6,4057.4,4057.4,14,15,15,0,-0.25,14,0,0,15,5,33.3333333333333,10,66.6666666666666,-5,-33.3333333333333,0,0,0,0,-5,-406,0,1.07142857142857,0,0,0,0,0,0,0,0,0,0,
7/24/2026 4:44:00 PM,+07:00,4057.5,4058.7,4057.5,4058.5,18,18,18,0,0.5,18,0,0,18,14,77.7777777777778,4,22.2222222222222,10,55.5555555555556,0,0,0,0,10,-396,0,1,0,0,0,0,0,0,0,0,0,0,
7/24/2026 4:45:00 PM,+07:00,4058.5,4059,4058.1,4058.6,34,35,35,0,-0.2,34,0,0,35,13,37.1428571428571,22,62.8571428571428,-9,-25.7142857142857,0,0,0,0,-9,-405,0,1.02941176470588,0,0,0,0,0,0,0,0,0,0,
7/24/2026 4:46:00 PM,+07:00,4058,4058.4,4057.9,4057.9,13,15,15,0,-0.5,13,0,0,15,6,40,9,60,-3,-20,0,0,0,0,-3,-408,0,1.15384615384615,0,0,0,0,0,0,0,0,0,0,
7/24/2026 4:47:00 PM,+07:00,4058.3,4058.6,4058,4058.4,14,14,14,0,-0.05,14,0,0,14,6,42.8571428571429,7,50,-1,-7.14285714285714,0,0,0,0,-1,-409,0,1,0,0,0,0,0,0,0,0,0,0,
7/24/2026 4:48:00 PM,+07:00,4058.1,4058.2,4057.8,4057.9,16,16,16,0,0.1,16,0,0,16,10,62.5,6,37.5,4,25,0,0,0,0,4,-405,0,1,0,0,0,0,0,0,0,0,0,0,
7/24/2026 4:49:00 PM,+07:00,4058.2,4058.4,4057.9,4058.1,10,10,10,0,2.25,10,0,0,10,9,90,1,10,8,80,0,0,0,0,8,-397,0,1,0,0,0,0,0,0,0,0,0,0,
7/24/2026 4:50:00 PM,+07:00,4058.1,4058.3,4057.5,4057.7,43,43,43,0,-1.9,43,0,0,43,18,41.8604651162791,25,58.1395348837209,-7,-16.2790697674419,0,0,0,0,-7,-404,0,1,0,0,0,0,0,0,0,0,0,0,
7/24/2026 4:51:00 PM,+07:00,4057.4,4058,4057.4,4057.7,19,20,20,0,-0.55,19,0,0,20,8,40,11,55,-3,-15,0,0,0,0,-3,-407,0,1.05263157894737,0,0,0,0,0,0,0,0,0,0,
7/24/2026 4:52:00 PM,+07:00,4057.6,4059.8,4057.5,4059.7,43,47,47,0,1.45,43,0,0,47,31,65.9574468085106,15,31.9148936170213,16,34.0425531914894,0,0,0,0,16,-391,0,1.09302325581395,0,0,0,0,0,0,0,0,0,0,
7/24/2026 4:53:00 PM,+07:00,4059.8,4061.2,4058.9,4061,115,193,193,0,2,115,0,0,193,109,56.4766839378238,83,43.0051813471503,26,13.4715025906736,0,0,0,0,26,-365,0,1.67826086956522,0,0,0,0,0,0,0,0,0,0,
7/24/2026 4:54:00 PM,+07:00,4060.7,4061.2,4059.9,4060.9,49,55,55,0,2.6,49,0,0,55,27,49.0909090909091,28,50.9090909090909,-1,-1.81818181818182,0,0,0,0,-1,-366,0,1.12244897959184,0,0,0,0,0,0,0,0,0,0,
7/24/2026 4:55:00 PM,+07:00,4061.3,4061.7,4061.1,4061.3,13,13,13,0,2.75,13,0,0,13,7,53.8461538461538,6,46.1538461538462,1,7.69230769230769,0,0,0,0,1,-365,0,1,0,0,0,0,0,0,0,0,0,0,
7/24/2026 4:56:00 PM,+07:00,4061.6,4062.1,4061.6,4062.1,12,15,15,0,2.95,12,0,0,15,10,66.6666666666666,5,33.3333333333333,5,33.3333333333333,0,0,0,0,5,-360,0,1.25,0,0,0,0,0,0,0,0,0,0,
7/24/2026 4:57:00 PM,+07:00,4061.9,4061.9,4061.3,4061.5,26,27,27,0,2.05,26,0,0,27,5,18.5185185185185,21,77.7777777777778,-16,-59.2592592592592,0,0,0,0,-16,-376,0,1.03846153846154,0,0,0,0,0,0,0,0,0,0,
7/24/2026 4:58:00 PM,+07:00,4061.8,4062.3,4061.6,4062.1,12,13,13,0,2.4,12,0,0,13,7,53.8461538461538,5,38.4615384615385,2,15.3846153846154,0,0,0,0,2,-374,0,1.08333333333333,0,0,0,0,0,0,0,0,0,0,
7/24/2026 4:59:00 PM,+07:00,4062.2,4062.6,4061.9,4062.6,21,23,23,0,2.7,21,0,0,23,14,60.8695652173913,4,17.3913043478261,10,43.4782608695652,0,0,0,0,10,-364,0,1.0952380952381,0,0,0,0,0,0,0,0,0,0,
7/24/2026 5:00:00 PM,+07:00,4062.6,4063.1,4062,4062.2,27,27,27,0,2.65,27,0,0,27,15,55.5555555555556,12,44.4444444444444,3,11.1111111111111,0,0,0,0,3,-361,0,1,0,0,0,0,0,0,0,0,0,0,
7/24/2026 5:01:00 PM,+07:00,4061.9,4062.1,4061.5,4061.8,18,18,18,0,2,18,0,0,18,7,38.8888888888889,9,50,-2,-11.1111111111111,0,0,0,0,-2,-363,0,1,0,0,0,0,0,0,0,0,0,0,
7/24/2026 5:02:00 PM,+07:00,4062,4062.9,4061.7,4061.9,12,16,16,0,2.15,12,0,0,16,10,62.5,5,31.25,5,31.25,0,0,0,0,5,-358,0,1.33333333333333,0,0,0,0,0,0,0,0,0,0,
7/24/2026 5:03:00 PM,+07:00,4062,4062.9,4061.8,4062.7,22,22,22,0,1.75,22,0,0,22,4,18.1818181818182,17,77.2727272727273,-13,-59.0909090909091,0,0,0,0,-13,-371,0,1,0,0,0,0,0,0,0,0,0,0,
7/24/2026 5:04:00 PM,+07:00,4062.6,4064.5,4062.5,4062.5,91,123,123,0,1.5,91,0,0,123,63,51.219512195122,58,47.1544715447154,5,4.0650406504065,0,0,0,0,5,-366,0,1.35164835164835,0,0,0,0,0,0,0,0,0,0,
7/24/2026 5:05:00 PM,+07:00,4062.9,4062.9,4061.7,4062.5,35,44,44,0,1.3,35,0,0,44,14,31.8181818181818,27,61.3636363636364,-13,-29.5454545454545,0,0,0,0,-13,-379,0,1.25714285714286,0,0,0,0,0,0,0,0,0,0,
7/24/2026 5:06:00 PM,+07:00,4062.6,4062.8,4062.2,4062.2,39,43,43,0,0.1,39,0,0,43,7,16.2790697674419,34,79.0697674418605,-27,-62.7906976744186,0,0,0,0,-27,-406,0,1.1025641025641,0,0,0,0,0,0,0,0,0,0,
7/24/2026 5:07:00 PM,+07:00,4062.2,4062.4,4061.7,4062,25,26,26,0,-0.35,25,0,0,26,7,26.9230769230769,17,65.3846153846154,-10,-38.4615384615385,0,0,0,0,-10,-416,0,1.04,0,0,0,0,0,0,0,0,0,0,
7/24/2026 5:08:00 PM,+07:00,4062.1,4062.8,4061.6,4062.6,39,43,43,0,-0.25,39,0,0,43,24,55.8139534883721,18,41.8604651162791,6,13.953488372093,0,0,0,0,6,-410,0,1.1025641025641,0,0,0,0,0,0,0,0,0,0,
7/24/2026 5:09:00 PM,+07:00,4062.4,4063.4,4062.4,4063,12,12,12,0,-0.6,12,0,0,12,6,50,5,41.6666666666667,1,8.33333333333333,0,0,0,0,1,-409,0,1,0,0,0,0,0,0,0,0,0,0,
7/24/2026 5:10:00 PM,+07:00,4063.5,4063.5,4061.4,4061.7,48,64,64,0,-1.2,48,0,0,64,18,28.125,37,57.8125,-19,-29.6875,0,0,0,0,-19,-428,0,1.33333333333333,0,0,0,0,0,0,0,0,0,0,
7/24/2026 5:11:00 PM,+07:00,4061.6,4062.3,4061.2,4062.1,41,43,43,0,-2.25,41,0,0,43,9,20.9302325581395,33,76.7441860465116,-24,-55.8139534883721,0,0,0,0,-24,-452,0,1.04878048780488,0,0,0,0,0,0,0,0,0,0,
7/24/2026 5:12:00 PM,+07:00,4062,4062.2,4061.1,4061.2,23,23,23,0,-3.7,23,0,0,23,4,17.3913043478261,17,73.9130434782609,-13,-56.5217391304348,0,0,0,0,-13,-465,0,1,0,0,0,0,0,0,0,0,0,0,
7/24/2026 5:13:00 PM,+07:00,4061.3,4061.8,4061.1,4061.3,18,18,18,0,-5,18,0,0,18,8,44.4444444444444,8,44.4444444444444,0,0,0,0,0,0,0,-465,0,1,0,0,0,0,0,0,0,0,0,0,
7/24/2026 5:14:00 PM,+07:00,4061,4061.8,4060.5,4061.1,28,29,29,0,-5.3,28,0,0,29,11,37.9310344827586,18,62.0689655172414,-7,-24.1379310344828,0,0,0,0,-7,-472,0,1.03571428571429,0,0,0,0,0,0,0,0,0,0,
7/24/2026 5:15:00 PM,+07:00,4061.2,4062,4060.4,4062,27,27,27,0,-5.4,27,0,0,27,13,48.1481481481481,14,51.8518518518518,-1,-3.7037037037037,0,0,0,0,-1,-473,0,1,0,0,0,0,0,0,0,0,0,0,
7/24/2026 5:16:00 PM,+07:00,4062,4062.7,4061.7,4062.2,31,36,36,0,-5.05,31,0,0,36,24,66.6666666666666,12,33.3333333333333,12,33.3333333333333,0,0,0,0,12,-461,0,1.16129032258065,0,0,0,0,0,0,0,0,0,0,
7/24/2026 5:17:00 PM,+07:00,4062.5,4064.1,4062.5,4063.5,60,63,63,0,-1.95,60,0,0,63,53,84.1269841269841,7,11.1111111111111,46,73.015873015873,0,0,0,0,46,-415,0,1.05,0,0,0,0,0,0,0,0,0,0,
7/24/2026 5:18:00 PM,+07:00,4063.4,4065,4062.7,4063.1,96,141,141,0,-0.5,96,0,0,141,86,60.9929078014184,55,39.0070921985816,31,21.9858156028369,0,0,0,0,31,-384,0,1.46875,0,0,0,0,0,0,0,0,0,0,
7/24/2026 5:19:00 PM,+07:00,4062.9,4063,4062.2,4062.2,19,19,19,0,-1.75,19,0,0,19,2,10.5263157894737,17,89.4736842105263,-15,-78.9473684210526,0,0,0,0,-15,-399,0,1,0,0,0,0,0,0,0,0,0,0,
7/24/2026 5:20:00 PM,+07:00,4062.2,4062.5,4062,4062.3,21,23,23,0,-1.9,21,0,0,23,11,47.8260869565217,11,47.8260869565217,0,0,0,0,0,0,0,-399,0,1.0952380952381,0,0,0,0,0,0,0,0,0,0,
7/24/2026 5:21:00 PM,+07:00,4062.3,4062.8,4062,4062,15,15,15,0,-1.85,15,0,0,15,7,46.6666666666667,8,53.3333333333333,-1,-6.66666666666667,0,0,0,0,-1,-400,0,1,0,0,0,0,0,0,0,0,0,0,
7/24/2026 5:22:00 PM,+07:00,4062,4063.5,4062,4063.3,34,39,39,0,-2.25,34,0,0,39,17,43.5897435897436,20,51.2820512820513,-3,-7.69230769230769,0,0,0,0,-3,-403,0,1.14705882352941,0,0,0,0,0,0,0,0,0,0,
7/24/2026 5:23:00 PM,+07:00,4063.6,4064.1,4063.2,4063.8,61,73,73,0,-2.8,61,0,0,73,24,32.8767123287671,48,65.7534246575342,-24,-32.8767123287671,0,0,0,0,-24,-427,0,1.19672131147541,0,0,0,0,0,0,0,0,0,0,
7/24/2026 5:24:00 PM,+07:00,4063.7,4063.7,4063.1,4063.1,23,24,24,0,-3.65,23,0,0,24,6,25,18,75,-12,-50,0,0,0,0,-12,-439,0,1.04347826086957,0,0,0,0,0,0,0,0,0,0,
7/24/2026 5:25:00 PM,+07:00,4063,4063.1,4062.6,4062.6,18,18,18,0,-3.4,18,0,0,18,5,27.7777777777778,13,72.2222222222222,-8,-44.4444444444444,0,0,0,0,-8,-447,0,1,0,0,0,0,0,0,0,0,0,0,
7/24/2026 5:26:00 PM,+07:00,4062.9,4064.4,4062.9,4063.5,50,56,56,0,-2.55,50,0,0,56,22,39.2857142857143,32,57.1428571428571,-10,-17.8571428571429,0,0,0,0,-10,-457,0,1.12,0,0,0,0,0,0,0,0,0,0,
7/24/2026 5:27:00 PM,+07:00,4063.6,4066.6,4063.5,4066.2,89,103,103,0,1.1,89,0,0,103,81,78.6407766990291,18,17.4757281553398,63,61.1650485436893,0,0,0,0,63,-394,0,1.15730337078652,0,0,0,0,0,0,0,0,0,0,
7/24/2026 5:28:00 PM,+07:00,4066.2,4066.5,4065.8,4066.1,37,40,40,0,0.55,37,0,0,40,17,42.5,22,55,-5,-12.5,0,0,0,0,-5,-399,0,1.08108108108108,0,0,0,0,0,0,0,0,0,0,
7/24/2026 5:29:00 PM,+07:00,4066,4066.3,4064.4,4064.5,38,44,44,0,-0.15,38,0,0,44,15,34.0909090909091,28,63.6363636363636,-13,-29.5454545454545,0,0,0,0,-13,-412,0,1.15789473684211,0,0,0,0,0,0,0,0,0,0,
7/24/2026 5:30:00 PM,+07:00,4064.4,4066.3,4064.4,4066.2,27,36,36,0,2.2,27,0,0,36,32,88.8888888888889,4,11.1111111111111,28,77.7777777777778,0,0,0,0,28,-384,0,1.33333333333333,0,0,0,0,0,0,0,0,0,0,
7/24/2026 5:31:00 PM,+07:00,4066.4,4066.5,4066.1,4066.4,22,23,23,0,3.2,22,0,0,23,9,39.1304347826087,13,56.5217391304348,-4,-17.3913043478261,0,0,0,0,-4,-388,0,1.04545454545455,0,0,0,0,0,0,0,0,0,0,
7/24/2026 5:32:00 PM,+07:00,4066.1,4066.2,4065.5,4066.2,40,43,43,0,4.55,40,0,0,43,22,51.1627906976744,8,18.6046511627907,14,32.5581395348837,0,0,0,0,14,-374,0,1.075,0,0,0,0,0,0,0,0,0,0,
7/24/2026 5:33:00 PM,+07:00,4066,4067,4064.6,4065.1,56,57,57,0,4.65,56,0,0,57,28,49.1228070175439,26,45.6140350877193,2,3.50877192982456,0,0,0,0,2,-372,0,1.01785714285714,0,0,0,0,0,0,0,0,0,0,
7/24/2026 5:34:00 PM,+07:00,4064.7,4065,4064.2,4064.2,17,17,17,0,4.95,17,0,0,17,8,47.0588235294118,9,52.9411764705882,-1,-5.88235294117647,0,0,0,0,-1,-373,0,1,0,0,0,0,0,0,0,0,0,0,
7/24/2026 5:35:00 PM,+07:00,4064,4064,4062.9,4063.9,64,73,73,0,3.95,64,0,0,73,25,34.2465753424658,46,63.013698630137,-21,-28.7671232876712,0,0,0,0,-21,-394,0,1.140625,0,0,0,0,0,0,0,0,0,0,
7/24/2026 5:36:00 PM,+07:00,4064.1,4064.1,4063.7,4063.9,8,8,8,0,3.25,8,0,0,8,3,37.5,5,62.5,-2,-25,0,0,0,0,-2,-396,0,1,0,0,0,0,0,0,0,0,0,0,
7/24/2026 5:37:00 PM,+07:00,4063.9,4064.4,4063.3,4064.2,42,51,51,0,1.75,42,0,0,51,32,62.7450980392157,16,31.3725490196078,16,31.3725490196078,0,0,0,0,16,-380,0,1.21428571428571,0,0,0,0,0,0,0,0,0,0,
7/24/2026 5:38:00 PM,+07:00,4063.8,4063.8,4063.7,4063.7,4,4,4,0,0,4,0,0,4,0,0,4,100,-4,-100,0,0,0,0,-4,-384,0,1,0,0,0,0,0,0,0,0,0,0,
7/24/2026 5:39:00 PM,+07:00,4063.4,4063.7,4062.5,4062.5,16,18,18,0,0.8,16,0,0,18,9,50,8,44.4444444444444,1,5.55555555555556,0,0,0,0,1,-383,0,1.125,0,0,0,0,0,0,0,0,0,0,
7/24/2026 5:40:00 PM,+07:00,4062.7,4062.7,4061.8,4062.1,32,33,33,0,0,32,0,0,33,8,24.2424242424242,24,72.7272727272727,-16,-48.4848484848485,0,0,0,0,-16,-399,0,1.03125,0,0,0,0,0,0,0,0,0,0,
7/24/2026 5:41:00 PM,+07:00,4062,4062.4,4061.8,4062.1,27,27,27,0,-0.6,27,0,0,27,7,25.9259259259259,20,74.0740740740741,-13,-48.1481481481481,0,0,0,0,-13,-412,0,1,0,0,0,0,0,0,0,0,0,0,
7/24/2026 5:42:00 PM,+07:00,4062.4,4062.6,4061.7,4061.8,48,52,52,0,0.35,48,0,0,52,34,65.3846153846154,18,34.6153846153846,16,30.7692307692308,0,0,0,0,16,-396,0,1.08333333333333,0,0,0,0,0,0,0,0,0,0,
7/24/2026 5:43:00 PM,+07:00,4061.8,4061.9,4061.3,4061.6,20,20,20,0,0.75,20,0,0,20,2,10,18,90,-16,-80,0,0,0,0,-16,-412,0,1,0,0,0,0,0,0,0,0,0,0,
7/24/2026 5:44:00 PM,+07:00,4061.6,4061.6,4060.7,4061.1,30,37,37,0,0.35,30,0,0,37,8,21.6216216216216,28,75.6756756756757,-20,-54.0540540540541,0,0,0,0,-20,-432,0,1.23333333333333,0,0,0,0,0,0,0,0,0,0,
7/24/2026 5:45:00 PM,+07:00,4061.2,4061.8,4061,4061.8,23,24,24,0,1.25,23,0,0,24,17,70.8333333333334,7,29.1666666666667,10,41.6666666666667,0,0,0,0,10,-422,0,1.04347826086957,0,0,0,0,0,0,0,0,0,0,
7/24/2026 5:46:00 PM,+07:00,4061.7,4061.7,4060.8,4061.1,27,31,31,0,1.45,27,0,0,31,12,38.7096774193548,18,58.0645161290323,-6,-19.3548387096774,0,0,0,0,-6,-428,0,1.14814814814815,0,0,0,0,0,0,0,0,0,0,
7/24/2026 5:47:00 PM,+07:00,4061.1,4061.9,4060.8,4061.8,14,14,14,0,-1.85,14,0,0,14,5,35.7142857142857,8,57.1428571428571,-3,-21.4285714285714,0,0,0,0,-3,-431,0,1,0,0,0,0,0,0,0,0,0,0,
7/24/2026 5:48:00 PM,+07:00,4061.5,4061.5,4060.5,4060.6,24,24,24,0,-1.7,24,0,0,24,10,41.6666666666667,12,50,-2,-8.33333333333333,0,0,0,0,-2,-433,0,1,0,0,0,0,0,0,0,0,0,0,
7/24/2026 5:49:00 PM,+07:00,4060.5,4061.6,4060,4061.6,27,31,31,0,-0.6,27,0,0,31,20,64.5161290322581,11,35.4838709677419,9,29.0322580645161,0,0,0,0,9,-424,0,1.14814814814815,0,0,0,0,0,0,0,0,0,0,
7/24/2026 5:50:00 PM,+07:00,4061.6,4061.9,4060.9,4061.4,53,64,64,0,-2.85,53,0,0,64,23,35.9375,40,62.5,-17,-26.5625,0,0,0,0,-17,-441,0,1.20754716981132,0,0,0,0,0,0,0,0,0,0,
7/24/2026 5:51:00 PM,+07:00,4061.4,4061.9,4061.3,4061.7,37,39,39,0,-2.1,37,0,0,39,25,64.1025641025641,14,35.8974358974359,11,28.2051282051282,0,0,0,0,11,-430,0,1.05405405405405,0,0,0,0,0,0,0,0,0,0,
7/24/2026 5:52:00 PM,+07:00,4061.6,4061.9,4061.2,4061.5,35,41,41,0,-2.75,35,0,0,41,20,48.780487804878,19,46.3414634146342,1,2.4390243902439,0,0,0,0,1,-429,0,1.17142857142857,0,0,0,0,0,0,0,0,0,0,
7/24/2026 5:53:00 PM,+07:00,4061.3,4061.8,4059.4,4059.6,85,98,98,0,-3.65,85,0,0,98,40,40.8163265306122,56,57.1428571428571,-16,-16.3265306122449,0,0,0,0,-16,-445,0,1.15294117647059,0,0,0,0,0,0,0,0,0,0,
7/24/2026 5:54:00 PM,+07:00,4059.7,4061,4059.7,4060.2,54,60,60,0,-3.5,54,0,0,60,31,51.6666666666667,29,48.3333333333333,2,3.33333333333333,0,0,0,0,2,-443,0,1.11111111111111,0,0,0,0,0,0,0,0,0,0,
7/24/2026 5:55:00 PM,+07:00,4060,4061,4059.6,4061,33,34,34,0,-2.55,33,0,0,34,16,47.0588235294118,18,52.9411764705882,-2,-5.88235294117647,0,0,0,0,-2,-445,0,1.03030303030303,0,0,0,0,0,0,0,0,0,0,
7/24/2026 5:56:00 PM,+07:00,4061.1,4061.4,4060.8,4061,20,21,21,0,-1.7,20,0,0,21,18,85.7142857142857,3,14.2857142857143,15,71.4285714285714,0,0,0,0,15,-430,0,1.05,0,0,0,0,0,0,0,0,0,0,
7/24/2026 5:57:00 PM,+07:00,4061.2,4061.9,4061.2,4061.9,19,20,20,0,-2.1,19,0,0,20,13,65,5,25,8,40,0,0,0,0,8,-422,0,1.05263157894737,0,0,0,0,0,0,0,0,0,0,
7/24/2026 5:58:00 PM,+07:00,4062.1,4062.5,4061.8,4062.5,14,14,14,0,-1.55,14,0,0,14,10,71.4285714285714,3,21.4285714285714,7,50,0,0,0,0,7,-415,0,1,0,0,0,0,0,0,0,0,0,0,
7/24/2026 5:59:00 PM,+07:00,4062.1,4062.4,4062.1,4062.2,14,14,14,0,-1.7,14,0,0,14,6,42.8571428571429,8,57.1428571428571,-2,-14.2857142857143,0,0,0,0,-2,-417,0,1,0,0,0,0,0,0,0,0,0,0,
7/24/2026 6:00:00 PM,+07:00,4062.5,4062.6,4060.8,4061.1,42,43,43,0,-1.1,42,0,0,43,18,41.8604651162791,22,51.1627906976744,-4,-9.30232558139535,0,0,0,0,-4,-421,0,1.02380952380952,0,0,0,0,0,0,0,0,0,0,
7/24/2026 6:01:00 PM,+07:00,4061.2,4063,4060.9,4063,41,42,42,0,0.25,41,0,0,42,27,64.2857142857143,13,30.952380952381,14,33.3333333333333,0,0,0,0,14,-407,0,1.02439024390244,0,0,0,0,0,0,0,0,0,0,
7/24/2026 6:02:00 PM,+07:00,4063,4063.5,4061.6,4061.8,36,38,38,0,-0.65,36,0,0,38,16,42.1052631578947,18,47.3684210526316,-2,-5.26315789473684,0,0,0,0,-2,-409,0,1.05555555555556,0,0,0,0,0,0,0,0,0,0,
7/24/2026 6:03:00 PM,+07:00,4062.2,4064.9,4062.2,4064.8,42,49,49,0,0.75,42,0,0,49,30,61.2244897959184,18,36.734693877551,12,24.4897959183673,0,0,0,0,12,-397,0,1.16666666666667,0,0,0,0,0,0,0,0,0,0,
7/24/2026 6:04:00 PM,+07:00,4064.7,4065.1,4064.1,4064.6,37,37,37,0,1.7,37,0,0,37,18,48.6486486486486,19,51.3513513513514,-1,-2.7027027027027,0,0,0,0,-1,-398,0,1,0,0,0,0,0,0,0,0,0,0,
7/24/2026 6:05:00 PM,+07:00,4064.6,4065.9,4064.3,4065,41,45,45,0,1.4,41,0,0,45,23,51.1111111111111,19,42.2222222222222,4,8.88888888888889,0,0,0,0,4,-394,0,1.09756097560976,0,0,0,0,0,0,0,0,0,0,
7/24/2026 6:06:00 PM,+07:00,4064.5,4064.5,4064.1,4064.1,21,24,24,0,1.9,21,0,0,24,14,58.3333333333333,10,41.6666666666667,4,16.6666666666667,0,0,0,0,4,-390,0,1.14285714285714,0,0,0,0,0,0,0,0,0,0,
7/24/2026 6:07:00 PM,+07:00,4064.6,4064.7,4063.5,4063.6,15,17,17,0,1.7,15,0,0,17,5,29.4117647058824,12,70.5882352941176,-7,-41.1764705882353,0,0,0,0,-7,-397,0,1.13333333333333,0,0,0,0,0,0,0,0,0,0,
7/24/2026 6:08:00 PM,+07:00,4063.5,4064,4063.2,4063.3,13,13,13,0,1.8,13,0,0,13,5,38.4615384615385,5,38.4615384615385,0,0,0,0,0,0,0,-397,0,1,0,0,0,0,0,0,0,0,0,0,
7/24/2026 6:09:00 PM,+07:00,4063.3,4063.6,4062.6,4063.6,14,14,14,0,1.15,14,0,0,14,5,35.7142857142857,9,64.2857142857143,-4,-28.5714285714286,0,0,0,0,-4,-401,0,1,0,0,0,0,0,0,0,0,0,0,
7/24/2026 6:10:00 PM,+07:00,4063.2,4063.2,4062.8,4063,18,21,21,0,2.1,18,0,0,21,11,52.3809523809524,9,42.8571428571429,2,9.52380952380952,0,0,0,0,2,-399,0,1.16666666666667,0,0,0,0,0,0,0,0,0,0,
7/24/2026 6:11:00 PM,+07:00,4062.9,4063.2,4062.6,4063.2,11,13,13,0,1.5,11,0,0,13,5,38.4615384615385,6,46.1538461538462,-1,-7.69230769230769,0,0,0,0,-1,-400,0,1.18181818181818,0,0,0,0,0,0,0,0,0,0,
7/24/2026 6:12:00 PM,+07:00,4063.2,4063.2,4063.1,4063.1,6,6,6,0,1.55,6,0,0,6,4,66.6666666666666,2,33.3333333333333,2,33.3333333333333,0,0,0,0,2,-398,0,1,0,0,0,0,0,0,0,0,0,0,
7/24/2026 6:13:00 PM,+07:00,4063.1,4063.1,4062.7,4062.9,13,15,15,0,2.1,13,0,0,15,5,33.3333333333333,10,66.6666666666666,-5,-33.3333333333333,0,0,0,0,-5,-403,0,1.15384615384615,0,0,0,0,0,0,0,0,0,0,
7/24/2026 6:14:00 PM,+07:00,4062.8,4063.5,4062.8,4063.5,14,15,15,0,2.1,14,0,0,15,8,53.3333333333333,6,40,2,13.3333333333333,0,0,0,0,2,-401,0,1.07142857142857,0,0,0,0,0,0,0,0,0,0,
7/24/2026 6:15:00 PM,+07:00,4063.8,4064,4063.5,4064,26,27,27,0,2.95,26,0,0,27,21,77.7777777777778,6,22.2222222222222,15,55.5555555555556,0,0,0,0,15,-386,0,1.03846153846154,0,0,0,0,0,0,0,0,0,0,
7/24/2026 6:16:00 PM,+07:00,4063.8,4063.8,4063.4,4063.6,9,11,11,0,1.95,9,0,0,11,3,27.2727272727273,8,72.7272727272727,-5,-45.4545454545455,0,0,0,0,-5,-391,0,1.22222222222222,0,0,0,0,0,0,0,0,0,0,
7/24/2026 6:17:00 PM,+07:00,4063.5,4064.1,4063,4063.3,33,37,37,0,0.9,33,0,0,37,12,32.4324324324324,25,67.5675675675676,-13,-35.1351351351351,0,0,0,0,-13,-404,0,1.12121212121212,0,0,0,0,0,0,0,0,0,0,
7/24/2026 6:18:00 PM,+07:00,4063.2,4063.3,4062.9,4063.2,14,14,14,0,0.8,14,0,0,14,9,64.2857142857143,4,28.5714285714286,5,35.7142857142857,0,0,0,0,5,-399,0,1,0,0,0,0,0,0,0,0,0,0,
7/24/2026 6:19:00 PM,+07:00,4062.9,4063.9,4062.2,4063.8,63,113,113,0,3.15,63,0,0,113,77,68.141592920354,32,28.3185840707965,45,39.8230088495575,0,0,0,0,45,-354,0,1.79365079365079,0,0,0,0,0,0,0,0,0,0,
7/24/2026 6:20:00 PM,+07:00,4063.4,4063.6,4062.8,4062.8,14,16,16,0,2.85,14,0,0,16,3,18.75,13,81.25,-10,-62.5,0,0,0,0,-10,-364,0,1.14285714285714,0,0,0,0,0,0,0,0,0,0,
7/24/2026 6:21:00 PM,+07:00,4063,4063.1,4062.8,4063.1,7,8,8,0,2.35,7,0,0,8,6,75,2,25,4,50,0,0,0,0,4,-360,0,1.14285714285714,0,0,0,0,0,0,0,0,0,0,
7/24/2026 6:22:00 PM,+07:00,4063.1,4063.1,4063.1,4063.1,3,3,3,0,2.5,3,0,0,3,2,66.6666666666666,1,33.3333333333333,1,33.3333333333333,0,0,0,0,1,-359,0,1,0,0,0,0,0,0,0,0,0,0,
7/24/2026 6:23:00 PM,+07:00,4062.7,4064,4062.7,4064,29,30,30,0,2.5,29,0,0,30,21,70,9,30,12,40,0,0,0,0,12,-347,0,1.03448275862069,0,0,0,0,0,0,0,0,0,0,
7/24/2026 6:24:00 PM,+07:00,4064.1,4064.1,4063.7,4063.9,9,12,12,0,2.15,9,0,0,12,2,16.6666666666667,10,83.3333333333334,-8,-66.6666666666666,0,0,0,0,-8,-355,0,1.33333333333333,0,0,0,0,0,0,0,0,0,0,
7/24/2026 6:25:00 PM,+07:00,4063.7,4063.7,4063.2,4063.2,6,6,6,0,1.75,6,0,0,6,1,16.6666666666667,5,83.3333333333334,-4,-66.6666666666666,0,0,0,0,-4,-359,0,1,0,0,0,0,0,0,0,0,0,0,
7/24/2026 6:26:00 PM,+07:00,4062.4,4062.4,4061.6,4061.7,8,9,9,0,1.55,8,0,0,9,4,44.4444444444444,4,44.4444444444444,0,0,0,0,0,0,0,-359,0,1.125,0,0,0,0,0,0,0,0,0,0,
7/24/2026 6:27:00 PM,+07:00,4061.8,4062.1,4061.7,4061.7,8,8,8,0,2.15,8,0,0,8,6,75,1,12.5,5,62.5,0,0,0,0,5,-354,0,1,0,0,0,0,0,0,0,0,0,0,
7/24/2026 6:28:00 PM,+07:00,4062.1,4062.2,4061.8,4061.8,7,7,7,0,2.1,7,0,0,7,3,42.8571428571429,4,57.1428571428571,-1,-14.2857142857143,0,0,0,0,-1,-355,0,1,0,0,0,0,0,0,0,0,0,0,
7/24/2026 6:29:00 PM,+07:00,4061.8,4061.8,4061.5,4061.6,6,6,6,0,2.4,6,0,0,6,3,50,1,16.6666666666667,2,33.3333333333333,0,0,0,0,2,-353,0,1,0,0,0,0,0,0,0,0,0,0,
7/24/2026 6:30:00 PM,+07:00,4061.2,4061.7,4060.4,4060.8,93,96,96,0,1.65,93,0,0,96,40,41.6666666666667,53,55.2083333333333,-13,-13.5416666666667,0,0,0,0,-13,-366,0,1.03225806451613,0,0,0,0,0,0,0,0,0,0,
7/24/2026 6:31:00 PM,+07:00,4061,4061.6,4060.4,4060.9,26,28,28,0,2.25,26,0,0,28,18,64.2857142857143,7,25,11,39.2857142857143,0,0,0,0,11,-355,0,1.07692307692308,0,0,0,0,0,0,0,0,0,0,
7/24/2026 6:32:00 PM,+07:00,4061.1,4062.5,4060.7,4062.5,42,47,47,0,3.6,42,0,0,47,37,78.7234042553192,8,17.0212765957447,29,61.7021276595745,0,0,0,0,29,-326,0,1.11904761904762,0,0,0,0,0,0,0,0,0,0,
7/24/2026 6:33:00 PM,+07:00,4062.2,4062.2,4061.7,4062.2,23,25,25,0,4.15,23,0,0,25,15,60,9,36,6,24,0,0,0,0,6,-320,0,1.08695652173913,0,0,0,0,0,0,0,0,0,0,
7/24/2026 6:34:00 PM,+07:00,4061.9,4062.6,4061.8,4062,37,45,45,0,5.5,37,0,0,45,36,80,7,15.5555555555556,29,64.4444444444444,0,0,0,0,29,-291,0,1.21621621621622,0,0,0,0,0,0,0,0,0,0,
7/24/2026 6:35:00 PM,+07:00,4062.2,4062.2,4060.2,4060.7,32,32,32,0,5.35,32,0,0,32,21,65.625,9,28.125,12,37.5,0,0,0,0,12,-279,0,1,0,0,0,0,0,0,0,0,0,0,
7/24/2026 6:36:00 PM,+07:00,4060.9,4062,4060.7,4062,76,77,77,0,6.55,76,0,0,77,47,61.038961038961,28,36.3636363636364,19,24.6753246753247,0,0,0,0,19,-260,0,1.01315789473684,0,0,0,0,0,0,0,0,0,0,
7/24/2026 6:37:00 PM,+07:00,4062,4062,4060.3,4060.7,27,27,27,0,7.05,27,0,0,27,12,44.4444444444444,15,55.5555555555556,-3,-11.1111111111111,0,0,0,0,-3,-263,0,1,0,0,0,0,0,0,0,0,0,0,
7/24/2026 6:38:00 PM,+07:00,4060.7,4061,4059.6,4059.6,36,37,37,0,6.45,36,0,0,37,15,40.5405405405405,22,59.4594594594595,-7,-18.9189189189189,0,0,0,0,-7,-270,0,1.02777777777778,0,0,0,0,0,0,0,0,0,0,
7/24/2026 6:39:00 PM,+07:00,4059.8,4060,4058.8,4059.4,144,205,205,0,6.35,144,0,0,205,122,59.5121951219512,79,38.5365853658537,43,20.9756097560976,0,0,0,0,43,-227,0,1.42361111111111,0,0,0,0,0,0,0,0,0,0,
7/24/2026 6:40:00 PM,+07:00,4059.3,4059.6,4058.6,4059.2,35,41,41,0,7.4,35,0,0,41,24,58.5365853658536,13,31.7073170731707,11,26.8292682926829,0,0,0,0,11,-216,0,1.17142857142857,0,0,0,0,0,0,0,0,0,0,
7/24/2026 6:41:00 PM,+07:00,4059.3,4060.2,4059.2,4059.5,60,78,78,0,9.2,60,0,0,78,58,74.3589743589744,18,23.0769230769231,40,51.2820512820513,0,0,0,0,40,-176,0,1.3,0,0,0,0,0,0,0,0,0,0,
7/24/2026 6:42:00 PM,+07:00,4059.5,4059.5,4057.9,4058.8,43,43,43,0,7.9,43,0,0,43,9,20.9302325581395,34,79.0697674418605,-25,-58.1395348837209,0,0,0,0,-25,-201,0,1,0,0,0,0,0,0,0,0,0,0,
7/24/2026 6:43:00 PM,+07:00,4058.7,4059,4057.8,4057.8,38,50,50,0,7.4,38,0,0,50,24,48,22,44,2,4,0,0,0,0,2,-199,0,1.31578947368421,0,0,0,0,0,0,0,0,0,0,
7/24/2026 6:44:00 PM,+07:00,4058.1,4058.5,4057.5,4057.5,35,36,36,0,7.2,35,0,0,36,12,33.3333333333333,24,66.6666666666666,-12,-33.3333333333333,0,0,0,0,-12,-211,0,1.02857142857143,0,0,0,0,0,0,0,0,0,0,
7/24/2026 6:45:00 PM,+07:00,4058,4059,4058,4058.8,47,52,52,0,9,47,0,0,52,40,76.9230769230769,8,15.3846153846154,32,61.5384615384615,0,0,0,0,32,-179,0,1.1063829787234,0,0,0,0,0,0,0,0,0,0,
7/24/2026 6:46:00 PM,+07:00,4058.8,4058.9,4057.5,4057.5,32,32,32,0,9.4,32,0,0,32,20,62.5,12,37.5,8,25,0,0,0,0,8,-171,0,1,0,0,0,0,0,0,0,0,0,0,
7/24/2026 6:47:00 PM,+07:00,4057.6,4057.8,4057.3,4057.7,17,17,17,0,9.15,17,0,0,17,8,47.0588235294118,8,47.0588235294118,0,0,0,0,0,0,0,-171,0,1,0,0,0,0,0,0,0,0,0,0,
7/24/2026 6:48:00 PM,+07:00,4057.6,4057.9,4055.3,4056.3,91,106,106,0,6.5,91,0,0,106,26,24.5283018867925,80,75.4716981132076,-54,-50.9433962264151,0,0,0,0,-54,-225,0,1.16483516483516,0,0,0,0,0,0,0,0,0,0,
7/24/2026 6:49:00 PM,+07:00,4056.3,4057.4,4056.1,4057.4,51,61,61,0,7.35,51,0,0,61,38,62.2950819672131,19,31.1475409836066,19,31.1475409836066,0,0,0,0,19,-206,0,1.19607843137255,0,0,0,0,0,0,0,0,0,0,
7/24/2026 6:50:00 PM,+07:00,4057.3,4057.3,4055.7,4056.2,62,64,64,0,7.3,62,0,0,64,23,35.9375,37,57.8125,-14,-21.875,0,0,0,0,-14,-220,0,1.03225806451613,0,0,0,0,0,0,0,0,0,0,
7/24/2026 6:51:00 PM,+07:00,4056.7,4056.9,4056.5,4056.7,13,15,15,0,6.45,13,0,0,15,4,26.6666666666667,10,66.6666666666666,-6,-40,0,0,0,0,-6,-226,0,1.15384615384615,0,0,0,0,0,0,0,0,0,0,
7/24/2026 6:52:00 PM,+07:00,4056.5,4056.5,4055.4,4055.7,52,53,53,0,4.8,52,0,0,53,24,45.2830188679245,28,52.8301886792453,-4,-7.54716981132076,0,0,0,0,-4,-230,0,1.01923076923077,0,0,0,0,0,0,0,0,0,0,
7/24/2026 6:53:00 PM,+07:00,4055.7,4055.9,4055,4055.2,31,49,49,0,3.45,31,0,0,49,13,26.530612244898,34,69.3877551020408,-21,-42.8571428571429,0,0,0,0,-21,-251,0,1.58064516129032,0,0,0,0,0,0,0,0,0,0,
7/24/2026 6:54:00 PM,+07:00,4055,4055.4,4054.6,4054.6,32,33,33,0,1.4,32,0,0,33,10,30.3030303030303,22,66.6666666666666,-12,-36.3636363636364,0,0,0,0,-12,-263,0,1.03125,0,0,0,0,0,0,0,0,0,0,
7/24/2026 6:55:00 PM,+07:00,4054.7,4055.1,4054.3,4054.8,28,29,29,0,0.95,28,0,0,29,15,51.7241379310345,12,41.3793103448276,3,10.3448275862069,0,0,0,0,3,-260,0,1.03571428571429,0,0,0,0,0,0,0,0,0,0,
7/24/2026 6:56:00 PM,+07:00,4055.1,4055.4,4054.3,4054.3,46,64,64,0,1,46,0,0,64,42,65.625,22,34.375,20,31.25,0,0,0,0,20,-240,0,1.39130434782609,0,0,0,0,0,0,0,0,0,0,
7/24/2026 6:57:00 PM,+07:00,4054.3,4054.5,4053.5,4053.7,45,49,49,0,1.5,45,0,0,49,25,51.0204081632653,18,36.734693877551,7,14.2857142857143,0,0,0,0,7,-233,0,1.08888888888889,0,0,0,0,0,0,0,0,0,0,
7/24/2026 6:58:00 PM,+07:00,4053.5,4060.6,4053.5,4059.8,212,223,223,0,5.15,212,0,0,223,142,63.677130044843,76,34.0807174887892,66,29.5964125560538,0,0,0,0,66,-167,0,1.05188679245283,0,0,0,0,0,0,0,0,0,0,
7/24/2026 6:59:00 PM,+07:00,4059.7,4063.9,4059.4,4060.2,249,320,320,0,2.1,249,0,0,320,144,45,162,50.625,-18,-5.625,0,0,0,0,-18,-185,0,1.285140562249,0,0,0,0,0,0,0,0,0,0,
7/24/2026 7:00:00 PM,+07:00,4060.6,4061.1,4058.2,4059.6,94,107,107,0,1.55,94,0,0,107,53,49.5327102803738,53,49.5327102803738,0,0,0,0,0,0,0,-185,0,1.13829787234043,0,0,0,0,0,0,0,0,0,0,
7/24/2026 7:01:00 PM,+07:00,4058.9,4058.9,4056.1,4056.1,46,46,46,0,-0.6,46,0,0,46,21,45.6521739130435,24,52.1739130434783,-3,-6.52173913043478,0,0,0,0,-3,-188,0,1,0,0,0,0,0,0,0,0,0,0,
7/24/2026 7:02:00 PM,+07:00,4056,4056.5,4054.5,4055.6,52,77,77,0,0.7,52,0,0,77,38,49.3506493506494,37,48.051948051948,1,1.2987012987013,0,0,0,0,1,-187,0,1.48076923076923,0,0,0,0,0,0,0,0,0,0,
7/24/2026 7:03:00 PM,+07:00,4055.8,4056.9,4055.8,4056.7,33,34,34,0,1.25,33,0,0,34,23,67.6470588235294,10,29.4117647058824,13,38.2352941176471,0,0,0,0,13,-174,0,1.03030303030303,0,0,0,0,0,0,0,0,0,0,
7/24/2026 7:04:00 PM,+07:00,4056.8,4057.3,4056.1,4056.1,35,35,35,0,1.5,35,0,0,35,12,34.2857142857143,19,54.2857142857143,-7,-20,0,0,0,0,-7,-181,0,1,0,0,0,0,0,0,0,0,0,0,
7/24/2026 7:05:00 PM,+07:00,4056.2,4056.3,4054.7,4055.8,39,39,39,0,-0.95,39,0,0,39,11,28.2051282051282,28,71.7948717948718,-17,-43.5897435897436,0,0,0,0,-17,-198,0,1,0,0,0,0,0,0,0,0,0,0,
7/24/2026 7:06:00 PM,+07:00,4056.6,4057.5,4055.9,4057.1,30,32,32,0,-1.05,30,0,0,32,19,59.375,13,40.625,6,18.75,0,0,0,0,6,-192,0,1.06666666666667,0,0,0,0,0,0,0,0,0,0,
7/24/2026 7:07:00 PM,+07:00,4056.7,4058.2,4056.7,4057.9,12,12,12,0,-1.15,12,0,0,12,5,41.6666666666667,7,58.3333333333333,-2,-16.6666666666667,0,0,0,0,-2,-194,0,1,0,0,0,0,0,0,0,0,0,0,
7/24/2026 7:08:00 PM,+07:00,4057.8,4058.7,4057.3,4058.7,18,18,18,0,1.15,18,0,0,18,5,27.7777777777778,13,72.2222222222222,-8,-44.4444444444444,0,0,0,0,-8,-202,0,1,0,0,0,0,0,0,0,0,0,0,
7/24/2026 7:09:00 PM,+07:00,4058.8,4061.1,4058.8,4059.5,65,69,69,0,1.3,65,0,0,69,44,63.768115942029,22,31.8840579710145,22,31.8840579710145,0,0,0,0,22,-180,0,1.06153846153846,0,0,0,0,0,0,0,0,0,0,
7/24/2026 7:10:00 PM,+07:00,4059.3,4059.3,4057.8,4058.5,27,27,27,0,1.75,27,0,0,27,10,37.037037037037,15,55.5555555555556,-5,-18.5185185185185,0,0,0,0,-5,-185,0,1,0,0,0,0,0,0,0,0,0,0,
7/24/2026 7:11:00 PM,+07:00,4059.1,4059.9,4058.9,4059.1,10,10,10,0,2.05,10,0,0,10,5,50,5,50,0,0,0,0,0,0,0,-185,0,1,0,0,0,0,0,0,0,0,0,0,
7/24/2026 7:12:00 PM,+07:00,4059.5,4059.6,4058.4,4058.6,11,11,11,0,2.45,11,0,0,11,7,63.6363636363636,3,27.2727272727273,4,36.3636363636364,0,0,0,0,4,-181,0,1,0,0,0,0,0,0,0,0,0,0,
7/24/2026 7:13:00 PM,+07:00,4058.4,4058.8,4058.2,4058.3,13,15,15,0,3.55,13,0,0,15,7,46.6666666666667,6,40,1,6.66666666666667,0,0,0,0,1,-180,0,1.15384615384615,0,0,0,0,0,0,0,0,0,0,
7/24/2026 7:14:00 PM,+07:00,4058.3,4059.6,4058.3,4059.3,16,19,19,0,4.6,16,0,0,19,14,73.6842105263158,5,26.3157894736842,9,47.3684210526316,0,0,0,0,9,-171,0,1.1875,0,0,0,0,0,0,0,0,0,0,
7/24/2026 7:15:00 PM,+07:00,4059.1,4059.3,4058.1,4058.7,32,33,33,0,4.45,32,0,0,33,16,48.4848484848485,16,48.4848484848485,0,0,0,0,0,0,0,-171,0,1.03125,0,0,0,0,0,0,0,0,0,0,
7/24/2026 7:16:00 PM,+07:00,4058.5,4059.8,4058.3,4059.8,18,19,19,0,3.75,18,0,0,19,12,63.1578947368421,6,31.578947368421,6,31.578947368421,0,0,0,0,6,-165,0,1.05555555555556,0,0,0,0,0,0,0,0,0,0,
7/24/2026 7:17:00 PM,+07:00,4058.8,4059.3,4058.7,4059.3,18,19,19,0,3.75,18,0,0,19,12,63.1578947368421,5,26.3157894736842,7,36.8421052631579,0,0,0,0,7,-158,0,1.05555555555556,0,0,0,0,0,0,0,0,0,0,
7/24/2026 7:18:00 PM,+07:00,4059.5,4059.8,4059.2,4059.2,17,17,17,0,0.55,17,0,0,17,9,52.9411764705882,7,41.1764705882353,2,11.7647058823529,0,0,0,0,2,-156,0,1,0,0,0,0,0,0,0,0,0,0,
7/24/2026 7:19:00 PM,+07:00,4059.3,4059.8,4058.3,4059.5,41,41,41,0,2.2,41,0,0,41,27,65.8536585365854,12,29.2682926829268,15,36.5853658536585,0,0,0,0,15,-141,0,1,0,0,0,0,0,0,0,0,0,0,
7/24/2026 7:20:00 PM,+07:00,4059.1,4059.1,4057.6,4058.2,92,99,99,0,1.4,92,0,0,99,33,33.3333333333333,49,49.4949494949495,-16,-16.1616161616162,0,0,0,0,-16,-157,0,1.07608695652174,0,0,0,0,0,0,0,0,0,0,
7/24/2026 7:21:00 PM,+07:00,4058.2,4058.7,4057.9,4058.1,37,37,37,0,1.2,37,0,0,37,10,27.027027027027,17,45.945945945946,-7,-18.9189189189189,0,0,0,0,-7,-164,0,1,0,0,0,0,0,0,0,0,0,0,
7/24/2026 7:22:00 PM,+07:00,4058.2,4058.5,4057.4,4058.4,46,50,50,0,1.2,46,0,0,50,12,24,11,22,1,2,0,0,0,0,1,-163,0,1.08695652173913,0,0,0,0,0,0,0,0,0,0,
7/24/2026 7:23:00 PM,+07:00,4058.1,4060.8,4058.1,4060.2,66,69,69,0,1.1,66,0,0,69,33,47.8260869565217,22,31.8840579710145,11,15.9420289855072,0,0,0,0,11,-152,0,1.04545454545455,0,0,0,0,0,0,0,0,0,0,
7/24/2026 7:24:00 PM,+07:00,4060.4,4060.9,4059.8,4060.9,31,34,34,0,1.3,31,0,0,34,12,35.2941176470588,15,44.1176470588235,-3,-8.82352941176471,0,0,0,0,-3,-155,0,1.09677419354839,0,0,0,0,0,0,0,0,0,0,
7/24/2026 7:25:00 PM,+07:00,4061,4062.4,4058.3,4060.9,250,260,260,0,2.55,250,0,0,260,119,45.7692307692308,111,42.6923076923077,8,3.07692307692308,0,0,0,0,8,-147,0,1.04,0,0,0,0,0,0,0,0,0,0,
7/24/2026 7:26:00 PM,+07:00,4060.8,4060.8,4060.2,4060.5,38,42,42,0,2,38,0,0,42,16,38.0952380952381,21,50,-5,-11.9047619047619,0,0,0,0,-5,-152,0,1.10526315789474,0,0,0,0,0,0,0,0,0,0,
7/24/2026 7:27:00 PM,+07:00,4060.8,4062.9,4060.8,4062.3,79,79,79,0,3.25,79,0,0,79,47,59.493670886076,24,30.379746835443,23,29.1139240506329,0,0,0,0,23,-129,0,1,0,0,0,0,0,0,0,0,0,0,
7/24/2026 7:28:00 PM,+07:00,4062.2,4062.4,4060.8,4062,36,36,36,0,3.5,36,0,0,36,10,27.7777777777778,13,36.1111111111111,-3,-8.33333333333333,0,0,0,0,-3,-132,0,1,0,0,0,0,0,0,0,0,0,0,
7/24/2026 7:29:00 PM,+07:00,4062,4062.7,4061.5,4062.1,42,42,42,0,2.05,42,0,0,42,14,33.3333333333333,21,50,-7,-16.6666666666667,0,0,0,0,-7,-139,0,1,0,0,0,0,0,0,0,0,0,0,
7/24/2026 7:30:00 PM,+07:00,4061.9,4062.1,4059.9,4061.7,49,53,53,0,2.3,49,0,0,53,24,45.2830188679245,24,45.2830188679245,0,0,0,0,0,0,0,-139,0,1.08163265306122,0,0,0,0,0,0,0,0,0,0,
7/24/2026 7:31:00 PM,+07:00,4061.5,4061.6,4059.2,4059.2,57,59,59,0,1.85,57,0,0,59,16,27.1186440677966,25,42.3728813559322,-9,-15.2542372881356,0,0,0,0,-9,-148,0,1.03508771929825,0,0,0,0,0,0,0,0,0,0,
7/24/2026 7:32:00 PM,+07:00,4059.4,4060.2,4058.6,4060.2,69,70,70,0,0.5,69,0,0,70,14,20,37,52.8571428571429,-23,-32.8571428571429,0,0,0,0,-23,-171,0,1.01449275362319,0,0,0,0,0,0,0,0,0,0,
7/24/2026 7:33:00 PM,+07:00,4059.5,4060.5,4059.1,4060.2,73,119,119,0,-2,73,0,0,119,30,25.2100840336134,79,66.3865546218487,-49,-41.1764705882353,0,0,0,0,-49,-220,0,1.63013698630137,0,0,0,0,0,0,0,0,0,0,
7/24/2026 7:34:00 PM,+07:00,4060.5,4061.9,4060,4060,59,74,74,0,-3.65,59,0,0,74,25,33.7837837837838,49,66.2162162162162,-24,-32.4324324324324,0,0,0,0,-24,-244,0,1.25423728813559,0,0,0,0,0,0,0,0,0,0,
7/24/2026 7:35:00 PM,+07:00,4060,4060.8,4059.2,4060.8,35,36,36,0,-2.7,35,0,0,36,25,69.4444444444444,6,16.6666666666667,19,52.7777777777778,0,0,0,0,19,-225,0,1.02857142857143,0,0,0,0,0,0,0,0,0,0,
7/24/2026 7:36:00 PM,+07:00,4060.3,4060.5,4058.9,4059.5,42,54,54,0,-4.1,42,0,0,54,8,14.8148148148148,30,55.5555555555556,-22,-40.7407407407407,0,0,0,0,-22,-247,0,1.28571428571429,0,0,0,0,0,0,0,0,0,0,
7/24/2026 7:37:00 PM,+07:00,4059.2,4060,4059,4059.6,26,28,28,0,-3.5,26,0,0,28,22,78.5714285714286,3,10.7142857142857,19,67.8571428571429,0,0,0,0,19,-228,0,1.07692307692308,0,0,0,0,0,0,0,0,0,0,
7/24/2026 7:38:00 PM,+07:00,4059,4059,4057.6,4058.2,69,72,72,0,-3.25,69,0,0,72,36,50,29,40.2777777777778,7,9.72222222222222,0,0,0,0,7,-221,0,1.04347826086957,0,0,0,0,0,0,0,0,0,0,
7/24/2026 7:39:00 PM,+07:00,4058.4,4059.3,4058.2,4058.2,32,37,37,0,-3.7,32,0,0,37,20,54.0540540540541,14,37.8378378378378,6,16.2162162162162,0,0,0,0,6,-215,0,1.15625,0,0,0,0,0,0,0,0,0,0,
7/24/2026 7:40:00 PM,+07:00,4058.1,4059.4,4058.1,4058.7,29,29,29,0,-2.6,29,0,0,29,16,55.1724137931034,10,34.4827586206897,6,20.6896551724138,0,0,0,0,6,-209,0,1,0,0,0,0,0,0,0,0,0,0,
7/24/2026 7:41:00 PM,+07:00,4058.2,4058.6,4055.5,4055.5,90,104,104,0,-3.05,90,0,0,104,38,36.5384615384615,54,51.9230769230769,-16,-15.3846153846154,0,0,0,0,-16,-225,0,1.15555555555556,0,0,0,0,0,0,0,0,0,0,
7/24/2026 7:42:00 PM,+07:00,4055.6,4055.8,4054.3,4055.7,68,73,73,0,-3.3,68,0,0,73,31,42.4657534246575,35,47.945205479452,-4,-5.47945205479452,0,0,0,0,-4,-229,0,1.07352941176471,0,0,0,0,0,0,0,0,0,0,
7/24/2026 7:43:00 PM,+07:00,4055.3,4056.2,4055.1,4056.2,25,26,26,0,-3.25,25,0,0,26,19,73.0769230769231,7,26.9230769230769,12,46.1538461538462,0,0,0,0,12,-217,0,1.04,0,0,0,0,0,0,0,0,0,0,
7/24/2026 7:44:00 PM,+07:00,4055.9,4058.1,4055.6,4057.6,61,62,62,0,-2.45,61,0,0,62,34,54.8387096774194,21,33.8709677419355,13,20.9677419354839,0,0,0,0,13,-204,0,1.01639344262295,0,0,0,0,0,0,0,0,0,0,
7/24/2026 7:45:00 PM,+07:00,4057.5,4058.9,4057.3,4058.5,55,55,55,0,-2.4,55,0,0,55,29,52.7272727272727,20,36.3636363636364,9,16.3636363636364,0,0,0,0,9,-195,0,1,0,0,0,0,0,0,0,0,0,0,
7/24/2026 7:46:00 PM,+07:00,4058.4,4058.9,4055.9,4056,34,34,34,0,-1.5,34,0,0,34,21,61.7647058823529,8,23.5294117647059,13,38.2352941176471,0,0,0,0,13,-182,0,1,0,0,0,0,0,0,0,0,0,0,
7/24/2026 7:47:00 PM,+07:00,4055.5,4055.6,4054.2,4054.8,43,58,58,0,-1.4,43,0,0,58,40,68.9655172413793,15,25.8620689655172,25,43.1034482758621,0,0,0,0,25,-157,0,1.34883720930233,0,0,0,0,0,0,0,0,0,0,
7/24/2026 7:48:00 PM,+07:00,4055.1,4056.4,4054.7,4056.2,59,63,63,0,-0.3,59,0,0,63,37,58.7301587301587,18,28.5714285714286,19,30.1587301587302,0,0,0,0,19,-138,0,1.06779661016949,0,0,0,0,0,0,0,0,0,0,
7/24/2026 7:49:00 PM,+07:00,4056,4056.7,4055.7,4056.7,29,29,29,0,0.2,29,0,0,29,14,48.2758620689655,11,37.9310344827586,3,10.3448275862069,0,0,0,0,3,-135,0,1,0,0,0,0,0,0,0,0,0,0,
7/24/2026 7:50:00 PM,+07:00,4056.5,4057.2,4056.4,4056.9,25,26,26,0,0.65,25,0,0,26,14,53.8461538461538,5,19.2307692307692,9,34.6153846153846,0,0,0,0,9,-126,0,1.04,0,0,0,0,0,0,0,0,0,0,
7/24/2026 7:51:00 PM,+07:00,4056.7,4058,4056.5,4057.2,42,43,43,0,1.7,42,0,0,43,25,58.1395348837209,13,30.2325581395349,12,27.906976744186,0,0,0,0,12,-114,0,1.02380952380952,0,0,0,0,0,0,0,0,0,0,
7/24/2026 7:52:00 PM,+07:00,4057.1,4057.7,4056.5,4057.7,26,26,26,0,2.85,26,0,0,26,11,42.3076923076923,11,42.3076923076923,0,0,0,0,0,0,0,-114,0,1,0,0,0,0,0,0,0,0,0,0,
7/24/2026 7:53:00 PM,+07:00,4057.5,4058.5,4057.3,4058,25,25,25,0,5.65,25,0,0,25,14,56,7,28,7,28,0,0,0,0,7,-107,0,1,0,0,0,0,0,0,0,0,0,0,
7/24/2026 7:54:00 PM,+07:00,4057.7,4057.8,4057.1,4057.6,25,27,27,0,6.95,25,0,0,27,13,48.1481481481481,11,40.7407407407407,2,7.40740740740741,0,0,0,0,2,-105,0,1.08,0,0,0,0,0,0,0,0,0,0,
7/24/2026 7:55:00 PM,+07:00,4058,4058,4056.7,4056.7,29,30,30,0,6.2,29,0,0,30,17,56.6666666666667,13,43.3333333333333,4,13.3333333333333,0,0,0,0,4,-101,0,1.03448275862069,0,0,0,0,0,0,0,0,0,0,
7/24/2026 7:56:00 PM,+07:00,4056.6,4056.6,4054.8,4054.8,17,19,19,0,7.15,17,0,0,19,7,36.8421052631579,10,52.6315789473684,-3,-15.7894736842105,0,0,0,0,-3,-104,0,1.11764705882353,0,0,0,0,0,0,0,0,0,0,
7/24/2026 7:57:00 PM,+07:00,4054.5,4055.4,4054.5,4055,37,39,39,0,6.1,37,0,0,39,14,35.8974358974359,16,41.025641025641,-2,-5.12820512820513,0,0,0,0,-2,-106,0,1.05405405405405,0,0,0,0,0,0,0,0,0,0,
7/24/2026 7:58:00 PM,+07:00,4054.8,4056,4054.7,4055.7,24,25,25,0,6,24,0,0,25,10,40,5,20,5,20,0,0,0,0,5,-101,0,1.04166666666667,0,0,0,0,0,0,0,0,0,0,
7/24/2026 7:59:00 PM,+07:00,4055.5,4058.7,4055.3,4058.5,107,113,113,0,5.65,107,0,0,113,50,44.2477876106195,51,45.1327433628318,-1,-0.884955752212389,0,0,0,0,-1,-102,0,1.05607476635514,0,0,0,0,0,0,0,0,0,0,
7/24/2026 8:00:00 PM,+07:00,4058.8,4061,4057.4,4058.5,192,197,197,0,5.25,192,0,0,197,94,47.7157360406091,96,48.7309644670051,-2,-1.01522842639594,0,0,0,0,-2,-104,0,1.02604166666667,0,0,0,0,0,0,0,0,0,0,
7/24/2026 8:01:00 PM,+07:00,4058.7,4058.7,4055.7,4055.9,68,72,72,0,5.55,68,0,0,72,30,41.6666666666667,40,55.5555555555556,-10,-13.8888888888889,0,0,0,0,-10,-114,0,1.05882352941176,0,0,0,0,0,0,0,0,0,0,
7/24/2026 8:02:00 PM,+07:00,4055.8,4056.9,4055.7,4056.6,53,66,66,0,6.55,53,0,0,66,37,56.0606060606061,21,31.8181818181818,16,24.2424242424242,0,0,0,0,16,-98,0,1.24528301886792,0,0,0,0,0,0,0,0,0,0,
7/24/2026 8:03:00 PM,+07:00,4056.9,4057,4053.9,4055.6,59,67,67,0,6.45,59,0,0,67,38,56.7164179104478,28,41.7910447761194,10,14.9253731343284,0,0,0,0,10,-88,0,1.13559322033898,0,0,0,0,0,0,0,0,0,0,
7/24/2026 8:04:00 PM,+07:00,4056.2,4056.2,4054.8,4054.8,39,42,42,0,5.7,39,0,0,42,19,45.2380952380952,21,50,-2,-4.76190476190476,0,0,0,0,-2,-90,0,1.07692307692308,0,0,0,0,0,0,0,0,0,0,
7/24/2026 8:05:00 PM,+07:00,4054.7,4055.7,4052.6,4053.1,105,118,118,0,3.8,105,0,0,118,40,33.8983050847458,69,58.4745762711864,-29,-24.5762711864407,0,0,0,0,-29,-119,0,1.12380952380952,0,0,0,0,0,0,0,0,0,0,
7/24/2026 8:06:00 PM,+07:00,4053.1,4053.1,4051,4051.5,135,148,148,0,2.35,135,0,0,148,62,41.8918918918919,78,52.7027027027027,-16,-10.8108108108108,0,0,0,0,-16,-135,0,1.0962962962963,0,0,0,0,0,0,0,0,0,0,
7/24/2026 8:07:00 PM,+07:00,4051.3,4051.8,4049.6,4050.6,94,99,99,0,0.2,94,0,0,99,34,34.3434343434343,52,52.5252525252525,-18,-18.1818181818182,0,0,0,0,-18,-153,0,1.0531914893617,0,0,0,0,0,0,0,0,0,0,
7/24/2026 8:08:00 PM,+07:00,4050.4,4050.4,4048.6,4050.1,149,166,166,0,-3.95,149,0,0,166,47,28.3132530120482,111,66.8674698795181,-64,-38.5542168674699,0,0,0,0,-64,-217,0,1.11409395973154,0,0,0,0,0,0,0,0,0,0,
7/24/2026 8:09:00 PM,+07:00,4050.3,4050.4,4048.3,4049,99,102,102,0,-6.25,99,0,0,102,29,28.4313725490196,72,70.5882352941176,-43,-42.156862745098,0,0,0,0,-43,-260,0,1.03030303030303,0,0,0,0,0,0,0,0,0,0,
7/24/2026 8:10:00 PM,+07:00,4049.1,4049.8,4047.1,4049.6,164,214,214,0,-5.8,164,0,0,214,109,50.9345794392523,91,42.5233644859813,18,8.41121495327103,0,0,0,0,18,-242,0,1.30487804878049,0,0,0,0,0,0,0,0,0,0,
7/24/2026 8:11:00 PM,+07:00,4049.2,4049.7,4047.7,4049.6,69,80,80,0,-7.55,69,0,0,80,28,35,51,63.75,-23,-28.75,0,0,0,0,-23,-265,0,1.15942028985507,0,0,0,0,0,0,0,0,0,0,
7/24/2026 8:12:00 PM,+07:00,4049.7,4052,4049.7,4051.8,142,150,150,0,-4.65,142,0,0,150,102,68,44,29.3333333333333,58,38.6666666666667,0,0,0,0,58,-207,0,1.05633802816901,0,0,0,0,0,0,0,0,0,0,
7/24/2026 8:13:00 PM,+07:00,4051.4,4052,4049,4050.4,112,144,144,0,-4.55,112,0,0,144,58,40.2777777777778,49,34.0277777777778,9,6.25,0,0,0,0,9,-198,0,1.28571428571429,0,0,0,0,0,0,0,0,0,0,
7/24/2026 8:14:00 PM,+07:00,4050.6,4051,4049.5,4050.6,39,42,42,0,-4.9,39,0,0,42,18,42.8571428571429,23,54.7619047619048,-5,-11.9047619047619,0,0,0,0,-5,-203,0,1.07692307692308,0,0,0,0,0,0,0,0,0,0,
7/24/2026 8:15:00 PM,+07:00,4050.4,4050.8,4048.1,4048.6,78,121,121,0,-3.35,78,0,0,121,75,61.9834710743802,40,33.0578512396694,35,28.9256198347107,0,0,0,0,35,-168,0,1.55128205128205,0,0,0,0,0,0,0,0,0,0,
7/24/2026 8:16:00 PM,+07:00,4048.6,4049.6,4047.5,4048.6,74,91,91,0,-3.55,74,0,0,91,41,45.0549450549451,48,52.7472527472528,-7,-7.69230769230769,0,0,0,0,-7,-175,0,1.22972972972973,0,0,0,0,0,0,0,0,0,0,
7/24/2026 8:17:00 PM,+07:00,4048,4048.8,4047.4,4048.6,36,38,38,0,-3.4,36,0,0,38,15,39.4736842105263,14,36.8421052631579,1,2.63157894736842,0,0,0,0,1,-174,0,1.05555555555556,0,0,0,0,0,0,0,0,0,0,
7/24/2026 8:18:00 PM,+07:00,4048.3,4048.6,4046.9,4047.4,30,32,32,0,-4.25,30,0,0,32,10,31.25,22,68.75,-12,-37.5,0,0,0,0,-12,-186,0,1.06666666666667,0,0,0,0,0,0,0,0,0,0,
7/24/2026 8:19:00 PM,+07:00,4047.1,4048.3,4047,4048.3,37,39,39,0,-3.4,37,0,0,39,27,69.2307692307692,11,28.2051282051282,16,41.025641025641,0,0,0,0,16,-170,0,1.05405405405405,0,0,0,0,0,0,0,0,0,0,
7/24/2026 8:20:00 PM,+07:00,4048.8,4050,4047.9,4048.7,62,69,69,0,-2.75,62,0,0,69,35,50.7246376811594,24,34.7826086956522,11,15.9420289855072,0,0,0,0,11,-159,0,1.11290322580645,0,0,0,0,0,0,0,0,0,0,
7/24/2026 8:21:00 PM,+07:00,4048.3,4050.5,4048.3,4050.2,33,37,37,0,-1.3,33,0,0,37,28,75.6756756756757,9,24.3243243243243,19,51.3513513513514,0,0,0,0,19,-140,0,1.12121212121212,0,0,0,0,0,0,0,0,0,0,
7/24/2026 8:22:00 PM,+07:00,4049.9,4052.1,4049.4,4049.7,105,107,107,0,0.35,105,0,0,107,72,67.2897196261682,23,21.4953271028037,49,45.7943925233645,0,0,0,0,49,-91,0,1.01904761904762,0,0,0,0,0,0,0,0,0,0,
7/24/2026 8:23:00 PM,+07:00,4049.9,4050.2,4049.4,4050.2,19,21,21,0,-0.1,19,0,0,21,11,52.3809523809524,10,47.6190476190476,1,4.76190476190476,0,0,0,0,1,-90,0,1.10526315789474,0,0,0,0,0,0,0,0,0,0,
7/24/2026 8:24:00 PM,+07:00,4049.9,4050.3,4048,4048.8,79,81,81,0,-0.45,79,0,0,81,21,25.9259259259259,30,37.037037037037,-9,-11.1111111111111,0,0,0,0,-9,-99,0,1.0253164556962,0,0,0,0,0,0,0,0,0,0,
7/24/2026 8:25:00 PM,+07:00,4049.4,4050.5,4048.4,4049,37,38,38,0,0.75,37,0,0,38,14,36.8421052631579,19,50,-5,-13.1578947368421,0,0,0,0,-5,-104,0,1.02702702702703,0,0,0,0,0,0,0,0,0,0,
7/24/2026 8:26:00 PM,+07:00,4048.4,4049.1,4048,4049.1,31,32,32,0,1.55,31,0,0,32,11,34.375,11,34.375,0,0,0,0,0,0,0,-104,0,1.03225806451613,0,0,0,0,0,0,0,0,0,0,
7/24/2026 8:27:00 PM,+07:00,4049.5,4051,4049.5,4050.8,31,32,32,0,2.95,31,0,0,32,20,62.5,10,31.25,10,31.25,0,0,0,0,10,-94,0,1.03225806451613,0,0,0,0,0,0,0,0,0,0,
7/24/2026 8:28:00 PM,+07:00,4050.8,4050.8,4050,4050.3,34,42,42,0,6.65,34,0,0,42,26,61.9047619047619,16,38.0952380952381,10,23.8095238095238,0,0,0,0,10,-84,0,1.23529411764706,0,0,0,0,0,0,0,0,0,0,
7/24/2026 8:29:00 PM,+07:00,4050.1,4050.4,4048.7,4048.8,50,51,51,0,7.95,50,0,0,51,15,29.4117647058824,32,62.7450980392157,-17,-33.3333333333333,0,0,0,0,-17,-101,0,1.02,0,0,0,0,0,0,0,0,0,0,
7/24/2026 8:30:00 PM,+07:00,4048.5,4049.9,4047,4049.1,215,255,255,0,7.15,215,0,0,255,122,47.843137254902,120,47.0588235294118,2,0.784313725490196,0,0,0,0,2,-99,0,1.18604651162791,0,0,0,0,0,0,0,0,0,0,
7/24/2026 8:31:00 PM,+07:00,4049.3,4052.5,4048.1,4051.8,249,275,275,0,9.25,249,0,0,275,139,50.5454545454545,120,43.6363636363636,19,6.90909090909091,0,0,0,0,19,-80,0,1.10441767068273,0,0,0,0,0,0,0,0,0,0,
7/24/2026 8:32:00 PM,+07:00,4051.8,4052.7,4049.5,4050,56,60,60,0,6.3,56,0,0,60,29,48.3333333333333,30,50,-1,-1.66666666666667,0,0,0,0,-1,-81,0,1.07142857142857,0,0,0,0,0,0,0,0,0,0,
7/24/2026 8:33:00 PM,+07:00,4049.5,4052.7,4049.5,4052.2,70,77,77,0,6,70,0,0,77,37,48.051948051948,34,44.1558441558442,3,3.8961038961039,0,0,0,0,3,-78,0,1.1,0,0,0,0,0,0,0,0,0,0,
7/24/2026 8:34:00 PM,+07:00,4052.4,4052.6,4050,4051.6,52,58,58,0,6.2,52,0,0,58,25,43.1034482758621,26,44.8275862068966,-1,-1.72413793103448,0,0,0,0,-1,-79,0,1.11538461538462,0,0,0,0,0,0,0,0,0,0,
7/24/2026 8:35:00 PM,+07:00,4051.7,4054.5,4051.7,4054.5,132,144,144,0,4.8,132,0,0,144,69,47.9166666666667,62,43.0555555555556,7,4.86111111111111,0,0,0,0,7,-72,0,1.09090909090909,0,0,0,0,0,0,0,0,0,0,
7/24/2026 8:36:00 PM,+07:00,4054.1,4054.1,4052.4,4054,71,92,92,0,3.4,71,0,0,92,26,28.2608695652174,61,66.304347826087,-35,-38.0434782608696,0,0,0,0,-35,-107,0,1.29577464788732,0,0,0,0,0,0,0,0,0,0,
7/24/2026 8:37:00 PM,+07:00,4054.1,4057.9,4054.1,4057.3,174,186,186,0,6.85,174,0,0,186,125,67.2043010752688,55,29.5698924731183,70,37.6344086021505,0,0,0,0,70,-37,0,1.06896551724138,0,0,0,0,0,0,0,0,0,0,
7/24/2026 8:38:00 PM,+07:00,4057.3,4058.4,4056.7,4057.8,56,58,58,0,7.85,56,0,0,58,29,50,21,36.2068965517241,8,13.7931034482759,0,0,0,0,8,-29,0,1.03571428571429,0,0,0,0,0,0,0,0,0,0,
7/24/2026 8:39:00 PM,+07:00,4058.2,4059.5,4057.2,4058.6,110,119,119,0,7.65,110,0,0,119,62,52.1008403361345,50,42.0168067226891,12,10.0840336134454,0,0,0,0,12,-17,0,1.08181818181818,0,0,0,0,0,0,0,0,0,0,
7/24/2026 8:40:00 PM,+07:00,4058.8,4058.8,4055.8,4056.8,99,104,104,0,5.2,99,0,0,104,32,30.7692307692308,70,67.3076923076923,-38,-36.5384615384615,0,0,0,0,-38,-55,0,1.05050505050505,0,0,0,0,0,0,0,0,0,0,
7/24/2026 8:41:00 PM,+07:00,4056.9,4057.1,4055.5,4056.2,82,106,106,0,4.85,82,0,0,106,57,53.7735849056604,45,42.4528301886792,12,11.3207547169811,0,0,0,0,12,-43,0,1.29268292682927,0,0,0,0,0,0,0,0,0,0,
7/24/2026 8:42:00 PM,+07:00,4056.1,4056.1,4053.5,4053.9,122,138,138,0,-0.2,122,0,0,138,41,29.7101449275362,93,67.3913043478261,-52,-37.6811594202899,0,0,0,0,-52,-95,0,1.13114754098361,0,0,0,0,0,0,0,0,0,0,
7/24/2026 8:43:00 PM,+07:00,4054.6,4055.5,4053.7,4054,35,35,35,0,-0.4,35,0,0,35,15,42.8571428571429,18,51.4285714285714,-3,-8.57142857142857,0,0,0,0,-3,-98,0,1,0,0,0,0,0,0,0,0,0,0,
7/24/2026 8:44:00 PM,+07:00,4054.1,4054.6,4053.7,4054.4,50,60,60,0,0.35,50,0,0,60,31,51.6666666666667,25,41.6666666666667,6,10,0,0,0,0,6,-92,0,1.2,0,0,0,0,0,0,0,0,0,0,
7/24/2026 8:45:00 PM,+07:00,4054.2,4055.1,4050.3,4054.9,246,271,271,0,-1.15,246,0,0,271,111,40.9594095940959,146,53.8745387453875,-35,-12.9151291512915,0,0,0,0,-35,-127,0,1.10162601626016,0,0,0,0,0,0,0,0,0,0,
7/24/2026 8:46:00 PM,+07:00,4055.3,4058.2,4054.8,4058.2,72,82,82,0,-0.55,72,0,0,82,41,50,29,35.3658536585366,12,14.6341463414634,0,0,0,0,12,-115,0,1.13888888888889,0,0,0,0,0,0,0,0,0,0,
7/24/2026 8:47:00 PM,+07:00,4058.1,4058.8,4057.5,4058.4,49,54,54,0,-1,49,0,0,54,27,50,26,48.1481481481481,1,1.85185185185185,0,0,0,0,1,-114,0,1.10204081632653,0,0,0,0,0,0,0,0,0,0,
7/24/2026 8:48:00 PM,+07:00,4058,4062.3,4057.3,4061.9,238,251,251,0,4.55,238,0,0,251,181,72.1115537848606,60,23.9043824701195,121,48.207171314741,0,0,0,0,121,7,0,1.0546218487395,0,0,0,0,0,0,0,0,0,0,
7/24/2026 8:49:00 PM,+07:00,4062.2,4063.4,4059.7,4060.8,160,165,165,0,5.15,160,0,0,165,79,47.8787878787879,84,50.9090909090909,-5,-3.03030303030303,0,0,0,0,-5,2,0,1.03125,0,0,0,0,0,0,0,0,0,0,
7/24/2026 8:50:00 PM,+07:00,4060.3,4062.4,4059.2,4061.2,203,211,211,0,3.5,203,0,0,211,87,41.2322274881517,118,55.9241706161137,-31,-14.6919431279621,0,0,0,0,-31,-29,0,1.03940886699507,0,0,0,0,0,0,0,0,0,0,
7/24/2026 8:51:00 PM,+07:00,4061,4061.5,4058.5,4058.8,79,85,85,0,2,79,0,0,85,36,42.3529411764706,47,55.2941176470588,-11,-12.9411764705882,0,0,0,0,-11,-40,0,1.07594936708861,0,0,0,0,0,0,0,0,0,0,
7/24/2026 8:52:00 PM,+07:00,4058.9,4061.1,4058.2,4061.1,84,91,91,0,3.25,84,0,0,91,56,61.5384615384615,32,35.1648351648352,24,26.3736263736264,0,0,0,0,24,-16,0,1.08333333333333,0,0,0,0,0,0,0,0,0,0,
7/24/2026 8:53:00 PM,+07:00,4060.7,4061.3,4059.6,4060.5,35,36,36,0,3,35,0,0,36,17,47.2222222222222,19,52.7777777777778,-2,-5.55555555555556,0,0,0,0,-2,-18,0,1.02857142857143,0,0,0,0,0,0,0,0,0,0,
7/24/2026 8:54:00 PM,+07:00,4060.6,4064.1,4060,4062.3,213,243,243,0,7.4,213,0,0,243,162,66.6666666666666,75,30.8641975308642,87,35.8024691358025,0,0,0,0,87,69,0,1.14084507042254,0,0,0,0,0,0,0,0,0,0,
7/24/2026 8:55:00 PM,+07:00,4062.5,4062.5,4059.3,4060.7,152,192,192,0,4.15,152,0,0,192,66,34.375,124,64.5833333333334,-58,-30.2083333333333,0,0,0,0,-58,11,0,1.26315789473684,0,0,0,0,0,0,0,0,0,0,
7/24/2026 8:56:00 PM,+07:00,4060.7,4063.2,4060.7,4062.9,188,227,227,0,6.15,188,0,0,227,113,49.7797356828194,108,47.5770925110132,5,2.20264317180617,0,0,0,0,5,16,0,1.20744680851064,0,0,0,0,0,0,0,0,0,0,
7/24/2026 8:57:00 PM,+07:00,4062.1,4062.4,4060.8,4062.4,88,146,146,0,1.9,88,0,0,146,62,42.4657534246575,77,52.7397260273973,-15,-10.2739726027397,0,0,0,0,-15,1,0,1.65909090909091,0,0,0,0,0,0,0,0,0,0,
7/24/2026 8:58:00 PM,+07:00,4062.4,4069.7,4062,4069,511,703,703,0,8.25,511,0,0,703,408,58.0369843527738,273,38.8335704125178,135,19.203413940256,0,0,0,0,135,136,0,1.37573385518591,0,0,0,0,0,0,0,0,0,0,
7/24/2026 8:59:00 PM,+07:00,4069.1,4071.5,4068.2,4070,314,419,419,0,11.75,314,0,0,419,241,57.5178997613365,159,37.9474940334129,82,19.5704057279236,0,0,0,0,82,218,0,1.3343949044586,0,0,0,0,0,0,0,0,0,0,
7/24/2026 9:00:00 PM,+07:00,4069.9,4073,4068.6,4073,551,643,643,0,9.5,551,0,0,643,274,42.6127527216174,357,55.5209953343701,-83,-12.9082426127527,0,0,0,0,-83,135,0,1.16696914700544,0,0,0,0,0,0,0,0,0,0,
7/24/2026 9:01:00 PM,+07:00,4072.8,4072.9,4066.5,4069,570,740,740,0,-3.8,570,0,0,740,229,30.945945945946,483,65.2702702702703,-254,-34.3243243243243,0,0,0,0,-254,-119,0,1.29824561403509,0,0,0,0,0,0,0,0,0,0,
7/24/2026 9:02:00 PM,+07:00,4068.6,4071,4068.4,4069.3,144,184,184,0,-0.55,144,0,0,184,95,51.6304347826087,82,44.5652173913043,13,7.06521739130435,0,0,0,0,13,-106,0,1.27777777777778,0,0,0,0,0,0,0,0,0,0,
7/24/2026 9:03:00 PM,+07:00,4069.4,4071,4067.7,4067.9,155,193,193,0,-2.55,155,0,0,193,71,36.7875647668394,114,59.0673575129534,-43,-22.279792746114,0,0,0,0,-43,-149,0,1.24516129032258,0,0,0,0,0,0,0,0,0,0,
7/24/2026 9:04:00 PM,+07:00,4067.7,4068.2,4065.5,4065.5,123,136,136,0,-4.15,123,0,0,136,51,37.5,77,56.6176470588235,-26,-19.1176470588235,0,0,0,0,-26,-175,0,1.10569105691057,0,0,0,0,0,0,0,0,0,0,
7/24/2026 9:05:00 PM,+07:00,4065.8,4067.9,4065.8,4066.5,73,91,91,0,-1.55,73,0,0,91,52,57.1428571428571,35,38.4615384615385,17,18.6813186813187,0,0,0,0,17,-158,0,1.24657534246575,0,0,0,0,0,0,0,0,0,0,
7/24/2026 9:06:00 PM,+07:00,4066.4,4066.9,4063.1,4063.4,125,155,155,0,-3.95,125,0,0,155,58,37.4193548387097,94,60.6451612903226,-36,-23.2258064516129,0,0,0,0,-36,-194,0,1.24,0,0,0,0,0,0,0,0,0,0,
7/24/2026 9:07:00 PM,+07:00,4063.5,4063.6,4060.3,4061,483,734,734,0,1.4,483,0,0,734,408,55.5858310626703,300,40.8719346049046,108,14.7138964577657,0,0,0,0,108,-86,0,1.51966873706004,0,0,0,0,0,0,0,0,0,0,
7/24/2026 9:08:00 PM,+07:00,4061.3,4063.7,4061,4062,203,325,325,0,-8.5,203,0,0,325,109,33.5384615384615,186,57.2307692307692,-77,-23.6923076923077,0,0,0,0,-77,-163,0,1.60098522167488,0,0,0,0,0,0,0,0,0,0,
7/24/2026 9:09:00 PM,+07:00,4062.1,4065.5,4061,4065.5,149,167,167,0,-6.75,149,0,0,167,93,55.688622754491,63,37.7245508982036,30,17.9640718562874,0,0,0,0,30,-133,0,1.12080536912752,0,0,0,0,0,0,0,0,0,0,
7/24/2026 9:10:00 PM,+07:00,4065.4,4066.7,4064.1,4064.9,105,127,127,0,-4.6,105,0,0,127,67,52.755905511811,55,43.3070866141732,12,9.44881889763779,0,0,0,0,12,-121,0,1.20952380952381,0,0,0,0,0,0,0,0,0,0,
7/24/2026 9:11:00 PM,+07:00,4064.7,4064.8,4062.9,4064.2,92,134,134,0,-3.75,92,0,0,134,66,49.2537313432836,60,44.7761194029851,6,4.47761194029851,0,0,0,0,6,-115,0,1.45652173913043,0,0,0,0,0,0,0,0,0,0,
7/24/2026 9:12:00 PM,+07:00,4064.1,4064.9,4062.3,4062.3,84,100,100,0,-3.7,84,0,0,100,62,62,37,37,25,25,0,0,0,0,25,-90,0,1.19047619047619,0,0,0,0,0,0,0,0,0,0,
7/24/2026 9:13:00 PM,+07:00,4062.3,4064.2,4062.3,4063.1,89,91,91,0,-3.95,89,0,0,91,40,43.956043956044,47,51.6483516483517,-7,-7.69230769230769,0,0,0,0,-7,-97,0,1.02247191011236,0,0,0,0,0,0,0,0,0,0,
7/24/2026 9:14:00 PM,+07:00,4062.7,4064.7,4061.7,4061.7,62,71,71,0,-8.65,62,0,0,71,31,43.6619718309859,38,53.5211267605634,-7,-9.85915492957746,0,0,0,0,-7,-104,0,1.14516129032258,0,0,0,0,0,0,0,0,0,0,
7/24/2026 9:15:00 PM,+07:00,4061.9,4063.2,4060.7,4061.5,91,105,105,0,-6.35,91,0,0,105,44,41.9047619047619,56,53.3333333333333,-12,-11.4285714285714,0,0,0,0,-12,-116,0,1.15384615384615,0,0,0,0,0,0,0,0,0,0,
7/24/2026 9:16:00 PM,+07:00,4061.2,4062.2,4061,4061.7,46,49,49,0,-6.55,46,0,0,49,24,48.9795918367347,23,46.9387755102041,1,2.04081632653061,0,0,0,0,1,-115,0,1.06521739130435,0,0,0,0,0,0,0,0,0,0,
7/24/2026 9:17:00 PM,+07:00,4061.1,4061.1,4058.4,4059.8,244,273,273,0,-9.15,244,0,0,273,103,37.7289377289377,170,62.2710622710623,-67,-24.5421245421245,0,0,0,0,-67,-182,0,1.11885245901639,0,0,0,0,0,0,0,0,0,0,
7/24/2026 9:18:00 PM,+07:00,4060,4060.8,4058.9,4059.8,106,140,140,0,-16.6,106,0,0,140,63,45,77,55,-14,-10,0,0,0,0,-14,-196,0,1.32075471698113,0,0,0,0,0,0,0,0,0,0,
7/24/2026 9:19:00 PM,+07:00,4059.9,4061.2,4058.7,4060.9,82,99,99,0,-20.25,82,0,0,99,52,52.5252525252525,43,43.4343434343434,9,9.09090909090909,0,0,0,0,9,-187,0,1.20731707317073,0,0,0,0,0,0,0,0,0,0,
7/24/2026 9:20:00 PM,+07:00,4061,4061.6,4059.7,4061.5,52,52,52,0,-15.95,52,0,0,52,25,48.0769230769231,22,42.3076923076923,3,5.76923076923077,0,0,0,0,3,-184,0,1,0,0,0,0,0,0,0,0,0,0,
7/24/2026 9:21:00 PM,+07:00,4061.5,4064.1,4061,4063.8,115,125,125,0,-0.55,115,0,0,125,89,71.2,35,28,54,43.2,0,0,0,0,54,-130,0,1.08695652173913,0,0,0,0,0,0,0,0,0,0,
7/24/2026 9:22:00 PM,+07:00,4063.7,4064.8,4063.4,4064.3,69,83,83,0,-1.5,69,0,0,83,36,43.3734939759036,42,50.6024096385542,-6,-7.2289156626506,0,0,0,0,-6,-136,0,1.20289855072464,0,0,0,0,0,0,0,0,0,0,
7/24/2026 9:23:00 PM,+07:00,4064.9,4066.8,4064.1,4065.2,110,138,138,0,3.15,110,0,0,138,89,64.4927536231884,39,28.2608695652174,50,36.231884057971,0,0,0,0,50,-86,0,1.25454545454545,0,0,0,0,0,0,0,0,0,0,
7/24/2026 9:24:00 PM,+07:00,4065.5,4067.7,4065.5,4067.4,105,111,111,0,6.1,105,0,0,111,72,64.8648648648649,39,35.1351351351351,33,29.7297297297297,0,0,0,0,33,-53,0,1.05714285714286,0,0,0,0,0,0,0,0,0,0,
7/24/2026 9:25:00 PM,+07:00,4067.9,4070,4067.4,4069,169,192,192,0,7.35,169,0,0,192,114,59.375,72,37.5,42,21.875,0,0,0,0,42,-11,0,1.13609467455621,0,0,0,0,0,0,0,0,0,0,
7/24/2026 9:26:00 PM,+07:00,4069.1,4072.3,4068.9,4071.4,178,194,194,0,9.55,178,0,0,194,99,51.0309278350515,91,46.9072164948454,8,4.12371134020618,0,0,0,0,8,-3,0,1.08988764044944,0,0,0,0,0,0,0,0,0,0,
7/24/2026 9:27:00 PM,+07:00,4071.1,4071.5,4067.3,4068.6,133,144,144,0,4.75,133,0,0,144,74,51.3888888888889,62,43.0555555555556,12,8.33333333333333,0,0,0,0,12,9,0,1.08270676691729,0,0,0,0,0,0,0,0,0,0,
7/24/2026 9:28:00 PM,+07:00,4068.7,4069,4067.8,4068.6,49,51,51,0,8.2,49,0,0,51,17,33.3333333333333,25,49.0196078431372,-8,-15.6862745098039,0,0,0,0,-8,1,0,1.04081632653061,0,0,0,0,0,0,0,0,0,0,
7/24/2026 9:29:00 PM,+07:00,4068.6,4069.8,4068.2,4068.9,48,49,49,0,6.7,48,0,0,49,23,46.9387755102041,23,46.9387755102041,0,0,0,0,0,0,0,1,0,1.02083333333333,0,0,0,0,0,0,0,0,0,0,
7/24/2026 9:30:00 PM,+07:00,4069,4070.3,4067.7,4068.5,51,52,52,0,6.3,51,0,0,52,27,51.9230769230769,23,44.2307692307692,4,7.69230769230769,0,0,0,0,4,5,0,1.01960784313725,0,0,0,0,0,0,0,0,0,0,
7/24/2026 9:31:00 PM,+07:00,4068.5,4070,4068.4,4069.8,60,79,79,0,5.45,60,0,0,79,32,40.5063291139241,43,54.4303797468354,-11,-13.9240506329114,0,0,0,0,-11,-6,0,1.31666666666667,0,0,0,0,0,0,0,0,0,0,
7/24/2026 9:32:00 PM,+07:00,4069.9,4070.4,4068.3,4069.6,67,75,75,0,3.95,67,0,0,75,25,33.3333333333333,30,40,-5,-6.66666666666667,0,0,0,0,-5,-11,0,1.11940298507463,0,0,0,0,0,0,0,0,0,0,
7/24/2026 9:33:00 PM,+07:00,4070,4071.1,4069.1,4069.2,74,77,77,0,4.4,74,0,0,77,35,45.4545454545455,33,42.8571428571429,2,2.5974025974026,0,0,0,0,2,-9,0,1.04054054054054,0,0,0,0,0,0,0,0,0,0,
7/24/2026 9:34:00 PM,+07:00,4068.9,4068.9,4067.4,4067.4,49,56,56,0,5.35,49,0,0,56,34,60.7142857142857,22,39.2857142857143,12,21.4285714285714,0,0,0,0,12,3,0,1.14285714285714,0,0,0,0,0,0,0,0,0,0,
7/24/2026 9:35:00 PM,+07:00,4067.8,4069.8,4067.6,4068.9,60,61,61,0,6.1,60,0,0,61,31,50.8196721311475,28,45.9016393442623,3,4.91803278688525,0,0,0,0,3,6,0,1.01666666666667,0,0,0,0,0,0,0,0,0,0,
7/24/2026 9:36:00 PM,+07:00,4068.8,4069.4,4066.8,4067.1,61,62,62,0,5.15,61,0,0,62,18,29.0322580645161,36,58.0645161290323,-18,-29.0322580645161,0,0,0,0,-18,-12,0,1.01639344262295,0,0,0,0,0,0,0,0,0,0,
7/24/2026 9:37:00 PM,+07:00,4067.2,4067.3,4065.3,4065.4,131,158,158,0,6.55,131,0,0,158,56,35.4430379746835,95,60.126582278481,-39,-24.6835443037975,0,0,0,0,-39,-51,0,1.20610687022901,0,0,0,0,0,0,0,0,0,0,
7/24/2026 9:38:00 PM,+07:00,4065.4,4066,4064.4,4064.5,73,84,84,0,5.7,73,0,0,84,26,30.952380952381,57,67.8571428571429,-31,-36.9047619047619,0,0,0,0,-31,-82,0,1.15068493150685,0,0,0,0,0,0,0,0,0,0,
7/24/2026 9:39:00 PM,+07:00,4065,4065,4062.1,4063.6,120,165,165,0,4.95,120,0,0,165,75,45.4545454545455,81,49.0909090909091,-6,-3.63636363636364,0,0,0,0,-6,-88,0,1.375,0,0,0,0,0,0,0,0,0,0,
7/24/2026 9:40:00 PM,+07:00,4063.5,4064.2,4062.9,4064.1,47,53,53,0,4.5,47,0,0,53,23,43.3962264150943,29,54.7169811320755,-6,-11.3207547169811,0,0,0,0,-6,-94,0,1.12765957446808,0,0,0,0,0,0,0,0,0,0,
7/24/2026 9:41:00 PM,+07:00,4063.9,4065.4,4063.1,4064.9,60,66,66,0,1.9,60,0,0,66,31,46.969696969697,29,43.9393939393939,2,3.03030303030303,0,0,0,0,2,-92,0,1.1,0,0,0,0,0,0,0,0,0,0,
7/24/2026 9:42:00 PM,+07:00,4064.7,4064.7,4062,4062.8,49,56,56,0,1.8,49,0,0,56,20,35.7142857142857,28,50,-8,-14.2857142857143,0,0,0,0,-8,-100,0,1.14285714285714,0,0,0,0,0,0,0,0,0,0,
7/24/2026 9:43:00 PM,+07:00,4062.8,4064.7,4062.4,4064.6,22,22,22,0,-0.5,22,0,0,22,12,54.5454545454545,8,36.3636363636364,4,18.1818181818182,0,0,0,0,4,-96,0,1,0,0,0,0,0,0,0,0,0,0,
7/24/2026 9:44:00 PM,+07:00,4064.5,4065.4,4063.1,4063.1,128,133,133,0,-3.3,128,0,0,133,54,40.6015037593985,77,57.8947368421053,-23,-17.2932330827068,0,0,0,0,-23,-119,0,1.0390625,0,0,0,0,0,0,0,0,0,0,
7/24/2026 9:45:00 PM,+07:00,4063.5,4063.9,4061.7,4062,79,105,105,0,-5.5,79,0,0,105,48,45.7142857142857,50,47.6190476190476,-2,-1.9047619047619,0,0,0,0,-2,-121,0,1.32911392405063,0,0,0,0,0,0,0,0,0,0,
7/24/2026 9:46:00 PM,+07:00,4061.6,4064.4,4061.4,4064.3,68,69,69,0,-5.55,68,0,0,69,36,52.1739130434783,29,42.0289855072464,7,10.1449275362319,0,0,0,0,7,-114,0,1.01470588235294,0,0,0,0,0,0,0,0,0,0,
7/24/2026 9:47:00 PM,+07:00,4064.2,4064.8,4062.5,4062.5,89,103,103,0,-5.55,89,0,0,103,52,50.4854368932039,40,38.8349514563107,12,11.6504854368932,0,0,0,0,12,-102,0,1.15730337078652,0,0,0,0,0,0,0,0,0,0,
7/24/2026 9:48:00 PM,+07:00,4063,4064.4,4063,4063.6,27,28,28,0,-4.8,27,0,0,28,16,57.1428571428571,9,32.1428571428571,7,25,0,0,0,0,7,-95,0,1.03703703703704,0,0,0,0,0,0,0,0,0,0,
7/24/2026 9:49:00 PM,+07:00,4063.2,4066.7,4062.7,4065.9,86,100,100,0,-2.7,86,0,0,100,70,70,28,28,42,42,0,0,0,0,42,-53,0,1.16279069767442,0,0,0,0,0,0,0,0,0,0,
7/24/2026 9:50:00 PM,+07:00,4066.3,4067.8,4065.8,4067,62,62,62,0,-3.2,62,0,0,62,24,38.7096774193548,30,48.3870967741936,-6,-9.67741935483871,0,0,0,0,-6,-59,0,1,0,0,0,0,0,0,0,0,0,0,
7/24/2026 9:51:00 PM,+07:00,4067.2,4067.2,4065.9,4066.5,30,36,36,0,-2.65,30,0,0,36,18,50,18,50,0,0,0,0,0,0,0,-59,0,1.2,0,0,0,0,0,0,0,0,0,0,
7/24/2026 9:52:00 PM,+07:00,4066.2,4066.2,4064,4064.2,80,91,91,0,-4,80,0,0,91,28,30.7692307692308,60,65.9340659340659,-32,-35.1648351648352,0,0,0,0,-32,-91,0,1.1375,0,0,0,0,0,0,0,0,0,0,
7/24/2026 9:53:00 PM,+07:00,4064.5,4065.4,4064.4,4064.9,17,17,17,0,-4.15,17,0,0,17,5,29.4117647058824,6,35.2941176470588,-1,-5.88235294117647,0,0,0,0,-1,-92,0,1,0,0,0,0,0,0,0,0,0,0,
7/24/2026 9:54:00 PM,+07:00,4064.4,4065,4063.9,4064.3,22,23,23,0,-4.7,22,0,0,23,8,34.7826086956522,7,30.4347826086957,1,4.34782608695652,0,0,0,0,1,-91,0,1.04545454545455,0,0,0,0,0,0,0,0,0,0,
7/24/2026 9:55:00 PM,+07:00,4064.3,4065.1,4064.2,4064.6,14,15,15,0,-4.7,14,0,0,15,8,53.3333333333333,5,33.3333333333333,3,20,0,0,0,0,3,-88,0,1.07142857142857,0,0,0,0,0,0,0,0,0,0,
7/24/2026 9:56:00 PM,+07:00,4064.2,4067.4,4064.2,4067.1,57,61,61,0,-3,57,0,0,61,34,55.7377049180328,18,29.5081967213115,16,26.2295081967213,0,0,0,0,16,-72,0,1.07017543859649,0,0,0,0,0,0,0,0,0,0,
7/24/2026 9:57:00 PM,+07:00,4067.2,4069.4,4067.2,4069,99,110,110,0,1.6,99,0,0,110,80,72.7272727272727,27,24.5454545454545,53,48.1818181818182,0,0,0,0,53,-19,0,1.11111111111111,0,0,0,0,0,0,0,0,0,0,
7/24/2026 9:58:00 PM,+07:00,4068.7,4068.7,4067.6,4068,45,58,58,0,3,45,0,0,58,26,44.8275862068966,29,50,-3,-5.17241379310345,0,0,0,0,-3,-22,0,1.28888888888889,0,0,0,0,0,0,0,0,0,0,
7/24/2026 9:59:00 PM,+07:00,4068,4068.2,4065.6,4066.2,63,66,66,0,2.2,63,0,0,66,21,31.8181818181818,43,65.1515151515152,-22,-33.3333333333333,0,0,0,0,-22,-44,0,1.04761904761905,0,0,0,0,0,0,0,0,0,0,
7/24/2026 10:00:00 PM,+07:00,4066.1,4067,4064.8,4066.6,74,78,78,0,1.8,74,0,0,78,31,39.7435897435897,45,57.6923076923077,-14,-17.948717948718,0,0,0,0,-14,-58,0,1.05405405405405,0,0,0,0,0,0,0,0,0,0,
7/24/2026 10:01:00 PM,+07:00,4067.1,4068.5,4066.5,4068.5,60,60,60,0,2.35,60,0,0,60,36,60,23,38.3333333333333,13,21.6666666666667,0,0,0,0,13,-45,0,1,0,0,0,0,0,0,0,0,0,0,
7/24/2026 10:02:00 PM,+07:00,4068.4,4070.1,4068.3,4068.5,119,123,123,0,3.7,119,0,0,123,66,53.6585365853659,47,38.2113821138211,19,15.4471544715447,0,0,0,0,19,-26,0,1.03361344537815,0,0,0,0,0,0,0,0,0,0,
7/24/2026 10:03:00 PM,+07:00,4069,4069.1,4067.6,4067.6,51,52,52,0,3.15,51,0,0,52,21,40.3846153846154,28,53.8461538461538,-7,-13.4615384615385,0,0,0,0,-7,-33,0,1.01960784313725,0,0,0,0,0,0,0,0,0,0,
7/24/2026 10:04:00 PM,+07:00,4067,4067.9,4066.3,4067.9,80,83,83,0,5.45,80,0,0,83,52,62.6506024096386,29,34.9397590361446,23,27.710843373494,0,0,0,0,23,-10,0,1.0375,0,0,0,0,0,0,0,0,0,0,
7/24/2026 10:05:00 PM,+07:00,4067,4067.9,4066.4,4066.9,40,40,40,0,5.35,40,0,0,40,18,45,22,55,-4,-10,0,0,0,0,-4,-14,0,1,0,0,0,0,0,0,0,0,0,0,
7/24/2026 10:06:00 PM,+07:00,4066.7,4066.9,4064.9,4065.6,35,67,67,0,6.1,35,0,0,67,44,65.6716417910448,22,32.8358208955224,22,32.8358208955224,0,0,0,0,22,8,0,1.91428571428571,0,0,0,0,0,0,0,0,0,0,
7/24/2026 10:07:00 PM,+07:00,4065,4065.5,4064.7,4064.8,39,42,42,0,5.05,39,0,0,42,15,35.7142857142857,24,57.1428571428571,-9,-21.4285714285714,0,0,0,0,-9,-1,0,1.07692307692308,0,0,0,0,0,0,0,0,0,0,
7/24/2026 10:08:00 PM,+07:00,4065.2,4065.9,4065,4065.5,16,16,16,0,4.4,16,0,0,16,5,31.25,11,68.75,-6,-37.5,0,0,0,0,-6,-7,0,1,0,0,0,0,0,0,0,0,0,0,
7/24/2026 10:09:00 PM,+07:00,4066,4066.6,4065.9,4066.5,17,17,17,0,2.3,17,0,0,17,8,47.0588235294118,8,47.0588235294118,0,0,0,0,0,0,0,-7,0,1,0,0,0,0,0,0,0,0,0,0,
7/24/2026 10:10:00 PM,+07:00,4066.9,4075.2,4066.9,4073.4,344,403,403,0,8.85,344,0,0,403,255,63.2754342431762,130,32.258064516129,125,31.0173697270471,0,0,0,0,125,118,0,1.17151162790698,0,0,0,0,0,0,0,0,0,0,
7/24/2026 10:11:00 PM,+07:00,4073.6,4078,4071.7,4072.2,572,663,663,0,13.1,572,0,0,663,363,54.7511312217195,278,41.9306184012066,85,12.8205128205128,0,0,0,0,85,203,0,1.15909090909091,0,0,0,0,0,0,0,0,0,0,
7/24/2026 10:12:00 PM,+07:00,4072.1,4073.3,4069.5,4069.9,109,117,117,0,15.15,109,0,0,117,63,53.8461538461538,54,46.1538461538462,9,7.69230769230769,0,0,0,0,9,212,0,1.07339449541284,0,0,0,0,0,0,0,0,0,0,
7/24/2026 10:13:00 PM,+07:00,4070.2,4073,4069.7,4072.5,113,161,161,0,14.05,113,0,0,161,65,40.3726708074534,88,54.6583850931677,-23,-14.2857142857143,0,0,0,0,-23,189,0,1.42477876106195,0,0,0,0,0,0,0,0,0,0,
7/24/2026 10:14:00 PM,+07:00,4072.3,4080,4072.3,4077.9,491,563,563,0,19.25,491,0,0,563,319,56.6607460035524,214,38.0106571936057,105,18.6500888099467,0,0,0,0,105,294,0,1.14663951120163,0,0,0,0,0,0,0,0,0,0,
7/24/2026 10:15:00 PM,+07:00,4077.7,4083.5,4075,4081.3,703,811,811,0,27.55,703,0,0,811,461,56.8434032059186,292,36.0049321824908,169,20.8384710234279,0,0,0,0,169,463,0,1.15362731152205,0,0,0,0,0,0,0,0,0,0,
7/24/2026 10:16:00 PM,+07:00,4081.4,4082.7,4078.5,4080.8,396,555,555,0,27.25,396,0,0,555,270,48.6486486486486,260,46.8468468468468,10,1.8018018018018,0,0,0,0,10,473,0,1.40151515151515,0,0,0,0,0,0,0,0,0,0,
7/24/2026 10:17:00 PM,+07:00,4080.9,4083,4080.4,4081.6,335,388,388,0,26.9,335,0,0,388,214,55.1546391752577,168,43.298969072165,46,11.8556701030928,0,0,0,0,46,519,0,1.15820895522388,0,0,0,0,0,0,0,0,0,0,
7/24/2026 10:18:00 PM,+07:00,4081.9,4083.3,4079.3,4082.3,343,388,388,0,29.5,343,0,0,388,214,55.1546391752577,165,42.5257731958763,49,12.6288659793814,0,0,0,0,49,568,0,1.13119533527697,0,0,0,0,0,0,0,0,0,0,
7/24/2026 10:19:00 PM,+07:00,4082,4084.5,4078.1,4080.4,435,520,520,0,34.7,435,0,0,520,278,53.4615384615385,196,37.6923076923077,82,15.7692307692308,0,0,0,0,82,650,0,1.19540229885057,0,0,0,0,0,0,0,0,0,0,
7/24/2026 10:20:00 PM,+07:00,4080.2,4085.2,4079.6,4084.7,376,429,429,0,33.75,376,0,0,429,181,42.1911421911422,214,49.8834498834499,-33,-7.69230769230769,0,0,0,0,-33,617,0,1.14095744680851,0,0,0,0,0,0,0,0,0,0,
7/24/2026 10:21:00 PM,+07:00,4085,4085,4080,4080.3,281,344,344,0,33.4,281,0,0,344,164,47.6744186046512,158,45.9302325581395,6,1.74418604651163,0,0,0,0,6,623,0,1.22419928825623,0,0,0,0,0,0,0,0,0,0,
7/24/2026 10:22:00 PM,+07:00,4080.6,4080.6,4077.6,4077.6,109,110,110,0,32.75,109,0,0,110,55,50,49,44.5454545454545,6,5.45454545454545,0,0,0,0,6,629,0,1.00917431192661,0,0,0,0,0,0,0,0,0,0,
7/24/2026 10:23:00 PM,+07:00,4077.5,4078.1,4076.7,4077.9,98,106,106,0,34.1,98,0,0,106,63,59.4339622641509,43,40.5660377358491,20,18.8679245283019,0,0,0,0,20,649,0,1.08163265306122,0,0,0,0,0,0,0,0,0,0,
7/24/2026 10:24:00 PM,+07:00,4077,4078.4,4075.8,4077,165,175,175,0,33.3,165,0,0,175,90,51.4285714285714,83,47.4285714285714,7,4,0,0,0,0,7,656,0,1.06060606060606,0,0,0,0,0,0,0,0,0,0,
7/24/2026 10:25:00 PM,+07:00,4077.2,4078.6,4077.2,4077.2,101,114,114,0,32.6,101,0,0,114,46,40.3508771929824,64,56.140350877193,-18,-15.7894736842105,0,0,0,0,-18,638,0,1.12871287128713,0,0,0,0,0,0,0,0,0,0,
7/24/2026 10:26:00 PM,+07:00,4077.2,4077.6,4076.1,4076.2,51,56,56,0,31.25,51,0,0,56,25,44.6428571428571,30,53.5714285714286,-5,-8.92857142857143,0,0,0,0,-5,633,0,1.09803921568627,0,0,0,0,0,0,0,0,0,0,
7/24/2026 10:27:00 PM,+07:00,4076.5,4077.6,4075.4,4077.4,74,80,80,0,32.05,74,0,0,80,39,48.75,32,40,7,8.75,0,0,0,0,7,640,0,1.08108108108108,0,0,0,0,0,0,0,0,0,0,
7/24/2026 10:28:00 PM,+07:00,4077,4080.1,4077,4078.6,100,107,107,0,33.85,100,0,0,107,66,61.6822429906542,36,33.6448598130841,30,28.0373831775701,0,0,0,0,30,670,0,1.07,0,0,0,0,0,0,0,0,0,0,
7/24/2026 10:29:00 PM,+07:00,4078.7,4078.8,4077.2,4077.9,80,88,88,0,33.5,80,0,0,88,40,45.4545454545455,47,53.4090909090909,-7,-7.95454545454545,0,0,0,0,-7,663,0,1.1,0,0,0,0,0,0,0,0,0,0,
7/24/2026 10:30:00 PM,+07:00,4078.2,4078.9,4077,4077.2,120,131,131,0,27.65,120,0,0,131,59,45.0381679389313,51,38.9312977099237,8,6.10687022900763,0,0,0,0,8,671,0,1.09166666666667,0,0,0,0,0,0,0,0,0,0,
7/24/2026 10:31:00 PM,+07:00,4077.2,4079.9,4077.2,4079.9,91,93,93,0,22.25,91,0,0,93,33,35.4838709677419,56,60.2150537634409,-23,-24.7311827956989,0,0,0,0,-23,648,0,1.02197802197802,0,0,0,0,0,0,0,0,0,0,
7/24/2026 10:32:00 PM,+07:00,4079.4,4079.7,4077.7,4078.3,77,103,103,0,21.8,77,0,0,103,50,48.5436893203884,50,48.5436893203884,0,0,0,0,0,0,0,648,0,1.33766233766234,0,0,0,0,0,0,0,0,0,0,
7/24/2026 10:33:00 PM,+07:00,4078.4,4079.3,4077.6,4078.2,40,41,41,0,22.85,40,0,0,41,17,41.4634146341463,19,46.3414634146342,-2,-4.8780487804878,0,0,0,0,-2,646,0,1.025,0,0,0,0,0,0,0,0,0,0,
7/24/2026 10:34:00 PM,+07:00,4078.7,4078.8,4077,4077.1,20,20,20,0,17.55,20,0,0,20,8,40,9,45,-1,-5,0,0,0,0,-1,645,0,1,0,0,0,0,0,0,0,0,0,0,
7/24/2026 10:35:00 PM,+07:00,4077,4077.9,4076.7,4076.9,63,96,96,0,10.5,63,0,0,96,61,63.5416666666667,33,34.375,28,29.1666666666667,0,0,0,0,28,673,0,1.52380952380952,0,0,0,0,0,0,0,0,0,0,
7/24/2026 10:36:00 PM,+07:00,4077.2,4078.6,4076.4,4078.5,80,95,95,0,10.1,80,0,0,95,40,42.1052631578947,38,40,2,2.10526315789474,0,0,0,0,2,675,0,1.1875,0,0,0,0,0,0,0,0,0,0,
7/24/2026 10:37:00 PM,+07:00,4078.7,4081.2,4078.2,4081,84,85,85,0,9.2,84,0,0,85,52,61.1764705882353,24,28.2352941176471,28,32.9411764705882,0,0,0,0,28,703,0,1.01190476190476,0,0,0,0,0,0,0,0,0,0,
7/24/2026 10:38:00 PM,+07:00,4081.2,4081.6,4079.8,4080.5,64,69,69,0,5.6,64,0,0,69,22,31.8840579710145,45,65.2173913043478,-23,-33.3333333333333,0,0,0,0,-23,680,0,1.078125,0,0,0,0,0,0,0,0,0,0,
7/24/2026 10:39:00 PM,+07:00,4080.8,4082,4080.3,4080.9,69,124,124,0,-1.15,69,0,0,124,35,28.2258064516129,88,70.9677419354839,-53,-42.741935483871,0,0,0,0,-53,627,0,1.79710144927536,0,0,0,0,0,0,0,0,0,0,
7/24/2026 10:40:00 PM,+07:00,4080.8,4082.5,4080.6,4082.2,62,66,66,0,0.8,62,0,0,66,33,50,27,40.9090909090909,6,9.09090909090909,0,0,0,0,6,633,0,1.06451612903226,0,0,0,0,0,0,0,0,0,0,
7/24/2026 10:41:00 PM,+07:00,4081.9,4081.9,4077.2,4079.5,214,230,230,0,-3.1,214,0,0,230,71,30.8695652173913,143,62.1739130434783,-72,-31.304347826087,0,0,0,0,-72,561,0,1.07476635514019,0,0,0,0,0,0,0,0,0,0,
7/24/2026 10:42:00 PM,+07:00,4079.4,4079.5,4077,4077,128,141,141,0,-2.6,128,0,0,141,74,52.4822695035461,58,41.1347517730496,16,11.3475177304965,0,0,0,0,16,577,0,1.1015625,0,0,0,0,0,0,0,0,0,0,
7/24/2026 10:43:00 PM,+07:00,4077.1,4077.7,4073.8,4075.4,162,182,182,0,-4.05,162,0,0,182,82,45.0549450549451,91,50,-9,-4.94505494505494,0,0,0,0,-9,568,0,1.12345679012346,0,0,0,0,0,0,0,0,0,0,
7/24/2026 10:44:00 PM,+07:00,4075.7,4076.6,4074.7,4075.1,57,70,70,0,-3.6,57,0,0,70,42,60,26,37.1428571428571,16,22.8571428571429,0,0,0,0,16,584,0,1.2280701754386,0,0,0,0,0,0,0,0,0,0,
7/24/2026 10:45:00 PM,+07:00,4075.1,4076.4,4074.2,4075.3,72,87,87,0,-2.8,72,0,0,87,38,43.6781609195402,40,45.9770114942529,-2,-2.29885057471264,0,0,0,0,-2,582,0,1.20833333333333,0,0,0,0,0,0,0,0,0,0,
7/24/2026 10:46:00 PM,+07:00,4075.2,4075.6,4073.5,4073.8,63,82,82,0,-4.35,63,0,0,82,20,24.390243902439,56,68.2926829268293,-36,-43.9024390243902,0,0,0,0,-36,546,0,1.3015873015873,0,0,0,0,0,0,0,0,0,0,
7/24/2026 10:47:00 PM,+07:00,4074,4075.8,4073.8,4074.1,69,82,82,0,-5.8,69,0,0,82,25,30.4878048780488,47,57.3170731707317,-22,-26.8292682926829,0,0,0,0,-22,524,0,1.18840579710145,0,0,0,0,0,0,0,0,0,0,
7/24/2026 10:48:00 PM,+07:00,4074.4,4075.6,4073.7,4075.6,43,54,54,0,-7.7,43,0,0,54,23,42.5925925925926,31,57.4074074074074,-8,-14.8148148148148,0,0,0,0,-8,516,0,1.25581395348837,0,0,0,0,0,0,0,0,0,0,
7/24/2026 10:49:00 PM,+07:00,4075,4075.9,4074.7,4075.8,42,43,43,0,-6.8,42,0,0,43,25,58.1395348837209,14,32.5581395348837,11,25.5813953488372,0,0,0,0,11,527,0,1.02380952380952,0,0,0,0,0,0,0,0,0,0,
7/24/2026 10:50:00 PM,+07:00,4076.1,4077.2,4075.7,4076.8,55,55,55,0,-6.2,55,0,0,55,36,65.4545454545454,16,29.0909090909091,20,36.3636363636364,0,0,0,0,20,547,0,1,0,0,0,0,0,0,0,0,0,0,
7/24/2026 10:51:00 PM,+07:00,4076.7,4077.3,4076.5,4077,24,24,24,0,-4.8,24,0,0,24,12,50,7,29.1666666666667,5,20.8333333333333,0,0,0,0,5,552,0,1,0,0,0,0,0,0,0,0,0,0,
7/24/2026 10:52:00 PM,+07:00,4077.3,4078.2,4077,4077.7,46,51,51,0,-3.95,46,0,0,51,28,54.9019607843137,11,21.5686274509804,17,33.3333333333333,0,0,0,0,17,569,0,1.10869565217391,0,0,0,0,0,0,0,0,0,0,
7/24/2026 10:53:00 PM,+07:00,4077.3,4078.8,4077.1,4078.5,44,70,70,0,-2.95,44,0,0,70,42,60,24,34.2857142857143,18,25.7142857142857,0,0,0,0,18,587,0,1.59090909090909,0,0,0,0,0,0,0,0,0,0,
7/24/2026 10:54:00 PM,+07:00,4078.9,4079,4077.7,4078.4,30,33,33,0,-2.15,30,0,0,33,24,72.7272727272727,9,27.2727272727273,15,45.4545454545455,0,0,0,0,15,602,0,1.1,0,0,0,0,0,0,0,0,0,0,
7/24/2026 10:55:00 PM,+07:00,4077.9,4080.2,4077.9,4079.2,63,66,66,0,-3.25,63,0,0,66,33,50,27,40.9090909090909,6,9.09090909090909,0,0,0,0,6,608,0,1.04761904761905,0,0,0,0,0,0,0,0,0,0,
7/24/2026 10:56:00 PM,+07:00,4078.8,4079.6,4078.6,4079.4,46,48,48,0,-3.45,46,0,0,48,23,47.9166666666667,25,52.0833333333333,-2,-4.16666666666667,0,0,0,0,-2,606,0,1.04347826086957,0,0,0,0,0,0,0,0,0,0,
7/24/2026 10:57:00 PM,+07:00,4079.1,4079.3,4078,4079.1,43,44,44,0,-5.6,43,0,0,44,9,20.4545454545455,24,54.5454545454545,-15,-34.0909090909091,0,0,0,0,-15,591,0,1.02325581395349,0,0,0,0,0,0,0,0,0,0,
7/24/2026 10:58:00 PM,+07:00,4079,4080,4078.8,4079.9,45,48,48,0,-3.95,45,0,0,48,29,60.4166666666667,19,39.5833333333333,10,20.8333333333333,0,0,0,0,10,601,0,1.06666666666667,0,0,0,0,0,0,0,0,0,0,
7/24/2026 10:59:00 PM,+07:00,4079.3,4080.8,4079.3,4079.9,40,44,44,0,-0.9,40,0,0,44,25,56.8181818181818,17,38.6363636363636,8,18.1818181818182,0,0,0,0,8,609,0,1.1,0,0,0,0,0,0,0,0,0,0,
7/24/2026 11:00:00 PM,+07:00,4080.3,4080.3,4077.8,4078.3,83,107,107,0,-1.45,83,0,0,107,49,45.7943925233645,54,50.4672897196262,-5,-4.67289719626168,0,0,0,0,-5,604,0,1.28915662650602,0,0,0,0,0,0,0,0,0,0,
7/24/2026 11:01:00 PM,+07:00,4078.3,4079.6,4078.1,4079.6,36,39,39,0,3.05,36,0,0,39,28,71.7948717948718,10,25.6410256410256,18,46.1538461538462,0,0,0,0,18,622,0,1.08333333333333,0,0,0,0,0,0,0,0,0,0,
7/24/2026 11:02:00 PM,+07:00,4079.7,4079.9,4078.4,4078.7,39,39,39,0,2.3,39,0,0,39,19,48.7179487179487,18,46.1538461538462,1,2.56410256410256,0,0,0,0,1,623,0,1,0,0,0,0,0,0,0,0,0,0,
7/24/2026 11:03:00 PM,+07:00,4078.5,4079.6,4078.4,4079.1,39,44,44,0,2.95,39,0,0,44,24,54.5454545454545,20,45.4545454545455,4,9.09090909090909,0,0,0,0,4,627,0,1.12820512820513,0,0,0,0,0,0,0,0,0,0,
7/24/2026 11:04:00 PM,+07:00,4079.1,4079.9,4078.7,4079.2,36,37,37,0,1.95,36,0,0,37,16,43.2432432432432,20,54.0540540540541,-4,-10.8108108108108,0,0,0,0,-4,623,0,1.02777777777778,0,0,0,0,0,0,0,0,0,0,
7/24/2026 11:05:00 PM,+07:00,4079.4,4079.4,4077.7,4078,37,37,37,0,2.1,37,0,0,37,18,48.6486486486486,17,45.945945945946,1,2.7027027027027,0,0,0,0,1,624,0,1,0,0,0,0,0,0,0,0,0,0,
7/24/2026 11:06:00 PM,+07:00,4077.9,4078.6,4077.9,4078.1,18,18,18,0,4.1,18,0,0,18,11,61.1111111111111,7,38.8888888888889,4,22.2222222222222,0,0,0,0,4,628,0,1,0,0,0,0,0,0,0,0,0,0,
7/24/2026 11:07:00 PM,+07:00,4078.3,4079.4,4078,4078.9,90,140,140,0,6,90,0,0,140,78,55.7142857142857,62,44.2857142857143,16,11.4285714285714,0,0,0,0,16,644,0,1.55555555555556,0,0,0,0,0,0,0,0,0,0,
7/24/2026 11:08:00 PM,+07:00,4079,4080.2,4078.8,4079.9,44,55,55,0,7.65,44,0,0,55,40,72.7272727272727,15,27.2727272727273,25,45.4545454545455,0,0,0,0,25,669,0,1.25,0,0,0,0,0,0,0,0,0,0,
7/24/2026 11:09:00 PM,+07:00,4079.4,4079.7,4078.7,4078.7,11,11,11,0,6.95,11,0,0,11,4,36.3636363636364,7,63.6363636363636,-3,-27.2727272727273,0,0,0,0,-3,666,0,1,0,0,0,0,0,0,0,0,0,0,
7/24/2026 11:10:00 PM,+07:00,4078.9,4079.6,4078.2,4078.3,36,36,36,0,5.55,36,0,0,36,13,36.1111111111111,21,58.3333333333333,-8,-22.2222222222222,0,0,0,0,-8,658,0,1,0,0,0,0,0,0,0,0,0,0,
7/24/2026 11:11:00 PM,+07:00,4078.6,4079.4,4077.9,4078.4,50,58,58,0,4.55,50,0,0,58,21,36.2068965517241,36,62.0689655172414,-15,-25.8620689655172,0,0,0,0,-15,643,0,1.16,0,0,0,0,0,0,0,0,0,0,
7/24/2026 11:12:00 PM,+07:00,4078.4,4079.2,4077.6,4078,52,54,54,0,4.5,52,0,0,54,25,46.2962962962963,9,16.6666666666667,16,29.6296296296296,0,0,0,0,16,659,0,1.03846153846154,0,0,0,0,0,0,0,0,0,0,
7/24/2026 11:13:00 PM,+07:00,4078,4078,4077,4077.5,60,68,68,0,3.25,60,0,0,68,30,44.1176470588235,37,54.4117647058824,-7,-10.2941176470588,0,0,0,0,-7,652,0,1.13333333333333,0,0,0,0,0,0,0,0,0,0,
7/24/2026 11:14:00 PM,+07:00,4077.3,4078,4077,4077.5,29,29,29,0,2.95,29,0,0,29,19,65.5172413793104,10,34.4827586206897,9,31.0344827586207,0,0,0,0,9,661,0,1,0,0,0,0,0,0,0,0,0,0,
7/24/2026 11:15:00 PM,+07:00,4077.6,4078.7,4077.4,4077.9,49,57,57,0,3,49,0,0,57,32,56.140350877193,25,43.859649122807,7,12.280701754386,0,0,0,0,7,668,0,1.16326530612245,0,0,0,0,0,0,0,0,0,0,
7/24/2026 11:16:00 PM,+07:00,4077.8,4077.8,4076.4,4076.5,33,36,36,0,3.05,33,0,0,36,16,44.4444444444444,17,47.2222222222222,-1,-2.77777777777778,0,0,0,0,-1,667,0,1.09090909090909,0,0,0,0,0,0,0,0,0,0,
7/24/2026 11:17:00 PM,+07:00,4076.9,4077.3,4076.3,4077.2,44,76,76,0,4.95,44,0,0,76,49,64.4736842105263,26,34.2105263157895,23,30.2631578947368,0,0,0,0,23,690,0,1.72727272727273,0,0,0,0,0,0,0,0,0,0,
7/24/2026 11:18:00 PM,+07:00,4077,4078.4,4077,4077.7,45,46,46,0,4.95,45,0,0,46,28,60.8695652173913,18,39.1304347826087,10,21.7391304347826,0,0,0,0,10,700,0,1.02222222222222,0,0,0,0,0,0,0,0,0,0,
7/24/2026 11:19:00 PM,+07:00,4077.5,4077.8,4077.2,4077.2,9,9,9,0,4.4,9,0,0,9,3,33.3333333333333,6,66.6666666666666,-3,-33.3333333333333,0,0,0,0,-3,697,0,1,0,0,0,0,0,0,0,0,0,0,
7/24/2026 11:20:00 PM,+07:00,4077.1,4077.4,4076.1,4077.3,48,58,58,0,4.75,48,0,0,58,29,50,27,46.551724137931,2,3.44827586206896,0,0,0,0,2,699,0,1.20833333333333,0,0,0,0,0,0,0,0,0,0,
7/24/2026 11:21:00 PM,+07:00,4077.6,4077.8,4076.8,4077.8,39,39,39,0,3.8,39,0,0,39,19,48.7179487179487,20,51.2820512820513,-1,-2.56410256410256,0,0,0,0,-1,698,0,1,0,0,0,0,0,0,0,0,0,0,
7/24/2026 11:22:00 PM,+07:00,4077.9,4077.9,4076.7,4077.7,39,39,39,0,4.1,39,0,0,39,23,58.974358974359,16,41.025641025641,7,17.948717948718,0,0,0,0,7,705,0,1,0,0,0,0,0,0,0,0,0,0,
7/24/2026 11:23:00 PM,+07:00,4077.6,4079.1,4077.4,4078.9,55,62,62,0,4.3,55,0,0,62,33,53.2258064516129,25,40.3225806451613,8,12.9032258064516,0,0,0,0,8,713,0,1.12727272727273,0,0,0,0,0,0,0,0,0,0,
7/24/2026 11:24:00 PM,+07:00,4078.9,4080.2,4078.9,4079.7,52,59,59,0,4.75,52,0,0,59,32,54.2372881355932,27,45.7627118644068,5,8.47457627118644,0,0,0,0,5,718,0,1.13461538461538,0,0,0,0,0,0,0,0,0,0,
7/24/2026 11:25:00 PM,+07:00,4079.6,4080,4079.5,4079.9,27,27,27,0,4.55,27,0,0,27,12,44.4444444444444,15,55.5555555555556,-3,-11.1111111111111,0,0,0,0,-3,715,0,1,0,0,0,0,0,0,0,0,0,0,
7/24/2026 11:26:00 PM,+07:00,4079.9,4080.9,4079.7,4080.1,60,63,63,0,5.05,60,0,0,63,38,60.3174603174603,24,38.0952380952381,14,22.2222222222222,0,0,0,0,14,729,0,1.05,0,0,0,0,0,0,0,0,0,0,
7/24/2026 11:27:00 PM,+07:00,4080.1,4080.3,4079,4079,35,36,36,0,4.05,35,0,0,36,16,44.4444444444444,20,55.5555555555556,-4,-11.1111111111111,0,0,0,0,-4,725,0,1.02857142857143,0,0,0,0,0,0,0,0,0,0,
7/24/2026 11:28:00 PM,+07:00,4079.1,4079.1,4076.1,4076.7,77,88,88,0,3,77,0,0,88,43,48.8636363636364,39,44.3181818181818,4,4.54545454545455,0,0,0,0,4,729,0,1.14285714285714,0,0,0,0,0,0,0,0,0,0,
7/24/2026 11:29:00 PM,+07:00,4076.8,4077.1,4076.6,4076.6,20,22,22,0,3.25,20,0,0,22,12,54.5454545454545,10,45.4545454545455,2,9.09090909090909,0,0,0,0,2,731,0,1.1,0,0,0,0,0,0,0,0,0,0,
7/24/2026 11:30:00 PM,+07:00,4076.6,4076.6,4072.6,4073.9,397,433,433,0,3.75,397,0,0,433,211,48.729792147806,209,48.2678983833718,2,0.46189376443418,0,0,0,0,2,733,0,1.09068010075567,0,0,0,0,0,0,0,0,0,0,
7/24/2026 11:31:00 PM,+07:00,4073.5,4075.2,4073.5,4075.1,80,102,102,0,6.2,80,0,0,102,65,63.7254901960784,31,30.3921568627451,34,33.3333333333333,0,0,0,0,34,767,0,1.275,0,0,0,0,0,0,0,0,0,0,
7/24/2026 11:32:00 PM,+07:00,4075.2,4075.3,4074.2,4075,49,56,56,0,4.8,49,0,0,56,21,37.5,33,58.9285714285714,-12,-21.4285714285714,0,0,0,0,-12,755,0,1.14285714285714,0,0,0,0,0,0,0,0,0,0,
7/24/2026 11:33:00 PM,+07:00,4074.9,4075.3,4074.3,4074.3,25,30,30,0,5.25,25,0,0,30,16,53.3333333333333,14,46.6666666666667,2,6.66666666666667,0,0,0,0,2,757,0,1.2,0,0,0,0,0,0,0,0,0,0,
7/24/2026 11:34:00 PM,+07:00,4074.4,4075.2,4074.3,4074.9,13,13,13,0,4.95,13,0,0,13,8,61.5384615384615,5,38.4615384615385,3,23.0769230769231,0,0,0,0,3,760,0,1,0,0,0,0,0,0,0,0,0,0,
7/24/2026 11:35:00 PM,+07:00,4074.7,4074.8,4073.5,4073.8,34,36,36,0,4.6,34,0,0,36,16,44.4444444444444,16,44.4444444444444,0,0,0,0,0,0,0,760,0,1.05882352941176,0,0,0,0,0,0,0,0,0,0,
7/24/2026 11:36:00 PM,+07:00,4073.5,4074.2,4073.2,4073.3,24,26,26,0,4.3,24,0,0,26,9,34.6153846153846,16,61.5384615384615,-7,-26.9230769230769,0,0,0,0,-7,753,0,1.08333333333333,0,0,0,0,0,0,0,0,0,0,
7/24/2026 11:37:00 PM,+07:00,4072.9,4072.9,4071.8,4072.8,79,110,110,0,3.2,79,0,0,110,54,49.0909090909091,53,48.1818181818182,1,0.909090909090909,0,0,0,0,1,754,0,1.39240506329114,0,0,0,0,0,0,0,0,0,0,
7/24/2026 11:38:00 PM,+07:00,4072.8,4072.9,4070.1,4070.7,117,168,168,0,6.05,117,0,0,168,116,69.047619047619,49,29.1666666666667,67,39.8809523809524,0,0,0,0,67,821,0,1.43589743589744,0,0,0,0,0,0,0,0,0,0,
7/24/2026 11:39:00 PM,+07:00,4071.1,4071.3,4070.2,4070.5,51,52,52,0,5.55,51,0,0,52,19,36.5384615384615,32,61.5384615384615,-13,-25,0,0,0,0,-13,808,0,1.01960784313725,0,0,0,0,0,0,0,0,0,0,
7/24/2026 11:40:00 PM,+07:00,4070.6,4070.9,4070,4070,53,53,53,0,5.3,53,0,0,53,22,41.5094339622642,25,47.1698113207547,-3,-5.66037735849057,0,0,0,0,-3,805,0,1,0,0,0,0,0,0,0,0,0,0,
7/24/2026 11:41:00 PM,+07:00,4070,4070.2,4069.3,4070,39,40,40,0,5.25,39,0,0,40,19,47.5,21,52.5,-2,-5,0,0,0,0,-2,803,0,1.02564102564103,0,0,0,0,0,0,0,0,0,0,
7/24/2026 11:42:00 PM,+07:00,4070.3,4070.5,4069.4,4070,27,30,30,0,4.85,27,0,0,30,14,46.6666666666667,15,50,-1,-3.33333333333333,0,0,0,0,-1,802,0,1.11111111111111,0,0,0,0,0,0,0,0,0,0,
7/24/2026 11:43:00 PM,+07:00,4070,4071.6,4069.5,4070.1,80,102,102,0,3.7,80,0,0,102,42,41.1764705882353,57,55.8823529411765,-15,-14.7058823529412,0,0,0,0,-15,787,0,1.275,0,0,0,0,0,0,0,0,0,0,
7/24/2026 11:44:00 PM,+07:00,4070.1,4070.6,4069.2,4070.1,60,61,61,0,4.2,60,0,0,61,32,52.4590163934426,17,27.8688524590164,15,24.5901639344262,0,0,0,0,15,802,0,1.01666666666667,0,0,0,0,0,0,0,0,0,0,
7/24/2026 11:45:00 PM,+07:00,4070.1,4070.3,4068.5,4068.7,75,75,75,0,3.25,75,0,0,75,26,34.6666666666667,48,64,-22,-29.3333333333333,0,0,0,0,-22,780,0,1,0,0,0,0,0,0,0,0,0,0,
7/24/2026 11:46:00 PM,+07:00,4068.8,4070,4068.6,4070,20,20,20,0,3.05,20,0,0,20,15,75,5,25,10,50,0,0,0,0,10,790,0,1,0,0,0,0,0,0,0,0,0,0,
7/24/2026 11:47:00 PM,+07:00,4069.7,4070.1,4067.9,4068.8,43,43,43,0,2.65,43,0,0,43,15,34.8837209302326,27,62.7906976744186,-12,-27.906976744186,0,0,0,0,-12,778,0,1,0,0,0,0,0,0,0,0,0,0,
7/24/2026 11:48:00 PM,+07:00,4068.6,4068.6,4066.7,4067.6,70,77,77,0,1.5,70,0,0,77,26,33.7662337662338,45,58.4415584415584,-19,-24.6753246753247,0,0,0,0,-19,759,0,1.1,0,0,0,0,0,0,0,0,0,0,
7/24/2026 11:49:00 PM,+07:00,4067.3,4067.7,4066.7,4067.7,22,24,24,0,1.95,22,0,0,24,17,70.8333333333334,6,25,11,45.8333333333333,0,0,0,0,11,770,0,1.09090909090909,0,0,0,0,0,0,0,0,0,0,
7/24/2026 11:50:00 PM,+07:00,4067.6,4067.6,4066.9,4067.3,40,41,41,0,2.4,40,0,0,41,26,63.4146341463415,15,36.5853658536585,11,26.8292682926829,0,0,0,0,11,781,0,1.025,0,0,0,0,0,0,0,0,0,0,
7/24/2026 11:51:00 PM,+07:00,4067.5,4067.8,4066.5,4067.4,48,50,50,0,1.3,48,0,0,50,31,62,19,38,12,24,0,0,0,0,12,793,0,1.04166666666667,0,0,0,0,0,0,0,0,0,0,
7/24/2026 11:52:00 PM,+07:00,4067.8,4068,4067.2,4067.2,28,28,28,0,2.25,28,0,0,28,15,53.5714285714286,8,28.5714285714286,7,25,0,0,0,0,7,800,0,1,0,0,0,0,0,0,0,0,0,0,
7/24/2026 11:53:00 PM,+07:00,4066.8,4067.5,4066.7,4067.1,32,33,33,0,2.55,32,0,0,33,20,60.6060606060606,12,36.3636363636364,8,24.2424242424242,0,0,0,0,8,808,0,1.03125,0,0,0,0,0,0,0,0,0,0,
7/24/2026 11:54:00 PM,+07:00,4066.9,4068.4,4066.9,4068.1,28,28,28,0,3.05,28,0,0,28,19,67.8571428571429,6,21.4285714285714,13,46.4285714285714,0,0,0,0,13,821,0,1,0,0,0,0,0,0,0,0,0,0,
7/24/2026 11:55:00 PM,+07:00,4068,4069.2,4067.9,4068.7,60,70,70,0,2.8,60,0,0,70,29,41.4285714285714,34,48.5714285714286,-5,-7.14285714285714,0,0,0,0,-5,816,0,1.16666666666667,0,0,0,0,0,0,0,0,0,0,
7/24/2026 11:56:00 PM,+07:00,4068.6,4069.2,4068.1,4068.6,39,46,46,0,3.45,39,0,0,46,26,56.5217391304348,20,43.4782608695652,6,13.0434782608696,0,0,0,0,6,822,0,1.17948717948718,0,0,0,0,0,0,0,0,0,0,
7/24/2026 11:57:00 PM,+07:00,4068.7,4069.8,4068.5,4069.7,71,88,88,0,3.4,71,0,0,88,42,47.7272727272727,42,47.7272727272727,0,0,0,0,0,0,0,822,0,1.23943661971831,0,0,0,0,0,0,0,0,0,0,
7/24/2026 11:58:00 PM,+07:00,4069.6,4069.9,4069.1,4069.9,39,39,39,0,-0.7,39,0,0,39,12,30.7692307692308,27,69.2307692307692,-15,-38.4615384615385,0,0,0,0,-15,807,0,1,0,0,0,0,0,0,0,0,0,0,
7/24/2026 11:59:00 PM,+07:00,4069.9,4070.3,4069.5,4069.5,41,41,41,0,0.05,41,0,0,41,21,51.219512195122,19,46.3414634146342,2,4.8780487804878,0,0,0,0,2,809,0,1,0,0,0,0,0,0,0,0,0,0,
7/25/2026 12:00:00 AM,+07:00,4069.7,4070.4,4069.2,4069.5,65,74,74,0,0.7,65,0,0,74,42,56.7567567567568,32,43.2432432432432,10,13.5135135135135,0,0,0,0,10,10,0,1.13846153846154,0,0,0,0,0,0,0,0,0,0,
7/25/2026 12:01:00 AM,+07:00,4069.8,4070.4,4069.7,4070.1,40,46,46,0,0.65,40,0,0,46,21,45.6521739130435,24,52.1739130434783,-3,-6.52173913043478,0,0,0,0,-3,7,0,1.15,0,0,0,0,0,0,0,0,0,0,
7/25/2026 12:02:00 AM,+07:00,4070.2,4070.7,4070.1,4070.6,19,21,21,0,0.65,19,0,0,21,10,47.6190476190476,11,52.3809523809524,-1,-4.76190476190476,0,0,0,0,-1,6,0,1.10526315789474,0,0,0,0,0,0,0,0,0,0,
7/25/2026 12:03:00 AM,+07:00,4070.3,4070.8,4070,4070.5,59,59,59,0,-0.1,59,0,0,59,12,20.3389830508475,42,71.1864406779661,-30,-50.8474576271186,0,0,0,0,-30,-24,0,1,0,0,0,0,0,0,0,0,0,0,
7/25/2026 12:04:00 AM,+07:00,4070.7,4070.9,4070.2,4070.2,26,26,26,0,-1,26,0,0,26,10,38.4615384615385,13,50,-3,-11.5384615384615,0,0,0,0,-3,-27,0,1,0,0,0,0,0,0,0,0,0,0,
7/25/2026 12:05:00 AM,+07:00,4070.3,4070.5,4068.4,4068.4,103,110,110,0,-2.85,103,0,0,110,25,22.7272727272727,84,76.3636363636364,-59,-53.6363636363636,0,0,0,0,-59,-86,0,1.06796116504854,0,0,0,0,0,0,0,0,0,0,
7/25/2026 12:06:00 AM,+07:00,4068.5,4068.8,4066.4,4067.1,238,242,242,0,-4.15,238,0,0,242,112,46.2809917355372,128,52.8925619834711,-16,-6.61157024793388,0,0,0,0,-16,-102,0,1.01680672268908,0,0,0,0,0,0,0,0,0,0,
7/25/2026 12:07:00 AM,+07:00,4067.7,4068.4,4067.5,4067.5,34,37,37,0,-3.6,34,0,0,37,18,48.6486486486486,19,51.3513513513514,-1,-2.7027027027027,0,0,0,0,-1,-103,0,1.08823529411765,0,0,0,0,0,0,0,0,0,0,
7/25/2026 12:08:00 AM,+07:00,4067.5,4068.2,4066.5,4067.9,39,45,45,0,-2.5,39,0,0,45,23,51.1111111111111,20,44.4444444444444,3,6.66666666666667,0,0,0,0,3,-100,0,1.15384615384615,0,0,0,0,0,0,0,0,0,0,
7/25/2026 12:09:00 AM,+07:00,4067.6,4068.4,4067.4,4068,18,18,18,0,-3.05,18,0,0,18,9,50,9,50,0,0,0,0,0,0,0,-100,0,1,0,0,0,0,0,0,0,0,0,0,
7/25/2026 12:10:00 AM,+07:00,4068.4,4068.6,4068,4068.6,24,25,25,0,-3.5,24,0,0,25,13,52,11,44,2,8,0,0,0,0,2,-98,0,1.04166666666667,0,0,0,0,0,0,0,0,0,0,
7/25/2026 12:11:00 AM,+07:00,4068.3,4068.4,4067.4,4068.2,55,79,79,0,-4.3,55,0,0,79,37,46.8354430379747,41,51.8987341772152,-4,-5.06329113924051,0,0,0,0,-4,-102,0,1.43636363636364,0,0,0,0,0,0,0,0,0,0,
7/25/2026 12:12:00 AM,+07:00,4068.1,4068.3,4065.3,4065.6,140,169,169,0,-6.35,140,0,0,169,67,39.6449704142012,101,59.7633136094675,-34,-20.1183431952663,0,0,0,0,-34,-136,0,1.20714285714286,0,0,0,0,0,0,0,0,0,0,
7/25/2026 12:13:00 AM,+07:00,4065.7,4066.7,4065.7,4066.3,26,29,29,0,-6.6,26,0,0,29,16,55.1724137931034,13,44.8275862068966,3,10.3448275862069,0,0,0,0,3,-133,0,1.11538461538462,0,0,0,0,0,0,0,0,0,0,
7/25/2026 12:14:00 AM,+07:00,4066.5,4066.7,4066.1,4066.5,15,20,20,0,-7.15,15,0,0,20,11,55,9,45,2,10,0,0,0,0,2,-131,0,1.33333333333333,0,0,0,0,0,0,0,0,0,0,
7/25/2026 12:15:00 AM,+07:00,4066.9,4067.1,4066.4,4066.8,24,33,33,0,-7.55,24,0,0,33,10,30.3030303030303,23,69.6969696969697,-13,-39.3939393939394,0,0,0,0,-13,-144,0,1.375,0,0,0,0,0,0,0,0,0,0,
7/25/2026 12:16:00 AM,+07:00,4066.5,4066.8,4066.5,4066.6,21,21,21,0,-8.4,21,0,0,21,5,23.8095238095238,16,76.1904761904762,-11,-52.3809523809524,0,0,0,0,-11,-155,0,1,0,0,0,0,0,0,0,0,0,0,
7/25/2026 12:17:00 AM,+07:00,4066.8,4067.2,4066.1,4067.2,46,46,46,0,-7.55,46,0,0,46,22,47.8260869565217,5,10.8695652173913,17,36.9565217391304,0,0,0,0,17,-138,0,1,0,0,0,0,0,0,0,0,0,0,
7/25/2026 12:18:00 AM,+07:00,4067.6,4069.5,4067.6,4068.2,119,130,130,0,-2.5,119,0,0,130,108,83.0769230769231,22,16.9230769230769,86,66.1538461538462,0,0,0,0,86,-52,0,1.09243697478992,0,0,0,0,0,0,0,0,0,0,
7/25/2026 12:19:00 AM,+07:00,4068.5,4069.5,4068.5,4069.3,59,59,59,0,-1.7,59,0,0,59,38,64.4067796610169,20,33.8983050847458,18,30.5084745762712,0,0,0,0,18,-34,0,1,0,0,0,0,0,0,0,0,0,0,
7/25/2026 12:20:00 AM,+07:00,4069.4,4069.5,4068.5,4068.8,102,106,106,0,-3.05,102,0,0,106,25,23.5849056603774,42,39.622641509434,-17,-16.0377358490566,0,0,0,0,-17,-51,0,1.03921568627451,0,0,0,0,0,0,0,0,0,0,
7/25/2026 12:21:00 AM,+07:00,4068.9,4069.3,4068.6,4068.7,27,28,28,0,-2.75,27,0,0,28,15,53.5714285714286,12,42.8571428571429,3,10.7142857142857,0,0,0,0,3,-48,0,1.03703703703704,0,0,0,0,0,0,0,0,0,0,
7/25/2026 12:22:00 AM,+07:00,4068.5,4069.3,4068.4,4068.9,45,49,49,0,-2.65,45,0,0,49,24,48.9795918367347,23,46.9387755102041,1,2.04081632653061,0,0,0,0,1,-47,0,1.08888888888889,0,0,0,0,0,0,0,0,0,0,
7/25/2026 12:23:00 AM,+07:00,4069,4069.1,4067.6,4068.2,55,55,55,0,-2.05,55,0,0,55,18,32.7272727272727,36,65.4545454545454,-18,-32.7272727272727,0,0,0,0,-18,-65,0,1,0,0,0,0,0,0,0,0,0,0,
7/25/2026 12:24:00 AM,+07:00,4068.1,4071.5,4068.1,4071.4,94,101,101,0,-0.3,94,0,0,101,65,64.3564356435644,33,32.6732673267327,32,31.6831683168317,0,0,0,0,32,-33,0,1.07446808510638,0,0,0,0,0,0,0,0,0,0,
7/25/2026 12:25:00 AM,+07:00,4071.4,4071.4,4069.7,4070.7,66,67,67,0,2.1,66,0,0,67,28,41.7910447761194,39,58.2089552238806,-11,-16.4179104477612,0,0,0,0,-11,-44,0,1.01515151515152,0,0,0,0,0,0,0,0,0,0,
7/25/2026 12:26:00 AM,+07:00,4071.1,4071.9,4070.5,4071.9,77,105,105,0,2.45,77,0,0,105,48,45.7142857142857,57,54.2857142857143,-9,-8.57142857142857,0,0,0,0,-9,-53,0,1.36363636363636,0,0,0,0,0,0,0,0,0,0,
7/25/2026 12:27:00 AM,+07:00,4071.5,4072.8,4071.1,4071.9,116,128,128,0,3.2,116,0,0,128,66,51.5625,52,40.625,14,10.9375,0,0,0,0,14,-39,0,1.10344827586207,0,0,0,0,0,0,0,0,0,0,
7/25/2026 12:28:00 AM,+07:00,4071.7,4071.8,4070.6,4070.8,87,92,92,0,3.1,87,0,0,92,37,40.2173913043478,36,39.1304347826087,1,1.08695652173913,0,0,0,0,1,-38,0,1.05747126436782,0,0,0,0,0,0,0,0,0,0,
7/25/2026 12:29:00 AM,+07:00,4071,4071.6,4070.1,4071.3,627,692,692,0,6.55,627,0,0,692,345,49.8554913294798,276,39.8843930635838,69,9.97109826589595,0,0,0,0,69,31,0,1.103668261563,0,0,0,0,0,0,0,0,0,0,
7/25/2026 12:30:00 AM,+07:00,4071.2,4072.7,4070.2,4072.6,146,165,165,0,7.85,146,0,0,165,92,55.7575757575758,64,38.7878787878788,28,16.969696969697,0,0,0,0,28,59,0,1.13013698630137,0,0,0,0,0,0,0,0,0,0,
7/25/2026 12:31:00 AM,+07:00,4072.1,4072.6,4072.1,4072.3,23,24,24,0,8.45,23,0,0,24,15,62.5,7,29.1666666666667,8,33.3333333333333,0,0,0,0,8,67,0,1.04347826086957,0,0,0,0,0,0,0,0,0,0,
7/25/2026 12:32:00 AM,+07:00,4071.9,4071.9,4071.1,4071.8,20,22,22,0,10.3,20,0,0,22,12,54.5454545454545,9,40.9090909090909,3,13.6363636363636,0,0,0,0,3,70,0,1.1,0,0,0,0,0,0,0,0,0,0,
7/25/2026 12:33:00 AM,+07:00,4071.6,4072.7,4071.5,4072.1,40,42,42,0,9.8,40,0,0,42,16,38.0952380952381,23,54.7619047619048,-7,-16.6666666666667,0,0,0,0,-7,63,0,1.05,0,0,0,0,0,0,0,0,0,0,
7/25/2026 12:34:00 AM,+07:00,4072,4072.3,4071.3,4071.3,40,40,40,0,9.4,40,0,0,40,17,42.5,23,57.5,-6,-15,0,0,0,0,-6,57,0,1,0,0,0,0,0,0,0,0,0,0,
7/25/2026 12:35:00 AM,+07:00,4071.3,4071.6,4070.6,4070.7,61,65,65,0,10,61,0,0,65,32,49.2307692307692,33,50.7692307692308,-1,-1.53846153846154,0,0,0,0,-1,56,0,1.0655737704918,0,0,0,0,0,0,0,0,0,0,
7/25/2026 12:36:00 AM,+07:00,4071,4071.2,4070.6,4071,36,48,48,0,11.15,36,0,0,48,30,62.5,18,37.5,12,25,0,0,0,0,12,68,0,1.33333333333333,0,0,0,0,0,0,0,0,0,0,
7/25/2026 12:37:00 AM,+07:00,4070.9,4071.5,4070.5,4070.5,62,74,74,0,9.7,62,0,0,74,30,40.5405405405405,42,56.7567567567568,-12,-16.2162162162162,0,0,0,0,-12,56,0,1.19354838709677,0,0,0,0,0,0,0,0,0,0,
7/25/2026 12:38:00 AM,+07:00,4070.8,4071.1,4070.5,4070.5,41,48,48,0,4.9,41,0,0,48,19,39.5833333333333,29,60.4166666666667,-10,-20.8333333333333,0,0,0,0,-10,46,0,1.17073170731707,0,0,0,0,0,0,0,0,0,0,
7/25/2026 12:39:00 AM,+07:00,4070.4,4071.3,4070.2,4070.6,41,66,66,0,5.55,41,0,0,66,48,72.7272727272727,17,25.7575757575758,31,46.969696969697,0,0,0,0,31,77,0,1.60975609756098,0,0,0,0,0,0,0,0,0,0,
7/25/2026 12:40:00 AM,+07:00,4070.4,4071.5,4070.2,4071,27,27,27,0,7.05,27,0,0,27,18,66.6666666666666,5,18.5185185185185,13,48.1481481481481,0,0,0,0,13,90,0,1,0,0,0,0,0,0,0,0,0,0,
7/25/2026 12:41:00 AM,+07:00,4070.5,4070.7,4070,4070.7,42,69,69,0,8.6,42,0,0,69,49,71.0144927536232,15,21.7391304347826,34,49.2753623188406,0,0,0,0,34,124,0,1.64285714285714,0,0,0,0,0,0,0,0,0,0,
7/25/2026 12:42:00 AM,+07:00,4070.8,4071.1,4070.5,4070.9,31,35,35,0,8.45,31,0,0,35,15,42.8571428571429,17,48.5714285714286,-2,-5.71428571428572,0,0,0,0,-2,122,0,1.12903225806452,0,0,0,0,0,0,0,0,0,0,
7/25/2026 12:43:00 AM,+07:00,4070.9,4071.1,4069.2,4069.8,77,98,98,0,7.9,77,0,0,98,34,34.6938775510204,63,64.2857142857143,-29,-29.5918367346939,0,0,0,0,-29,93,0,1.27272727272727,0,0,0,0,0,0,0,0,0,0,
7/25/2026 12:44:00 AM,+07:00,4069.7,4069.9,4068.9,4069.3,24,29,29,0,6.15,24,0,0,29,13,44.8275862068966,16,55.1724137931034,-3,-10.3448275862069,0,0,0,0,-3,90,0,1.20833333333333,0,0,0,0,0,0,0,0,0,0,
7/25/2026 12:45:00 AM,+07:00,4068.7,4068.9,4068.2,4068.9,34,34,34,0,6.5,34,0,0,34,15,44.1176470588235,19,55.8823529411765,-4,-11.7647058823529,0,0,0,0,-4,86,0,1,0,0,0,0,0,0,0,0,0,0,
7/25/2026 12:46:00 AM,+07:00,4068.6,4070,4068.6,4069.3,33,36,36,0,7,33,0,0,36,18,50,17,47.2222222222222,1,2.77777777777778,0,0,0,0,1,87,0,1.09090909090909,0,0,0,0,0,0,0,0,0,0,
7/25/2026 12:47:00 AM,+07:00,4069.3,4069.5,4068.2,4068.3,11,11,11,0,6.25,11,0,0,11,5,45.4545454545455,6,54.5454545454545,-1,-9.09090909090909,0,0,0,0,-1,86,0,1,0,0,0,0,0,0,0,0,0,0,
7/25/2026 12:48:00 AM,+07:00,4068.2,4068.3,4067.4,4068,24,24,24,0,5.7,24,0,0,24,7,29.1666666666667,17,70.8333333333334,-10,-41.6666666666667,0,0,0,0,-10,76,0,1,0,0,0,0,0,0,0,0,0,0,
7/25/2026 12:49:00 AM,+07:00,4068,4068.8,4067.9,4068.8,33,35,35,0,2.6,33,0,0,35,21,60,14,40,7,20,0,0,0,0,7,83,0,1.06060606060606,0,0,0,0,0,0,0,0,0,0,
7/25/2026 12:50:00 AM,+07:00,4068.6,4069.5,4068.3,4068.9,44,46,46,0,1.2,44,0,0,46,22,47.8260869565217,22,47.8260869565217,0,0,0,0,0,0,0,83,0,1.04545454545455,0,0,0,0,0,0,0,0,0,0,
7/25/2026 12:51:00 AM,+07:00,4069.4,4069.5,4067.7,4067.7,34,37,37,0,-0.25,34,0,0,37,8,21.6216216216216,29,78.3783783783784,-21,-56.7567567567568,0,0,0,0,-21,62,0,1.08823529411765,0,0,0,0,0,0,0,0,0,0,
7/25/2026 12:52:00 AM,+07:00,4067.7,4067.7,4066,4066.5,112,142,142,0,-0.5,112,0,0,142,69,48.5915492957746,71,50,-2,-1.40845070422535,0,0,0,0,-2,60,0,1.26785714285714,0,0,0,0,0,0,0,0,0,0,
7/25/2026 12:53:00 AM,+07:00,4066.6,4066.6,4065.7,4065.8,23,26,26,0,-0.35,23,0,0,26,10,38.4615384615385,14,53.8461538461538,-4,-15.3846153846154,0,0,0,0,-4,56,0,1.1304347826087,0,0,0,0,0,0,0,0,0,0,
7/25/2026 12:54:00 AM,+07:00,4066,4066.2,4065.3,4066,44,76,76,0,1.6,44,0,0,76,54,71.0526315789474,21,27.6315789473684,33,43.421052631579,0,0,0,0,33,89,0,1.72727272727273,0,0,0,0,0,0,0,0,0,0,
7/25/2026 12:55:00 AM,+07:00,4066.4,4067.3,4066.3,4067.1,29,29,29,0,2.15,29,0,0,29,19,65.5172413793104,9,31.0344827586207,10,34.4827586206897,0,0,0,0,10,99,0,1,0,0,0,0,0,0,0,0,0,0,
7/25/2026 12:56:00 AM,+07:00,4067.5,4067.8,4066.8,4067.2,44,51,51,0,1.25,44,0,0,51,20,39.2156862745098,26,50.9803921568627,-6,-11.7647058823529,0,0,0,0,-6,93,0,1.15909090909091,0,0,0,0,0,0,0,0,0,0,
7/25/2026 12:57:00 AM,+07:00,4066.8,4067.5,4066.6,4067.5,19,19,19,0,1.8,19,0,0,19,9,47.3684210526316,10,52.6315789473684,-1,-5.26315789473684,0,0,0,0,-1,92,0,1,0,0,0,0,0,0,0,0,0,0,
7/25/2026 12:58:00 AM,+07:00,4067.4,4067.4,4067.2,4067.4,9,9,9,0,2.35,9,0,0,9,5,55.5555555555556,4,44.4444444444444,1,11.1111111111111,0,0,0,0,1,93,0,1,0,0,0,0,0,0,0,0,0,0,
7/25/2026 12:59:00 AM,+07:00,4067.1,4067.6,4065.6,4065.8,76,88,88,0,-0.9,76,0,0,88,26,29.5454545454545,60,68.1818181818182,-34,-38.6363636363636,0,0,0,0,-34,59,0,1.15789473684211,0,0,0,0,0,0,0,0,0,0,
7/25/2026 1:00:00 AM,+07:00,4066,4066.5,4065.7,4066.4,34,38,38,0,-0.65,34,0,0,38,27,71.0526315789474,9,23.6842105263158,18,47.3684210526316,0,0,0,0,18,77,0,1.11764705882353,0,0,0,0,0,0,0,0,0,0,
7/25/2026 1:01:00 AM,+07:00,4066.3,4066.3,4065.1,4065.8,78,103,103,0,-1.75,78,0,0,103,57,55.3398058252427,45,43.6893203883495,12,11.6504854368932,0,0,0,0,12,89,0,1.32051282051282,0,0,0,0,0,0,0,0,0,0,
7/25/2026 1:02:00 AM,+07:00,4065.6,4065.9,4065.2,4065.2,16,17,17,0,-2,16,0,0,17,5,29.4117647058824,12,70.5882352941176,-7,-41.1764705882353,0,0,0,0,-7,82,0,1.0625,0,0,0,0,0,0,0,0,0,0,
7/25/2026 1:03:00 AM,+07:00,4065.1,4065.1,4063.6,4064.2,56,61,61,0,-1.5,56,0,0,61,20,32.7868852459016,39,63.9344262295082,-19,-31.1475409836066,0,0,0,0,-19,63,0,1.08928571428571,0,0,0,0,0,0,0,0,0,0,
7/25/2026 1:04:00 AM,+07:00,4064.4,4065.4,4064,4065.4,22,23,23,0,-0.75,22,0,0,23,17,73.9130434782609,5,21.7391304347826,12,52.1739130434783,0,0,0,0,12,75,0,1.04545454545455,0,0,0,0,0,0,0,0,0,0,
7/25/2026 1:05:00 AM,+07:00,4065.3,4067.3,4065.3,4066.8,132,158,158,0,0.95,132,0,0,158,92,58.2278481012658,62,39.2405063291139,30,18.9873417721519,0,0,0,0,30,105,0,1.1969696969697,0,0,0,0,0,0,0,0,0,0,
7/25/2026 1:06:00 AM,+07:00,4066.9,4066.9,4065.4,4065.4,31,32,32,0,0.1,31,0,0,32,7,21.875,23,71.875,-16,-50,0,0,0,0,-16,89,0,1.03225806451613,0,0,0,0,0,0,0,0,0,0,
7/25/2026 1:07:00 AM,+07:00,4065.2,4065.8,4065,4065.6,31,31,31,0,-0.4,31,0,0,31,9,29.0322580645161,20,64.5161290322581,-11,-35.4838709677419,0,0,0,0,-11,78,0,1,0,0,0,0,0,0,0,0,0,0,
7/25/2026 1:08:00 AM,+07:00,4065.4,4065.9,4065.3,4065.3,47,48,48,0,-1.05,47,0,0,48,10,20.8333333333333,33,68.75,-23,-47.9166666666667,0,0,0,0,-23,55,0,1.02127659574468,0,0,0,0,0,0,0,0,0,0,
7/25/2026 1:09:00 AM,+07:00,4065.4,4065.9,4065.1,4065.3,22,35,35,0,-2.2,22,0,0,35,8,22.8571428571429,24,68.5714285714286,-16,-45.7142857142857,0,0,0,0,-16,39,0,1.59090909090909,0,0,0,0,0,0,0,0,0,0,
7/25/2026 1:10:00 AM,+07:00,4065.3,4065.9,4064.9,4065.7,67,73,73,0,-2.65,67,0,0,73,32,43.8356164383562,41,56.1643835616438,-9,-12.3287671232877,0,0,0,0,-9,30,0,1.08955223880597,0,0,0,0,0,0,0,0,0,0,
7/25/2026 1:11:00 AM,+07:00,4065.6,4065.6,4064.1,4064.9,36,46,46,0,-1.9,36,0,0,46,20,43.4782608695652,26,56.5217391304348,-6,-13.0434782608696,0,0,0,0,-6,24,0,1.27777777777778,0,0,0,0,0,0,0,0,0,0,
7/25/2026 1:12:00 AM,+07:00,4065,4065.2,4064.9,4065,19,20,20,0,-1.15,19,0,0,20,16,80,3,15,13,65,0,0,0,0,13,37,0,1.05263157894737,0,0,0,0,0,0,0,0,0,0,
7/25/2026 1:13:00 AM,+07:00,4065.2,4065.4,4064.7,4064.9,26,26,26,0,-0.5,26,0,0,26,17,65.3846153846154,8,30.7692307692308,9,34.6153846153846,0,0,0,0,9,46,0,1,0,0,0,0,0,0,0,0,0,0,
7/25/2026 1:14:00 AM,+07:00,4064.7,4064.8,4063.7,4064,40,41,41,0,-2.2,40,0,0,41,20,48.780487804878,21,51.219512195122,-1,-2.4390243902439,0,0,0,0,-1,45,0,1.025,0,0,0,0,0,0,0,0,0,0,
7/25/2026 1:15:00 AM,+07:00,4064.2,4065.3,4064.2,4065.3,41,43,43,0,-1.45,41,0,0,43,34,79.0697674418605,9,20.9302325581395,25,58.1395348837209,0,0,0,0,25,70,0,1.04878048780488,0,0,0,0,0,0,0,0,0,0,
7/25/2026 1:16:00 AM,+07:00,4065,4065.4,4064.8,4064.9,18,18,18,0,-1.05,18,0,0,18,9,50,7,38.8888888888889,2,11.1111111111111,0,0,0,0,2,72,0,1,0,0,0,0,0,0,0,0,0,0,
7/25/2026 1:17:00 AM,+07:00,4064.9,4065.4,4064.2,4064.2,44,46,46,0,-1.95,44,0,0,46,12,26.0869565217391,31,67.3913043478261,-19,-41.304347826087,0,0,0,0,-19,53,0,1.04545454545455,0,0,0,0,0,0,0,0,0,0,
7/25/2026 1:18:00 AM,+07:00,4064.1,4064.1,4062.6,4063,75,116,116,0,0.2,75,0,0,116,80,68.9655172413793,36,31.0344827586207,44,37.9310344827586,0,0,0,0,44,97,0,1.54666666666667,0,0,0,0,0,0,0,0,0,0,
7/25/2026 1:19:00 AM,+07:00,4063.1,4063.1,4062.5,4062.7,25,25,25,0,2.25,25,0,0,25,16,64,9,36,7,28,0,0,0,0,7,104,0,1,0,0,0,0,0,0,0,0,0,0,
7/25/2026 1:20:00 AM,+07:00,4062.7,4063.1,4061,4061.7,93,105,105,0,-1.05,93,0,0,105,28,26.6666666666667,76,72.3809523809524,-48,-45.7142857142857,0,0,0,0,-48,56,0,1.12903225806452,0,0,0,0,0,0,0,0,0,0,
7/25/2026 1:21:00 AM,+07:00,4061.5,4061.6,4060.6,4061.3,84,98,98,0,-3.85,84,0,0,98,26,26.530612244898,70,71.4285714285714,-44,-44.8979591836735,0,0,0,0,-44,12,0,1.16666666666667,0,0,0,0,0,0,0,0,0,0,
7/25/2026 1:22:00 AM,+07:00,4061.4,4061.7,4059.4,4059.6,193,252,252,0,0.05,193,0,0,252,127,50.3968253968254,56,22.2222222222222,71,28.1746031746032,0,0,0,0,71,83,0,1.30569948186528,0,0,0,0,0,0,0,0,0,0,
7/25/2026 1:23:00 AM,+07:00,4059.6,4060.6,4058.6,4060.5,152,168,168,0,1.3,152,0,0,168,85,50.5952380952381,79,47.0238095238095,6,3.57142857142857,0,0,0,0,6,89,0,1.10526315789474,0,0,0,0,0,0,0,0,0,0,
7/25/2026 1:24:00 AM,+07:00,4060.7,4060.7,4059.5,4059.9,30,38,38,0,0.95,30,0,0,38,21,55.2631578947368,16,42.1052631578947,5,13.1578947368421,0,0,0,0,5,94,0,1.26666666666667,0,0,0,0,0,0,0,0,0,0,
7/25/2026 1:25:00 AM,+07:00,4060,4060.6,4057.8,4058.9,64,67,67,0,-1.6,64,0,0,67,19,28.3582089552239,40,59.7014925373134,-21,-31.3432835820896,0,0,0,0,-21,73,0,1.046875,0,0,0,0,0,0,0,0,0,0,
7/25/2026 1:26:00 AM,+07:00,4059.2,4059.2,4058.5,4058.6,33,33,33,0,-0.6,33,0,0,33,18,54.5454545454545,14,42.4242424242424,4,12.1212121212121,0,0,0,0,4,77,0,1,0,0,0,0,0,0,0,0,0,0,
7/25/2026 1:27:00 AM,+07:00,4058.6,4059.2,4058.5,4058.9,26,27,27,0,0.55,26,0,0,27,19,70.3703703703704,7,25.9259259259259,12,44.4444444444444,0,0,0,0,12,89,0,1.03846153846154,0,0,0,0,0,0,0,0,0,0,
7/25/2026 1:28:00 AM,+07:00,4058.7,4059,4057.2,4058.1,94,108,108,0,0.6,94,0,0,108,37,34.2592592592593,59,54.6296296296296,-22,-20.3703703703704,0,0,0,0,-22,67,0,1.14893617021277,0,0,0,0,0,0,0,0,0,0,
7/25/2026 1:29:00 AM,+07:00,4058.2,4058.9,4057.2,4057.7,116,139,139,0,2.3,116,0,0,139,77,55.3956834532374,59,42.4460431654676,18,12.9496402877698,0,0,0,0,18,85,0,1.19827586206897,0,0,0,0,0,0,0,0,0,0,
7/25/2026 1:30:00 AM,+07:00,4057.8,4058.6,4057.6,4058.4,44,57,57,0,4.05,44,0,0,57,38,66.6666666666666,12,21.0526315789474,26,45.6140350877193,0,0,0,0,26,111,0,1.29545454545455,0,0,0,0,0,0,0,0,0,0,
7/25/2026 1:31:00 AM,+07:00,4058.5,4058.6,4056.1,4056.5,46,49,49,0,3.95,46,0,0,49,19,38.7755102040816,27,55.1020408163265,-8,-16.3265306122449,0,0,0,0,-8,103,0,1.06521739130435,0,0,0,0,0,0,0,0,0,0,
7/25/2026 1:32:00 AM,+07:00,4056.3,4057.3,4055.8,4056.8,50,57,57,0,3.45,50,0,0,57,27,47.3684210526316,24,42.1052631578947,3,5.26315789473684,0,0,0,0,3,106,0,1.14,0,0,0,0,0,0,0,0,0,0,
7/25/2026 1:33:00 AM,+07:00,4056.5,4057.1,4055.3,4055.4,46,50,50,0,2.55,46,0,0,50,19,38,28,56,-9,-18,0,0,0,0,-9,97,0,1.08695652173913,0,0,0,0,0,0,0,0,0,0,
7/25/2026 1:34:00 AM,+07:00,4055.3,4056.7,4054.9,4056.7,162,303,303,0,-3.75,162,0,0,303,83,27.3927392739274,210,69.3069306930693,-127,-41.9141914191419,0,0,0,0,-127,-30,0,1.87037037037037,0,0,0,0,0,0,0,0,0,0,
7/25/2026 1:35:00 AM,+07:00,4056.6,4056.7,4055.9,4056.7,59,69,69,0,-6.3,59,0,0,69,20,28.9855072463768,46,66.6666666666666,-26,-37.6811594202899,0,0,0,0,-26,-56,0,1.16949152542373,0,0,0,0,0,0,0,0,0,0,
7/25/2026 1:36:00 AM,+07:00,4056.7,4058.9,4056.7,4057.8,108,115,115,0,-4.05,108,0,0,115,81,70.4347826086956,34,29.5652173913044,47,40.8695652173913,0,0,0,0,47,-9,0,1.06481481481481,0,0,0,0,0,0,0,0,0,0,
7/25/2026 1:37:00 AM,+07:00,4057.9,4058.3,4057.6,4057.8,14,18,18,0,-3.1,14,0,0,18,8,44.4444444444444,8,44.4444444444444,0,0,0,0,0,0,0,-9,0,1.28571428571429,0,0,0,0,0,0,0,0,0,0,
7/25/2026 1:38:00 AM,+07:00,4057.8,4059.4,4057.5,4059.3,28,28,28,0,-4.7,28,0,0,28,20,71.4285714285714,8,28.5714285714286,12,42.8571428571429,0,0,0,0,12,3,0,1,0,0,0,0,0,0,0,0,0,0,
7/25/2026 1:39:00 AM,+07:00,4059.1,4059.1,4056.4,4057.9,269,276,276,0,-4.2,269,0,0,276,143,51.8115942028986,126,45.6521739130435,17,6.15942028985507,0,0,0,0,17,20,0,1.02602230483271,0,0,0,0,0,0,0,0,0,0,
7/25/2026 1:40:00 AM,+07:00,4057.9,4058,4056.1,4057,56,57,57,0,-2.2,56,0,0,57,19,33.3333333333333,27,47.3684210526316,-8,-14.0350877192982,0,0,0,0,-8,12,0,1.01785714285714,0,0,0,0,0,0,0,0,0,0,
7/25/2026 1:41:00 AM,+07:00,4056.9,4056.9,4056,4056,33,33,33,0,-0.3,33,0,0,33,5,15.1515151515152,11,33.3333333333333,-6,-18.1818181818182,0,0,0,0,-6,6,0,1,0,0,0,0,0,0,0,0,0,0,
7/25/2026 1:42:00 AM,+07:00,4055,4055.7,4054.2,4055.4,77,95,95,0,-3.2,77,0,0,95,50,52.6315789473684,37,38.9473684210526,13,13.6842105263158,0,0,0,0,13,19,0,1.23376623376623,0,0,0,0,0,0,0,0,0,0,
7/25/2026 1:43:00 AM,+07:00,4055.5,4055.5,4053.6,4053.6,97,127,127,0,-3.45,97,0,0,127,53,41.7322834645669,52,40.9448818897638,1,0.78740157480315,0,0,0,0,1,20,0,1.30927835051546,0,0,0,0,0,0,0,0,0,0,
7/25/2026 1:44:00 AM,+07:00,4053.8,4054.7,4053.5,4054.5,54,85,85,0,-2.35,54,0,0,85,56,65.8823529411765,29,34.1176470588235,27,31.7647058823529,0,0,0,0,27,47,0,1.57407407407407,0,0,0,0,0,0,0,0,0,0,
7/25/2026 1:45:00 AM,+07:00,4054.6,4055.9,4054,4055.8,61,61,61,0,-1.3,61,0,0,61,30,49.1803278688525,30,49.1803278688525,0,0,0,0,0,0,0,47,0,1,0,0,0,0,0,0,0,0,0,0,
7/25/2026 1:46:00 AM,+07:00,4056.1,4057.2,4056.1,4056.8,41,41,41,0,-1.05,41,0,0,41,25,60.9756097560976,16,39.0243902439024,9,21.9512195121951,0,0,0,0,9,56,0,1,0,0,0,0,0,0,0,0,0,0,
7/25/2026 1:47:00 AM,+07:00,4057,4057.5,4056.7,4057,16,16,16,0,-1.65,16,0,0,16,8,50,8,50,0,0,0,0,0,0,0,56,0,1,0,0,0,0,0,0,0,0,0,0,
7/25/2026 1:48:00 AM,+07:00,4057.1,4057.5,4055.7,4055.7,34,39,39,0,-0.85,34,0,0,39,16,41.025641025641,22,56.4102564102564,-6,-15.3846153846154,0,0,0,0,-6,50,0,1.14705882352941,0,0,0,0,0,0,0,0,0,0,
7/25/2026 1:49:00 AM,+07:00,4055.5,4056.3,4055.5,4055.8,27,28,28,0,-1.7,27,0,0,28,12,42.8571428571429,11,39.2857142857143,1,3.57142857142857,0,0,0,0,1,51,0,1.03703703703704,0,0,0,0,0,0,0,0,0,0,
7/25/2026 1:50:00 AM,+07:00,4055.9,4056.6,4055.1,4056.5,42,47,47,0,-3,42,0,0,47,23,48.936170212766,23,48.936170212766,0,0,0,0,0,0,0,51,0,1.11904761904762,0,0,0,0,0,0,0,0,0,0,
7/25/2026 1:51:00 AM,+07:00,4056.4,4057.8,4056.4,4057.2,44,44,44,0,-1.9,44,0,0,44,29,65.9090909090909,15,34.0909090909091,14,31.8181818181818,0,0,0,0,14,65,0,1,0,0,0,0,0,0,0,0,0,0,
7/25/2026 1:52:00 AM,+07:00,4057.7,4058.3,4057,4057,60,62,62,0,-2.35,60,0,0,62,25,40.3225806451613,31,50,-6,-9.67741935483871,0,0,0,0,-6,59,0,1.03333333333333,0,0,0,0,0,0,0,0,0,0,
7/25/2026 1:53:00 AM,+07:00,4056.8,4057.1,4056.6,4057,27,29,29,0,-1.75,27,0,0,29,16,55.1724137931034,13,44.8275862068966,3,10.3448275862069,0,0,0,0,3,62,0,1.07407407407407,0,0,0,0,0,0,0,0,0,0,
7/25/2026 1:54:00 AM,+07:00,4056.7,4057.1,4056.5,4056.6,14,16,16,0,4.8,14,0,0,16,10,62.5,6,37.5,4,25,0,0,0,0,4,66,0,1.14285714285714,0,0,0,0,0,0,0,0,0,0,
7/25/2026 1:55:00 AM,+07:00,4056.8,4057.5,4056.3,4057.3,26,26,26,0,6.6,26,0,0,26,17,65.3846153846154,7,26.9230769230769,10,38.4615384615385,0,0,0,0,10,76,0,1,0,0,0,0,0,0,0,0,0,0,
7/25/2026 1:56:00 AM,+07:00,4057.6,4057.6,4056.8,4057.2,21,22,22,0,4.65,21,0,0,22,14,63.6363636363636,6,27.2727272727273,8,36.3636363636364,0,0,0,0,8,84,0,1.04761904761905,0,0,0,0,0,0,0,0,0,0,
7/25/2026 1:57:00 AM,+07:00,4057.4,4057.6,4057.1,4057.3,11,11,11,0,4.45,11,0,0,11,3,27.2727272727273,7,63.6363636363636,-4,-36.3636363636364,0,0,0,0,-4,80,0,1,0,0,0,0,0,0,0,0,0,0,
7/25/2026 1:58:00 AM,+07:00,4057.5,4057.5,4057.2,4057.2,4,4,4,0,3.85,4,0,0,4,2,50,2,50,0,0,0,0,0,0,0,80,0,1,0,0,0,0,0,0,0,0,0,0,
7/25/2026 1:59:00 AM,+07:00,4057.3,4057.3,4056.5,4056.7,16,16,16,0,2.65,16,0,0,16,4,25,11,68.75,-7,-43.75,0,0,0,0,-7,73,0,1,0,0,0,0,0,0,0,0,0,0,
7/25/2026 2:00:00 AM,+07:00,4056.9,4057.1,4054.8,4054.8,68,68,68,0,1.5,68,0,0,68,18,26.4705882352941,49,72.0588235294118,-31,-45.5882352941176,0,0,0,0,-31,42,0,1,0,0,0,0,0,0,0,0,0,0,
7/25/2026 2:01:00 AM,+07:00,4055.3,4056.1,4055.1,4055.1,17,18,18,0,1.85,17,0,0,18,9,50,8,44.4444444444444,1,5.55555555555556,0,0,0,0,1,43,0,1.05882352941176,0,0,0,0,0,0,0,0,0,0,
7/25/2026 2:02:00 AM,+07:00,4055.2,4058.1,4054.6,4057.6,83,84,84,0,2.05,83,0,0,84,50,59.5238095238095,33,39.2857142857143,17,20.2380952380952,0,0,0,0,17,60,0,1.01204819277108,0,0,0,0,0,0,0,0,0,0,
7/25/2026 2:03:00 AM,+07:00,4057.3,4058.3,4057.2,4058,75,83,83,0,2.65,75,0,0,83,47,56.6265060240964,34,40.9638554216867,13,15.6626506024096,0,0,0,0,13,73,0,1.10666666666667,0,0,0,0,0,0,0,0,0,0,
7/25/2026 2:04:00 AM,+07:00,4057.9,4058.7,4056.8,4056.8,59,60,60,0,0.9,59,0,0,60,26,43.3333333333333,34,56.6666666666667,-8,-13.3333333333333,0,0,0,0,-8,65,0,1.01694915254237,0,0,0,0,0,0,0,0,0,0,
7/25/2026 2:05:00 AM,+07:00,4057,4057.1,4056.9,4056.9,6,7,7,0,1.25,6,0,0,7,7,100,0,0,7,100,0,0,0,0,7,72,0,1.16666666666667,0,0,0,0,0,0,0,0,0,0,
7/25/2026 2:06:00 AM,+07:00,4056.6,4056.6,4055.6,4055.8,10,11,11,0,0.55,10,0,0,11,3,27.2727272727273,8,72.7272727272727,-5,-45.4545454545455,0,0,0,0,-5,67,0,1.1,0,0,0,0,0,0,0,0,0,0,
7/25/2026 2:07:00 AM,+07:00,4055.7,4056,4054.9,4055.2,27,28,28,0,0.65,27,0,0,28,15,53.5714285714286,13,46.4285714285714,2,7.14285714285714,0,0,0,0,2,69,0,1.03703703703704,0,0,0,0,0,0,0,0,0,0,
7/25/2026 2:08:00 AM,+07:00,4055,4056.3,4055,4055.9,26,28,28,0,1.05,26,0,0,28,14,50,12,42.8571428571429,2,7.14285714285714,0,0,0,0,2,71,0,1.07692307692308,0,0,0,0,0,0,0,0,0,0,
7/25/2026 2:09:00 AM,+07:00,4055.8,4055.9,4055.3,4055.3,10,13,13,0,0.8,10,0,0,13,4,30.7692307692308,8,61.5384615384615,-4,-30.7692307692308,0,0,0,0,-4,67,0,1.3,0,0,0,0,0,0,0,0,0,0,
7/25/2026 2:10:00 AM,+07:00,4055,4055.3,4054.7,4055.1,23,26,26,0,0.4,23,0,0,26,9,34.6153846153846,17,65.3846153846154,-8,-30.7692307692308,0,0,0,0,-8,59,0,1.1304347826087,0,0,0,0,0,0,0,0,0,0,
7/25/2026 2:11:00 AM,+07:00,4055.1,4056.7,4054.8,4056.5,37,46,46,0,-0.3,37,0,0,46,23,50,23,50,0,0,0,0,0,0,0,59,0,1.24324324324324,0,0,0,0,0,0,0,0,0,0,
7/25/2026 2:12:00 AM,+07:00,4056.6,4056.9,4056.3,4056.4,18,26,26,0,0.55,18,0,0,26,18,69.2307692307692,7,26.9230769230769,11,42.3076923076923,0,0,0,0,11,70,0,1.44444444444444,0,0,0,0,0,0,0,0,0,0,
7/25/2026 2:13:00 AM,+07:00,4055.9,4056,4055.2,4055.4,11,12,12,0,0.2,11,0,0,12,4,33.3333333333333,8,66.6666666666666,-4,-33.3333333333333,0,0,0,0,-4,66,0,1.09090909090909,0,0,0,0,0,0,0,0,0,0,
7/25/2026 2:14:00 AM,+07:00,4055.7,4055.7,4054.1,4054.5,23,23,23,0,-0.25,23,0,0,23,9,39.1304347826087,14,60.8695652173913,-5,-21.7391304347826,0,0,0,0,-5,61,0,1,0,0,0,0,0,0,0,0,0,0,
7/25/2026 2:15:00 AM,+07:00,4054.5,4054.5,4052.3,4052.6,125,144,144,0,-1.6,125,0,0,144,60,41.6666666666667,77,53.4722222222222,-17,-11.8055555555556,0,0,0,0,-17,44,0,1.152,0,0,0,0,0,0,0,0,0,0,
7/25/2026 2:16:00 AM,+07:00,4052.8,4053.1,4051.8,4053.1,78,84,84,0,-1.5,78,0,0,84,47,55.952380952381,37,44.047619047619,10,11.9047619047619,0,0,0,0,10,54,0,1.07692307692308,0,0,0,0,0,0,0,0,0,0,
7/25/2026 2:17:00 AM,+07:00,4053.2,4053.6,4052.7,4053.5,35,35,35,0,-1.45,35,0,0,35,16,45.7142857142857,19,54.2857142857143,-3,-8.57142857142857,0,0,0,0,-3,51,0,1,0,0,0,0,0,0,0,0,0,0,
7/25/2026 2:18:00 AM,+07:00,4053.4,4054,4053.2,4053.5,24,25,25,0,-0.9,24,0,0,25,17,68,6,24,11,44,0,0,0,0,11,62,0,1.04166666666667,0,0,0,0,0,0,0,0,0,0,
7/25/2026 2:19:00 AM,+07:00,4053.4,4053.6,4052,4053.2,51,70,70,0,-2.25,51,0,0,70,18,25.7142857142857,52,74.2857142857143,-34,-48.5714285714286,0,0,0,0,-34,28,0,1.37254901960784,0,0,0,0,0,0,0,0,0,0,
7/25/2026 2:20:00 AM,+07:00,4053.1,4053.2,4052.4,4052.4,9,10,10,0,-0.95,9,0,0,10,1,10,6,60,-5,-50,0,0,0,0,-5,23,0,1.11111111111111,0,0,0,0,0,0,0,0,0,0,
7/25/2026 2:21:00 AM,+07:00,4052.3,4053.5,4052.3,4053.1,33,33,33,0,-0.75,33,0,0,33,18,54.5454545454545,13,39.3939393939394,5,15.1515151515152,0,0,0,0,5,28,0,1,0,0,0,0,0,0,0,0,0,0,
7/25/2026 2:22:00 AM,+07:00,4053.2,4053.2,4052.2,4053,40,42,42,0,-1.85,40,0,0,42,17,40.4761904761905,22,52.3809523809524,-5,-11.9047619047619,0,0,0,0,-5,23,0,1.05,0,0,0,0,0,0,0,0,0,0,
7/25/2026 2:23:00 AM,+07:00,4052.8,4052.8,4052.3,4052.5,39,46,46,0,-1.55,39,0,0,46,27,58.695652173913,8,17.3913043478261,19,41.304347826087,0,0,0,0,19,42,0,1.17948717948718,0,0,0,0,0,0,0,0,0,0,
7/25/2026 2:24:00 AM,+07:00,4052.2,4052.3,4051.7,4051.8,24,25,25,0,-1.05,24,0,0,25,13,52,11,44,2,8,0,0,0,0,2,44,0,1.04166666666667,0,0,0,0,0,0,0,0,0,0,
7/25/2026 2:25:00 AM,+07:00,4051.9,4052.8,4051.3,4052.6,80,105,105,0,-2.6,80,0,0,105,38,36.1904761904762,62,59.047619047619,-24,-22.8571428571429,0,0,0,0,-24,20,0,1.3125,0,0,0,0,0,0,0,0,0,0,
7/25/2026 2:26:00 AM,+07:00,4053,4053.3,4052.5,4052.6,20,24,24,0,-2.15,20,0,0,24,14,58.3333333333333,10,41.6666666666667,4,16.6666666666667,0,0,0,0,4,24,0,1.2,0,0,0,0,0,0,0,0,0,0,
7/25/2026 2:27:00 AM,+07:00,4053,4053.2,4052.7,4053,12,12,12,0,-2.1,12,0,0,12,7,58.3333333333333,4,33.3333333333333,3,25,0,0,0,0,3,27,0,1,0,0,0,0,0,0,0,0,0,0,
7/25/2026 2:28:00 AM,+07:00,4052.9,4053.7,4052.9,4053.7,10,10,10,0,-1.9,10,0,0,10,8,80,2,20,6,60,0,0,0,0,6,33,0,1,0,0,0,0,0,0,0,0,0,0,
7/25/2026 2:29:00 AM,+07:00,4053.8,4054.3,4053.6,4053.8,21,22,22,0,-1.4,21,0,0,22,14,63.6363636363636,8,36.3636363636364,6,27.2727272727273,0,0,0,0,6,39,0,1.04761904761905,0,0,0,0,0,0,0,0,0,0,
7/25/2026 2:30:00 AM,+07:00,4053.7,4054.2,4053.2,4054,44,44,44,0,-2.05,44,0,0,44,9,20.4545454545455,30,68.1818181818182,-21,-47.7272727272727,0,0,0,0,-21,18,0,1,0,0,0,0,0,0,0,0,0,0,
7/25/2026 2:31:00 AM,+07:00,4054.1,4054.4,4053.5,4053.8,16,17,17,0,-2,16,0,0,17,9,52.9411764705882,8,47.0588235294118,1,5.88235294117647,0,0,0,0,1,19,0,1.0625,0,0,0,0,0,0,0,0,0,0,
7/25/2026 2:32:00 AM,+07:00,4054.2,4055.3,4053.8,4055.3,25,25,25,0,-2.25,25,0,0,25,15,60,9,36,6,24,0,0,0,0,6,25,0,1,0,0,0,0,0,0,0,0,0,0,
7/25/2026 2:33:00 AM,+07:00,4055.3,4056.6,4055.1,4056,59,73,73,0,-1.75,59,0,0,73,39,53.4246575342466,33,45.2054794520548,6,8.21917808219178,0,0,0,0,6,31,0,1.23728813559322,0,0,0,0,0,0,0,0,0,0,
7/25/2026 2:34:00 AM,+07:00,4055.9,4056.6,4055.7,4056.4,14,15,15,0,-1.25,14,0,0,15,10,66.6666666666666,5,33.3333333333333,5,33.3333333333333,0,0,0,0,5,36,0,1.07142857142857,0,0,0,0,0,0,0,0,0,0,
7/25/2026 2:35:00 AM,+07:00,4056.1,4058.2,4055.8,4057.7,198,213,213,0,2.45,198,0,0,213,134,62.9107981220657,77,36.150234741784,57,26.7605633802817,0,0,0,0,57,93,0,1.07575757575758,0,0,0,0,0,0,0,0,0,0,
7/25/2026 2:36:00 AM,+07:00,4057.6,4058,4055.9,4056.2,57,62,62,0,0.75,57,0,0,62,19,30.6451612903226,43,69.3548387096774,-24,-38.7096774193548,0,0,0,0,-24,69,0,1.08771929824561,0,0,0,0,0,0,0,0,0,0,
7/25/2026 2:37:00 AM,+07:00,4056.5,4058.7,4056.5,4058,43,43,43,0,2,43,0,0,43,32,74.4186046511628,10,23.2558139534884,22,51.1627906976744,0,0,0,0,22,91,0,1,0,0,0,0,0,0,0,0,0,0,
7/25/2026 2:38:00 AM,+07:00,4057.8,4058,4056.9,4058,33,35,35,0,1.7,33,0,0,35,20,57.1428571428571,15,42.8571428571429,5,14.2857142857143,0,0,0,0,5,96,0,1.06060606060606,0,0,0,0,0,0,0,0,0,0,
7/25/2026 2:39:00 AM,+07:00,4057.5,4058.4,4057.1,4057.7,59,62,62,0,2.6,59,0,0,62,23,37.0967741935484,39,62.9032258064516,-16,-25.8064516129032,0,0,0,0,-16,80,0,1.05084745762712,0,0,0,0,0,0,0,0,0,0,
7/25/2026 2:40:00 AM,+07:00,4057.9,4060.2,4057.9,4060.2,105,127,127,0,3.8,105,0,0,127,72,56.6929133858268,53,41.7322834645669,19,14.9606299212598,0,0,0,0,19,99,0,1.20952380952381,0,0,0,0,0,0,0,0,0,0,
7/25/2026 2:41:00 AM,+07:00,4059.9,4060.1,4059,4059.1,36,42,42,0,3.4,36,0,0,42,19,45.2380952380952,22,52.3809523809524,-3,-7.14285714285714,0,0,0,0,-3,96,0,1.16666666666667,0,0,0,0,0,0,0,0,0,0,
7/25/2026 2:42:00 AM,+07:00,4058.9,4059.8,4058.8,4059.8,12,13,13,0,4.2,12,0,0,13,12,92.3076923076923,1,7.69230769230769,11,84.6153846153846,0,0,0,0,11,107,0,1.08333333333333,0,0,0,0,0,0,0,0,0,0,
7/25/2026 2:43:00 AM,+07:00,4060,4060.1,4058.8,4059.1,37,63,63,0,1.9,37,0,0,63,16,25.3968253968254,43,68.2539682539682,-27,-42.8571428571429,0,0,0,0,-27,80,0,1.7027027027027,0,0,0,0,0,0,0,0,0,0,
7/25/2026 2:44:00 AM,+07:00,4059.1,4059.3,4058.4,4059.2,21,27,27,0,1.45,21,0,0,27,9,33.3333333333333,16,59.2592592592592,-7,-25.9259259259259,0,0,0,0,-7,73,0,1.28571428571429,0,0,0,0,0,0,0,0,0,0,
7/25/2026 2:45:00 AM,+07:00,4059.5,4059.6,4059,4059.5,13,13,13,0,2.65,13,0,0,13,6,46.1538461538462,6,46.1538461538462,0,0,0,0,0,0,0,73,0,1,0,0,0,0,0,0,0,0,0,0,
7/25/2026 2:46:00 AM,+07:00,4059.7,4059.7,4058.1,4058.1,22,22,22,0,1.95,22,0,0,22,6,27.2727272727273,16,72.7272727272727,-10,-45.4545454545455,0,0,0,0,-10,63,0,1,0,0,0,0,0,0,0,0,0,0,
7/25/2026 2:47:00 AM,+07:00,4058.4,4059,4057.6,4058.2,15,16,16,0,1.9,15,0,0,16,9,56.25,7,43.75,2,12.5,0,0,0,0,2,65,0,1.06666666666667,0,0,0,0,0,0,0,0,0,0,
7/25/2026 2:48:00 AM,+07:00,4057.9,4058.3,4057.5,4057.5,20,21,21,0,1,20,0,0,21,4,19.047619047619,16,76.1904761904762,-12,-57.1428571428571,0,0,0,0,-12,53,0,1.05,0,0,0,0,0,0,0,0,0,0,
7/25/2026 2:49:00 AM,+07:00,4057.9,4057.9,4057.3,4057.5,29,29,29,0,1.05,29,0,0,29,17,58.6206896551724,10,34.4827586206897,7,24.1379310344828,0,0,0,0,7,60,0,1,0,0,0,0,0,0,0,0,0,0,
7/25/2026 2:50:00 AM,+07:00,4058,4058.3,4056.1,4056.5,41,41,41,0,2.55,41,0,0,41,24,58.5365853658536,15,36.5853658536585,9,21.9512195121951,0,0,0,0,9,69,0,1,0,0,0,0,0,0,0,0,0,0,
7/25/2026 2:51:00 AM,+07:00,4056.6,4057.1,4056.4,4056.9,20,23,23,0,2.55,20,0,0,23,12,52.1739130434783,11,47.8260869565217,1,4.34782608695652,0,0,0,0,1,70,0,1.15,0,0,0,0,0,0,0,0,0,0,
7/25/2026 2:52:00 AM,+07:00,4056.6,4056.6,4056.3,4056.5,16,18,18,0,1.9,16,0,0,18,5,27.7777777777778,12,66.6666666666666,-7,-38.8888888888889,0,0,0,0,-7,63,0,1.125,0,0,0,0,0,0,0,0,0,0,
7/25/2026 2:53:00 AM,+07:00,4056.7,4057.7,4056.6,4057.5,30,38,38,0,1.9,30,0,0,38,21,55.2631578947368,15,39.4736842105263,6,15.7894736842105,0,0,0,0,6,69,0,1.26666666666667,0,0,0,0,0,0,0,0,0,0,
7/25/2026 2:54:00 AM,+07:00,4057.3,4058.1,4057.1,4058,36,37,37,0,1.05,36,0,0,37,11,29.7297297297297,23,62.1621621621622,-12,-32.4324324324324,0,0,0,0,-12,57,0,1.02777777777778,0,0,0,0,0,0,0,0,0,0,
7/25/2026 2:55:00 AM,+07:00,4057.6,4057.6,4055.8,4056.4,129,153,153,0,-6.45,129,0,0,153,30,19.6078431372549,123,80.3921568627451,-93,-60.7843137254902,0,0,0,0,-93,-36,0,1.18604651162791,0,0,0,0,0,0,0,0,0,0,
7/25/2026 2:56:00 AM,+07:00,4057,4057.2,4055.2,4055.7,35,36,36,0,-5.65,35,0,0,36,14,38.8888888888889,22,61.1111111111111,-8,-22.2222222222222,0,0,0,0,-8,-44,0,1.02857142857143,0,0,0,0,0,0,0,0,0,0,
7/25/2026 2:57:00 AM,+07:00,4055.8,4055.9,4055,4055.4,70,82,82,0,-7.7,70,0,0,82,29,35.3658536585366,48,58.5365853658536,-19,-23.1707317073171,0,0,0,0,-19,-63,0,1.17142857142857,0,0,0,0,0,0,0,0,0,0,
7/25/2026 2:58:00 AM,+07:00,4055.4,4056.3,4055.4,4056,56,60,60,0,-8.1,56,0,0,60,28,46.6666666666667,31,51.6666666666667,-3,-5,0,0,0,0,-3,-66,0,1.07142857142857,0,0,0,0,0,0,0,0,0,0,
7/25/2026 2:59:00 AM,+07:00,4056,4056.8,4055.8,4056.1,68,68,68,0,-8.2,68,0,0,68,22,32.3529411764706,40,58.8235294117647,-18,-26.4705882352941,0,0,0,0,-18,-84,0,1,0,0,0,0,0,0,0,0,0,0,
7/25/2026 3:00:00 AM,+07:00,4055.9,4056.5,4055.5,4056,90,100,100,0,-9.05,90,0,0,100,50,50,48,48,2,2,0,0,0,0,2,-82,0,1.11111111111111,0,0,0,0,0,0,0,0,0,0,
7/25/2026 3:01:00 AM,+07:00,4055.8,4057.4,4055.8,4057.4,22,22,22,0,-8.5,22,0,0,22,13,59.0909090909091,5,22.7272727272727,8,36.3636363636364,0,0,0,0,8,-74,0,1,0,0,0,0,0,0,0,0,0,0,
7/25/2026 3:02:00 AM,+07:00,4057.1,4057.8,4056.9,4057.3,31,31,31,0,-8.8,31,0,0,31,18,58.0645161290323,13,41.9354838709677,5,16.1290322580645,0,0,0,0,5,-69,0,1,0,0,0,0,0,0,0,0,0,0,
7/25/2026 3:03:00 AM,+07:00,4057.5,4057.6,4056.4,4056.4,15,15,15,0,-7.5,15,0,0,15,7,46.6666666666667,8,53.3333333333333,-1,-6.66666666666667,0,0,0,0,-1,-70,0,1,0,0,0,0,0,0,0,0,0,0,
7/25/2026 3:04:00 AM,+07:00,4056.3,4056.7,4056.3,4056.7,2,2,2,0,-7.15,2,0,0,2,1,50,1,50,0,0,0,0,0,0,0,-70,0,1,0,0,0,0,0,0,0,0,0,0,
7/25/2026 3:05:00 AM,+07:00,4056.7,4056.7,4056.4,4056.6,12,18,18,0,-7.35,12,0,0,18,7,38.8888888888889,11,61.1111111111111,-4,-22.2222222222222,0,0,0,0,-4,-74,0,1.5,0,0,0,0,0,0,0,0,0,0,
7/25/2026 3:06:00 AM,+07:00,4056.4,4056.4,4056.2,4056.2,9,13,13,0,-7.4,9,0,0,13,1,7.69230769230769,12,92.3076923076923,-11,-84.6153846153846,0,0,0,0,-11,-85,0,1.44444444444444,0,0,0,0,0,0,0,0,0,0,
7/25/2026 3:07:00 AM,+07:00,4056.2,4056.2,4055.4,4055.5,12,15,15,0,-7.55,12,0,0,15,6,40,7,46.6666666666667,-1,-6.66666666666667,0,0,0,0,-1,-86,0,1.25,0,0,0,0,0,0,0,0,0,0,
7/25/2026 3:08:00 AM,+07:00,4055.3,4055.6,4055.3,4055.3,6,8,8,0,-6.85,6,0,0,8,5,62.5,3,37.5,2,25,0,0,0,0,2,-84,0,1.33333333333333,0,0,0,0,0,0,0,0,0,0,
7/25/2026 3:09:00 AM,+07:00,4055.4,4055.4,4055.2,4055.3,4,4,4,0,-7.3,4,0,0,4,1,25,3,75,-2,-50,0,0,0,0,-2,-86,0,1,0,0,0,0,0,0,0,0,0,0,
7/25/2026 3:10:00 AM,+07:00,4055.1,4055.5,4055.1,4055.5,9,14,14,0,-7.8,9,0,0,14,6,42.8571428571429,7,50,-1,-7.14285714285714,0,0,0,0,-1,-87,0,1.55555555555556,0,0,0,0,0,0,0,0,0,0,
7/25/2026 3:11:00 AM,+07:00,4055.3,4055.7,4055.3,4055.7,19,25,25,0,-7.55,19,0,0,25,15,60,9,36,6,24,0,0,0,0,6,-81,0,1.31578947368421,0,0,0,0,0,0,0,0,0,0,
7/25/2026 3:12:00 AM,+07:00,4055.7,4055.8,4055.7,4055.8,2,2,2,0,-7.1,2,0,0,2,2,100,0,0,2,100,0,0,0,0,2,-79,0,1,0,0,0,0,0,0,0,0,0,0,
7/25/2026 3:13:00 AM,+07:00,4055.8,4055.8,4055.5,4055.5,17,22,22,0,-7.95,17,0,0,22,5,22.7272727272727,16,72.7272727272727,-11,-50,0,0,0,0,-11,-90,0,1.29411764705882,0,0,0,0,0,0,0,0,0,0,
7/25/2026 3:14:00 AM,+07:00,4055.2,4055.2,4054.4,4054.9,38,40,40,0,-7.9,38,0,0,40,14,35,25,62.5,-11,-27.5,0,0,0,0,-11,-101,0,1.05263157894737,0,0,0,0,0,0,0,0,0,0,
7/25/2026 3:15:00 AM,+07:00,4054.8,4055.1,4054.1,4054.7,26,34,34,0,-3.95,26,0,0,34,10,29.4117647058824,24,70.5882352941176,-14,-41.1764705882353,0,0,0,0,-14,-115,0,1.30769230769231,0,0,0,0,0,0,0,0,0,0,
7/25/2026 3:16:00 AM,+07:00,4054.8,4055.8,4054.8,4055.3,29,29,29,0,-2.3,29,0,0,29,26,89.6551724137931,1,3.44827586206896,25,86.2068965517241,0,0,0,0,25,-90,0,1,0,0,0,0,0,0,0,0,0,0,
7/25/2026 3:17:00 AM,+07:00,4055,4055.3,4055,4055.1,8,14,14,0,-1.55,8,0,0,14,5,35.7142857142857,9,64.2857142857143,-4,-28.5714285714286,0,0,0,0,-4,-94,0,1.75,0,0,0,0,0,0,0,0,0,0,
7/25/2026 3:18:00 AM,+07:00,4055,4055.2,4054.8,4055,16,24,24,0,-1.65,16,0,0,24,9,37.5,14,58.3333333333333,-5,-20.8333333333333,0,0,0,0,-5,-99,0,1.5,0,0,0,0,0,0,0,0,0,0,
7/25/2026 3:19:00 AM,+07:00,4055,4055.1,4054.7,4054.9,9,12,12,0,-0.8,9,0,0,12,5,41.6666666666667,6,50,-1,-8.33333333333333,0,0,0,0,-1,-100,0,1.33333333333333,0,0,0,0,0,0,0,0,0,0,
7/25/2026 3:20:00 AM,+07:00,4054.8,4054.8,4054.2,4054.5,23,27,27,0,-1.55,23,0,0,27,7,25.9259259259259,20,74.0740740740741,-13,-48.1481481481481,0,0,0,0,-13,-113,0,1.17391304347826,0,0,0,0,0,0,0,0,0,0,
7/25/2026 3:21:00 AM,+07:00,4054.5,4054.7,4054.4,4054.5,8,12,12,0,-2.25,8,0,0,12,3,25,9,75,-6,-50,0,0,0,0,-6,-119,0,1.5,0,0,0,0,0,0,0,0,0,0,
7/25/2026 3:22:00 AM,+07:00,4054.5,4054.5,4054.5,4054.5,2,4,4,0,-2.4,2,0,0,4,3,75,1,25,2,50,0,0,0,0,2,-117,0,2,0,0,0,0,0,0,0,0,0,0,
7/25/2026 3:23:00 AM,+07:00,4054.7,4055.7,4054.7,4055.4,28,33,33,0,-2.05,28,0,0,33,19,57.5757575757576,13,39.3939393939394,6,18.1818181818182,0,0,0,0,6,-111,0,1.17857142857143,0,0,0,0,0,0,0,0,0,0,
7/25/2026 3:24:00 AM,+07:00,4055.3,4055.8,4055.3,4055.7,24,39,39,0,-2.9,24,0,0,39,9,23.0769230769231,26,66.6666666666666,-17,-43.5897435897436,0,0,0,0,-17,-128,0,1.625,0,0,0,0,0,0,0,0,0,0,
7/25/2026 3:25:00 AM,+07:00,4055.8,4056.8,4055.8,4056.6,33,48,48,0,-1.4,33,0,0,48,37,77.0833333333334,11,22.9166666666667,26,54.1666666666667,0,0,0,0,26,-102,0,1.45454545454545,0,0,0,0,0,0,0,0,0,0,
7/25/2026 3:26:00 AM,+07:00,4056.9,4057.1,4056,4056,21,21,21,0,-0.95,21,0,0,21,9,42.8571428571429,11,52.3809523809524,-2,-9.52380952380952,0,0,0,0,-2,-104,0,1,0,0,0,0,0,0,0,0,0,0,
7/25/2026 3:27:00 AM,+07:00,4055.9,4056.3,4055.8,4056.3,24,31,31,0,0.05,24,0,0,31,25,80.6451612903226,6,19.3548387096774,19,61.2903225806452,0,0,0,0,19,-85,0,1.29166666666667,0,0,0,0,0,0,0,0,0,0,
7/25/2026 3:28:00 AM,+07:00,4056.2,4056.3,4055.5,4056.3,21,22,22,0,-0.4,21,0,0,22,7,31.8181818181818,14,63.6363636363636,-7,-31.8181818181818,0,0,0,0,-7,-92,0,1.04761904761905,0,0,0,0,0,0,0,0,0,0,
7/25/2026 3:29:00 AM,+07:00,4056.4,4056.9,4055.9,4055.9,16,22,22,0,-0.7,16,0,0,22,7,31.8181818181818,15,68.1818181818182,-8,-36.3636363636364,0,0,0,0,-8,-100,0,1.375,0,0,0,0,0,0,0,0,0,0,
7/25/2026 3:30:00 AM,+07:00,4056.1,4056.1,4055.8,4056,16,25,25,0,-1.35,16,0,0,25,3,12,17,68,-14,-56,0,0,0,0,-14,-114,0,1.5625,0,0,0,0,0,0,0,0,0,0,
7/25/2026 3:31:00 AM,+07:00,4056.1,4056.1,4055.5,4055.8,28,34,34,0,-1.25,28,0,0,34,21,61.7647058823529,13,38.2352941176471,8,23.5294117647059,0,0,0,0,8,-106,0,1.21428571428571,0,0,0,0,0,0,0,0,0,0,
7/25/2026 3:32:00 AM,+07:00,4056.1,4056.5,4055.9,4056.5,25,40,40,0,-1.2,25,0,0,40,20,50,17,42.5,3,7.5,0,0,0,0,3,-103,0,1.6,0,0,0,0,0,0,0,0,0,0,
7/25/2026 3:33:00 AM,+07:00,4055.9,4056.3,4055.9,4056.2,5,5,5,0,-0.65,5,0,0,5,2,40,2,40,0,0,0,0,0,0,0,-103,0,1,0,0,0,0,0,0,0,0,0,0,
7/25/2026 3:34:00 AM,+07:00,4056.2,4056.2,4053.9,4054.8,60,77,77,0,-2.3,60,0,0,77,16,20.7792207792208,60,77.9220779220779,-44,-57.1428571428571,0,0,0,0,-44,-147,0,1.28333333333333,0,0,0,0,0,0,0,0,0,0,
7/25/2026 3:35:00 AM,+07:00,4055,4056.8,4055,4056.8,52,56,56,0,0.2,52,0,0,56,46,82.1428571428571,10,17.8571428571429,36,64.2857142857143,0,0,0,0,36,-111,0,1.07692307692308,0,0,0,0,0,0,0,0,0,0,
7/25/2026 3:36:00 AM,+07:00,4056.5,4056.5,4056.3,4056.5,4,4,4,0,-1.05,4,0,0,4,2,50,2,50,0,0,0,0,0,0,0,-111,0,1,0,0,0,0,0,0,0,0,0,0,
7/25/2026 3:37:00 AM,+07:00,4056.8,4056.8,4056.3,4056.3,5,6,6,0,-1.05,5,0,0,6,1,16.6666666666667,5,83.3333333333334,-4,-66.6666666666666,0,0,0,0,-4,-115,0,1.2,0,0,0,0,0,0,0,0,0,0,
7/25/2026 3:38:00 AM,+07:00,4056.5,4056.7,4056.5,4056.5,10,10,10,0,-0.8,10,0,0,10,5,50,5,50,0,0,0,0,0,0,0,-115,0,1,0,0,0,0,0,0,0,0,0,0,
7/25/2026 3:39:00 AM,+07:00,4056.8,4057,4056.7,4056.7,12,12,12,0,-0.6,12,0,0,12,7,58.3333333333333,4,33.3333333333333,3,25,0,0,0,0,3,-112,0,1,0,0,0,0,0,0,0,0,0,0,
7/25/2026 3:40:00 AM,+07:00,4056.5,4056.7,4056.3,4056.3,5,5,5,0,0,5,0,0,5,2,40,3,60,-1,-20,0,0,0,0,-1,-113,0,1,0,0,0,0,0,0,0,0,0,0,
7/25/2026 3:41:00 AM,+07:00,4056.3,4057.4,4056.3,4057.4,18,19,19,0,1.05,18,0,0,19,17,89.4736842105263,2,10.5263157894737,15,78.9473684210526,0,0,0,0,15,-98,0,1.05555555555556,0,0,0,0,0,0,0,0,0,0,
7/25/2026 3:42:00 AM,+07:00,4057.6,4057.6,4057.1,4057.5,7,7,7,0,1,7,0,0,7,4,57.1428571428571,3,42.8571428571429,1,14.2857142857143,0,0,0,0,1,-97,0,1,0,0,0,0,0,0,0,0,0,0,
7/25/2026 3:43:00 AM,+07:00,4057.4,4058.1,4057.3,4057.9,18,19,19,0,1.15,18,0,0,19,13,68.421052631579,4,21.0526315789474,9,47.3684210526316,0,0,0,0,9,-88,0,1.05555555555556,0,0,0,0,0,0,0,0,0,0,
7/25/2026 3:44:00 AM,+07:00,4057.9,4058.4,4057.9,4057.9,17,19,19,0,1.55,17,0,0,19,5,26.3157894736842,14,73.6842105263158,-9,-47.3684210526316,0,0,0,0,-9,-97,0,1.11764705882353,0,0,0,0,0,0,0,0,0,0,
7/25/2026 3:45:00 AM,+07:00,4057.7,4058,4057.3,4057.9,25,27,27,0,1,25,0,0,27,21,77.7777777777778,6,22.2222222222222,15,55.5555555555556,0,0,0,0,15,-82,0,1.08,0,0,0,0,0,0,0,0,0,0,
7/25/2026 3:46:00 AM,+07:00,4058.1,4058.5,4057.6,4058.3,13,15,15,0,1.25,13,0,0,15,9,60,6,40,3,20,0,0,0,0,3,-79,0,1.15384615384615,0,0,0,0,0,0,0,0,0,0,
7/25/2026 3:47:00 AM,+07:00,4058.6,4058.6,4057.5,4057.5,31,39,39,0,0.15,31,0,0,39,18,46.1538461538462,21,53.8461538461538,-3,-7.69230769230769,0,0,0,0,-3,-82,0,1.25806451612903,0,0,0,0,0,0,0,0,0,0,
7/25/2026 3:48:00 AM,+07:00,4057.6,4057.6,4056.7,4057.1,36,55,55,0,1.55,36,0,0,55,38,69.0909090909091,17,30.9090909090909,21,38.1818181818182,0,0,0,0,21,-61,0,1.52777777777778,0,0,0,0,0,0,0,0,0,0,
7/25/2026 3:49:00 AM,+07:00,4057.1,4057.3,4056.6,4056.9,6,8,8,0,1.9,6,0,0,8,3,37.5,4,50,-1,-12.5,0,0,0,0,-1,-62,0,1.33333333333333,0,0,0,0,0,0,0,0,0,0,
7/25/2026 3:50:00 AM,+07:00,4057,4057.3,4056.7,4056.8,25,55,55,0,2.9,25,0,0,55,30,54.5454545454545,24,43.6363636363636,6,10.9090909090909,0,0,0,0,6,-56,0,2.2,0,0,0,0,0,0,0,0,0,0,
7/25/2026 3:51:00 AM,+07:00,4056.8,4056.8,4056.1,4056.4,36,46,46,0,2.3,36,0,0,46,21,45.6521739130435,25,54.3478260869565,-4,-8.69565217391304,0,0,0,0,-4,-60,0,1.27777777777778,0,0,0,0,0,0,0,0,0,0,
7/25/2026 3:52:00 AM,+07:00,4056.5,4056.7,4056.2,4056.3,12,29,29,0,3.25,12,0,0,29,25,86.2068965517241,3,10.3448275862069,22,75.8620689655172,0,0,0,0,22,-38,0,2.41666666666667,0,0,0,0,0,0,0,0,0,0,
7/25/2026 3:53:00 AM,+07:00,4055.8,4056.6,4055.5,4056.6,39,46,46,0,5.05,39,0,0,46,41,89.1304347826087,5,10.8695652173913,36,78.2608695652174,0,0,0,0,36,-2,0,1.17948717948718,0,0,0,0,0,0,0,0,0,0,
7/25/2026 3:54:00 AM,+07:00,4056.3,4056.3,4055.5,4056,40,54,54,0,7.25,40,0,0,54,27,50,27,50,0,0,0,0,0,0,0,-2,0,1.35,0,0,0,0,0,0,0,0,0,0,
7/25/2026 3:55:00 AM,+07:00,4055.7,4055.7,4054.5,4054.7,49,174,174,0,-0.1,49,0,0,174,31,17.816091954023,142,81.6091954022989,-111,-63.7931034482759,0,0,0,0,-111,-113,0,3.55102040816326,0,0,0,0,0,0,0,0,0,0,
7/25/2026 3:56:00 AM,+07:00,4054.7,4055.5,4054.7,4055.5,13,15,15,0,0.25,13,0,0,15,11,73.3333333333333,4,26.6666666666667,7,46.6666666666667,0,0,0,0,7,-106,0,1.15384615384615,0,0,0,0,0,0,0,0,0,0,
7/25/2026 3:57:00 AM,+07:00,4055,4055.8,4054.9,4054.9,28,30,30,0,0.75,28,0,0,30,18,60,12,40,6,20,0,0,0,0,6,-100,0,1.07142857142857,0,0,0,0,0,0,0,0,0,0,
7/25/2026 3:58:00 AM,+07:00,4055.1,4055.6,4055.1,4055.2,21,21,21,0,1.3,21,0,0,21,16,76.1904761904762,5,23.8095238095238,11,52.3809523809524,0,0,0,0,11,-89,0,1,0,0,0,0,0,0,0,0,0,0,
7/25/2026 3:59:00 AM,+07:00,4055,4055.7,4054.9,4055.7,42,46,46,0,1.45,42,0,0,46,26,56.5217391304348,20,43.4782608695652,6,13.0434782608696,0,0,0,0,6,-83,0,1.0952380952381,0,0,0,0,0,0,0,0,0,0,
