DateTime,UTC,Open,High,Low,Close,Ticks(from bar),Volume(from bar),Trades,Buy (Ask) trades,Sell (Bid) trades,Volume,Buy (Ask) volume,"Buy (Ask) volume, %",Sell (Bid) volume,"Sell (Bid) volume, %",Delta,"Delta, %",Delta trades,"Delta trades, %",Max delta,Min delta,Finish delta,Cumulative delta,Open interest,Average size,Average buy (ask) size,Average sell (bid) size,Max one trade Vol.,"Max one trade Vol, %",Filt. volume,"Filt. volume, %",Filt. buy (ask) volume,"Filt. buy (ask) volume, %",Filt. sell (bid) volume,"Filt. sell (bid) volume, %",TPO,VAH,VAL,POC,Midpoint,RF,Volume,Delta,Trades,TPO Up,TPO Down,POC Count,VA Volume,Range,Range (ticks),VA range,VA range (ticks),IB High,IB Low,IB range,IB range (ticks),IB Volume,Open Interest,
6/25/2026 11:00:00 PM,+07:00,4057.2,4060,4049.3,4056.2,3229,3785,3229,0,0,3785,1701,44.9405548216645,2048,54.108322324967,-347,-9.16776750330251,0,0,0,0,-347,-347,0,1.17218953236296,0,0,0,0,0,0,0,0,0,0,132,4054,4042,4049,4049,-2,20712,-880,18463,62,61,9,14710,23,230,12,120,4060,4039,21,210,6317,273569,
6/25/2026 11:30:00 PM,+07:00,4056.3,4056.4,4039.1,4044,2273,2532,2273,0,0,2532,1195,47.1958925750395,1303,51.4612954186414,-108,-4.2654028436019,0,0,0,0,-108,-455,0,1.11394632644083,0,0,0,0,0,0,0,0,0,0,132,4054,4042,4049,4049,-2,20712,-880,18463,62,61,9,14710,23,230,12,120,4060,4039,21,210,6317,273569,
6/26/2026 12:00:00 AM,+07:00,4044.4,4051.8,4042.3,4048.4,2705,2949,2705,0,0,2949,1657,56.1885384876229,1239,42.0142421159715,418,14.1742963716514,0,0,0,0,418,418,0,1.0902033271719,0,0,0,0,0,0,0,0,0,0,132,4054,4042,4049,4049,-2,20712,-880,18463,62,61,9,14710,23,230,12,120,4060,4039,21,210,6317,273569,
6/26/2026 12:30:00 AM,+07:00,4048.1,4052.3,4045,4050.2,1299,1457,1299,0,0,1457,685,47.0144131777625,726,49.8284145504461,-41,-2.8140013726836,0,0,0,0,-41,377,0,1.12163202463433,0,0,0,0,0,0,0,0,0,0,132,4054,4042,4049,4049,-2,20712,-880,18463,62,61,9,14710,23,230,12,120,4060,4039,21,210,6317,273569,
6/26/2026 1:00:00 AM,+07:00,4050.5,4059.9,4041.6,4059.7,1671,1895,1671,0,0,1895,869,45.8575197889182,995,52.5065963060686,-126,-6.6490765171504,0,0,0,0,-126,251,0,1.13405146618791,0,0,0,0,0,0,0,0,0,0,132,4054,4042,4049,4049,-2,20712,-880,18463,62,61,9,14710,23,230,12,120,4060,4039,21,210,6317,273569,
6/26/2026 1:30:00 AM,+07:00,4059.6,4059.6,4045.4,4050.4,1731,1909,1731,0,0,1909,757,39.6542692509167,1120,58.6694604504976,-363,-19.0151911995809,0,0,0,0,-363,-112,0,1.10283073367995,0,0,0,0,0,0,0,0,0,0,132,4054,4042,4049,4049,-2,20712,-880,18463,62,61,9,14710,23,230,12,120,4060,4039,21,210,6317,273569,
6/26/2026 2:00:00 AM,+07:00,4051,4059.7,4048.3,4051.3,1545,1770,1545,0,0,1770,800,45.1977401129944,952,53.7853107344633,-152,-8.58757062146892,0,0,0,0,-152,-264,0,1.14563106796116,0,0,0,0,0,0,0,0,0,0,132,4054,4042,4049,4049,-2,20712,-880,18463,62,61,9,14710,23,230,12,120,4060,4039,21,210,6317,273569,
6/26/2026 2:30:00 AM,+07:00,4051.8,4053.1,4036.8,4041.6,2539,2804,2539,0,0,2804,1329,47.3965763195435,1445,51.5335235378031,-116,-4.13694721825963,0,0,0,0,-116,-380,0,1.10437179992123,0,0,0,0,0,0,0,0,0,0,132,4054,4042,4049,4049,-2,20712,-880,18463,62,61,9,14710,23,230,12,120,4060,4039,21,210,6317,273569,
6/26/2026 3:00:00 AM,+07:00,4042.1,4049.8,4040.3,4045.6,829,901,829,0,0,901,427,47.3917869034406,453,50.2774694783574,-26,-2.88568257491676,0,0,0,0,-26,-406,0,1.08685162846803,0,0,0,0,0,0,0,0,0,0,132,4054,4042,4049,4049,-2,20712,-880,18463,62,61,9,14710,23,230,12,120,4060,4039,21,210,6317,273569,
6/26/2026 3:30:00 AM,+07:00,4045.4,4045.4,4039.4,4041.6,642,710,642,0,0,710,339,47.7464788732394,358,50.4225352112676,-19,-2.67605633802817,0,0,0,0,-19,-425,0,1.10591900311526,0,0,0,0,0,0,0,0,0,0,132,4054,4042,4049,4049,-2,20712,-880,18463,62,61,9,14710,23,230,12,120,4060,4039,21,210,6317,273569,
6/26/2026 5:00:00 AM,+07:00,4044.4,4046.7,4034.5,4039.4,873,976,873,0,0,976,466,47.7459016393443,495,50.7172131147541,-29,-2.97131147540984,0,0,0,0,-29,-454,0,1.11798396334479,0,0,0,0,0,0,0,0,0,0,687,4080,4008,4037,4055,6,107875,-2982,93489,480,195,12,63429,114,1140,72,720,4052,4035,17,170,2501,271983,
6/26/2026 5:30:00 AM,+07:00,4039.3,4051.6,4037.1,4041.4,1424,1525,1424,0,0,1525,706,46.2950819672131,806,52.8524590163934,-100,-6.55737704918033,0,0,0,0,-100,-554,0,1.07092696629213,0,0,0,0,0,0,0,0,0,0,687,4080,4008,4037,4055,6,107875,-2982,93489,480,195,12,63429,114,1140,72,720,4052,4035,17,170,2501,271983,
6/26/2026 6:00:00 AM,+07:00,4041.3,4045.7,4036.5,4045.1,356,393,356,0,0,393,179,45.5470737913486,212,53.9440203562341,-33,-8.3969465648855,0,0,0,0,-33,-587,0,1.10393258426966,0,0,0,0,0,0,0,0,0,0,687,4080,4008,4037,4055,6,107875,-2982,93489,480,195,12,63429,114,1140,72,720,4052,4035,17,170,2501,271983,
6/26/2026 6:30:00 AM,+07:00,4045.5,4045.5,4027.5,4030.2,624,737,624,0,0,737,239,32.4287652645862,495,67.1641791044776,-256,-34.7354138398914,0,0,0,0,-256,-843,0,1.18108974358974,0,0,0,0,0,0,0,0,0,0,687,4080,4008,4037,4055,6,107875,-2982,93489,480,195,12,63429,114,1140,72,720,4052,4035,17,170,2501,271983,
6/26/2026 7:00:00 AM,+07:00,4029.9,4038.5,4026.3,4030.4,1121,1219,1121,0,0,1219,614,50.369155045119,592,48.5643970467596,22,1.80475799835931,0,0,0,0,22,-821,0,1.08742194469224,0,0,0,0,0,0,0,0,0,0,687,4080,4008,4037,4055,6,107875,-2982,93489,480,195,12,63429,114,1140,72,720,4052,4035,17,170,2501,271983,
6/26/2026 7:30:00 AM,+07:00,4030.8,4039.6,4027.5,4035.1,985,1102,985,0,0,1102,558,50.6352087114338,536,48.6388384754991,22,1.99637023593466,0,0,0,0,22,-799,0,1.11878172588832,0,0,0,0,0,0,0,0,0,0,687,4080,4008,4037,4055,6,107875,-2982,93489,480,195,12,63429,114,1140,72,720,4052,4035,17,170,2501,271983,
6/26/2026 8:00:00 AM,+07:00,4035.6,4044.8,4029.3,4038,1682,1931,1682,0,0,1931,718,37.1828068358364,1186,61.4189539098912,-468,-24.2361470740549,0,0,0,0,-468,-1267,0,1.14803804994055,0,0,0,0,0,0,0,0,0,0,687,4080,4008,4037,4055,6,107875,-2982,93489,480,195,12,63429,114,1140,72,720,4052,4035,17,170,2501,271983,
6/26/2026 8:30:00 AM,+07:00,4038.2,4041.1,4029.6,4035.9,1308,1461,1308,0,0,1461,570,39.0143737166324,863,59.0691307323751,-293,-20.0547570157426,0,0,0,0,-293,-1560,0,1.11697247706422,0,0,0,0,0,0,0,0,0,0,687,4080,4008,4037,4055,6,107875,-2982,93489,480,195,12,63429,114,1140,72,720,4052,4035,17,170,2501,271983,
6/26/2026 9:00:00 AM,+07:00,4036.2,4038.3,4019,4022.9,1741,2107,1741,0,0,2107,812,38.5382059800664,1275,60.5125771238728,-463,-21.9743711438064,0,0,0,0,-463,-2023,0,1.21022400919012,0,0,0,0,0,0,0,0,0,0,687,4080,4008,4037,4055,6,107875,-2982,93489,480,195,12,63429,114,1140,72,720,4052,4035,17,170,2501,271983,
6/26/2026 9:30:00 AM,+07:00,4022.6,4024.3,3998.1,4006,3791,4480,3791,0,0,4480,1593,35.5580357142857,2855,63.7276785714286,-1262,-28.1696428571429,0,0,0,0,-1262,-3285,0,1.18174624109734,0,0,0,0,0,0,0,0,0,0,687,4080,4008,4037,4055,6,107875,-2982,93489,480,195,12,63429,114,1140,72,720,4052,4035,17,170,2501,271983,
6/26/2026 10:00:00 AM,+07:00,4005.9,4015.7,4001.8,4010.4,1856,2094,1856,0,0,2094,971,46.370582617001,1090,52.0534861509074,-119,-5.6829035339064,0,0,0,0,-119,-3404,0,1.12823275862069,0,0,0,0,0,0,0,0,0,0,687,4080,4008,4037,4055,6,107875,-2982,93489,480,195,12,63429,114,1140,72,720,4052,4035,17,170,2501,271983,
6/26/2026 10:30:00 AM,+07:00,4010.1,4022,4008.7,4019.7,772,850,772,0,0,850,489,57.5294117647059,350,41.1764705882353,139,16.3529411764706,0,0,0,0,139,-3265,0,1.10103626943005,0,0,0,0,0,0,0,0,0,0,687,4080,4008,4037,4055,6,107875,-2982,93489,480,195,12,63429,114,1140,72,720,4052,4035,17,170,2501,271983,
6/26/2026 11:00:00 AM,+07:00,4019.4,4027.6,4013.8,4022.5,1088,1137,1088,0,0,1137,586,51.5391380826737,541,47.5813544415128,45,3.95778364116095,0,0,0,0,45,-3220,0,1.04503676470588,0,0,0,0,0,0,0,0,0,0,687,4080,4008,4037,4055,6,107875,-2982,93489,480,195,12,63429,114,1140,72,720,4052,4035,17,170,2501,271983,
6/26/2026 11:30:00 AM,+07:00,4022.6,4030.2,4016.9,4026.8,868,938,868,0,0,938,487,51.9189765458422,437,46.5884861407249,50,5.33049040511727,0,0,0,0,50,-3170,0,1.08064516129032,0,0,0,0,0,0,0,0,0,0,687,4080,4008,4037,4055,6,107875,-2982,93489,480,195,12,63429,114,1140,72,720,4052,4035,17,170,2501,271983,
6/26/2026 12:00:00 PM,+07:00,4026.4,4034.6,4021.7,4032.1,801,864,801,0,0,864,436,50.462962962963,416,48.1481481481481,20,2.31481481481482,0,0,0,0,20,-3150,0,1.07865168539326,0,0,0,0,0,0,0,0,0,0,687,4080,4008,4037,4055,6,107875,-2982,93489,480,195,12,63429,114,1140,72,720,4052,4035,17,170,2501,271983,
6/26/2026 12:30:00 PM,+07:00,4031.9,4037.1,4021.1,4023.2,1699,1866,1699,0,0,1866,909,48.7138263665595,917,49.1425509110397,-8,-0.428724544480172,0,0,0,0,-8,-3158,0,1.09829311359623,0,0,0,0,0,0,0,0,0,0,687,4080,4008,4037,4055,6,107875,-2982,93489,480,195,12,63429,114,1140,72,720,4052,4035,17,170,2501,271983,
6/26/2026 1:00:00 PM,+07:00,4023.2,4040.8,4022.1,4039.6,2155,2489,2155,0,0,2489,1203,48.3326637203696,1198,48.1317798312575,5,0.200883889112093,0,0,0,0,5,-3153,0,1.15498839907193,0,0,0,0,0,0,0,0,0,0,687,4080,4008,4037,4055,6,107875,-2982,93489,480,195,12,63429,114,1140,72,720,4052,4035,17,170,2501,271983,
6/26/2026 1:30:00 PM,+07:00,4039.8,4049,4036.2,4047.2,3173,3748,3173,0,0,3748,1970,52.5613660618997,1691,45.1173959445037,279,7.44397011739594,0,0,0,0,279,-2874,0,1.18121651433974,0,0,0,0,0,0,0,0,0,0,687,4080,4008,4037,4055,6,107875,-2982,93489,480,195,12,63429,114,1140,72,720,4052,4035,17,170,2501,271983,
6/26/2026 2:00:00 PM,+07:00,4047.8,4055.5,4042.5,4053.7,2479,2863,2479,0,0,2863,1426,49.8078938176738,1374,47.9916171847712,52,1.81627663290255,0,0,0,0,52,-2822,0,1.15490116982654,0,0,0,0,0,0,0,0,0,0,687,4080,4008,4037,4055,6,107875,-2982,93489,480,195,12,63429,114,1140,72,720,4052,4035,17,170,2501,271983,
6/26/2026 2:30:00 PM,+07:00,4053.2,4054.5,4042.8,4046.4,1233,1433,1233,0,0,1433,678,47.3133286810886,729,50.8722958827634,-51,-3.55896720167481,0,0,0,0,-51,-2873,0,1.16220600162206,0,0,0,0,0,0,0,0,0,0,687,4080,4008,4037,4055,6,107875,-2982,93489,480,195,12,63429,114,1140,72,720,4052,4035,17,170,2501,271983,
6/26/2026 3:00:00 PM,+07:00,4046.1,4051.1,4041.2,4050.8,1075,1253,1075,0,0,1253,573,45.7302474062251,663,52.9130087789306,-90,-7.18276137270551,0,0,0,0,-90,-2963,0,1.16558139534884,0,0,0,0,0,0,0,0,0,0,687,4080,4008,4037,4055,6,107875,-2982,93489,480,195,12,63429,114,1140,72,720,4052,4035,17,170,2501,271983,
6/26/2026 3:30:00 PM,+07:00,4051,4053,4045,4046.1,866,976,866,0,0,976,438,44.8770491803279,520,53.2786885245902,-82,-8.40163934426229,0,0,0,0,-82,-3045,0,1.1270207852194,0,0,0,0,0,0,0,0,0,0,687,4080,4008,4037,4055,6,107875,-2982,93489,480,195,12,63429,114,1140,72,720,4052,4035,17,170,2501,271983,
6/26/2026 4:00:00 PM,+07:00,4045.8,4066.4,4044.6,4063.6,3358,4050,3358,0,0,4050,2285,56.4197530864198,1724,42.5679012345679,561,13.8518518518519,0,0,0,0,561,-2484,0,1.20607504466945,0,0,0,0,0,0,0,0,0,0,687,4080,4008,4037,4055,6,107875,-2982,93489,480,195,12,63429,114,1140,72,720,4052,4035,17,170,2501,271983,
6/26/2026 4:30:00 PM,+07:00,4063.4,4069.7,4060.5,4062.8,2411,3061,2411,0,0,3061,1304,42.6004573668736,1737,56.7461613851682,-433,-14.1457040182947,0,0,0,0,-433,-2917,0,1.26959767731232,0,0,0,0,0,0,0,0,0,0,687,4080,4008,4037,4055,6,107875,-2982,93489,480,195,12,63429,114,1140,72,720,4052,4035,17,170,2501,271983,
6/26/2026 5:00:00 PM,+07:00,4062.3,4067.7,4057.5,4063.3,1292,1557,1292,0,0,1557,774,49.7109826589595,770,49.4540783558125,4,0.256904303147078,0,0,0,0,4,-2913,0,1.20510835913313,0,0,0,0,0,0,0,0,0,0,687,4080,4008,4037,4055,6,107875,-2982,93489,480,195,12,63429,114,1140,72,720,4052,4035,17,170,2501,271983,
6/26/2026 5:30:00 PM,+07:00,4063.3,4070.8,4062,4069.8,1014,1158,1014,0,0,1158,609,52.5906735751295,528,45.5958549222798,81,6.99481865284974,0,0,0,0,81,-2832,0,1.14201183431953,0,0,0,0,0,0,0,0,0,0,687,4080,4008,4037,4055,6,107875,-2982,93489,480,195,12,63429,114,1140,72,720,4052,4035,17,170,2501,271983,
6/26/2026 6:00:00 PM,+07:00,4070,4071,4061.5,4068.1,1501,1678,1501,0,0,1678,762,45.4112038140644,897,53.4564958283671,-135,-8.04529201430274,0,0,0,0,-135,-2967,0,1.11792138574284,0,0,0,0,0,0,0,0,0,0,687,4080,4008,4037,4055,6,107875,-2982,93489,480,195,12,63429,114,1140,72,720,4052,4035,17,170,2501,271983,
6/26/2026 6:30:00 PM,+07:00,4068.4,4071.5,4057.6,4061,1709,1950,1709,0,0,1950,854,43.7948717948718,1019,52.2564102564103,-165,-8.46153846153846,0,0,0,0,-165,-3132,0,1.14101813926273,0,0,0,0,0,0,0,0,0,0,687,4080,4008,4037,4055,6,107875,-2982,93489,480,195,12,63429,114,1140,72,720,4052,4035,17,170,2501,271983,
6/26/2026 7:00:00 PM,+07:00,4061.1,4066.5,4056.8,4061.4,1467,1620,1467,0,0,1620,792,48.8888888888889,806,49.7530864197531,-14,-0.864197530864198,0,0,0,0,-14,-3146,0,1.10429447852761,0,0,0,0,0,0,0,0,0,0,687,4080,4008,4037,4055,6,107875,-2982,93489,480,195,12,63429,114,1140,72,720,4052,4035,17,170,2501,271983,
6/26/2026 7:30:00 PM,+07:00,4061.1,4076.7,4050.6,4074,3193,3646,3193,0,0,3646,1748,47.9429511793747,1826,50.082281952825,-78,-2.13933077345036,0,0,0,0,-78,-3224,0,1.14187284685249,0,0,0,0,0,0,0,0,0,0,687,4080,4008,4037,4055,6,107875,-2982,93489,480,195,12,63429,114,1140,72,720,4052,4035,17,170,2501,271983,
6/26/2026 8:00:00 PM,+07:00,4074.1,4081.3,4057.7,4071.9,5144,5685,5144,0,0,5685,2669,46.948109058927,2673,47.0184696569921,-4,-0.0703605980650836,0,0,0,0,-4,-3228,0,1.10517107309487,0,0,0,0,0,0,0,0,0,0,687,4080,4008,4037,4055,6,107875,-2982,93489,480,195,12,63429,114,1140,72,720,4052,4035,17,170,2501,271983,
6/26/2026 8:30:00 PM,+07:00,4071.2,4093.1,4059.4,4088.7,5867,6558,5867,0,0,6558,3275,49.9390057944495,2998,45.7151570600793,277,4.22384873437024,0,0,0,0,277,-2951,0,1.11777739901142,0,0,0,0,0,0,0,0,0,0,687,4080,4008,4037,4055,6,107875,-2982,93489,480,195,12,63429,114,1140,72,720,4052,4035,17,170,2501,271983,
6/26/2026 9:00:00 PM,+07:00,4088.6,4108.7,4083,4099.7,8482,10234,8482,0,0,10234,4997,48.827437951925,4941,48.2802423294899,56,0.547195622435021,0,0,0,0,56,-2895,0,1.20655505776939,0,0,0,0,0,0,0,0,0,0,687,4080,4008,4037,4055,6,107875,-2982,93489,480,195,12,63429,114,1140,72,720,4052,4035,17,170,2501,271983,
6/26/2026 9:30:00 PM,+07:00,4099.9,4106.8,4091.3,4095.7,4242,4920,4242,0,0,4920,2522,51.260162601626,2293,46.6056910569106,229,4.65447154471545,0,0,0,0,229,-2666,0,1.15983026874116,0,0,0,0,0,0,0,0,0,0,687,4080,4008,4037,4055,6,107875,-2982,93489,480,195,12,63429,114,1140,72,720,4052,4035,17,170,2501,271983,
6/26/2026 10:00:00 PM,+07:00,4095.9,4099.9,4090.7,4099.1,2188,2602,2188,0,0,2602,1229,47.2328977709454,1319,50.6917755572636,-90,-3.45887778631822,0,0,0,0,-90,-2756,0,1.18921389396709,0,0,0,0,0,0,0,0,0,0,687,4080,4008,4037,4055,6,107875,-2982,93489,480,195,12,63429,114,1140,72,720,4052,4035,17,170,2501,271983,
6/26/2026 10:30:00 PM,+07:00,4099.6,4111.5,4096.6,4106.3,4477,5087,4477,0,0,5087,2436,47.8867701985453,2519,49.5183801847847,-83,-1.63160998623943,0,0,0,0,-83,-2839,0,1.13625195443377,0,0,0,0,0,0,0,0,0,0,687,4080,4008,4037,4055,6,107875,-2982,93489,480,195,12,63429,114,1140,72,720,4052,4035,17,170,2501,271983,
6/26/2026 11:00:00 PM,+07:00,4106.1,4109.2,4098.5,4102.3,1998,2215,1998,0,0,2215,1036,46.7720090293454,1155,52.1444695259594,-119,-5.372460496614,0,0,0,0,-119,-2958,0,1.10860860860861,0,0,0,0,0,0,0,0,0,0,687,4080,4008,4037,4055,6,107875,-2982,93489,480,195,12,63429,114,1140,72,720,4052,4035,17,170,2501,271983,
6/26/2026 11:30:00 PM,+07:00,4102.5,4108.6,4097.4,4099.9,2050,2295,2050,0,0,2295,1059,46.1437908496732,1214,52.8976034858388,-155,-6.75381263616558,0,0,0,0,-155,-3113,0,1.11951219512195,0,0,0,0,0,0,0,0,0,0,687,4080,4008,4037,4055,6,107875,-2982,93489,480,195,12,63429,114,1140,72,720,4052,4035,17,170,2501,271983,
6/27/2026 12:00:00 AM,+07:00,4100.2,4103.4,4095.3,4096.7,2352,2607,2352,0,0,2607,1306,50.0958956655159,1279,49.060222477944,27,1.03567318757192,0,0,0,0,27,27,0,1.10841836734694,0,0,0,0,0,0,0,0,0,0,687,4080,4008,4037,4055,6,107875,-2982,93489,480,195,12,63429,114,1140,72,720,4052,4035,17,170,2501,271983,
6/27/2026 12:30:00 AM,+07:00,4096.8,4098.4,4088.7,4089.6,1740,2067,1740,0,0,2067,937,45.3313981615868,1110,53.7010159651669,-173,-8.36961780358007,0,0,0,0,-173,-146,0,1.18793103448276,0,0,0,0,0,0,0,0,0,0,687,4080,4008,4037,4055,6,107875,-2982,93489,480,195,12,63429,114,1140,72,720,4052,4035,17,170,2501,271983,
6/27/2026 1:00:00 AM,+07:00,4089.9,4094,4086,4088.3,1288,1667,1288,0,0,1667,791,47.4505098980204,857,51.4097180563887,-66,-3.95920815836833,0,0,0,0,-66,-212,0,1.29425465838509,0,0,0,0,0,0,0,0,0,0,687,4080,4008,4037,4055,6,107875,-2982,93489,480,195,12,63429,114,1140,72,720,4052,4035,17,170,2501,271983,
6/27/2026 1:30:00 AM,+07:00,4088.4,4090.3,4081.9,4082.2,1073,1288,1073,0,0,1288,565,43.8664596273292,714,55.4347826086957,-149,-11.5683229813665,0,0,0,0,-149,-361,0,1.20037278657968,0,0,0,0,0,0,0,0,0,0,687,4080,4008,4037,4055,6,107875,-2982,93489,480,195,12,63429,114,1140,72,720,4052,4035,17,170,2501,271983,
6/27/2026 2:00:00 AM,+07:00,4082,4084.5,4079,4080.8,1112,1398,1112,0,0,1398,630,45.0643776824034,758,54.2203147353362,-128,-9.15593705293276,0,0,0,0,-128,-489,0,1.25719424460432,0,0,0,0,0,0,0,0,0,0,687,4080,4008,4037,4055,6,107875,-2982,93489,480,195,12,63429,114,1140,72,720,4052,4035,17,170,2501,271983,
6/27/2026 2:30:00 AM,+07:00,4080.7,4089,4079.9,4086.2,1660,1830,1660,0,0,1830,864,47.2131147540984,940,51.3661202185792,-76,-4.15300546448087,0,0,0,0,-76,-565,0,1.10240963855422,0,0,0,0,0,0,0,0,0,0,687,4080,4008,4037,4055,6,107875,-2982,93489,480,195,12,63429,114,1140,72,720,4052,4035,17,170,2501,271983,
6/27/2026 3:00:00 AM,+07:00,4086.4,4087.2,4079,4086.6,845,1031,845,0,0,1031,545,52.8612997090204,474,45.9747817652764,71,6.88651794374394,0,0,0,0,71,-494,0,1.22011834319527,0,0,0,0,0,0,0,0,0,0,687,4080,4008,4037,4055,6,107875,-2982,93489,480,195,12,63429,114,1140,72,720,4052,4035,17,170,2501,271983,
6/27/2026 3:30:00 AM,+07:00,4086.4,4104.4,4081.3,4103,1056,1229,1056,0,0,1229,711,57.8519121236778,511,41.5785191212368,200,16.273393002441,0,0,0,0,200,-294,0,1.16382575757576,0,0,0,0,0,0,0,0,0,0,687,4080,4008,4037,4055,6,107875,-2982,93489,480,195,12,63429,114,1140,72,720,4052,4035,17,170,2501,271983,
6/29/2026 7:00:00 AM,+07:00,4076.3,4079,4062.6,4062.6,1669,1817,1669,0,0,1817,877,48.2663731425426,927,51.0181618051734,-50,-2.75178866263071,0,0,0,0,-50,-50,0,1.08867585380467,0,0,0,0,0,0,0,0,0,0,569,4084,4042,4077,4051,1,92263,-1112,79984,102,453,14,58934,78,780,42,420,4089,4063,26,260,3868,272593,
6/29/2026 7:30:00 AM,+07:00,4062.8,4088.7,4062.8,4083.9,1787,2051,1787,0,0,2051,1126,54.900048756704,913,44.5148707947343,213,10.3851779619698,0,0,0,0,213,163,0,1.14773363178511,0,0,0,0,0,0,0,0,0,0,569,4084,4042,4077,4051,1,92263,-1112,79984,102,453,14,58934,78,780,42,420,4089,4063,26,260,3868,272593,
6/29/2026 8:00:00 AM,+07:00,4083.7,4088.6,4068,4074.3,2131,2286,2131,0,0,2286,1145,50.087489063867,1117,48.8626421697288,28,1.22484689413823,0,0,0,0,28,191,0,1.07273580478649,0,0,0,0,0,0,0,0,0,0,569,4084,4042,4077,4051,1,92263,-1112,79984,102,453,14,58934,78,780,42,420,4089,4063,26,260,3868,272593,
6/29/2026 8:30:00 AM,+07:00,4073.3,4081,4069.2,4075.8,1027,1144,1027,0,0,1144,563,49.2132867132867,568,49.6503496503497,-5,-0.437062937062937,0,0,0,0,-5,186,0,1.11392405063291,0,0,0,0,0,0,0,0,0,0,569,4084,4042,4077,4051,1,92263,-1112,79984,102,453,14,58934,78,780,42,420,4089,4063,26,260,3868,272593,
6/29/2026 9:00:00 AM,+07:00,4075.4,4085.5,4073.7,4083.3,1252,1356,1252,0,0,1356,693,51.1061946902655,658,48.5250737463127,35,2.5811209439528,0,0,0,0,35,221,0,1.08306709265176,0,0,0,0,0,0,0,0,0,0,569,4084,4042,4077,4051,1,92263,-1112,79984,102,453,14,58934,78,780,42,420,4089,4063,26,260,3868,272593,
6/29/2026 9:30:00 AM,+07:00,4083.4,4086.5,4073.2,4080.8,1408,1537,1408,0,0,1537,714,46.4541314248536,805,52.3747560182173,-91,-5.9206245933637,0,0,0,0,-91,130,0,1.09161931818182,0,0,0,0,0,0,0,0,0,0,569,4084,4042,4077,4051,1,92263,-1112,79984,102,453,14,58934,78,780,42,420,4089,4063,26,260,3868,272593,
6/29/2026 10:00:00 AM,+07:00,4081.1,4090.4,4079.9,4087,515,558,515,0,0,558,276,49.4623655913978,273,48.9247311827957,3,0.537634408602151,0,0,0,0,3,133,0,1.08349514563107,0,0,0,0,0,0,0,0,0,0,569,4084,4042,4077,4051,1,92263,-1112,79984,102,453,14,58934,78,780,42,420,4089,4063,26,260,3868,272593,
6/29/2026 10:30:00 AM,+07:00,4087.4,4088.5,4080,4083.2,737,773,737,0,0,773,402,52.0051746442432,367,47.477360931436,35,4.52781371280724,0,0,0,0,35,168,0,1.04884667571235,0,0,0,0,0,0,0,0,0,0,569,4084,4042,4077,4051,1,92263,-1112,79984,102,453,14,58934,78,780,42,420,4089,4063,26,260,3868,272593,
6/29/2026 11:00:00 AM,+07:00,4082.8,4083.2,4076.5,4079.7,542,584,542,0,0,584,276,47.2602739726027,302,51.7123287671233,-26,-4.45205479452055,0,0,0,0,-26,142,0,1.07749077490775,0,0,0,0,0,0,0,0,0,0,569,4084,4042,4077,4051,1,92263,-1112,79984,102,453,14,58934,78,780,42,420,4089,4063,26,260,3868,272593,
6/29/2026 11:30:00 AM,+07:00,4079.6,4079.7,4063.5,4065.5,1428,1678,1428,0,0,1678,838,49.9404052443385,825,49.165673420739,13,0.774731823599523,0,0,0,0,13,155,0,1.1750700280112,0,0,0,0,0,0,0,0,0,0,569,4084,4042,4077,4051,1,92263,-1112,79984,102,453,14,58934,78,780,42,420,4089,4063,26,260,3868,272593,
6/29/2026 12:00:00 PM,+07:00,4065.4,4071.7,4061.1,4063.7,1584,1776,1584,0,0,1776,952,53.6036036036036,816,45.945945945946,136,7.65765765765766,0,0,0,0,136,291,0,1.12121212121212,0,0,0,0,0,0,0,0,0,0,569,4084,4042,4077,4051,1,92263,-1112,79984,102,453,14,58934,78,780,42,420,4089,4063,26,260,3868,272593,
6/29/2026 12:30:00 PM,+07:00,4063.5,4071.4,4053.8,4069,2281,2757,2281,0,0,2757,1206,43.7431991294886,1517,55.0235763511063,-311,-11.2803772216177,0,0,0,0,-311,-20,0,1.20868040333187,0,0,0,0,0,0,0,0,0,0,569,4084,4042,4077,4051,1,92263,-1112,79984,102,453,14,58934,78,780,42,420,4089,4063,26,260,3868,272593,
6/29/2026 1:00:00 PM,+07:00,4068.6,4078.5,4068.1,4075.5,1835,2279,1835,0,0,2279,1125,49.363756033348,1122,49.2321193505924,3,0.131636682755595,0,0,0,0,3,-17,0,1.24196185286104,0,0,0,0,0,0,0,0,0,0,569,4084,4042,4077,4051,1,92263,-1112,79984,102,453,14,58934,78,780,42,420,4089,4063,26,260,3868,272593,
6/29/2026 1:30:00 PM,+07:00,4075.4,4079.6,4069.6,4077,1354,1641,1354,0,0,1641,832,50.7007921998781,765,46.617915904936,67,4.08287629494211,0,0,0,0,67,50,0,1.21196454948301,0,0,0,0,0,0,0,0,0,0,569,4084,4042,4077,4051,1,92263,-1112,79984,102,453,14,58934,78,780,42,420,4089,4063,26,260,3868,272593,
6/29/2026 2:00:00 PM,+07:00,4077.5,4081.1,4070.7,4080.6,1094,1275,1094,0,0,1275,665,52.156862745098,565,44.3137254901961,100,7.84313725490196,0,0,0,0,100,150,0,1.1654478976234,0,0,0,0,0,0,0,0,0,0,569,4084,4042,4077,4051,1,92263,-1112,79984,102,453,14,58934,78,780,42,420,4089,4063,26,260,3868,272593,
6/29/2026 2:30:00 PM,+07:00,4080.9,4083.2,4075.4,4076.3,1042,1186,1042,0,0,1186,608,51.2647554806071,553,46.6273187183811,55,4.63743676222597,0,0,0,0,55,205,0,1.13819577735125,0,0,0,0,0,0,0,0,0,0,569,4084,4042,4077,4051,1,92263,-1112,79984,102,453,14,58934,78,780,42,420,4089,4063,26,260,3868,272593,
6/29/2026 3:00:00 PM,+07:00,4075.7,4080.6,4074.4,4075.5,762,886,762,0,0,886,404,45.5981941309255,474,53.4988713318284,-70,-7.90067720090294,0,0,0,0,-70,135,0,1.16272965879265,0,0,0,0,0,0,0,0,0,0,569,4084,4042,4077,4051,1,92263,-1112,79984,102,453,14,58934,78,780,42,420,4089,4063,26,260,3868,272593,
6/29/2026 3:30:00 PM,+07:00,4075.3,4081,4057.5,4060.9,2357,2866,2357,0,0,2866,1440,50.2442428471738,1388,48.4298674110258,52,1.81437543614794,0,0,0,0,52,187,0,1.2159524819686,0,0,0,0,0,0,0,0,0,0,569,4084,4042,4077,4051,1,92263,-1112,79984,102,453,14,58934,78,780,42,420,4089,4063,26,260,3868,272593,
6/29/2026 4:00:00 PM,+07:00,4061.3,4069.4,4059.2,4061.2,2036,2331,2036,0,0,2331,1039,44.5731445731446,1261,54.0969540969541,-222,-9.52380952380952,0,0,0,0,-222,-35,0,1.14489194499018,0,0,0,0,0,0,0,0,0,0,569,4084,4042,4077,4051,1,92263,-1112,79984,102,453,14,58934,78,780,42,420,4089,4063,26,260,3868,272593,
6/29/2026 4:30:00 PM,+07:00,4061.6,4064.7,4038.1,4045.8,4438,5242,4438,0,0,5242,2334,44.5249904616559,2824,53.8725677222434,-490,-9.34757726058756,0,0,0,0,-490,-525,0,1.18116268589455,0,0,0,0,0,0,0,0,0,0,569,4084,4042,4077,4051,1,92263,-1112,79984,102,453,14,58934,78,780,42,420,4089,4063,26,260,3868,272593,
6/29/2026 5:00:00 PM,+07:00,4046.5,4053.9,4041.5,4051.4,2108,2435,2108,0,0,2435,1354,55.605749486653,1068,43.8603696098563,286,11.7453798767967,0,0,0,0,286,-239,0,1.15512333965844,0,0,0,0,0,0,0,0,0,0,569,4084,4042,4077,4051,1,92263,-1112,79984,102,453,14,58934,78,780,42,420,4089,4063,26,260,3868,272593,
6/29/2026 5:30:00 PM,+07:00,4051.8,4053,4045.9,4051.1,2083,2476,2083,0,0,2476,1314,53.0694668820678,1137,45.9208400646204,177,7.1486268174475,0,0,0,0,177,-62,0,1.18867018722996,0,0,0,0,0,0,0,0,0,0,569,4084,4042,4077,4051,1,92263,-1112,79984,102,453,14,58934,78,780,42,420,4089,4063,26,260,3868,272593,
6/29/2026 6:00:00 PM,+07:00,4051.7,4053,4041.5,4046.2,1185,1330,1185,0,0,1330,669,50.3007518796992,659,49.5488721804511,10,0.75187969924812,0,0,0,0,10,-52,0,1.12236286919831,0,0,0,0,0,0,0,0,0,0,569,4084,4042,4077,4051,1,92263,-1112,79984,102,453,14,58934,78,780,42,420,4089,4063,26,260,3868,272593,
6/29/2026 6:30:00 PM,+07:00,4046.4,4056.7,4044.1,4053.3,1701,1913,1701,0,0,1913,936,48.9283847360167,949,49.6079456351281,-13,-0.679560899111344,0,0,0,0,-13,-65,0,1.12463256907701,0,0,0,0,0,0,0,0,0,0,569,4084,4042,4077,4051,1,92263,-1112,79984,102,453,14,58934,78,780,42,420,4089,4063,26,260,3868,272593,
6/29/2026 7:00:00 PM,+07:00,4053.5,4067,4051.8,4052.5,3189,3538,3189,0,0,3538,1727,48.8128886376484,1774,50.1413227812323,-47,-1.32843414358395,0,0,0,0,-47,-112,0,1.10943869551584,0,0,0,0,0,0,0,0,0,0,569,4084,4042,4077,4051,1,92263,-1112,79984,102,453,14,58934,78,780,42,420,4089,4063,26,260,3868,272593,
6/29/2026 7:30:00 PM,+07:00,4052.6,4062.3,4051.8,4057.8,1791,1916,1791,0,0,1916,988,51.5657620041754,887,46.294363256785,101,5.2713987473904,0,0,0,0,101,-11,0,1.06979341150195,0,0,0,0,0,0,0,0,0,0,569,4084,4042,4077,4051,1,92263,-1112,79984,102,453,14,58934,78,780,42,420,4089,4063,26,260,3868,272593,
6/29/2026 8:00:00 PM,+07:00,4057.8,4066.2,4052,4052,2149,2290,2149,0,0,2290,1052,45.938864628821,1220,53.2751091703057,-168,-7.33624454148472,0,0,0,0,-168,-179,0,1.06561191251745,0,0,0,0,0,0,0,0,0,0,569,4084,4042,4077,4051,1,92263,-1112,79984,102,453,14,58934,78,780,42,420,4089,4063,26,260,3868,272593,
6/29/2026 8:30:00 PM,+07:00,4052.3,4058.8,4042.2,4046.4,3718,4040,3718,0,0,4040,2027,50.1732673267327,1949,48.2425742574257,78,1.93069306930693,0,0,0,0,78,-101,0,1.08660570199032,0,0,0,0,0,0,0,0,0,0,569,4084,4042,4077,4051,1,92263,-1112,79984,102,453,14,58934,78,780,42,420,4089,4063,26,260,3868,272593,
6/29/2026 9:00:00 PM,+07:00,4046.6,4049.6,4012,4038.9,10202,12022,10202,0,0,12022,5894,49.0267842289137,5881,48.9186491432374,13,0.10813508567626,0,0,0,0,13,-88,0,1.17839639286414,0,0,0,0,0,0,0,0,0,0,569,4084,4042,4077,4051,1,92263,-1112,79984,102,453,14,58934,78,780,42,420,4089,4063,26,260,3868,272593,
6/29/2026 9:30:00 PM,+07:00,4038.8,4044.7,4031.9,4039.5,2879,3372,2879,0,0,3372,1691,50.1482799525504,1608,47.6868327402135,83,2.46144721233689,0,0,0,0,83,-5,0,1.17124001389371,0,0,0,0,0,0,0,0,0,0,569,4084,4042,4077,4051,1,92263,-1112,79984,102,453,14,58934,78,780,42,420,4089,4063,26,260,3868,272593,
6/29/2026 10:00:00 PM,+07:00,4039.9,4041.7,4030.5,4038.4,2617,3142,2617,0,0,3142,1514,48.1858688733291,1581,50.3182686187142,-67,-2.1323997453851,0,0,0,0,-67,-72,0,1.20061138708445,0,0,0,0,0,0,0,0,0,0,569,4084,4042,4077,4051,1,92263,-1112,79984,102,453,14,58934,78,780,42,420,4089,4063,26,260,3868,272593,
6/29/2026 10:30:00 PM,+07:00,4038.6,4045,4031.5,4041.5,2845,3551,2845,0,0,3551,1674,47.1416502393692,1832,51.5911010982822,-158,-4.44945085891298,0,0,0,0,-158,-230,0,1.2481546572935,0,0,0,0,0,0,0,0,0,0,569,4084,4042,4077,4051,1,92263,-1112,79984,102,453,14,58934,78,780,42,420,4089,4063,26,260,3868,272593,
6/29/2026 11:00:00 PM,+07:00,4041.5,4043.3,4036.3,4038.2,1455,1685,1455,0,0,1685,783,46.4688427299703,860,51.0385756676558,-77,-4.56973293768546,0,0,0,0,-77,-307,0,1.15807560137457,0,0,0,0,0,0,0,0,0,0,569,4084,4042,4077,4051,1,92263,-1112,79984,102,453,14,58934,78,780,42,420,4089,4063,26,260,3868,272593,
6/29/2026 11:30:00 PM,+07:00,4038.3,4042.5,4033,4038.4,1565,1874,1565,0,0,1874,838,44.7171824973319,1007,53.735325506937,-169,-9.01814300960512,0,0,0,0,-169,-476,0,1.19744408945687,0,0,0,0,0,0,0,0,0,0,569,4084,4042,4077,4051,1,92263,-1112,79984,102,453,14,58934,78,780,42,420,4089,4063,26,260,3868,272593,
6/30/2026 12:00:00 AM,+07:00,4038.5,4046.7,4036.9,4038.3,2773,3153,2773,0,0,3153,1415,44.8778940691405,1704,54.0437678401522,-289,-9.16587377101174,0,0,0,0,-289,-289,0,1.13703570140642,0,0,0,0,0,0,0,0,0,0,569,4084,4042,4077,4051,1,92263,-1112,79984,102,453,14,58934,78,780,42,420,4089,4063,26,260,3868,272593,
6/30/2026 12:30:00 AM,+07:00,4038.5,4038.9,4033.8,4035.3,850,969,850,0,0,969,417,43.0340557275542,536,55.3147574819402,-119,-12.280701754386,0,0,0,0,-119,-408,0,1.14,0,0,0,0,0,0,0,0,0,0,569,4084,4042,4077,4051,1,92263,-1112,79984,102,453,14,58934,78,780,42,420,4089,4063,26,260,3868,272593,
6/30/2026 1:00:00 AM,+07:00,4035.7,4040,4034.8,4035.7,658,739,658,0,0,739,385,52.0974289580514,345,46.6847090663058,40,5.4127198917456,0,0,0,0,40,-368,0,1.12310030395137,0,0,0,0,0,0,0,0,0,0,569,4084,4042,4077,4051,1,92263,-1112,79984,102,453,14,58934,78,780,42,420,4089,4063,26,260,3868,272593,
6/30/2026 1:30:00 AM,+07:00,4035.7,4036.1,4026.1,4027.8,1165,1304,1165,0,0,1304,624,47.8527607361963,663,50.8435582822086,-39,-2.99079754601227,0,0,0,0,-39,-407,0,1.11931330472103,0,0,0,0,0,0,0,0,0,0,569,4084,4042,4077,4051,1,92263,-1112,79984,102,453,14,58934,78,780,42,420,4089,4063,26,260,3868,272593,
6/30/2026 2:00:00 AM,+07:00,4027.7,4031.5,4019.2,4031.5,1912,2323,1912,0,0,2323,1131,48.6870426173052,1149,49.4619027120103,-18,-0.774860094705123,0,0,0,0,-18,-425,0,1.21495815899582,0,0,0,0,0,0,0,0,0,0,569,4084,4042,4077,4051,1,92263,-1112,79984,102,453,14,58934,78,780,42,420,4089,4063,26,260,3868,272593,
6/30/2026 2:30:00 AM,+07:00,4031.5,4034.4,4027.1,4030.4,1114,1297,1114,0,0,1297,540,41.6345412490362,748,57.6715497301465,-208,-16.0370084811103,0,0,0,0,-208,-633,0,1.16427289048474,0,0,0,0,0,0,0,0,0,0,569,4084,4042,4077,4051,1,92263,-1112,79984,102,453,14,58934,78,780,42,420,4089,4063,26,260,3868,272593,
6/30/2026 3:00:00 AM,+07:00,4030.6,4032.5,4027.2,4032.5,418,506,418,0,0,506,247,48.8142292490119,247,48.8142292490119,0,0,0,0,0,0,0,-633,0,1.21052631578947,0,0,0,0,0,0,0,0,0,0,569,4084,4042,4077,4051,1,92263,-1112,79984,102,453,14,58934,78,780,42,420,4089,4063,26,260,3868,272593,
6/30/2026 3:30:00 AM,+07:00,4032.5,4032.5,4029,4030.5,328,365,328,0,0,365,176,48.2191780821918,179,49.041095890411,-3,-0.821917808219178,0,0,0,0,-3,-636,0,1.11280487804878,0,0,0,0,0,0,0,0,0,0,569,4084,4042,4077,4051,1,92263,-1112,79984,102,453,14,58934,78,780,42,420,4089,4063,26,260,3868,272593,
6/30/2026 5:00:00 AM,+07:00,4032.5,4036.5,4029.5,4029.9,763,809,763,0,0,809,303,37.4536464771323,492,60.8158220024722,-189,-23.3621755253399,0,0,0,0,-189,-825,0,1.06028833551769,0,0,0,0,0,0,0,0,0,0,688,4058,3998,4041,4017,-7,116146,-3775,99175,190,479,19,81144,123,1230,60,600,4037,4024,13,130,2116,274589,
6/30/2026 5:30:00 AM,+07:00,4029.8,4031.3,4023.5,4028.4,1149,1307,1149,0,0,1307,555,42.4636572302984,741,56.6947207345065,-186,-14.2310635042081,0,0,0,0,-186,-1011,0,1.13751087902524,0,0,0,0,0,0,0,0,0,0,688,4058,3998,4041,4017,-7,116146,-3775,99175,190,479,19,81144,123,1230,60,600,4037,4024,13,130,2116,274589,
6/30/2026 6:00:00 AM,+07:00,4029,4036.7,4028.2,4031.1,728,847,728,0,0,847,403,47.5796930342385,443,52.3022432113341,-40,-4.72255017709563,0,0,0,0,-40,-1051,0,1.16346153846154,0,0,0,0,0,0,0,0,0,0,688,4058,3998,4041,4017,-7,116146,-3775,99175,190,479,19,81144,123,1230,60,600,4037,4024,13,130,2116,274589,
6/30/2026 6:30:00 AM,+07:00,4030.6,4035.6,4027.4,4029.4,618,749,618,0,0,749,400,53.4045393858478,349,46.5954606141522,51,6.80907877169559,0,0,0,0,51,-1000,0,1.21197411003236,0,0,0,0,0,0,0,0,0,0,688,4058,3998,4041,4017,-7,116146,-3775,99175,190,479,19,81144,123,1230,60,600,4037,4024,13,130,2116,274589,
6/30/2026 7:00:00 AM,+07:00,4028.6,4028.9,4017.1,4019.6,1370,1501,1370,0,0,1501,693,46.1692205196536,801,53.3644237175216,-108,-7.19520319786809,0,0,0,0,-108,-1108,0,1.0956204379562,0,0,0,0,0,0,0,0,0,0,688,4058,3998,4041,4017,-7,116146,-3775,99175,190,479,19,81144,123,1230,60,600,4037,4024,13,130,2116,274589,
6/30/2026 7:30:00 AM,+07:00,4020.4,4020.4,3992.6,4001.3,3178,4021,3178,0,0,4021,1806,44.9142004476498,2169,53.9418055210147,-363,-9.02760507336484,0,0,0,0,-363,-1471,0,1.26526117054751,0,0,0,0,0,0,0,0,0,0,688,4058,3998,4041,4017,-7,116146,-3775,99175,190,479,19,81144,123,1230,60,600,4037,4024,13,130,2116,274589,
6/30/2026 8:00:00 AM,+07:00,4000.5,4000.8,3955.4,3992.1,8336,9647,8336,0,0,9647,4979,51.6119000725614,4605,47.7350471649217,374,3.87685290763968,0,0,0,0,374,-1097,0,1.15726967370441,0,0,0,0,0,0,0,0,0,0,688,4058,3998,4041,4017,-7,116146,-3775,99175,190,479,19,81144,123,1230,60,600,4037,4024,13,130,2116,274589,
6/30/2026 8:30:00 AM,+07:00,3992.1,3993.1,3974.5,3982.7,3053,3614,3053,0,0,3614,1742,48.2014388489209,1854,51.300498063088,-112,-3.09905921416713,0,0,0,0,-112,-1209,0,1.1837536849001,0,0,0,0,0,0,0,0,0,0,688,4058,3998,4041,4017,-7,116146,-3775,99175,190,479,19,81144,123,1230,60,600,4037,4024,13,130,2116,274589,
6/30/2026 9:00:00 AM,+07:00,3982.4,3986.8,3965.5,3975.5,2839,3295,2839,0,0,3295,1496,45.402124430956,1768,53.6570561456753,-272,-8.25493171471927,0,0,0,0,-272,-1481,0,1.16061993659739,0,0,0,0,0,0,0,0,0,0,688,4058,3998,4041,4017,-7,116146,-3775,99175,190,479,19,81144,123,1230,60,600,4037,4024,13,130,2116,274589,
6/30/2026 9:30:00 AM,+07:00,3975,3983.8,3967.4,3975.8,1574,1696,1574,0,0,1696,890,52.4764150943396,776,45.7547169811321,114,6.72169811320755,0,0,0,0,114,-1367,0,1.07750952986023,0,0,0,0,0,0,0,0,0,0,688,4058,3998,4041,4017,-7,116146,-3775,99175,190,479,19,81144,123,1230,60,600,4037,4024,13,130,2116,274589,
6/30/2026 10:00:00 AM,+07:00,3976.1,3984.2,3976,3979.1,1620,1894,1620,0,0,1894,909,47.9936642027455,967,51.0559662090813,-58,-3.0623020063358,0,0,0,0,-58,-1425,0,1.16913580246914,0,0,0,0,0,0,0,0,0,0,688,4058,3998,4041,4017,-7,116146,-3775,99175,190,479,19,81144,123,1230,60,600,4037,4024,13,130,2116,274589,
6/30/2026 10:30:00 AM,+07:00,3979.1,3984.2,3973.1,3982.9,893,939,893,0,0,939,507,53.9936102236422,427,45.4739084132055,80,8.51970181043664,0,0,0,0,80,-1345,0,1.0515117581187,0,0,0,0,0,0,0,0,0,0,688,4058,3998,4041,4017,-7,116146,-3775,99175,190,479,19,81144,123,1230,60,600,4037,4024,13,130,2116,274589,
6/30/2026 11:00:00 AM,+07:00,3982.5,3997.1,3981.3,3995.8,1337,1559,1337,0,0,1559,822,52.7261064785119,727,46.6324567030148,95,6.09364977549711,0,0,0,0,95,-1250,0,1.16604338070307,0,0,0,0,0,0,0,0,0,0,688,4058,3998,4041,4017,-7,116146,-3775,99175,190,479,19,81144,123,1230,60,600,4037,4024,13,130,2116,274589,
6/30/2026 11:30:00 AM,+07:00,3995.8,4011.6,3995.8,3999.2,2474,2808,2474,0,0,2808,1397,49.7507122507123,1380,49.1452991452991,17,0.605413105413105,0,0,0,0,17,-1233,0,1.13500404203719,0,0,0,0,0,0,0,0,0,0,688,4058,3998,4041,4017,-7,116146,-3775,99175,190,479,19,81144,123,1230,60,600,4037,4024,13,130,2116,274589,
6/30/2026 12:00:00 PM,+07:00,3999.7,4004.3,3992.9,3996.2,1117,1233,1117,0,0,1233,574,46.5531224655312,646,52.3925385239254,-72,-5.83941605839416,0,0,0,0,-72,-1305,0,1.10384959713518,0,0,0,0,0,0,0,0,0,0,688,4058,3998,4041,4017,-7,116146,-3775,99175,190,479,19,81144,123,1230,60,600,4037,4024,13,130,2116,274589,
6/30/2026 12:30:00 PM,+07:00,3996.3,3998.6,3988.6,3991.1,1264,1374,1264,0,0,1374,612,44.5414847161572,745,54.2212518195051,-133,-9.67976710334789,0,0,0,0,-133,-1438,0,1.0870253164557,0,0,0,0,0,0,0,0,0,0,688,4058,3998,4041,4017,-7,116146,-3775,99175,190,479,19,81144,123,1230,60,600,4037,4024,13,130,2116,274589,
6/30/2026 1:00:00 PM,+07:00,3991.5,4027.1,3991.5,4025.5,2618,2984,2618,0,0,2984,1685,56.4678284182306,1260,42.2252010723861,425,14.2426273458445,0,0,0,0,425,-1013,0,1.13980137509549,0,0,0,0,0,0,0,0,0,0,688,4058,3998,4041,4017,-7,116146,-3775,99175,190,479,19,81144,123,1230,60,600,4037,4024,13,130,2116,274589,
6/30/2026 1:30:00 PM,+07:00,4025.3,4047.8,4024.2,4043.5,4190,5057,4190,0,0,5057,2502,49.4759738975677,2450,48.4476962626063,52,1.02827763496144,0,0,0,0,52,-961,0,1.20692124105012,0,0,0,0,0,0,0,0,0,0,688,4058,3998,4041,4017,-7,116146,-3775,99175,190,479,19,81144,123,1230,60,600,4037,4024,13,130,2116,274589,
6/30/2026 2:00:00 PM,+07:00,4043.7,4048.7,4037.5,4042.3,1866,2317,1866,0,0,2317,1060,45.7488131204143,1234,53.258523953388,-174,-7.50971083297367,0,0,0,0,-174,-1135,0,1.2416934619507,0,0,0,0,0,0,0,0,0,0,688,4058,3998,4041,4017,-7,116146,-3775,99175,190,479,19,81144,123,1230,60,600,4037,4024,13,130,2116,274589,
6/30/2026 2:30:00 PM,+07:00,4042.7,4047.2,4039.6,4046.3,1174,1382,1174,0,0,1382,739,53.4732272069464,630,45.5861070911722,109,7.88712011577424,0,0,0,0,109,-1026,0,1.17717206132879,0,0,0,0,0,0,0,0,0,0,688,4058,3998,4041,4017,-7,116146,-3775,99175,190,479,19,81144,123,1230,60,600,4037,4024,13,130,2116,274589,
6/30/2026 3:00:00 PM,+07:00,4046.4,4051.8,4033.9,4039.9,2183,2678,2183,0,0,2678,1318,49.2158327109783,1302,48.6183719193428,16,0.597460791635549,0,0,0,0,16,-1010,0,1.22675217590472,0,0,0,0,0,0,0,0,0,0,688,4058,3998,4041,4017,-7,116146,-3775,99175,190,479,19,81144,123,1230,60,600,4037,4024,13,130,2116,274589,
6/30/2026 3:30:00 PM,+07:00,4040,4040.7,4027.2,4029,1545,1972,1545,0,0,1972,777,39.4016227180527,1184,60.0405679513185,-407,-20.6389452332657,0,0,0,0,-407,-1417,0,1.27637540453074,0,0,0,0,0,0,0,0,0,0,688,4058,3998,4041,4017,-7,116146,-3775,99175,190,479,19,81144,123,1230,60,600,4037,4024,13,130,2116,274589,
6/30/2026 4:00:00 PM,+07:00,4029,4037,4028.3,4031.2,1321,1559,1321,0,0,1559,666,42.7196921103271,885,56.7671584348942,-219,-14.047466324567,0,0,0,0,-219,-1636,0,1.18016654049962,0,0,0,0,0,0,0,0,0,0,688,4058,3998,4041,4017,-7,116146,-3775,99175,190,479,19,81144,123,1230,60,600,4037,4024,13,130,2116,274589,
6/30/2026 4:30:00 PM,+07:00,4031.5,4038,4025.9,4038,1487,1737,1487,0,0,1737,795,45.7685664939551,916,52.734599884859,-121,-6.96603339090386,0,0,0,0,-121,-1757,0,1.16812373907196,0,0,0,0,0,0,0,0,0,0,688,4058,3998,4041,4017,-7,116146,-3775,99175,190,479,19,81144,123,1230,60,600,4037,4024,13,130,2116,274589,
6/30/2026 5:00:00 PM,+07:00,4038.1,4042.4,4035.5,4042.4,998,1124,998,0,0,1124,587,52.2241992882562,532,47.3309608540925,55,4.8932384341637,0,0,0,0,55,-1702,0,1.12625250501002,0,0,0,0,0,0,0,0,0,0,688,4058,3998,4041,4017,-7,116146,-3775,99175,190,479,19,81144,123,1230,60,600,4037,4024,13,130,2116,274589,
6/30/2026 5:30:00 PM,+07:00,4042,4045.5,4039.1,4043.9,1180,1566,1180,0,0,1566,842,53.7675606641124,716,45.7215836526181,126,8.04597701149425,0,0,0,0,126,-1576,0,1.3271186440678,0,0,0,0,0,0,0,0,0,0,688,4058,3998,4041,4017,-7,116146,-3775,99175,190,479,19,81144,123,1230,60,600,4037,4024,13,130,2116,274589,
6/30/2026 6:00:00 PM,+07:00,4043.9,4048.8,4039.3,4046.2,1504,1901,1504,0,0,1901,941,49.5002630194634,945,49.7106785902157,-4,-0.210415570752236,0,0,0,0,-4,-1580,0,1.26396276595745,0,0,0,0,0,0,0,0,0,0,688,4058,3998,4041,4017,-7,116146,-3775,99175,190,479,19,81144,123,1230,60,600,4037,4024,13,130,2116,274589,
6/30/2026 6:30:00 PM,+07:00,4046,4051.4,4042.1,4047.5,1436,1736,1436,0,0,1736,969,55.8179723502304,730,42.0506912442396,239,13.7672811059908,0,0,0,0,239,-1341,0,1.20891364902507,0,0,0,0,0,0,0,0,0,0,688,4058,3998,4041,4017,-7,116146,-3775,99175,190,479,19,81144,123,1230,60,600,4037,4024,13,130,2116,274589,
6/30/2026 7:00:00 PM,+07:00,4048,4048.2,4028.7,4030.8,2308,2806,2308,0,0,2806,1117,39.8075552387741,1601,57.056307911618,-484,-17.2487526728439,0,0,0,0,-484,-1825,0,1.2157712305026,0,0,0,0,0,0,0,0,0,0,688,4058,3998,4041,4017,-7,116146,-3775,99175,190,479,19,81144,123,1230,60,600,4037,4024,13,130,2116,274589,
6/30/2026 7:30:00 PM,+07:00,4030.8,4035.7,4022.1,4023.9,2285,2530,2285,0,0,2530,1042,41.1857707509881,1451,57.3517786561265,-409,-16.1660079051383,0,0,0,0,-409,-2234,0,1.10722100656455,0,0,0,0,0,0,0,0,0,0,688,4058,3998,4041,4017,-7,116146,-3775,99175,190,479,19,81144,123,1230,60,600,4037,4024,13,130,2116,274589,
6/30/2026 8:00:00 PM,+07:00,4023.7,4047.5,4022.9,4038.2,3726,4497,3726,0,0,4497,2328,51.7678452301534,2081,46.2752946408717,247,5.49255058928174,0,0,0,0,247,-1987,0,1.20692431561997,0,0,0,0,0,0,0,0,0,0,688,4058,3998,4041,4017,-7,116146,-3775,99175,190,479,19,81144,123,1230,60,600,4037,4024,13,130,2116,274589,
6/30/2026 8:30:00 PM,+07:00,4038,4047,4027.2,4043.9,4106,4720,4106,0,0,4720,2376,50.3389830508475,2302,48.771186440678,74,1.56779661016949,0,0,0,0,74,-1913,0,1.14953726254262,0,0,0,0,0,0,0,0,0,0,688,4058,3998,4041,4017,-7,116146,-3775,99175,190,479,19,81144,123,1230,60,600,4037,4024,13,130,2116,274589,
6/30/2026 9:00:00 PM,+07:00,4044.4,4078.1,4039.5,4068.8,9665,11314,9665,0,0,11314,5548,49.0365918331271,5646,49.9027753226092,-98,-0.866183489482058,0,0,0,0,-98,-2011,0,1.17061562338334,0,0,0,0,0,0,0,0,0,0,688,4058,3998,4041,4017,-7,116146,-3775,99175,190,479,19,81144,123,1230,60,600,4037,4024,13,130,2116,274589,
6/30/2026 9:30:00 PM,+07:00,4069,4073.3,4051.8,4052,3943,4509,3943,0,0,4509,2139,47.4384564204924,2328,51.6300731869594,-189,-4.19161676646707,0,0,0,0,-189,-2200,0,1.14354552371291,0,0,0,0,0,0,0,0,0,0,688,4058,3998,4041,4017,-7,116146,-3775,99175,190,479,19,81144,123,1230,60,600,4037,4024,13,130,2116,274589,
6/30/2026 10:00:00 PM,+07:00,4052.1,4054.3,4036.4,4042.7,4287,4977,4287,0,0,4977,2158,43.3594534860358,2726,54.7719509744826,-568,-11.4124974884469,0,0,0,0,-568,-2768,0,1.16095171448565,0,0,0,0,0,0,0,0,0,0,688,4058,3998,4041,4017,-7,116146,-3775,99175,190,479,19,81144,123,1230,60,600,4037,4024,13,130,2116,274589,
6/30/2026 10:30:00 PM,+07:00,4043.2,4049.3,4040.7,4044.2,1717,1877,1717,0,0,1877,887,47.2562599893447,972,51.7847629195525,-85,-4.52850293020778,0,0,0,0,-85,-2853,0,1.09318578916715,0,0,0,0,0,0,0,0,0,0,688,4058,3998,4041,4017,-7,116146,-3775,99175,190,479,19,81144,123,1230,60,600,4037,4024,13,130,2116,274589,
6/30/2026 11:00:00 PM,+07:00,4043.8,4046.1,4040.1,4044.5,1194,1316,1194,0,0,1316,578,43.9209726443769,719,54.6352583586626,-141,-10.7142857142857,0,0,0,0,-141,-2994,0,1.10217755443886,0,0,0,0,0,0,0,0,0,0,688,4058,3998,4041,4017,-7,116146,-3775,99175,190,479,19,81144,123,1230,60,600,4037,4024,13,130,2116,274589,
6/30/2026 11:30:00 PM,+07:00,4044,4048.5,4040.3,4040.3,1312,1524,1312,0,0,1524,699,45.8661417322835,802,52.6246719160105,-103,-6.75853018372703,0,0,0,0,-103,-3097,0,1.16158536585366,0,0,0,0,0,0,0,0,0,0,688,4058,3998,4041,4017,-7,116146,-3775,99175,190,479,19,81144,123,1230,60,600,4037,4024,13,130,2116,274589,
7/1/2026 12:00:00 AM,+07:00,4040.8,4042.8,4034.9,4040,3837,4666,3837,0,0,4666,2166,46.4209172738963,2473,53.0004286326618,-307,-6.57951135876554,0,0,0,0,-307,-307,0,1.21605420901746,0,0,0,0,0,0,0,0,0,0,688,4058,3998,4041,4017,-7,116146,-3775,99175,190,479,19,81144,123,1230,60,600,4037,4024,13,130,2116,274589,
7/1/2026 12:30:00 AM,+07:00,4040.1,4047.1,4039.8,4045.5,1044,1206,1044,0,0,1206,617,51.1608623548922,577,47.8441127694859,40,3.3167495854063,0,0,0,0,40,-267,0,1.1551724137931,0,0,0,0,0,0,0,0,0,0,688,4058,3998,4041,4017,-7,116146,-3775,99175,190,479,19,81144,123,1230,60,600,4037,4024,13,130,2116,274589,
7/1/2026 1:00:00 AM,+07:00,4045.9,4048.7,4045.1,4046.2,645,751,645,0,0,751,361,48.069241011984,383,50.9986684420772,-22,-2.92942743009321,0,0,0,0,-22,-289,0,1.16434108527132,0,0,0,0,0,0,0,0,0,0,688,4058,3998,4041,4017,-7,116146,-3775,99175,190,479,19,81144,123,1230,60,600,4037,4024,13,130,2116,274589,
7/1/2026 1:30:00 AM,+07:00,4046.5,4047.4,4042.8,4043.6,797,904,797,0,0,904,373,41.2610619469027,518,57.3008849557522,-145,-16.0398230088496,0,0,0,0,-145,-434,0,1.13425345043915,0,0,0,0,0,0,0,0,0,0,688,4058,3998,4041,4017,-7,116146,-3775,99175,190,479,19,81144,123,1230,60,600,4037,4024,13,130,2116,274589,
7/1/2026 2:00:00 AM,+07:00,4043,4044.2,4035.6,4035.6,937,1242,937,0,0,1242,495,39.8550724637681,735,59.1787439613526,-240,-19.3236714975845,0,0,0,0,-240,-674,0,1.32550693703308,0,0,0,0,0,0,0,0,0,0,688,4058,3998,4041,4017,-7,116146,-3775,99175,190,479,19,81144,123,1230,60,600,4037,4024,13,130,2116,274589,
7/1/2026 2:30:00 AM,+07:00,4036,4038.2,4029.1,4030.2,1815,2050,1815,0,0,2050,842,41.0731707317073,1189,58,-347,-16.9268292682927,0,0,0,0,-347,-1021,0,1.12947658402204,0,0,0,0,0,0,0,0,0,0,688,4058,3998,4041,4017,-7,116146,-3775,99175,190,479,19,81144,123,1230,60,600,4037,4024,13,130,2116,274589,
7/1/2026 3:00:00 AM,+07:00,4030.2,4036,4027.1,4027.4,1147,1309,1147,0,0,1309,559,42.7043544690604,735,56.1497326203209,-176,-13.4453781512605,0,0,0,0,-176,-1197,0,1.14123801220575,0,0,0,0,0,0,0,0,0,0,688,4058,3998,4041,4017,-7,116146,-3775,99175,190,479,19,81144,123,1230,60,600,4037,4024,13,130,2116,274589,
7/1/2026 3:30:00 AM,+07:00,4027.4,4028.6,4020.6,4021.8,595,642,595,0,0,642,256,39.8753894080997,373,58.0996884735202,-117,-18.2242990654206,0,0,0,0,-117,-1314,0,1.07899159663866,0,0,0,0,0,0,0,0,0,0,688,4058,3998,4041,4017,-7,116146,-3775,99175,190,479,19,81144,123,1230,60,600,4037,4024,13,130,2116,274589,
7/1/2026 5:00:00 AM,+07:00,4025,4030.4,4022.1,4027.2,944,988,944,0,0,988,451,45.6477732793522,516,52.2267206477733,-65,-6.57894736842105,0,0,0,0,-65,-1379,0,1.04661016949153,0,0,0,0,0,0,0,0,0,0,695,4072,3974,3991,4052,-12,132024,-1775,114459,560,121,14,80222,158,1580,98,980,4032,4022,10,100,1588,275014,
7/1/2026 5:30:00 AM,+07:00,4026.6,4032,4024.2,4026.4,562,600,562,0,0,600,281,46.8333333333333,307,51.1666666666667,-26,-4.33333333333333,0,0,0,0,-26,-1405,0,1.06761565836299,0,0,0,0,0,0,0,0,0,0,695,4072,3974,3991,4052,-12,132024,-1775,114459,560,121,14,80222,158,1580,98,980,4032,4022,10,100,1588,275014,
7/1/2026 6:00:00 AM,+07:00,4026.5,4031.8,4021.3,4024.4,926,1031,926,0,0,1031,522,50.6304558680892,497,48.2056256062076,25,2.42483026188167,0,0,0,0,25,-1380,0,1.1133909287257,0,0,0,0,0,0,0,0,0,0,695,4072,3974,3991,4052,-12,132024,-1775,114459,560,121,14,80222,158,1580,98,980,4032,4022,10,100,1588,275014,
7/1/2026 6:30:00 AM,+07:00,4024.3,4025.8,4018,4018.9,760,906,760,0,0,906,460,50.7726269315673,439,48.4547461368653,21,2.31788079470199,0,0,0,0,21,-1359,0,1.19210526315789,0,0,0,0,0,0,0,0,0,0,695,4072,3974,3991,4052,-12,132024,-1775,114459,560,121,14,80222,158,1580,98,980,4032,4022,10,100,1588,275014,
7/1/2026 7:00:00 AM,+07:00,4018.9,4022.7,4013,4015,1169,1364,1169,0,0,1364,677,49.633431085044,671,49.1935483870968,6,0.439882697947214,0,0,0,0,6,-1353,0,1.16680923866553,0,0,0,0,0,0,0,0,0,0,695,4072,3974,3991,4052,-12,132024,-1775,114459,560,121,14,80222,158,1580,98,980,4032,4022,10,100,1588,275014,
7/1/2026 7:30:00 AM,+07:00,4015,4018.7,4006,4010.2,1475,1712,1475,0,0,1712,854,49.8831775700935,821,47.9556074766355,33,1.92757009345794,0,0,0,0,33,-1320,0,1.16067796610169,0,0,0,0,0,0,0,0,0,0,695,4072,3974,3991,4052,-12,132024,-1775,114459,560,121,14,80222,158,1580,98,980,4032,4022,10,100,1588,275014,
7/1/2026 8:00:00 AM,+07:00,4010.5,4013.2,3988.6,3998.6,2845,3174,2845,0,0,3174,1571,49.4959042218021,1560,49.1493383742911,11,0.346565847511027,0,0,0,0,11,-1309,0,1.11564147627417,0,0,0,0,0,0,0,0,0,0,695,4072,3974,3991,4052,-12,132024,-1775,114459,560,121,14,80222,158,1580,98,980,4032,4022,10,100,1588,275014,
7/1/2026 8:30:00 AM,+07:00,3998.5,4001.6,3986.7,3990.8,2050,2209,2050,0,0,2209,1219,55.1833408782254,980,44.363965595292,239,10.8193752829335,0,0,0,0,239,-1070,0,1.07756097560976,0,0,0,0,0,0,0,0,0,0,695,4072,3974,3991,4052,-12,132024,-1775,114459,560,121,14,80222,158,1580,98,980,4032,4022,10,100,1588,275014,
7/1/2026 9:00:00 AM,+07:00,3990.4,3996,3983,3993.7,1785,2041,1785,0,0,2041,1139,55.8059774620284,893,43.7530622243998,246,12.0529152376286,0,0,0,0,246,-824,0,1.14341736694678,0,0,0,0,0,0,0,0,0,0,695,4072,3974,3991,4052,-12,132024,-1775,114459,560,121,14,80222,158,1580,98,980,4032,4022,10,100,1588,275014,
7/1/2026 9:30:00 AM,+07:00,3993.6,3999,3991.2,3991.9,1105,1218,1105,0,0,1218,672,55.1724137931034,536,44.0065681444992,136,11.1658456486043,0,0,0,0,136,-688,0,1.10226244343891,0,0,0,0,0,0,0,0,0,0,695,4072,3974,3991,4052,-12,132024,-1775,114459,560,121,14,80222,158,1580,98,980,4032,4022,10,100,1588,275014,
7/1/2026 10:00:00 AM,+07:00,3991.8,3999.9,3991.4,3994.1,1171,1335,1171,0,0,1335,637,47.7153558052434,686,51.3857677902622,-49,-3.67041198501873,0,0,0,0,-49,-737,0,1.1400512382579,0,0,0,0,0,0,0,0,0,0,695,4072,3974,3991,4052,-12,132024,-1775,114459,560,121,14,80222,158,1580,98,980,4032,4022,10,100,1588,275014,
7/1/2026 10:30:00 AM,+07:00,3994.5,3995.3,3989.1,3993.3,1063,1246,1063,0,0,1246,688,55.2166934189406,551,44.2215088282504,137,10.9951845906902,0,0,0,0,137,-600,0,1.17215428033866,0,0,0,0,0,0,0,0,0,0,695,4072,3974,3991,4052,-12,132024,-1775,114459,560,121,14,80222,158,1580,98,980,4032,4022,10,100,1588,275014,
7/1/2026 11:00:00 AM,+07:00,3993.4,3993.9,3987,3990.1,820,990,820,0,0,990,552,55.7575757575758,437,44.1414141414141,115,11.6161616161616,0,0,0,0,115,-485,0,1.20731707317073,0,0,0,0,0,0,0,0,0,0,695,4072,3974,3991,4052,-12,132024,-1775,114459,560,121,14,80222,158,1580,98,980,4032,4022,10,100,1588,275014,
7/1/2026 11:30:00 AM,+07:00,3990.1,3995.4,3985.3,3989.2,1399,1627,1399,0,0,1627,888,54.578979717271,732,44.9907805777505,156,9.58819913952059,0,0,0,0,156,-329,0,1.16297355253753,0,0,0,0,0,0,0,0,0,0,695,4072,3974,3991,4052,-12,132024,-1775,114459,560,121,14,80222,158,1580,98,980,4032,4022,10,100,1588,275014,
7/1/2026 12:00:00 PM,+07:00,3989.1,3989.6,3982.3,3986.1,1082,1207,1082,0,0,1207,603,49.9585749792875,593,49.1300745650373,10,0.828500414250207,0,0,0,0,10,-319,0,1.11552680221811,0,0,0,0,0,0,0,0,0,0,695,4072,3974,3991,4052,-12,132024,-1775,114459,560,121,14,80222,158,1580,98,980,4032,4022,10,100,1588,275014,
7/1/2026 12:30:00 PM,+07:00,3986.4,3992,3983.3,3986.6,1374,1543,1374,0,0,1543,813,52.6895657809462,710,46.0142579390797,103,6.67530784186649,0,0,0,0,103,-216,0,1.12299854439592,0,0,0,0,0,0,0,0,0,0,695,4072,3974,3991,4052,-12,132024,-1775,114459,560,121,14,80222,158,1580,98,980,4032,4022,10,100,1588,275014,
7/1/2026 1:00:00 PM,+07:00,3986.6,3990.3,3975.9,3980.4,2724,3235,2724,0,0,3235,1396,43.1530139103555,1792,55.3941267387944,-396,-12.2411128284389,0,0,0,0,-396,-612,0,1.18759177679883,0,0,0,0,0,0,0,0,0,0,695,4072,3974,3991,4052,-12,132024,-1775,114459,560,121,14,80222,158,1580,98,980,4032,4022,10,100,1588,275014,
7/1/2026 1:30:00 PM,+07:00,3980.6,3986.6,3976.2,3985,2080,2424,2080,0,0,2424,1229,50.7013201320132,1173,48.3910891089109,56,2.31023102310231,0,0,0,0,56,-556,0,1.16538461538462,0,0,0,0,0,0,0,0,0,0,695,4072,3974,3991,4052,-12,132024,-1775,114459,560,121,14,80222,158,1580,98,980,4032,4022,10,100,1588,275014,
7/1/2026 2:00:00 PM,+07:00,3985,3986.7,3973,3977.3,2932,3445,2932,0,0,3445,1791,51.988388969521,1613,46.8214804063861,178,5.16690856313498,0,0,0,0,178,-378,0,1.17496589358799,0,0,0,0,0,0,0,0,0,0,695,4072,3974,3991,4052,-12,132024,-1775,114459,560,121,14,80222,158,1580,98,980,4032,4022,10,100,1588,275014,
7/1/2026 2:30:00 PM,+07:00,3977.4,3991,3973.6,3988.7,3144,3552,3144,0,0,3552,1960,55.1801801801802,1572,44.2567567567568,388,10.9234234234234,0,0,0,0,388,10,0,1.12977099236641,0,0,0,0,0,0,0,0,0,0,695,4072,3974,3991,4052,-12,132024,-1775,114459,560,121,14,80222,158,1580,98,980,4032,4022,10,100,1588,275014,
7/1/2026 3:00:00 PM,+07:00,3988.8,3997.7,3982.5,3992,2017,2366,2017,0,0,2366,1153,48.7320371935757,1189,50.2535925612849,-36,-1.52155536770921,0,0,0,0,-36,-26,0,1.17302925136341,0,0,0,0,0,0,0,0,0,0,695,4072,3974,3991,4052,-12,132024,-1775,114459,560,121,14,80222,158,1580,98,980,4032,4022,10,100,1588,275014,
7/1/2026 3:30:00 PM,+07:00,3991.9,3992.8,3984.5,3987.7,1115,1257,1115,0,0,1257,611,48.6077963404932,635,50.5171042163882,-24,-1.90930787589499,0,0,0,0,-24,-50,0,1.12735426008969,0,0,0,0,0,0,0,0,0,0,695,4072,3974,3991,4052,-12,132024,-1775,114459,560,121,14,80222,158,1580,98,980,4032,4022,10,100,1588,275014,
7/1/2026 4:00:00 PM,+07:00,3987.2,3993.7,3985.9,3992.3,923,1116,923,0,0,1116,475,42.5627240143369,617,55.2867383512545,-142,-12.7240143369176,0,0,0,0,-142,-192,0,1.20910075839653,0,0,0,0,0,0,0,0,0,0,695,4072,3974,3991,4052,-12,132024,-1775,114459,560,121,14,80222,158,1580,98,980,4032,4022,10,100,1588,275014,
7/1/2026 4:30:00 PM,+07:00,3991.8,3999.3,3990.8,3997.9,1321,1686,1321,0,0,1686,823,48.8137603795967,831,49.288256227758,-8,-0.474495848161329,0,0,0,0,-8,-200,0,1.27630582891749,0,0,0,0,0,0,0,0,0,0,695,4072,3974,3991,4052,-12,132024,-1775,114459,560,121,14,80222,158,1580,98,980,4032,4022,10,100,1588,275014,
7/1/2026 5:00:00 PM,+07:00,3997.8,4003.5,3994.6,4000.5,1290,1547,1290,0,0,1547,842,54.4279250161603,686,44.3438914027149,156,10.0840336134454,0,0,0,0,156,-44,0,1.19922480620155,0,0,0,0,0,0,0,0,0,0,695,4072,3974,3991,4052,-12,132024,-1775,114459,560,121,14,80222,158,1580,98,980,4032,4022,10,100,1588,275014,
7/1/2026 5:30:00 PM,+07:00,4000.4,4012,4000,4011.9,1636,1900,1636,0,0,1900,1040,54.7368421052632,844,44.421052631579,196,10.3157894736842,0,0,0,0,196,152,0,1.16136919315403,0,0,0,0,0,0,0,0,0,0,695,4072,3974,3991,4052,-12,132024,-1775,114459,560,121,14,80222,158,1580,98,980,4032,4022,10,100,1588,275014,
7/1/2026 6:00:00 PM,+07:00,4011.5,4042.6,4011.3,4039.9,4203,4878,4203,0,0,4878,2299,47.129971299713,2474,50.7175071750718,-175,-3.58753587535875,0,0,0,0,-175,-23,0,1.16059957173448,0,0,0,0,0,0,0,0,0,0,695,4072,3974,3991,4052,-12,132024,-1775,114459,560,121,14,80222,158,1580,98,980,4032,4022,10,100,1588,275014,
7/1/2026 6:30:00 PM,+07:00,4040.3,4049.4,4036.9,4044,2566,2985,2566,0,0,2985,1300,43.5510887772194,1640,54.9413735343384,-340,-11.3902847571189,0,0,0,0,-340,-363,0,1.16328916601715,0,0,0,0,0,0,0,0,0,0,695,4072,3974,3991,4052,-12,132024,-1775,114459,560,121,14,80222,158,1580,98,980,4032,4022,10,100,1588,275014,
7/1/2026 7:00:00 PM,+07:00,4044.5,4047.8,4033.2,4039.7,3704,4288,3704,0,0,4288,1839,42.8871268656716,2415,56.3199626865672,-576,-13.4328358208955,0,0,0,0,-576,-939,0,1.15766738660907,0,0,0,0,0,0,0,0,0,0,695,4072,3974,3991,4052,-12,132024,-1775,114459,560,121,14,80222,158,1580,98,980,4032,4022,10,100,1588,275014,
7/1/2026 7:30:00 PM,+07:00,4039.4,4047.2,4036.7,4036.8,3191,3553,3191,0,0,3553,1751,49.2822966507177,1759,49.5074584857867,-8,-0.225161835068956,0,0,0,0,-8,-947,0,1.11344406142275,0,0,0,0,0,0,0,0,0,0,695,4072,3974,3991,4052,-12,132024,-1775,114459,560,121,14,80222,158,1580,98,980,4032,4022,10,100,1588,275014,
7/1/2026 8:00:00 PM,+07:00,4036.8,4061.7,4026.6,4061.2,7649,8662,7649,0,0,8662,4026,46.4788732394366,4533,52.3320249365043,-507,-5.85315169706765,0,0,0,0,-507,-1454,0,1.13243561249837,0,0,0,0,0,0,0,0,0,0,695,4072,3974,3991,4052,-12,132024,-1775,114459,560,121,14,80222,158,1580,98,980,4032,4022,10,100,1588,275014,
7/1/2026 8:30:00 PM,+07:00,4061.2,4122.6,4055.3,4104.2,15385,17962,15385,0,0,17962,9008,50.1503173365995,8673,48.2852689010133,335,1.86504843558624,0,0,0,0,335,-1119,0,1.16750081247969,0,0,0,0,0,0,0,0,0,0,695,4072,3974,3991,4052,-12,132024,-1775,114459,560,121,14,80222,158,1580,98,980,4032,4022,10,100,1588,275014,
7/1/2026 9:00:00 PM,+07:00,4104.8,4121.5,4096.9,4115.2,9039,10939,9039,0,0,10939,5306,48.5053478380108,5526,50.5165005942042,-220,-2.01115275619344,0,0,0,0,-220,-1339,0,1.21020024338976,0,0,0,0,0,0,0,0,0,0,695,4072,3974,3991,4052,-12,132024,-1775,114459,560,121,14,80222,158,1580,98,980,4032,4022,10,100,1588,275014,
7/1/2026 9:30:00 PM,+07:00,4115.2,4131,4100.8,4107.9,6190,7159,6190,0,0,7159,3329,46.5009079480374,3711,51.8368487218885,-382,-5.3359407738511,0,0,0,0,-382,-1721,0,1.15654281098546,0,0,0,0,0,0,0,0,0,0,695,4072,3974,3991,4052,-12,132024,-1775,114459,560,121,14,80222,158,1580,98,980,4032,4022,10,100,1588,275014,
7/1/2026 10:00:00 PM,+07:00,4108,4108.8,4092.9,4098.3,3878,4540,3878,0,0,4540,1998,44.0088105726872,2460,54.1850220264317,-462,-10.1762114537445,0,0,0,0,-462,-2183,0,1.17070654976792,0,0,0,0,0,0,0,0,0,0,695,4072,3974,3991,4052,-12,132024,-1775,114459,560,121,14,80222,158,1580,98,980,4032,4022,10,100,1588,275014,
7/1/2026 10:30:00 PM,+07:00,4097.8,4102.6,4090.8,4095.1,2315,2777,2315,0,0,2777,1409,50.7382066978754,1348,48.5415916456608,61,2.19661505221462,0,0,0,0,61,-2122,0,1.19956803455724,0,0,0,0,0,0,0,0,0,0,695,4072,3974,3991,4052,-12,132024,-1775,114459,560,121,14,80222,158,1580,98,980,4032,4022,10,100,1588,275014,
7/1/2026 11:00:00 PM,+07:00,4095.5,4102.9,4095,4096.1,1528,1715,1528,0,0,1715,755,44.0233236151604,914,53.2944606413994,-159,-9.27113702623907,0,0,0,0,-159,-2281,0,1.12238219895288,0,0,0,0,0,0,0,0,0,0,695,4072,3974,3991,4052,-12,132024,-1775,114459,560,121,14,80222,158,1580,98,980,4032,4022,10,100,1588,275014,
7/1/2026 11:30:00 PM,+07:00,4095.9,4097.4,4084,4085,2104,2364,2104,0,0,2364,1036,43.824027072758,1264,53.4686971235195,-228,-9.64467005076142,0,0,0,0,-228,-2509,0,1.12357414448669,0,0,0,0,0,0,0,0,0,0,695,4072,3974,3991,4052,-12,132024,-1775,114459,560,121,14,80222,158,1580,98,980,4032,4022,10,100,1588,275014,
7/2/2026 12:00:00 AM,+07:00,4084.9,4087.6,4081.2,4081.8,2500,2646,2500,0,0,2646,1248,47.1655328798186,1349,50.9826152683296,-101,-3.81708238851096,0,0,0,0,-101,-101,0,1.0584,0,0,0,0,0,0,0,0,0,0,695,4072,3974,3991,4052,-12,132024,-1775,114459,560,121,14,80222,158,1580,98,980,4032,4022,10,100,1588,275014,
7/2/2026 12:30:00 AM,+07:00,4082,4087.3,4081,4082.2,1121,1223,1121,0,0,1223,585,47.8331970564186,614,50.204415372036,-29,-2.37121831561733,0,0,0,0,-29,-130,0,1.09099018733274,0,0,0,0,0,0,0,0,0,0,695,4072,3974,3991,4052,-12,132024,-1775,114459,560,121,14,80222,158,1580,98,980,4032,4022,10,100,1588,275014,
7/2/2026 1:00:00 AM,+07:00,4082.3,4084.7,4074.6,4074.9,1167,1261,1167,0,0,1261,561,44.4885011895321,685,54.3219666931007,-124,-9.8334655035686,0,0,0,0,-124,-254,0,1.08054841473865,0,0,0,0,0,0,0,0,0,0,695,4072,3974,3991,4052,-12,132024,-1775,114459,560,121,14,80222,158,1580,98,980,4032,4022,10,100,1588,275014,
7/2/2026 1:30:00 AM,+07:00,4075.3,4079.9,4071.3,4076,1225,1338,1225,0,0,1338,595,44.4693572496263,703,52.5411061285501,-108,-8.07174887892377,0,0,0,0,-108,-362,0,1.09224489795918,0,0,0,0,0,0,0,0,0,0,695,4072,3974,3991,4052,-12,132024,-1775,114459,560,121,14,80222,158,1580,98,980,4032,4022,10,100,1588,275014,
7/2/2026 2:00:00 AM,+07:00,4075.5,4082.2,4070.3,4072.7,1628,1837,1628,0,0,1837,979,53.2934131736527,825,44.9101796407186,154,8.38323353293413,0,0,0,0,154,-208,0,1.12837837837838,0,0,0,0,0,0,0,0,0,0,695,4072,3974,3991,4052,-12,132024,-1775,114459,560,121,14,80222,158,1580,98,980,4032,4022,10,100,1588,275014,
7/2/2026 2:30:00 AM,+07:00,4072.8,4073.4,4048.4,4052.3,3053,3443,3053,0,0,3443,1563,45.3964565785652,1799,52.2509439442347,-236,-6.85448736566948,0,0,0,0,-236,-444,0,1.12774320340649,0,0,0,0,0,0,0,0,0,0,695,4072,3974,3991,4052,-12,132024,-1775,114459,560,121,14,80222,158,1580,98,980,4032,4022,10,100,1588,275014,
7/2/2026 3:00:00 AM,+07:00,4052.2,4053.6,4042.1,4051.9,1547,1779,1547,0,0,1779,887,49.8594716132659,845,47.4985947161327,42,2.36087689713322,0,0,0,0,42,-402,0,1.14996767937944,0,0,0,0,0,0,0,0,0,0,695,4072,3974,3991,4052,-12,132024,-1775,114459,560,121,14,80222,158,1580,98,980,4032,4022,10,100,1588,275014,
7/2/2026 3:30:00 AM,+07:00,4051.6,4052.6,4043.8,4044.6,754,956,754,0,0,956,385,40.2719665271967,563,58.8912133891214,-178,-18.6192468619247,0,0,0,0,-178,-580,0,1.26790450928382,0,0,0,0,0,0,0,0,0,0,695,4072,3974,3991,4052,-12,132024,-1775,114459,560,121,14,80222,158,1580,98,980,4032,4022,10,100,1588,275014,
7/2/2026 5:00:00 AM,+07:00,4049.2,4053.6,4045.1,4050.6,886,997,886,0,0,997,535,53.6609829488465,443,44.4332998996991,92,9.22768304914744,0,0,0,0,92,-488,0,1.12528216704289,0,0,0,0,0,0,0,0,0,0,701,4129,4043,4079,4100,2,114313,654,100437,450,232,19,62121,114,1140,86,860,4057,4045,12,120,2128,274334,
7/2/2026 5:30:00 AM,+07:00,4050.1,4057.2,4049,4057.2,1014,1131,1014,0,0,1131,640,56.5870910698497,479,42.3519009725906,161,14.2351900972591,0,0,0,0,161,-327,0,1.11538461538462,0,0,0,0,0,0,0,0,0,0,701,4129,4043,4079,4100,2,114313,654,100437,450,232,19,62121,114,1140,86,860,4057,4045,12,120,2128,274334,
7/2/2026 6:00:00 AM,+07:00,4056.8,4057.1,4046.1,4049.6,1099,1328,1099,0,0,1328,597,44.9548192771084,714,53.7650602409639,-117,-8.81024096385542,0,0,0,0,-117,-444,0,1.20837124658781,0,0,0,0,0,0,0,0,0,0,701,4129,4043,4079,4100,2,114313,654,100437,450,232,19,62121,114,1140,86,860,4057,4045,12,120,2128,274334,
7/2/2026 6:30:00 AM,+07:00,4049.7,4052.9,4045.5,4047.4,578,620,578,0,0,620,327,52.741935483871,292,47.0967741935484,35,5.64516129032258,0,0,0,0,35,-409,0,1.07266435986159,0,0,0,0,0,0,0,0,0,0,701,4129,4043,4079,4100,2,114313,654,100437,450,232,19,62121,114,1140,86,860,4057,4045,12,120,2128,274334,
7/2/2026 7:00:00 AM,+07:00,4047.1,4060.7,4042.8,4058.4,1560,1751,1560,0,0,1751,932,53.2267275842376,814,46.4877213021131,118,6.7390062821245,0,0,0,0,118,-291,0,1.1224358974359,0,0,0,0,0,0,0,0,0,0,701,4129,4043,4079,4100,2,114313,654,100437,450,232,19,62121,114,1140,86,860,4057,4045,12,120,2128,274334,
7/2/2026 7:30:00 AM,+07:00,4059,4065,4050,4063.5,1243,1436,1243,0,0,1436,743,51.7409470752089,684,47.6323119777159,59,4.10863509749304,0,0,0,0,59,-232,0,1.15526950925181,0,0,0,0,0,0,0,0,0,0,701,4129,4043,4079,4100,2,114313,654,100437,450,232,19,62121,114,1140,86,860,4057,4045,12,120,2128,274334,
7/2/2026 8:00:00 AM,+07:00,4063.5,4080.5,4062.2,4065.2,2677,3060,2677,0,0,3060,1587,51.8627450980392,1447,47.2875816993464,140,4.57516339869281,0,0,0,0,140,-92,0,1.1430706014195,0,0,0,0,0,0,0,0,0,0,701,4129,4043,4079,4100,2,114313,654,100437,450,232,19,62121,114,1140,86,860,4057,4045,12,120,2128,274334,
7/2/2026 8:30:00 AM,+07:00,4065.6,4068.8,4057,4062.4,1407,1515,1407,0,0,1515,683,45.0825082508251,809,53.3993399339934,-126,-8.31683168316832,0,0,0,0,-126,-218,0,1.07675906183369,0,0,0,0,0,0,0,0,0,0,701,4129,4043,4079,4100,2,114313,654,100437,450,232,19,62121,114,1140,86,860,4057,4045,12,120,2128,274334,
7/2/2026 9:00:00 AM,+07:00,4062.6,4067,4053.3,4063.9,1037,1156,1037,0,0,1156,579,50.0865051903114,571,49.3944636678201,8,0.69204152249135,0,0,0,0,8,-210,0,1.11475409836066,0,0,0,0,0,0,0,0,0,0,701,4129,4043,4079,4100,2,114313,654,100437,450,232,19,62121,114,1140,86,860,4057,4045,12,120,2128,274334,
7/2/2026 9:30:00 AM,+07:00,4063.7,4073.2,4060,4069.2,1028,1160,1028,0,0,1160,599,51.6379310344828,546,47.0689655172414,53,4.56896551724138,0,0,0,0,53,-157,0,1.1284046692607,0,0,0,0,0,0,0,0,0,0,701,4129,4043,4079,4100,2,114313,654,100437,450,232,19,62121,114,1140,86,860,4057,4045,12,120,2128,274334,
7/2/2026 10:00:00 AM,+07:00,4069.4,4079.2,4067.7,4077.2,1271,1414,1271,0,0,1414,821,58.0622347949081,584,41.3012729844413,237,16.7609618104668,0,0,0,0,237,80,0,1.11250983477577,0,0,0,0,0,0,0,0,0,0,701,4129,4043,4079,4100,2,114313,654,100437,450,232,19,62121,114,1140,86,860,4057,4045,12,120,2128,274334,
7/2/2026 10:30:00 AM,+07:00,4077.3,4086.3,4073.8,4081.8,1503,1682,1503,0,0,1682,962,57.1938168846611,708,42.0927467300832,254,15.1010701545779,0,0,0,0,254,334,0,1.11909514304724,0,0,0,0,0,0,0,0,0,0,701,4129,4043,4079,4100,2,114313,654,100437,450,232,19,62121,114,1140,86,860,4057,4045,12,120,2128,274334,
7/2/2026 11:00:00 AM,+07:00,4082.1,4085,4076.2,4077.9,719,800,719,0,0,800,411,51.375,372,46.5,39,4.875,0,0,0,0,39,373,0,1.11265646731572,0,0,0,0,0,0,0,0,0,0,701,4129,4043,4079,4100,2,114313,654,100437,450,232,19,62121,114,1140,86,860,4057,4045,12,120,2128,274334,
7/2/2026 11:30:00 AM,+07:00,4077.8,4078.7,4072.7,4073.2,540,626,540,0,0,626,267,42.6517571884984,349,55.7507987220447,-82,-13.0990415335463,0,0,0,0,-82,291,0,1.15925925925926,0,0,0,0,0,0,0,0,0,0,701,4129,4043,4079,4100,2,114313,654,100437,450,232,19,62121,114,1140,86,860,4057,4045,12,120,2128,274334,
7/2/2026 12:00:00 PM,+07:00,4073.1,4074.6,4066.2,4069.6,1248,1419,1248,0,0,1419,788,55.5320648343904,608,42.8470754052149,180,12.6849894291755,0,0,0,0,180,471,0,1.13701923076923,0,0,0,0,0,0,0,0,0,0,701,4129,4043,4079,4100,2,114313,654,100437,450,232,19,62121,114,1140,86,860,4057,4045,12,120,2128,274334,
7/2/2026 12:30:00 PM,+07:00,4069.7,4079.8,4065.2,4078.2,1647,1805,1647,0,0,1805,941,52.1329639889197,841,46.5927977839335,100,5.54016620498615,0,0,0,0,100,571,0,1.09593199757134,0,0,0,0,0,0,0,0,0,0,701,4129,4043,4079,4100,2,114313,654,100437,450,232,19,62121,114,1140,86,860,4057,4045,12,120,2128,274334,
7/2/2026 1:00:00 PM,+07:00,4078.3,4092.5,4077.9,4086.6,2393,2721,2393,0,0,2721,1373,50.4593899301727,1278,46.96802646086,95,3.49136346931275,0,0,0,0,95,666,0,1.1370664437944,0,0,0,0,0,0,0,0,0,0,701,4129,4043,4079,4100,2,114313,654,100437,450,232,19,62121,114,1140,86,860,4057,4045,12,120,2128,274334,
7/2/2026 1:30:00 PM,+07:00,4086.8,4089.7,4078.5,4086.2,1246,1465,1246,0,0,1465,700,47.7815699658703,738,50.3754266211604,-38,-2.5938566552901,0,0,0,0,-38,628,0,1.17576243980738,0,0,0,0,0,0,0,0,0,0,701,4129,4043,4079,4100,2,114313,654,100437,450,232,19,62121,114,1140,86,860,4057,4045,12,120,2128,274334,
7/2/2026 2:00:00 PM,+07:00,4086,4086.9,4073.5,4075.5,1369,1517,1369,0,0,1517,637,41.9907712590639,858,56.5589980224126,-221,-14.5682267633487,0,0,0,0,-221,407,0,1.10810810810811,0,0,0,0,0,0,0,0,0,0,701,4129,4043,4079,4100,2,114313,654,100437,450,232,19,62121,114,1140,86,860,4057,4045,12,120,2128,274334,
7/2/2026 2:30:00 PM,+07:00,4075.3,4088.2,4073.4,4076.6,1116,1263,1116,0,0,1263,616,48.7727632620744,621,49.1686460807601,-5,-0.395882818685669,0,0,0,0,-5,402,0,1.13172043010753,0,0,0,0,0,0,0,0,0,0,701,4129,4043,4079,4100,2,114313,654,100437,450,232,19,62121,114,1140,86,860,4057,4045,12,120,2128,274334,
7/2/2026 3:00:00 PM,+07:00,4076.5,4090.2,4073.6,4087.2,1255,1381,1255,0,0,1381,747,54.0912382331644,605,43.8088341781318,142,10.2824040550326,0,0,0,0,142,544,0,1.1003984063745,0,0,0,0,0,0,0,0,0,0,701,4129,4043,4079,4100,2,114313,654,100437,450,232,19,62121,114,1140,86,860,4057,4045,12,120,2128,274334,
7/2/2026 3:30:00 PM,+07:00,4087.3,4092.6,4084.4,4089.1,1323,1494,1323,0,0,1494,701,46.9210174029451,769,51.4725568942436,-68,-4.55153949129853,0,0,0,0,-68,476,0,1.12925170068027,0,0,0,0,0,0,0,0,0,0,701,4129,4043,4079,4100,2,114313,654,100437,450,232,19,62121,114,1140,86,860,4057,4045,12,120,2128,274334,
7/2/2026 4:00:00 PM,+07:00,4088.4,4089.5,4078.5,4079.9,1114,1244,1114,0,0,1244,507,40.7556270096463,709,56.9935691318328,-202,-16.2379421221865,0,0,0,0,-202,274,0,1.11669658886894,0,0,0,0,0,0,0,0,0,0,701,4129,4043,4079,4100,2,114313,654,100437,450,232,19,62121,114,1140,86,860,4057,4045,12,120,2128,274334,
7/2/2026 4:30:00 PM,+07:00,4080,4084.7,4075.7,4077.6,1809,2127,1809,0,0,2127,873,41.0437235543018,1244,58.4861307005172,-371,-17.4424071462153,0,0,0,0,-371,-97,0,1.17578772802653,0,0,0,0,0,0,0,0,0,0,701,4129,4043,4079,4100,2,114313,654,100437,450,232,19,62121,114,1140,86,860,4057,4045,12,120,2128,274334,
7/2/2026 5:00:00 PM,+07:00,4077.9,4080.7,4074.5,4078.7,1267,1440,1267,0,0,1440,628,43.6111111111111,786,54.5833333333333,-158,-10.9722222222222,0,0,0,0,-158,-255,0,1.13654301499605,0,0,0,0,0,0,0,0,0,0,701,4129,4043,4079,4100,2,114313,654,100437,450,232,19,62121,114,1140,86,860,4057,4045,12,120,2128,274334,
7/2/2026 5:30:00 PM,+07:00,4078.7,4081.6,4074.2,4078.6,1023,1264,1023,0,0,1264,596,47.1518987341772,651,51.503164556962,-55,-4.35126582278481,0,0,0,0,-55,-310,0,1.2355816226784,0,0,0,0,0,0,0,0,0,0,701,4129,4043,4079,4100,2,114313,654,100437,450,232,19,62121,114,1140,86,860,4057,4045,12,120,2128,274334,
7/2/2026 6:00:00 PM,+07:00,4079.1,4079.4,4069.7,4077.2,1811,2143,1811,0,0,2143,1015,47.3635090993934,1095,51.0965935604293,-80,-3.73308446103593,0,0,0,0,-80,-390,0,1.18332413031474,0,0,0,0,0,0,0,0,0,0,701,4129,4043,4079,4100,2,114313,654,100437,450,232,19,62121,114,1140,86,860,4057,4045,12,120,2128,274334,
7/2/2026 6:30:00 PM,+07:00,4077.8,4084.5,4075.4,4077.5,1364,1621,1364,0,0,1621,715,44.1085749537323,890,54.9043800123381,-175,-10.7958050586058,0,0,0,0,-175,-565,0,1.18841642228739,0,0,0,0,0,0,0,0,0,0,701,4129,4043,4079,4100,2,114313,654,100437,450,232,19,62121,114,1140,86,860,4057,4045,12,120,2128,274334,
7/2/2026 7:00:00 PM,+07:00,4077.3,4085.8,4073.4,4078.4,2718,3077,2718,0,0,3077,1515,49.2362690932727,1503,48.8462788430289,12,0.389990250243744,0,0,0,0,12,-553,0,1.13208241353937,0,0,0,0,0,0,0,0,0,0,701,4129,4043,4079,4100,2,114313,654,100437,450,232,19,62121,114,1140,86,860,4057,4045,12,120,2128,274334,
7/2/2026 7:30:00 PM,+07:00,4078.2,4154.2,4076.7,4130.5,17371,20458,17371,0,0,20458,10357,50.6256721087105,9808,47.9421253299443,549,2.68354677876625,0,0,0,0,549,-4,0,1.17770997639744,0,0,0,0,0,0,0,0,0,0,701,4129,4043,4079,4100,2,114313,654,100437,450,232,19,62121,114,1140,86,860,4057,4045,12,120,2128,274334,
7/2/2026 8:00:00 PM,+07:00,4130.8,4143.2,4121.7,4125.8,6225,6874,6225,0,0,6874,3415,49.6799534477742,3335,48.5161478033168,80,1.16380564445738,0,0,0,0,80,76,0,1.10425702811245,0,0,0,0,0,0,0,0,0,0,701,4129,4043,4079,4100,2,114313,654,100437,450,232,19,62121,114,1140,86,860,4057,4045,12,120,2128,274334,
7/2/2026 8:30:00 PM,+07:00,4125.4,4157.1,4122.6,4149.8,7414,8150,7414,0,0,8150,4024,49.3742331288344,3927,48.1840490797546,97,1.19018404907975,0,0,0,0,97,173,0,1.09927164823307,0,0,0,0,0,0,0,0,0,0,701,4129,4043,4079,4100,2,114313,654,100437,450,232,19,62121,114,1140,86,860,4057,4045,12,120,2128,274334,
7/2/2026 9:00:00 PM,+07:00,4149.6,4151.6,4127,4129.1,4692,5482,4692,0,0,5482,2630,47.9751915359358,2775,50.6202116016053,-145,-2.64502006566946,0,0,0,0,-145,28,0,1.16837169650469,0,0,0,0,0,0,0,0,0,0,701,4129,4043,4079,4100,2,114313,654,100437,450,232,19,62121,114,1140,86,860,4057,4045,12,120,2128,274334,
7/2/2026 9:30:00 PM,+07:00,4129.6,4143,4127.7,4141.9,3794,4208,3794,0,0,4208,2305,54.7766159695818,1826,43.393536121673,479,11.3830798479087,0,0,0,0,479,507,0,1.1091196626252,0,0,0,0,0,0,0,0,0,0,701,4129,4043,4079,4100,2,114313,654,100437,450,232,19,62121,114,1140,86,860,4057,4045,12,120,2128,274334,
7/2/2026 10:00:00 PM,+07:00,4141.9,4144.7,4127.8,4135.7,4107,4648,4107,0,0,4648,2132,45.8691910499139,2423,52.1299483648881,-291,-6.26075731497418,0,0,0,0,-291,216,0,1.13172632091551,0,0,0,0,0,0,0,0,0,0,701,4129,4043,4079,4100,2,114313,654,100437,450,232,19,62121,114,1140,86,860,4057,4045,12,120,2128,274334,
7/2/2026 10:30:00 PM,+07:00,4135.7,4144.3,4135.6,4141.4,1764,1934,1764,0,0,1934,942,48.7073422957601,972,50.258531540848,-30,-1.5511892450879,0,0,0,0,-30,186,0,1.09637188208617,0,0,0,0,0,0,0,0,0,0,701,4129,4043,4079,4100,2,114313,654,100437,450,232,19,62121,114,1140,86,860,4057,4045,12,120,2128,274334,
7/2/2026 11:00:00 PM,+07:00,4141.7,4143.2,4127.8,4129,1795,2013,1795,0,0,2013,921,45.75260804769,1076,53.4525583705912,-155,-7.69995032290114,0,0,0,0,-155,31,0,1.12144846796657,0,0,0,0,0,0,0,0,0,0,701,4129,4043,4079,4100,2,114313,654,100437,450,232,19,62121,114,1140,86,860,4057,4045,12,120,2128,274334,
7/2/2026 11:30:00 PM,+07:00,4128.6,4133.9,4113,4131.2,3428,3834,3428,0,0,3834,1773,46.2441314553991,1997,52.0865936358894,-224,-5.84246218049035,0,0,0,0,-224,-193,0,1.11843640606768,0,0,0,0,0,0,0,0,0,0,701,4129,4043,4079,4100,2,114313,654,100437,450,232,19,62121,114,1140,86,860,4057,4045,12,120,2128,274334,
7/3/2026 12:00:00 AM,+07:00,4131.1,4133.3,4124.3,4125.9,2839,3146,2839,0,0,3146,1507,47.9020979020979,1600,50.8582326764145,-93,-2.95613477431659,0,0,0,0,-93,-93,0,1.10813666784079,0,0,0,0,0,0,0,0,0,0,701,4129,4043,4079,4100,2,114313,654,100437,450,232,19,62121,114,1140,86,860,4057,4045,12,120,2128,274334,
7/3/2026 12:30:00 AM,+07:00,4125.5,4127.6,4118.5,4119.5,1239,1327,1239,0,0,1327,646,48.6812358703843,659,49.6608892238131,-13,-0.979653353428787,0,0,0,0,-13,-106,0,1.07102502017756,0,0,0,0,0,0,0,0,0,0,701,4129,4043,4079,4100,2,114313,654,100437,450,232,19,62121,114,1140,86,860,4057,4045,12,120,2128,274334,
7/3/2026 1:00:00 AM,+07:00,4119.7,4137,4118.6,4136.2,1536,1740,1536,0,0,1740,904,51.9540229885057,793,45.5747126436782,111,6.37931034482759,0,0,0,0,111,5,0,1.1328125,0,0,0,0,0,0,0,0,0,0,701,4129,4043,4079,4100,2,114313,654,100437,450,232,19,62121,114,1140,86,860,4057,4045,12,120,2128,274334,
7/3/2026 1:30:00 AM,+07:00,4136.1,4140.6,4133,4135.9,1131,1277,1131,0,0,1277,615,48.159749412686,651,50.9788566953798,-36,-2.81910728269381,0,0,0,0,-36,-31,0,1.12908930150309,0,0,0,0,0,0,0,0,0,0,701,4129,4043,4079,4100,2,114313,654,100437,450,232,19,62121,114,1140,86,860,4057,4045,12,120,2128,274334,
7/3/2026 2:00:00 AM,+07:00,4136.2,4137.5,4121.3,4125.9,1026,1133,1026,0,0,1133,582,51.3680494263018,533,47.0432480141218,49,4.32480141218005,0,0,0,0,49,18,0,1.10428849902534,0,0,0,0,0,0,0,0,0,0,701,4129,4043,4079,4100,2,114313,654,100437,450,232,19,62121,114,1140,86,860,4057,4045,12,120,2128,274334,
7/3/2026 2:30:00 AM,+07:00,4125.9,4137.1,4124.4,4134,1258,1345,1258,0,0,1345,798,59.3308550185874,512,38.0669144981413,286,21.2639405204461,0,0,0,0,286,304,0,1.0691573926868,0,0,0,0,0,0,0,0,0,0,701,4129,4043,4079,4100,2,114313,654,100437,450,232,19,62121,114,1140,86,860,4057,4045,12,120,2128,274334,
7/3/2026 3:00:00 AM,+07:00,4134.2,4138.3,4129.4,4136.7,1089,1406,1089,0,0,1406,636,45.2347083926031,732,52.0625889046942,-96,-6.82788051209104,0,0,0,0,-96,208,0,1.2910927456382,0,0,0,0,0,0,0,0,0,0,701,4129,4043,4079,4100,2,114313,654,100437,450,232,19,62121,114,1140,86,860,4057,4045,12,120,2128,274334,
7/3/2026 3:30:00 AM,+07:00,4136.5,4138,4131.8,4135.5,464,681,464,0,0,681,368,54.0381791483113,309,45.374449339207,59,8.66372980910426,0,0,0,0,59,267,0,1.4676724137931,0,0,0,0,0,0,0,0,0,0,701,4129,4043,4079,4100,2,114313,654,100437,450,232,19,62121,114,1140,86,860,4057,4045,12,120,2128,274334,
7/3/2026 5:00:00 AM,+07:00,4138,4141.1,4135.1,4137,489,520,489,0,0,520,226,43.4615384615385,280,53.8461538461538,-54,-10.3846153846154,0,0,0,0,-54,213,0,1.06339468302658,0,0,0,0,0,0,0,0,0,0,437,4199,4176,4191,4171,12,52500,308,46235,125,292,20,40876,74,740,23,230,4141,4135,6,60,813,274110,
7/3/2026 5:30:00 AM,+07:00,4136.8,4138.9,4135.1,4137.1,278,293,278,0,0,293,143,48.8054607508532,147,50.1706484641638,-4,-1.36518771331058,0,0,0,0,-4,209,0,1.05395683453237,0,0,0,0,0,0,0,0,0,0,437,4199,4176,4191,4171,12,52500,308,46235,125,292,20,40876,74,740,23,230,4141,4135,6,60,813,274110,
7/3/2026 6:00:00 AM,+07:00,4137.2,4142.7,4136.9,4142.3,460,541,460,0,0,541,278,51.3863216266174,263,48.6136783733826,15,2.77264325323475,0,0,0,0,15,224,0,1.17608695652174,0,0,0,0,0,0,0,0,0,0,437,4199,4176,4191,4171,12,52500,308,46235,125,292,20,40876,74,740,23,230,4141,4135,6,60,813,274110,
7/3/2026 6:30:00 AM,+07:00,4142.1,4149.1,4133.8,4139.2,1626,1793,1626,0,0,1793,823,45.9007250418293,965,53.8204127161182,-142,-7.9196876742889,0,0,0,0,-142,82,0,1.10270602706027,0,0,0,0,0,0,0,0,0,0,437,4199,4176,4191,4171,12,52500,308,46235,125,292,20,40876,74,740,23,230,4141,4135,6,60,813,274110,
7/3/2026 7:00:00 AM,+07:00,4139,4154,4135.9,4150.4,1579,1762,1579,0,0,1762,905,51.3620885357548,853,48.410896708286,52,2.95119182746879,0,0,0,0,52,134,0,1.11589613679544,0,0,0,0,0,0,0,0,0,0,437,4199,4176,4191,4171,12,52500,308,46235,125,292,20,40876,74,740,23,230,4141,4135,6,60,813,274110,
7/3/2026 7:30:00 AM,+07:00,4150.3,4164,4145.9,4160,1372,1502,1372,0,0,1502,794,52.8628495339547,693,46.138482023968,101,6.72436750998668,0,0,0,0,101,235,0,1.09475218658892,0,0,0,0,0,0,0,0,0,0,437,4199,4176,4191,4171,12,52500,308,46235,125,292,20,40876,74,740,23,230,4141,4135,6,60,813,274110,
7/3/2026 8:00:00 AM,+07:00,4159.8,4206.7,4159.5,4199.8,5013,5639,5013,0,0,5639,3087,54.7437488916475,2505,44.4227699946799,582,10.3209788969675,0,0,0,0,582,817,0,1.12487532415719,0,0,0,0,0,0,0,0,0,0,437,4199,4176,4191,4171,12,52500,308,46235,125,292,20,40876,74,740,23,230,4141,4135,6,60,813,274110,
7/3/2026 8:30:00 AM,+07:00,4199.7,4208.3,4187.8,4194.9,2734,3037,2734,0,0,3037,1359,44.7481066842279,1634,53.8030951596971,-275,-9.05498847546921,0,0,0,0,-275,542,0,1.11082662765179,0,0,0,0,0,0,0,0,0,0,437,4199,4176,4191,4171,12,52500,308,46235,125,292,20,40876,74,740,23,230,4141,4135,6,60,813,274110,
7/3/2026 9:00:00 AM,+07:00,4194.5,4196.8,4189.3,4191.9,789,891,789,0,0,891,412,46.2401795735129,470,52.7497194163861,-58,-6.50953984287318,0,0,0,0,-58,484,0,1.12927756653992,0,0,0,0,0,0,0,0,0,0,437,4199,4176,4191,4171,12,52500,308,46235,125,292,20,40876,74,740,23,230,4141,4135,6,60,813,274110,
7/3/2026 9:30:00 AM,+07:00,4192,4199.9,4190.9,4196.8,1679,1882,1679,0,0,1882,894,47.5026567481403,961,51.0626992561105,-67,-3.56004250797024,0,0,0,0,-67,417,0,1.12090530077427,0,0,0,0,0,0,0,0,0,0,437,4199,4176,4191,4171,12,52500,308,46235,125,292,20,40876,74,740,23,230,4141,4135,6,60,813,274110,
7/3/2026 10:00:00 AM,+07:00,4196.8,4197.5,4192.4,4194.5,799,897,799,0,0,897,426,47.4916387959866,445,49.6098104793757,-19,-2.11817168338908,0,0,0,0,-19,398,0,1.12265331664581,0,0,0,0,0,0,0,0,0,0,437,4199,4176,4191,4171,12,52500,308,46235,125,292,20,40876,74,740,23,230,4141,4135,6,60,813,274110,
7/3/2026 10:30:00 AM,+07:00,4194.9,4196,4188.3,4189,1016,1183,1016,0,0,1183,533,45.0549450549451,648,54.7759932375317,-115,-9.72104818258664,0,0,0,0,-115,283,0,1.16437007874016,0,0,0,0,0,0,0,0,0,0,437,4199,4176,4191,4171,12,52500,308,46235,125,292,20,40876,74,740,23,230,4141,4135,6,60,813,274110,
7/3/2026 11:00:00 AM,+07:00,4189,4196,4185.7,4191.4,772,848,772,0,0,848,422,49.7641509433962,416,49.0566037735849,6,0.707547169811321,0,0,0,0,6,289,0,1.09844559585492,0,0,0,0,0,0,0,0,0,0,437,4199,4176,4191,4171,12,52500,308,46235,125,292,20,40876,74,740,23,230,4141,4135,6,60,813,274110,
7/3/2026 11:30:00 AM,+07:00,4191.5,4191.5,4187.3,4191.3,501,621,501,0,0,621,364,58.6151368760064,247,39.7745571658615,117,18.8405797101449,0,0,0,0,117,406,0,1.23952095808383,0,0,0,0,0,0,0,0,0,0,437,4199,4176,4191,4171,12,52500,308,46235,125,292,20,40876,74,740,23,230,4141,4135,6,60,813,274110,
7/3/2026 12:00:00 PM,+07:00,4191.1,4193.9,4185.5,4188.7,589,703,589,0,0,703,337,47.9374110953058,353,50.2133712660028,-16,-2.27596017069701,0,0,0,0,-16,390,0,1.19354838709677,0,0,0,0,0,0,0,0,0,0,437,4199,4176,4191,4171,12,52500,308,46235,125,292,20,40876,74,740,23,230,4141,4135,6,60,813,274110,
7/3/2026 12:30:00 PM,+07:00,4188.6,4194.5,4181.7,4183.8,1091,1204,1091,0,0,1204,545,45.265780730897,632,52.4916943521595,-87,-7.22591362126246,0,0,0,0,-87,303,0,1.10357470210816,0,0,0,0,0,0,0,0,0,0,437,4199,4176,4191,4171,12,52500,308,46235,125,292,20,40876,74,740,23,230,4141,4135,6,60,813,274110,
7/3/2026 1:00:00 PM,+07:00,4183.9,4184.4,4173.6,4177.9,2241,2672,2241,0,0,2672,1320,49.4011976047904,1330,49.7754491017964,-10,-0.374251497005988,0,0,0,0,-10,293,0,1.19232485497546,0,0,0,0,0,0,0,0,0,0,437,4199,4176,4191,4171,12,52500,308,46235,125,292,20,40876,74,740,23,230,4141,4135,6,60,813,274110,
7/3/2026 1:30:00 PM,+07:00,4177.9,4187.8,4177.5,4186.1,1270,1423,1270,0,0,1423,648,45.5375966268447,752,52.8460997891778,-104,-7.3085031623331,0,0,0,0,-104,189,0,1.12047244094488,0,0,0,0,0,0,0,0,0,0,437,4199,4176,4191,4171,12,52500,308,46235,125,292,20,40876,74,740,23,230,4141,4135,6,60,813,274110,
7/3/2026 2:00:00 PM,+07:00,4186.2,4193.7,4181.9,4187.5,1310,1478,1310,0,0,1478,818,55.3450608930988,653,44.1813261163735,165,11.1637347767253,0,0,0,0,165,354,0,1.12824427480916,0,0,0,0,0,0,0,0,0,0,437,4199,4176,4191,4171,12,52500,308,46235,125,292,20,40876,74,740,23,230,4141,4135,6,60,813,274110,
7/3/2026 2:30:00 PM,+07:00,4188.1,4194.6,4186.4,4190.1,1206,1388,1206,0,0,1388,660,47.5504322766571,719,51.8011527377522,-59,-4.2507204610951,0,0,0,0,-59,295,0,1.15091210613599,0,0,0,0,0,0,0,0,0,0,437,4199,4176,4191,4171,12,52500,308,46235,125,292,20,40876,74,740,23,230,4141,4135,6,60,813,274110,
7/3/2026 3:00:00 PM,+07:00,4190.4,4198.6,4190.2,4195.9,1288,1434,1288,0,0,1434,737,51.39470013947,674,47.0013947001395,63,4.39330543933054,0,0,0,0,63,358,0,1.11335403726708,0,0,0,0,0,0,0,0,0,0,437,4199,4176,4191,4171,12,52500,308,46235,125,292,20,40876,74,740,23,230,4141,4135,6,60,813,274110,
7/3/2026 3:30:00 PM,+07:00,4195.5,4199.6,4189.4,4193.5,1400,1593,1400,0,0,1593,764,47.9598242310107,821,51.5379786566227,-57,-3.57815442561205,0,0,0,0,-57,301,0,1.13785714285714,0,0,0,0,0,0,0,0,0,0,437,4199,4176,4191,4171,12,52500,308,46235,125,292,20,40876,74,740,23,230,4141,4135,6,60,813,274110,
7/3/2026 4:00:00 PM,+07:00,4193.3,4194.3,4183.3,4184.4,1288,1435,1288,0,0,1435,619,43.1358885017422,800,55.7491289198606,-181,-12.6132404181185,0,0,0,0,-181,120,0,1.11413043478261,0,0,0,0,0,0,0,0,0,0,437,4199,4176,4191,4171,12,52500,308,46235,125,292,20,40876,74,740,23,230,4141,4135,6,60,813,274110,
7/3/2026 4:30:00 PM,+07:00,4184,4187.3,4180.7,4184.9,1322,1520,1322,0,0,1520,752,49.4736842105263,751,49.4078947368421,1,0.0657894736842105,0,0,0,0,1,121,0,1.14977307110439,0,0,0,0,0,0,0,0,0,0,437,4199,4176,4191,4171,12,52500,308,46235,125,292,20,40876,74,740,23,230,4141,4135,6,60,813,274110,
7/3/2026 5:00:00 PM,+07:00,4184.2,4193.5,4182.9,4191,958,1069,958,0,0,1069,581,54.3498596819457,481,44.9953227315248,100,9.35453695042095,0,0,0,0,100,221,0,1.11586638830898,0,0,0,0,0,0,0,0,0,0,437,4199,4176,4191,4171,12,52500,308,46235,125,292,20,40876,74,740,23,230,4141,4135,6,60,813,274110,
7/3/2026 5:30:00 PM,+07:00,4190.9,4191.2,4187,4189.3,454,568,454,0,0,568,270,47.5352112676056,294,51.7605633802817,-24,-4.22535211267606,0,0,0,0,-24,197,0,1.2511013215859,0,0,0,0,0,0,0,0,0,0,437,4199,4176,4191,4171,12,52500,308,46235,125,292,20,40876,74,740,23,230,4141,4135,6,60,813,274110,
7/3/2026 6:00:00 PM,+07:00,4189,4198.6,4188.1,4195.3,970,1151,970,0,0,1151,721,62.6411815812337,426,37.0112945264987,295,25.629887054735,0,0,0,0,295,492,0,1.18659793814433,0,0,0,0,0,0,0,0,0,0,437,4199,4176,4191,4171,12,52500,308,46235,125,292,20,40876,74,740,23,230,4141,4135,6,60,813,274110,
7/3/2026 6:30:00 PM,+07:00,4195.2,4198.7,4190.8,4193.3,713,812,713,0,0,812,399,49.1379310344828,400,49.2610837438424,-1,-0.123152709359606,0,0,0,0,-1,491,0,1.13884992987377,0,0,0,0,0,0,0,0,0,0,437,4199,4176,4191,4171,12,52500,308,46235,125,292,20,40876,74,740,23,230,4141,4135,6,60,813,274110,
7/3/2026 7:00:00 PM,+07:00,4193.3,4195.7,4184.5,4187.2,1147,1433,1147,0,0,1433,630,43.963712491277,790,55.129099790649,-160,-11.1653872993719,0,0,0,0,-160,331,0,1.24934612031386,0,0,0,0,0,0,0,0,0,0,437,4199,4176,4191,4171,12,52500,308,46235,125,292,20,40876,74,740,23,230,4141,4135,6,60,813,274110,
7/3/2026 7:30:00 PM,+07:00,4187,4190.1,4184.6,4189.3,1105,1287,1105,0,0,1287,713,55.4001554001554,544,42.2688422688423,169,13.1313131313131,0,0,0,0,169,500,0,1.16470588235294,0,0,0,0,0,0,0,0,0,0,437,4199,4176,4191,4171,12,52500,308,46235,125,292,20,40876,74,740,23,230,4141,4135,6,60,813,274110,
7/3/2026 8:00:00 PM,+07:00,4189.3,4191.8,4176.1,4183.5,1676,1823,1676,0,0,1823,917,50.3017004936917,899,49.3143170597916,18,0.987383433900164,0,0,0,0,18,518,0,1.08770883054893,0,0,0,0,0,0,0,0,0,0,437,4199,4176,4191,4171,12,52500,308,46235,125,292,20,40876,74,740,23,230,4141,4135,6,60,813,274110,
7/3/2026 8:30:00 PM,+07:00,4183.7,4184,4175.5,4176.5,984,1110,984,0,0,1110,521,46.9369369369369,568,51.1711711711712,-47,-4.23423423423423,0,0,0,0,-47,471,0,1.1280487804878,0,0,0,0,0,0,0,0,0,0,437,4199,4176,4191,4171,12,52500,308,46235,125,292,20,40876,74,740,23,230,4141,4135,6,60,813,274110,
7/3/2026 9:00:00 PM,+07:00,4176.6,4179.3,4167.7,4178,1977,2186,1977,0,0,2186,1052,48.124428179323,1107,50.64043915828,-55,-2.516010978957,0,0,0,0,-55,416,0,1.10571573090541,0,0,0,0,0,0,0,0,0,0,437,4199,4176,4191,4171,12,52500,308,46235,125,292,20,40876,74,740,23,230,4141,4135,6,60,813,274110,
7/3/2026 9:30:00 PM,+07:00,4178.1,4183.5,4176,4182.2,1032,1152,1032,0,0,1152,629,54.6006944444444,507,44.0104166666667,122,10.5902777777778,0,0,0,0,122,538,0,1.11627906976744,0,0,0,0,0,0,0,0,0,0,437,4199,4176,4191,4171,12,52500,308,46235,125,292,20,40876,74,740,23,230,4141,4135,6,60,813,274110,
7/3/2026 10:00:00 PM,+07:00,4182.5,4187,4179.4,4179.9,825,945,825,0,0,945,485,51.3227513227513,432,45.7142857142857,53,5.60846560846561,0,0,0,0,53,591,0,1.14545454545455,0,0,0,0,0,0,0,0,0,0,437,4199,4176,4191,4171,12,52500,308,46235,125,292,20,40876,74,740,23,230,4141,4135,6,60,813,274110,
7/3/2026 10:30:00 PM,+07:00,4179.7,4181.6,4176.9,4177.4,630,726,630,0,0,726,348,47.9338842975207,364,50.137741046832,-16,-2.20385674931129,0,0,0,0,-16,575,0,1.15238095238095,0,0,0,0,0,0,0,0,0,0,437,4199,4176,4191,4171,12,52500,308,46235,125,292,20,40876,74,740,23,230,4141,4135,6,60,813,274110,
7/3/2026 11:00:00 PM,+07:00,4177.1,4179.8,4175,4178.9,661,784,661,0,0,784,374,47.7040816326531,381,48.5969387755102,-7,-0.892857142857143,0,0,0,0,-7,568,0,1.18608169440242,0,0,0,0,0,0,0,0,0,0,437,4199,4176,4191,4171,12,52500,308,46235,125,292,20,40876,74,740,23,230,4141,4135,6,60,813,274110,
7/3/2026 11:30:00 PM,+07:00,4179,4188.4,4179,4187.3,991,1195,991,0,0,1195,594,49.7071129707113,587,49.1213389121339,7,0.585774058577406,0,0,0,0,7,575,0,1.2058526740666,0,0,0,0,0,0,0,0,0,0,437,4199,4176,4191,4171,12,52500,308,46235,125,292,20,40876,74,740,23,230,4141,4135,6,60,813,274110,
7/6/2026 7:00:00 AM,+07:00,4195.8,4197.5,4182.4,4186.4,1608,1727,1608,0,0,1727,827,47.8865083960625,896,51.8818760856977,-69,-3.99536768963521,0,0,0,0,-69,-69,0,1.07400497512438,0,0,0,0,0,0,0,0,0,0,490,4177,4150,4167,4179,-6,73610,-1364,64957,242,232,16,53983,75,750,27,270,4201,4182,19,190,3396,273970,
7/6/2026 7:30:00 AM,+07:00,4187.1,4200.7,4186,4191.6,1550,1669,1550,0,0,1669,758,45.4164170161774,904,54.1641701617735,-146,-8.74775314559616,0,0,0,0,-146,-215,0,1.07677419354839,0,0,0,0,0,0,0,0,0,0,490,4177,4150,4167,4179,-6,73610,-1364,64957,242,232,16,53983,75,750,27,270,4201,4182,19,190,3396,273970,
7/6/2026 8:00:00 AM,+07:00,4190.5,4204.8,4184.3,4201.4,1981,2157,1981,0,0,2157,1157,53.6393138618452,969,44.923504867872,188,8.71580899397311,0,0,0,0,188,-27,0,1.08884401817264,0,0,0,0,0,0,0,0,0,0,490,4177,4150,4167,4179,-6,73610,-1364,64957,242,232,16,53983,75,750,27,270,4201,4182,19,190,3396,273970,
7/6/2026 8:30:00 AM,+07:00,4201.5,4215.5,4197.7,4198.1,2048,2227,2048,0,0,2227,1051,47.1935339021105,1146,51.4593623709026,-95,-4.2658284687921,0,0,0,0,-95,-122,0,1.08740234375,0,0,0,0,0,0,0,0,0,0,490,4177,4150,4167,4179,-6,73610,-1364,64957,242,232,16,53983,75,750,27,270,4201,4182,19,190,3396,273970,
7/6/2026 9:00:00 AM,+07:00,4198.5,4200.1,4187.8,4189.4,1947,2119,1947,0,0,2119,1056,49.8348277489382,1051,49.5988673902784,5,0.235960358659745,0,0,0,0,5,-117,0,1.08834103749358,0,0,0,0,0,0,0,0,0,0,490,4177,4150,4167,4179,-6,73610,-1364,64957,242,232,16,53983,75,750,27,270,4201,4182,19,190,3396,273970,
7/6/2026 9:30:00 AM,+07:00,4189.3,4190.6,4180.3,4185.5,1276,1397,1276,0,0,1397,645,46.1703650680029,741,53.042233357194,-96,-6.87186828919112,0,0,0,0,-96,-213,0,1.0948275862069,0,0,0,0,0,0,0,0,0,0,490,4177,4150,4167,4179,-6,73610,-1364,64957,242,232,16,53983,75,750,27,270,4201,4182,19,190,3396,273970,
7/6/2026 10:00:00 AM,+07:00,4185.9,4187.9,4174.1,4177.5,1485,1645,1485,0,0,1645,702,42.6747720364742,932,56.6565349544073,-230,-13.9817629179331,0,0,0,0,-230,-443,0,1.10774410774411,0,0,0,0,0,0,0,0,0,0,490,4177,4150,4167,4179,-6,73610,-1364,64957,242,232,16,53983,75,750,27,270,4201,4182,19,190,3396,273970,
7/6/2026 10:30:00 AM,+07:00,4177.2,4181,4172.7,4177,649,745,649,0,0,745,404,54.2281879194631,335,44.9664429530201,69,9.26174496644295,0,0,0,0,69,-374,0,1.14791987673344,0,0,0,0,0,0,0,0,0,0,490,4177,4150,4167,4179,-6,73610,-1364,64957,242,232,16,53983,75,750,27,270,4201,4182,19,190,3396,273970,
7/6/2026 11:00:00 AM,+07:00,4177,4178.4,4171.8,4173.3,581,643,581,0,0,643,345,53.6547433903577,295,45.8786936236392,50,7.77604976671851,0,0,0,0,50,-324,0,1.10671256454389,0,0,0,0,0,0,0,0,0,0,490,4177,4150,4167,4179,-6,73610,-1364,64957,242,232,16,53983,75,750,27,270,4201,4182,19,190,3396,273970,
7/6/2026 11:30:00 AM,+07:00,4173.2,4174.6,4169.2,4171.5,731,795,731,0,0,795,343,43.1446540880503,449,56.4779874213836,-106,-13.3333333333333,0,0,0,0,-106,-430,0,1.0875512995896,0,0,0,0,0,0,0,0,0,0,490,4177,4150,4167,4179,-6,73610,-1364,64957,242,232,16,53983,75,750,27,270,4201,4182,19,190,3396,273970,
7/6/2026 12:00:00 PM,+07:00,4171.2,4172.8,4161.9,4164.2,1142,1411,1142,0,0,1411,707,50.1063075832743,695,49.2558469170801,12,0.850460666194188,0,0,0,0,12,-418,0,1.23555166374781,0,0,0,0,0,0,0,0,0,0,490,4177,4150,4167,4179,-6,73610,-1364,64957,242,232,16,53983,75,750,27,270,4201,4182,19,190,3396,273970,
7/6/2026 12:30:00 PM,+07:00,4164.3,4172,4156.4,4159.7,1655,1770,1655,0,0,1770,878,49.6045197740113,878,49.6045197740113,0,0,0,0,0,0,0,-418,0,1.06948640483384,0,0,0,0,0,0,0,0,0,0,490,4177,4150,4167,4179,-6,73610,-1364,64957,242,232,16,53983,75,750,27,270,4201,4182,19,190,3396,273970,
7/6/2026 1:00:00 PM,+07:00,4159.5,4168.5,4156.8,4168.3,1273,1369,1273,0,0,1369,718,52.4470416362308,643,46.9685902118335,75,5.47845142439737,0,0,0,0,75,-343,0,1.07541241162608,0,0,0,0,0,0,0,0,0,0,490,4177,4150,4167,4179,-6,73610,-1364,64957,242,232,16,53983,75,750,27,270,4201,4182,19,190,3396,273970,
7/6/2026 1:30:00 PM,+07:00,4168.3,4171.5,4160.5,4161.9,1210,1310,1210,0,0,1310,614,46.8702290076336,684,52.2137404580153,-70,-5.34351145038168,0,0,0,0,-70,-413,0,1.08264462809917,0,0,0,0,0,0,0,0,0,0,490,4177,4150,4167,4179,-6,73610,-1364,64957,242,232,16,53983,75,750,27,270,4201,4182,19,190,3396,273970,
7/6/2026 2:00:00 PM,+07:00,4162,4167.6,4158.7,4165.5,1454,1574,1454,0,0,1574,831,52.7954256670902,734,46.6327827191868,97,6.16264294790343,0,0,0,0,97,-316,0,1.08253094910591,0,0,0,0,0,0,0,0,0,0,490,4177,4150,4167,4179,-6,73610,-1364,64957,242,232,16,53983,75,750,27,270,4201,4182,19,190,3396,273970,
7/6/2026 2:30:00 PM,+07:00,4164.8,4178.1,4162.7,4175.7,1175,1383,1175,0,0,1383,700,50.6146059291396,672,48.590021691974,28,2.02458423716558,0,0,0,0,28,-288,0,1.17702127659574,0,0,0,0,0,0,0,0,0,0,490,4177,4150,4167,4179,-6,73610,-1364,64957,242,232,16,53983,75,750,27,270,4201,4182,19,190,3396,273970,
7/6/2026 3:00:00 PM,+07:00,4176.4,4177.6,4164.3,4167.2,1330,1642,1330,0,0,1642,760,46.285018270402,866,52.7405602923264,-106,-6.45554202192448,0,0,0,0,-106,-394,0,1.23458646616541,0,0,0,0,0,0,0,0,0,0,490,4177,4150,4167,4179,-6,73610,-1364,64957,242,232,16,53983,75,750,27,270,4201,4182,19,190,3396,273970,
7/6/2026 3:30:00 PM,+07:00,4167.1,4167.4,4158.1,4161.8,1005,1146,1005,0,0,1146,525,45.8115183246073,603,52.6178010471204,-78,-6.80628272251309,0,0,0,0,-78,-472,0,1.14029850746269,0,0,0,0,0,0,0,0,0,0,490,4177,4150,4167,4179,-6,73610,-1364,64957,242,232,16,53983,75,750,27,270,4201,4182,19,190,3396,273970,
7/6/2026 4:00:00 PM,+07:00,4161.6,4162.7,4153.4,4155.9,1446,1804,1446,0,0,1804,759,42.0731707317073,1028,56.9844789356984,-269,-14.9113082039911,0,0,0,0,-269,-741,0,1.24757952973721,0,0,0,0,0,0,0,0,0,0,490,4177,4150,4167,4179,-6,73610,-1364,64957,242,232,16,53983,75,750,27,270,4201,4182,19,190,3396,273970,
7/6/2026 4:30:00 PM,+07:00,4155.1,4157.1,4148.4,4155.5,2473,2950,2473,0,0,2950,1472,49.8983050847458,1444,48.9491525423729,28,0.949152542372881,0,0,0,0,28,-713,0,1.1928831378892,0,0,0,0,0,0,0,0,0,0,490,4177,4150,4167,4179,-6,73610,-1364,64957,242,232,16,53983,75,750,27,270,4201,4182,19,190,3396,273970,
7/6/2026 5:00:00 PM,+07:00,4155.5,4163.3,4154.6,4161.1,946,1110,946,0,0,1110,610,54.954954954955,493,44.4144144144144,117,10.5405405405405,0,0,0,0,117,-596,0,1.17336152219873,0,0,0,0,0,0,0,0,0,0,490,4177,4150,4167,4179,-6,73610,-1364,64957,242,232,16,53983,75,750,27,270,4201,4182,19,190,3396,273970,
7/6/2026 5:30:00 PM,+07:00,4161,4168.3,4160.9,4167.4,1000,1097,1000,0,0,1097,500,45.5788514129444,587,53.5095715587967,-87,-7.93072014585232,0,0,0,0,-87,-683,0,1.097,0,0,0,0,0,0,0,0,0,0,490,4177,4150,4167,4179,-6,73610,-1364,64957,242,232,16,53983,75,750,27,270,4201,4182,19,190,3396,273970,
7/6/2026 6:00:00 PM,+07:00,4167.3,4172.2,4164.1,4167.9,868,944,868,0,0,944,485,51.3771186440678,453,47.9872881355932,32,3.38983050847458,0,0,0,0,32,-651,0,1.08755760368664,0,0,0,0,0,0,0,0,0,0,490,4177,4150,4167,4179,-6,73610,-1364,64957,242,232,16,53983,75,750,27,270,4201,4182,19,190,3396,273970,
7/6/2026 6:30:00 PM,+07:00,4167.5,4171.2,4163.9,4167.4,687,771,687,0,0,771,369,47.8599221789883,399,51.7509727626459,-30,-3.89105058365759,0,0,0,0,-30,-681,0,1.12227074235808,0,0,0,0,0,0,0,0,0,0,490,4177,4150,4167,4179,-6,73610,-1364,64957,242,232,16,53983,75,750,27,270,4201,4182,19,190,3396,273970,
7/6/2026 7:00:00 PM,+07:00,4167.4,4170.9,4156.6,4157.7,1719,1993,1719,0,0,1993,884,44.3552433517311,1075,53.9387857501254,-191,-9.58354239839438,0,0,0,0,-191,-872,0,1.15939499709133,0,0,0,0,0,0,0,0,0,0,490,4177,4150,4167,4179,-6,73610,-1364,64957,242,232,16,53983,75,750,27,270,4201,4182,19,190,3396,273970,
7/6/2026 7:30:00 PM,+07:00,4157.5,4158.1,4143.3,4151.4,3478,4018,3478,0,0,4018,1914,47.6356396217023,2076,51.6674962667994,-162,-4.03185664509706,0,0,0,0,-162,-1034,0,1.15526164462335,0,0,0,0,0,0,0,0,0,0,490,4177,4150,4167,4179,-6,73610,-1364,64957,242,232,16,53983,75,750,27,270,4201,4182,19,190,3396,273970,
7/6/2026 8:00:00 PM,+07:00,4151.9,4161,4148.9,4154.8,2857,3288,2857,0,0,3288,1693,51.4902676399027,1545,46.9890510948905,148,4.50121654501217,0,0,0,0,148,-886,0,1.15085754287714,0,0,0,0,0,0,0,0,0,0,490,4177,4150,4167,4179,-6,73610,-1364,64957,242,232,16,53983,75,750,27,270,4201,4182,19,190,3396,273970,
7/6/2026 8:30:00 PM,+07:00,4154.3,4162.6,4147.1,4153,3382,3886,3382,0,0,3886,1816,46.7318579516212,2043,52.5733401955739,-227,-5.84148224395265,0,0,0,0,-227,-1113,0,1.14902424600828,0,0,0,0,0,0,0,0,0,0,490,4177,4150,4167,4179,-6,73610,-1364,64957,242,232,16,53983,75,750,27,270,4201,4182,19,190,3396,273970,
7/6/2026 9:00:00 PM,+07:00,4152.5,4159.5,4144.7,4149.1,4514,5296,4514,0,0,5296,2585,48.8104229607251,2678,50.5664652567976,-93,-1.75604229607251,0,0,0,0,-93,-1206,0,1.17323881258307,0,0,0,0,0,0,0,0,0,0,490,4177,4150,4167,4179,-6,73610,-1364,64957,242,232,16,53983,75,750,27,270,4201,4182,19,190,3396,273970,
7/6/2026 9:30:00 PM,+07:00,4149.7,4154.4,4140.6,4150.2,2927,3271,2927,0,0,3271,1673,51.1464383980434,1576,48.1809844084378,97,2.96545398960562,0,0,0,0,97,-1109,0,1.11752647762214,0,0,0,0,0,0,0,0,0,0,490,4177,4150,4167,4179,-6,73610,-1364,64957,242,232,16,53983,75,750,27,270,4201,4182,19,190,3396,273970,
7/6/2026 10:00:00 PM,+07:00,4150.6,4162.9,4149.8,4162.2,2389,2831,2389,0,0,2831,1479,52.2430236665489,1324,46.7679265277287,155,5.4750971388202,0,0,0,0,155,-954,0,1.18501465048137,0,0,0,0,0,0,0,0,0,0,490,4177,4150,4167,4179,-6,73610,-1364,64957,242,232,16,53983,75,750,27,270,4201,4182,19,190,3396,273970,
7/6/2026 10:30:00 PM,+07:00,4162.3,4164,4156.1,4159.9,1969,2276,1969,0,0,2276,1009,44.3321616871705,1246,54.7451669595782,-237,-10.4130052724077,0,0,0,0,-237,-1191,0,1.15591670898933,0,0,0,0,0,0,0,0,0,0,490,4177,4150,4167,4179,-6,73610,-1364,64957,242,232,16,53983,75,750,27,270,4201,4182,19,190,3396,273970,
7/6/2026 11:00:00 PM,+07:00,4160.1,4160.2,4152,4157.2,1480,1700,1480,0,0,1700,787,46.2941176470588,900,52.9411764705882,-113,-6.64705882352941,0,0,0,0,-113,-1304,0,1.14864864864865,0,0,0,0,0,0,0,0,0,0,490,4177,4150,4167,4179,-6,73610,-1364,64957,242,232,16,53983,75,750,27,270,4201,4182,19,190,3396,273970,
7/6/2026 11:30:00 PM,+07:00,4157.5,4168.1,4157.2,4166.9,1070,1134,1070,0,0,1134,586,51.6754850088183,528,46.5608465608466,58,5.11463844797178,0,0,0,0,58,-1246,0,1.05981308411215,0,0,0,0,0,0,0,0,0,0,490,4177,4150,4167,4179,-6,73610,-1364,64957,242,232,16,53983,75,750,27,270,4201,4182,19,190,3396,273970,
7/7/2026 12:00:00 AM,+07:00,4166.9,4171.6,4162.1,4167.5,2307,2493,2307,0,0,2493,1188,47.6534296028881,1264,50.7019655034096,-76,-3.04853590052146,0,0,0,0,-76,-76,0,1.08062418725618,0,0,0,0,0,0,0,0,0,0,490,4177,4150,4167,4179,-6,73610,-1364,64957,242,232,16,53983,75,750,27,270,4201,4182,19,190,3396,273970,
7/7/2026 12:30:00 AM,+07:00,4167.2,4173.4,4166.4,4172.9,999,1181,999,0,0,1181,628,53.1752751905165,542,45.8933107535986,86,7.28196443691787,0,0,0,0,86,10,0,1.18218218218218,0,0,0,0,0,0,0,0,0,0,490,4177,4150,4167,4179,-6,73610,-1364,64957,242,232,16,53983,75,750,27,270,4201,4182,19,190,3396,273970,
7/7/2026 1:00:00 AM,+07:00,4173.3,4175.2,4167.1,4173.8,1120,1367,1120,0,0,1367,678,49.5976591075347,668,48.8661302121434,10,0.731528895391368,0,0,0,0,10,20,0,1.22053571428571,0,0,0,0,0,0,0,0,0,0,490,4177,4150,4167,4179,-6,73610,-1364,64957,242,232,16,53983,75,750,27,270,4201,4182,19,190,3396,273970,
7/7/2026 1:30:00 AM,+07:00,4173.6,4179.6,4171.6,4175.8,981,1072,981,0,0,1072,527,49.160447761194,533,49.7201492537313,-6,-0.559701492537313,0,0,0,0,-6,14,0,1.0927624872579,0,0,0,0,0,0,0,0,0,0,490,4177,4150,4167,4179,-6,73610,-1364,64957,242,232,16,53983,75,750,27,270,4201,4182,19,190,3396,273970,
7/7/2026 2:00:00 AM,+07:00,4175.8,4177.4,4170.5,4174.8,764,834,764,0,0,834,371,44.484412470024,459,55.0359712230216,-88,-10.5515587529976,0,0,0,0,-88,-74,0,1.09162303664921,0,0,0,0,0,0,0,0,0,0,490,4177,4150,4167,4179,-6,73610,-1364,64957,242,232,16,53983,75,750,27,270,4201,4182,19,190,3396,273970,
7/7/2026 2:30:00 AM,+07:00,4175,4176.7,4171.5,4175.5,920,978,920,0,0,978,483,49.3865030674847,487,49.7955010224949,-4,-0.408997955010225,0,0,0,0,-4,-78,0,1.06304347826087,0,0,0,0,0,0,0,0,0,0,490,4177,4150,4167,4179,-6,73610,-1364,64957,242,232,16,53983,75,750,27,270,4201,4182,19,190,3396,273970,
7/7/2026 3:00:00 AM,+07:00,4175.4,4176.3,4172.6,4174.4,279,286,279,0,0,286,133,46.5034965034965,144,50.3496503496504,-11,-3.84615384615385,0,0,0,0,-11,-89,0,1.02508960573477,0,0,0,0,0,0,0,0,0,0,490,4177,4150,4167,4179,-6,73610,-1364,64957,242,232,16,53983,75,750,27,270,4201,4182,19,190,3396,273970,
7/7/2026 3:30:00 AM,+07:00,4174.3,4177.3,4174.2,4176.3,282,301,282,0,0,301,133,44.1860465116279,162,53.8205980066445,-29,-9.63455149501661,0,0,0,0,-29,-118,0,1.06737588652482,0,0,0,0,0,0,0,0,0,0,490,4177,4150,4167,4179,-6,73610,-1364,64957,242,232,16,53983,75,750,27,270,4201,4182,19,190,3396,273970,
7/7/2026 5:00:00 AM,+07:00,4176.4,4179,4174.6,4177.1,374,444,374,0,0,444,271,61.036036036036,166,37.3873873873874,105,23.6486486486486,0,0,0,0,105,-13,0,1.18716577540107,0,0,0,0,0,0,0,0,0,0,605,4170,4132,4151,4148,-23,96174,-4253,82978,284,306,15,59189,89,890,38,380,4180,4175,5,50,822,274052,
7/7/2026 5:30:00 AM,+07:00,4177.5,4179.5,4175.2,4175.9,360,378,360,0,0,378,174,46.031746031746,203,53.7037037037037,-29,-7.67195767195767,0,0,0,0,-29,-42,0,1.05,0,0,0,0,0,0,0,0,0,0,605,4170,4132,4151,4148,-23,96174,-4253,82978,284,306,15,59189,89,890,38,380,4180,4175,5,50,822,274052,
7/7/2026 6:00:00 AM,+07:00,4175.4,4176.6,4174,4174.3,205,221,205,0,0,221,108,48.868778280543,113,51.131221719457,-5,-2.26244343891403,0,0,0,0,-5,-47,0,1.0780487804878,0,0,0,0,0,0,0,0,0,0,605,4170,4132,4151,4148,-23,96174,-4253,82978,284,306,15,59189,89,890,38,380,4180,4175,5,50,822,274052,
7/7/2026 6:30:00 AM,+07:00,4174,4176.4,4168,4168.7,500,556,500,0,0,556,237,42.6258992805755,314,56.4748201438849,-77,-13.8489208633094,0,0,0,0,-77,-124,0,1.112,0,0,0,0,0,0,0,0,0,0,605,4170,4132,4151,4148,-23,96174,-4253,82978,284,306,15,59189,89,890,38,380,4180,4175,5,50,822,274052,
7/7/2026 7:00:00 AM,+07:00,4168.5,4172.2,4163.4,4171.4,843,887,843,0,0,887,416,46.8996617812852,464,52.3111612175874,-48,-5.41149943630214,0,0,0,0,-48,-172,0,1.05219454329775,0,0,0,0,0,0,0,0,0,0,605,4170,4132,4151,4148,-23,96174,-4253,82978,284,306,15,59189,89,890,38,380,4180,4175,5,50,822,274052,
7/7/2026 7:30:00 AM,+07:00,4171.7,4174.5,4156.1,4157.2,1136,1227,1136,0,0,1227,495,40.3422982885086,725,59.0872045639772,-230,-18.7449062754686,0,0,0,0,-230,-402,0,1.08010563380282,0,0,0,0,0,0,0,0,0,0,605,4170,4132,4151,4148,-23,96174,-4253,82978,284,306,15,59189,89,890,38,380,4180,4175,5,50,822,274052,
7/7/2026 8:00:00 AM,+07:00,4157.3,4160.2,4137.6,4144.3,2726,3015,2726,0,0,3015,1345,44.6102819237148,1634,54.195688225539,-289,-9.58540630182421,0,0,0,0,-289,-691,0,1.10601614086574,0,0,0,0,0,0,0,0,0,0,605,4170,4132,4151,4148,-23,96174,-4253,82978,284,306,15,59189,89,890,38,380,4180,4175,5,50,822,274052,
7/7/2026 8:30:00 AM,+07:00,4144.2,4158.6,4143.8,4153.9,1536,1692,1536,0,0,1692,855,50.531914893617,821,48.5224586288416,34,2.00945626477541,0,0,0,0,34,-657,0,1.1015625,0,0,0,0,0,0,0,0,0,0,605,4170,4132,4151,4148,-23,96174,-4253,82978,284,306,15,59189,89,890,38,380,4180,4175,5,50,822,274052,
7/7/2026 9:00:00 AM,+07:00,4154,4157,4149.5,4152.3,1019,1135,1019,0,0,1135,541,47.6651982378855,583,51.3656387665198,-42,-3.70044052863436,0,0,0,0,-42,-699,0,1.11383709519136,0,0,0,0,0,0,0,0,0,0,605,4170,4132,4151,4148,-23,96174,-4253,82978,284,306,15,59189,89,890,38,380,4180,4175,5,50,822,274052,
7/7/2026 9:30:00 AM,+07:00,4152,4156.5,4142.8,4147.9,1320,1425,1320,0,0,1425,683,47.9298245614035,734,51.5087719298246,-51,-3.57894736842105,0,0,0,0,-51,-750,0,1.07954545454545,0,0,0,0,0,0,0,0,0,0,605,4170,4132,4151,4148,-23,96174,-4253,82978,284,306,15,59189,89,890,38,380,4180,4175,5,50,822,274052,
7/7/2026 10:00:00 AM,+07:00,4147.8,4151.4,4140.1,4143.8,852,901,852,0,0,901,387,42.9522752497225,507,56.2708102108768,-120,-13.3185349611543,0,0,0,0,-120,-870,0,1.0575117370892,0,0,0,0,0,0,0,0,0,0,605,4170,4132,4151,4148,-23,96174,-4253,82978,284,306,15,59189,89,890,38,380,4180,4175,5,50,822,274052,
7/7/2026 10:30:00 AM,+07:00,4143.1,4146.2,4135.2,4142.5,1082,1233,1082,0,0,1233,567,45.985401459854,651,52.7980535279805,-84,-6.81265206812652,0,0,0,0,-84,-954,0,1.13955637707948,0,0,0,0,0,0,0,0,0,0,605,4170,4132,4151,4148,-23,96174,-4253,82978,284,306,15,59189,89,890,38,380,4180,4175,5,50,822,274052,
7/7/2026 11:00:00 AM,+07:00,4142.4,4152.4,4141.7,4143.2,1008,1083,1008,0,0,1083,558,51.5235457063712,513,47.3684210526316,45,4.15512465373961,0,0,0,0,45,-909,0,1.07440476190476,0,0,0,0,0,0,0,0,0,0,605,4170,4132,4151,4148,-23,96174,-4253,82978,284,306,15,59189,89,890,38,380,4180,4175,5,50,822,274052,
7/7/2026 11:30:00 AM,+07:00,4143.3,4143.3,4136.8,4137.6,596,719,596,0,0,719,322,44.7844228094576,387,53.8247566063978,-65,-9.04033379694019,0,0,0,0,-65,-974,0,1.20637583892617,0,0,0,0,0,0,0,0,0,0,605,4170,4132,4151,4148,-23,96174,-4253,82978,284,306,15,59189,89,890,38,380,4180,4175,5,50,822,274052,
7/7/2026 12:00:00 PM,+07:00,4137.6,4142.2,4131.9,4139.5,1478,1650,1478,0,0,1650,810,49.0909090909091,819,49.6363636363636,-9,-0.545454545454546,0,0,0,0,-9,-983,0,1.11637347767253,0,0,0,0,0,0,0,0,0,0,605,4170,4132,4151,4148,-23,96174,-4253,82978,284,306,15,59189,89,890,38,380,4180,4175,5,50,822,274052,
7/7/2026 12:30:00 PM,+07:00,4139.7,4140,4127.7,4135.2,1797,1973,1797,0,0,1973,950,48.1500253421186,995,50.430816016219,-45,-2.28079067410035,0,0,0,0,-45,-1028,0,1.09794101279911,0,0,0,0,0,0,0,0,0,0,605,4170,4132,4151,4148,-23,96174,-4253,82978,284,306,15,59189,89,890,38,380,4180,4175,5,50,822,274052,
7/7/2026 1:00:00 PM,+07:00,4135,4140.9,4132.5,4138.1,1143,1319,1143,0,0,1319,646,48.9764973464746,660,50.0379075056861,-14,-1.06141015921152,0,0,0,0,-14,-1042,0,1.15398075240595,0,0,0,0,0,0,0,0,0,0,605,4170,4132,4151,4148,-23,96174,-4253,82978,284,306,15,59189,89,890,38,380,4180,4175,5,50,822,274052,
7/7/2026 1:30:00 PM,+07:00,4138,4144.4,4136.2,4141.7,793,909,793,0,0,909,405,44.5544554455446,492,54.1254125412541,-87,-9.57095709570957,0,0,0,0,-87,-1129,0,1.14627994955864,0,0,0,0,0,0,0,0,0,0,605,4170,4132,4151,4148,-23,96174,-4253,82978,284,306,15,59189,89,890,38,380,4180,4175,5,50,822,274052,
7/7/2026 2:00:00 PM,+07:00,4141.9,4143.4,4135.8,4138.3,1012,1214,1012,0,0,1214,629,51.8121911037891,575,47.3640856672158,54,4.44810543657331,0,0,0,0,54,-1075,0,1.199604743083,0,0,0,0,0,0,0,0,0,0,605,4170,4132,4151,4148,-23,96174,-4253,82978,284,306,15,59189,89,890,38,380,4180,4175,5,50,822,274052,
7/7/2026 2:30:00 PM,+07:00,4138.3,4144.6,4135.4,4135.8,1104,1269,1104,0,0,1269,644,50.7486209613869,609,47.9905437352246,35,2.75807722616233,0,0,0,0,35,-1040,0,1.14945652173913,0,0,0,0,0,0,0,0,0,0,605,4170,4132,4151,4148,-23,96174,-4253,82978,284,306,15,59189,89,890,38,380,4180,4175,5,50,822,274052,
7/7/2026 3:00:00 PM,+07:00,4135.4,4150.9,4135.4,4150,1665,1925,1665,0,0,1925,906,47.0649350649351,993,51.5844155844156,-87,-4.51948051948052,0,0,0,0,-87,-1127,0,1.15615615615616,0,0,0,0,0,0,0,0,0,0,605,4170,4132,4151,4148,-23,96174,-4253,82978,284,306,15,59189,89,890,38,380,4180,4175,5,50,822,274052,
7/7/2026 3:30:00 PM,+07:00,4150.1,4150.7,4132.7,4137.1,1799,2134,1799,0,0,2134,904,42.3617619493908,1215,56.9353327085286,-311,-14.5735707591378,0,0,0,0,-311,-1438,0,1.18621456364647,0,0,0,0,0,0,0,0,0,0,605,4170,4132,4151,4148,-23,96174,-4253,82978,284,306,15,59189,89,890,38,380,4180,4175,5,50,822,274052,
7/7/2026 4:00:00 PM,+07:00,4136.9,4142.2,4130.6,4132.5,1391,1627,1391,0,0,1627,698,42.901044867855,917,56.3614013521819,-219,-13.460356484327,0,0,0,0,-219,-1657,0,1.16966211358735,0,0,0,0,0,0,0,0,0,0,605,4170,4132,4151,4148,-23,96174,-4253,82978,284,306,15,59189,89,890,38,380,4180,4175,5,50,822,274052,
7/7/2026 4:30:00 PM,+07:00,4132.6,4144.6,4132.4,4142.4,1602,1795,1602,0,0,1795,966,53.8161559888579,817,45.5153203342618,149,8.3008356545961,0,0,0,0,149,-1508,0,1.12047440699126,0,0,0,0,0,0,0,0,0,0,605,4170,4132,4151,4148,-23,96174,-4253,82978,284,306,15,59189,89,890,38,380,4180,4175,5,50,822,274052,
7/7/2026 5:00:00 PM,+07:00,4142.4,4150.5,4142.4,4148.9,891,1059,891,0,0,1059,541,51.0859301227573,462,43.6260623229462,79,7.45986779981114,0,0,0,0,79,-1429,0,1.18855218855219,0,0,0,0,0,0,0,0,0,0,605,4170,4132,4151,4148,-23,96174,-4253,82978,284,306,15,59189,89,890,38,380,4180,4175,5,50,822,274052,
7/7/2026 5:30:00 PM,+07:00,4149.1,4149.1,4145,4147.1,724,820,724,0,0,820,432,52.6829268292683,384,46.8292682926829,48,5.85365853658537,0,0,0,0,48,-1381,0,1.13259668508287,0,0,0,0,0,0,0,0,0,0,605,4170,4132,4151,4148,-23,96174,-4253,82978,284,306,15,59189,89,890,38,380,4180,4175,5,50,822,274052,
7/7/2026 6:00:00 PM,+07:00,4147.1,4156.8,4143,4154.2,1302,1410,1302,0,0,1410,786,55.7446808510638,611,43.3333333333333,175,12.4113475177305,0,0,0,0,175,-1206,0,1.08294930875576,0,0,0,0,0,0,0,0,0,0,605,4170,4132,4151,4148,-23,96174,-4253,82978,284,306,15,59189,89,890,38,380,4180,4175,5,50,822,274052,
7/7/2026 6:30:00 PM,+07:00,4154.1,4170,4150.8,4168.6,2455,2909,2455,0,0,2909,1450,49.8453076658646,1403,48.2296321760055,47,1.61567548985906,0,0,0,0,47,-1159,0,1.18492871690428,0,0,0,0,0,0,0,0,0,0,605,4170,4132,4151,4148,-23,96174,-4253,82978,284,306,15,59189,89,890,38,380,4180,4175,5,50,822,274052,
7/7/2026 7:00:00 PM,+07:00,4168.6,4187,4166,4177.8,5666,6826,5666,0,0,6826,3202,46.9088778200996,3583,52.4904775857017,-381,-5.58159976560211,0,0,0,0,-381,-1540,0,1.20472996823156,0,0,0,0,0,0,0,0,0,0,605,4170,4132,4151,4148,-23,96174,-4253,82978,284,306,15,59189,89,890,38,380,4180,4175,5,50,822,274052,
7/7/2026 7:30:00 PM,+07:00,4177.3,4184.5,4173.2,4184.1,2821,3295,2821,0,0,3295,1555,47.1927162367223,1708,51.8361153262519,-153,-4.64339908952959,0,0,0,0,-153,-1693,0,1.16802552286423,0,0,0,0,0,0,0,0,0,0,605,4170,4132,4151,4148,-23,96174,-4253,82978,284,306,15,59189,89,890,38,380,4180,4175,5,50,822,274052,
7/7/2026 8:00:00 PM,+07:00,4184.1,4190.6,4171.3,4177.6,3839,4321,3839,0,0,4321,2011,46.5401527424207,2263,52.3721360796112,-252,-5.83198333719046,0,0,0,0,-252,-1945,0,1.12555352956499,0,0,0,0,0,0,0,0,0,0,605,4170,4132,4151,4148,-23,96174,-4253,82978,284,306,15,59189,89,890,38,380,4180,4175,5,50,822,274052,
7/7/2026 8:30:00 PM,+07:00,4177.8,4192.4,4167.3,4170,5546,6345,5546,0,0,6345,2930,46.1780929866036,3311,52.1828211189913,-381,-6.00472813238771,0,0,0,0,-381,-2326,0,1.14406779661017,0,0,0,0,0,0,0,0,0,0,605,4170,4132,4151,4148,-23,96174,-4253,82978,284,306,15,59189,89,890,38,380,4180,4175,5,50,822,274052,
7/7/2026 9:00:00 PM,+07:00,4169.7,4175.1,4161.9,4169,4512,5367,4512,0,0,5367,2643,49.2453884851873,2666,49.6739332960686,-23,-0.428544810881312,0,0,0,0,-23,-2349,0,1.18949468085106,0,0,0,0,0,0,0,0,0,0,605,4170,4132,4151,4148,-23,96174,-4253,82978,284,306,15,59189,89,890,38,380,4180,4175,5,50,822,274052,
7/7/2026 9:30:00 PM,+07:00,4169.8,4170.8,4154.5,4165,3220,3922,3220,0,0,3922,1848,47.1188169301377,2026,51.6573176950535,-178,-4.53850076491586,0,0,0,0,-178,-2527,0,1.21801242236025,0,0,0,0,0,0,0,0,0,0,605,4170,4132,4151,4148,-23,96174,-4253,82978,284,306,15,59189,89,890,38,380,4180,4175,5,50,822,274052,
7/7/2026 10:00:00 PM,+07:00,4165,4166.7,4152.6,4154,2515,2882,2515,0,0,2882,1357,47.0853573907009,1502,52.116585704372,-145,-5.03122831367106,0,0,0,0,-145,-2672,0,1.14592445328032,0,0,0,0,0,0,0,0,0,0,605,4170,4132,4151,4148,-23,96174,-4253,82978,284,306,15,59189,89,890,38,380,4180,4175,5,50,822,274052,
7/7/2026 10:30:00 PM,+07:00,4154,4159.3,4146.9,4150.1,1981,2311,1981,0,0,2311,1056,45.6945045434877,1243,53.7862397230636,-187,-8.09173517957594,0,0,0,0,-187,-2859,0,1.1665825340737,0,0,0,0,0,0,0,0,0,0,605,4170,4132,4151,4148,-23,96174,-4253,82978,284,306,15,59189,89,890,38,380,4180,4175,5,50,822,274052,
7/7/2026 11:00:00 PM,+07:00,4150.4,4158.7,4148.2,4157.5,1443,1633,1443,0,0,1633,890,54.5009185548071,720,44.0906307409676,170,10.4102878138396,0,0,0,0,170,-2689,0,1.13167013167013,0,0,0,0,0,0,0,0,0,0,605,4170,4132,4151,4148,-23,96174,-4253,82978,284,306,15,59189,89,890,38,380,4180,4175,5,50,822,274052,
7/7/2026 11:30:00 PM,+07:00,4157.3,4158.3,4152.2,4156.6,1302,1437,1302,0,0,1437,658,45.7898399443285,760,52.8879610299234,-102,-7.09812108559499,0,0,0,0,-102,-2791,0,1.1036866359447,0,0,0,0,0,0,0,0,0,0,605,4170,4132,4151,4148,-23,96174,-4253,82978,284,306,15,59189,89,890,38,380,4180,4175,5,50,822,274052,
7/8/2026 12:00:00 AM,+07:00,4156.7,4158.5,4151.8,4157.5,1419,1627,1419,0,0,1627,773,47.5107559926245,807,49.60049170252,-34,-2.08973570989551,0,0,0,0,-34,-34,0,1.14658210007047,0,0,0,0,0,0,0,0,0,0,605,4170,4132,4151,4148,-23,96174,-4253,82978,284,306,15,59189,89,890,38,380,4180,4175,5,50,822,274052,
7/8/2026 12:30:00 AM,+07:00,4157.7,4159.8,4154.3,4155.9,904,1036,904,0,0,1036,493,47.5868725868726,536,51.7374517374517,-43,-4.15057915057915,0,0,0,0,-43,-77,0,1.14601769911504,0,0,0,0,0,0,0,0,0,0,605,4170,4132,4151,4148,-23,96174,-4253,82978,284,306,15,59189,89,890,38,380,4180,4175,5,50,822,274052,
7/8/2026 1:00:00 AM,+07:00,4156,4156.5,4151.3,4153.1,688,814,688,0,0,814,374,45.945945945946,432,53.0712530712531,-58,-7.12530712530713,0,0,0,0,-58,-135,0,1.18313953488372,0,0,0,0,0,0,0,0,0,0,605,4170,4132,4151,4148,-23,96174,-4253,82978,284,306,15,59189,89,890,38,380,4180,4175,5,50,822,274052,
7/8/2026 1:30:00 AM,+07:00,4152.9,4154,4136.1,4138,2504,2889,2504,0,0,2889,1245,43.0944963655244,1597,55.2786431291104,-352,-12.184146763586,0,0,0,0,-352,-487,0,1.15375399361022,0,0,0,0,0,0,0,0,0,0,605,4170,4132,4151,4148,-23,96174,-4253,82978,284,306,15,59189,89,890,38,380,4180,4175,5,50,822,274052,
7/8/2026 2:00:00 AM,+07:00,4137.9,4138.7,4102.7,4114.3,7072,8536,7072,0,0,8536,3807,44.5993439550141,4597,53.8542642924086,-790,-9.25492033739456,0,0,0,0,-790,-1277,0,1.20701357466063,0,0,0,0,0,0,0,0,0,0,605,4170,4132,4151,4148,-23,96174,-4253,82978,284,306,15,59189,89,890,38,380,4180,4175,5,50,822,274052,
7/8/2026 2:30:00 AM,+07:00,4114.3,4128.9,4114.3,4125.1,3184,3937,3184,0,0,3937,1864,47.3456946913894,1992,50.5969011938024,-128,-3.251206502413,0,0,0,0,-128,-1405,0,1.23649497487437,0,0,0,0,0,0,0,0,0,0,605,4170,4132,4151,4148,-23,96174,-4253,82978,284,306,15,59189,89,890,38,380,4180,4175,5,50,822,274052,
7/8/2026 3:00:00 AM,+07:00,4125.3,4126.7,4117.3,4121.6,1033,1266,1033,0,0,1266,536,42.3380726698262,701,55.3712480252765,-165,-13.0331753554502,0,0,0,0,-165,-1570,0,1.22555663117135,0,0,0,0,0,0,0,0,0,0,605,4170,4132,4151,4148,-23,96174,-4253,82978,284,306,15,59189,89,890,38,380,4180,4175,5,50,822,274052,
7/8/2026 3:30:00 AM,+07:00,4121.5,4121.8,4114.2,4116.6,616,801,616,0,0,801,392,48.9388264669164,402,50.187265917603,-10,-1.24843945068664,0,0,0,0,-10,-1580,0,1.30032467532468,0,0,0,0,0,0,0,0,0,0,605,4170,4132,4151,4148,-23,96174,-4253,82978,284,306,15,59189,89,890,38,380,4180,4175,5,50,822,274052,
7/8/2026 5:00:00 AM,+07:00,4106.5,4116.9,4104,4110.5,1180,1543,1180,0,0,1543,628,40.699935191186,878,56.902138690862,-250,-16.202203499676,0,0,0,0,-250,-1830,0,1.30762711864407,0,0,0,0,0,0,0,0,0,0,753,4115,4040,4082,4089,-9,140707,-1584,120077,439,302,12,113875,112,1120,75,750,4117,4104,13,130,2827,269101,
7/8/2026 5:30:00 AM,+07:00,4110.2,4113.4,4106.6,4109.5,1112,1284,1112,0,0,1284,614,47.8193146417446,665,51.791277258567,-51,-3.97196261682243,0,0,0,0,-51,-1881,0,1.15467625899281,0,0,0,0,0,0,0,0,0,0,753,4115,4040,4082,4089,-9,140707,-1584,120077,439,302,12,113875,112,1120,75,750,4117,4104,13,130,2827,269101,
7/8/2026 6:00:00 AM,+07:00,4109,4118.9,4107.3,4116,1605,1850,1605,0,0,1850,939,50.7567567567568,902,48.7567567567568,37,2,0,0,0,0,37,-1844,0,1.15264797507788,0,0,0,0,0,0,0,0,0,0,753,4115,4040,4082,4089,-9,140707,-1584,120077,439,302,12,113875,112,1120,75,750,4117,4104,13,130,2827,269101,
7/8/2026 6:30:00 AM,+07:00,4115.9,4116.3,4106.3,4108.8,889,1127,889,0,0,1127,607,53.8598047914818,511,45.3416149068323,96,8.51818988464951,0,0,0,0,96,-1748,0,1.26771653543307,0,0,0,0,0,0,0,0,0,0,753,4115,4040,4082,4089,-9,140707,-1584,120077,439,302,12,113875,112,1120,75,750,4117,4104,13,130,2827,269101,
7/8/2026 7:00:00 AM,+07:00,4108.5,4118.6,4107.4,4115.5,870,990,870,0,0,990,494,49.8989898989899,488,49.2929292929293,6,0.606060606060606,0,0,0,0,6,-1742,0,1.13793103448276,0,0,0,0,0,0,0,0,0,0,753,4115,4040,4082,4089,-9,140707,-1584,120077,439,302,12,113875,112,1120,75,750,4117,4104,13,130,2827,269101,
7/8/2026 7:30:00 AM,+07:00,4116.3,4137.1,4114.7,4122.5,2282,2580,2282,0,0,2580,1257,48.7209302325581,1311,50.8139534883721,-54,-2.09302325581395,0,0,0,0,-54,-1796,0,1.13058720420684,0,0,0,0,0,0,0,0,0,0,753,4115,4040,4082,4089,-9,140707,-1584,120077,439,302,12,113875,112,1120,75,750,4117,4104,13,130,2827,269101,
7/8/2026 8:00:00 AM,+07:00,4122.8,4129,4109.5,4113.8,2880,3193,2880,0,0,3193,1540,48.2305042279988,1610,50.422799874726,-70,-2.19229564672722,0,0,0,0,-70,-1866,0,1.10868055555556,0,0,0,0,0,0,0,0,0,0,753,4115,4040,4082,4089,-9,140707,-1584,120077,439,302,12,113875,112,1120,75,750,4117,4104,13,130,2827,269101,
7/8/2026 8:30:00 AM,+07:00,4113.4,4123.8,4106.8,4122.3,1804,1988,1804,0,0,1988,1079,54.2756539235412,884,44.466800804829,195,9.80885311871228,0,0,0,0,195,-1671,0,1.1019955654102,0,0,0,0,0,0,0,0,0,0,753,4115,4040,4082,4089,-9,140707,-1584,120077,439,302,12,113875,112,1120,75,750,4117,4104,13,130,2827,269101,
7/8/2026 9:00:00 AM,+07:00,4122.2,4135.5,4116.5,4129.5,1826,2130,1826,0,0,2130,1046,49.1079812206573,1065,50,-19,-0.892018779342723,0,0,0,0,-19,-1690,0,1.16648411829135,0,0,0,0,0,0,0,0,0,0,753,4115,4040,4082,4089,-9,140707,-1584,120077,439,302,12,113875,112,1120,75,750,4117,4104,13,130,2827,269101,
7/8/2026 9:30:00 AM,+07:00,4129.5,4131.8,4124,4125,868,991,868,0,0,991,485,48.9404641775984,495,49.949545913219,-10,-1.00908173562059,0,0,0,0,-10,-1700,0,1.14170506912442,0,0,0,0,0,0,0,0,0,0,753,4115,4040,4082,4089,-9,140707,-1584,120077,439,302,12,113875,112,1120,75,750,4117,4104,13,130,2827,269101,
7/8/2026 10:00:00 AM,+07:00,4125.5,4142.3,4125.5,4141.3,1534,1841,1534,0,0,1841,846,45.9532862574688,963,52.3085279739272,-117,-6.35524171645845,0,0,0,0,-117,-1817,0,1.20013037809648,0,0,0,0,0,0,0,0,0,0,753,4115,4040,4082,4089,-9,140707,-1584,120077,439,302,12,113875,112,1120,75,750,4117,4104,13,130,2827,269101,
7/8/2026 10:30:00 AM,+07:00,4141.4,4142.3,4133.5,4134.3,711,884,711,0,0,884,483,54.6380090497738,395,44.683257918552,88,9.95475113122172,0,0,0,0,88,-1729,0,1.24331926863572,0,0,0,0,0,0,0,0,0,0,753,4115,4040,4082,4089,-9,140707,-1584,120077,439,302,12,113875,112,1120,75,750,4117,4104,13,130,2827,269101,
7/8/2026 11:00:00 AM,+07:00,4134.2,4139.4,4131.4,4136.6,1356,1563,1356,0,0,1563,696,44.5297504798464,864,55.278310940499,-168,-10.7485604606526,0,0,0,0,-168,-1897,0,1.15265486725664,0,0,0,0,0,0,0,0,0,0,753,4115,4040,4082,4089,-9,140707,-1584,120077,439,302,12,113875,112,1120,75,750,4117,4104,13,130,2827,269101,
7/8/2026 11:30:00 AM,+07:00,4136.6,4139.1,4132.9,4135.9,700,761,700,0,0,761,395,51.9053876478318,352,46.2549277266754,43,5.65045992115637,0,0,0,0,43,-1854,0,1.08714285714286,0,0,0,0,0,0,0,0,0,0,753,4115,4040,4082,4089,-9,140707,-1584,120077,439,302,12,113875,112,1120,75,750,4117,4104,13,130,2827,269101,
7/8/2026 12:00:00 PM,+07:00,4135.9,4144.6,4132.4,4132.5,1066,1122,1066,0,0,1122,571,50.891265597148,540,48.1283422459893,31,2.76292335115865,0,0,0,0,31,-1823,0,1.05253283302064,0,0,0,0,0,0,0,0,0,0,753,4115,4040,4082,4089,-9,140707,-1584,120077,439,302,12,113875,112,1120,75,750,4117,4104,13,130,2827,269101,
7/8/2026 12:30:00 PM,+07:00,4132.3,4142,4131.3,4138.5,946,1039,946,0,0,1039,528,50.818094321463,489,47.0644850818094,39,3.75360923965351,0,0,0,0,39,-1784,0,1.09830866807611,0,0,0,0,0,0,0,0,0,0,753,4115,4040,4082,4089,-9,140707,-1584,120077,439,302,12,113875,112,1120,75,750,4117,4104,13,130,2827,269101,
7/8/2026 1:00:00 PM,+07:00,4138.8,4144.7,4132.9,4140.9,1241,1403,1241,0,0,1403,672,47.8973627940128,722,51.4611546685674,-50,-3.56379187455453,0,0,0,0,-50,-1834,0,1.13053988718775,0,0,0,0,0,0,0,0,0,0,753,4115,4040,4082,4089,-9,140707,-1584,120077,439,302,12,113875,112,1120,75,750,4117,4104,13,130,2827,269101,
7/8/2026 1:30:00 PM,+07:00,4140.3,4140.5,4133.9,4134,1025,1139,1025,0,0,1139,514,45.1273046532046,611,53.6435469710272,-97,-8.51624231782265,0,0,0,0,-97,-1931,0,1.11121951219512,0,0,0,0,0,0,0,0,0,0,753,4115,4040,4082,4089,-9,140707,-1584,120077,439,302,12,113875,112,1120,75,750,4117,4104,13,130,2827,269101,
7/8/2026 2:00:00 PM,+07:00,4134.4,4135.8,4125.4,4131.5,1490,1655,1490,0,0,1655,736,44.4712990936556,873,52.7492447129909,-137,-8.27794561933535,0,0,0,0,-137,-2068,0,1.11073825503356,0,0,0,0,0,0,0,0,0,0,753,4115,4040,4082,4089,-9,140707,-1584,120077,439,302,12,113875,112,1120,75,750,4117,4104,13,130,2827,269101,
7/8/2026 2:30:00 PM,+07:00,4131.9,4139,4129,4132,1314,1629,1314,0,0,1629,793,48.6801718845918,812,49.8465316144874,-19,-1.16635972989564,0,0,0,0,-19,-2087,0,1.23972602739726,0,0,0,0,0,0,0,0,0,0,753,4115,4040,4082,4089,-9,140707,-1584,120077,439,302,12,113875,112,1120,75,750,4117,4104,13,130,2827,269101,
7/8/2026 3:00:00 PM,+07:00,4132,4132.5,4090.9,4099.5,6465,7822,6465,0,0,7822,3529,45.1163385323447,4192,53.5924316031705,-663,-8.47609307082588,0,0,0,0,-663,-2750,0,1.20989945862336,0,0,0,0,0,0,0,0,0,0,753,4115,4040,4082,4089,-9,140707,-1584,120077,439,302,12,113875,112,1120,75,750,4117,4104,13,130,2827,269101,
7/8/2026 3:30:00 PM,+07:00,4099.5,4102.8,4062.2,4066.8,7980,10367,7980,0,0,10367,4506,43.4648403588309,5666,54.6541911835632,-1160,-11.1893508247323,0,0,0,0,-1160,-3910,0,1.29912280701754,0,0,0,0,0,0,0,0,0,0,753,4115,4040,4082,4089,-9,140707,-1584,120077,439,302,12,113875,112,1120,75,750,4117,4104,13,130,2827,269101,
7/8/2026 4:00:00 PM,+07:00,4066.6,4071.3,4060.4,4066.8,3414,4174,3414,0,0,4174,1986,47.5802587446095,2121,50.8145663632008,-135,-3.23430761859128,0,0,0,0,-135,-4045,0,1.22261277094318,0,0,0,0,0,0,0,0,0,0,753,4115,4040,4082,4089,-9,140707,-1584,120077,439,302,12,113875,112,1120,75,750,4117,4104,13,130,2827,269101,
7/8/2026 4:30:00 PM,+07:00,4067,4068.9,4051.6,4053.1,3517,4329,3517,0,0,4329,1804,41.6724416724417,2442,56.4102564102564,-638,-14.7378147378147,0,0,0,0,-638,-4683,0,1.23087858970714,0,0,0,0,0,0,0,0,0,0,753,4115,4040,4082,4089,-9,140707,-1584,120077,439,302,12,113875,112,1120,75,750,4117,4104,13,130,2827,269101,
7/8/2026 5:00:00 PM,+07:00,4053.5,4066.1,4050,4061,2949,3537,2949,0,0,3537,1944,54.9618320610687,1557,44.0203562340967,387,10.941475826972,0,0,0,0,387,-4296,0,1.19938962360122,0,0,0,0,0,0,0,0,0,0,753,4115,4040,4082,4089,-9,140707,-1584,120077,439,302,12,113875,112,1120,75,750,4117,4104,13,130,2827,269101,
7/8/2026 5:30:00 PM,+07:00,4060.6,4069,4060.2,4062.9,1598,1864,1598,0,0,1864,970,52.0386266094421,836,44.8497854077253,134,7.18884120171674,0,0,0,0,134,-4162,0,1.16645807259074,0,0,0,0,0,0,0,0,0,0,753,4115,4040,4082,4089,-9,140707,-1584,120077,439,302,12,113875,112,1120,75,750,4117,4104,13,130,2827,269101,
7/8/2026 6:00:00 PM,+07:00,4062.9,4067.2,4057.5,4060.5,1836,2003,1836,0,0,2003,1070,53.4198701947079,892,44.5332001997004,178,8.88666999500749,0,0,0,0,178,-3984,0,1.09095860566449,0,0,0,0,0,0,0,0,0,0,753,4115,4040,4082,4089,-9,140707,-1584,120077,439,302,12,113875,112,1120,75,750,4117,4104,13,130,2827,269101,
7/8/2026 6:30:00 PM,+07:00,4060,4083,4051.5,4072.3,4821,5653,4821,0,0,5653,2994,52.9630284804529,2571,45.4802759596674,423,7.48275252078542,0,0,0,0,423,-3561,0,1.17257830325659,0,0,0,0,0,0,0,0,0,0,753,4115,4040,4082,4089,-9,140707,-1584,120077,439,302,12,113875,112,1120,75,750,4117,4104,13,130,2827,269101,
7/8/2026 7:00:00 PM,+07:00,4071.9,4087.6,4068.5,4081,3328,3926,3328,0,0,3926,2055,52.3433520122262,1781,45.364238410596,274,6.97911360163016,0,0,0,0,274,-3287,0,1.1796875,0,0,0,0,0,0,0,0,0,0,753,4115,4040,4082,4089,-9,140707,-1584,120077,439,302,12,113875,112,1120,75,750,4117,4104,13,130,2827,269101,
7/8/2026 7:30:00 PM,+07:00,4080.9,4096.8,4077.9,4082.9,4594,5353,4594,0,0,5353,2881,53.8202876891463,2373,44.3302820848123,508,9.49000560433402,0,0,0,0,508,-2779,0,1.16521549847627,0,0,0,0,0,0,0,0,0,0,753,4115,4040,4082,4089,-9,140707,-1584,120077,439,302,12,113875,112,1120,75,750,4117,4104,13,130,2827,269101,
7/8/2026 8:00:00 PM,+07:00,4082.5,4093.8,4075.8,4077.5,4378,5197,4378,0,0,5197,2699,51.9338079661343,2436,46.8731960746585,263,5.06061189147585,0,0,0,0,263,-2516,0,1.1870717222476,0,0,0,0,0,0,0,0,0,0,753,4115,4040,4082,4089,-9,140707,-1584,120077,439,302,12,113875,112,1120,75,750,4117,4104,13,130,2827,269101,
7/8/2026 8:30:00 PM,+07:00,4077.5,4091.5,4077.4,4081.6,3978,4530,3978,0,0,4530,2240,49.4481236203091,2193,48.4105960264901,47,1.03752759381898,0,0,0,0,47,-2469,0,1.13876319758673,0,0,0,0,0,0,0,0,0,0,753,4115,4040,4082,4089,-9,140707,-1584,120077,439,302,12,113875,112,1120,75,750,4117,4104,13,130,2827,269101,
7/8/2026 9:00:00 PM,+07:00,4081.1,4082,4062,4071.5,6229,7292,6229,0,0,7292,3601,49.3828853538124,3567,48.9166209544706,34,0.466264399341744,0,0,0,0,34,-2435,0,1.17065339540857,0,0,0,0,0,0,0,0,0,0,753,4115,4040,4082,4089,-9,140707,-1584,120077,439,302,12,113875,112,1120,75,750,4117,4104,13,130,2827,269101,
7/8/2026 9:30:00 PM,+07:00,4071,4072.4,4044,4051.8,7215,8317,7215,0,0,8317,3827,46.0141878081039,4341,52.1943008296261,-514,-6.18011302152218,0,0,0,0,-514,-2949,0,1.15273735273735,0,0,0,0,0,0,0,0,0,0,753,4115,4040,4082,4089,-9,140707,-1584,120077,439,302,12,113875,112,1120,75,750,4117,4104,13,130,2827,269101,
7/8/2026 10:00:00 PM,+07:00,4052,4054.3,4036.7,4041.5,4860,5814,4860,0,0,5814,2479,42.6384588923289,3241,55.7447540419677,-762,-13.1062951496388,0,0,0,0,-762,-3711,0,1.1962962962963,0,0,0,0,0,0,0,0,0,0,753,4115,4040,4082,4089,-9,140707,-1584,120077,439,302,12,113875,112,1120,75,750,4117,4104,13,130,2827,269101,
7/8/2026 10:30:00 PM,+07:00,4042,4048.6,4032.5,4044.1,4205,4810,4205,0,0,4810,2543,52.8690228690229,2181,45.3430353430353,362,7.52598752598753,0,0,0,0,362,-3349,0,1.14387633769322,0,0,0,0,0,0,0,0,0,0,753,4115,4040,4082,4089,-9,140707,-1584,120077,439,302,12,113875,112,1120,75,750,4117,4104,13,130,2827,269101,
7/8/2026 11:00:00 PM,+07:00,4044.5,4055.9,4043.4,4053.9,2504,2929,2504,0,0,2929,1565,53.4312051894845,1322,45.1348583134175,243,8.29634687606692,0,0,0,0,243,-3106,0,1.16972843450479,0,0,0,0,0,0,0,0,0,0,753,4115,4040,4082,4089,-9,140707,-1584,120077,439,302,12,113875,112,1120,75,750,4117,4104,13,130,2827,269101,
7/8/2026 11:30:00 PM,+07:00,4053.6,4075,4049.5,4073.9,4089,4601,4089,0,0,4601,2326,50.5542273418822,2099,45.6205172788524,227,4.93371006302978,0,0,0,0,227,-2879,0,1.12521398875031,0,0,0,0,0,0,0,0,0,0,753,4115,4040,4082,4089,-9,140707,-1584,120077,439,302,12,113875,112,1120,75,750,4117,4104,13,130,2827,269101,
7/9/2026 12:00:00 AM,+07:00,4073.9,4084.7,4069.4,4083.4,4024,4428,4024,0,0,4428,2152,48.5998193315267,2206,49.8193315266486,-54,-1.21951219512195,0,0,0,0,-54,-54,0,1.10039761431412,0,0,0,0,0,0,0,0,0,0,753,4115,4040,4082,4089,-9,140707,-1584,120077,439,302,12,113875,112,1120,75,750,4117,4104,13,130,2827,269101,
7/9/2026 12:30:00 AM,+07:00,4083.5,4086.9,4074.7,4076.4,1810,2089,1810,0,0,2089,846,40.4978458592628,1186,56.7735758736237,-340,-16.2757300143609,0,0,0,0,-340,-394,0,1.15414364640884,0,0,0,0,0,0,0,0,0,0,753,4115,4040,4082,4089,-9,140707,-1584,120077,439,302,12,113875,112,1120,75,750,4117,4104,13,130,2827,269101,
7/9/2026 1:00:00 AM,+07:00,4075.8,4086.4,4073.8,4080.8,1931,2258,1931,0,0,2258,1081,47.8742249778565,1121,49.6457041629761,-40,-1.77147918511958,0,0,0,0,-40,-434,0,1.1693423096841,0,0,0,0,0,0,0,0,0,0,753,4115,4040,4082,4089,-9,140707,-1584,120077,439,302,12,113875,112,1120,75,750,4117,4104,13,130,2827,269101,
7/9/2026 1:30:00 AM,+07:00,4080.5,4101.6,4077.6,4094.1,2294,2626,2294,0,0,2626,1393,53.046458492003,1212,46.1538461538462,181,6.89261233815689,0,0,0,0,181,-253,0,1.14472537053182,0,0,0,0,0,0,0,0,0,0,753,4115,4040,4082,4089,-9,140707,-1584,120077,439,302,12,113875,112,1120,75,750,4117,4104,13,130,2827,269101,
7/9/2026 2:00:00 AM,+07:00,4095,4101,4094.7,4098.5,1167,1234,1167,0,0,1234,618,50.0810372771475,604,48.9465153970827,14,1.13452188006483,0,0,0,0,14,-239,0,1.05741216795201,0,0,0,0,0,0,0,0,0,0,753,4115,4040,4082,4089,-9,140707,-1584,120077,439,302,12,113875,112,1120,75,750,4117,4104,13,130,2827,269101,
7/9/2026 2:30:00 AM,+07:00,4098.6,4101.4,4088.5,4090.2,2200,2454,2200,0,0,2454,1250,50.9372453137734,1146,46.6992665036675,104,4.23797881010595,0,0,0,0,104,-135,0,1.11545454545455,0,0,0,0,0,0,0,0,0,0,753,4115,4040,4082,4089,-9,140707,-1584,120077,439,302,12,113875,112,1120,75,750,4117,4104,13,130,2827,269101,
7/9/2026 3:00:00 AM,+07:00,4090.5,4093.5,4084.1,4086.6,1250,1567,1250,0,0,1567,729,46.5220165922144,816,52.0740268028079,-87,-5.55201021059349,0,0,0,0,-87,-222,0,1.2536,0,0,0,0,0,0,0,0,0,0,753,4115,4040,4082,4089,-9,140707,-1584,120077,439,302,12,113875,112,1120,75,750,4117,4104,13,130,2827,269101,
7/9/2026 3:30:00 AM,+07:00,4086.7,4089.8,4081.4,4086.6,742,821,742,0,0,821,373,45.4323995127893,436,53.1059683313033,-63,-7.67356881851401,0,0,0,0,-63,-285,0,1.10646900269542,0,0,0,0,0,0,0,0,0,0,753,4115,4040,4082,4089,-9,140707,-1584,120077,439,302,12,113875,112,1120,75,750,4117,4104,13,130,2827,269101,
7/9/2026 5:00:00 AM,+07:00,4087.6,4089.2,4081.2,4083.8,726,750,726,0,0,750,295,39.3333333333333,450,60,-155,-20.6666666666667,0,0,0,0,-155,-440,0,1.03305785123967,0,0,0,0,0,0,0,0,0,0,531,4148,4088,4117,4106,20,84909,-85,74912,234,284,13,67872,85,850,60,600,4090,4081,9,90,1353,261293,
7/9/2026 5:30:00 AM,+07:00,4084,4089.6,4083,4085.7,547,603,547,0,0,603,267,44.2786069651741,332,55.0580431177446,-65,-10.7794361525705,0,0,0,0,-65,-505,0,1.10237659963437,0,0,0,0,0,0,0,0,0,0,531,4148,4088,4117,4106,20,84909,-85,74912,234,284,13,67872,85,850,60,600,4090,4081,9,90,1353,261293,
7/9/2026 6:00:00 AM,+07:00,4086.3,4087.5,4083.6,4086.9,275,284,275,0,0,284,103,36.2676056338028,180,63.3802816901408,-77,-27.112676056338,0,0,0,0,-77,-582,0,1.03272727272727,0,0,0,0,0,0,0,0,0,0,531,4148,4088,4117,4106,20,84909,-85,74912,234,284,13,67872,85,850,60,600,4090,4081,9,90,1353,261293,
7/9/2026 6:30:00 AM,+07:00,4086.8,4087.4,4081.1,4085.6,537,594,537,0,0,594,256,43.0976430976431,329,55.3872053872054,-73,-12.2895622895623,0,0,0,0,-73,-655,0,1.10614525139665,0,0,0,0,0,0,0,0,0,0,531,4148,4088,4117,4106,20,84909,-85,74912,234,284,13,67872,85,850,60,600,4090,4081,9,90,1353,261293,
7/9/2026 7:00:00 AM,+07:00,4087.5,4099.1,4083.6,4087.4,1640,1787,1640,0,0,1787,845,47.2859541130386,931,52.0984890878568,-86,-4.81253497481813,0,0,0,0,-86,-741,0,1.08963414634146,0,0,0,0,0,0,0,0,0,0,531,4148,4088,4117,4106,20,84909,-85,74912,234,284,13,67872,85,850,60,600,4090,4081,9,90,1353,261293,
7/9/2026 7:30:00 AM,+07:00,4087.9,4091.1,4079.2,4082.8,1162,1236,1162,0,0,1236,566,45.7928802588997,664,53.7216828478964,-98,-7.92880258899676,0,0,0,0,-98,-839,0,1.06368330464716,0,0,0,0,0,0,0,0,0,0,531,4148,4088,4117,4106,20,84909,-85,74912,234,284,13,67872,85,850,60,600,4090,4081,9,90,1353,261293,
7/9/2026 8:00:00 AM,+07:00,4083.2,4088.2,4074.1,4075.9,1854,2086,1854,0,0,2086,957,45.8772770853308,1112,53.3077660594439,-155,-7.43048897411314,0,0,0,0,-155,-994,0,1.12513484358145,0,0,0,0,0,0,0,0,0,0,531,4148,4088,4117,4106,20,84909,-85,74912,234,284,13,67872,85,850,60,600,4090,4081,9,90,1353,261293,
7/9/2026 8:30:00 AM,+07:00,4076.4,4085.2,4071.4,4081.8,1579,1829,1579,0,0,1829,956,52.2689994532531,870,47.5669764898852,86,4.70202296336796,0,0,0,0,86,-908,0,1.15832805573148,0,0,0,0,0,0,0,0,0,0,531,4148,4088,4117,4106,20,84909,-85,74912,234,284,13,67872,85,850,60,600,4090,4081,9,90,1353,261293,
7/9/2026 9:00:00 AM,+07:00,4081.9,4091.9,4080.8,4089.3,1306,1557,1306,0,0,1557,834,53.5645472061657,715,45.9216441875401,119,7.64290301862556,0,0,0,0,119,-789,0,1.19218989280245,0,0,0,0,0,0,0,0,0,0,531,4148,4088,4117,4106,20,84909,-85,74912,234,284,13,67872,85,850,60,600,4090,4081,9,90,1353,261293,
7/9/2026 9:30:00 AM,+07:00,4089.3,4090.6,4073.1,4073.8,1437,1658,1437,0,0,1658,695,41.9179734620024,954,57.5392038600724,-259,-15.62123039807,0,0,0,0,-259,-1048,0,1.15379262352122,0,0,0,0,0,0,0,0,0,0,531,4148,4088,4117,4106,20,84909,-85,74912,234,284,13,67872,85,850,60,600,4090,4081,9,90,1353,261293,
7/9/2026 10:00:00 AM,+07:00,4073.4,4076.3,4063.4,4067.4,1328,1530,1328,0,0,1530,723,47.2549019607843,800,52.2875816993464,-77,-5.03267973856209,0,0,0,0,-77,-1125,0,1.15210843373494,0,0,0,0,0,0,0,0,0,0,531,4148,4088,4117,4106,20,84909,-85,74912,234,284,13,67872,85,850,60,600,4090,4081,9,90,1353,261293,
7/9/2026 10:30:00 AM,+07:00,4067,4073.5,4065.6,4073.5,514,577,514,0,0,577,283,49.0467937608319,244,42.2876949740035,39,6.75909878682842,0,0,0,0,39,-1086,0,1.12256809338521,0,0,0,0,0,0,0,0,0,0,531,4148,4088,4117,4106,20,84909,-85,74912,234,284,13,67872,85,850,60,600,4090,4081,9,90,1353,261293,
7/9/2026 11:00:00 AM,+07:00,4073.6,4073.6,4066.5,4067.5,607,748,607,0,0,748,380,50.8021390374332,359,47.9946524064171,21,2.80748663101604,0,0,0,0,21,-1065,0,1.23228995057661,0,0,0,0,0,0,0,0,0,0,531,4148,4088,4117,4106,20,84909,-85,74912,234,284,13,67872,85,850,60,600,4090,4081,9,90,1353,261293,
7/9/2026 11:30:00 AM,+07:00,4068,4073.7,4065.9,4073.7,1043,1201,1043,0,0,1201,595,49.5420482930891,599,49.8751040799334,-4,-0.333055786844296,0,0,0,0,-4,-1069,0,1.15148609779482,0,0,0,0,0,0,0,0,0,0,531,4148,4088,4117,4106,20,84909,-85,74912,234,284,13,67872,85,850,60,600,4090,4081,9,90,1353,261293,
7/9/2026 12:00:00 PM,+07:00,4073.7,4085.3,4073,4081.4,1962,2273,1962,0,0,2273,1259,55.3893532776067,945,41.5750109986802,314,13.8143422789265,0,0,0,0,314,-755,0,1.15851172273191,0,0,0,0,0,0,0,0,0,0,531,4148,4088,4117,4106,20,84909,-85,74912,234,284,13,67872,85,850,60,600,4090,4081,9,90,1353,261293,
7/9/2026 12:30:00 PM,+07:00,4082,4093.8,4073.8,4091.4,2099,2492,2099,0,0,2492,1198,48.0738362760835,1261,50.6019261637239,-63,-2.52808988764045,0,0,0,0,-63,-818,0,1.18723201524535,0,0,0,0,0,0,0,0,0,0,531,4148,4088,4117,4106,20,84909,-85,74912,234,284,13,67872,85,850,60,600,4090,4081,9,90,1353,261293,
7/9/2026 1:00:00 PM,+07:00,4091.3,4112.6,4090.8,4111.2,3230,3526,3230,0,0,3526,1841,52.2121384004538,1660,47.0788428814521,181,5.1332955190017,0,0,0,0,181,-637,0,1.09164086687306,0,0,0,0,0,0,0,0,0,0,531,4148,4088,4117,4106,20,84909,-85,74912,234,284,13,67872,85,850,60,600,4090,4081,9,90,1353,261293,
7/9/2026 1:30:00 PM,+07:00,4111.8,4117.7,4105.6,4117.7,2121,2364,2121,0,0,2364,1190,50.3384094754653,1117,47.2504230118443,73,3.08798646362098,0,0,0,0,73,-564,0,1.11456859971711,0,0,0,0,0,0,0,0,0,0,531,4148,4088,4117,4106,20,84909,-85,74912,234,284,13,67872,85,850,60,600,4090,4081,9,90,1353,261293,
7/9/2026 2:00:00 PM,+07:00,4117.3,4119.9,4111.3,4118.6,1752,2082,1752,0,0,2082,1029,49.4236311239193,1023,49.135446685879,6,0.288184438040346,0,0,0,0,6,-558,0,1.18835616438356,0,0,0,0,0,0,0,0,0,0,531,4148,4088,4117,4106,20,84909,-85,74912,234,284,13,67872,85,850,60,600,4090,4081,9,90,1353,261293,
7/9/2026 2:30:00 PM,+07:00,4118.6,4121,4113.3,4117.9,1400,1587,1400,0,0,1587,717,45.179584120983,860,54.1902961562697,-143,-9.0107120352867,0,0,0,0,-143,-701,0,1.13357142857143,0,0,0,0,0,0,0,0,0,0,531,4148,4088,4117,4106,20,84909,-85,74912,234,284,13,67872,85,850,60,600,4090,4081,9,90,1353,261293,
7/9/2026 3:00:00 PM,+07:00,4117.9,4127.4,4115,4124.4,1593,1765,1593,0,0,1765,926,52.4645892351275,824,46.685552407932,102,5.77903682719547,0,0,0,0,102,-599,0,1.10797237915882,0,0,0,0,0,0,0,0,0,0,531,4148,4088,4117,4106,20,84909,-85,74912,234,284,13,67872,85,850,60,600,4090,4081,9,90,1353,261293,
7/9/2026 3:30:00 PM,+07:00,4124.2,4126,4116.8,4117.9,1230,1426,1230,0,0,1426,568,39.8316970546985,840,58.90603085554,-272,-19.0743338008415,0,0,0,0,-272,-871,0,1.15934959349594,0,0,0,0,0,0,0,0,0,0,531,4148,4088,4117,4106,20,84909,-85,74912,234,284,13,67872,85,850,60,600,4090,4081,9,90,1353,261293,
7/9/2026 4:00:00 PM,+07:00,4118,4121.4,4115.2,4117.5,1052,1210,1052,0,0,1210,574,47.4380165289256,633,52.3140495867769,-59,-4.87603305785124,0,0,0,0,-59,-930,0,1.15019011406844,0,0,0,0,0,0,0,0,0,0,531,4148,4088,4117,4106,20,84909,-85,74912,234,284,13,67872,85,850,60,600,4090,4081,9,90,1353,261293,
7/9/2026 4:30:00 PM,+07:00,4117.5,4119.5,4112.6,4115.7,1129,1313,1129,0,0,1313,617,46.991622239147,689,52.4752475247525,-72,-5.48362528560548,0,0,0,0,-72,-1002,0,1.162976085031,0,0,0,0,0,0,0,0,0,0,531,4148,4088,4117,4106,20,84909,-85,74912,234,284,13,67872,85,850,60,600,4090,4081,9,90,1353,261293,
7/9/2026 5:00:00 PM,+07:00,4115.8,4119.2,4113.4,4113.8,744,849,744,0,0,849,404,47.585394581861,440,51.8256772673734,-36,-4.24028268551237,0,0,0,0,-36,-1038,0,1.14112903225806,0,0,0,0,0,0,0,0,0,0,531,4148,4088,4117,4106,20,84909,-85,74912,234,284,13,67872,85,850,60,600,4090,4081,9,90,1353,261293,
7/9/2026 5:30:00 PM,+07:00,4113.2,4114.6,4102.8,4108,1906,2419,1906,0,0,2419,1141,47.1682513435304,1253,51.7982637453493,-112,-4.63001240181893,0,0,0,0,-112,-1150,0,1.2691500524659,0,0,0,0,0,0,0,0,0,0,531,4148,4088,4117,4106,20,84909,-85,74912,234,284,13,67872,85,850,60,600,4090,4081,9,90,1353,261293,
7/9/2026 6:00:00 PM,+07:00,4108.2,4116.8,4106.9,4109.5,1295,1436,1295,0,0,1436,744,51.8105849582173,678,47.2144846796657,66,4.59610027855153,0,0,0,0,66,-1084,0,1.10888030888031,0,0,0,0,0,0,0,0,0,0,531,4148,4088,4117,4106,20,84909,-85,74912,234,284,13,67872,85,850,60,600,4090,4081,9,90,1353,261293,
7/9/2026 6:30:00 PM,+07:00,4109.8,4120.4,4108.2,4118.7,1798,2127,1798,0,0,2127,975,45.8392101551481,1121,52.7033380347908,-146,-6.86412787964269,0,0,0,0,-146,-1230,0,1.18298109010011,0,0,0,0,0,0,0,0,0,0,531,4148,4088,4117,4106,20,84909,-85,74912,234,284,13,67872,85,850,60,600,4090,4081,9,90,1353,261293,
7/9/2026 7:00:00 PM,+07:00,4118.7,4130.3,4114.8,4116.7,2744,3186,2744,0,0,3186,1506,47.2693032015066,1652,51.8518518518518,-146,-4.58254865034526,0,0,0,0,-146,-1376,0,1.16107871720117,0,0,0,0,0,0,0,0,0,0,531,4148,4088,4117,4106,20,84909,-85,74912,234,284,13,67872,85,850,60,600,4090,4081,9,90,1353,261293,
7/9/2026 7:30:00 PM,+07:00,4117,4132.4,4116.3,4117.7,3840,4394,3840,0,0,4394,2167,49.3172507965407,2172,49.4310423304506,-5,-0.113791533909877,0,0,0,0,-5,-1381,0,1.14427083333333,0,0,0,0,0,0,0,0,0,0,531,4148,4088,4117,4106,20,84909,-85,74912,234,284,13,67872,85,850,60,600,4090,4081,9,90,1353,261293,
7/9/2026 8:00:00 PM,+07:00,4117.5,4137.3,4116.6,4135.7,3397,3803,3397,0,0,3803,2019,53.089666053116,1737,45.6744675256376,282,7.41519852747831,0,0,0,0,282,-1099,0,1.11951722107742,0,0,0,0,0,0,0,0,0,0,531,4148,4088,4117,4106,20,84909,-85,74912,234,284,13,67872,85,850,60,600,4090,4081,9,90,1353,261293,
7/9/2026 8:30:00 PM,+07:00,4136.1,4139.6,4127.6,4131.7,4066,4577,4066,0,0,4577,2234,48.8092637098536,2257,49.3117762726677,-23,-0.50251256281407,0,0,0,0,-23,-1122,0,1.12567634038367,0,0,0,0,0,0,0,0,0,0,531,4148,4088,4117,4106,20,84909,-85,74912,234,284,13,67872,85,850,60,600,4090,4081,9,90,1353,261293,
7/9/2026 9:00:00 PM,+07:00,4131.3,4147.4,4123.7,4134.3,5509,6314,5509,0,0,6314,3211,50.855242318657,3033,48.0361102312322,178,2.81913208742477,0,0,0,0,178,-944,0,1.14612452350699,0,0,0,0,0,0,0,0,0,0,531,4148,4088,4117,4106,20,84909,-85,74912,234,284,13,67872,85,850,60,600,4090,4081,9,90,1353,261293,
7/9/2026 9:30:00 PM,+07:00,4134.7,4138,4127.9,4137.3,1891,2104,1891,0,0,2104,1121,53.2794676806084,965,45.8650190114068,156,7.41444866920152,0,0,0,0,156,-788,0,1.11263881544157,0,0,0,0,0,0,0,0,0,0,531,4148,4088,4117,4106,20,84909,-85,74912,234,284,13,67872,85,850,60,600,4090,4081,9,90,1353,261293,
7/9/2026 10:00:00 PM,+07:00,4137.7,4140.8,4134.6,4137.7,1862,2063,1862,0,0,2063,1044,50.6059137178866,988,47.8914202617547,56,2.71449345613185,0,0,0,0,56,-732,0,1.10794844253491,0,0,0,0,0,0,0,0,0,0,531,4148,4088,4117,4106,20,84909,-85,74912,234,284,13,67872,85,850,60,600,4090,4081,9,90,1353,261293,
7/9/2026 10:30:00 PM,+07:00,4137.5,4143,4136.1,4136.4,1402,1549,1402,0,0,1549,755,48.7411233053583,778,50.2259522272434,-23,-1.48482892188509,0,0,0,0,-23,-755,0,1.10485021398003,0,0,0,0,0,0,0,0,0,0,531,4148,4088,4117,4106,20,84909,-85,74912,234,284,13,67872,85,850,60,600,4090,4081,9,90,1353,261293,
7/9/2026 11:00:00 PM,+07:00,4136.8,4143.6,4135.4,4142.9,1449,1580,1449,0,0,1580,850,53.7974683544304,710,44.9367088607595,140,8.86075949367089,0,0,0,0,140,-615,0,1.0904071773637,0,0,0,0,0,0,0,0,0,0,531,4148,4088,4117,4106,20,84909,-85,74912,234,284,13,67872,85,850,60,600,4090,4081,9,90,1353,261293,
7/9/2026 11:30:00 PM,+07:00,4142.3,4148.4,4137.7,4137.7,1791,1960,1791,0,0,1960,1028,52.4489795918367,901,45.969387755102,127,6.47959183673469,0,0,0,0,127,-488,0,1.09436069235064,0,0,0,0,0,0,0,0,0,0,531,4148,4088,4117,4106,20,84909,-85,74912,234,284,13,67872,85,850,60,600,4090,4081,9,90,1353,261293,
7/10/2026 12:00:00 AM,+07:00,4137.8,4141.9,4134.5,4141.6,2448,2681,2448,0,0,2681,1366,50.9511376352107,1243,46.3632972771354,123,4.58784035807534,0,0,0,0,123,123,0,1.09517973856209,0,0,0,0,0,0,0,0,0,0,531,4148,4088,4117,4106,20,84909,-85,74912,234,284,13,67872,85,850,60,600,4090,4081,9,90,1353,261293,
7/10/2026 12:30:00 AM,+07:00,4141.7,4148.3,4139.1,4146.1,1726,1905,1726,0,0,1905,931,48.8713910761155,924,48.503937007874,7,0.36745406824147,0,0,0,0,7,130,0,1.10370799536501,0,0,0,0,0,0,0,0,0,0,531,4148,4088,4117,4106,20,84909,-85,74912,234,284,13,67872,85,850,60,600,4090,4081,9,90,1353,261293,
7/10/2026 1:00:00 AM,+07:00,4145.9,4146.5,4132.7,4133.8,1322,1450,1322,0,0,1450,660,45.5172413793104,765,52.7586206896552,-105,-7.24137931034483,0,0,0,0,-105,25,0,1.09682299546142,0,0,0,0,0,0,0,0,0,0,531,4148,4088,4117,4106,20,84909,-85,74912,234,284,13,67872,85,850,60,600,4090,4081,9,90,1353,261293,
7/10/2026 1:30:00 AM,+07:00,4133.8,4135.3,4131.1,4134.5,873,973,873,0,0,973,511,52.5179856115108,454,46.6598150051387,57,5.85817060637204,0,0,0,0,57,82,0,1.11454753722795,0,0,0,0,0,0,0,0,0,0,531,4148,4088,4117,4106,20,84909,-85,74912,234,284,13,67872,85,850,60,600,4090,4081,9,90,1353,261293,
7/10/2026 2:00:00 AM,+07:00,4134.1,4136.9,4130.3,4130.6,726,758,726,0,0,758,399,52.6385224274406,343,45.2506596306069,56,7.38786279683377,0,0,0,0,56,138,0,1.04407713498623,0,0,0,0,0,0,0,0,0,0,531,4148,4088,4117,4106,20,84909,-85,74912,234,284,13,67872,85,850,60,600,4090,4081,9,90,1353,261293,
7/10/2026 2:30:00 AM,+07:00,4130.6,4133.4,4128.3,4132.4,1227,1356,1227,0,0,1356,608,44.8377581120944,727,53.6135693215339,-119,-8.77581120943953,0,0,0,0,-119,19,0,1.10513447432763,0,0,0,0,0,0,0,0,0,0,531,4148,4088,4117,4106,20,84909,-85,74912,234,284,13,67872,85,850,60,600,4090,4081,9,90,1353,261293,
7/10/2026 3:00:00 AM,+07:00,4132.1,4133.9,4130,4130.6,340,354,340,0,0,354,148,41.8079096045198,200,56.4971751412429,-52,-14.6892655367232,0,0,0,0,-52,-33,0,1.04117647058824,0,0,0,0,0,0,0,0,0,0,531,4148,4088,4117,4106,20,84909,-85,74912,234,284,13,67872,85,850,60,600,4090,4081,9,90,1353,261293,
7/10/2026 3:30:00 AM,+07:00,4130.4,4135.1,4130.3,4132.6,433,593,433,0,0,593,370,62.3946037099494,219,36.9308600337268,151,25.4637436762226,0,0,0,0,151,118,0,1.36951501154734,0,0,0,0,0,0,0,0,0,0,531,4148,4088,4117,4106,20,84909,-85,74912,234,284,13,67872,85,850,60,600,4090,4081,9,90,1353,261293,
7/10/2026 5:00:00 AM,+07:00,4135.4,4136.8,4130.8,4132.6,502,532,502,0,0,532,233,43.796992481203,287,53.9473684210526,-54,-10.1503759398496,0,0,0,0,-54,64,0,1.0597609561753,0,0,0,0,0,0,0,0,0,0,505,4130,4106,4113,4114,-17,76536,-276,67900,317,165,23,57910,63,630,24,240,4137,4131,6,60,1100,251553,
7/10/2026 5:30:00 AM,+07:00,4132.1,4134,4130.5,4130.7,549,568,549,0,0,568,215,37.8521126760563,350,61.6197183098592,-135,-23.7676056338028,0,0,0,0,-135,-71,0,1.03460837887067,0,0,0,0,0,0,0,0,0,0,505,4130,4106,4113,4114,-17,76536,-276,67900,317,165,23,57910,63,630,24,240,4137,4131,6,60,1100,251553,
7/10/2026 6:00:00 AM,+07:00,4130.8,4134.2,4130.1,4131.4,366,383,366,0,0,383,167,43.6031331592689,210,54.8302872062663,-43,-11.2271540469974,0,0,0,0,-43,-114,0,1.04644808743169,0,0,0,0,0,0,0,0,0,0,505,4130,4106,4113,4114,-17,76536,-276,67900,317,165,23,57910,63,630,24,240,4137,4131,6,60,1100,251553,
7/10/2026 6:30:00 AM,+07:00,4131.2,4133.9,4130.1,4132.6,200,205,200,0,0,205,109,53.1707317073171,92,44.8780487804878,17,8.29268292682927,0,0,0,0,17,-97,0,1.025,0,0,0,0,0,0,0,0,0,0,505,4130,4106,4113,4114,-17,76536,-276,67900,317,165,23,57910,63,630,24,240,4137,4131,6,60,1100,251553,
7/10/2026 7:00:00 AM,+07:00,4132.5,4134.6,4125.8,4128.6,934,1043,934,0,0,1043,433,41.5148609779482,601,57.6222435282838,-168,-16.1073825503356,0,0,0,0,-168,-265,0,1.11670235546039,0,0,0,0,0,0,0,0,0,0,505,4130,4106,4113,4114,-17,76536,-276,67900,317,165,23,57910,63,630,24,240,4137,4131,6,60,1100,251553,
7/10/2026 7:30:00 AM,+07:00,4128.4,4137.8,4123.5,4135.8,1197,1386,1197,0,0,1386,684,49.3506493506494,691,49.8556998556999,-7,-0.505050505050505,0,0,0,0,-7,-272,0,1.15789473684211,0,0,0,0,0,0,0,0,0,0,505,4130,4106,4113,4114,-17,76536,-276,67900,317,165,23,57910,63,630,24,240,4137,4131,6,60,1100,251553,
7/10/2026 8:00:00 AM,+07:00,4136.2,4140.8,4128.1,4130.8,1513,1607,1513,0,0,1607,783,48.724331051649,777,48.3509645301805,6,0.373366521468575,0,0,0,0,6,-266,0,1.06212822207535,0,0,0,0,0,0,0,0,0,0,505,4130,4106,4113,4114,-17,76536,-276,67900,317,165,23,57910,63,630,24,240,4137,4131,6,60,1100,251553,
7/10/2026 8:30:00 AM,+07:00,4131.7,4133.2,4118.3,4127.1,1925,2354,1925,0,0,2354,1200,50.9770603228547,1139,48.3857264231096,61,2.59133389974511,0,0,0,0,61,-205,0,1.22285714285714,0,0,0,0,0,0,0,0,0,0,505,4130,4106,4113,4114,-17,76536,-276,67900,317,165,23,57910,63,630,24,240,4137,4131,6,60,1100,251553,
7/10/2026 9:00:00 AM,+07:00,4126.7,4138.6,4125.9,4135.8,1212,1348,1212,0,0,1348,665,49.3323442136499,677,50.2225519287834,-12,-0.890207715133531,0,0,0,0,-12,-217,0,1.11221122112211,0,0,0,0,0,0,0,0,0,0,505,4130,4106,4113,4114,-17,76536,-276,67900,317,165,23,57910,63,630,24,240,4137,4131,6,60,1100,251553,
7/10/2026 9:30:00 AM,+07:00,4135.3,4138.9,4131.2,4137.6,703,768,703,0,0,768,365,47.5260416666667,392,51.0416666666667,-27,-3.515625,0,0,0,0,-27,-244,0,1.09246088193457,0,0,0,0,0,0,0,0,0,0,505,4130,4106,4113,4114,-17,76536,-276,67900,317,165,23,57910,63,630,24,240,4137,4131,6,60,1100,251553,
7/10/2026 10:00:00 AM,+07:00,4137.5,4144.6,4130.4,4135.1,1757,1929,1757,0,0,1929,948,49.144634525661,963,49.9222395023328,-15,-0.777604976671851,0,0,0,0,-15,-259,0,1.09789413773478,0,0,0,0,0,0,0,0,0,0,505,4130,4106,4113,4114,-17,76536,-276,67900,317,165,23,57910,63,630,24,240,4137,4131,6,60,1100,251553,
7/10/2026 10:30:00 AM,+07:00,4134.7,4137.5,4128.9,4129.6,801,874,801,0,0,874,380,43.4782608695652,486,55.6064073226545,-106,-12.1281464530892,0,0,0,0,-106,-365,0,1.09113607990012,0,0,0,0,0,0,0,0,0,0,505,4130,4106,4113,4114,-17,76536,-276,67900,317,165,23,57910,63,630,24,240,4137,4131,6,60,1100,251553,
7/10/2026 11:00:00 AM,+07:00,4128.8,4130.5,4121.2,4126.5,1101,1223,1101,0,0,1223,620,50.6950122649223,589,48.1602616516762,31,2.53475061324612,0,0,0,0,31,-334,0,1.11080835603996,0,0,0,0,0,0,0,0,0,0,505,4130,4106,4113,4114,-17,76536,-276,67900,317,165,23,57910,63,630,24,240,4137,4131,6,60,1100,251553,
7/10/2026 11:30:00 AM,+07:00,4126.2,4128.8,4123.6,4123.9,377,409,377,0,0,409,201,49.1442542787286,208,50.8557457212714,-7,-1.71149144254279,0,0,0,0,-7,-341,0,1.08488063660477,0,0,0,0,0,0,0,0,0,0,505,4130,4106,4113,4114,-17,76536,-276,67900,317,165,23,57910,63,630,24,240,4137,4131,6,60,1100,251553,
7/10/2026 12:00:00 PM,+07:00,4124.1,4126,4121.7,4123,664,705,664,0,0,705,302,42.8368794326241,377,53.4751773049645,-75,-10.6382978723404,0,0,0,0,-75,-416,0,1.06174698795181,0,0,0,0,0,0,0,0,0,0,505,4130,4106,4113,4114,-17,76536,-276,67900,317,165,23,57910,63,630,24,240,4137,4131,6,60,1100,251553,
7/10/2026 12:30:00 PM,+07:00,4122.8,4126,4117,4125.5,1370,1468,1370,0,0,1468,687,46.7983651226158,750,51.0899182561308,-63,-4.29155313351499,0,0,0,0,-63,-479,0,1.07153284671533,0,0,0,0,0,0,0,0,0,0,505,4130,4106,4113,4114,-17,76536,-276,67900,317,165,23,57910,63,630,24,240,4137,4131,6,60,1100,251553,
7/10/2026 1:00:00 PM,+07:00,4125.5,4129,4122.5,4123.4,960,1076,960,0,0,1076,547,50.8364312267658,516,47.9553903345725,31,2.88104089219331,0,0,0,0,31,-448,0,1.12083333333333,0,0,0,0,0,0,0,0,0,0,505,4130,4106,4113,4114,-17,76536,-276,67900,317,165,23,57910,63,630,24,240,4137,4131,6,60,1100,251553,
7/10/2026 1:30:00 PM,+07:00,4123.3,4125.1,4120,4120.6,918,1056,918,0,0,1056,514,48.6742424242424,533,50.4734848484848,-19,-1.79924242424242,0,0,0,0,-19,-467,0,1.15032679738562,0,0,0,0,0,0,0,0,0,0,505,4130,4106,4113,4114,-17,76536,-276,67900,317,165,23,57910,63,630,24,240,4137,4131,6,60,1100,251553,
7/10/2026 2:00:00 PM,+07:00,4120.3,4124.4,4117.5,4121.5,1101,1228,1101,0,0,1228,644,52.442996742671,568,46.2540716612378,76,6.18892508143322,0,0,0,0,76,-391,0,1.11534968210718,0,0,0,0,0,0,0,0,0,0,505,4130,4106,4113,4114,-17,76536,-276,67900,317,165,23,57910,63,630,24,240,4137,4131,6,60,1100,251553,
7/10/2026 2:30:00 PM,+07:00,4121.7,4123.5,4113,4117.9,1321,1515,1321,0,0,1515,694,45.8085808580858,810,53.4653465346535,-116,-7.65676567656766,0,0,0,0,-116,-507,0,1.14685844057532,0,0,0,0,0,0,0,0,0,0,505,4130,4106,4113,4114,-17,76536,-276,67900,317,165,23,57910,63,630,24,240,4137,4131,6,60,1100,251553,
7/10/2026 3:00:00 PM,+07:00,4117.6,4118.3,4111.8,4113.1,1119,1243,1119,0,0,1243,587,47.2244569589702,637,51.2469831053902,-50,-4.02252614641995,0,0,0,0,-50,-557,0,1.11081322609473,0,0,0,0,0,0,0,0,0,0,505,4130,4106,4113,4114,-17,76536,-276,67900,317,165,23,57910,63,630,24,240,4137,4131,6,60,1100,251553,
7/10/2026 3:30:00 PM,+07:00,4112.7,4114.3,4103.3,4106.5,1815,2059,1815,0,0,2059,931,45.2161243322001,1061,51.5298688683827,-130,-6.31374453618261,0,0,0,0,-130,-687,0,1.13443526170799,0,0,0,0,0,0,0,0,0,0,505,4130,4106,4113,4114,-17,76536,-276,67900,317,165,23,57910,63,630,24,240,4137,4131,6,60,1100,251553,
7/10/2026 4:00:00 PM,+07:00,4106.5,4112.7,4103,4111.7,1548,1774,1548,0,0,1774,805,45.3776775648253,909,51.2401352874859,-104,-5.86245772266065,0,0,0,0,-104,-791,0,1.14599483204134,0,0,0,0,0,0,0,0,0,0,505,4130,4106,4113,4114,-17,76536,-276,67900,317,165,23,57910,63,630,24,240,4137,4131,6,60,1100,251553,
7/10/2026 4:30:00 PM,+07:00,4111.5,4114.5,4107.6,4113.7,956,1172,956,0,0,1172,641,54.6928327645051,503,42.9180887372014,138,11.7747440273038,0,0,0,0,138,-653,0,1.22594142259414,0,0,0,0,0,0,0,0,0,0,505,4130,4106,4113,4114,-17,76536,-276,67900,317,165,23,57910,63,630,24,240,4137,4131,6,60,1100,251553,
7/10/2026 5:00:00 PM,+07:00,4113.8,4121.8,4113.1,4118.5,1376,1662,1376,0,0,1662,789,47.4729241877256,854,51.3838748495788,-65,-3.91095066185319,0,0,0,0,-65,-718,0,1.2078488372093,0,0,0,0,0,0,0,0,0,0,505,4130,4106,4113,4114,-17,76536,-276,67900,317,165,23,57910,63,630,24,240,4137,4131,6,60,1100,251553,
7/10/2026 5:30:00 PM,+07:00,4118.7,4119.7,4113.2,4113.5,970,1116,970,0,0,1116,555,49.7311827956989,551,49.3727598566308,4,0.3584229390681,0,0,0,0,4,-714,0,1.15051546391753,0,0,0,0,0,0,0,0,0,0,505,4130,4106,4113,4114,-17,76536,-276,67900,317,165,23,57910,63,630,24,240,4137,4131,6,60,1100,251553,
7/10/2026 6:00:00 PM,+07:00,4113.3,4117.1,4108.6,4108.6,999,1093,999,0,0,1093,530,48.4903934126258,551,50.4117108874657,-21,-1.92131747483989,0,0,0,0,-21,-735,0,1.09409409409409,0,0,0,0,0,0,0,0,0,0,505,4130,4106,4113,4114,-17,76536,-276,67900,317,165,23,57910,63,630,24,240,4137,4131,6,60,1100,251553,
7/10/2026 6:30:00 PM,+07:00,4108.8,4116.9,4104.5,4111,1369,1550,1369,0,0,1550,720,46.4516129032258,816,52.6451612903226,-96,-6.19354838709677,0,0,0,0,-96,-831,0,1.13221329437546,0,0,0,0,0,0,0,0,0,0,505,4130,4106,4113,4114,-17,76536,-276,67900,317,165,23,57910,63,630,24,240,4137,4131,6,60,1100,251553,
7/10/2026 7:00:00 PM,+07:00,4111.4,4127,4109.8,4114.8,2839,3056,2839,0,0,3056,1576,51.5706806282722,1436,46.9895287958115,140,4.58115183246073,0,0,0,0,140,-691,0,1.07643536456499,0,0,0,0,0,0,0,0,0,0,505,4130,4106,4113,4114,-17,76536,-276,67900,317,165,23,57910,63,630,24,240,4137,4131,6,60,1100,251553,
7/10/2026 7:30:00 PM,+07:00,4114.8,4115.6,4106,4109.3,2171,2452,2171,0,0,2452,1227,50.0407830342578,1195,48.7357259380098,32,1.30505709624796,0,0,0,0,32,-659,0,1.12943344081069,0,0,0,0,0,0,0,0,0,0,505,4130,4106,4113,4114,-17,76536,-276,67900,317,165,23,57910,63,630,24,240,4137,4131,6,60,1100,251553,
7/10/2026 8:00:00 PM,+07:00,4109.7,4115.5,4093.7,4095.9,3880,4320,3880,0,0,4320,2116,48.9814814814815,2134,49.3981481481481,-18,-0.416666666666667,0,0,0,0,-18,-677,0,1.11340206185567,0,0,0,0,0,0,0,0,0,0,505,4130,4106,4113,4114,-17,76536,-276,67900,317,165,23,57910,63,630,24,240,4137,4131,6,60,1100,251553,
7/10/2026 8:30:00 PM,+07:00,4096,4114.3,4095.3,4108.7,3321,3559,3321,0,0,3559,1943,54.5939870750211,1562,43.8887327901096,381,10.7052542849115,0,0,0,0,381,-296,0,1.07166516109606,0,0,0,0,0,0,0,0,0,0,505,4130,4106,4113,4114,-17,76536,-276,67900,317,165,23,57910,63,630,24,240,4137,4131,6,60,1100,251553,
7/10/2026 9:00:00 PM,+07:00,4108.3,4118.6,4106.1,4114.3,3115,3538,3115,0,0,3538,1703,48.1345392877332,1748,49.4064443188242,-45,-1.27190503109101,0,0,0,0,-45,-341,0,1.13579454253612,0,0,0,0,0,0,0,0,0,0,505,4130,4106,4113,4114,-17,76536,-276,67900,317,165,23,57910,63,630,24,240,4137,4131,6,60,1100,251553,
7/10/2026 9:30:00 PM,+07:00,4114.7,4117.1,4081.7,4101.7,7197,8323,7197,0,0,8323,4014,48.2278024750691,4143,49.777724378229,-129,-1.54992190315992,0,0,0,0,-129,-470,0,1.15645407808809,0,0,0,0,0,0,0,0,0,0,505,4130,4106,4113,4114,-17,76536,-276,67900,317,165,23,57910,63,630,24,240,4137,4131,6,60,1100,251553,
7/10/2026 10:00:00 PM,+07:00,4101.9,4117,4100.1,4111.4,2567,2881,2567,0,0,2881,1439,49.9479347448802,1396,48.4553974314474,43,1.49253731343284,0,0,0,0,43,-427,0,1.12232177639268,0,0,0,0,0,0,0,0,0,0,505,4130,4106,4113,4114,-17,76536,-276,67900,317,165,23,57910,63,630,24,240,4137,4131,6,60,1100,251553,
7/10/2026 10:30:00 PM,+07:00,4111.5,4122.7,4110.6,4122.1,1830,2140,1830,0,0,2140,1040,48.5981308411215,1070,50,-30,-1.4018691588785,0,0,0,0,-30,-457,0,1.16939890710383,0,0,0,0,0,0,0,0,0,0,505,4130,4106,4113,4114,-17,76536,-276,67900,317,165,23,57910,63,630,24,240,4137,4131,6,60,1100,251553,
7/10/2026 11:00:00 PM,+07:00,4122.4,4124,4116.2,4123.6,1955,2202,1955,0,0,2202,1048,47.5930971843778,1123,50.9990917347866,-75,-3.40599455040872,0,0,0,0,-75,-532,0,1.12634271099744,0,0,0,0,0,0,0,0,0,0,505,4130,4106,4113,4114,-17,76536,-276,67900,317,165,23,57910,63,630,24,240,4137,4131,6,60,1100,251553,
7/10/2026 11:30:00 PM,+07:00,4123.5,4124.8,4113.3,4113.6,1374,1591,1374,0,0,1591,737,46.3230672532998,837,52.6084223758642,-100,-6.28535512256442,0,0,0,0,-100,-632,0,1.15793304221252,0,0,0,0,0,0,0,0,0,0,505,4130,4106,4113,4114,-17,76536,-276,67900,317,165,23,57910,63,630,24,240,4137,4131,6,60,1100,251553,
7/11/2026 12:00:00 AM,+07:00,4113.4,4115.8,4111.3,4114.4,1583,1753,1583,0,0,1753,900,51.3405590416429,799,45.5790074158585,101,5.76155162578437,0,0,0,0,101,101,0,1.10739102969046,0,0,0,0,0,0,0,0,0,0,505,4130,4106,4113,4114,-17,76536,-276,67900,317,165,23,57910,63,630,24,240,4137,4131,6,60,1100,251553,
7/11/2026 12:30:00 AM,+07:00,4114.4,4115.8,4109.4,4109.6,947,1074,947,0,0,1074,450,41.8994413407821,608,56.610800744879,-158,-14.7113594040968,0,0,0,0,-158,-57,0,1.13410770855333,0,0,0,0,0,0,0,0,0,0,505,4130,4106,4113,4114,-17,76536,-276,67900,317,165,23,57910,63,630,24,240,4137,4131,6,60,1100,251553,
7/11/2026 1:00:00 AM,+07:00,4109.8,4114.8,4108.9,4111.8,988,1136,988,0,0,1136,566,49.8239436619718,556,48.943661971831,10,0.880281690140845,0,0,0,0,10,-47,0,1.1497975708502,0,0,0,0,0,0,0,0,0,0,505,4130,4106,4113,4114,-17,76536,-276,67900,317,165,23,57910,63,630,24,240,4137,4131,6,60,1100,251553,
7/11/2026 1:30:00 AM,+07:00,4112,4112.5,4106.8,4109.7,1054,1207,1054,0,0,1207,659,54.5981772990886,542,44.9047224523612,117,9.69345484672742,0,0,0,0,117,70,0,1.14516129032258,0,0,0,0,0,0,0,0,0,0,505,4130,4106,4113,4114,-17,76536,-276,67900,317,165,23,57910,63,630,24,240,4137,4131,6,60,1100,251553,
7/11/2026 2:00:00 AM,+07:00,4109.7,4111.9,4106.3,4110.3,936,1115,936,0,0,1115,520,46.6367713004484,548,49.1479820627803,-28,-2.51121076233184,0,0,0,0,-28,42,0,1.19123931623932,0,0,0,0,0,0,0,0,0,0,505,4130,4106,4113,4114,-17,76536,-276,67900,317,165,23,57910,63,630,24,240,4137,4131,6,60,1100,251553,
7/11/2026 2:30:00 AM,+07:00,4110.1,4117,4109,4116.6,1345,1490,1345,0,0,1490,814,54.6308724832215,638,42.8187919463087,176,11.8120805369128,0,0,0,0,176,218,0,1.10780669144981,0,0,0,0,0,0,0,0,0,0,505,4130,4106,4113,4114,-17,76536,-276,67900,317,165,23,57910,63,630,24,240,4137,4131,6,60,1100,251553,
7/11/2026 3:00:00 AM,+07:00,4116.4,4123.4,4116.3,4119.6,608,714,608,0,0,714,402,56.3025210084034,296,41.4565826330532,106,14.8459383753501,0,0,0,0,106,324,0,1.17434210526316,0,0,0,0,0,0,0,0,0,0,505,4130,4106,4113,4114,-17,76536,-276,67900,317,165,23,57910,63,630,24,240,4137,4131,6,60,1100,251553,
7/11/2026 3:30:00 AM,+07:00,4119.7,4129,4118.8,4128.9,567,639,567,0,0,639,389,60.8763693270736,239,37.4021909233177,150,23.4741784037559,0,0,0,0,150,474,0,1.12698412698413,0,0,0,0,0,0,0,0,0,0,505,4130,4106,4113,4114,-17,76536,-276,67900,317,165,23,57910,63,630,24,240,4137,4131,6,60,1100,251553,
7/13/2026 7:00:00 AM,+07:00,4093.1,4099.7,4082.8,4083.1,1566,1739,1566,0,0,1739,689,39.6204715353652,1042,59.9194939620472,-353,-20.299022426682,0,0,0,0,-353,-353,0,1.11047254150702,0,0,0,0,0,0,0,0,0,0,589,4100,4027,4066,4047,-18,114173,827,99339,268,304,17,69807,107,1070,73,730,4100,4069,31,310,4465,247350,
7/13/2026 7:30:00 AM,+07:00,4082.8,4086.2,4069.4,4082.1,2278,2726,2278,0,0,2726,1170,42.9200293470286,1537,56.3829787234042,-367,-13.4629493763756,0,0,0,0,-367,-720,0,1.19666374012291,0,0,0,0,0,0,0,0,0,0,589,4100,4027,4066,4047,-18,114173,827,99339,268,304,17,69807,107,1070,73,730,4100,4069,31,310,4465,247350,
7/13/2026 8:00:00 AM,+07:00,4082.9,4091.1,4074,4087.7,2264,2525,2264,0,0,2525,1214,48.0792079207921,1280,50.6930693069307,-66,-2.61386138613861,0,0,0,0,-66,-786,0,1.11528268551237,0,0,0,0,0,0,0,0,0,0,589,4100,4027,4066,4047,-18,114173,827,99339,268,304,17,69807,107,1070,73,730,4100,4069,31,310,4465,247350,
7/13/2026 8:30:00 AM,+07:00,4087.7,4098.3,4075.3,4080.2,2801,3202,2801,0,0,3202,1615,50.4372267332917,1572,49.0943160524672,43,1.34291068082448,0,0,0,0,43,-743,0,1.14316315601571,0,0,0,0,0,0,0,0,0,0,589,4100,4027,4066,4047,-18,114173,827,99339,268,304,17,69807,107,1070,73,730,4100,4069,31,310,4465,247350,
7/13/2026 9:00:00 AM,+07:00,4080.5,4083,4074.6,4075.5,1460,1713,1460,0,0,1713,807,47.1103327495622,851,49.6789258610625,-44,-2.56859311150029,0,0,0,0,-44,-787,0,1.17328767123288,0,0,0,0,0,0,0,0,0,0,589,4100,4027,4066,4047,-18,114173,827,99339,268,304,17,69807,107,1070,73,730,4100,4069,31,310,4465,247350,
7/13/2026 9:30:00 AM,+07:00,4075.4,4085.5,4072.6,4076.8,1442,1733,1442,0,0,1733,726,41.8926716676284,963,55.5683785343335,-237,-13.6757068667051,0,0,0,0,-237,-1024,0,1.20180305131761,0,0,0,0,0,0,0,0,0,0,589,4100,4027,4066,4047,-18,114173,827,99339,268,304,17,69807,107,1070,73,730,4100,4069,31,310,4465,247350,
7/13/2026 10:00:00 AM,+07:00,4076.5,4077.2,4060.7,4069.9,2373,2967,2373,0,0,2967,1316,44.3545669025952,1586,53.4546680148298,-270,-9.10010111223458,0,0,0,0,-270,-1294,0,1.25031605562579,0,0,0,0,0,0,0,0,0,0,589,4100,4027,4066,4047,-18,114173,827,99339,268,304,17,69807,107,1070,73,730,4100,4069,31,310,4465,247350,
7/13/2026 10:30:00 AM,+07:00,4069.5,4070.3,4064.5,4068.3,544,609,544,0,0,609,286,46.9622331691297,318,52.2167487684729,-32,-5.25451559934319,0,0,0,0,-32,-1326,0,1.11948529411765,0,0,0,0,0,0,0,0,0,0,589,4100,4027,4066,4047,-18,114173,827,99339,268,304,17,69807,107,1070,73,730,4100,4069,31,310,4465,247350,
7/13/2026 11:00:00 AM,+07:00,4068.1,4068.1,4057.8,4063.1,1228,1374,1228,0,0,1374,643,46.7976710334789,720,52.4017467248908,-77,-5.60407569141194,0,0,0,0,-77,-1403,0,1.11889250814332,0,0,0,0,0,0,0,0,0,0,589,4100,4027,4066,4047,-18,114173,827,99339,268,304,17,69807,107,1070,73,730,4100,4069,31,310,4465,247350,
7/13/2026 11:30:00 AM,+07:00,4063.1,4067.1,4060.1,4066.3,649,793,649,0,0,793,404,50.9457755359395,352,44.3883984867591,52,6.55737704918033,0,0,0,0,52,-1351,0,1.22187981510015,0,0,0,0,0,0,0,0,0,0,589,4100,4027,4066,4047,-18,114173,827,99339,268,304,17,69807,107,1070,73,730,4100,4069,31,310,4465,247350,
7/13/2026 12:00:00 PM,+07:00,4066.4,4080.9,4062.6,4065.8,1906,2123,1906,0,0,2123,1090,51.3424399434762,997,46.9618464437117,93,4.38059349976448,0,0,0,0,93,-1258,0,1.11385099685205,0,0,0,0,0,0,0,0,0,0,589,4100,4027,4066,4047,-18,114173,827,99339,268,304,17,69807,107,1070,73,730,4100,4069,31,310,4465,247350,
7/13/2026 12:30:00 PM,+07:00,4065.7,4073.3,4059.5,4061.8,1960,2196,1960,0,0,2196,1055,48.0418943533698,1013,46.1293260473588,42,1.91256830601093,0,0,0,0,42,-1216,0,1.12040816326531,0,0,0,0,0,0,0,0,0,0,589,4100,4027,4066,4047,-18,114173,827,99339,268,304,17,69807,107,1070,73,730,4100,4069,31,310,4465,247350,
7/13/2026 1:00:00 PM,+07:00,4061.9,4069.1,4052,4068.9,2570,3100,2570,0,0,3100,1586,51.1612903225806,1469,47.3870967741936,117,3.7741935483871,0,0,0,0,117,-1099,0,1.20622568093385,0,0,0,0,0,0,0,0,0,0,589,4100,4027,4066,4047,-18,114173,827,99339,268,304,17,69807,107,1070,73,730,4100,4069,31,310,4465,247350,
7/13/2026 1:30:00 PM,+07:00,4069,4071.4,4059.7,4063,1642,1789,1642,0,0,1789,786,43.9351593068754,987,55.1704863051984,-201,-11.2353269983231,0,0,0,0,-201,-1300,0,1.08952496954933,0,0,0,0,0,0,0,0,0,0,589,4100,4027,4066,4047,-18,114173,827,99339,268,304,17,69807,107,1070,73,730,4100,4069,31,310,4465,247350,
7/13/2026 2:00:00 PM,+07:00,4063.4,4069.3,4056.5,4067.1,1599,1740,1599,0,0,1740,888,51.0344827586207,807,46.3793103448276,81,4.6551724137931,0,0,0,0,81,-1219,0,1.08818011257036,0,0,0,0,0,0,0,0,0,0,589,4100,4027,4066,4047,-18,114173,827,99339,268,304,17,69807,107,1070,73,730,4100,4069,31,310,4465,247350,
7/13/2026 2:30:00 PM,+07:00,4066.6,4073.2,4063.8,4072.8,1127,1341,1127,0,0,1341,677,50.4847129008203,644,48.0238627889635,33,2.46085011185682,0,0,0,0,33,-1186,0,1.18988464951198,0,0,0,0,0,0,0,0,0,0,589,4100,4027,4066,4047,-18,114173,827,99339,268,304,17,69807,107,1070,73,730,4100,4069,31,310,4465,247350,
7/13/2026 3:00:00 PM,+07:00,4072.8,4089.1,4071.4,4082.6,2526,2888,2526,0,0,2888,1477,51.1426592797784,1377,47.680055401662,100,3.46260387811634,0,0,0,0,100,-1086,0,1.14330958036421,0,0,0,0,0,0,0,0,0,0,589,4100,4027,4066,4047,-18,114173,827,99339,268,304,17,69807,107,1070,73,730,4100,4069,31,310,4465,247350,
7/13/2026 3:30:00 PM,+07:00,4082.3,4087.2,4079.5,4083.1,1072,1205,1072,0,0,1205,485,40.2489626556017,714,59.253112033195,-229,-19.0041493775934,0,0,0,0,-229,-1315,0,1.1240671641791,0,0,0,0,0,0,0,0,0,0,589,4100,4027,4066,4047,-18,114173,827,99339,268,304,17,69807,107,1070,73,730,4100,4069,31,310,4465,247350,
7/13/2026 4:00:00 PM,+07:00,4082.8,4085,4079.2,4081,962,1109,962,0,0,1109,558,50.3155996393147,542,48.8728584310189,16,1.44274120829576,0,0,0,0,16,-1299,0,1.15280665280665,0,0,0,0,0,0,0,0,0,0,589,4100,4027,4066,4047,-18,114173,827,99339,268,304,17,69807,107,1070,73,730,4100,4069,31,310,4465,247350,
7/13/2026 4:30:00 PM,+07:00,4080.7,4082,4076,4076.3,1120,1403,1120,0,0,1403,601,42.8367783321454,797,56.8068424803992,-196,-13.9700641482537,0,0,0,0,-196,-1495,0,1.25267857142857,0,0,0,0,0,0,0,0,0,0,589,4100,4027,4066,4047,-18,114173,827,99339,268,304,17,69807,107,1070,73,730,4100,4069,31,310,4465,247350,
7/13/2026 5:00:00 PM,+07:00,4076.2,4078.4,4071.5,4073,817,912,817,0,0,912,395,43.3114035087719,511,56.030701754386,-116,-12.719298245614,0,0,0,0,-116,-1611,0,1.11627906976744,0,0,0,0,0,0,0,0,0,0,589,4100,4027,4066,4047,-18,114173,827,99339,268,304,17,69807,107,1070,73,730,4100,4069,31,310,4465,247350,
7/13/2026 5:30:00 PM,+07:00,4072.9,4076.3,4055,4068.4,3063,3402,3063,0,0,3402,1754,51.5579071134627,1597,46.9429747207525,157,4.61493239271017,0,0,0,0,157,-1454,0,1.11067580803134,0,0,0,0,0,0,0,0,0,0,589,4100,4027,4066,4047,-18,114173,827,99339,268,304,17,69807,107,1070,73,730,4100,4069,31,310,4465,247350,
7/13/2026 6:00:00 PM,+07:00,4068.4,4075.8,4066,4070.6,2523,2922,2523,0,0,2922,1661,56.8446269678303,1241,42.4709103353867,420,14.3737166324435,0,0,0,0,420,-1034,0,1.15814506539834,0,0,0,0,0,0,0,0,0,0,589,4100,4027,4066,4047,-18,114173,827,99339,268,304,17,69807,107,1070,73,730,4100,4069,31,310,4465,247350,
7/13/2026 6:30:00 PM,+07:00,4070.3,4076.7,4062.6,4064,1485,1650,1485,0,0,1650,851,51.5757575757576,781,47.3333333333333,70,4.24242424242424,0,0,0,0,70,-964,0,1.11111111111111,0,0,0,0,0,0,0,0,0,0,589,4100,4027,4066,4047,-18,114173,827,99339,268,304,17,69807,107,1070,73,730,4100,4069,31,310,4465,247350,
7/13/2026 7:00:00 PM,+07:00,4064,4071.3,4061.1,4066.9,2649,2961,2649,0,0,2961,1499,50.6247889226613,1425,48.1256332320162,74,2.49915569064505,0,0,0,0,74,-890,0,1.11778029445074,0,0,0,0,0,0,0,0,0,0,589,4100,4027,4066,4047,-18,114173,827,99339,268,304,17,69807,107,1070,73,730,4100,4069,31,310,4465,247350,
7/13/2026 7:30:00 PM,+07:00,4066.7,4075.2,4066.4,4075.2,1889,2362,1889,0,0,2362,1407,59.5681625740898,920,38.9500423370025,487,20.6181202370872,0,0,0,0,487,-403,0,1.2503970354685,0,0,0,0,0,0,0,0,0,0,589,4100,4027,4066,4047,-18,114173,827,99339,268,304,17,69807,107,1070,73,730,4100,4069,31,310,4465,247350,
7/13/2026 8:00:00 PM,+07:00,4075.3,4075.5,4066.2,4069.7,1902,2228,1902,0,0,2228,1362,61.1310592459605,835,37.4775583482944,527,23.6535008976661,0,0,0,0,527,124,0,1.1713985278654,0,0,0,0,0,0,0,0,0,0,589,4100,4027,4066,4047,-18,114173,827,99339,268,304,17,69807,107,1070,73,730,4100,4069,31,310,4465,247350,
7/13/2026 8:30:00 PM,+07:00,4070.2,4071.8,4049,4050.9,5256,6067,5256,0,0,6067,2966,48.8874237679248,3018,49.7445195318938,-52,-0.857095763969013,0,0,0,0,-52,72,0,1.154299847793,0,0,0,0,0,0,0,0,0,0,589,4100,4027,4066,4047,-18,114173,827,99339,268,304,17,69807,107,1070,73,730,4100,4069,31,310,4465,247350,
7/13/2026 9:00:00 PM,+07:00,4050.5,4054.5,4009,4024.3,13899,15952,13899,0,0,15952,7935,49.7429789368104,7604,47.6680040120361,331,2.07497492477432,0,0,0,0,331,403,0,1.14770846823512,0,0,0,0,0,0,0,0,0,0,589,4100,4027,4066,4047,-18,114173,827,99339,268,304,17,69807,107,1070,73,730,4100,4069,31,310,4465,247350,
7/13/2026 9:30:00 PM,+07:00,4023.9,4024.5,4005.8,4022.4,7930,9383,7930,0,0,9383,5156,54.9504422892465,3995,42.5770009591815,1161,12.373441330065,0,0,0,0,1161,1564,0,1.18322824716267,0,0,0,0,0,0,0,0,0,0,589,4100,4027,4066,4047,-18,114173,827,99339,268,304,17,69807,107,1070,73,730,4100,4069,31,310,4465,247350,
7/13/2026 10:00:00 PM,+07:00,4022.4,4027.5,4017.7,4023.5,2812,3094,2812,0,0,3094,1602,51.7776341305753,1451,46.8972204266322,151,4.88041370394312,0,0,0,0,151,1715,0,1.10028449502134,0,0,0,0,0,0,0,0,0,0,589,4100,4027,4066,4047,-18,114173,827,99339,268,304,17,69807,107,1070,73,730,4100,4069,31,310,4465,247350,
7/13/2026 10:30:00 PM,+07:00,4024.1,4025,4017.5,4023.3,1712,1983,1712,0,0,1983,962,48.51235501765,994,50.1260716086737,-32,-1.6137165910237,0,0,0,0,-32,1683,0,1.15829439252336,0,0,0,0,0,0,0,0,0,0,589,4100,4027,4066,4047,-18,114173,827,99339,268,304,17,69807,107,1070,73,730,4100,4069,31,310,4465,247350,
7/13/2026 11:00:00 PM,+07:00,4023.1,4025.5,4007.6,4011.4,2088,2409,2088,0,0,2409,1128,46.8244084682441,1233,51.1830635118306,-105,-4.35865504358655,0,0,0,0,-105,1578,0,1.15373563218391,0,0,0,0,0,0,0,0,0,0,589,4100,4027,4066,4047,-18,114173,827,99339,268,304,17,69807,107,1070,73,730,4100,4069,31,310,4465,247350,
7/13/2026 11:30:00 PM,+07:00,4011.4,4012,3992.9,4000.3,5594,6318,5594,0,0,6318,3054,48.338081671415,3147,49.8100664767332,-93,-1.47198480531814,0,0,0,0,-93,1485,0,1.12942438326779,0,0,0,0,0,0,0,0,0,0,589,4100,4027,4066,4047,-18,114173,827,99339,268,304,17,69807,107,1070,73,730,4100,4069,31,310,4465,247350,
7/14/2026 12:00:00 AM,+07:00,4000.5,4009.3,3999.2,4006.3,2756,3093,2756,0,0,3093,1468,47.4620109925639,1540,49.7898480439702,-72,-2.3278370514064,0,0,0,0,-72,-72,0,1.12227866473149,0,0,0,0,0,0,0,0,0,0,589,4100,4027,4066,4047,-18,114173,827,99339,268,304,17,69807,107,1070,73,730,4100,4069,31,310,4465,247350,
7/14/2026 12:30:00 AM,+07:00,4006.4,4008.5,3999.4,4000.6,1578,1834,1578,0,0,1834,803,43.7840785169029,985,53.7077426390404,-182,-9.9236641221374,0,0,0,0,-182,-254,0,1.16223067173638,0,0,0,0,0,0,0,0,0,0,589,4100,4027,4066,4047,-18,114173,827,99339,268,304,17,69807,107,1070,73,730,4100,4069,31,310,4465,247350,
7/14/2026 1:00:00 AM,+07:00,4000.7,4003.9,3993.6,4002.3,1890,2148,1890,0,0,2148,998,46.4618249534451,1061,49.3947858472998,-63,-2.93296089385475,0,0,0,0,-63,-317,0,1.13650793650794,0,0,0,0,0,0,0,0,0,0,589,4100,4027,4066,4047,-18,114173,827,99339,268,304,17,69807,107,1070,73,730,4100,4069,31,310,4465,247350,
7/14/2026 1:30:00 AM,+07:00,4002.5,4012.7,4000.9,4008.5,1918,2136,1918,0,0,2136,1060,49.625468164794,1032,48.314606741573,28,1.31086142322097,0,0,0,0,28,-289,0,1.11366006256517,0,0,0,0,0,0,0,0,0,0,589,4100,4027,4066,4047,-18,114173,827,99339,268,304,17,69807,107,1070,73,730,4100,4069,31,310,4465,247350,
7/14/2026 2:00:00 AM,+07:00,4008.8,4011.6,4003.9,4005.4,1282,1431,1282,0,0,1431,621,43.3962264150943,750,52.4109014675052,-129,-9.0146750524109,0,0,0,0,-129,-418,0,1.11622464898596,0,0,0,0,0,0,0,0,0,0,589,4100,4027,4066,4047,-18,114173,827,99339,268,304,17,69807,107,1070,73,730,4100,4069,31,310,4465,247350,
7/14/2026 2:30:00 AM,+07:00,4005.2,4009.9,4000.5,4009.3,1563,1777,1563,0,0,1777,791,44.5132245357344,926,52.1102982554868,-135,-7.59707371975239,0,0,0,0,-135,-553,0,1.13691618682022,0,0,0,0,0,0,0,0,0,0,589,4100,4027,4066,4047,-18,114173,827,99339,268,304,17,69807,107,1070,73,730,4100,4069,31,310,4465,247350,
7/14/2026 3:00:00 AM,+07:00,4009.4,4013.6,4002.8,4007.6,1106,1257,1106,0,0,1257,576,45.8233890214797,642,51.0739856801909,-66,-5.25059665871122,0,0,0,0,-66,-619,0,1.13652802893309,0,0,0,0,0,0,0,0,0,0,589,4100,4027,4066,4047,-18,114173,827,99339,268,304,17,69807,107,1070,73,730,4100,4069,31,310,4465,247350,
7/14/2026 3:30:00 AM,+07:00,4007.3,4009.4,4004.1,4008.7,538,579,538,0,0,579,266,45.9412780656304,305,52.6770293609672,-39,-6.73575129533679,0,0,0,0,-39,-658,0,1.07620817843866,0,0,0,0,0,0,0,0,0,0,589,4100,4027,4066,4047,-18,114173,827,99339,268,304,17,69807,107,1070,73,730,4100,4069,31,310,4465,247350,
7/14/2026 5:00:00 AM,+07:00,4005.9,4015.5,4005.8,4011.1,512,561,512,0,0,561,294,52.4064171122995,261,46.524064171123,33,5.88235294117647,0,0,0,0,33,-625,0,1.095703125,0,0,0,0,0,0,0,0,0,0,603,4069,3994,4030,4052,2,120523,2480,103260,352,236,15,59645,123,1230,75,750,4016,4006,10,100,1103,237230,
7/14/2026 5:30:00 AM,+07:00,4011,4012.5,4007.4,4007.4,509,542,509,0,0,542,233,42.9889298892989,304,56.0885608856088,-71,-13.09963099631,0,0,0,0,-71,-696,0,1.06483300589391,0,0,0,0,0,0,0,0,0,0,603,4069,3994,4030,4052,2,120523,2480,103260,352,236,15,59645,123,1230,75,750,4016,4006,10,100,1103,237230,
7/14/2026 6:00:00 AM,+07:00,4007.7,4009.9,4003.9,4004.3,513,550,513,0,0,550,223,40.5454545454545,324,58.9090909090909,-101,-18.3636363636364,0,0,0,0,-101,-797,0,1.07212475633528,0,0,0,0,0,0,0,0,0,0,603,4069,3994,4030,4052,2,120523,2480,103260,352,236,15,59645,123,1230,75,750,4016,4006,10,100,1103,237230,
7/14/2026 6:30:00 AM,+07:00,4004,4008.9,3999.1,4007.9,756,856,756,0,0,856,421,49.1822429906542,431,50.3504672897196,-10,-1.16822429906542,0,0,0,0,-10,-807,0,1.13227513227513,0,0,0,0,0,0,0,0,0,0,603,4069,3994,4030,4052,2,120523,2480,103260,352,236,15,59645,123,1230,75,750,4016,4006,10,100,1103,237230,
7/14/2026 7:00:00 AM,+07:00,4008.6,4011.8,3990.4,4001.8,2324,2527,2324,0,0,2527,1323,52.3545706371191,1181,46.7352592006332,142,5.61931143648595,0,0,0,0,142,-665,0,1.08734939759036,0,0,0,0,0,0,0,0,0,0,603,4069,3994,4030,4052,2,120523,2480,103260,352,236,15,59645,123,1230,75,750,4016,4006,10,100,1103,237230,
7/14/2026 7:30:00 AM,+07:00,4002.5,4014.3,4001.4,4011.6,1530,1686,1530,0,0,1686,892,52.9062870699881,761,45.1364175563464,131,7.76986951364176,0,0,0,0,131,-534,0,1.10196078431373,0,0,0,0,0,0,0,0,0,0,603,4069,3994,4030,4052,2,120523,2480,103260,352,236,15,59645,123,1230,75,750,4016,4006,10,100,1103,237230,
7/14/2026 8:00:00 AM,+07:00,4010.8,4011.6,3998.6,4004.4,1992,2248,1992,0,0,2248,1095,48.7099644128114,1117,49.6886120996441,-22,-0.97864768683274,0,0,0,0,-22,-556,0,1.1285140562249,0,0,0,0,0,0,0,0,0,0,603,4069,3994,4030,4052,2,120523,2480,103260,352,236,15,59645,123,1230,75,750,4016,4006,10,100,1103,237230,
7/14/2026 8:30:00 AM,+07:00,4004.1,4019,3999.8,4017,1468,1771,1468,0,0,1771,928,52.3997741389046,810,45.7368718238283,118,6.66290231507623,0,0,0,0,118,-438,0,1.20640326975477,0,0,0,0,0,0,0,0,0,0,603,4069,3994,4030,4052,2,120523,2480,103260,352,236,15,59645,123,1230,75,750,4016,4006,10,100,1103,237230,
7/14/2026 9:00:00 AM,+07:00,4017.5,4025.5,4012.7,4024.2,2513,2740,2513,0,0,2740,1681,61.3503649635036,1035,37.7737226277372,646,23.5766423357664,0,0,0,0,646,208,0,1.09033028253084,0,0,0,0,0,0,0,0,0,0,603,4069,3994,4030,4052,2,120523,2480,103260,352,236,15,59645,123,1230,75,750,4016,4006,10,100,1103,237230,
7/14/2026 9:30:00 AM,+07:00,4024.4,4025.7,4015.9,4019.2,1069,1194,1069,0,0,1194,566,47.4036850921273,617,51.6750418760469,-51,-4.2713567839196,0,0,0,0,-51,157,0,1.11693171188026,0,0,0,0,0,0,0,0,0,0,603,4069,3994,4030,4052,2,120523,2480,103260,352,236,15,59645,123,1230,75,750,4016,4006,10,100,1103,237230,
7/14/2026 10:00:00 AM,+07:00,4019.1,4025.3,4017.5,4024,1151,1301,1151,0,0,1301,730,56.1106840891622,544,41.8139892390469,186,14.2966948501153,0,0,0,0,186,343,0,1.13032145960035,0,0,0,0,0,0,0,0,0,0,603,4069,3994,4030,4052,2,120523,2480,103260,352,236,15,59645,123,1230,75,750,4016,4006,10,100,1103,237230,
7/14/2026 10:30:00 AM,+07:00,4024.6,4025.7,4020.2,4023.3,608,653,608,0,0,653,271,41.5007656967841,348,53.2924961715161,-77,-11.791730474732,0,0,0,0,-77,266,0,1.07401315789474,0,0,0,0,0,0,0,0,0,0,603,4069,3994,4030,4052,2,120523,2480,103260,352,236,15,59645,123,1230,75,750,4016,4006,10,100,1103,237230,
7/14/2026 11:00:00 AM,+07:00,4023.7,4025.4,4019.9,4022.2,716,747,716,0,0,747,389,52.0749665327979,349,46.7202141900937,40,5.35475234270415,0,0,0,0,40,306,0,1.04329608938547,0,0,0,0,0,0,0,0,0,0,603,4069,3994,4030,4052,2,120523,2480,103260,352,236,15,59645,123,1230,75,750,4016,4006,10,100,1103,237230,
7/14/2026 11:30:00 AM,+07:00,4022.3,4029.7,4022.1,4026.7,1320,1473,1320,0,0,1473,848,57.5695858791582,612,41.5478615071283,236,16.0217243720299,0,0,0,0,236,542,0,1.11590909090909,0,0,0,0,0,0,0,0,0,0,603,4069,3994,4030,4052,2,120523,2480,103260,352,236,15,59645,123,1230,75,750,4016,4006,10,100,1103,237230,
7/14/2026 12:00:00 PM,+07:00,4027.2,4030.6,4026.2,4029.2,814,947,814,0,0,947,428,45.19535374868,513,54.1710665258712,-85,-8.97571277719113,0,0,0,0,-85,457,0,1.16339066339066,0,0,0,0,0,0,0,0,0,0,603,4069,3994,4030,4052,2,120523,2480,103260,352,236,15,59645,123,1230,75,750,4016,4006,10,100,1103,237230,
7/14/2026 12:30:00 PM,+07:00,4029.3,4040.4,4029,4037.8,2523,3016,2523,0,0,3016,1877,62.2347480106101,1085,35.974801061008,792,26.2599469496021,0,0,0,0,792,1249,0,1.19540229885057,0,0,0,0,0,0,0,0,0,0,603,4069,3994,4030,4052,2,120523,2480,103260,352,236,15,59645,123,1230,75,750,4016,4006,10,100,1103,237230,
7/14/2026 1:00:00 PM,+07:00,4037.7,4039.5,4029.1,4029.4,1366,1560,1366,0,0,1560,744,47.6923076923077,788,50.5128205128205,-44,-2.82051282051282,0,0,0,0,-44,1205,0,1.14202049780381,0,0,0,0,0,0,0,0,0,0,603,4069,3994,4030,4052,2,120523,2480,103260,352,236,15,59645,123,1230,75,750,4016,4006,10,100,1103,237230,
7/14/2026 1:30:00 PM,+07:00,4029.4,4033.5,4028,4030.4,1118,1273,1118,0,0,1273,674,52.9457973291438,570,44.7761194029851,104,8.16967792615868,0,0,0,0,104,1309,0,1.1386404293381,0,0,0,0,0,0,0,0,0,0,603,4069,3994,4030,4052,2,120523,2480,103260,352,236,15,59645,123,1230,75,750,4016,4006,10,100,1103,237230,
7/14/2026 2:00:00 PM,+07:00,4030.6,4036.4,4027.2,4033.1,1156,1337,1156,0,0,1337,601,44.9513836948392,713,53.3283470456245,-112,-8.37696335078534,0,0,0,0,-112,1197,0,1.15657439446367,0,0,0,0,0,0,0,0,0,0,603,4069,3994,4030,4052,2,120523,2480,103260,352,236,15,59645,123,1230,75,750,4016,4006,10,100,1103,237230,
7/14/2026 2:30:00 PM,+07:00,4033.1,4036.1,4026.5,4027.3,1107,1256,1107,0,0,1256,637,50.7165605095541,596,47.4522292993631,41,3.26433121019108,0,0,0,0,41,1238,0,1.13459801264679,0,0,0,0,0,0,0,0,0,0,603,4069,3994,4030,4052,2,120523,2480,103260,352,236,15,59645,123,1230,75,750,4016,4006,10,100,1103,237230,
7/14/2026 3:00:00 PM,+07:00,4027.3,4030.1,4020.8,4028.5,1847,2038,1847,0,0,2038,1007,49.4111874386654,1002,49.1658488714426,5,0.245338567222767,0,0,0,0,5,1243,0,1.10341093665403,0,0,0,0,0,0,0,0,0,0,603,4069,3994,4030,4052,2,120523,2480,103260,352,236,15,59645,123,1230,75,750,4016,4006,10,100,1103,237230,
7/14/2026 3:30:00 PM,+07:00,4028.3,4031.1,4022.4,4022.6,937,1028,937,0,0,1028,529,51.4591439688716,457,44.4552529182879,72,7.00389105058366,0,0,0,0,72,1315,0,1.09711846318036,0,0,0,0,0,0,0,0,0,0,603,4069,3994,4030,4052,2,120523,2480,103260,352,236,15,59645,123,1230,75,750,4016,4006,10,100,1103,237230,
7/14/2026 4:00:00 PM,+07:00,4022.4,4031.2,4020.4,4022.4,1335,1476,1335,0,0,1476,767,51.9647696476965,697,47.2222222222222,70,4.74254742547426,0,0,0,0,70,1385,0,1.10561797752809,0,0,0,0,0,0,0,0,0,0,603,4069,3994,4030,4052,2,120523,2480,103260,352,236,15,59645,123,1230,75,750,4016,4006,10,100,1103,237230,
7/14/2026 4:30:00 PM,+07:00,4022.2,4030.9,4020.1,4028.7,1732,1998,1732,0,0,1998,1238,61.961961961962,738,36.9369369369369,500,25.025025025025,0,0,0,0,500,1885,0,1.15357967667436,0,0,0,0,0,0,0,0,0,0,603,4069,3994,4030,4052,2,120523,2480,103260,352,236,15,59645,123,1230,75,750,4016,4006,10,100,1103,237230,
7/14/2026 5:00:00 PM,+07:00,4028.6,4029.5,4022.2,4025.1,934,961,934,0,0,961,587,61.0822060353798,357,37.1488033298647,230,23.9334027055151,0,0,0,0,230,2115,0,1.02890792291221,0,0,0,0,0,0,0,0,0,0,603,4069,3994,4030,4052,2,120523,2480,103260,352,236,15,59645,123,1230,75,750,4016,4006,10,100,1103,237230,
7/14/2026 5:30:00 PM,+07:00,4024.8,4029.6,4021.9,4028.2,744,808,744,0,0,808,447,55.3217821782178,351,43.4405940594059,96,11.8811881188119,0,0,0,0,96,2211,0,1.08602150537634,0,0,0,0,0,0,0,0,0,0,603,4069,3994,4030,4052,2,120523,2480,103260,352,236,15,59645,123,1230,75,750,4016,4006,10,100,1103,237230,
7/14/2026 6:00:00 PM,+07:00,4028.2,4035.3,4022.1,4032.3,1363,1519,1363,0,0,1519,731,48.1237656352864,777,51.1520737327189,-46,-3.02830809743252,0,0,0,0,-46,2165,0,1.11445341159208,0,0,0,0,0,0,0,0,0,0,603,4069,3994,4030,4052,2,120523,2480,103260,352,236,15,59645,123,1230,75,750,4016,4006,10,100,1103,237230,
7/14/2026 6:30:00 PM,+07:00,4032,4039,4031.6,4038.1,1301,1574,1301,0,0,1574,751,47.712833545108,799,50.7623888182973,-48,-3.04955527318933,0,0,0,0,-48,2117,0,1.20983858570331,0,0,0,0,0,0,0,0,0,0,603,4069,3994,4030,4052,2,120523,2480,103260,352,236,15,59645,123,1230,75,750,4016,4006,10,100,1103,237230,
7/14/2026 7:00:00 PM,+07:00,4038.5,4042.9,4029.8,4036,2833,3341,2833,0,0,3341,1797,53.7862915294822,1523,45.5851541454654,274,8.20113738401676,0,0,0,0,274,2391,0,1.17931521355454,0,0,0,0,0,0,0,0,0,0,603,4069,3994,4030,4052,2,120523,2480,103260,352,236,15,59645,123,1230,75,750,4016,4006,10,100,1103,237230,
7/14/2026 7:30:00 PM,+07:00,4036.1,4112.5,4036,4083.9,19907,25102,19907,0,0,25102,11913,47.4583698510079,12635,50.3346346904629,-722,-2.87626483945502,0,0,0,0,-722,1669,0,1.26096348018285,0,0,0,0,0,0,0,0,0,0,603,4069,3994,4030,4052,2,120523,2480,103260,352,236,15,59645,123,1230,75,750,4016,4006,10,100,1103,237230,
7/14/2026 8:00:00 PM,+07:00,4084,4093.6,4078.2,4089.1,6021,7608,6021,0,0,7608,4053,53.2728706624606,3429,45.0709779179811,624,8.2018927444795,0,0,0,0,624,2293,0,1.26357747882412,0,0,0,0,0,0,0,0,0,0,603,4069,3994,4030,4052,2,120523,2480,103260,352,236,15,59645,123,1230,75,750,4016,4006,10,100,1103,237230,
7/14/2026 8:30:00 PM,+07:00,4089.2,4096.4,4081.6,4084,4045,4491,4045,0,0,4491,2119,47.1832553996883,2327,51.8147405922957,-208,-4.63148519260744,0,0,0,0,-208,2085,0,1.11025957972806,0,0,0,0,0,0,0,0,0,0,603,4069,3994,4030,4052,2,120523,2480,103260,352,236,15,59645,123,1230,75,750,4016,4006,10,100,1103,237230,
7/14/2026 9:00:00 PM,+07:00,4084,4092.7,4077.9,4084.2,4720,5322,4720,0,0,5322,2500,46.9748214956783,2742,51.52198421646,-242,-4.54716272078166,0,0,0,0,-242,1843,0,1.12754237288136,0,0,0,0,0,0,0,0,0,0,603,4069,3994,4030,4052,2,120523,2480,103260,352,236,15,59645,123,1230,75,750,4016,4006,10,100,1103,237230,
7/14/2026 9:30:00 PM,+07:00,4084.5,4098.4,4080.4,4093,3863,4408,3863,0,0,4408,2348,53.2667876588022,1988,45.0998185117967,360,8.16696914700544,0,0,0,0,360,2203,0,1.14108206057468,0,0,0,0,0,0,0,0,0,0,603,4069,3994,4030,4052,2,120523,2480,103260,352,236,15,59645,123,1230,75,750,4016,4006,10,100,1103,237230,
7/14/2026 10:00:00 PM,+07:00,4093,4108.7,4086.1,4092.2,5643,6848,5643,0,0,6848,3526,51.4894859813084,3234,47.2254672897196,292,4.26401869158878,0,0,0,0,292,2495,0,1.21353889774942,0,0,0,0,0,0,0,0,0,0,603,4069,3994,4030,4052,2,120523,2480,103260,352,236,15,59645,123,1230,75,750,4016,4006,10,100,1103,237230,
7/14/2026 10:30:00 PM,+07:00,4092,4094.3,4071.3,4073.1,4215,4785,4215,0,0,4785,2126,44.4305120167189,2557,53.4378265412748,-431,-9.0073145245559,0,0,0,0,-431,2064,0,1.13523131672598,0,0,0,0,0,0,0,0,0,0,603,4069,3994,4030,4052,2,120523,2480,103260,352,236,15,59645,123,1230,75,750,4016,4006,10,100,1103,237230,
7/14/2026 11:00:00 PM,+07:00,4073.2,4073.8,4063.4,4066.1,2893,3197,2893,0,0,3197,1485,46.4497966843916,1668,52.1739130434783,-183,-5.72411635908664,0,0,0,0,-183,1881,0,1.10508123055652,0,0,0,0,0,0,0,0,0,0,603,4069,3994,4030,4052,2,120523,2480,103260,352,236,15,59645,123,1230,75,750,4016,4006,10,100,1103,237230,
7/14/2026 11:30:00 PM,+07:00,4066.2,4069.9,4064.1,4068.3,1690,1809,1690,0,0,1809,910,50.3040353786622,875,48.3692647871752,35,1.93477059148701,0,0,0,0,35,1916,0,1.07041420118343,0,0,0,0,0,0,0,0,0,0,603,4069,3994,4030,4052,2,120523,2480,103260,352,236,15,59645,123,1230,75,750,4016,4006,10,100,1103,237230,
7/15/2026 12:00:00 AM,+07:00,4068.8,4071.7,4061.1,4069.7,2921,3187,2921,0,0,3187,1611,50.5491057420772,1505,47.2230938186382,106,3.32601192343897,0,0,0,0,106,106,0,1.09106470386854,0,0,0,0,0,0,0,0,0,0,603,4069,3994,4030,4052,2,120523,2480,103260,352,236,15,59645,123,1230,75,750,4016,4006,10,100,1103,237230,
7/15/2026 12:30:00 AM,+07:00,4069.6,4072.2,4065,4070.1,1213,1296,1213,0,0,1296,638,49.2283950617284,642,49.537037037037,-4,-0.308641975308642,0,0,0,0,-4,102,0,1.0684253915911,0,0,0,0,0,0,0,0,0,0,603,4069,3994,4030,4052,2,120523,2480,103260,352,236,15,59645,123,1230,75,750,4016,4006,10,100,1103,237230,
7/15/2026 1:00:00 AM,+07:00,4069.5,4070.2,4063.5,4065.4,924,986,924,0,0,986,419,42.4949290060852,541,54.868154158215,-122,-12.3732251521298,0,0,0,0,-122,-20,0,1.06709956709957,0,0,0,0,0,0,0,0,0,0,603,4069,3994,4030,4052,2,120523,2480,103260,352,236,15,59645,123,1230,75,750,4016,4006,10,100,1103,237230,
7/15/2026 1:30:00 AM,+07:00,4065.1,4066.5,4049.2,4060.7,3293,3877,3293,0,0,3877,1881,48.5168945060614,1965,50.683518184163,-84,-2.16662367810162,0,0,0,0,-84,-104,0,1.17734588521105,0,0,0,0,0,0,0,0,0,0,603,4069,3994,4030,4052,2,120523,2480,103260,352,236,15,59645,123,1230,75,750,4016,4006,10,100,1103,237230,
7/15/2026 2:00:00 AM,+07:00,4060.3,4064.1,4057.8,4058.1,1058,1162,1058,0,0,1162,561,48.2788296041308,578,49.7418244406196,-17,-1.46299483648881,0,0,0,0,-17,-121,0,1.09829867674858,0,0,0,0,0,0,0,0,0,0,603,4069,3994,4030,4052,2,120523,2480,103260,352,236,15,59645,123,1230,75,750,4016,4006,10,100,1103,237230,
7/15/2026 2:30:00 AM,+07:00,4058.3,4063.5,4054.2,4062.1,1589,1833,1589,0,0,1833,935,51.0092744135297,869,47.4086197490453,66,3.60065466448445,0,0,0,0,66,-55,0,1.15355569540592,0,0,0,0,0,0,0,0,0,0,603,4069,3994,4030,4052,2,120523,2480,103260,352,236,15,59645,123,1230,75,750,4016,4006,10,100,1103,237230,
7/15/2026 3:00:00 AM,+07:00,4062.1,4063.1,4058.7,4059.4,460,523,460,0,0,523,202,38.623326959847,307,58.6998087954111,-105,-20.0764818355641,0,0,0,0,-105,-160,0,1.13695652173913,0,0,0,0,0,0,0,0,0,0,603,4069,3994,4030,4052,2,120523,2480,103260,352,236,15,59645,123,1230,75,750,4016,4006,10,100,1103,237230,
7/15/2026 3:30:00 AM,+07:00,4059.8,4060,4055.5,4058.3,714,1108,714,0,0,1108,575,51.8953068592058,509,45.9386281588448,66,5.95667870036101,0,0,0,0,66,-94,0,1.55182072829132,0,0,0,0,0,0,0,0,0,0,603,4069,3994,4030,4052,2,120523,2480,103260,352,236,15,59645,123,1230,75,750,4016,4006,10,100,1103,237230,
7/15/2026 5:00:00 AM,+07:00,4059.8,4060,4054.8,4058,608,640,608,0,0,640,246,38.4375,382,59.6875,-136,-21.25,0,0,0,0,-136,-230,0,1.05263157894737,0,0,0,0,0,0,0,0,0,0,561,4063,4028,4040,4056,4,93518,-613,80283,383,159,19,62340,66,660,35,350,4060,4054,6,60,1231,233044,
7/15/2026 5:30:00 AM,+07:00,4057.5,4058.9,4054.3,4055.1,573,591,573,0,0,591,273,46.1928934010152,310,52.4534686971235,-37,-6.26057529610829,0,0,0,0,-37,-267,0,1.03141361256544,0,0,0,0,0,0,0,0,0,0,561,4063,4028,4040,4056,4,93518,-613,80283,383,159,19,62340,66,660,35,350,4060,4054,6,60,1231,233044,
7/15/2026 6:00:00 AM,+07:00,4054.8,4060,4052.7,4059.9,430,471,430,0,0,471,239,50.7430997876858,215,45.6475583864119,24,5.09554140127389,0,0,0,0,24,-243,0,1.0953488372093,0,0,0,0,0,0,0,0,0,0,561,4063,4028,4040,4056,4,93518,-613,80283,383,159,19,62340,66,660,35,350,4060,4054,6,60,1231,233044,
7/15/2026 6:30:00 AM,+07:00,4060,4062.4,4057.5,4058.8,660,738,660,0,0,738,406,55.0135501355014,325,44.0379403794038,81,10.9756097560976,0,0,0,0,81,-162,0,1.11818181818182,0,0,0,0,0,0,0,0,0,0,561,4063,4028,4040,4056,4,93518,-613,80283,383,159,19,62340,66,660,35,350,4060,4054,6,60,1231,233044,
7/15/2026 7:00:00 AM,+07:00,4059,4064.9,4057.1,4064.7,826,899,826,0,0,899,467,51.9466073414906,422,46.9410456062291,45,5.0055617352614,0,0,0,0,45,-117,0,1.08837772397094,0,0,0,0,0,0,0,0,0,0,561,4063,4028,4040,4056,4,93518,-613,80283,383,159,19,62340,66,660,35,350,4060,4054,6,60,1231,233044,
7/15/2026 7:30:00 AM,+07:00,4065,4067.2,4058.7,4065.1,767,875,767,0,0,875,448,51.2,408,46.6285714285714,40,4.57142857142857,0,0,0,0,40,-77,0,1.14080834419817,0,0,0,0,0,0,0,0,0,0,561,4063,4028,4040,4056,4,93518,-613,80283,383,159,19,62340,66,660,35,350,4060,4054,6,60,1231,233044,
7/15/2026 8:00:00 AM,+07:00,4066.3,4068.6,4059,4061,1257,1347,1257,0,0,1347,690,51.2249443207127,621,46.1024498886414,69,5.12249443207127,0,0,0,0,69,-8,0,1.07159904534606,0,0,0,0,0,0,0,0,0,0,561,4063,4028,4040,4056,4,93518,-613,80283,383,159,19,62340,66,660,35,350,4060,4054,6,60,1231,233044,
7/15/2026 8:30:00 AM,+07:00,4061,4061.2,4041.2,4042.9,1976,2273,1976,0,0,2273,842,37.0435547734272,1411,62.0765508139023,-569,-25.0329960404751,0,0,0,0,-569,-577,0,1.1503036437247,0,0,0,0,0,0,0,0,0,0,561,4063,4028,4040,4056,4,93518,-613,80283,383,159,19,62340,66,660,35,350,4060,4054,6,60,1231,233044,
7/15/2026 9:00:00 AM,+07:00,4043,4048.2,4035.3,4039.2,1822,2226,1822,0,0,2226,1216,54.6271338724169,973,43.7106918238994,243,10.9164420485175,0,0,0,0,243,-334,0,1.22173435784852,0,0,0,0,0,0,0,0,0,0,561,4063,4028,4040,4056,4,93518,-613,80283,383,159,19,62340,66,660,35,350,4060,4054,6,60,1231,233044,
7/15/2026 9:30:00 AM,+07:00,4039.3,4048.4,4038.7,4041.7,1067,1260,1067,0,0,1260,674,53.4920634920635,571,45.3174603174603,103,8.17460317460317,0,0,0,0,103,-231,0,1.18088097469541,0,0,0,0,0,0,0,0,0,0,561,4063,4028,4040,4056,4,93518,-613,80283,383,159,19,62340,66,660,35,350,4060,4054,6,60,1231,233044,
7/15/2026 10:00:00 AM,+07:00,4041.3,4046.6,4036.2,4036.6,1080,1264,1080,0,0,1264,639,50.5537974683544,590,46.6772151898734,49,3.87658227848101,0,0,0,0,49,-182,0,1.17037037037037,0,0,0,0,0,0,0,0,0,0,561,4063,4028,4040,4056,4,93518,-613,80283,383,159,19,62340,66,660,35,350,4060,4054,6,60,1231,233044,
7/15/2026 10:30:00 AM,+07:00,4036.8,4042,4033.9,4037.8,1262,1637,1262,0,0,1637,850,51.9242516799023,766,46.7929138668296,84,5.13133781307269,0,0,0,0,84,-98,0,1.29714738510301,0,0,0,0,0,0,0,0,0,0,561,4063,4028,4040,4056,4,93518,-613,80283,383,159,19,62340,66,660,35,350,4060,4054,6,60,1231,233044,
7/15/2026 11:00:00 AM,+07:00,4036.9,4041.2,4036,4039.9,530,588,530,0,0,588,264,44.8979591836735,310,52.7210884353742,-46,-7.82312925170068,0,0,0,0,-46,-144,0,1.10943396226415,0,0,0,0,0,0,0,0,0,0,561,4063,4028,4040,4056,4,93518,-613,80283,383,159,19,62340,66,660,35,350,4060,4054,6,60,1231,233044,
7/15/2026 11:30:00 AM,+07:00,4039.9,4041.3,4034.2,4039.1,801,995,801,0,0,995,453,45.5276381909548,533,53.5678391959799,-80,-8.04020100502512,0,0,0,0,-80,-224,0,1.24219725343321,0,0,0,0,0,0,0,0,0,0,561,4063,4028,4040,4056,4,93518,-613,80283,383,159,19,62340,66,660,35,350,4060,4054,6,60,1231,233044,
7/15/2026 12:00:00 PM,+07:00,4039.5,4042.2,4030.8,4031.3,906,1147,906,0,0,1147,474,41.3251961639058,659,57.4542284219704,-185,-16.1290322580645,0,0,0,0,-185,-409,0,1.26600441501104,0,0,0,0,0,0,0,0,0,0,561,4063,4028,4040,4056,4,93518,-613,80283,383,159,19,62340,66,660,35,350,4060,4054,6,60,1231,233044,
7/15/2026 12:30:00 PM,+07:00,4031.5,4044.7,4028,4040.9,2342,2957,2342,0,0,2957,1586,53.6354413256679,1324,44.7751099086912,262,8.86033141697667,0,0,0,0,262,-147,0,1.26259607173356,0,0,0,0,0,0,0,0,0,0,561,4063,4028,4040,4056,4,93518,-613,80283,383,159,19,62340,66,660,35,350,4060,4054,6,60,1231,233044,
7/15/2026 1:00:00 PM,+07:00,4041.2,4041.7,4027.1,4032.5,1414,1876,1414,0,0,1876,911,48.5607675906183,945,50.3731343283582,-34,-1.81236673773987,0,0,0,0,-34,-181,0,1.32673267326733,0,0,0,0,0,0,0,0,0,0,561,4063,4028,4040,4056,4,93518,-613,80283,383,159,19,62340,66,660,35,350,4060,4054,6,60,1231,233044,
7/15/2026 1:30:00 PM,+07:00,4032.4,4040,4028.8,4038,1378,1746,1378,0,0,1746,768,43.9862542955326,946,54.1809851088202,-178,-10.1947308132875,0,0,0,0,-178,-359,0,1.26705370101597,0,0,0,0,0,0,0,0,0,0,561,4063,4028,4040,4056,4,93518,-613,80283,383,159,19,62340,66,660,35,350,4060,4054,6,60,1231,233044,
7/15/2026 2:00:00 PM,+07:00,4038.2,4040.6,4025.8,4029.8,1509,1816,1509,0,0,1816,976,53.7444933920705,806,44.3832599118943,170,9.36123348017621,0,0,0,0,170,-189,0,1.20344599072233,0,0,0,0,0,0,0,0,0,0,561,4063,4028,4040,4056,4,93518,-613,80283,383,159,19,62340,66,660,35,350,4060,4054,6,60,1231,233044,
7/15/2026 2:30:00 PM,+07:00,4029.8,4033,4025.6,4030.7,1440,1611,1440,0,0,1611,864,53.6312849162011,727,45.1272501551831,137,8.504034761018,0,0,0,0,137,-52,0,1.11875,0,0,0,0,0,0,0,0,0,0,561,4063,4028,4040,4056,4,93518,-613,80283,383,159,19,62340,66,660,35,350,4060,4054,6,60,1231,233044,
7/15/2026 3:00:00 PM,+07:00,4030.7,4033.2,4023.3,4032.7,1692,2012,1692,0,0,2012,1088,54.0755467196819,904,44.9304174950298,184,9.14512922465209,0,0,0,0,184,132,0,1.18912529550827,0,0,0,0,0,0,0,0,0,0,561,4063,4028,4040,4056,4,93518,-613,80283,383,159,19,62340,66,660,35,350,4060,4054,6,60,1231,233044,
7/15/2026 3:30:00 PM,+07:00,4032.6,4039.5,4030.8,4037.7,1105,1282,1105,0,0,1282,538,41.9656786271451,724,56.4742589703588,-186,-14.5085803432137,0,0,0,0,-186,-54,0,1.16018099547511,0,0,0,0,0,0,0,0,0,0,561,4063,4028,4040,4056,4,93518,-613,80283,383,159,19,62340,66,660,35,350,4060,4054,6,60,1231,233044,
7/15/2026 4:00:00 PM,+07:00,4037.7,4040.7,4032.9,4033.5,1589,1811,1589,0,0,1811,909,50.193263390392,881,48.6471562672557,28,1.54610712313639,0,0,0,0,28,-26,0,1.13971050975456,0,0,0,0,0,0,0,0,0,0,561,4063,4028,4040,4056,4,93518,-613,80283,383,159,19,62340,66,660,35,350,4060,4054,6,60,1231,233044,
7/15/2026 4:30:00 PM,+07:00,4033.2,4036.4,4031.5,4036.3,817,920,817,0,0,920,473,51.4130434782609,436,47.3913043478261,37,4.02173913043478,0,0,0,0,37,11,0,1.12607099143207,0,0,0,0,0,0,0,0,0,0,561,4063,4028,4040,4056,4,93518,-613,80283,383,159,19,62340,66,660,35,350,4060,4054,6,60,1231,233044,
7/15/2026 5:00:00 PM,+07:00,4036.4,4042.4,4032.1,4034.6,1181,1348,1181,0,0,1348,602,44.6587537091988,671,49.7774480712166,-69,-5.1186943620178,0,0,0,0,-69,-58,0,1.14140558848434,0,0,0,0,0,0,0,0,0,0,561,4063,4028,4040,4056,4,93518,-613,80283,383,159,19,62340,66,660,35,350,4060,4054,6,60,1231,233044,
7/15/2026 5:30:00 PM,+07:00,4034.6,4040,4033.1,4034.3,647,707,647,0,0,707,332,46.958981612447,324,45.8274398868458,8,1.13154172560113,0,0,0,0,8,-50,0,1.09273570324575,0,0,0,0,0,0,0,0,0,0,561,4063,4028,4040,4056,4,93518,-613,80283,383,159,19,62340,66,660,35,350,4060,4054,6,60,1231,233044,
7/15/2026 6:00:00 PM,+07:00,4033.9,4039,4033.7,4036.8,713,799,713,0,0,799,405,50.6883604505632,382,47.8097622027534,23,2.87859824780976,0,0,0,0,23,-27,0,1.12061711079944,0,0,0,0,0,0,0,0,0,0,561,4063,4028,4040,4056,4,93518,-613,80283,383,159,19,62340,66,660,35,350,4060,4054,6,60,1231,233044,
7/15/2026 6:30:00 PM,+07:00,4036.6,4046.5,4035.4,4044.5,1199,1503,1199,0,0,1503,712,47.3719228210246,769,51.1643379906853,-57,-3.79241516966068,0,0,0,0,-57,-84,0,1.2535446205171,0,0,0,0,0,0,0,0,0,0,561,4063,4028,4040,4056,4,93518,-613,80283,383,159,19,62340,66,660,35,350,4060,4054,6,60,1231,233044,
7/15/2026 7:00:00 PM,+07:00,4044.9,4048.7,4041.8,4045.3,1405,1563,1405,0,0,1563,742,47.4728087012156,787,50.3518873960333,-45,-2.87907869481766,0,0,0,0,-45,-129,0,1.11245551601423,0,0,0,0,0,0,0,0,0,0,561,4063,4028,4040,4056,4,93518,-613,80283,383,159,19,62340,66,660,35,350,4060,4054,6,60,1231,233044,
7/15/2026 7:30:00 PM,+07:00,4045.1,4078.2,4045.1,4074.6,6652,8000,6652,0,0,8000,3880,48.5,3998,49.975,-118,-1.475,0,0,0,0,-118,-247,0,1.20264582080577,0,0,0,0,0,0,0,0,0,0,561,4063,4028,4040,4056,4,93518,-613,80283,383,159,19,62340,66,660,35,350,4060,4054,6,60,1231,233044,
7/15/2026 8:00:00 PM,+07:00,4074.7,4080.7,4060.5,4062.1,4760,5313,4760,0,0,5313,2634,49.5765104460757,2612,49.1624317711274,22,0.41407867494824,0,0,0,0,22,-225,0,1.11617647058824,0,0,0,0,0,0,0,0,0,0,561,4063,4028,4040,4056,4,93518,-613,80283,383,159,19,62340,66,660,35,350,4060,4054,6,60,1231,233044,
7/15/2026 8:30:00 PM,+07:00,4062.2,4073.1,4061.7,4068.5,3265,3810,3265,0,0,3810,1883,49.4225721784777,1835,48.1627296587926,48,1.25984251968504,0,0,0,0,48,-177,0,1.16692189892802,0,0,0,0,0,0,0,0,0,0,561,4063,4028,4040,4056,4,93518,-613,80283,383,159,19,62340,66,660,35,350,4060,4054,6,60,1231,233044,
7/15/2026 9:00:00 PM,+07:00,4068.7,4073,4061.8,4065,2385,2842,2385,0,0,2842,1391,48.9444053483462,1406,49.4722026741731,-15,-0.527797325826882,0,0,0,0,-15,-192,0,1.1916142557652,0,0,0,0,0,0,0,0,0,0,561,4063,4028,4040,4056,4,93518,-613,80283,383,159,19,62340,66,660,35,350,4060,4054,6,60,1231,233044,
7/15/2026 9:30:00 PM,+07:00,4065,4070.6,4059.5,4067.2,2117,2478,2117,0,0,2478,1256,50.6860371267151,1196,48.2647296206618,60,2.42130750605327,0,0,0,0,60,-132,0,1.17052432687766,0,0,0,0,0,0,0,0,0,0,561,4063,4028,4040,4056,4,93518,-613,80283,383,159,19,62340,66,660,35,350,4060,4054,6,60,1231,233044,
7/15/2026 10:00:00 PM,+07:00,4067.4,4069.6,4045.9,4055.8,3468,4025,3468,0,0,4025,1862,46.2608695652174,2027,50.360248447205,-165,-4.09937888198758,0,0,0,0,-165,-297,0,1.16061130334487,0,0,0,0,0,0,0,0,0,0,561,4063,4028,4040,4056,4,93518,-613,80283,383,159,19,62340,66,660,35,350,4060,4054,6,60,1231,233044,
7/15/2026 10:30:00 PM,+07:00,4056,4057.5,4051.3,4053.2,1248,1389,1248,0,0,1389,668,48.0921526277898,681,49.0280777537797,-13,-0.935925125989921,0,0,0,0,-13,-310,0,1.11298076923077,0,0,0,0,0,0,0,0,0,0,561,4063,4028,4040,4056,4,93518,-613,80283,383,159,19,62340,66,660,35,350,4060,4054,6,60,1231,233044,
7/15/2026 11:00:00 PM,+07:00,4053.4,4054.4,4039.2,4041.3,2270,2580,2270,0,0,2580,1126,43.6434108527132,1334,51.7054263565891,-208,-8.06201550387597,0,0,0,0,-208,-518,0,1.13656387665198,0,0,0,0,0,0,0,0,0,0,561,4063,4028,4040,4056,4,93518,-613,80283,383,159,19,62340,66,660,35,350,4060,4054,6,60,1231,233044,
7/15/2026 11:30:00 PM,+07:00,4041,4044.5,4033,4040.3,3848,4361,3848,0,0,4361,2177,49.9197431781701,2048,46.9617060307269,129,2.95803714744325,0,0,0,0,129,-389,0,1.13331600831601,0,0,0,0,0,0,0,0,0,0,561,4063,4028,4040,4056,4,93518,-613,80283,383,159,19,62340,66,660,35,350,4060,4054,6,60,1231,233044,
7/16/2026 12:00:00 AM,+07:00,4040.4,4055,4039.7,4054.2,3227,3684,3227,0,0,3684,2091,56.7589576547231,1430,38.8165038002172,661,17.942453854506,0,0,0,0,661,661,0,1.14161760148745,0,0,0,0,0,0,0,0,0,0,561,4063,4028,4040,4056,4,93518,-613,80283,383,159,19,62340,66,660,35,350,4060,4054,6,60,1231,233044,
7/16/2026 12:30:00 AM,+07:00,4053.9,4073.7,4053.6,4068.7,4026,4711,4026,0,0,4711,2230,47.3360220759924,2385,50.6261940140098,-155,-3.29017193801741,0,0,0,0,-155,506,0,1.17014406358669,0,0,0,0,0,0,0,0,0,0,561,4063,4028,4040,4056,4,93518,-613,80283,383,159,19,62340,66,660,35,350,4060,4054,6,60,1231,233044,
7/16/2026 1:00:00 AM,+07:00,4069.2,4082.8,4068.6,4081.3,2437,2733,2437,0,0,2733,1376,50.3476033662642,1314,48.0790340285401,62,2.26856933772411,0,0,0,0,62,568,0,1.12146081247435,0,0,0,0,0,0,0,0,0,0,561,4063,4028,4040,4056,4,93518,-613,80283,383,159,19,62340,66,660,35,350,4060,4054,6,60,1231,233044,
7/16/2026 1:30:00 AM,+07:00,4081.7,4089.1,4065.2,4066.3,2920,3248,2920,0,0,3248,1277,39.3165024630542,1898,58.435960591133,-621,-19.1194581280788,0,0,0,0,-621,-53,0,1.11232876712329,0,0,0,0,0,0,0,0,0,0,561,4063,4028,4040,4056,4,93518,-613,80283,383,159,19,62340,66,660,35,350,4060,4054,6,60,1231,233044,
7/16/2026 2:00:00 AM,+07:00,4066.3,4069.9,4059.9,4063.6,1796,2023,1796,0,0,2023,903,44.636678200692,1065,52.6445872466634,-162,-8.00790904597133,0,0,0,0,-162,-215,0,1.12639198218263,0,0,0,0,0,0,0,0,0,0,561,4063,4028,4040,4056,4,93518,-613,80283,383,159,19,62340,66,660,35,350,4060,4054,6,60,1231,233044,
7/16/2026 2:30:00 AM,+07:00,4063.8,4065.1,4055.2,4064,1976,2393,1976,0,0,2393,1132,47.304638529043,1182,49.3940660259089,-50,-2.08942749686586,0,0,0,0,-50,-265,0,1.21103238866397,0,0,0,0,0,0,0,0,0,0,561,4063,4028,4040,4056,4,93518,-613,80283,383,159,19,62340,66,660,35,350,4060,4054,6,60,1231,233044,
7/16/2026 3:00:00 AM,+07:00,4063.7,4069,4062.3,4068,567,639,567,0,0,639,319,49.9217527386542,309,48.3568075117371,10,1.56494522691706,0,0,0,0,10,-255,0,1.12698412698413,0,0,0,0,0,0,0,0,0,0,561,4063,4028,4040,4056,4,93518,-613,80283,383,159,19,62340,66,660,35,350,4060,4054,6,60,1231,233044,
7/16/2026 3:30:00 AM,+07:00,4068.3,4069.8,4066.5,4066.9,325,387,325,0,0,387,160,41.343669250646,223,57.6227390180878,-63,-16.2790697674419,0,0,0,0,-63,-318,0,1.19076923076923,0,0,0,0,0,0,0,0,0,0,561,4063,4028,4040,4056,4,93518,-613,80283,383,159,19,62340,66,660,35,350,4060,4054,6,60,1231,233044,
7/16/2026 5:00:00 AM,+07:00,4068.9,4071.9,4066.6,4068,529,627,529,0,0,627,279,44.4976076555024,332,52.9505582137161,-53,-8.45295055821372,0,0,0,0,-53,-371,0,1.18525519848771,0,0,0,0,0,0,0,0,0,0,587,4055,3996,4037,4023,-26,110817,1842,95070,166,403,18,77308,99,990,59,590,4072,4064,8,80,1264,231023,
7/16/2026 5:30:00 AM,+07:00,4068.3,4068.3,4063.8,4065.6,577,637,577,0,0,637,306,48.0376766091052,317,49.7645211930926,-11,-1.72684458398744,0,0,0,0,-11,-382,0,1.10398613518198,0,0,0,0,0,0,0,0,0,0,587,4055,3996,4037,4023,-26,110817,1842,95070,166,403,18,77308,99,990,59,590,4072,4064,8,80,1264,231023,
7/16/2026 6:00:00 AM,+07:00,4065.8,4068,4062.6,4063.6,770,920,770,0,0,920,504,54.7826086956522,406,44.1304347826087,98,10.6521739130435,0,0,0,0,98,-284,0,1.19480519480519,0,0,0,0,0,0,0,0,0,0,587,4055,3996,4037,4023,-26,110817,1842,95070,166,403,18,77308,99,990,59,590,4072,4064,8,80,1264,231023,
7/16/2026 6:30:00 AM,+07:00,4063.8,4066.5,4061.1,4063.6,647,721,647,0,0,721,363,50.3467406380028,349,48.4049930651872,14,1.94174757281553,0,0,0,0,14,-270,0,1.11437403400309,0,0,0,0,0,0,0,0,0,0,587,4055,3996,4037,4023,-26,110817,1842,95070,166,403,18,77308,99,990,59,590,4072,4064,8,80,1264,231023,
7/16/2026 7:00:00 AM,+07:00,4063.8,4066.1,4060.4,4065,650,694,650,0,0,694,361,52.0172910662824,331,47.6945244956772,30,4.32276657060519,0,0,0,0,30,-240,0,1.06769230769231,0,0,0,0,0,0,0,0,0,0,587,4055,3996,4037,4023,-26,110817,1842,95070,166,403,18,77308,99,990,59,590,4072,4064,8,80,1264,231023,
7/16/2026 7:30:00 AM,+07:00,4064,4067.1,4049.2,4050.4,1858,2112,1858,0,0,2112,854,40.4356060606061,1248,59.0909090909091,-394,-18.655303030303,0,0,0,0,-394,-634,0,1.13670613562971,0,0,0,0,0,0,0,0,0,0,587,4055,3996,4037,4023,-26,110817,1842,95070,166,403,18,77308,99,990,59,590,4072,4064,8,80,1264,231023,
7/16/2026 8:00:00 AM,+07:00,4050.3,4056.6,4039.4,4042.7,2446,2745,2446,0,0,2745,1457,53.0783242258652,1264,46.0473588342441,193,7.03096539162113,0,0,0,0,193,-441,0,1.12224039247751,0,0,0,0,0,0,0,0,0,0,587,4055,3996,4037,4023,-26,110817,1842,95070,166,403,18,77308,99,990,59,590,4072,4064,8,80,1264,231023,
7/16/2026 8:30:00 AM,+07:00,4042.4,4051.6,4042.4,4044.2,1429,1612,1429,0,0,1612,807,50.0620347394541,796,49.3796526054591,11,0.682382133995037,0,0,0,0,11,-430,0,1.12806158152554,0,0,0,0,0,0,0,0,0,0,587,4055,3996,4037,4023,-26,110817,1842,95070,166,403,18,77308,99,990,59,590,4072,4064,8,80,1264,231023,
7/16/2026 9:00:00 AM,+07:00,4044.5,4045.3,4034.1,4040.2,1205,1341,1205,0,0,1341,660,49.2170022371365,661,49.2915734526473,-1,-0.0745712155108128,0,0,0,0,-1,-431,0,1.11286307053942,0,0,0,0,0,0,0,0,0,0,587,4055,3996,4037,4023,-26,110817,1842,95070,166,403,18,77308,99,990,59,590,4072,4064,8,80,1264,231023,
7/16/2026 9:30:00 AM,+07:00,4040.2,4041.3,4029.4,4036.9,1596,1750,1596,0,0,1750,870,49.7142857142857,863,49.3142857142857,7,0.4,0,0,0,0,7,-424,0,1.09649122807018,0,0,0,0,0,0,0,0,0,0,587,4055,3996,4037,4023,-26,110817,1842,95070,166,403,18,77308,99,990,59,590,4072,4064,8,80,1264,231023,
7/16/2026 10:00:00 AM,+07:00,4036.8,4039.7,4033,4039.7,684,759,684,0,0,759,414,54.5454545454545,327,43.0830039525692,87,11.4624505928854,0,0,0,0,87,-337,0,1.10964912280702,0,0,0,0,0,0,0,0,0,0,587,4055,3996,4037,4023,-26,110817,1842,95070,166,403,18,77308,99,990,59,590,4072,4064,8,80,1264,231023,
7/16/2026 10:30:00 AM,+07:00,4039.7,4042.2,4037.9,4041.3,496,520,496,0,0,520,251,48.2692307692308,247,47.5,4,0.769230769230769,0,0,0,0,4,-333,0,1.04838709677419,0,0,0,0,0,0,0,0,0,0,587,4055,3996,4037,4023,-26,110817,1842,95070,166,403,18,77308,99,990,59,590,4072,4064,8,80,1264,231023,
7/16/2026 11:00:00 AM,+07:00,4041.8,4043.1,4037,4039.1,677,709,677,0,0,709,386,54.4428772919605,302,42.5952045133992,84,11.8476727785614,0,0,0,0,84,-249,0,1.04726735598227,0,0,0,0,0,0,0,0,0,0,587,4055,3996,4037,4023,-26,110817,1842,95070,166,403,18,77308,99,990,59,590,4072,4064,8,80,1264,231023,
7/16/2026 11:30:00 AM,+07:00,4039.3,4040.5,4037,4038.3,402,465,402,0,0,465,274,58.9247311827957,190,40.8602150537634,84,18.0645161290323,0,0,0,0,84,-165,0,1.15671641791045,0,0,0,0,0,0,0,0,0,0,587,4055,3996,4037,4023,-26,110817,1842,95070,166,403,18,77308,99,990,59,590,4072,4064,8,80,1264,231023,
7/16/2026 12:00:00 PM,+07:00,4038.2,4038.9,4031.6,4032.7,892,973,892,0,0,973,390,40.082219938335,570,58.5817060637204,-180,-18.4994861253854,0,0,0,0,-180,-345,0,1.09080717488789,0,0,0,0,0,0,0,0,0,0,587,4055,3996,4037,4023,-26,110817,1842,95070,166,403,18,77308,99,990,59,590,4072,4064,8,80,1264,231023,
7/16/2026 12:30:00 PM,+07:00,4032.6,4038.5,4030.3,4032.2,1448,1651,1448,0,0,1651,750,45.4270139309509,850,51.4839491217444,-100,-6.05693519079346,0,0,0,0,-100,-445,0,1.14019337016575,0,0,0,0,0,0,0,0,0,0,587,4055,3996,4037,4023,-26,110817,1842,95070,166,403,18,77308,99,990,59,590,4072,4064,8,80,1264,231023,
7/16/2026 1:00:00 PM,+07:00,4032.4,4041.5,4032.4,4035.3,1636,1937,1636,0,0,1937,958,49.4579246257099,925,47.7542591636551,33,1.70366546205472,0,0,0,0,33,-412,0,1.18398533007335,0,0,0,0,0,0,0,0,0,0,587,4055,3996,4037,4023,-26,110817,1842,95070,166,403,18,77308,99,990,59,590,4072,4064,8,80,1264,231023,
7/16/2026 1:30:00 PM,+07:00,4035.1,4036.6,4027.7,4035.8,1432,1750,1432,0,0,1750,858,49.0285714285714,842,48.1142857142857,16,0.914285714285714,0,0,0,0,16,-396,0,1.22206703910615,0,0,0,0,0,0,0,0,0,0,587,4055,3996,4037,4023,-26,110817,1842,95070,166,403,18,77308,99,990,59,590,4072,4064,8,80,1264,231023,
7/16/2026 2:00:00 PM,+07:00,4035.6,4035.8,4028.7,4029.5,1086,1239,1086,0,0,1239,637,51.4124293785311,582,46.9733656174334,55,4.43906376109766,0,0,0,0,55,-341,0,1.14088397790055,0,0,0,0,0,0,0,0,0,0,587,4055,3996,4037,4023,-26,110817,1842,95070,166,403,18,77308,99,990,59,590,4072,4064,8,80,1264,231023,
7/16/2026 2:30:00 PM,+07:00,4029.1,4037.1,4027.8,4036.1,1524,1866,1524,0,0,1866,1088,58.3065380493033,767,41.1039657020364,321,17.2025723472669,0,0,0,0,321,-20,0,1.2244094488189,0,0,0,0,0,0,0,0,0,0,587,4055,3996,4037,4023,-26,110817,1842,95070,166,403,18,77308,99,990,59,590,4072,4064,8,80,1264,231023,
7/16/2026 3:00:00 PM,+07:00,4035.5,4039.3,4030,4036.9,1527,1811,1527,0,0,1811,968,53.4511319712866,833,45.9966869133076,135,7.45444505797902,0,0,0,0,135,115,0,1.18598559266536,0,0,0,0,0,0,0,0,0,0,587,4055,3996,4037,4023,-26,110817,1842,95070,166,403,18,77308,99,990,59,590,4072,4064,8,80,1264,231023,
7/16/2026 3:30:00 PM,+07:00,4037,4041.7,4036.9,4040.3,1038,1230,1038,0,0,1230,572,46.5040650406504,640,52.0325203252033,-68,-5.52845528455285,0,0,0,0,-68,47,0,1.1849710982659,0,0,0,0,0,0,0,0,0,0,587,4055,3996,4037,4023,-26,110817,1842,95070,166,403,18,77308,99,990,59,590,4072,4064,8,80,1264,231023,
7/16/2026 4:00:00 PM,+07:00,4040.6,4043.2,4036,4038.1,1012,1208,1012,0,0,1208,633,52.4006622516556,562,46.523178807947,71,5.87748344370861,0,0,0,0,71,118,0,1.19367588932806,0,0,0,0,0,0,0,0,0,0,587,4055,3996,4037,4023,-26,110817,1842,95070,166,403,18,77308,99,990,59,590,4072,4064,8,80,1264,231023,
7/16/2026 4:30:00 PM,+07:00,4038.4,4042.1,4035.7,4037.4,1277,1606,1277,0,0,1606,725,45.1432129514321,873,54.3586550435865,-148,-9.21544209215442,0,0,0,0,-148,-30,0,1.25763508222396,0,0,0,0,0,0,0,0,0,0,587,4055,3996,4037,4023,-26,110817,1842,95070,166,403,18,77308,99,990,59,590,4072,4064,8,80,1264,231023,
7/16/2026 5:00:00 PM,+07:00,4037.2,4040.1,4035,4038.7,652,763,652,0,0,763,364,47.7064220183486,397,52.0314547837484,-33,-4.32503276539974,0,0,0,0,-33,-63,0,1.17024539877301,0,0,0,0,0,0,0,0,0,0,587,4055,3996,4037,4023,-26,110817,1842,95070,166,403,18,77308,99,990,59,590,4072,4064,8,80,1264,231023,
7/16/2026 5:30:00 PM,+07:00,4039.2,4040.1,4034.4,4035.1,583,726,583,0,0,726,363,50,360,49.5867768595041,3,0.413223140495868,0,0,0,0,3,-60,0,1.24528301886792,0,0,0,0,0,0,0,0,0,0,587,4055,3996,4037,4023,-26,110817,1842,95070,166,403,18,77308,99,990,59,590,4072,4064,8,80,1264,231023,
7/16/2026 6:00:00 PM,+07:00,4035.2,4035.8,4026.2,4029.4,1453,1703,1453,0,0,1703,891,52.3194362889019,787,46.2125660598943,104,6.10687022900763,0,0,0,0,104,44,0,1.17205781142464,0,0,0,0,0,0,0,0,0,0,587,4055,3996,4037,4023,-26,110817,1842,95070,166,403,18,77308,99,990,59,590,4072,4064,8,80,1264,231023,
7/16/2026 6:30:00 PM,+07:00,4029.4,4048.4,4028.5,4044.1,3401,3866,3401,0,0,3866,1926,49.8189342990171,1860,48.1117434040352,66,1.70719089498189,0,0,0,0,66,110,0,1.13672449279624,0,0,0,0,0,0,0,0,0,0,587,4055,3996,4037,4023,-26,110817,1842,95070,166,403,18,77308,99,990,59,590,4072,4064,8,80,1264,231023,
7/16/2026 7:00:00 PM,+07:00,4044.4,4048.7,4017.4,4030.2,7122,8942,7122,0,0,8942,4804,53.7239991053456,4038,45.1576828450011,766,8.56631626034444,0,0,0,0,766,876,0,1.25554619488908,0,0,0,0,0,0,0,0,0,0,587,4055,3996,4037,4023,-26,110817,1842,95070,166,403,18,77308,99,990,59,590,4072,4064,8,80,1264,231023,
7/16/2026 7:30:00 PM,+07:00,4030.3,4034.5,3994.2,3996.4,8625,10701,8625,0,0,10701,5434,50.7803009064573,5117,47.8179609382301,317,2.96233996822727,0,0,0,0,317,1193,0,1.24069565217391,0,0,0,0,0,0,0,0,0,0,587,4055,3996,4037,4023,-26,110817,1842,95070,166,403,18,77308,99,990,59,590,4072,4064,8,80,1264,231023,
7/16/2026 8:00:00 PM,+07:00,3996.3,4010.5,3977.1,4009.8,8972,10362,8972,0,0,10362,5347,51.6020073344914,4770,46.0335842501448,577,5.56842308434665,0,0,0,0,577,1770,0,1.15492643780651,0,0,0,0,0,0,0,0,0,0,587,4055,3996,4037,4023,-26,110817,1842,95070,166,403,18,77308,99,990,59,590,4072,4064,8,80,1264,231023,
7/16/2026 8:30:00 PM,+07:00,4010.1,4012.6,3985.5,3994,6085,6942,6085,0,0,6942,3353,48.3002016709882,3442,49.5822529530395,-89,-1.28205128205128,0,0,0,0,-89,1681,0,1.14083812654067,0,0,0,0,0,0,0,0,0,0,587,4055,3996,4037,4023,-26,110817,1842,95070,166,403,18,77308,99,990,59,590,4072,4064,8,80,1264,231023,
7/16/2026 9:00:00 PM,+07:00,3993.9,4005,3991.2,4004,3274,3807,3274,0,0,3807,1864,48.9624376149199,1821,47.832939322301,43,1.12949829261886,0,0,0,0,43,1724,0,1.16279780085522,0,0,0,0,0,0,0,0,0,0,587,4055,3996,4037,4023,-26,110817,1842,95070,166,403,18,77308,99,990,59,590,4072,4064,8,80,1264,231023,
7/16/2026 9:30:00 PM,+07:00,4003.3,4011,3996.5,4002,3602,4022,3602,0,0,4022,2075,51.5912481352561,1894,47.090999502735,181,4.50024863252113,0,0,0,0,181,1905,0,1.11660188784009,0,0,0,0,0,0,0,0,0,0,587,4055,3996,4037,4023,-26,110817,1842,95070,166,403,18,77308,99,990,59,590,4072,4064,8,80,1264,231023,
7/16/2026 10:00:00 PM,+07:00,4002.2,4021.8,3993.3,4015.5,3988,4574,3988,0,0,4574,2275,49.7376475732401,2212,48.3602973327503,63,1.37735024048972,0,0,0,0,63,1968,0,1.1469408224674,0,0,0,0,0,0,0,0,0,0,587,4055,3996,4037,4023,-26,110817,1842,95070,166,403,18,77308,99,990,59,590,4072,4064,8,80,1264,231023,
7/16/2026 10:30:00 PM,+07:00,4015.8,4021.2,4009.9,4011.8,3019,3561,3019,0,0,3561,1766,49.5928110081438,1644,46.1668070766639,122,3.42600393147992,0,0,0,0,122,2090,0,1.17952964557801,0,0,0,0,0,0,0,0,0,0,587,4055,3996,4037,4023,-26,110817,1842,95070,166,403,18,77308,99,990,59,590,4072,4064,8,80,1264,231023,
7/16/2026 11:00:00 PM,+07:00,4011.4,4012.3,3986.5,3991.5,3744,4216,3744,0,0,4216,1837,43.5721062618596,2216,52.561669829222,-379,-8.98956356736243,0,0,0,0,-379,1711,0,1.12606837606838,0,0,0,0,0,0,0,0,0,0,587,4055,3996,4037,4023,-26,110817,1842,95070,166,403,18,77308,99,990,59,590,4072,4064,8,80,1264,231023,
7/16/2026 11:30:00 PM,+07:00,3992,4001.4,3991.3,3996.4,1892,2226,1892,0,0,2226,1084,48.6972147349506,1048,47.0799640610961,36,1.61725067385445,0,0,0,0,36,1747,0,1.17653276955603,0,0,0,0,0,0,0,0,0,0,587,4055,3996,4037,4023,-26,110817,1842,95070,166,403,18,77308,99,990,59,590,4072,4064,8,80,1264,231023,
7/17/2026 12:00:00 AM,+07:00,3996.7,3997.3,3987.2,3992.3,2541,3044,2541,0,0,3044,1313,43.1340341655716,1630,53.5479632063075,-317,-10.4139290407359,0,0,0,0,-317,-317,0,1.19795356158993,0,0,0,0,0,0,0,0,0,0,587,4055,3996,4037,4023,-26,110817,1842,95070,166,403,18,77308,99,990,59,590,4072,4064,8,80,1264,231023,
7/17/2026 12:30:00 AM,+07:00,3992.1,3993.3,3983.9,3989.5,1549,1709,1549,0,0,1709,792,46.3428905792861,870,50.906963136337,-78,-4.56407255705091,0,0,0,0,-78,-395,0,1.10329244673983,0,0,0,0,0,0,0,0,0,0,587,4055,3996,4037,4023,-26,110817,1842,95070,166,403,18,77308,99,990,59,590,4072,4064,8,80,1264,231023,
7/17/2026 1:00:00 AM,+07:00,3989.7,3995.2,3988.3,3991.4,1049,1216,1049,0,0,1216,617,50.7401315789474,581,47.7796052631579,36,2.96052631578947,0,0,0,0,36,-359,0,1.15919923736892,0,0,0,0,0,0,0,0,0,0,587,4055,3996,4037,4023,-26,110817,1842,95070,166,403,18,77308,99,990,59,590,4072,4064,8,80,1264,231023,
7/17/2026 1:30:00 AM,+07:00,3991.1,3991.1,3981,3984.7,1806,2143,1806,0,0,2143,1057,49.3233784414372,989,46.1502566495567,68,3.17312179188054,0,0,0,0,68,-291,0,1.18660022148394,0,0,0,0,0,0,0,0,0,0,587,4055,3996,4037,4023,-26,110817,1842,95070,166,403,18,77308,99,990,59,590,4072,4064,8,80,1264,231023,
7/17/2026 2:00:00 AM,+07:00,3984.9,3990.8,3983,3983.6,1018,1157,1018,0,0,1157,592,51.1668107173725,542,46.8452895419188,50,4.32152117545376,0,0,0,0,50,-241,0,1.13654223968566,0,0,0,0,0,0,0,0,0,0,587,4055,3996,4037,4023,-26,110817,1842,95070,166,403,18,77308,99,990,59,590,4072,4064,8,80,1264,231023,
7/17/2026 2:30:00 AM,+07:00,3983.8,3986.9,3973.4,3984.6,2666,2974,2666,0,0,2974,1425,47.9152656355077,1499,50.4034969737727,-74,-2.48823133826496,0,0,0,0,-74,-315,0,1.11552888222056,0,0,0,0,0,0,0,0,0,0,587,4055,3996,4037,4023,-26,110817,1842,95070,166,403,18,77308,99,990,59,590,4072,4064,8,80,1264,231023,
7/17/2026 3:00:00 AM,+07:00,3984.8,3984.8,3976.2,3979,779,832,779,0,0,832,427,51.3221153846154,344,41.3461538461538,83,9.97596153846154,0,0,0,0,83,-232,0,1.06803594351733,0,0,0,0,0,0,0,0,0,0,587,4055,3996,4037,4023,-26,110817,1842,95070,166,403,18,77308,99,990,59,590,4072,4064,8,80,1264,231023,
7/17/2026 3:30:00 AM,+07:00,3979.3,3981,3977.6,3979.9,412,448,412,0,0,448,223,49.7767857142857,214,47.7678571428571,9,2.00892857142857,0,0,0,0,9,-223,0,1.0873786407767,0,0,0,0,0,0,0,0,0,0,587,4055,3996,4037,4023,-26,110817,1842,95070,166,403,18,77308,99,990,59,590,4072,4064,8,80,1264,231023,
7/17/2026 5:00:00 AM,+07:00,3980.1,3984.1,3978.2,3979.9,646,709,646,0,0,709,307,43.3004231311707,386,54.4428772919605,-79,-11.1424541607898,0,0,0,0,-79,-302,0,1.09752321981424,0,0,0,0,0,0,0,0,0,0,565,4009,3978,3999,3996,-4,98011,256,86008,243,302,20,60261,66,660,31,310,3984,3977,7,70,1172,227561,
7/17/2026 5:30:00 AM,+07:00,3980.2,3982.2,3976.8,3982.1,443,463,443,0,0,463,288,62.2030237580994,174,37.5809935205184,114,24.622030237581,0,0,0,0,114,-188,0,1.0451467268623,0,0,0,0,0,0,0,0,0,0,565,4009,3978,3999,3996,-4,98011,256,86008,243,302,20,60261,66,660,31,310,3984,3977,7,70,1172,227561,
7/17/2026 6:00:00 AM,+07:00,3982.1,3984.3,3978.6,3982.5,590,645,590,0,0,645,334,51.7829457364341,299,46.3565891472868,35,5.42635658914729,0,0,0,0,35,-153,0,1.09322033898305,0,0,0,0,0,0,0,0,0,0,565,4009,3978,3999,3996,-4,98011,256,86008,243,302,20,60261,66,660,31,310,3984,3977,7,70,1172,227561,
7/17/2026 6:30:00 AM,+07:00,3981.9,3989.9,3979,3989.2,791,915,791,0,0,915,471,51.4754098360656,431,47.103825136612,40,4.37158469945355,0,0,0,0,40,-113,0,1.15676359039191,0,0,0,0,0,0,0,0,0,0,565,4009,3978,3999,3996,-4,98011,256,86008,243,302,20,60261,66,660,31,310,3984,3977,7,70,1172,227561,
7/17/2026 7:00:00 AM,+07:00,3989.5,3994.3,3986.8,3988.2,858,921,858,0,0,921,461,50.0542888165038,453,49.185667752443,8,0.868621064060804,0,0,0,0,8,-105,0,1.07342657342657,0,0,0,0,0,0,0,0,0,0,565,4009,3978,3999,3996,-4,98011,256,86008,243,302,20,60261,66,660,31,310,3984,3977,7,70,1172,227561,
7/17/2026 7:30:00 AM,+07:00,3988,3995.9,3983.8,3995.9,1023,1227,1023,0,0,1227,713,58.1092094539527,507,41.320293398533,206,16.7889160554197,0,0,0,0,206,101,0,1.19941348973607,0,0,0,0,0,0,0,0,0,0,565,4009,3978,3999,3996,-4,98011,256,86008,243,302,20,60261,66,660,31,310,3984,3977,7,70,1172,227561,
7/17/2026 8:00:00 AM,+07:00,3996,4000.1,3991.2,3994.9,1903,2135,1903,0,0,2135,1132,53.0210772833724,992,46.463700234192,140,6.55737704918033,0,0,0,0,140,241,0,1.12191276931161,0,0,0,0,0,0,0,0,0,0,565,4009,3978,3999,3996,-4,98011,256,86008,243,302,20,60261,66,660,31,310,3984,3977,7,70,1172,227561,
7/17/2026 8:30:00 AM,+07:00,3993.7,3999.1,3982.7,3986.5,1850,2012,1850,0,0,2012,977,48.558648111332,999,49.6520874751491,-22,-1.0934393638171,0,0,0,0,-22,219,0,1.08756756756757,0,0,0,0,0,0,0,0,0,0,565,4009,3978,3999,3996,-4,98011,256,86008,243,302,20,60261,66,660,31,310,3984,3977,7,70,1172,227561,
7/17/2026 9:00:00 AM,+07:00,3987,3991.1,3983.3,3986.6,695,812,695,0,0,812,444,54.679802955665,360,44.3349753694581,84,10.3448275862069,0,0,0,0,84,303,0,1.16834532374101,0,0,0,0,0,0,0,0,0,0,565,4009,3978,3999,3996,-4,98011,256,86008,243,302,20,60261,66,660,31,310,3984,3977,7,70,1172,227561,
7/17/2026 9:30:00 AM,+07:00,3986.1,3987.4,3974.1,3982.2,1371,1520,1371,0,0,1520,713,46.9078947368421,798,52.5,-85,-5.5921052631579,0,0,0,0,-85,218,0,1.10867979576951,0,0,0,0,0,0,0,0,0,0,565,4009,3978,3999,3996,-4,98011,256,86008,243,302,20,60261,66,660,31,310,3984,3977,7,70,1172,227561,
7/17/2026 10:00:00 AM,+07:00,3982.5,4012.2,3982.2,4005.1,3043,3517,3043,0,0,3517,1840,52.317315894228,1623,46.1472846175718,217,6.17003127665624,0,0,0,0,217,435,0,1.15576733486691,0,0,0,0,0,0,0,0,0,0,565,4009,3978,3999,3996,-4,98011,256,86008,243,302,20,60261,66,660,31,310,3984,3977,7,70,1172,227561,
7/17/2026 10:30:00 AM,+07:00,4004.8,4005.3,3994,3994.8,1246,1489,1246,0,0,1489,821,55.137676292814,655,43.9892545332438,166,11.1484217595702,0,0,0,0,166,601,0,1.19502407704655,0,0,0,0,0,0,0,0,0,0,565,4009,3978,3999,3996,-4,98011,256,86008,243,302,20,60261,66,660,31,310,3984,3977,7,70,1172,227561,
7/17/2026 11:00:00 AM,+07:00,3995,3995.1,3988.3,3989.5,1356,1537,1356,0,0,1537,687,44.69746258946,793,51.5940143135979,-106,-6.89655172413793,0,0,0,0,-106,495,0,1.1334808259587,0,0,0,0,0,0,0,0,0,0,565,4009,3978,3999,3996,-4,98011,256,86008,243,302,20,60261,66,660,31,310,3984,3977,7,70,1172,227561,
7/17/2026 11:30:00 AM,+07:00,3989.6,3991.6,3983.1,3985,1071,1187,1071,0,0,1187,530,44.6503791069924,630,53.0749789385004,-100,-8.424599831508,0,0,0,0,-100,395,0,1.10830999066293,0,0,0,0,0,0,0,0,0,0,565,4009,3978,3999,3996,-4,98011,256,86008,243,302,20,60261,66,660,31,310,3984,3977,7,70,1172,227561,
7/17/2026 12:00:00 PM,+07:00,3984.8,3986,3978.4,3982.9,1680,1884,1680,0,0,1884,958,50.8492569002123,903,47.9299363057325,55,2.91932059447983,0,0,0,0,55,450,0,1.12142857142857,0,0,0,0,0,0,0,0,0,0,565,4009,3978,3999,3996,-4,98011,256,86008,243,302,20,60261,66,660,31,310,3984,3977,7,70,1172,227561,
7/17/2026 12:30:00 PM,+07:00,3983,3995.3,3981.5,3988.6,2174,2398,2174,0,0,2398,1205,50.2502085070892,1165,48.582151793161,40,1.66805671392827,0,0,0,0,40,490,0,1.10303587856486,0,0,0,0,0,0,0,0,0,0,565,4009,3978,3999,3996,-4,98011,256,86008,243,302,20,60261,66,660,31,310,3984,3977,7,70,1172,227561,
7/17/2026 1:00:00 PM,+07:00,3988.6,4009.7,3988.5,4007.5,1993,2250,1993,0,0,2250,1157,51.4222222222222,1028,45.6888888888889,129,5.73333333333333,0,0,0,0,129,619,0,1.12895132965379,0,0,0,0,0,0,0,0,0,0,565,4009,3978,3999,3996,-4,98011,256,86008,243,302,20,60261,66,660,31,310,3984,3977,7,70,1172,227561,
7/17/2026 1:30:00 PM,+07:00,4007.2,4010.7,3999.3,4003.1,1279,1405,1279,0,0,1405,610,43.4163701067616,758,53.950177935943,-148,-10.5338078291815,0,0,0,0,-148,471,0,1.09851446442533,0,0,0,0,0,0,0,0,0,0,565,4009,3978,3999,3996,-4,98011,256,86008,243,302,20,60261,66,660,31,310,3984,3977,7,70,1172,227561,
7/17/2026 2:00:00 PM,+07:00,4003.1,4006.6,3997.1,4000,1259,1375,1259,0,0,1375,631,45.8909090909091,721,52.4363636363636,-90,-6.54545454545455,0,0,0,0,-90,381,0,1.09213661636219,0,0,0,0,0,0,0,0,0,0,565,4009,3978,3999,3996,-4,98011,256,86008,243,302,20,60261,66,660,31,310,3984,3977,7,70,1172,227561,
7/17/2026 2:30:00 PM,+07:00,4000.4,4002.6,3996.7,3997,687,765,687,0,0,765,324,42.3529411764706,418,54.640522875817,-94,-12.2875816993464,0,0,0,0,-94,287,0,1.11353711790393,0,0,0,0,0,0,0,0,0,0,565,4009,3978,3999,3996,-4,98011,256,86008,243,302,20,60261,66,660,31,310,3984,3977,7,70,1172,227561,
7/17/2026 3:00:00 PM,+07:00,3996.6,4003.8,3992,3996.3,1789,2105,1789,0,0,2105,954,45.3206650831354,1107,52.5890736342043,-153,-7.26840855106888,0,0,0,0,-153,134,0,1.17663499161543,0,0,0,0,0,0,0,0,0,0,565,4009,3978,3999,3996,-4,98011,256,86008,243,302,20,60261,66,660,31,310,3984,3977,7,70,1172,227561,
7/17/2026 3:30:00 PM,+07:00,3996.3,4003.4,3991.3,3998.4,949,1035,949,0,0,1035,563,54.3961352657005,450,43.4782608695652,113,10.9178743961353,0,0,0,0,113,247,0,1.09062170706006,0,0,0,0,0,0,0,0,0,0,565,4009,3978,3999,3996,-4,98011,256,86008,243,302,20,60261,66,660,31,310,3984,3977,7,70,1172,227561,
7/17/2026 4:00:00 PM,+07:00,3997.9,4006.5,3996.8,4002.9,1016,1148,1016,0,0,1148,590,51.3937282229965,545,47.4738675958188,45,3.9198606271777,0,0,0,0,45,292,0,1.12992125984252,0,0,0,0,0,0,0,0,0,0,565,4009,3978,3999,3996,-4,98011,256,86008,243,302,20,60261,66,660,31,310,3984,3977,7,70,1172,227561,
7/17/2026 4:30:00 PM,+07:00,4003.4,4003.8,3998.6,4001.8,832,1004,832,0,0,1004,545,54.2828685258964,454,45.2191235059761,91,9.06374501992032,0,0,0,0,91,383,0,1.20673076923077,0,0,0,0,0,0,0,0,0,0,565,4009,3978,3999,3996,-4,98011,256,86008,243,302,20,60261,66,660,31,310,3984,3977,7,70,1172,227561,
7/17/2026 5:00:00 PM,+07:00,4001.7,4002.9,3998,3999.6,582,659,582,0,0,659,339,51.4415781487102,310,47.040971168437,29,4.40060698027314,0,0,0,0,29,412,0,1.13230240549828,0,0,0,0,0,0,0,0,0,0,565,4009,3978,3999,3996,-4,98011,256,86008,243,302,20,60261,66,660,31,310,3984,3977,7,70,1172,227561,
7/17/2026 5:30:00 PM,+07:00,3999.8,4000.9,3994.1,3994.4,1014,1075,1014,0,0,1075,487,45.3023255813953,454,42.2325581395349,33,3.06976744186046,0,0,0,0,33,445,0,1.06015779092702,0,0,0,0,0,0,0,0,0,0,565,4009,3978,3999,3996,-4,98011,256,86008,243,302,20,60261,66,660,31,310,3984,3977,7,70,1172,227561,
7/17/2026 6:00:00 PM,+07:00,3994.5,4000.1,3993.6,3999.4,921,1039,921,0,0,1039,529,50.9143407122233,499,48.0269489894129,30,2.88739172281039,0,0,0,0,30,475,0,1.12812160694897,0,0,0,0,0,0,0,0,0,0,565,4009,3978,3999,3996,-4,98011,256,86008,243,302,20,60261,66,660,31,310,3984,3977,7,70,1172,227561,
7/17/2026 6:30:00 PM,+07:00,3999.8,4002.7,3995.1,3997.9,1300,1555,1300,0,0,1555,758,48.7459807073955,770,49.5176848874598,-12,-0.771704180064309,0,0,0,0,-12,463,0,1.19615384615385,0,0,0,0,0,0,0,0,0,0,565,4009,3978,3999,3996,-4,98011,256,86008,243,302,20,60261,66,660,31,310,3984,3977,7,70,1172,227561,
7/17/2026 7:00:00 PM,+07:00,3998.2,3999.6,3987.8,3990.8,2267,2635,2267,0,0,2635,1272,48.2732447817837,1295,49.146110056926,-23,-0.872865275142315,0,0,0,0,-23,440,0,1.16232906925452,0,0,0,0,0,0,0,0,0,0,565,4009,3978,3999,3996,-4,98011,256,86008,243,302,20,60261,66,660,31,310,3984,3977,7,70,1172,227561,
7/17/2026 7:30:00 PM,+07:00,3991,3991.8,3967.7,3969.5,5156,5897,5156,0,0,5897,2851,48.3466169238596,2896,49.1097168051552,-45,-0.763099881295574,0,0,0,0,-45,395,0,1.14371605896043,0,0,0,0,0,0,0,0,0,0,565,4009,3978,3999,3996,-4,98011,256,86008,243,302,20,60261,66,660,31,310,3984,3977,7,70,1172,227561,
7/17/2026 8:00:00 PM,+07:00,3970.1,3979.6,3963,3971.9,4696,5444,4696,0,0,5444,2708,49.7428361498898,2620,48.1263776634827,88,1.61645848640705,0,0,0,0,88,483,0,1.15928449744463,0,0,0,0,0,0,0,0,0,0,565,4009,3978,3999,3996,-4,98011,256,86008,243,302,20,60261,66,660,31,310,3984,3977,7,70,1172,227561,
7/17/2026 8:30:00 PM,+07:00,3971.9,4007.9,3967.1,4001.4,7911,9072,7911,0,0,9072,4742,52.2707231040564,4171,45.9766313932981,571,6.29409171075838,0,0,0,0,571,1054,0,1.14675767918089,0,0,0,0,0,0,0,0,0,0,565,4009,3978,3999,3996,-4,98011,256,86008,243,302,20,60261,66,660,31,310,3984,3977,7,70,1172,227561,
7/17/2026 9:00:00 PM,+07:00,4000.7,4008.9,3994.2,4002.7,4864,5622,4864,0,0,5622,2627,46.7271433653504,2870,51.0494485948061,-243,-4.32230522945571,0,0,0,0,-243,811,0,1.15583881578947,0,0,0,0,0,0,0,0,0,0,565,4009,3978,3999,3996,-4,98011,256,86008,243,302,20,60261,66,660,31,310,3984,3977,7,70,1172,227561,
7/17/2026 9:30:00 PM,+07:00,4002.8,4005.8,3996.3,4005.5,2414,2734,2414,0,0,2734,1268,46.3789319678127,1251,45.7571324067301,17,0.621799561082663,0,0,0,0,17,828,0,1.13256006628003,0,0,0,0,0,0,0,0,0,0,565,4009,3978,3999,3996,-4,98011,256,86008,243,302,20,60261,66,660,31,310,3984,3977,7,70,1172,227561,
7/17/2026 10:00:00 PM,+07:00,4005.5,4019.4,4002,4018.1,5017,5838,5017,0,0,5838,2920,50.0171291538198,2752,47.1394313120932,168,2.87769784172662,0,0,0,0,168,996,0,1.16364361172015,0,0,0,0,0,0,0,0,0,0,565,4009,3978,3999,3996,-4,98011,256,86008,243,302,20,60261,66,660,31,310,3984,3977,7,70,1172,227561,
7/17/2026 10:30:00 PM,+07:00,4017.9,4026.1,4013.6,4024.1,4106,4795,4106,0,0,4795,2311,48.1960375391032,2412,50.3023983315954,-101,-2.10636079249218,0,0,0,0,-101,895,0,1.1678032148076,0,0,0,0,0,0,0,0,0,0,565,4009,3978,3999,3996,-4,98011,256,86008,243,302,20,60261,66,660,31,310,3984,3977,7,70,1172,227561,
7/17/2026 11:00:00 PM,+07:00,4024.4,4028.9,4016,4023.8,4009,4400,4009,0,0,4400,1882,42.7727272727273,2418,54.9545454545455,-536,-12.1818181818182,0,0,0,0,-536,359,0,1.09753055624844,0,0,0,0,0,0,0,0,0,0,565,4009,3978,3999,3996,-4,98011,256,86008,243,302,20,60261,66,660,31,310,3984,3977,7,70,1172,227561,
7/17/2026 11:30:00 PM,+07:00,4023.8,4025.4,4017.5,4019.6,1939,2153,1939,0,0,2153,824,38.2721783557826,1264,58.7087784486763,-440,-20.4366000928936,0,0,0,0,-440,-81,0,1.1103661681279,0,0,0,0,0,0,0,0,0,0,565,4009,3978,3999,3996,-4,98011,256,86008,243,302,20,60261,66,660,31,310,3984,3977,7,70,1172,227561,
7/18/2026 12:00:00 AM,+07:00,4020,4024,4017,4018.7,2082,2300,2082,0,0,2300,985,42.8260869565217,1265,55,-280,-12.1739130434783,0,0,0,0,-280,-280,0,1.10470701248799,0,0,0,0,0,0,0,0,0,0,565,4009,3978,3999,3996,-4,98011,256,86008,243,302,20,60261,66,660,31,310,3984,3977,7,70,1172,227561,
7/18/2026 12:30:00 AM,+07:00,4018.7,4019.5,4012.9,4014.8,1323,1544,1323,0,0,1544,776,50.259067357513,720,46.6321243523316,56,3.62694300518135,0,0,0,0,56,-224,0,1.16704459561602,0,0,0,0,0,0,0,0,0,0,565,4009,3978,3999,3996,-4,98011,256,86008,243,302,20,60261,66,660,31,310,3984,3977,7,70,1172,227561,
7/18/2026 1:00:00 AM,+07:00,4014.9,4021.1,4012.5,4020.7,1081,1233,1081,0,0,1233,659,53.4468775344688,558,45.2554744525547,101,8.19140308191403,0,0,0,0,101,-123,0,1.14061054579093,0,0,0,0,0,0,0,0,0,0,565,4009,3978,3999,3996,-4,98011,256,86008,243,302,20,60261,66,660,31,310,3984,3977,7,70,1172,227561,
7/18/2026 1:30:00 AM,+07:00,4020.3,4021.3,4011.6,4016.1,1075,1309,1075,0,0,1309,649,49.5798319327731,626,47.8227654698243,23,1.75706646294882,0,0,0,0,23,-100,0,1.21767441860465,0,0,0,0,0,0,0,0,0,0,565,4009,3978,3999,3996,-4,98011,256,86008,243,302,20,60261,66,660,31,310,3984,3977,7,70,1172,227561,
7/18/2026 2:00:00 AM,+07:00,4016.4,4016.4,4006.8,4009.9,1070,1312,1070,0,0,1312,634,48.3231707317073,669,50.9908536585366,-35,-2.66768292682927,0,0,0,0,-35,-135,0,1.22616822429907,0,0,0,0,0,0,0,0,0,0,565,4009,3978,3999,3996,-4,98011,256,86008,243,302,20,60261,66,660,31,310,3984,3977,7,70,1172,227561,
7/18/2026 2:30:00 AM,+07:00,4009.9,4020.9,4009.6,4019.9,1298,1449,1298,0,0,1449,814,56.1766735679779,613,42.3050379572119,201,13.871635610766,0,0,0,0,201,66,0,1.11633281972265,0,0,0,0,0,0,0,0,0,0,565,4009,3978,3999,3996,-4,98011,256,86008,243,302,20,60261,66,660,31,310,3984,3977,7,70,1172,227561,
7/18/2026 3:00:00 AM,+07:00,4019.9,4020.3,4013.5,4015.4,554,624,554,0,0,624,276,44.2307692307692,336,53.8461538461538,-60,-9.61538461538462,0,0,0,0,-60,6,0,1.12635379061372,0,0,0,0,0,0,0,0,0,0,565,4009,3978,3999,3996,-4,98011,256,86008,243,302,20,60261,66,660,31,310,3984,3977,7,70,1172,227561,
7/18/2026 3:30:00 AM,+07:00,4015.7,4023,4013.2,4023,785,864,785,0,0,864,477,55.2083333333333,369,42.7083333333333,108,12.5,0,0,0,0,108,114,0,1.10063694267516,0,0,0,0,0,0,0,0,0,0,565,4009,3978,3999,3996,-4,98011,256,86008,243,302,20,60261,66,660,31,310,3984,3977,7,70,1172,227561,
7/20/2026 7:00:00 AM,+07:00,3999.6,4010.1,3986.5,4008.6,2359,3052,2359,0,0,3052,1342,43.9711664482307,1671,54.7509829619921,-329,-10.7798165137615,0,0,0,0,-329,-329,0,1.29376854599407,0,0,0,0,0,0,0,0,0,0,469,4026,4008,4012,4017,-1,81385,-16,68978,315,130,24,59838,59,590,18,180,4015,3987,28,280,4693,220752,
7/20/2026 7:30:00 AM,+07:00,4008.4,4014.5,4002.4,4013.7,1477,1641,1477,0,0,1641,765,46.617915904936,869,52.9555149299208,-104,-6.33759902498476,0,0,0,0,-104,-433,0,1.11103588354773,0,0,0,0,0,0,0,0,0,0,469,4026,4008,4012,4017,-1,81385,-16,68978,315,130,24,59838,59,590,18,180,4015,3987,28,280,4693,220752,
7/20/2026 8:00:00 AM,+07:00,4013.5,4025.7,4004.1,4007.5,3255,4099,3255,0,0,4099,1983,48.3776530861186,2065,50.3781410100024,-82,-2.00048792388387,0,0,0,0,-82,-515,0,1.25929339477727,0,0,0,0,0,0,0,0,0,0,469,4026,4008,4012,4017,-1,81385,-16,68978,315,130,24,59838,59,590,18,180,4015,3987,28,280,4693,220752,
7/20/2026 8:30:00 AM,+07:00,4007.3,4010.4,4000.1,4007,992,1094,992,0,0,1094,534,48.8117001828154,530,48.4460694698355,4,0.36563071297989,0,0,0,0,4,-511,0,1.10282258064516,0,0,0,0,0,0,0,0,0,0,469,4026,4008,4012,4017,-1,81385,-16,68978,315,130,24,59838,59,590,18,180,4015,3987,28,280,4693,220752,
7/20/2026 9:00:00 AM,+07:00,4007.3,4014.7,4006,4011.5,804,959,804,0,0,959,508,52.9718456725756,435,45.3597497393118,73,7.61209593326382,0,0,0,0,73,-438,0,1.19278606965174,0,0,0,0,0,0,0,0,0,0,469,4026,4008,4012,4017,-1,81385,-16,68978,315,130,24,59838,59,590,18,180,4015,3987,28,280,4693,220752,
7/20/2026 9:30:00 AM,+07:00,4011.4,4034.2,4010.7,4027.1,2274,2744,2274,0,0,2744,1647,60.0218658892128,1057,38.5204081632653,590,21.5014577259475,0,0,0,0,590,152,0,1.20668425681618,0,0,0,0,0,0,0,0,0,0,469,4026,4008,4012,4017,-1,81385,-16,68978,315,130,24,59838,59,590,18,180,4015,3987,28,280,4693,220752,
7/20/2026 10:00:00 AM,+07:00,4026.7,4031.7,4023.5,4027.5,911,995,911,0,0,995,516,51.8592964824121,474,47.6381909547739,42,4.22110552763819,0,0,0,0,42,194,0,1.09220636663008,0,0,0,0,0,0,0,0,0,0,469,4026,4008,4012,4017,-1,81385,-16,68978,315,130,24,59838,59,590,18,180,4015,3987,28,280,4693,220752,
7/20/2026 10:30:00 AM,+07:00,4027.6,4032.7,4023.9,4028.7,861,904,861,0,0,904,450,49.7787610619469,438,48.4513274336283,12,1.32743362831858,0,0,0,0,12,206,0,1.04994192799071,0,0,0,0,0,0,0,0,0,0,469,4026,4008,4012,4017,-1,81385,-16,68978,315,130,24,59838,59,590,18,180,4015,3987,28,280,4693,220752,
7/20/2026 11:00:00 AM,+07:00,4028.7,4031.3,4025.9,4029.8,555,571,555,0,0,571,327,57.2679509632224,239,41.8563922942207,88,15.4115586690018,0,0,0,0,88,294,0,1.02882882882883,0,0,0,0,0,0,0,0,0,0,469,4026,4008,4012,4017,-1,81385,-16,68978,315,130,24,59838,59,590,18,180,4015,3987,28,280,4693,220752,
7/20/2026 11:30:00 AM,+07:00,4029.8,4029.8,4022.6,4022.8,648,686,648,0,0,686,303,44.1690962099125,373,54.3731778425656,-70,-10.2040816326531,0,0,0,0,-70,224,0,1.05864197530864,0,0,0,0,0,0,0,0,0,0,469,4026,4008,4012,4017,-1,81385,-16,68978,315,130,24,59838,59,590,18,180,4015,3987,28,280,4693,220752,
7/20/2026 12:00:00 PM,+07:00,4023.3,4025.1,4013.6,4014.5,1075,1272,1075,0,0,1272,677,53.2232704402516,573,45.0471698113208,104,8.17610062893082,0,0,0,0,104,328,0,1.18325581395349,0,0,0,0,0,0,0,0,0,0,469,4026,4008,4012,4017,-1,81385,-16,68978,315,130,24,59838,59,590,18,180,4015,3987,28,280,4693,220752,
7/20/2026 12:30:00 PM,+07:00,4014.7,4018.7,4009.5,4012.3,1040,1174,1040,0,0,1174,623,53.0664395229983,536,45.6558773424191,87,7.41056218057922,0,0,0,0,87,415,0,1.12884615384615,0,0,0,0,0,0,0,0,0,0,469,4026,4008,4012,4017,-1,81385,-16,68978,315,130,24,59838,59,590,18,180,4015,3987,28,280,4693,220752,
7/20/2026 1:00:00 PM,+07:00,4012.4,4015.9,4008.1,4009.9,814,921,814,0,0,921,430,46.6883821932682,467,50.7057546145494,-37,-4.01737242128122,0,0,0,0,-37,378,0,1.13144963144963,0,0,0,0,0,0,0,0,0,0,469,4026,4008,4012,4017,-1,81385,-16,68978,315,130,24,59838,59,590,18,180,4015,3987,28,280,4693,220752,
7/20/2026 1:30:00 PM,+07:00,4009.1,4011.9,4007,4008.2,799,886,799,0,0,886,444,50.1128668171558,432,48.7584650112867,12,1.35440180586907,0,0,0,0,12,390,0,1.10888610763454,0,0,0,0,0,0,0,0,0,0,469,4026,4008,4012,4017,-1,81385,-16,68978,315,130,24,59838,59,590,18,180,4015,3987,28,280,4693,220752,
7/20/2026 2:00:00 PM,+07:00,4008,4013.2,4006.5,4011.3,1190,1298,1190,0,0,1298,637,49.075500770416,643,49.537750385208,-6,-0.462249614791988,0,0,0,0,-6,384,0,1.09075630252101,0,0,0,0,0,0,0,0,0,0,469,4026,4008,4012,4017,-1,81385,-16,68978,315,130,24,59838,59,590,18,180,4015,3987,28,280,4693,220752,
7/20/2026 2:30:00 PM,+07:00,4011.4,4026.7,4011.3,4022,2293,2800,2293,0,0,2800,1319,47.1071428571429,1436,51.2857142857143,-117,-4.17857142857143,0,0,0,0,-117,267,0,1.22110771914522,0,0,0,0,0,0,0,0,0,0,469,4026,4008,4012,4017,-1,81385,-16,68978,315,130,24,59838,59,590,18,180,4015,3987,28,280,4693,220752,
7/20/2026 3:00:00 PM,+07:00,4022.2,4035.5,4022.2,4027.1,2039,2417,2039,0,0,2417,1208,49.9793131981796,1185,49.0277203144394,23,0.951592883740174,0,0,0,0,23,290,0,1.18538499264345,0,0,0,0,0,0,0,0,0,0,469,4026,4008,4012,4017,-1,81385,-16,68978,315,130,24,59838,59,590,18,180,4015,3987,28,280,4693,220752,
7/20/2026 3:30:00 PM,+07:00,4026.7,4029.5,4021.8,4023.3,1238,1510,1238,0,0,1510,828,54.8344370860927,667,44.1721854304636,161,10.6622516556291,0,0,0,0,161,451,0,1.21970920840065,0,0,0,0,0,0,0,0,0,0,469,4026,4008,4012,4017,-1,81385,-16,68978,315,130,24,59838,59,590,18,180,4015,3987,28,280,4693,220752,
7/20/2026 4:00:00 PM,+07:00,4023,4026.2,4019.2,4020.3,718,870,718,0,0,870,380,43.6781609195402,464,53.3333333333333,-84,-9.6551724137931,0,0,0,0,-84,367,0,1.2116991643454,0,0,0,0,0,0,0,0,0,0,469,4026,4008,4012,4017,-1,81385,-16,68978,315,130,24,59838,59,590,18,180,4015,3987,28,280,4693,220752,
7/20/2026 4:30:00 PM,+07:00,4020.3,4027.7,4018.7,4025.3,1160,1348,1160,0,0,1348,625,46.3649851632048,711,52.7448071216617,-86,-6.37982195845697,0,0,0,0,-86,281,0,1.16206896551724,0,0,0,0,0,0,0,0,0,0,469,4026,4008,4012,4017,-1,81385,-16,68978,315,130,24,59838,59,590,18,180,4015,3987,28,280,4693,220752,
7/20/2026 5:00:00 PM,+07:00,4025.8,4027.9,4022.4,4026.7,515,568,515,0,0,568,304,53.5211267605634,250,44.0140845070423,54,9.50704225352113,0,0,0,0,54,335,0,1.10291262135922,0,0,0,0,0,0,0,0,0,0,469,4026,4008,4012,4017,-1,81385,-16,68978,315,130,24,59838,59,590,18,180,4015,3987,28,280,4693,220752,
7/20/2026 5:30:00 PM,+07:00,4026.3,4030.4,4025.6,4029,573,640,573,0,0,640,340,53.125,286,44.6875,54,8.4375,0,0,0,0,54,389,0,1.11692844677138,0,0,0,0,0,0,0,0,0,0,469,4026,4008,4012,4017,-1,81385,-16,68978,315,130,24,59838,59,590,18,180,4015,3987,28,280,4693,220752,
7/20/2026 6:00:00 PM,+07:00,4029,4032,4024.4,4026.5,923,1044,923,0,0,1044,507,48.5632183908046,473,45.3065134099617,34,3.25670498084291,0,0,0,0,34,423,0,1.13109425785482,0,0,0,0,0,0,0,0,0,0,469,4026,4008,4012,4017,-1,81385,-16,68978,315,130,24,59838,59,590,18,180,4015,3987,28,280,4693,220752,
7/20/2026 6:30:00 PM,+07:00,4026.5,4046,4025.9,4030.5,4746,5426,4746,0,0,5426,2696,49.6866936970144,2670,49.2075193512717,26,0.47917434574272,0,0,0,0,26,449,0,1.1432785503582,0,0,0,0,0,0,0,0,0,0,469,4026,4008,4012,4017,-1,81385,-16,68978,315,130,24,59838,59,590,18,180,4015,3987,28,280,4693,220752,
7/20/2026 7:00:00 PM,+07:00,4030,4030.2,4010.6,4017,4068,4995,4068,0,0,4995,2399,48.028028028028,2493,49.9099099099099,-94,-1.88188188188188,0,0,0,0,-94,355,0,1.22787610619469,0,0,0,0,0,0,0,0,0,0,469,4026,4008,4012,4017,-1,81385,-16,68978,315,130,24,59838,59,590,18,180,4015,3987,28,280,4693,220752,
7/20/2026 7:30:00 PM,+07:00,4017.1,4019.8,4010.1,4012,2761,3512,2761,0,0,3512,1308,37.243735763098,2139,60.9054669703872,-831,-23.6617312072893,0,0,0,0,-831,-476,0,1.27200289750091,0,0,0,0,0,0,0,0,0,0,469,4026,4008,4012,4017,-1,81385,-16,68978,315,130,24,59838,59,590,18,180,4015,3987,28,280,4693,220752,
7/20/2026 8:00:00 PM,+07:00,4012.2,4017.9,4010.8,4012.4,1835,2141,1835,0,0,2141,1056,49.3227463801962,1044,48.7622606258758,12,0.560485754320411,0,0,0,0,12,-464,0,1.16675749318801,0,0,0,0,0,0,0,0,0,0,469,4026,4008,4012,4017,-1,81385,-16,68978,315,130,24,59838,59,590,18,180,4015,3987,28,280,4693,220752,
7/20/2026 8:30:00 PM,+07:00,4013.1,4021.6,4009.4,4009.5,3607,4157,3607,0,0,4157,2005,48.2318980033678,2070,49.7955256194371,-65,-1.56362761606928,0,0,0,0,-65,-529,0,1.15248128638758,0,0,0,0,0,0,0,0,0,0,469,4026,4008,4012,4017,-1,81385,-16,68978,315,130,24,59838,59,590,18,180,4015,3987,28,280,4693,220752,
7/20/2026 9:00:00 PM,+07:00,4009.4,4011.9,4001.6,4010.6,3780,4376,3780,0,0,4376,2044,46.709323583181,2224,50.8226691042048,-180,-4.11334552102377,0,0,0,0,-180,-709,0,1.15767195767196,0,0,0,0,0,0,0,0,0,0,469,4026,4008,4012,4017,-1,81385,-16,68978,315,130,24,59838,59,590,18,180,4015,3987,28,280,4693,220752,
7/20/2026 9:30:00 PM,+07:00,4010.8,4018.6,4009.1,4010.5,3053,4024,3053,0,0,4024,2048,50.8946322067594,1887,46.8936381709742,161,4.00099403578529,0,0,0,0,161,-548,0,1.31804782181461,0,0,0,0,0,0,0,0,0,0,469,4026,4008,4012,4017,-1,81385,-16,68978,315,130,24,59838,59,590,18,180,4015,3987,28,280,4693,220752,
7/20/2026 10:00:00 PM,+07:00,4010.4,4023.9,4008.7,4020.8,3126,3784,3126,0,0,3784,1969,52.0348837209302,1749,46.2209302325581,220,5.81395348837209,0,0,0,0,220,-328,0,1.21049264235445,0,0,0,0,0,0,0,0,0,0,469,4026,4008,4012,4017,-1,81385,-16,68978,315,130,24,59838,59,590,18,180,4015,3987,28,280,4693,220752,
7/20/2026 10:30:00 PM,+07:00,4020.7,4021.3,4014.4,4016.2,1597,1891,1597,0,0,1891,966,51.0840824960338,893,47.2236911686938,73,3.86039132734003,0,0,0,0,73,-255,0,1.18409517845961,0,0,0,0,0,0,0,0,0,0,469,4026,4008,4012,4017,-1,81385,-16,68978,315,130,24,59838,59,590,18,180,4015,3987,28,280,4693,220752,
7/20/2026 11:00:00 PM,+07:00,4016.3,4022.8,4015.2,4017,1261,1475,1261,0,0,1475,790,53.5593220338983,615,41.6949152542373,175,11.864406779661,0,0,0,0,175,-80,0,1.16970658207772,0,0,0,0,0,0,0,0,0,0,469,4026,4008,4012,4017,-1,81385,-16,68978,315,130,24,59838,59,590,18,180,4015,3987,28,280,4693,220752,
7/20/2026 11:30:00 PM,+07:00,4016.8,4017,4005.2,4013.9,2323,2521,2323,0,0,2521,1050,41.6501388337961,1420,56.3268544228481,-370,-14.676715589052,0,0,0,0,-370,-450,0,1.08523461041756,0,0,0,0,0,0,0,0,0,0,469,4026,4008,4012,4017,-1,81385,-16,68978,315,130,24,59838,59,590,18,180,4015,3987,28,280,4693,220752,
7/21/2026 12:00:00 AM,+07:00,4013.9,4017,4012.9,4016.1,1529,1662,1529,0,0,1662,774,46.5703971119134,730,43.9229843561974,44,2.647412755716,0,0,0,0,44,44,0,1.08698495748855,0,0,0,0,0,0,0,0,0,0,469,4026,4008,4012,4017,-1,81385,-16,68978,315,130,24,59838,59,590,18,180,4015,3987,28,280,4693,220752,
7/21/2026 12:30:00 AM,+07:00,4016.2,4017,4007.8,4009.2,1179,1438,1179,0,0,1438,764,53.1293463143254,634,44.0890125173853,130,9.04033379694019,0,0,0,0,130,174,0,1.21967769296014,0,0,0,0,0,0,0,0,0,0,469,4026,4008,4012,4017,-1,81385,-16,68978,315,130,24,59838,59,590,18,180,4015,3987,28,280,4693,220752,
7/21/2026 1:00:00 AM,+07:00,4009.4,4016.4,4007.7,4011,1288,1540,1288,0,0,1540,809,52.5324675324675,703,45.6493506493506,106,6.88311688311688,0,0,0,0,106,280,0,1.19565217391304,0,0,0,0,0,0,0,0,0,0,469,4026,4008,4012,4017,-1,81385,-16,68978,315,130,24,59838,59,590,18,180,4015,3987,28,280,4693,220752,
7/21/2026 1:30:00 AM,+07:00,4011.2,4013,4008.5,4012.1,568,685,568,0,0,685,329,48.029197080292,351,51.2408759124088,-22,-3.21167883211679,0,0,0,0,-22,258,0,1.20598591549296,0,0,0,0,0,0,0,0,0,0,469,4026,4008,4012,4017,-1,81385,-16,68978,315,130,24,59838,59,590,18,180,4015,3987,28,280,4693,220752,
7/21/2026 2:00:00 AM,+07:00,4011.5,4017.5,4008.5,4017.4,881,954,881,0,0,954,554,58.0712788259958,383,40.146750524109,171,17.9245283018868,0,0,0,0,171,429,0,1.08286038592509,0,0,0,0,0,0,0,0,0,0,469,4026,4008,4012,4017,-1,81385,-16,68978,315,130,24,59838,59,590,18,180,4015,3987,28,280,4693,220752,
7/21/2026 2:30:00 AM,+07:00,4017.2,4022.2,4009.3,4010.7,1991,2297,1991,0,0,2297,1157,50.3700478885503,1065,46.3648236830649,92,4.00522420548542,0,0,0,0,92,521,0,1.15369161225515,0,0,0,0,0,0,0,0,0,0,469,4026,4008,4012,4017,-1,81385,-16,68978,315,130,24,59838,59,590,18,180,4015,3987,28,280,4693,220752,
7/21/2026 3:00:00 AM,+07:00,4011.1,4013.5,4009.8,4012.1,443,477,443,0,0,477,213,44.6540880503145,202,42.3480083857442,11,2.30607966457023,0,0,0,0,11,532,0,1.07674943566591,0,0,0,0,0,0,0,0,0,0,469,4026,4008,4012,4017,-1,81385,-16,68978,315,130,24,59838,59,590,18,180,4015,3987,28,280,4693,220752,
7/21/2026 3:30:00 AM,+07:00,4012.6,4013.4,4008.4,4011.8,429,537,429,0,0,537,177,32.9608938547486,275,51.2104283054004,-98,-18.2495344506518,0,0,0,0,-98,434,0,1.25174825174825,0,0,0,0,0,0,0,0,0,0,469,4026,4008,4012,4017,-1,81385,-16,68978,315,130,24,59838,59,590,18,180,4015,3987,28,280,4693,220752,
7/21/2026 5:00:00 AM,+07:00,4013.4,4014.7,4008.3,4013.1,807,869,807,0,0,869,490,56.3866513233602,355,40.8515535097814,135,15.5350978135788,0,0,0,0,135,569,0,1.07682775712516,0,0,0,0,0,0,0,0,0,0,512,4090,4051,4073,4048,9,97545,-824,84645,155,342,15,76983,90,900,39,390,4015,4003,12,120,3035,212171,
7/21/2026 5:30:00 AM,+07:00,4012.8,4013.1,4003.3,4004,1877,2166,1877,0,0,2166,965,44.5521698984303,1163,53.6934441366574,-198,-9.14127423822715,0,0,0,0,-198,371,0,1.15396909962706,0,0,0,0,0,0,0,0,0,0,512,4090,4051,4073,4048,9,97545,-824,84645,155,342,15,76983,90,900,39,390,4015,4003,12,120,3035,212171,
7/21/2026 6:00:00 AM,+07:00,4004.2,4013.4,4003.3,4007.9,1233,1342,1233,0,0,1342,656,48.8822652757079,658,49.0312965722802,-2,-0.14903129657228,0,0,0,0,-2,369,0,1.08840227088402,0,0,0,0,0,0,0,0,0,0,512,4090,4051,4073,4048,9,97545,-824,84645,155,342,15,76983,90,900,39,390,4015,4003,12,120,3035,212171,
7/21/2026 6:30:00 AM,+07:00,4007.9,4015.1,4007.9,4014.4,607,663,607,0,0,663,320,48.2654600301659,334,50.3770739064857,-14,-2.11161387631976,0,0,0,0,-14,355,0,1.09225700164745,0,0,0,0,0,0,0,0,0,0,512,4090,4051,4073,4048,9,97545,-824,84645,155,342,15,76983,90,900,39,390,4015,4003,12,120,3035,212171,
7/21/2026 7:00:00 AM,+07:00,4014.5,4023,4008.3,4019.6,927,1036,927,0,0,1036,540,52.1235521235521,489,47.2007722007722,51,4.92277992277992,0,0,0,0,51,406,0,1.1175836030205,0,0,0,0,0,0,0,0,0,0,512,4090,4051,4073,4048,9,97545,-824,84645,155,342,15,76983,90,900,39,390,4015,4003,12,120,3035,212171,
7/21/2026 7:30:00 AM,+07:00,4018.8,4032,4018.6,4029.6,1246,1376,1246,0,0,1376,731,53.125,634,46.0755813953488,97,7.04941860465116,0,0,0,0,97,503,0,1.10433386837881,0,0,0,0,0,0,0,0,0,0,512,4090,4051,4073,4048,9,97545,-824,84645,155,342,15,76983,90,900,39,390,4015,4003,12,120,3035,212171,
7/21/2026 8:00:00 AM,+07:00,4029.8,4041,4022.5,4032.9,3345,3664,3345,0,0,3664,1757,47.953056768559,1863,50.8460698689956,-106,-2.89301310043668,0,0,0,0,-106,397,0,1.09536621823617,0,0,0,0,0,0,0,0,0,0,512,4090,4051,4073,4048,9,97545,-824,84645,155,342,15,76983,90,900,39,390,4015,4003,12,120,3035,212171,
7/21/2026 8:30:00 AM,+07:00,4033.4,4035.4,4025.4,4027.6,1915,2133,1915,0,0,2133,999,46.8354430379747,1126,52.7894983591186,-127,-5.95405532114393,0,0,0,0,-127,270,0,1.11383812010444,0,0,0,0,0,0,0,0,0,0,512,4090,4051,4073,4048,9,97545,-824,84645,155,342,15,76983,90,900,39,390,4015,4003,12,120,3035,212171,
7/21/2026 9:00:00 AM,+07:00,4027.5,4034.3,4025.9,4033.1,952,1052,952,0,0,1052,554,52.6615969581749,488,46.3878326996198,66,6.27376425855513,0,0,0,0,66,336,0,1.10504201680672,0,0,0,0,0,0,0,0,0,0,512,4090,4051,4073,4048,9,97545,-824,84645,155,342,15,76983,90,900,39,390,4015,4003,12,120,3035,212171,
7/21/2026 9:30:00 AM,+07:00,4033.5,4049.8,4032.2,4042.7,2665,2961,2665,0,0,2961,1390,46.9436001350895,1512,51.063829787234,-122,-4.12022965214455,0,0,0,0,-122,214,0,1.11106941838649,0,0,0,0,0,0,0,0,0,0,512,4090,4051,4073,4048,9,97545,-824,84645,155,342,15,76983,90,900,39,390,4015,4003,12,120,3035,212171,
7/21/2026 10:00:00 AM,+07:00,4042.3,4057.2,4041.3,4052,2019,2173,2019,0,0,2173,1177,54.1647491946618,961,44.2245743212149,216,9.94017487344685,0,0,0,0,216,430,0,1.07627538385339,0,0,0,0,0,0,0,0,0,0,512,4090,4051,4073,4048,9,97545,-824,84645,155,342,15,76983,90,900,39,390,4015,4003,12,120,3035,212171,
7/21/2026 10:30:00 AM,+07:00,4052.1,4054,4046.5,4051.8,930,989,930,0,0,989,461,46.6127401415571,503,50.8594539939333,-42,-4.24671385237614,0,0,0,0,-42,388,0,1.06344086021505,0,0,0,0,0,0,0,0,0,0,512,4090,4051,4073,4048,9,97545,-824,84645,155,342,15,76983,90,900,39,390,4015,4003,12,120,3035,212171,
7/21/2026 11:00:00 AM,+07:00,4051.7,4056.6,4048.4,4049.5,1114,1187,1114,0,0,1187,582,49.0311710193766,582,49.0311710193766,0,0,0,0,0,0,0,388,0,1.06552962298025,0,0,0,0,0,0,0,0,0,0,512,4090,4051,4073,4048,9,97545,-824,84645,155,342,15,76983,90,900,39,390,4015,4003,12,120,3035,212171,
7/21/2026 11:30:00 AM,+07:00,4049.5,4054.6,4049,4054.3,555,588,555,0,0,588,274,46.5986394557823,299,50.8503401360544,-25,-4.25170068027211,0,0,0,0,-25,363,0,1.05945945945946,0,0,0,0,0,0,0,0,0,0,512,4090,4051,4073,4048,9,97545,-824,84645,155,342,15,76983,90,900,39,390,4015,4003,12,120,3035,212171,
7/21/2026 12:00:00 PM,+07:00,4054.1,4061.5,4051.1,4058.9,1518,1715,1518,0,0,1715,942,54.9271137026239,754,43.9650145772595,188,10.9620991253644,0,0,0,0,188,551,0,1.12977602108037,0,0,0,0,0,0,0,0,0,0,512,4090,4051,4073,4048,9,97545,-824,84645,155,342,15,76983,90,900,39,390,4015,4003,12,120,3035,212171,
7/21/2026 12:30:00 PM,+07:00,4059.7,4072.8,4059.5,4066,3343,4198,3343,0,0,4198,2168,51.6436398284898,1927,45.9028108623154,241,5.74082896617437,0,0,0,0,241,792,0,1.25575830092731,0,0,0,0,0,0,0,0,0,0,512,4090,4051,4073,4048,9,97545,-824,84645,155,342,15,76983,90,900,39,390,4015,4003,12,120,3035,212171,
7/21/2026 1:00:00 PM,+07:00,4066,4079,4066,4076.9,2369,2722,2369,0,0,2722,1429,52.4981631153564,1213,44.5628214548126,216,7.93534166054372,0,0,0,0,216,1008,0,1.14900802026171,0,0,0,0,0,0,0,0,0,0,512,4090,4051,4073,4048,9,97545,-824,84645,155,342,15,76983,90,900,39,390,4015,4003,12,120,3035,212171,
7/21/2026 1:30:00 PM,+07:00,4077.1,4088.4,4076.2,4083,2605,3327,2605,0,0,3327,1632,49.0532010820559,1585,47.6405169822663,47,1.4126840997896,0,0,0,0,47,1055,0,1.27715930902111,0,0,0,0,0,0,0,0,0,0,512,4090,4051,4073,4048,9,97545,-824,84645,155,342,15,76983,90,900,39,390,4015,4003,12,120,3035,212171,
7/21/2026 2:00:00 PM,+07:00,4083.3,4084.8,4072.6,4074.1,2030,2395,2030,0,0,2395,998,41.6701461377871,1274,53.1941544885177,-276,-11.5240083507307,0,0,0,0,-276,779,0,1.17980295566502,0,0,0,0,0,0,0,0,0,0,512,4090,4051,4073,4048,9,97545,-824,84645,155,342,15,76983,90,900,39,390,4015,4003,12,120,3035,212171,
7/21/2026 2:30:00 PM,+07:00,4073.9,4079.9,4072.1,4075.7,1372,1592,1372,0,0,1592,639,40.1381909547739,915,57.4748743718593,-276,-17.3366834170854,0,0,0,0,-276,503,0,1.16034985422741,0,0,0,0,0,0,0,0,0,0,512,4090,4051,4073,4048,9,97545,-824,84645,155,342,15,76983,90,900,39,390,4015,4003,12,120,3035,212171,
7/21/2026 3:00:00 PM,+07:00,4075.6,4076.9,4067.3,4067.9,1603,1845,1603,0,0,1845,730,39.5663956639566,1022,55.3929539295393,-292,-15.8265582655827,0,0,0,0,-292,211,0,1.15096693699314,0,0,0,0,0,0,0,0,0,0,512,4090,4051,4073,4048,9,97545,-824,84645,155,342,15,76983,90,900,39,390,4015,4003,12,120,3035,212171,
7/21/2026 3:30:00 PM,+07:00,4067.7,4069.7,4063.6,4067.4,1441,1660,1441,0,0,1660,831,50.0602409638554,808,48.6746987951807,23,1.3855421686747,0,0,0,0,23,234,0,1.15197779319917,0,0,0,0,0,0,0,0,0,0,512,4090,4051,4073,4048,9,97545,-824,84645,155,342,15,76983,90,900,39,390,4015,4003,12,120,3035,212171,
7/21/2026 4:00:00 PM,+07:00,4067.7,4072.8,4066.7,4067.3,1497,1732,1497,0,0,1732,802,46.3048498845266,858,49.5381062355658,-56,-3.23325635103926,0,0,0,0,-56,178,0,1.15698062792251,0,0,0,0,0,0,0,0,0,0,512,4090,4051,4073,4048,9,97545,-824,84645,155,342,15,76983,90,900,39,390,4015,4003,12,120,3035,212171,
7/21/2026 4:30:00 PM,+07:00,4067.4,4074.4,4065.4,4070.2,1632,1912,1632,0,0,1912,962,50.3138075313807,883,46.1820083682008,79,4.13179916317992,0,0,0,0,79,257,0,1.17156862745098,0,0,0,0,0,0,0,0,0,0,512,4090,4051,4073,4048,9,97545,-824,84645,155,342,15,76983,90,900,39,390,4015,4003,12,120,3035,212171,
7/21/2026 5:00:00 PM,+07:00,4070.5,4074,4065.1,4071.7,1237,1383,1237,0,0,1383,591,42.7331887201735,746,53.940708604483,-155,-11.2075198843095,0,0,0,0,-155,102,0,1.11802748585287,0,0,0,0,0,0,0,0,0,0,512,4090,4051,4073,4048,9,97545,-824,84645,155,342,15,76983,90,900,39,390,4015,4003,12,120,3035,212171,
7/21/2026 5:30:00 PM,+07:00,4071.6,4074.8,4067,4067.3,1091,1273,1091,0,0,1273,621,48.7824037706206,623,48.9395129615082,-2,-0.157109190887667,0,0,0,0,-2,100,0,1.16681943171402,0,0,0,0,0,0,0,0,0,0,512,4090,4051,4073,4048,9,97545,-824,84645,155,342,15,76983,90,900,39,390,4015,4003,12,120,3035,212171,
7/21/2026 6:00:00 PM,+07:00,4067.7,4068.3,4059.9,4062.6,1384,1786,1384,0,0,1786,662,37.0660694288914,1090,61.030235162374,-428,-23.9641657334826,0,0,0,0,-428,-328,0,1.29046242774566,0,0,0,0,0,0,0,0,0,0,512,4090,4051,4073,4048,9,97545,-824,84645,155,342,15,76983,90,900,39,390,4015,4003,12,120,3035,212171,
7/21/2026 6:30:00 PM,+07:00,4062.8,4066.3,4058.9,4060.6,1064,1150,1064,0,0,1150,570,49.5652173913044,544,47.304347826087,26,2.26086956521739,0,0,0,0,26,-302,0,1.08082706766917,0,0,0,0,0,0,0,0,0,0,512,4090,4051,4073,4048,9,97545,-824,84645,155,342,15,76983,90,900,39,390,4015,4003,12,120,3035,212171,
7/21/2026 7:00:00 PM,+07:00,4060.5,4070.4,4060.3,4066,2250,2476,2250,0,0,2476,1199,48.4248788368336,1199,48.4248788368336,0,0,0,0,0,0,0,-302,0,1.10044444444444,0,0,0,0,0,0,0,0,0,0,512,4090,4051,4073,4048,9,97545,-824,84645,155,342,15,76983,90,900,39,390,4015,4003,12,120,3035,212171,
7/21/2026 7:30:00 PM,+07:00,4066.3,4068.2,4055,4058,3336,3800,3336,0,0,3800,1588,41.7894736842105,2117,55.7105263157895,-529,-13.9210526315789,0,0,0,0,-529,-831,0,1.13908872901679,0,0,0,0,0,0,0,0,0,0,512,4090,4051,4073,4048,9,97545,-824,84645,155,342,15,76983,90,900,39,390,4015,4003,12,120,3035,212171,
7/21/2026 8:00:00 PM,+07:00,4058.3,4066.1,4054.3,4055.2,2401,2696,2401,0,0,2696,1250,46.3649851632048,1382,51.2611275964392,-132,-4.89614243323442,0,0,0,0,-132,-963,0,1.1228654727197,0,0,0,0,0,0,0,0,0,0,512,4090,4051,4073,4048,9,97545,-824,84645,155,342,15,76983,90,900,39,390,4015,4003,12,120,3035,212171,
7/21/2026 8:30:00 PM,+07:00,4055.5,4061.7,4048.4,4057.2,4230,5060,4230,0,0,5060,2493,49.2687747035573,2476,48.9328063241107,17,0.33596837944664,0,0,0,0,17,-946,0,1.19621749408983,0,0,0,0,0,0,0,0,0,0,512,4090,4051,4073,4048,9,97545,-824,84645,155,342,15,76983,90,900,39,390,4015,4003,12,120,3035,212171,
7/21/2026 9:00:00 PM,+07:00,4057.5,4074.1,4055.4,4074.1,4868,5826,4868,0,0,5826,2976,51.081359423275,2707,46.4641263302437,269,4.61723309303124,0,0,0,0,269,-677,0,1.19679539852095,0,0,0,0,0,0,0,0,0,0,512,4090,4051,4073,4048,9,97545,-824,84645,155,342,15,76983,90,900,39,390,4015,4003,12,120,3035,212171,
7/21/2026 9:30:00 PM,+07:00,4074,4079.1,4066.8,4072.9,3757,4341,3757,0,0,4341,2253,51.9004837595024,1979,45.5885740612762,274,6.31190969822622,0,0,0,0,274,-403,0,1.15544317274421,0,0,0,0,0,0,0,0,0,0,512,4090,4051,4073,4048,9,97545,-824,84645,155,342,15,76983,90,900,39,390,4015,4003,12,120,3035,212171,
7/21/2026 10:00:00 PM,+07:00,4072.5,4083.8,4069.8,4081.4,3150,3838,3150,0,0,3838,2081,54.2209484106305,1674,43.6164669098489,407,10.6044815007817,0,0,0,0,407,4,0,1.2184126984127,0,0,0,0,0,0,0,0,0,0,512,4090,4051,4073,4048,9,97545,-824,84645,155,342,15,76983,90,900,39,390,4015,4003,12,120,3035,212171,
7/21/2026 10:30:00 PM,+07:00,4080.9,4088,4075.8,4078.6,3500,4116,3500,0,0,4116,1886,45.821185617104,2124,51.6034985422741,-238,-5.78231292517007,0,0,0,0,-238,-234,0,1.176,0,0,0,0,0,0,0,0,0,0,512,4090,4051,4073,4048,9,97545,-824,84645,155,342,15,76983,90,900,39,390,4015,4003,12,120,3035,212171,
7/21/2026 11:00:00 PM,+07:00,4078.5,4083.5,4077.4,4080,1384,1605,1384,0,0,1605,793,49.4080996884735,769,47.9127725856698,24,1.49532710280374,0,0,0,0,24,-210,0,1.15968208092486,0,0,0,0,0,0,0,0,0,0,512,4090,4051,4073,4048,9,97545,-824,84645,155,342,15,76983,90,900,39,390,4015,4003,12,120,3035,212171,
7/21/2026 11:30:00 PM,+07:00,4079.8,4080.5,4074.1,4075.9,1423,1616,1423,0,0,1616,793,49.0717821782178,772,47.7722772277228,21,1.29950495049505,0,0,0,0,21,-189,0,1.13562895291637,0,0,0,0,0,0,0,0,0,0,512,4090,4051,4073,4048,9,97545,-824,84645,155,342,15,76983,90,900,39,390,4015,4003,12,120,3035,212171,
7/22/2026 12:00:00 AM,+07:00,4076,4077.2,4073.3,4076.7,1551,1638,1551,0,0,1638,794,48.4737484737485,775,47.3137973137973,19,1.15995115995116,0,0,0,0,19,19,0,1.05609284332689,0,0,0,0,0,0,0,0,0,0,512,4090,4051,4073,4048,9,97545,-824,84645,155,342,15,76983,90,900,39,390,4015,4003,12,120,3035,212171,
7/22/2026 12:30:00 AM,+07:00,4076.7,4076.7,4071,4073,875,990,875,0,0,990,445,44.949494949495,487,49.1919191919192,-42,-4.24242424242424,0,0,0,0,-42,-23,0,1.13142857142857,0,0,0,0,0,0,0,0,0,0,512,4090,4051,4073,4048,9,97545,-824,84645,155,342,15,76983,90,900,39,390,4015,4003,12,120,3035,212171,
7/22/2026 1:00:00 AM,+07:00,4072.9,4092.5,4071.9,4088.7,2446,3021,2446,0,0,3021,1667,55.1804038397882,1293,42.8003972194638,374,12.3800066203244,0,0,0,0,374,351,0,1.23507767784137,0,0,0,0,0,0,0,0,0,0,512,4090,4051,4073,4048,9,97545,-824,84645,155,342,15,76983,90,900,39,390,4015,4003,12,120,3035,212171,
7/22/2026 1:30:00 AM,+07:00,4088.6,4090.4,4083.9,4087,1154,1243,1154,0,0,1243,571,45.9372485921158,605,48.6725663716814,-34,-2.73531777956557,0,0,0,0,-34,317,0,1.07712305025997,0,0,0,0,0,0,0,0,0,0,512,4090,4051,4073,4048,9,97545,-824,84645,155,342,15,76983,90,900,39,390,4015,4003,12,120,3035,212171,
7/22/2026 2:00:00 AM,+07:00,4087,4090.3,4084.7,4088.6,908,1038,908,0,0,1038,466,44.8940269749518,532,51.252408477842,-66,-6.35838150289017,0,0,0,0,-66,251,0,1.1431718061674,0,0,0,0,0,0,0,0,0,0,512,4090,4051,4073,4048,9,97545,-824,84645,155,342,15,76983,90,900,39,390,4015,4003,12,120,3035,212171,
7/22/2026 2:30:00 AM,+07:00,4088.8,4089.6,4086.2,4088.6,1313,1461,1313,0,0,1461,654,44.7638603696098,746,51.0609171800137,-92,-6.29705681040383,0,0,0,0,-92,159,0,1.11271896420411,0,0,0,0,0,0,0,0,0,0,512,4090,4051,4073,4048,9,97545,-824,84645,155,342,15,76983,90,900,39,390,4015,4003,12,120,3035,212171,
7/22/2026 3:00:00 AM,+07:00,4088.6,4090.9,4085.9,4086.9,781,904,781,0,0,904,421,46.570796460177,467,51.6592920353982,-46,-5.08849557522124,0,0,0,0,-46,113,0,1.15749039692702,0,0,0,0,0,0,0,0,0,0,512,4090,4051,4073,4048,9,97545,-824,84645,155,342,15,76983,90,900,39,390,4015,4003,12,120,3035,212171,
7/22/2026 3:30:00 AM,+07:00,4087.1,4089.8,4080.9,4082.2,940,987,940,0,0,987,320,32.4214792299899,634,64.2350557244174,-314,-31.8135764944276,0,0,0,0,-314,-201,0,1.05,0,0,0,0,0,0,0,0,0,0,512,4090,4051,4073,4048,9,97545,-824,84645,155,342,15,76983,90,900,39,390,4015,4003,12,120,3035,212171,
7/22/2026 5:00:00 AM,+07:00,4084.7,4087.4,4081,4086.7,564,603,564,0,0,603,328,54.3946932006634,264,43.7810945273632,64,10.6135986733002,0,0,0,0,64,-137,0,1.06914893617021,0,0,0,0,0,0,0,0,0,0,537,4152,4113,4124,4126,8,101734,-989,87805,331,190,16,70823,90,900,39,390,4089,4081,8,80,1583,202154,
7/22/2026 5:30:00 AM,+07:00,4086.6,4089,4082,4084.6,885,980,885,0,0,980,467,47.6530612244898,498,50.8163265306122,-31,-3.16326530612245,0,0,0,0,-31,-168,0,1.10734463276836,0,0,0,0,0,0,0,0,0,0,537,4152,4113,4124,4126,8,101734,-989,87805,331,190,16,70823,90,900,39,390,4089,4081,8,80,1583,202154,
7/22/2026 6:00:00 AM,+07:00,4084.4,4086.8,4083.3,4085.2,314,346,314,0,0,346,170,49.1329479768786,173,50,-3,-0.867052023121387,0,0,0,0,-3,-171,0,1.10191082802548,0,0,0,0,0,0,0,0,0,0,537,4152,4113,4124,4126,8,101734,-989,87805,331,190,16,70823,90,900,39,390,4089,4081,8,80,1583,202154,
7/22/2026 6:30:00 AM,+07:00,4085.3,4087.4,4083.4,4085.2,358,392,358,0,0,392,163,41.5816326530612,208,53.0612244897959,-45,-11.4795918367347,0,0,0,0,-45,-216,0,1.09497206703911,0,0,0,0,0,0,0,0,0,0,537,4152,4113,4124,4126,8,101734,-989,87805,331,190,16,70823,90,900,39,390,4089,4081,8,80,1583,202154,
7/22/2026 7:00:00 AM,+07:00,4085.5,4103.6,4081.1,4103,2536,2845,2536,0,0,2845,1511,53.1107205623902,1280,44.9912126537786,231,8.1195079086116,0,0,0,0,231,15,0,1.12184542586751,0,0,0,0,0,0,0,0,0,0,537,4152,4113,4124,4126,8,101734,-989,87805,331,190,16,70823,90,900,39,390,4089,4081,8,80,1583,202154,
7/22/2026 7:30:00 AM,+07:00,4103,4107.5,4094.2,4101.6,2266,2534,2266,0,0,2534,1238,48.8555643251776,1239,48.8950276243094,-1,-0.0394632991318074,0,0,0,0,-1,14,0,1.11827007943513,0,0,0,0,0,0,0,0,0,0,537,4152,4113,4124,4126,8,101734,-989,87805,331,190,16,70823,90,900,39,390,4089,4081,8,80,1583,202154,
7/22/2026 8:00:00 AM,+07:00,4102.3,4126.5,4100.8,4120.3,4220,4814,4220,0,0,4814,2457,51.0386373078521,2236,46.4478604071458,221,4.59077690070627,0,0,0,0,221,235,0,1.14075829383886,0,0,0,0,0,0,0,0,0,0,537,4152,4113,4124,4126,8,101734,-989,87805,331,190,16,70823,90,900,39,390,4089,4081,8,80,1583,202154,
7/22/2026 8:30:00 AM,+07:00,4119.4,4128.4,4117.3,4126,1752,2034,1752,0,0,2034,1092,53.6873156342183,901,44.2969518190757,191,9.39036381514258,0,0,0,0,191,426,0,1.16095890410959,0,0,0,0,0,0,0,0,0,0,537,4152,4113,4124,4126,8,101734,-989,87805,331,190,16,70823,90,900,39,390,4089,4081,8,80,1583,202154,
7/22/2026 9:00:00 AM,+07:00,4126.4,4130.5,4123.1,4128.8,1100,1165,1100,0,0,1165,646,55.450643776824,493,42.3175965665236,153,13.1330472103004,0,0,0,0,153,579,0,1.05909090909091,0,0,0,0,0,0,0,0,0,0,537,4152,4113,4124,4126,8,101734,-989,87805,331,190,16,70823,90,900,39,390,4089,4081,8,80,1583,202154,
7/22/2026 9:30:00 AM,+07:00,4128.8,4135.3,4126.6,4134.7,2176,2484,2176,0,0,2484,1122,45.1690821256039,1242,50,-120,-4.83091787439614,0,0,0,0,-120,459,0,1.14154411764706,0,0,0,0,0,0,0,0,0,0,537,4152,4113,4124,4126,8,101734,-989,87805,331,190,16,70823,90,900,39,390,4089,4081,8,80,1583,202154,
7/22/2026 10:00:00 AM,+07:00,4134.8,4146,4133.6,4142.8,2722,3519,2722,0,0,3519,1917,54.4757033248082,1540,43.7624325092356,377,10.7132708155726,0,0,0,0,377,836,0,1.29279941219691,0,0,0,0,0,0,0,0,0,0,537,4152,4113,4124,4126,8,101734,-989,87805,331,190,16,70823,90,900,39,390,4089,4081,8,80,1583,202154,
7/22/2026 10:30:00 AM,+07:00,4142.4,4142.4,4134.6,4135.1,1149,1330,1149,0,0,1330,612,46.015037593985,686,51.5789473684211,-74,-5.56390977443609,0,0,0,0,-74,762,0,1.15752828546562,0,0,0,0,0,0,0,0,0,0,537,4152,4113,4124,4126,8,101734,-989,87805,331,190,16,70823,90,900,39,390,4089,4081,8,80,1583,202154,
7/22/2026 11:00:00 AM,+07:00,4135.1,4135.6,4131,4133.6,1165,1337,1165,0,0,1337,670,50.112191473448,643,48.0927449513837,27,2.01944652206432,0,0,0,0,27,789,0,1.14763948497854,0,0,0,0,0,0,0,0,0,0,537,4152,4113,4124,4126,8,101734,-989,87805,331,190,16,70823,90,900,39,390,4089,4081,8,80,1583,202154,
7/22/2026 11:30:00 AM,+07:00,4133.7,4133.8,4129.4,4131.8,820,959,820,0,0,959,405,42.2314911366006,541,56.4129301355579,-136,-14.1814389989572,0,0,0,0,-136,653,0,1.16951219512195,0,0,0,0,0,0,0,0,0,0,537,4152,4113,4124,4126,8,101734,-989,87805,331,190,16,70823,90,900,39,390,4089,4081,8,80,1583,202154,
7/22/2026 12:00:00 PM,+07:00,4131.6,4134.7,4127.6,4128.3,1133,1426,1133,0,0,1426,660,46.2833099579243,722,50.6311360448808,-62,-4.34782608695652,0,0,0,0,-62,591,0,1.25860547219771,0,0,0,0,0,0,0,0,0,0,537,4152,4113,4124,4126,8,101734,-989,87805,331,190,16,70823,90,900,39,390,4089,4081,8,80,1583,202154,
7/22/2026 12:30:00 PM,+07:00,4127.8,4138.6,4127.5,4135.5,1607,1797,1607,0,0,1797,917,51.0294936004452,818,45.5203116304953,99,5.50918196994992,0,0,0,0,99,690,0,1.11823273179838,0,0,0,0,0,0,0,0,0,0,537,4152,4113,4124,4126,8,101734,-989,87805,331,190,16,70823,90,900,39,390,4089,4081,8,80,1583,202154,
7/22/2026 1:00:00 PM,+07:00,4135.4,4140,4118.2,4121.7,2351,2915,2351,0,0,2915,1345,46.1406518010292,1476,50.6346483704974,-131,-4.49399656946827,0,0,0,0,-131,559,0,1.23989791578052,0,0,0,0,0,0,0,0,0,0,537,4152,4113,4124,4126,8,101734,-989,87805,331,190,16,70823,90,900,39,390,4089,4081,8,80,1583,202154,
7/22/2026 1:30:00 PM,+07:00,4122.2,4124.9,4117.8,4121,1568,1888,1568,0,0,1888,927,49.0995762711864,858,45.4449152542373,69,3.65466101694915,0,0,0,0,69,628,0,1.20408163265306,0,0,0,0,0,0,0,0,0,0,537,4152,4113,4124,4126,8,101734,-989,87805,331,190,16,70823,90,900,39,390,4089,4081,8,80,1583,202154,
7/22/2026 2:00:00 PM,+07:00,4120.8,4126.9,4116.1,4124,1902,2286,1902,0,0,2286,1091,47.7252843394576,1101,48.1627296587926,-10,-0.437445319335083,0,0,0,0,-10,618,0,1.2018927444795,0,0,0,0,0,0,0,0,0,0,537,4152,4113,4124,4126,8,101734,-989,87805,331,190,16,70823,90,900,39,390,4089,4081,8,80,1583,202154,
7/22/2026 2:30:00 PM,+07:00,4124.2,4127.4,4113.3,4114.6,1488,1763,1488,0,0,1763,855,48.4968803176404,878,49.8014747589336,-23,-1.30459444129325,0,0,0,0,-23,595,0,1.18481182795699,0,0,0,0,0,0,0,0,0,0,537,4152,4113,4124,4126,8,101734,-989,87805,331,190,16,70823,90,900,39,390,4089,4081,8,80,1583,202154,
7/22/2026 3:00:00 PM,+07:00,4115,4122.3,4114.8,4121.8,1023,1140,1023,0,0,1140,550,48.2456140350877,547,47.9824561403509,3,0.263157894736842,0,0,0,0,3,598,0,1.11436950146628,0,0,0,0,0,0,0,0,0,0,537,4152,4113,4124,4126,8,101734,-989,87805,331,190,16,70823,90,900,39,390,4089,4081,8,80,1583,202154,
7/22/2026 3:30:00 PM,+07:00,4121.8,4124.4,4117.7,4122.3,991,1230,991,0,0,1230,600,48.780487804878,580,47.1544715447154,20,1.6260162601626,0,0,0,0,20,618,0,1.24117053481332,0,0,0,0,0,0,0,0,0,0,537,4152,4113,4124,4126,8,101734,-989,87805,331,190,16,70823,90,900,39,390,4089,4081,8,80,1583,202154,
7/22/2026 4:00:00 PM,+07:00,4122.6,4126.6,4121.7,4122.6,1216,1485,1216,0,0,1485,709,47.7441077441077,753,50.7070707070707,-44,-2.96296296296296,0,0,0,0,-44,574,0,1.22121710526316,0,0,0,0,0,0,0,0,0,0,537,4152,4113,4124,4126,8,101734,-989,87805,331,190,16,70823,90,900,39,390,4089,4081,8,80,1583,202154,
7/22/2026 4:30:00 PM,+07:00,4122.9,4125.8,4117.5,4118.8,1179,1392,1179,0,0,1392,634,45.5459770114942,732,52.5862068965517,-98,-7.04022988505747,0,0,0,0,-98,476,0,1.18066157760814,0,0,0,0,0,0,0,0,0,0,537,4152,4113,4124,4126,8,101734,-989,87805,331,190,16,70823,90,900,39,390,4089,4081,8,80,1583,202154,
7/22/2026 5:00:00 PM,+07:00,4119.2,4126.1,4119.2,4123.5,930,1157,930,0,0,1157,525,45.3759723422645,621,53.6732929991357,-96,-8.29732065687122,0,0,0,0,-96,380,0,1.24408602150538,0,0,0,0,0,0,0,0,0,0,537,4152,4113,4124,4126,8,101734,-989,87805,331,190,16,70823,90,900,39,390,4089,4081,8,80,1583,202154,
7/22/2026 5:30:00 PM,+07:00,4123.5,4124.5,4119.9,4121.2,482,533,482,0,0,533,215,40.3377110694184,300,56.2851782363978,-85,-15.9474671669794,0,0,0,0,-85,295,0,1.10580912863071,0,0,0,0,0,0,0,0,0,0,537,4152,4113,4124,4126,8,101734,-989,87805,331,190,16,70823,90,900,39,390,4089,4081,8,80,1583,202154,
7/22/2026 6:00:00 PM,+07:00,4121.8,4127.5,4119.3,4123.2,961,1052,961,0,0,1052,510,48.4790874524715,515,48.9543726235741,-5,-0.475285171102662,0,0,0,0,-5,290,0,1.09469302809573,0,0,0,0,0,0,0,0,0,0,537,4152,4113,4124,4126,8,101734,-989,87805,331,190,16,70823,90,900,39,390,4089,4081,8,80,1583,202154,
7/22/2026 6:30:00 PM,+07:00,4123.3,4127.9,4117.2,4127.4,1549,1724,1549,0,0,1724,762,44.199535962877,912,52.9002320185615,-150,-8.70069605568446,0,0,0,0,-150,140,0,1.11297611362169,0,0,0,0,0,0,0,0,0,0,537,4152,4113,4124,4126,8,101734,-989,87805,331,190,16,70823,90,900,39,390,4089,4081,8,80,1583,202154,
7/22/2026 7:00:00 PM,+07:00,4127.5,4138,4126.3,4137.5,2875,3393,2875,0,0,3393,1763,51.9599174771589,1550,45.6822870615974,213,6.27763041556145,0,0,0,0,213,353,0,1.18017391304348,0,0,0,0,0,0,0,0,0,0,537,4152,4113,4124,4126,8,101734,-989,87805,331,190,16,70823,90,900,39,390,4089,4081,8,80,1583,202154,
7/22/2026 7:30:00 PM,+07:00,4137.8,4139.5,4110.4,4117,3497,4000,3497,0,0,4000,1786,44.65,2127,53.175,-341,-8.525,0,0,0,0,-341,12,0,1.14383757506434,0,0,0,0,0,0,0,0,0,0,537,4152,4113,4124,4126,8,101734,-989,87805,331,190,16,70823,90,900,39,390,4089,4081,8,80,1583,202154,
7/22/2026 8:00:00 PM,+07:00,4117.1,4139.8,4117,4136.5,3039,3524,3039,0,0,3524,1764,50.0567536889898,1679,47.644721906924,85,2.41203178206583,0,0,0,0,85,97,0,1.15959197104311,0,0,0,0,0,0,0,0,0,0,537,4152,4113,4124,4126,8,101734,-989,87805,331,190,16,70823,90,900,39,390,4089,4081,8,80,1583,202154,
7/22/2026 8:30:00 PM,+07:00,4136.8,4161.5,4136.8,4160,8023,9113,8023,0,0,9113,4697,51.5417535389005,4148,45.5173927356524,549,6.02436080324811,0,0,0,0,549,646,0,1.13585940421289,0,0,0,0,0,0,0,0,0,0,537,4152,4113,4124,4126,8,101734,-989,87805,331,190,16,70823,90,900,39,390,4089,4081,8,80,1583,202154,
7/22/2026 9:00:00 PM,+07:00,4159.8,4168.8,4149.1,4151.1,6035,7092,6035,0,0,7092,3310,46.6723068245911,3497,49.3090806542583,-187,-2.63677382966723,0,0,0,0,-187,459,0,1.17514498757249,0,0,0,0,0,0,0,0,0,0,537,4152,4113,4124,4126,8,101734,-989,87805,331,190,16,70823,90,900,39,390,4089,4081,8,80,1583,202154,
7/22/2026 9:30:00 PM,+07:00,4151.2,4158.2,4148.6,4153.4,2550,2751,2550,0,0,2751,1159,42.1301344965467,1373,49.9091239549255,-214,-7.77898945837877,0,0,0,0,-214,245,0,1.07882352941176,0,0,0,0,0,0,0,0,0,0,537,4152,4113,4124,4126,8,101734,-989,87805,331,190,16,70823,90,900,39,390,4089,4081,8,80,1583,202154,
7/22/2026 10:00:00 PM,+07:00,4153.5,4166.6,4153.4,4162.2,2809,3331,2809,0,0,3331,1583,47.5232662864005,1637,49.1444010807565,-54,-1.62113479435605,0,0,0,0,-54,191,0,1.18583125667497,0,0,0,0,0,0,0,0,0,0,537,4152,4113,4124,4126,8,101734,-989,87805,331,190,16,70823,90,900,39,390,4089,4081,8,80,1583,202154,
7/22/2026 10:30:00 PM,+07:00,4162.3,4171.4,4160.7,4164.1,2720,3146,2720,0,0,3146,1310,41.6401780038144,1709,54.3229497774952,-399,-12.6827717736809,0,0,0,0,-399,-208,0,1.15661764705882,0,0,0,0,0,0,0,0,0,0,537,4152,4113,4124,4126,8,101734,-989,87805,331,190,16,70823,90,900,39,390,4089,4081,8,80,1583,202154,
7/22/2026 11:00:00 PM,+07:00,4164.4,4164.5,4153.1,4154.5,2374,2817,2374,0,0,2817,1267,44.9769258075967,1410,50.0532481363152,-143,-5.07632232871849,0,0,0,0,-143,-351,0,1.1866048862679,0,0,0,0,0,0,0,0,0,0,537,4152,4113,4124,4126,8,101734,-989,87805,331,190,16,70823,90,900,39,390,4089,4081,8,80,1583,202154,
7/22/2026 11:30:00 PM,+07:00,4154.6,4157.3,4150.1,4152.8,2117,2357,2117,0,0,2357,988,41.9176919813322,1228,52.1001272804412,-240,-10.182435299109,0,0,0,0,-240,-591,0,1.11336797354747,0,0,0,0,0,0,0,0,0,0,537,4152,4113,4124,4126,8,101734,-989,87805,331,190,16,70823,90,900,39,390,4089,4081,8,80,1583,202154,
7/23/2026 12:00:00 AM,+07:00,4152.8,4153.6,4148.5,4151.6,2339,2733,2339,0,0,2733,1398,51.152579582876,1250,45.7372850347603,148,5.41529454811562,0,0,0,0,148,148,0,1.16844805472424,0,0,0,0,0,0,0,0,0,0,537,4152,4113,4124,4126,8,101734,-989,87805,331,190,16,70823,90,900,39,390,4089,4081,8,80,1583,202154,
7/23/2026 12:30:00 AM,+07:00,4151.6,4153.1,4143.8,4148.1,1759,1949,1759,0,0,1949,884,45.3565931246793,1006,51.6162134427912,-122,-6.25962031811185,0,0,0,0,-122,26,0,1.1080159181353,0,0,0,0,0,0,0,0,0,0,537,4152,4113,4124,4126,8,101734,-989,87805,331,190,16,70823,90,900,39,390,4089,4081,8,80,1583,202154,
7/23/2026 1:00:00 AM,+07:00,4147.9,4148.4,4140.2,4140.4,1713,2097,1713,0,0,2097,1003,47.8302336671435,1046,49.8807820696233,-43,-2.05054840247973,0,0,0,0,-43,-17,0,1.22416812609457,0,0,0,0,0,0,0,0,0,0,537,4152,4113,4124,4126,8,101734,-989,87805,331,190,16,70823,90,900,39,390,4089,4081,8,80,1583,202154,
7/23/2026 1:30:00 AM,+07:00,4140.9,4144.3,4137.5,4141.8,1176,1367,1176,0,0,1367,678,49.5976591075347,669,48.9392831016825,9,0.658376005852231,0,0,0,0,9,-8,0,1.16241496598639,0,0,0,0,0,0,0,0,0,0,537,4152,4113,4124,4126,8,101734,-989,87805,331,190,16,70823,90,900,39,390,4089,4081,8,80,1583,202154,
7/23/2026 2:00:00 AM,+07:00,4141.4,4142.5,4137.1,4140,837,900,837,0,0,900,399,44.3333333333333,480,53.3333333333333,-81,-9,0,0,0,0,-81,-89,0,1.0752688172043,0,0,0,0,0,0,0,0,0,0,537,4152,4113,4124,4126,8,101734,-989,87805,331,190,16,70823,90,900,39,390,4089,4081,8,80,1583,202154,
7/23/2026 2:30:00 AM,+07:00,4139.6,4141.6,4133.9,4136.4,1789,2073,1789,0,0,2073,894,43.1259044862518,1114,53.7385431741438,-220,-10.6126386878919,0,0,0,0,-220,-309,0,1.1587479038569,0,0,0,0,0,0,0,0,0,0,537,4152,4113,4124,4126,8,101734,-989,87805,331,190,16,70823,90,900,39,390,4089,4081,8,80,1583,202154,
7/23/2026 3:00:00 AM,+07:00,4136.4,4142.8,4135.1,4141.7,1064,1201,1064,0,0,1201,532,44.2964196502914,640,53.2889258950874,-108,-8.992506244796,0,0,0,0,-108,-417,0,1.12875939849624,0,0,0,0,0,0,0,0,0,0,537,4152,4113,4124,4126,8,101734,-989,87805,331,190,16,70823,90,900,39,390,4089,4081,8,80,1583,202154,
7/23/2026 3:30:00 AM,+07:00,4141,4142.4,4133.2,4135,682,760,682,0,0,760,278,36.5789473684211,460,60.5263157894737,-182,-23.9473684210526,0,0,0,0,-182,-599,0,1.11436950146628,0,0,0,0,0,0,0,0,0,0,537,4152,4113,4124,4126,8,101734,-989,87805,331,190,16,70823,90,900,39,390,4089,4081,8,80,1583,202154,
7/23/2026 5:00:00 AM,+07:00,4126,4132.2,4074.6,4131.3,2197,3050,2197,0,0,3050,1390,45.5737704918033,1391,45.6065573770492,-1,-0.0327868852459016,0,0,0,0,-1,-600,0,1.3882567137005,0,0,0,0,0,0,0,0,0,0,580,4144,4067,4127,4094,-17,109269,-936,93289,111,455,14,57142,101,1010,77,770,4133,4075,58,580,5789,192826,
7/23/2026 5:30:00 AM,+07:00,4131.8,4133,4122.7,4124.7,2251,2739,2251,0,0,2739,1200,43.8116100766703,1487,54.2898868200073,-287,-10.478276743337,0,0,0,0,-287,-887,0,1.21679253665038,0,0,0,0,0,0,0,0,0,0,580,4144,4067,4127,4094,-17,109269,-936,93289,111,455,14,57142,101,1010,77,770,4133,4075,58,580,5789,192826,
7/23/2026 6:00:00 AM,+07:00,4125.1,4127.4,4118.9,4122.7,2176,2560,2176,0,0,2560,1415,55.2734375,1107,43.2421875,308,12.03125,0,0,0,0,308,-579,0,1.17647058823529,0,0,0,0,0,0,0,0,0,0,580,4144,4067,4127,4094,-17,109269,-936,93289,111,455,14,57142,101,1010,77,770,4133,4075,58,580,5789,192826,
7/23/2026 6:30:00 AM,+07:00,4122.3,4137.1,4121.6,4135.8,1167,1419,1167,0,0,1419,727,51.2332628611698,659,46.4411557434813,68,4.79210711768851,0,0,0,0,68,-511,0,1.2159383033419,0,0,0,0,0,0,0,0,0,0,580,4144,4067,4127,4094,-17,109269,-936,93289,111,455,14,57142,101,1010,77,770,4133,4075,58,580,5789,192826,
7/23/2026 7:00:00 AM,+07:00,4136.8,4138,4129,4132,1010,1159,1010,0,0,1159,526,45.3839516824849,621,53.5806729939603,-95,-8.19672131147541,0,0,0,0,-95,-606,0,1.14752475247525,0,0,0,0,0,0,0,0,0,0,580,4144,4067,4127,4094,-17,109269,-936,93289,111,455,14,57142,101,1010,77,770,4133,4075,58,580,5789,192826,
7/23/2026 7:30:00 AM,+07:00,4132,4136.9,4128.4,4135.3,750,806,750,0,0,806,384,47.6426799007444,398,49.3796526054591,-14,-1.73697270471464,0,0,0,0,-14,-620,0,1.07466666666667,0,0,0,0,0,0,0,0,0,0,580,4144,4067,4127,4094,-17,109269,-936,93289,111,455,14,57142,101,1010,77,770,4133,4075,58,580,5789,192826,
7/23/2026 8:00:00 AM,+07:00,4135.2,4144,4133.2,4140.2,2112,2284,2112,0,0,2284,1109,48.5551663747811,1082,47.3730297723292,27,1.18213660245184,0,0,0,0,27,-593,0,1.08143939393939,0,0,0,0,0,0,0,0,0,0,580,4144,4067,4127,4094,-17,109269,-936,93289,111,455,14,57142,101,1010,77,770,4133,4075,58,580,5789,192826,
7/23/2026 8:30:00 AM,+07:00,4140.5,4141.9,4116.7,4120.5,2568,2972,2568,0,0,2972,1357,45.6594885598923,1561,52.5235531628533,-204,-6.86406460296097,0,0,0,0,-204,-797,0,1.15732087227414,0,0,0,0,0,0,0,0,0,0,580,4144,4067,4127,4094,-17,109269,-936,93289,111,455,14,57142,101,1010,77,770,4133,4075,58,580,5789,192826,
7/23/2026 9:00:00 AM,+07:00,4120.1,4121.4,4114.7,4118.4,1568,1702,1568,0,0,1702,790,46.4159811985899,892,52.4089306698002,-102,-5.99294947121034,0,0,0,0,-102,-899,0,1.08545918367347,0,0,0,0,0,0,0,0,0,0,580,4144,4067,4127,4094,-17,109269,-936,93289,111,455,14,57142,101,1010,77,770,4133,4075,58,580,5789,192826,
7/23/2026 9:30:00 AM,+07:00,4118.3,4131.3,4116.1,4130.8,1304,1383,1304,0,0,1383,721,52.1330441070137,632,45.6977584960231,89,6.4352856109906,0,0,0,0,89,-810,0,1.06058282208589,0,0,0,0,0,0,0,0,0,0,580,4144,4067,4127,4094,-17,109269,-936,93289,111,455,14,57142,101,1010,77,770,4133,4075,58,580,5789,192826,
7/23/2026 10:00:00 AM,+07:00,4130.9,4135.6,4126.6,4132.2,1026,1157,1026,0,0,1157,593,51.2532411408816,541,46.7588591184097,52,4.49438202247191,0,0,0,0,52,-758,0,1.12768031189084,0,0,0,0,0,0,0,0,0,0,580,4144,4067,4127,4094,-17,109269,-936,93289,111,455,14,57142,101,1010,77,770,4133,4075,58,580,5789,192826,
7/23/2026 10:30:00 AM,+07:00,4132.8,4133.8,4127.1,4127.1,581,688,581,0,0,688,312,45.3488372093023,353,51.3081395348837,-41,-5.9593023255814,0,0,0,0,-41,-799,0,1.184165232358,0,0,0,0,0,0,0,0,0,0,580,4144,4067,4127,4094,-17,109269,-936,93289,111,455,14,57142,101,1010,77,770,4133,4075,58,580,5789,192826,
7/23/2026 11:00:00 AM,+07:00,4127.7,4132.5,4124.8,4132.5,487,539,487,0,0,539,241,44.7124304267161,273,50.6493506493506,-32,-5.93692022263451,0,0,0,0,-32,-831,0,1.10677618069815,0,0,0,0,0,0,0,0,0,0,580,4144,4067,4127,4094,-17,109269,-936,93289,111,455,14,57142,101,1010,77,770,4133,4075,58,580,5789,192826,
7/23/2026 11:30:00 AM,+07:00,4132.3,4132.9,4122.5,4123.8,515,568,515,0,0,568,228,40.1408450704225,330,58.0985915492958,-102,-17.9577464788732,0,0,0,0,-102,-933,0,1.10291262135922,0,0,0,0,0,0,0,0,0,0,580,4144,4067,4127,4094,-17,109269,-936,93289,111,455,14,57142,101,1010,77,770,4133,4075,58,580,5789,192826,
7/23/2026 12:00:00 PM,+07:00,4124,4128,4121.6,4128,569,636,569,0,0,636,290,45.5974842767296,327,51.4150943396226,-37,-5.81761006289308,0,0,0,0,-37,-970,0,1.11775043936731,0,0,0,0,0,0,0,0,0,0,580,4144,4067,4127,4094,-17,109269,-936,93289,111,455,14,57142,101,1010,77,770,4133,4075,58,580,5789,192826,
7/23/2026 12:30:00 PM,+07:00,4128.3,4133.4,4123.3,4126.9,1104,1221,1104,0,0,1221,574,47.010647010647,613,50.2047502047502,-39,-3.19410319410319,0,0,0,0,-39,-1009,0,1.10597826086957,0,0,0,0,0,0,0,0,0,0,580,4144,4067,4127,4094,-17,109269,-936,93289,111,455,14,57142,101,1010,77,770,4133,4075,58,580,5789,192826,
7/23/2026 1:00:00 PM,+07:00,4127.1,4131,4124,4124.9,680,722,680,0,0,722,326,45.1523545706371,370,51.2465373961219,-44,-6.09418282548476,0,0,0,0,-44,-1053,0,1.06176470588235,0,0,0,0,0,0,0,0,0,0,580,4144,4067,4127,4094,-17,109269,-936,93289,111,455,14,57142,101,1010,77,770,4133,4075,58,580,5789,192826,
7/23/2026 1:30:00 PM,+07:00,4124.8,4126.7,4119.5,4121.6,899,1092,899,0,0,1092,524,47.985347985348,547,50.0915750915751,-23,-2.10622710622711,0,0,0,0,-23,-1076,0,1.2146829810901,0,0,0,0,0,0,0,0,0,0,580,4144,4067,4127,4094,-17,109269,-936,93289,111,455,14,57142,101,1010,77,770,4133,4075,58,580,5789,192826,
7/23/2026 2:00:00 PM,+07:00,4121.3,4122.2,4104.9,4111.2,2676,3111,2676,0,0,3111,1500,48.2160077145612,1517,48.7624558019929,-17,-0.546448087431694,0,0,0,0,-17,-1093,0,1.16255605381166,0,0,0,0,0,0,0,0,0,0,580,4144,4067,4127,4094,-17,109269,-936,93289,111,455,14,57142,101,1010,77,770,4133,4075,58,580,5789,192826,
7/23/2026 2:30:00 PM,+07:00,4111.4,4111.5,4093,4098.3,2827,3458,2827,0,0,3458,1654,47.8311162521689,1679,48.5540775014459,-25,-0.722961249277039,0,0,0,0,-25,-1118,0,1.22320481075345,0,0,0,0,0,0,0,0,0,0,580,4144,4067,4127,4094,-17,109269,-936,93289,111,455,14,57142,101,1010,77,770,4133,4075,58,580,5789,192826,
7/23/2026 3:00:00 PM,+07:00,4098.5,4100.7,4091.1,4094.4,1557,1853,1557,0,0,1853,741,39.989206691851,1026,55.3696708041015,-285,-15.3804641122504,0,0,0,0,-285,-1403,0,1.19010918432884,0,0,0,0,0,0,0,0,0,0,580,4144,4067,4127,4094,-17,109269,-936,93289,111,455,14,57142,101,1010,77,770,4133,4075,58,580,5789,192826,
7/23/2026 3:30:00 PM,+07:00,4094.1,4097.4,4089.7,4096,1118,1337,1118,0,0,1337,635,47.4943904263276,668,49.962602842184,-33,-2.4682124158564,0,0,0,0,-33,-1436,0,1.195885509839,0,0,0,0,0,0,0,0,0,0,580,4144,4067,4127,4094,-17,109269,-936,93289,111,455,14,57142,101,1010,77,770,4133,4075,58,580,5789,192826,
7/23/2026 4:00:00 PM,+07:00,4095.9,4102.4,4092.2,4093.9,1566,1914,1566,0,0,1914,928,48.4848484848485,897,46.8652037617555,31,1.619644723093,0,0,0,0,31,-1405,0,1.22222222222222,0,0,0,0,0,0,0,0,0,0,580,4144,4067,4127,4094,-17,109269,-936,93289,111,455,14,57142,101,1010,77,770,4133,4075,58,580,5789,192826,
7/23/2026 4:30:00 PM,+07:00,4094.2,4097.5,4091.3,4093.2,1488,1812,1488,0,0,1812,793,43.7637969094923,968,53.4216335540839,-175,-9.65783664459161,0,0,0,0,-175,-1580,0,1.21774193548387,0,0,0,0,0,0,0,0,0,0,580,4144,4067,4127,4094,-17,109269,-936,93289,111,455,14,57142,101,1010,77,770,4133,4075,58,580,5789,192826,
7/23/2026 5:00:00 PM,+07:00,4093.2,4096,4088.7,4093.3,1044,1167,1044,0,0,1167,540,46.2724935732648,576,49.3573264781491,-36,-3.08483290488432,0,0,0,0,-36,-1616,0,1.11781609195402,0,0,0,0,0,0,0,0,0,0,580,4144,4067,4127,4094,-17,109269,-936,93289,111,455,14,57142,101,1010,77,770,4133,4075,58,580,5789,192826,
7/23/2026 5:30:00 PM,+07:00,4092.9,4098.6,4089.8,4096.7,1036,1151,1036,0,0,1151,524,45.5256298870547,571,49.609035621199,-47,-4.08340573414422,0,0,0,0,-47,-1663,0,1.11100386100386,0,0,0,0,0,0,0,0,0,0,580,4144,4067,4127,4094,-17,109269,-936,93289,111,455,14,57142,101,1010,77,770,4133,4075,58,580,5789,192826,
7/23/2026 6:00:00 PM,+07:00,4096.6,4097.4,4083.8,4087.1,1645,1966,1645,0,0,1966,919,46.7446592065107,986,50.1525940996948,-67,-3.40793489318413,0,0,0,0,-67,-1730,0,1.1951367781155,0,0,0,0,0,0,0,0,0,0,580,4144,4067,4127,4094,-17,109269,-936,93289,111,455,14,57142,101,1010,77,770,4133,4075,58,580,5789,192826,
7/23/2026 6:30:00 PM,+07:00,4087.1,4092.5,4075.7,4088.9,2804,3185,2804,0,0,3185,1497,47.0015698587127,1478,46.4050235478807,19,0.596546310832025,0,0,0,0,19,-1711,0,1.13587731811698,0,0,0,0,0,0,0,0,0,0,580,4144,4067,4127,4094,-17,109269,-936,93289,111,455,14,57142,101,1010,77,770,4133,4075,58,580,5789,192826,
7/23/2026 7:00:00 PM,+07:00,4088.4,4089,4072.8,4077.6,3496,4287,3496,0,0,4287,2234,52.1110333566597,1888,44.0401212969442,346,8.07091205971542,0,0,0,0,346,-1365,0,1.2262585812357,0,0,0,0,0,0,0,0,0,0,580,4144,4067,4127,4094,-17,109269,-936,93289,111,455,14,57142,101,1010,77,770,4133,4075,58,580,5789,192826,
7/23/2026 7:30:00 PM,+07:00,4076.8,4077.9,4063.6,4064.6,4308,4860,4308,0,0,4860,2227,45.8230452674897,2331,47.962962962963,-104,-2.13991769547325,0,0,0,0,-104,-1469,0,1.12813370473538,0,0,0,0,0,0,0,0,0,0,580,4144,4067,4127,4094,-17,109269,-936,93289,111,455,14,57142,101,1010,77,770,4133,4075,58,580,5789,192826,
7/23/2026 8:00:00 PM,+07:00,4064.2,4066.4,4042.6,4061.1,8735,10552,8735,0,0,10552,5199,49.2702805155421,4849,45.9533737680061,350,3.31690674753601,0,0,0,0,350,-1119,0,1.20801373783629,0,0,0,0,0,0,0,0,0,0,580,4144,4067,4127,4094,-17,109269,-936,93289,111,455,14,57142,101,1010,77,770,4133,4075,58,580,5789,192826,
7/23/2026 8:30:00 PM,+07:00,4060.9,4070.1,4045.3,4045.8,6808,7832,6808,0,0,7832,3557,45.4162410623085,3986,50.8937691521961,-429,-5.47752808988764,0,0,0,0,-429,-1548,0,1.15041128084606,0,0,0,0,0,0,0,0,0,0,580,4144,4067,4127,4094,-17,109269,-936,93289,111,455,14,57142,101,1010,77,770,4133,4075,58,580,5789,192826,
7/23/2026 9:00:00 PM,+07:00,4046.1,4060.2,4042.5,4059.6,6034,6849,6034,0,0,6849,3283,47.9340049642284,3272,47.7733975762885,11,0.160607387939845,0,0,0,0,11,-1537,0,1.13506794829301,0,0,0,0,0,0,0,0,0,0,580,4144,4067,4127,4094,-17,109269,-936,93289,111,455,14,57142,101,1010,77,770,4133,4075,58,580,5789,192826,
7/23/2026 9:30:00 PM,+07:00,4059.6,4064.7,4054.4,4061.1,2578,2953,2578,0,0,2953,1361,46.0887233322045,1423,48.1882831019302,-62,-2.0995597697257,0,0,0,0,-62,-1599,0,1.14546159813809,0,0,0,0,0,0,0,0,0,0,580,4144,4067,4127,4094,-17,109269,-936,93289,111,455,14,57142,101,1010,77,770,4133,4075,58,580,5789,192826,
7/23/2026 10:00:00 PM,+07:00,4061.5,4062.6,4048,4049.7,3232,3800,3232,0,0,3800,1749,46.0263157894737,1947,51.2368421052632,-198,-5.21052631578947,0,0,0,0,-198,-1797,0,1.17574257425743,0,0,0,0,0,0,0,0,0,0,580,4144,4067,4127,4094,-17,109269,-936,93289,111,455,14,57142,101,1010,77,770,4133,4075,58,580,5789,192826,
7/23/2026 10:30:00 PM,+07:00,4049.5,4056,4045,4051.2,2952,3636,2952,0,0,3636,1906,52.4202420242024,1625,44.6919691969197,281,7.72827282728273,0,0,0,0,281,-1516,0,1.23170731707317,0,0,0,0,0,0,0,0,0,0,580,4144,4067,4127,4094,-17,109269,-936,93289,111,455,14,57142,101,1010,77,770,4133,4075,58,580,5789,192826,
7/23/2026 11:00:00 PM,+07:00,4051.5,4054.6,4048.6,4053.2,1969,2313,1969,0,0,2313,1099,47.5140510159965,1161,50.1945525291829,-62,-2.68050151318634,0,0,0,0,-62,-1578,0,1.17470797359066,0,0,0,0,0,0,0,0,0,0,580,4144,4067,4127,4094,-17,109269,-936,93289,111,455,14,57142,101,1010,77,770,4133,4075,58,580,5789,192826,
7/23/2026 11:30:00 PM,+07:00,4053,4054.6,4049.8,4054.3,1705,2019,1705,0,0,2019,1028,50.9162951956414,926,45.864289252105,102,5.0520059435364,0,0,0,0,102,-1476,0,1.1841642228739,0,0,0,0,0,0,0,0,0,0,580,4144,4067,4127,4094,-17,109269,-936,93289,111,455,14,57142,101,1010,77,770,4133,4075,58,580,5789,192826,
7/24/2026 12:00:00 AM,+07:00,4054.5,4057.5,4048.8,4049.7,3022,3608,3022,0,0,3608,1769,49.029933481153,1678,46.5077605321508,91,2.52217294900222,0,0,0,0,91,91,0,1.1939113170086,0,0,0,0,0,0,0,0,0,0,580,4144,4067,4127,4094,-17,109269,-936,93289,111,455,14,57142,101,1010,77,770,4133,4075,58,580,5789,192826,
7/24/2026 12:30:00 AM,+07:00,4049.9,4051.8,4043.9,4043.9,1623,2049,1623,0,0,2049,873,42.606149341142,1049,51.1957052220595,-176,-8.58955588091752,0,0,0,0,-176,-85,0,1.26247689463956,0,0,0,0,0,0,0,0,0,0,580,4144,4067,4127,4094,-17,109269,-936,93289,111,455,14,57142,101,1010,77,770,4133,4075,58,580,5789,192826,
7/24/2026 1:00:00 AM,+07:00,4044.4,4047.6,4042.5,4047.2,1663,1882,1663,0,0,1882,878,46.6524973432519,951,50.5313496280552,-73,-3.8788522848034,0,0,0,0,-73,-158,0,1.13168971737823,0,0,0,0,0,0,0,0,0,0,580,4144,4067,4127,4094,-17,109269,-936,93289,111,455,14,57142,101,1010,77,770,4133,4075,58,580,5789,192826,
7/24/2026 1:30:00 AM,+07:00,4046.8,4050.8,4046.8,4048.8,870,963,870,0,0,963,463,48.0789200415369,447,46.417445482866,16,1.66147455867082,0,0,0,0,16,-142,0,1.10689655172414,0,0,0,0,0,0,0,0,0,0,580,4144,4067,4127,4094,-17,109269,-936,93289,111,455,14,57142,101,1010,77,770,4133,4075,58,580,5789,192826,
7/24/2026 2:00:00 AM,+07:00,4049.2,4051.5,4045.3,4050.1,908,1033,908,0,0,1033,503,48.6931268151016,499,48.3059051306873,4,0.387221684414327,0,0,0,0,4,-138,0,1.13766519823789,0,0,0,0,0,0,0,0,0,0,580,4144,4067,4127,4094,-17,109269,-936,93289,111,455,14,57142,101,1010,77,770,4133,4075,58,580,5789,192826,
7/24/2026 2:30:00 AM,+07:00,4050.4,4053.3,4047,4052.1,1397,1521,1397,0,0,1521,731,48.060486522025,714,46.9428007889546,17,1.11768573307035,0,0,0,0,17,-121,0,1.08876163206872,0,0,0,0,0,0,0,0,0,0,580,4144,4067,4127,4094,-17,109269,-936,93289,111,455,14,57142,101,1010,77,770,4133,4075,58,580,5789,192826,
7/24/2026 3:00:00 AM,+07:00,4051.9,4053.6,4049.8,4052.6,837,1003,837,0,0,1003,540,53.8384845463609,439,43.7686939182453,101,10.0697906281157,0,0,0,0,101,-20,0,1.19832735961768,0,0,0,0,0,0,0,0,0,0,580,4144,4067,4127,4094,-17,109269,-936,93289,111,455,14,57142,101,1010,77,770,4133,4075,58,580,5789,192826,
7/24/2026 3:30:00 AM,+07:00,4052.9,4053.2,4049.9,4052.3,427,458,427,0,0,458,202,44.1048034934498,241,52.6200873362445,-39,-8.51528384279476,0,0,0,0,-39,-59,0,1.07259953161593,0,0,0,0,0,0,0,0,0,0,580,4144,4067,4127,4094,-17,109269,-936,93289,111,455,14,57142,101,1010,77,770,4133,4075,58,580,5789,192826,
7/24/2026 5:00:00 AM,+07:00,4053.4,4053.5,4050.2,4052.3,236,247,236,0,0,247,93,37.6518218623482,138,55.8704453441296,-45,-18.2186234817814,0,0,0,0,-45,-104,0,1.04661016949153,0,0,0,0,0,0,0,0,0,0,464,4073,4043,4051,4055,-10,79362,785,67994,279,168,17,56779,61,610,30,300,4054,4050,4,40,657,173991,
7/24/2026 5:30:00 AM,+07:00,4051.9,4052.9,4050.8,4052,344,410,344,0,0,410,186,45.3658536585366,216,52.6829268292683,-30,-7.31707317073171,0,0,0,0,-30,-134,0,1.19186046511628,0,0,0,0,0,0,0,0,0,0,464,4073,4043,4051,4055,-10,79362,785,67994,279,168,17,56779,61,610,30,300,4054,4050,4,40,657,173991,
7/24/2026 6:00:00 AM,+07:00,4052.2,4052.4,4049.5,4051.7,355,399,355,0,0,399,189,47.3684210526316,194,48.6215538847118,-5,-1.2531328320802,0,0,0,0,-5,-139,0,1.12394366197183,0,0,0,0,0,0,0,0,0,0,464,4073,4043,4051,4055,-10,79362,785,67994,279,168,17,56779,61,610,30,300,4054,4050,4,40,657,173991,
7/24/2026 6:30:00 AM,+07:00,4051.7,4053.8,4048.8,4049.4,668,833,668,0,0,833,422,50.6602641056423,376,45.1380552220888,46,5.52220888355342,0,0,0,0,46,-93,0,1.24700598802395,0,0,0,0,0,0,0,0,0,0,464,4073,4043,4051,4055,-10,79362,785,67994,279,168,17,56779,61,610,30,300,4054,4050,4,40,657,173991,
7/24/2026 7:00:00 AM,+07:00,4049.8,4052.3,4043.2,4048.3,1035,1161,1035,0,0,1161,574,49.4401378122308,551,47.4590869939707,23,1.98105081826012,0,0,0,0,23,-70,0,1.12173913043478,0,0,0,0,0,0,0,0,0,0,464,4073,4043,4051,4055,-10,79362,785,67994,279,168,17,56779,61,610,30,300,4054,4050,4,40,657,173991,
7/24/2026 7:30:00 AM,+07:00,4049.4,4054.1,4047.2,4052.4,941,1026,941,0,0,1026,509,49.6101364522417,483,47.0760233918129,26,2.53411306042885,0,0,0,0,26,-44,0,1.09032943676939,0,0,0,0,0,0,0,0,0,0,464,4073,4043,4051,4055,-10,79362,785,67994,279,168,17,56779,61,610,30,300,4054,4050,4,40,657,173991,
7/24/2026 8:00:00 AM,+07:00,4052.9,4053.1,4041.9,4045,1758,2164,1758,0,0,2164,942,43.5304990757856,1177,54.3900184842884,-235,-10.8595194085028,0,0,0,0,-235,-279,0,1.23094425483504,0,0,0,0,0,0,0,0,0,0,464,4073,4043,4051,4055,-10,79362,785,67994,279,168,17,56779,61,610,30,300,4054,4050,4,40,657,173991,
7/24/2026 8:30:00 AM,+07:00,4044.9,4053.3,4043.6,4046,949,1091,949,0,0,1091,521,47.7543538038497,510,46.7461044912924,11,1.00824931255729,0,0,0,0,11,-268,0,1.14963119072708,0,0,0,0,0,0,0,0,0,0,464,4073,4043,4051,4055,-10,79362,785,67994,279,168,17,56779,61,610,30,300,4054,4050,4,40,657,173991,
7/24/2026 9:00:00 AM,+07:00,4045.9,4051,4043.3,4048.8,709,781,709,0,0,781,441,56.4660691421255,291,37.2599231754161,150,19.2061459667093,0,0,0,0,150,-118,0,1.1015514809591,0,0,0,0,0,0,0,0,0,0,464,4073,4043,4051,4055,-10,79362,785,67994,279,168,17,56779,61,610,30,300,4054,4050,4,40,657,173991,
7/24/2026 9:30:00 AM,+07:00,4049.2,4050.5,4025.3,4026.7,3691,4703,3691,0,0,4703,1864,39.6342759940464,2643,56.1981713799702,-779,-16.5638953859239,0,0,0,0,-779,-897,0,1.27418043890545,0,0,0,0,0,0,0,0,0,0,464,4073,4043,4051,4055,-10,79362,785,67994,279,168,17,56779,61,610,30,300,4054,4050,4,40,657,173991,
7/24/2026 10:00:00 AM,+07:00,4027.1,4036.1,4025.4,4032.5,1076,1205,1076,0,0,1205,545,45.2282157676349,608,50.4564315352697,-63,-5.22821576763486,0,0,0,0,-63,-960,0,1.11988847583643,0,0,0,0,0,0,0,0,0,0,464,4073,4043,4051,4055,-10,79362,785,67994,279,168,17,56779,61,610,30,300,4054,4050,4,40,657,173991,
7/24/2026 10:30:00 AM,+07:00,4033.3,4035.4,4030.4,4031.6,467,503,467,0,0,503,211,41.948310139165,275,54.6719681908549,-64,-12.7236580516899,0,0,0,0,-64,-1024,0,1.07708779443255,0,0,0,0,0,0,0,0,0,0,464,4073,4043,4051,4055,-10,79362,785,67994,279,168,17,56779,61,610,30,300,4054,4050,4,40,657,173991,
7/24/2026 11:00:00 AM,+07:00,4031.3,4032.7,4029.5,4032.1,403,439,403,0,0,439,229,52.1640091116173,190,43.2801822323462,39,8.88382687927107,0,0,0,0,39,-985,0,1.0893300248139,0,0,0,0,0,0,0,0,0,0,464,4073,4043,4051,4055,-10,79362,785,67994,279,168,17,56779,61,610,30,300,4054,4050,4,40,657,173991,
7/24/2026 11:30:00 AM,+07:00,4032.3,4032.9,4027.8,4029.8,394,459,394,0,0,459,226,49.2374727668845,221,48.1481481481481,5,1.08932461873638,0,0,0,0,5,-980,0,1.16497461928934,0,0,0,0,0,0,0,0,0,0,464,4073,4043,4051,4055,-10,79362,785,67994,279,168,17,56779,61,610,30,300,4054,4050,4,40,657,173991,
7/24/2026 12:00:00 PM,+07:00,4029.8,4034.6,4024.5,4028.3,1369,1620,1369,0,0,1620,939,57.962962962963,553,34.1358024691358,386,23.8271604938272,0,0,0,0,386,-594,0,1.18334550766983,0,0,0,0,0,0,0,0,0,0,464,4073,4043,4051,4055,-10,79362,785,67994,279,168,17,56779,61,610,30,300,4054,4050,4,40,657,173991,
7/24/2026 12:30:00 PM,+07:00,4028.3,4033.6,4024,4025,1029,1157,1029,0,0,1157,531,45.8945548833189,552,47.7095937770095,-21,-1.81503889369058,0,0,0,0,-21,-615,0,1.12439261418853,0,0,0,0,0,0,0,0,0,0,464,4073,4043,4051,4055,-10,79362,785,67994,279,168,17,56779,61,610,30,300,4054,4050,4,40,657,173991,
7/24/2026 1:00:00 PM,+07:00,4025.2,4041.4,4025,4038.8,1412,1553,1412,0,0,1553,781,50.2897617514488,640,41.2105602060528,141,9.07920154539601,0,0,0,0,141,-474,0,1.09985835694051,0,0,0,0,0,0,0,0,0,0,464,4073,4043,4051,4055,-10,79362,785,67994,279,168,17,56779,61,610,30,300,4054,4050,4,40,657,173991,
7/24/2026 1:30:00 PM,+07:00,4038.7,4041.4,4034,4038.4,989,1076,989,0,0,1076,477,44.3308550185874,538,50,-61,-5.66914498141264,0,0,0,0,-61,-535,0,1.08796764408493,0,0,0,0,0,0,0,0,0,0,464,4073,4043,4051,4055,-10,79362,785,67994,279,168,17,56779,61,610,30,300,4054,4050,4,40,657,173991,
7/24/2026 2:00:00 PM,+07:00,4038.2,4053.4,4037.5,4051.1,2307,2680,2307,0,0,2680,1240,46.2686567164179,1234,46.044776119403,6,0.223880597014925,0,0,0,0,6,-529,0,1.1616818378847,0,0,0,0,0,0,0,0,0,0,464,4073,4043,4051,4055,-10,79362,785,67994,279,168,17,56779,61,610,30,300,4054,4050,4,40,657,173991,
7/24/2026 2:30:00 PM,+07:00,4051.7,4056.3,4048.2,4051.1,1273,1495,1273,0,0,1495,764,51.1036789297659,698,46.6889632107023,66,4.41471571906354,0,0,0,0,66,-463,0,1.17439120188531,0,0,0,0,0,0,0,0,0,0,464,4073,4043,4051,4055,-10,79362,785,67994,279,168,17,56779,61,610,30,300,4054,4050,4,40,657,173991,
7/24/2026 3:00:00 PM,+07:00,4051.2,4055.3,4047.5,4054.9,736,864,736,0,0,864,391,45.2546296296296,412,47.6851851851852,-21,-2.43055555555556,0,0,0,0,-21,-484,0,1.17391304347826,0,0,0,0,0,0,0,0,0,0,464,4073,4043,4051,4055,-10,79362,785,67994,279,168,17,56779,61,610,30,300,4054,4050,4,40,657,173991,
7/24/2026 3:30:00 PM,+07:00,4054.8,4061.5,4051.4,4060,1129,1340,1129,0,0,1340,624,46.5671641791045,652,48.6567164179104,-28,-2.08955223880597,0,0,0,0,-28,-512,0,1.18689105403012,0,0,0,0,0,0,0,0,0,0,464,4073,4043,4051,4055,-10,79362,785,67994,279,168,17,56779,61,610,30,300,4054,4050,4,40,657,173991,
7/24/2026 4:00:00 PM,+07:00,4060.4,4064,4055,4055.6,1821,2229,1821,0,0,2229,1109,49.7532525796321,1039,46.6128308658591,70,3.14042171377299,0,0,0,0,70,-442,0,1.22405271828666,0,0,0,0,0,0,0,0,0,0,464,4073,4043,4051,4055,-10,79362,785,67994,279,168,17,56779,61,610,30,300,4054,4050,4,40,657,173991,
7/24/2026 4:30:00 PM,+07:00,4055.4,4062.6,4054.2,4062.6,1109,1419,1109,0,0,1419,736,51.8675123326286,658,46.3706835799859,78,5.49682875264271,0,0,0,0,78,-364,0,1.2795311091073,0,0,0,0,0,0,0,0,0,0,464,4073,4043,4051,4055,-10,79362,785,67994,279,168,17,56779,61,610,30,300,4054,4050,4,40,657,173991,
7/24/2026 5:00:00 PM,+07:00,4062.6,4066.6,4060.4,4064.5,1097,1272,1097,0,0,1272,590,46.3836477987421,638,50.1572327044025,-48,-3.77358490566038,0,0,0,0,-48,-412,0,1.15952597994531,0,0,0,0,0,0,0,0,0,0,464,4073,4043,4051,4055,-10,79362,785,67994,279,168,17,56779,61,610,30,300,4054,4050,4,40,657,173991,
7/24/2026 5:30:00 PM,+07:00,4064.4,4067,4059.4,4062.2,932,1028,932,0,0,1028,493,47.9571984435798,498,48.443579766537,-5,-0.486381322957198,0,0,0,0,-5,-417,0,1.10300429184549,0,0,0,0,0,0,0,0,0,0,464,4073,4043,4051,4055,-10,79362,785,67994,279,168,17,56779,61,610,30,300,4054,4050,4,40,657,173991,
7/24/2026 6:00:00 PM,+07:00,4062.5,4065.9,4060.8,4061.6,606,699,606,0,0,699,367,52.5035765379113,303,43.3476394849785,64,9.15593705293276,0,0,0,0,64,-353,0,1.15346534653465,0,0,0,0,0,0,0,0,0,0,464,4073,4043,4051,4055,-10,79362,785,67994,279,168,17,56779,61,610,30,300,4054,4050,4,40,657,173991,
7/24/2026 6:30:00 PM,+07:00,4061.2,4063.9,4053.5,4060.2,1755,2034,1755,0,0,2034,1064,52.3107177974435,896,44.0511307767945,168,8.25958702064897,0,0,0,0,168,-185,0,1.15897435897436,0,0,0,0,0,0,0,0,0,0,464,4073,4043,4051,4055,-10,79362,785,67994,279,168,17,56779,61,610,30,300,4054,4050,4,40,657,173991,
7/24/2026 7:00:00 PM,+07:00,4060.6,4062.9,4054.5,4062.1,1344,1428,1344,0,0,1428,656,45.9383753501401,610,42.7170868347339,46,3.22128851540616,0,0,0,0,46,-139,0,1.0625,0,0,0,0,0,0,0,0,0,0,464,4073,4043,4051,4055,-10,79362,785,67994,279,168,17,56779,61,610,30,300,4054,4050,4,40,657,173991,
7/24/2026 7:30:00 PM,+07:00,4061.9,4062.1,4054.2,4058.5,1361,1508,1361,0,0,1508,674,44.6949602122016,637,42.2413793103448,37,2.45358090185676,0,0,0,0,37,-102,0,1.10800881704629,0,0,0,0,0,0,0,0,0,0,464,4073,4043,4051,4055,-10,79362,785,67994,279,168,17,56779,61,610,30,300,4054,4050,4,40,657,173991,
7/24/2026 8:00:00 PM,+07:00,4058.8,4061,4046.9,4048.8,2255,2538,2255,0,0,2538,1166,45.9416863672183,1165,45.9022852639874,1,0.0394011032308905,0,0,0,0,1,-101,0,1.12549889135255,0,0,0,0,0,0,0,0,0,0,464,4073,4043,4051,4055,-10,79362,785,67994,279,168,17,56779,61,610,30,300,4054,4050,4,40,657,173991,
7/24/2026 8:30:00 PM,+07:00,4048.5,4071.5,4047,4070,4205,4943,4205,0,0,4943,2526,51.1025692899049,2207,44.648998583856,319,6.45357070604896,0,0,0,0,319,218,0,1.17550535077289,0,0,0,0,0,0,0,0,0,0,464,4073,4043,4051,4055,-10,79362,785,67994,279,168,17,56779,61,610,30,300,4054,4050,4,40,657,173991,
7/24/2026 9:00:00 PM,+07:00,4069.9,4073,4058.4,4068.9,4605,5696,4605,0,0,5696,2630,46.1727528089888,2847,49.9824438202247,-217,-3.80969101123596,0,0,0,0,-217,1,0,1.23691639522258,0,0,0,0,0,0,0,0,0,0,464,4073,4043,4051,4055,-10,79362,785,67994,279,168,17,56779,61,610,30,300,4054,4050,4,40,657,173991,
7/24/2026 9:30:00 PM,+07:00,4069,4071.1,4061.4,4066.2,1890,2143,1890,0,0,2143,973,45.4036397573495,1018,47.5034997666822,-45,-2.09986000933271,0,0,0,0,-45,-44,0,1.13386243386243,0,0,0,0,0,0,0,0,0,0,464,4073,4043,4051,4055,-10,79362,785,67994,279,168,17,56779,61,610,30,300,4054,4050,4,40,657,173991,
7/24/2026 10:00:00 PM,+07:00,4066.1,4085.2,4064.7,4077.9,5807,6756,5807,0,0,6756,3567,52.797513321492,2860,42.3327412670219,707,10.4647720544701,0,0,0,0,707,663,0,1.16342345445152,0,0,0,0,0,0,0,0,0,0,464,4073,4043,4051,4055,-10,79362,785,67994,279,168,17,56779,61,610,30,300,4054,4050,4,40,657,173991,
7/24/2026 10:30:00 PM,+07:00,4078.2,4082.5,4073.5,4079.9,2056,2377,2056,0,0,2377,1071,45.0567942785023,1125,47.3285654185949,-54,-2.27177114009255,0,0,0,0,-54,609,0,1.15612840466926,0,0,0,0,0,0,0,0,0,0,464,4073,4043,4051,4055,-10,79362,785,67994,279,168,17,56779,61,610,30,300,4054,4050,4,40,657,173991,
7/24/2026 11:00:00 PM,+07:00,4080.3,4080.9,4076.1,4076.6,1292,1489,1292,0,0,1489,780,52.3841504365346,658,44.1907320349228,122,8.19341840161182,0,0,0,0,122,731,0,1.15247678018576,0,0,0,0,0,0,0,0,0,0,464,4073,4043,4051,4055,-10,79362,785,67994,279,168,17,56779,61,610,30,300,4054,4050,4,40,657,173991,
7/24/2026 11:30:00 PM,+07:00,4076.6,4076.6,4066.5,4069.5,1784,2015,1784,0,0,2015,1004,49.8263027295285,926,45.955334987593,78,3.87096774193548,0,0,0,0,78,809,0,1.12948430493274,0,0,0,0,0,0,0,0,0,0,464,4073,4043,4051,4055,-10,79362,785,67994,279,168,17,56779,61,610,30,300,4054,4050,4,40,657,173991,
7/25/2026 12:00:00 AM,+07:00,4069.7,4072.8,4065.3,4071.3,2466,2712,2466,0,0,2712,1280,47.1976401179941,1249,46.0545722713864,31,1.14306784660767,0,0,0,0,31,31,0,1.09975669099757,0,0,0,0,0,0,0,0,0,0,464,4073,4043,4051,4055,-10,79362,785,67994,279,168,17,56779,61,610,30,300,4054,4050,4,40,657,173991,
7/25/2026 12:30:00 AM,+07:00,4071.2,4072.7,4065.3,4065.8,1280,1515,1280,0,0,1515,748,49.3729372937294,720,47.5247524752475,28,1.84818481848185,0,0,0,0,28,59,0,1.18359375,0,0,0,0,0,0,0,0,0,0,464,4073,4043,4051,4055,-10,79362,785,67994,279,168,17,56779,61,610,30,300,4054,4050,4,40,657,173991,
7/25/2026 1:00:00 AM,+07:00,4066,4067.3,4057.2,4057.7,1745,2035,1745,0,0,2035,965,47.4201474201474,939,46.1425061425061,26,1.27764127764128,0,0,0,0,26,85,0,1.16618911174785,0,0,0,0,0,0,0,0,0,0,464,4073,4043,4051,4055,-10,79362,785,67994,279,168,17,56779,61,610,30,300,4054,4050,4,40,657,173991,
7/25/2026 1:30:00 AM,+07:00,4057.8,4059.4,4053.5,4056.7,1587,1881,1587,0,0,1881,875,46.5178096757044,887,47.1557682083998,-12,-0.637958532695375,0,0,0,0,-12,73,0,1.18525519848771,0,0,0,0,0,0,0,0,0,0,464,4073,4043,4051,4055,-10,79362,785,67994,279,168,17,56779,61,610,30,300,4054,4050,4,40,657,173991,
7/25/2026 2:00:00 AM,+07:00,4056.9,4058.7,4051.3,4053.8,1094,1220,1094,0,0,1220,571,46.8032786885246,605,49.5901639344262,-34,-2.78688524590164,0,0,0,0,-34,39,0,1.11517367458867,0,0,0,0,0,0,0,0,0,0,464,4073,4043,4051,4055,-10,79362,785,67994,279,168,17,56779,61,610,30,300,4054,4050,4,40,657,173991,
7/25/2026 2:30:00 AM,+07:00,4053.7,4060.2,4053.2,4056.1,1359,1518,1359,0,0,1518,676,44.532279314888,799,52.635046113307,-123,-8.10276679841897,0,0,0,0,-123,-84,0,1.11699779249448,0,0,0,0,0,0,0,0,0,0,464,4073,4043,4051,4055,-10,79362,785,67994,279,168,17,56779,61,610,30,300,4054,4050,4,40,657,173991,
7/25/2026 3:00:00 AM,+07:00,4055.9,4057.8,4054.1,4055.9,576,703,576,0,0,703,332,47.226173541963,348,49.50213371266,-16,-2.27596017069701,0,0,0,0,-16,-100,0,1.22048611111111,0,0,0,0,0,0,0,0,0,0,464,4073,4043,4051,4055,-10,79362,785,67994,279,168,17,56779,61,610,30,300,4054,4050,4,40,657,173991,
7/25/2026 3:30:00 AM,+07:00,4056.1,4058.6,4053.9,4055.7,698,998,698,0,0,998,499,50,482,48.2965931863727,17,1.70340681362725,0,0,0,0,17,-83,0,1.4297994269341,0,0,0,0,0,0,0,0,0,0,464,4073,4043,4051,4055,-10,79362,785,67994,279,168,17,56779,61,610,30,300,4054,4050,4,40,657,173991,
