DateTime,UTC,Open,High,Low,Close,Ticks(from bar),Volume(from bar),Trades,Buy (Ask) trades,Sell (Bid) trades,Volume,Buy (Ask) volume,"Buy (Ask) volume, %",Sell (Bid) volume,"Sell (Bid) volume, %",Delta,"Delta, %",Delta trades,"Delta trades, %",Max delta,Min delta,Finish delta,Cumulative delta,Open interest,Average size,Average buy (ask) size,Average sell (bid) size,Max one trade Vol.,"Max one trade Vol, %",Filt. volume,"Filt. volume, %",Filt. buy (ask) volume,"Filt. buy (ask) volume, %",Filt. sell (bid) volume,"Filt. sell (bid) volume, %",TPO,VAH,VAL,POC,Midpoint,RF,Volume,Delta,Trades,TPO Up,TPO Down,POC Count,VA Volume,Range,Range (ticks),VA range,VA range (ticks),IB High,IB Low,IB range,IB range (ticks),IB Volume,Open Interest,
6/30/2026 11:30:00 PM,+07:00,4105,4107.8,4100.6,4100.6,29,29,29,0,0,29,5,17.2413793103448,6,20.6896551724138,-1,-3.44827586206896,0,0,0,0,-1,-1,0,1,0,0,0,0,0,0,0,0,0,0,67,4108,4094,4103,4095,-8,358,4,337,16,46,5,297,27,270,14,140,4108,4095,13,130,193,48797,
7/1/2026 12:00:00 AM,+07:00,4101.3,4102.6,4094.8,4099.9,160,164,160,0,0,164,31,18.9024390243902,37,22.5609756097561,-6,-3.65853658536585,0,0,0,0,-6,-6,0,1.025,0,0,0,0,0,0,0,0,0,0,67,4108,4094,4103,4095,-8,358,4,337,16,46,5,297,27,270,14,140,4108,4095,13,130,193,48797,
7/1/2026 12:30:00 AM,+07:00,4099.9,4105.9,4099.9,4105.9,34,35,34,0,0,35,10,28.5714285714286,5,14.2857142857143,5,14.2857142857143,0,0,0,0,5,-1,0,1.02941176470588,0,0,0,0,0,0,0,0,0,0,67,4108,4094,4103,4095,-8,358,4,337,16,46,5,297,27,270,14,140,4108,4095,13,130,193,48797,
7/1/2026 1:00:00 AM,+07:00,4107.5,4108,4105.2,4106.3,14,19,14,0,0,19,5,26.3157894736842,6,31.578947368421,-1,-5.26315789473684,0,0,0,0,-1,-2,0,1.35714285714286,0,0,0,0,0,0,0,0,0,0,67,4108,4094,4103,4095,-8,358,4,337,16,46,5,297,27,270,14,140,4108,4095,13,130,193,48797,
7/1/2026 1:30:00 AM,+07:00,4104.5,4106,4103,4106,12,19,12,0,0,19,3,15.7894736842105,2,10.5263157894737,1,5.26315789473684,0,0,0,0,1,-1,0,1.58333333333333,0,0,0,0,0,0,0,0,0,0,67,4108,4094,4103,4095,-8,358,4,337,16,46,5,297,27,270,14,140,4108,4095,13,130,193,48797,
7/1/2026 2:00:00 AM,+07:00,4103.6,4103.6,4095.7,4095.7,12,13,12,0,0,13,4,30.7692307692308,6,46.1538461538462,-2,-15.3846153846154,0,0,0,0,-2,-3,0,1.08333333333333,0,0,0,0,0,0,0,0,0,0,67,4108,4094,4103,4095,-8,358,4,337,16,46,5,297,27,270,14,140,4108,4095,13,130,193,48797,
7/1/2026 2:30:00 AM,+07:00,4097.3,4097.9,4089.4,4090.8,31,32,31,0,0,32,14,43.75,7,21.875,7,21.875,0,0,0,0,7,4,0,1.03225806451613,0,0,0,0,0,0,0,0,0,0,67,4108,4094,4103,4095,-8,358,4,337,16,46,5,297,27,270,14,140,4108,4095,13,130,193,48797,
7/1/2026 3:00:00 AM,+07:00,4089.9,4095.4,4087.4,4088.4,30,30,30,0,0,30,6,20,4,13.3333333333333,2,6.66666666666667,0,0,0,0,2,6,0,1,0,0,0,0,0,0,0,0,0,0,67,4108,4094,4103,4095,-8,358,4,337,16,46,5,297,27,270,14,140,4108,4095,13,130,193,48797,
7/1/2026 3:30:00 AM,+07:00,4087,4087,4081.1,4082.1,15,17,15,0,0,17,6,35.2941176470588,7,41.1764705882353,-1,-5.88235294117647,0,0,0,0,-1,5,0,1.13333333333333,0,0,0,0,0,0,0,0,0,0,67,4108,4094,4103,4095,-8,358,4,337,16,46,5,297,27,270,14,140,4108,4095,13,130,193,48797,
7/1/2026 5:00:00 AM,+07:00,4087.5,4089.1,4085.3,4085.6,21,25,21,0,0,25,12,48,4,16,8,32,0,0,0,0,8,13,0,1.19047619047619,0,0,0,0,0,0,0,0,0,0,577,4135,4034,4053,4112,-14,2720,81,2199,442,125,10,1664,157,1570,101,1010,4089,4085,4,40,33,51390,
7/1/2026 5:30:00 AM,+07:00,4088.6,4088.6,4085.1,4085.2,7,8,7,0,0,8,2,25,3,37.5,-1,-12.5,0,0,0,0,-1,12,0,1.14285714285714,0,0,0,0,0,0,0,0,0,0,577,4135,4034,4053,4112,-14,2720,81,2199,442,125,10,1664,157,1570,101,1010,4089,4085,4,40,33,51390,
7/1/2026 6:00:00 AM,+07:00,4085,4091.5,4085,4086.9,10,10,10,0,0,10,2,20,1,10,1,10,0,0,0,0,1,13,0,1,0,0,0,0,0,0,0,0,0,0,577,4135,4034,4053,4112,-14,2720,81,2199,442,125,10,1664,157,1570,101,1010,4089,4085,4,40,33,51390,
7/1/2026 6:30:00 AM,+07:00,4084.8,4084.8,4078,4078.3,31,31,31,0,0,31,4,12.9032258064516,12,38.7096774193548,-8,-25.8064516129032,0,0,0,0,-8,5,0,1,0,0,0,0,0,0,0,0,0,0,577,4135,4034,4053,4112,-14,2720,81,2199,442,125,10,1664,157,1570,101,1010,4089,4085,4,40,33,51390,
7/1/2026 7:00:00 AM,+07:00,4079,4079.1,4073.7,4075.2,25,25,25,0,0,25,8,32,5,20,3,12,0,0,0,0,3,8,0,1,0,0,0,0,0,0,0,0,0,0,577,4135,4034,4053,4112,-14,2720,81,2199,442,125,10,1664,157,1570,101,1010,4089,4085,4,40,33,51390,
7/1/2026 7:30:00 AM,+07:00,4075.8,4076.6,4066.7,4069.6,29,32,29,0,0,32,11,34.375,13,40.625,-2,-6.25,0,0,0,0,-2,6,0,1.10344827586207,0,0,0,0,0,0,0,0,0,0,577,4135,4034,4053,4112,-14,2720,81,2199,442,125,10,1664,157,1570,101,1010,4089,4085,4,40,33,51390,
7/1/2026 8:00:00 AM,+07:00,4070.2,4071.8,4050,4057.4,78,85,78,0,0,85,25,29.4117647058824,23,27.0588235294118,2,2.35294117647059,0,0,0,0,2,8,0,1.08974358974359,0,0,0,0,0,0,0,0,0,0,577,4135,4034,4053,4112,-14,2720,81,2199,442,125,10,1664,157,1570,101,1010,4089,4085,4,40,33,51390,
7/1/2026 8:30:00 AM,+07:00,4060.6,4060.6,4046.9,4047.9,19,19,19,0,0,19,2,10.5263157894737,3,15.7894736842105,-1,-5.26315789473684,0,0,0,0,-1,7,0,1,0,0,0,0,0,0,0,0,0,0,577,4135,4034,4053,4112,-14,2720,81,2199,442,125,10,1664,157,1570,101,1010,4089,4085,4,40,33,51390,
7/1/2026 9:00:00 AM,+07:00,4050.7,4054.8,4042.6,4054.8,21,21,21,0,0,21,6,28.5714285714286,5,23.8095238095238,1,4.76190476190476,0,0,0,0,1,8,0,1,0,0,0,0,0,0,0,0,0,0,577,4135,4034,4053,4112,-14,2720,81,2199,442,125,10,1664,157,1570,101,1010,4089,4085,4,40,33,51390,
7/1/2026 9:30:00 AM,+07:00,4051.8,4057.2,4051,4051,12,12,12,0,0,12,5,41.6666666666667,2,16.6666666666667,3,25,0,0,0,0,3,11,0,1,0,0,0,0,0,0,0,0,0,0,577,4135,4034,4053,4112,-14,2720,81,2199,442,125,10,1664,157,1570,101,1010,4089,4085,4,40,33,51390,
7/1/2026 10:00:00 AM,+07:00,4051.9,4058,4051.9,4052.6,15,15,15,0,0,15,2,13.3333333333333,8,53.3333333333333,-6,-40,0,0,0,0,-6,5,0,1,0,0,0,0,0,0,0,0,0,0,577,4135,4034,4053,4112,-14,2720,81,2199,442,125,10,1664,157,1570,101,1010,4089,4085,4,40,33,51390,
7/1/2026 10:30:00 AM,+07:00,4053,4054.4,4049.4,4049.4,10,10,10,0,0,10,2,20,5,50,-3,-30,0,0,0,0,-3,2,0,1,0,0,0,0,0,0,0,0,0,0,577,4135,4034,4053,4112,-14,2720,81,2199,442,125,10,1664,157,1570,101,1010,4089,4085,4,40,33,51390,
7/1/2026 11:00:00 AM,+07:00,4048.1,4048.1,4047.6,4047.6,2,2,2,0,0,2,0,0,2,100,-2,-100,0,0,0,0,-2,0,0,1,0,0,0,0,0,0,0,0,0,0,577,4135,4034,4053,4112,-14,2720,81,2199,442,125,10,1664,157,1570,101,1010,4089,4085,4,40,33,51390,
7/1/2026 11:30:00 AM,+07:00,4046.6,4053.4,4046.6,4052.5,10,10,10,0,0,10,5,50,0,0,5,50,0,0,0,0,5,5,0,1,0,0,0,0,0,0,0,0,0,0,577,4135,4034,4053,4112,-14,2720,81,2199,442,125,10,1664,157,1570,101,1010,4089,4085,4,40,33,51390,
7/1/2026 12:00:00 PM,+07:00,4045.3,4046.9,4042.3,4046.9,6,6,6,0,0,6,1,16.6666666666667,3,50,-2,-33.3333333333333,0,0,0,0,-2,3,0,1,0,0,0,0,0,0,0,0,0,0,577,4135,4034,4053,4112,-14,2720,81,2199,442,125,10,1664,157,1570,101,1010,4089,4085,4,40,33,51390,
7/1/2026 12:30:00 PM,+07:00,4045.4,4049.3,4042.5,4046.7,13,13,13,0,0,13,6,46.1538461538462,4,30.7692307692308,2,15.3846153846154,0,0,0,0,2,5,0,1,0,0,0,0,0,0,0,0,0,0,577,4135,4034,4053,4112,-14,2720,81,2199,442,125,10,1664,157,1570,101,1010,4089,4085,4,40,33,51390,
7/1/2026 1:00:00 PM,+07:00,4047.8,4047.8,4035.6,4040,56,65,56,0,0,65,12,18.4615384615385,32,49.2307692307692,-20,-30.7692307692308,0,0,0,0,-20,-15,0,1.16071428571429,0,0,0,0,0,0,0,0,0,0,577,4135,4034,4053,4112,-14,2720,81,2199,442,125,10,1664,157,1570,101,1010,4089,4085,4,40,33,51390,
7/1/2026 1:30:00 PM,+07:00,4038.9,4045.3,4035.9,4044.1,24,24,24,0,0,24,10,41.6666666666667,7,29.1666666666667,3,12.5,0,0,0,0,3,-12,0,1,0,0,0,0,0,0,0,0,0,0,577,4135,4034,4053,4112,-14,2720,81,2199,442,125,10,1664,157,1570,101,1010,4089,4085,4,40,33,51390,
7/1/2026 2:00:00 PM,+07:00,4044.6,4044.6,4033,4039.8,34,35,34,0,0,35,7,20,7,20,0,0,0,0,0,0,0,-12,0,1.02941176470588,0,0,0,0,0,0,0,0,0,0,577,4135,4034,4053,4112,-14,2720,81,2199,442,125,10,1664,157,1570,101,1010,4089,4085,4,40,33,51390,
7/1/2026 2:30:00 PM,+07:00,4036.4,4047.9,4034.7,4047.5,34,36,34,0,0,36,6,16.6666666666667,9,25,-3,-8.33333333333333,0,0,0,0,-3,-15,0,1.05882352941176,0,0,0,0,0,0,0,0,0,0,577,4135,4034,4053,4112,-14,2720,81,2199,442,125,10,1664,157,1570,101,1010,4089,4085,4,40,33,51390,
7/1/2026 3:00:00 PM,+07:00,4043.9,4055.6,4041.7,4052.2,22,25,22,0,0,25,6,24,4,16,2,8,0,0,0,0,2,-13,0,1.13636363636364,0,0,0,0,0,0,0,0,0,0,577,4135,4034,4053,4112,-14,2720,81,2199,442,125,10,1664,157,1570,101,1010,4089,4085,4,40,33,51390,
7/1/2026 3:30:00 PM,+07:00,4046.7,4051,4044.3,4044.3,18,24,18,0,0,24,10,41.6666666666667,7,29.1666666666667,3,12.5,0,0,0,0,3,-10,0,1.33333333333333,0,0,0,0,0,0,0,0,0,0,577,4135,4034,4053,4112,-14,2720,81,2199,442,125,10,1664,157,1570,101,1010,4089,4085,4,40,33,51390,
7/1/2026 4:00:00 PM,+07:00,4046.4,4052.5,4045.2,4050.3,76,159,76,0,0,159,13,8.17610062893082,32,20.125786163522,-19,-11.9496855345912,0,0,0,0,-19,-29,0,2.09210526315789,0,0,0,0,0,0,0,0,0,0,577,4135,4034,4053,4112,-14,2720,81,2199,442,125,10,1664,157,1570,101,1010,4089,4085,4,40,33,51390,
7/1/2026 4:30:00 PM,+07:00,4051.8,4058,4050.5,4057.7,115,275,115,0,0,275,25,9.09090909090909,51,18.5454545454545,-26,-9.45454545454546,0,0,0,0,-26,-55,0,2.39130434782609,0,0,0,0,0,0,0,0,0,0,577,4135,4034,4053,4112,-14,2720,81,2199,442,125,10,1664,157,1570,101,1010,4089,4085,4,40,33,51390,
7/1/2026 5:00:00 PM,+07:00,4057.9,4062.2,4056,4056,17,41,17,0,0,41,4,9.75609756097561,9,21.9512195121951,-5,-12.1951219512195,0,0,0,0,-5,-60,0,2.41176470588235,0,0,0,0,0,0,0,0,0,0,577,4135,4034,4053,4112,-14,2720,81,2199,442,125,10,1664,157,1570,101,1010,4089,4085,4,40,33,51390,
7/1/2026 5:30:00 PM,+07:00,4060.3,4071.3,4059.9,4071.3,14,23,14,0,0,23,9,39.1304347826087,1,4.34782608695652,8,34.7826086956522,0,0,0,0,8,-52,0,1.64285714285714,0,0,0,0,0,0,0,0,0,0,577,4135,4034,4053,4112,-14,2720,81,2199,442,125,10,1664,157,1570,101,1010,4089,4085,4,40,33,51390,
7/1/2026 6:00:00 PM,+07:00,4074.8,4102.3,4074.8,4100,67,75,67,0,0,75,22,29.3333333333333,17,22.6666666666667,5,6.66666666666667,0,0,0,0,5,-47,0,1.11940298507463,0,0,0,0,0,0,0,0,0,0,577,4135,4034,4053,4112,-14,2720,81,2199,442,125,10,1664,157,1570,101,1010,4089,4085,4,40,33,51390,
7/1/2026 6:30:00 PM,+07:00,4100.8,4108.8,4097.6,4104.1,60,70,60,0,0,70,22,31.4285714285714,11,15.7142857142857,11,15.7142857142857,0,0,0,0,11,-36,0,1.16666666666667,0,0,0,0,0,0,0,0,0,0,577,4135,4034,4053,4112,-14,2720,81,2199,442,125,10,1664,157,1570,101,1010,4089,4085,4,40,33,51390,
7/1/2026 7:00:00 PM,+07:00,4106.4,4106.7,4094.6,4100,55,62,55,0,0,62,8,12.9032258064516,14,22.5806451612903,-6,-9.67741935483871,0,0,0,0,-6,-42,0,1.12727272727273,0,0,0,0,0,0,0,0,0,0,577,4135,4034,4053,4112,-14,2720,81,2199,442,125,10,1664,157,1570,101,1010,4089,4085,4,40,33,51390,
7/1/2026 7:30:00 PM,+07:00,4104.5,4104.5,4097.2,4099,39,49,39,0,0,49,19,38.7755102040816,12,24.4897959183673,7,14.2857142857143,0,0,0,0,7,-35,0,1.25641025641026,0,0,0,0,0,0,0,0,0,0,577,4135,4034,4053,4112,-14,2720,81,2199,442,125,10,1664,157,1570,101,1010,4089,4085,4,40,33,51390,
7/1/2026 8:00:00 PM,+07:00,4094.2,4120.4,4087.9,4120.2,136,142,136,0,0,142,46,32.3943661971831,30,21.1267605633803,16,11.2676056338028,0,0,0,0,16,-19,0,1.04411764705882,0,0,0,0,0,0,0,0,0,0,577,4135,4034,4053,4112,-14,2720,81,2199,442,125,10,1664,157,1570,101,1010,4089,4085,4,40,33,51390,
7/1/2026 8:30:00 PM,+07:00,4121.5,4182.4,4116.1,4162.2,304,336,304,0,0,336,111,33.0357142857143,80,23.8095238095238,31,9.22619047619048,0,0,0,0,31,12,0,1.10526315789474,0,0,0,0,0,0,0,0,0,0,577,4135,4034,4053,4112,-14,2720,81,2199,442,125,10,1664,157,1570,101,1010,4089,4085,4,40,33,51390,
7/1/2026 9:00:00 PM,+07:00,4167.4,4181.7,4159.6,4174.9,159,174,159,0,0,174,60,34.4827586206897,36,20.6896551724138,24,13.7931034482759,0,0,0,0,24,36,0,1.09433962264151,0,0,0,0,0,0,0,0,0,0,577,4135,4034,4053,4112,-14,2720,81,2199,442,125,10,1664,157,1570,101,1010,4089,4085,4,40,33,51390,
7/1/2026 9:30:00 PM,+07:00,4176.5,4190.4,4162.6,4167.3,161,216,161,0,0,216,60,27.7777777777778,39,18.0555555555556,21,9.72222222222222,0,0,0,0,21,57,0,1.3416149068323,0,0,0,0,0,0,0,0,0,0,577,4135,4034,4053,4112,-14,2720,81,2199,442,125,10,1664,157,1570,101,1010,4089,4085,4,40,33,51390,
7/1/2026 10:00:00 PM,+07:00,4168.3,4168.3,4153.9,4158.3,73,81,73,0,0,81,23,28.3950617283951,25,30.8641975308642,-2,-2.46913580246914,0,0,0,0,-2,55,0,1.10958904109589,0,0,0,0,0,0,0,0,0,0,577,4135,4034,4053,4112,-14,2720,81,2199,442,125,10,1664,157,1570,101,1010,4089,4085,4,40,33,51390,
7/1/2026 10:30:00 PM,+07:00,4152.9,4161,4152.4,4156.1,37,37,37,0,0,37,12,32.4324324324324,9,24.3243243243243,3,8.10810810810811,0,0,0,0,3,58,0,1,0,0,0,0,0,0,0,0,0,0,577,4135,4034,4053,4112,-14,2720,81,2199,442,125,10,1664,157,1570,101,1010,4089,4085,4,40,33,51390,
7/1/2026 11:00:00 PM,+07:00,4159.7,4161.4,4157.3,4158.4,37,43,37,0,0,43,31,72.093023255814,2,4.65116279069767,29,67.4418604651163,0,0,0,0,29,87,0,1.16216216216216,0,0,0,0,0,0,0,0,0,0,577,4135,4034,4053,4112,-14,2720,81,2199,442,125,10,1664,157,1570,101,1010,4089,4085,4,40,33,51390,
7/1/2026 11:30:00 PM,+07:00,4157.8,4157.8,4145.1,4145.4,48,55,48,0,0,55,14,25.4545454545455,13,23.6363636363636,1,1.81818181818182,0,0,0,0,1,88,0,1.14583333333333,0,0,0,0,0,0,0,0,0,0,577,4135,4034,4053,4112,-14,2720,81,2199,442,125,10,1664,157,1570,101,1010,4089,4085,4,40,33,51390,
7/2/2026 12:00:00 AM,+07:00,4145.2,4146,4141.9,4142.6,91,98,91,0,0,98,20,20.4081632653061,30,30.6122448979592,-10,-10.2040816326531,0,0,0,0,-10,-10,0,1.07692307692308,0,0,0,0,0,0,0,0,0,0,577,4135,4034,4053,4112,-14,2720,81,2199,442,125,10,1664,157,1570,101,1010,4089,4085,4,40,33,51390,
7/2/2026 12:30:00 AM,+07:00,4142.6,4146.5,4141.6,4141.6,16,19,16,0,0,19,7,36.8421052631579,2,10.5263157894737,5,26.3157894736842,0,0,0,0,5,-5,0,1.1875,0,0,0,0,0,0,0,0,0,0,577,4135,4034,4053,4112,-14,2720,81,2199,442,125,10,1664,157,1570,101,1010,4089,4085,4,40,33,51390,
7/2/2026 1:00:00 AM,+07:00,4143.2,4144,4137.3,4137.3,12,15,12,0,0,15,2,13.3333333333333,7,46.6666666666667,-5,-33.3333333333333,0,0,0,0,-5,-10,0,1.25,0,0,0,0,0,0,0,0,0,0,577,4135,4034,4053,4112,-14,2720,81,2199,442,125,10,1664,157,1570,101,1010,4089,4085,4,40,33,51390,
7/2/2026 1:30:00 AM,+07:00,4137.4,4139.9,4131.9,4135.8,33,36,33,0,0,36,16,44.4444444444444,10,27.7777777777778,6,16.6666666666667,0,0,0,0,6,-4,0,1.09090909090909,0,0,0,0,0,0,0,0,0,0,577,4135,4034,4053,4112,-14,2720,81,2199,442,125,10,1664,157,1570,101,1010,4089,4085,4,40,33,51390,
7/2/2026 2:00:00 AM,+07:00,4137.8,4141.3,4131.4,4132.7,21,25,21,0,0,25,7,28,5,20,2,8,0,0,0,0,2,-2,0,1.19047619047619,0,0,0,0,0,0,0,0,0,0,577,4135,4034,4053,4112,-14,2720,81,2199,442,125,10,1664,157,1570,101,1010,4089,4085,4,40,33,51390,
7/2/2026 2:30:00 AM,+07:00,4129.7,4130.8,4109.9,4112.6,88,108,88,0,0,108,35,32.4074074074074,36,33.3333333333333,-1,-0.925925925925926,0,0,0,0,-1,-3,0,1.22727272727273,0,0,0,0,0,0,0,0,0,0,577,4135,4034,4053,4112,-14,2720,81,2199,442,125,10,1664,157,1570,101,1010,4089,4085,4,40,33,51390,
7/2/2026 3:00:00 AM,+07:00,4112.9,4112.9,4102.6,4112.1,39,44,39,0,0,44,11,25,10,22.7272727272727,1,2.27272727272727,0,0,0,0,1,-2,0,1.12820512820513,0,0,0,0,0,0,0,0,0,0,577,4135,4034,4053,4112,-14,2720,81,2199,442,125,10,1664,157,1570,101,1010,4089,4085,4,40,33,51390,
7/2/2026 3:30:00 AM,+07:00,4106.9,4108.8,4105.6,4105.6,4,4,4,0,0,4,0,0,0,0,0,0,0,0,0,0,0,-2,0,1,0,0,0,0,0,0,0,0,0,0,577,4135,4034,4053,4112,-14,2720,81,2199,442,125,10,1664,157,1570,101,1010,4089,4085,4,40,33,51390,
7/2/2026 5:00:00 AM,+07:00,4111,4111.3,4108.5,4110.1,15,16,15,0,0,16,6,37.5,6,37.5,0,0,0,0,0,0,0,-2,0,1.06666666666667,0,0,0,0,0,0,0,0,0,0,608,4190,4105,4139,4162,8,2477,-36,2076,408,183,17,1411,113,1130,85,850,4117,4109,8,80,38,53629,
7/2/2026 5:30:00 AM,+07:00,4109.2,4116.8,4109.2,4116.8,15,22,15,0,0,22,5,22.7272727272727,10,45.4545454545455,-5,-22.7272727272727,0,0,0,0,-5,-7,0,1.46666666666667,0,0,0,0,0,0,0,0,0,0,608,4190,4105,4139,4162,8,2477,-36,2076,408,183,17,1411,113,1130,85,850,4117,4109,8,80,38,53629,
7/2/2026 6:00:00 AM,+07:00,4115.1,4115.5,4106.3,4106.3,19,28,19,0,0,28,11,39.2857142857143,9,32.1428571428571,2,7.14285714285714,0,0,0,0,2,-5,0,1.47368421052632,0,0,0,0,0,0,0,0,0,0,608,4190,4105,4139,4162,8,2477,-36,2076,408,183,17,1411,113,1130,85,850,4117,4109,8,80,38,53629,
7/2/2026 6:30:00 AM,+07:00,4112.3,4112.6,4105.4,4106.8,6,6,6,0,0,6,0,0,1,16.6666666666667,-1,-16.6666666666667,0,0,0,0,-1,-6,0,1,0,0,0,0,0,0,0,0,0,0,608,4190,4105,4139,4162,8,2477,-36,2076,408,183,17,1411,113,1130,85,850,4117,4109,8,80,38,53629,
7/2/2026 7:00:00 AM,+07:00,4106.4,4118.3,4106,4118.3,13,13,13,0,0,13,3,23.0769230769231,4,30.7692307692308,-1,-7.69230769230769,0,0,0,0,-1,-7,0,1,0,0,0,0,0,0,0,0,0,0,608,4190,4105,4139,4162,8,2477,-36,2076,408,183,17,1411,113,1130,85,850,4117,4109,8,80,38,53629,
7/2/2026 7:30:00 AM,+07:00,4116.2,4125,4112,4123.2,31,40,31,0,0,40,10,25,6,15,4,10,0,0,0,0,4,-3,0,1.29032258064516,0,0,0,0,0,0,0,0,0,0,608,4190,4105,4139,4162,8,2477,-36,2076,408,183,17,1411,113,1130,85,850,4117,4109,8,80,38,53629,
7/2/2026 8:00:00 AM,+07:00,4123.3,4140.7,4123.3,4124.3,50,53,50,0,0,53,10,18.8679245283019,16,30.188679245283,-6,-11.3207547169811,0,0,0,0,-6,-9,0,1.06,0,0,0,0,0,0,0,0,0,0,608,4190,4105,4139,4162,8,2477,-36,2076,408,183,17,1411,113,1130,85,850,4117,4109,8,80,38,53629,
7/2/2026 8:30:00 AM,+07:00,4118.1,4124.7,4117.6,4124.7,4,4,4,0,0,4,0,0,1,25,-1,-25,0,0,0,0,-1,-10,0,1,0,0,0,0,0,0,0,0,0,0,608,4190,4105,4139,4162,8,2477,-36,2076,408,183,17,1411,113,1130,85,850,4117,4109,8,80,38,53629,
7/2/2026 9:00:00 AM,+07:00,4119.2,4126.1,4115.1,4126.1,7,7,7,0,0,7,2,28.5714285714286,2,28.5714285714286,0,0,0,0,0,0,0,-10,0,1,0,0,0,0,0,0,0,0,0,0,608,4190,4105,4139,4162,8,2477,-36,2076,408,183,17,1411,113,1130,85,850,4117,4109,8,80,38,53629,
7/2/2026 9:30:00 AM,+07:00,4120.9,4131.5,4120.9,4129.1,9,9,9,0,0,9,5,55.5555555555556,2,22.2222222222222,3,33.3333333333333,0,0,0,0,3,-7,0,1,0,0,0,0,0,0,0,0,0,0,608,4190,4105,4139,4162,8,2477,-36,2076,408,183,17,1411,113,1130,85,850,4117,4109,8,80,38,53629,
7/2/2026 10:00:00 AM,+07:00,4129.1,4139,4129.1,4137.9,14,15,14,0,0,15,2,13.3333333333333,10,66.6666666666666,-8,-53.3333333333333,0,0,0,0,-8,-15,0,1.07142857142857,0,0,0,0,0,0,0,0,0,0,608,4190,4105,4139,4162,8,2477,-36,2076,408,183,17,1411,113,1130,85,850,4117,4109,8,80,38,53629,
7/2/2026 10:30:00 AM,+07:00,4137.8,4144.7,4135.5,4144.3,22,23,22,0,0,23,12,52.1739130434783,6,26.0869565217391,6,26.0869565217391,0,0,0,0,6,-9,0,1.04545454545455,0,0,0,0,0,0,0,0,0,0,608,4190,4105,4139,4162,8,2477,-36,2076,408,183,17,1411,113,1130,85,850,4117,4109,8,80,38,53629,
7/2/2026 11:00:00 AM,+07:00,4144.3,4144.3,4137.3,4137.6,11,11,11,0,0,11,3,27.2727272727273,3,27.2727272727273,0,0,0,0,0,0,0,-9,0,1,0,0,0,0,0,0,0,0,0,0,608,4190,4105,4139,4162,8,2477,-36,2076,408,183,17,1411,113,1130,85,850,4117,4109,8,80,38,53629,
7/2/2026 11:30:00 AM,+07:00,4137.4,4137.4,4133.3,4133.3,8,9,8,0,0,9,3,33.3333333333333,3,33.3333333333333,0,0,0,0,0,0,0,-9,0,1.125,0,0,0,0,0,0,0,0,0,0,608,4190,4105,4139,4162,8,2477,-36,2076,408,183,17,1411,113,1130,85,850,4117,4109,8,80,38,53629,
7/2/2026 12:00:00 PM,+07:00,4129.8,4134,4127.7,4131.1,17,33,17,0,0,33,11,33.3333333333333,17,51.5151515151515,-6,-18.1818181818182,0,0,0,0,-6,-15,0,1.94117647058824,0,0,0,0,0,0,0,0,0,0,608,4190,4105,4139,4162,8,2477,-36,2076,408,183,17,1411,113,1130,85,850,4117,4109,8,80,38,53629,
7/2/2026 12:30:00 PM,+07:00,4129.9,4139.4,4127.6,4139.4,24,24,24,0,0,24,9,37.5,8,33.3333333333333,1,4.16666666666667,0,0,0,0,1,-14,0,1,0,0,0,0,0,0,0,0,0,0,608,4190,4105,4139,4162,8,2477,-36,2076,408,183,17,1411,113,1130,85,850,4117,4109,8,80,38,53629,
7/2/2026 1:00:00 PM,+07:00,4138.7,4153,4138.7,4148.5,96,125,96,0,0,125,60,48,19,15.2,41,32.8,0,0,0,0,41,27,0,1.30208333333333,0,0,0,0,0,0,0,0,0,0,608,4190,4105,4139,4162,8,2477,-36,2076,408,183,17,1411,113,1130,85,850,4117,4109,8,80,38,53629,
7/2/2026 1:30:00 PM,+07:00,4148,4149.5,4139.2,4148.5,28,29,28,0,0,29,10,34.4827586206897,9,31.0344827586207,1,3.44827586206896,0,0,0,0,1,28,0,1.03571428571429,0,0,0,0,0,0,0,0,0,0,608,4190,4105,4139,4162,8,2477,-36,2076,408,183,17,1411,113,1130,85,850,4117,4109,8,80,38,53629,
7/2/2026 2:00:00 PM,+07:00,4143.6,4146.3,4134.4,4135.8,27,32,27,0,0,32,6,18.75,7,21.875,-1,-3.125,0,0,0,0,-1,27,0,1.18518518518519,0,0,0,0,0,0,0,0,0,0,608,4190,4105,4139,4162,8,2477,-36,2076,408,183,17,1411,113,1130,85,850,4117,4109,8,80,38,53629,
7/2/2026 2:30:00 PM,+07:00,4133.9,4147.8,4133.9,4136.9,14,15,14,0,0,15,3,20,5,33.3333333333333,-2,-13.3333333333333,0,0,0,0,-2,25,0,1.07142857142857,0,0,0,0,0,0,0,0,0,0,608,4190,4105,4139,4162,8,2477,-36,2076,408,183,17,1411,113,1130,85,850,4117,4109,8,80,38,53629,
7/2/2026 3:00:00 PM,+07:00,4136.7,4148.7,4135.3,4147.6,22,23,22,0,0,23,5,21.7391304347826,4,17.3913043478261,1,4.34782608695652,0,0,0,0,1,26,0,1.04545454545455,0,0,0,0,0,0,0,0,0,0,608,4190,4105,4139,4162,8,2477,-36,2076,408,183,17,1411,113,1130,85,850,4117,4109,8,80,38,53629,
7/2/2026 3:30:00 PM,+07:00,4145.9,4151.6,4145.9,4150.3,25,29,25,0,0,29,8,27.5862068965517,7,24.1379310344828,1,3.44827586206896,0,0,0,0,1,27,0,1.16,0,0,0,0,0,0,0,0,0,0,608,4190,4105,4139,4162,8,2477,-36,2076,408,183,17,1411,113,1130,85,850,4117,4109,8,80,38,53629,
7/2/2026 4:00:00 PM,+07:00,4144.7,4146.1,4139.3,4139.3,15,19,15,0,0,19,1,5.26315789473684,4,21.0526315789474,-3,-15.7894736842105,0,0,0,0,-3,24,0,1.26666666666667,0,0,0,0,0,0,0,0,0,0,608,4190,4105,4139,4162,8,2477,-36,2076,408,183,17,1411,113,1130,85,850,4117,4109,8,80,38,53629,
7/2/2026 4:30:00 PM,+07:00,4139.4,4144.5,4136.3,4138.8,26,27,26,0,0,27,3,11.1111111111111,5,18.5185185185185,-2,-7.40740740740741,0,0,0,0,-2,22,0,1.03846153846154,0,0,0,0,0,0,0,0,0,0,608,4190,4105,4139,4162,8,2477,-36,2076,408,183,17,1411,113,1130,85,850,4117,4109,8,80,38,53629,
7/2/2026 5:00:00 PM,+07:00,4138,4140.1,4137,4140.1,12,12,12,0,0,12,3,25,0,0,3,25,0,0,0,0,3,25,0,1,0,0,0,0,0,0,0,0,0,0,608,4190,4105,4139,4162,8,2477,-36,2076,408,183,17,1411,113,1130,85,850,4117,4109,8,80,38,53629,
7/2/2026 5:30:00 PM,+07:00,4139.2,4139.7,4136.2,4137.1,5,5,5,0,0,5,1,20,2,40,-1,-20,0,0,0,0,-1,24,0,1,0,0,0,0,0,0,0,0,0,0,608,4190,4105,4139,4162,8,2477,-36,2076,408,183,17,1411,113,1130,85,850,4117,4109,8,80,38,53629,
7/2/2026 6:00:00 PM,+07:00,4137.5,4137.6,4130.1,4137.1,28,30,28,0,0,30,5,16.6666666666667,19,63.3333333333333,-14,-46.6666666666667,0,0,0,0,-14,10,0,1.07142857142857,0,0,0,0,0,0,0,0,0,0,608,4190,4105,4139,4162,8,2477,-36,2076,408,183,17,1411,113,1130,85,850,4117,4109,8,80,38,53629,
7/2/2026 6:30:00 PM,+07:00,4138.9,4144,4136.2,4138.5,20,20,20,0,0,20,6,30,4,20,2,10,0,0,0,0,2,12,0,1,0,0,0,0,0,0,0,0,0,0,608,4190,4105,4139,4162,8,2477,-36,2076,408,183,17,1411,113,1130,85,850,4117,4109,8,80,38,53629,
7/2/2026 7:00:00 PM,+07:00,4137.6,4145.6,4135,4136,40,44,40,0,0,44,9,20.4545454545455,17,38.6363636363636,-8,-18.1818181818182,0,0,0,0,-8,4,0,1.1,0,0,0,0,0,0,0,0,0,0,608,4190,4105,4139,4162,8,2477,-36,2076,408,183,17,1411,113,1130,85,850,4117,4109,8,80,38,53629,
7/2/2026 7:30:00 PM,+07:00,4138.5,4215,4138.5,4191.6,307,382,307,0,0,382,89,23.2984293193717,81,21.2041884816754,8,2.09424083769634,0,0,0,0,8,12,0,1.2442996742671,0,0,0,0,0,0,0,0,0,0,608,4190,4105,4139,4162,8,2477,-36,2076,408,183,17,1411,113,1130,85,850,4117,4109,8,80,38,53629,
7/2/2026 8:00:00 PM,+07:00,4192.6,4203.7,4183.3,4187.2,123,140,123,0,0,140,26,18.5714285714286,50,35.7142857142857,-24,-17.1428571428571,0,0,0,0,-24,-12,0,1.13821138211382,0,0,0,0,0,0,0,0,0,0,608,4190,4105,4139,4162,8,2477,-36,2076,408,183,17,1411,113,1130,85,850,4117,4109,8,80,38,53629,
7/2/2026 8:30:00 PM,+07:00,4187,4218,4184.3,4212.1,115,121,115,0,0,121,36,29.7520661157025,29,23.9669421487603,7,5.78512396694215,0,0,0,0,7,-5,0,1.05217391304348,0,0,0,0,0,0,0,0,0,0,608,4190,4105,4139,4162,8,2477,-36,2076,408,183,17,1411,113,1130,85,850,4117,4109,8,80,38,53629,
7/2/2026 9:00:00 PM,+07:00,4210.9,4212.3,4189,4189,96,103,96,0,0,103,34,33.0097087378641,27,26.2135922330097,7,6.79611650485437,0,0,0,0,7,2,0,1.07291666666667,0,0,0,0,0,0,0,0,0,0,608,4190,4105,4139,4162,8,2477,-36,2076,408,183,17,1411,113,1130,85,850,4117,4109,8,80,38,53629,
7/2/2026 9:30:00 PM,+07:00,4189,4203.7,4189,4203,83,90,83,0,0,90,30,33.3333333333333,26,28.8888888888889,4,4.44444444444444,0,0,0,0,4,6,0,1.08433734939759,0,0,0,0,0,0,0,0,0,0,608,4190,4105,4139,4162,8,2477,-36,2076,408,183,17,1411,113,1130,85,850,4117,4109,8,80,38,53629,
7/2/2026 10:00:00 PM,+07:00,4200.4,4205.1,4190,4199.1,79,109,79,0,0,109,22,20.1834862385321,17,15.5963302752294,5,4.58715596330275,0,0,0,0,5,11,0,1.37974683544304,0,0,0,0,0,0,0,0,0,0,608,4190,4105,4139,4162,8,2477,-36,2076,408,183,17,1411,113,1130,85,850,4117,4109,8,80,38,53629,
7/2/2026 10:30:00 PM,+07:00,4198.7,4205.1,4198.7,4200.4,23,24,23,0,0,24,12,50,4,16.6666666666667,8,33.3333333333333,0,0,0,0,8,19,0,1.04347826086957,0,0,0,0,0,0,0,0,0,0,608,4190,4105,4139,4162,8,2477,-36,2076,408,183,17,1411,113,1130,85,850,4117,4109,8,80,38,53629,
7/2/2026 11:00:00 PM,+07:00,4199,4199.5,4189.8,4189.8,30,37,30,0,0,37,7,18.9189189189189,11,29.7297297297297,-4,-10.8108108108108,0,0,0,0,-4,15,0,1.23333333333333,0,0,0,0,0,0,0,0,0,0,608,4190,4105,4139,4162,8,2477,-36,2076,408,183,17,1411,113,1130,85,850,4117,4109,8,80,38,53629,
7/2/2026 11:30:00 PM,+07:00,4187.1,4193.4,4174,4192.1,103,118,103,0,0,118,23,19.4915254237288,50,42.3728813559322,-27,-22.8813559322034,0,0,0,0,-27,-12,0,1.14563106796116,0,0,0,0,0,0,0,0,0,0,608,4190,4105,4139,4162,8,2477,-36,2076,408,183,17,1411,113,1130,85,850,4117,4109,8,80,38,53629,
7/3/2026 12:00:00 AM,+07:00,4191.8,4194,4185.2,4186.8,177,247,177,0,0,247,38,15.3846153846154,49,19.8380566801619,-11,-4.45344129554656,0,0,0,0,-11,-11,0,1.3954802259887,0,0,0,0,0,0,0,0,0,0,608,4190,4105,4139,4162,8,2477,-36,2076,408,183,17,1411,113,1130,85,850,4117,4109,8,80,38,53629,
7/3/2026 12:30:00 AM,+07:00,4186.8,4188,4180.2,4180.3,51,52,51,0,0,52,10,19.2307692307692,12,23.0769230769231,-2,-3.84615384615385,0,0,0,0,-2,-13,0,1.01960784313725,0,0,0,0,0,0,0,0,0,0,608,4190,4105,4139,4162,8,2477,-36,2076,408,183,17,1411,113,1130,85,850,4117,4109,8,80,38,53629,
7/3/2026 1:00:00 AM,+07:00,4180.2,4196,4179.9,4195.5,77,110,77,0,0,110,34,30.9090909090909,30,27.2727272727273,4,3.63636363636364,0,0,0,0,4,-9,0,1.42857142857143,0,0,0,0,0,0,0,0,0,0,608,4190,4105,4139,4162,8,2477,-36,2076,408,183,17,1411,113,1130,85,850,4117,4109,8,80,38,53629,
7/3/2026 1:30:00 AM,+07:00,4197.5,4200.9,4194.2,4196.1,39,41,39,0,0,41,9,21.9512195121951,4,9.75609756097561,5,12.1951219512195,0,0,0,0,5,-4,0,1.05128205128205,0,0,0,0,0,0,0,0,0,0,608,4190,4105,4139,4162,8,2477,-36,2076,408,183,17,1411,113,1130,85,850,4117,4109,8,80,38,53629,
7/3/2026 2:00:00 AM,+07:00,4197.3,4197.3,4182.6,4186.9,39,54,39,0,0,54,8,14.8148148148148,5,9.25925925925926,3,5.55555555555556,0,0,0,0,3,-1,0,1.38461538461538,0,0,0,0,0,0,0,0,0,0,608,4190,4105,4139,4162,8,2477,-36,2076,408,183,17,1411,113,1130,85,850,4117,4109,8,80,38,53629,
7/3/2026 2:30:00 AM,+07:00,4185.9,4197.5,4185.4,4194.6,79,84,79,0,0,84,9,10.7142857142857,21,25,-12,-14.2857142857143,0,0,0,0,-12,-13,0,1.06329113924051,0,0,0,0,0,0,0,0,0,0,608,4190,4105,4139,4162,8,2477,-36,2076,408,183,17,1411,113,1130,85,850,4117,4109,8,80,38,53629,
7/3/2026 3:00:00 AM,+07:00,4194.6,4198.9,4190.7,4197.6,31,41,31,0,0,41,9,21.9512195121951,22,53.6585365853659,-13,-31.7073170731707,0,0,0,0,-13,-26,0,1.32258064516129,0,0,0,0,0,0,0,0,0,0,608,4190,4105,4139,4162,8,2477,-36,2076,408,183,17,1411,113,1130,85,850,4117,4109,8,80,38,53629,
7/3/2026 3:30:00 AM,+07:00,4197.9,4197.9,4197.9,4197.9,1,1,1,0,0,1,0,0,0,0,0,0,0,0,0,0,0,-26,0,1,0,0,0,0,0,0,0,0,0,0,608,4190,4105,4139,4162,8,2477,-36,2076,408,183,17,1411,113,1130,85,850,4117,4109,8,80,38,53629,
7/3/2026 5:00:00 AM,+07:00,4198.1,4200.4,4197.3,4197.7,6,6,6,0,0,6,3,50,2,33.3333333333333,1,16.6666666666667,0,0,0,0,1,-25,0,1,0,0,0,0,0,0,0,0,0,0,351,4260,4238,4253,4234,12,855,-32,752,92,241,18,645,73,730,22,220,4200,4197,3,30,12,56998,
7/3/2026 5:30:00 AM,+07:00,4198.6,4198.7,4198,4198,6,6,6,0,0,6,1,16.6666666666667,1,16.6666666666667,0,0,0,0,0,0,0,-25,0,1,0,0,0,0,0,0,0,0,0,0,351,4260,4238,4253,4234,12,855,-32,752,92,241,18,645,73,730,22,220,4200,4197,3,30,12,56998,
7/3/2026 6:00:00 AM,+07:00,4198.4,4200,4198.4,4199,5,5,5,0,0,5,0,0,1,20,-1,-20,0,0,0,0,-1,-26,0,1,0,0,0,0,0,0,0,0,0,0,351,4260,4238,4253,4234,12,855,-32,752,92,241,18,645,73,730,22,220,4200,4197,3,30,12,56998,
7/3/2026 6:30:00 AM,+07:00,4207.7,4207.7,4199.1,4200.6,16,16,16,0,0,16,4,25,5,31.25,-1,-6.25,0,0,0,0,-1,-27,0,1,0,0,0,0,0,0,0,0,0,0,351,4260,4238,4253,4234,12,855,-32,752,92,241,18,645,73,730,22,220,4200,4197,3,30,12,56998,
7/3/2026 7:00:00 AM,+07:00,4200,4212.8,4199.8,4212.8,22,32,22,0,0,32,5,15.625,4,12.5,1,3.125,0,0,0,0,1,-26,0,1.45454545454545,0,0,0,0,0,0,0,0,0,0,351,4260,4238,4253,4234,12,855,-32,752,92,241,18,645,73,730,22,220,4200,4197,3,30,12,56998,
7/3/2026 7:30:00 AM,+07:00,4212,4223.9,4206.9,4220.9,29,40,29,0,0,40,13,32.5,8,20,5,12.5,0,0,0,0,5,-21,0,1.37931034482759,0,0,0,0,0,0,0,0,0,0,351,4260,4238,4253,4234,12,855,-32,752,92,241,18,645,73,730,22,220,4200,4197,3,30,12,56998,
7/3/2026 8:00:00 AM,+07:00,4221.4,4266.6,4221,4262,77,84,77,0,0,84,28,33.3333333333333,24,28.5714285714286,4,4.76190476190476,0,0,0,0,4,-17,0,1.09090909090909,0,0,0,0,0,0,0,0,0,0,351,4260,4238,4253,4234,12,855,-32,752,92,241,18,645,73,730,22,220,4200,4197,3,30,12,56998,
7/3/2026 8:30:00 AM,+07:00,4262,4269.9,4250,4255.9,57,72,57,0,0,72,22,30.5555555555556,19,26.3888888888889,3,4.16666666666667,0,0,0,0,3,-14,0,1.26315789473684,0,0,0,0,0,0,0,0,0,0,351,4260,4238,4253,4234,12,855,-32,752,92,241,18,645,73,730,22,220,4200,4197,3,30,12,56998,
7/3/2026 9:00:00 AM,+07:00,4254.2,4254.2,4251.5,4252.7,8,8,8,0,0,8,2,25,2,25,0,0,0,0,0,0,0,-14,0,1,0,0,0,0,0,0,0,0,0,0,351,4260,4238,4253,4234,12,855,-32,752,92,241,18,645,73,730,22,220,4200,4197,3,30,12,56998,
7/3/2026 9:30:00 AM,+07:00,4255.5,4260.8,4254.2,4260,19,25,19,0,0,25,7,28,9,36,-2,-8,0,0,0,0,-2,-16,0,1.31578947368421,0,0,0,0,0,0,0,0,0,0,351,4260,4238,4253,4234,12,855,-32,752,92,241,18,645,73,730,22,220,4200,4197,3,30,12,56998,
7/3/2026 10:00:00 AM,+07:00,4256,4258.3,4254.2,4257.1,18,27,18,0,0,27,11,40.7407407407407,13,48.1481481481481,-2,-7.40740740740741,0,0,0,0,-2,-18,0,1.5,0,0,0,0,0,0,0,0,0,0,351,4260,4238,4253,4234,12,855,-32,752,92,241,18,645,73,730,22,220,4200,4197,3,30,12,56998,
7/3/2026 10:30:00 AM,+07:00,4256.7,4256.7,4251.1,4251.2,18,33,18,0,0,33,4,12.1212121212121,2,6.06060606060606,2,6.06060606060606,0,0,0,0,2,-16,0,1.83333333333333,0,0,0,0,0,0,0,0,0,0,351,4260,4238,4253,4234,12,855,-32,752,92,241,18,645,73,730,22,220,4200,4197,3,30,12,56998,
7/3/2026 11:00:00 AM,+07:00,4251.1,4255.3,4251.1,4253.5,7,8,7,0,0,8,2,25,2,25,0,0,0,0,0,0,0,-16,0,1.14285714285714,0,0,0,0,0,0,0,0,0,0,351,4260,4238,4253,4234,12,855,-32,752,92,241,18,645,73,730,22,220,4200,4197,3,30,12,56998,
7/3/2026 11:30:00 AM,+07:00,4251.7,4252.5,4249.2,4252.5,18,18,18,0,0,18,6,33.3333333333333,4,22.2222222222222,2,11.1111111111111,0,0,0,0,2,-14,0,1,0,0,0,0,0,0,0,0,0,0,351,4260,4238,4253,4234,12,855,-32,752,92,241,18,645,73,730,22,220,4200,4197,3,30,12,56998,
7/3/2026 12:00:00 PM,+07:00,4252.6,4254.3,4248.1,4250.4,11,14,11,0,0,14,4,28.5714285714286,5,35.7142857142857,-1,-7.14285714285714,0,0,0,0,-1,-15,0,1.27272727272727,0,0,0,0,0,0,0,0,0,0,351,4260,4238,4253,4234,12,855,-32,752,92,241,18,645,73,730,22,220,4200,4197,3,30,12,56998,
7/3/2026 12:30:00 PM,+07:00,4250.5,4254.6,4245,4245,13,13,13,0,0,13,4,30.7692307692308,7,53.8461538461538,-3,-23.0769230769231,0,0,0,0,-3,-18,0,1,0,0,0,0,0,0,0,0,0,0,351,4260,4238,4253,4234,12,855,-32,752,92,241,18,645,73,730,22,220,4200,4197,3,30,12,56998,
7/3/2026 1:00:00 PM,+07:00,4244.4,4244.8,4235.1,4240.1,36,36,36,0,0,36,11,30.5555555555556,12,33.3333333333333,-1,-2.77777777777778,0,0,0,0,-1,-19,0,1,0,0,0,0,0,0,0,0,0,0,351,4260,4238,4253,4234,12,855,-32,752,92,241,18,645,73,730,22,220,4200,4197,3,30,12,56998,
7/3/2026 1:30:00 PM,+07:00,4241,4248.5,4241,4248.3,24,24,24,0,0,24,8,33.3333333333333,11,45.8333333333333,-3,-12.5,0,0,0,0,-3,-22,0,1,0,0,0,0,0,0,0,0,0,0,351,4260,4238,4253,4234,12,855,-32,752,92,241,18,645,73,730,22,220,4200,4197,3,30,12,56998,
7/3/2026 2:00:00 PM,+07:00,4252.6,4252.6,4244.6,4246.5,6,6,6,0,0,6,1,16.6666666666667,1,16.6666666666667,0,0,0,0,0,0,0,-22,0,1,0,0,0,0,0,0,0,0,0,0,351,4260,4238,4253,4234,12,855,-32,752,92,241,18,645,73,730,22,220,4200,4197,3,30,12,56998,
7/3/2026 2:30:00 PM,+07:00,4252,4254.4,4249.4,4251.4,7,9,7,0,0,9,2,22.2222222222222,4,44.4444444444444,-2,-22.2222222222222,0,0,0,0,-2,-24,0,1.28571428571429,0,0,0,0,0,0,0,0,0,0,351,4260,4238,4253,4234,12,855,-32,752,92,241,18,645,73,730,22,220,4200,4197,3,30,12,56998,
7/3/2026 3:00:00 PM,+07:00,4253.4,4258.8,4253.3,4255.6,17,18,17,0,0,18,6,33.3333333333333,4,22.2222222222222,2,11.1111111111111,0,0,0,0,2,-22,0,1.05882352941176,0,0,0,0,0,0,0,0,0,0,351,4260,4238,4253,4234,12,855,-32,752,92,241,18,645,73,730,22,220,4200,4197,3,30,12,56998,
7/3/2026 3:30:00 PM,+07:00,4257.9,4260.8,4251.8,4256.7,30,30,30,0,0,30,5,16.6666666666667,3,10,2,6.66666666666667,0,0,0,0,2,-20,0,1,0,0,0,0,0,0,0,0,0,0,351,4260,4238,4253,4234,12,855,-32,752,92,241,18,645,73,730,22,220,4200,4197,3,30,12,56998,
7/3/2026 4:00:00 PM,+07:00,4255.6,4255.6,4245.7,4245.7,29,32,29,0,0,32,8,25,5,15.625,3,9.375,0,0,0,0,3,-17,0,1.10344827586207,0,0,0,0,0,0,0,0,0,0,351,4260,4238,4253,4234,12,855,-32,752,92,241,18,645,73,730,22,220,4200,4197,3,30,12,56998,
7/3/2026 4:30:00 PM,+07:00,4245,4246.7,4243.5,4245.9,21,22,21,0,0,22,4,18.1818181818182,6,27.2727272727273,-2,-9.09090909090909,0,0,0,0,-2,-19,0,1.04761904761905,0,0,0,0,0,0,0,0,0,0,351,4260,4238,4253,4234,12,855,-32,752,92,241,18,645,73,730,22,220,4200,4197,3,30,12,56998,
7/3/2026 5:00:00 PM,+07:00,4244.9,4254.7,4244.9,4254.7,8,8,8,0,0,8,1,12.5,0,0,1,12.5,0,0,0,0,1,-18,0,1,0,0,0,0,0,0,0,0,0,0,351,4260,4238,4253,4234,12,855,-32,752,92,241,18,645,73,730,22,220,4200,4197,3,30,12,56998,
7/3/2026 5:30:00 PM,+07:00,4249.2,4250.8,4249.2,4250.8,4,4,4,0,0,4,0,0,1,25,-1,-25,0,0,0,0,-1,-19,0,1,0,0,0,0,0,0,0,0,0,0,351,4260,4238,4253,4234,12,855,-32,752,92,241,18,645,73,730,22,220,4200,4197,3,30,12,56998,
7/3/2026 6:00:00 PM,+07:00,4250.1,4258.8,4250.1,4258.4,9,11,9,0,0,11,1,9.09090909090909,2,18.1818181818182,-1,-9.09090909090909,0,0,0,0,-1,-20,0,1.22222222222222,0,0,0,0,0,0,0,0,0,0,351,4260,4238,4253,4234,12,855,-32,752,92,241,18,645,73,730,22,220,4200,4197,3,30,12,56998,
7/3/2026 6:30:00 PM,+07:00,4257.3,4260.5,4253.4,4253.4,18,21,18,0,0,21,7,33.3333333333333,6,28.5714285714286,1,4.76190476190476,0,0,0,0,1,-19,0,1.16666666666667,0,0,0,0,0,0,0,0,0,0,351,4260,4238,4253,4234,12,855,-32,752,92,241,18,645,73,730,22,220,4200,4197,3,30,12,56998,
7/3/2026 7:00:00 PM,+07:00,4254.9,4256.9,4247.3,4248.2,13,13,13,0,0,13,4,30.7692307692308,5,38.4615384615385,-1,-7.69230769230769,0,0,0,0,-1,-20,0,1,0,0,0,0,0,0,0,0,0,0,351,4260,4238,4253,4234,12,855,-32,752,92,241,18,645,73,730,22,220,4200,4197,3,30,12,56998,
7/3/2026 7:30:00 PM,+07:00,4249.9,4251.5,4247.9,4251.1,21,23,21,0,0,23,3,13.0434782608696,11,47.8260869565217,-8,-34.7826086956522,0,0,0,0,-8,-28,0,1.0952380952381,0,0,0,0,0,0,0,0,0,0,351,4260,4238,4253,4234,12,855,-32,752,92,241,18,645,73,730,22,220,4200,4197,3,30,12,56998,
7/3/2026 8:00:00 PM,+07:00,4251.6,4252.8,4238.5,4243.9,13,13,13,0,0,13,4,30.7692307692308,1,7.69230769230769,3,23.0769230769231,0,0,0,0,3,-25,0,1,0,0,0,0,0,0,0,0,0,0,351,4260,4238,4253,4234,12,855,-32,752,92,241,18,645,73,730,22,220,4200,4197,3,30,12,56998,
7/3/2026 8:30:00 PM,+07:00,4241.2,4242.1,4238.3,4238.3,18,22,18,0,0,22,3,13.6363636363636,13,59.0909090909091,-10,-45.4545454545455,0,0,0,0,-10,-35,0,1.22222222222222,0,0,0,0,0,0,0,0,0,0,351,4260,4238,4253,4234,12,855,-32,752,92,241,18,645,73,730,22,220,4200,4197,3,30,12,56998,
7/3/2026 9:00:00 PM,+07:00,4237,4240.2,4230,4239.6,21,24,21,0,0,24,6,25,6,25,0,0,0,0,0,0,0,-35,0,1.14285714285714,0,0,0,0,0,0,0,0,0,0,351,4260,4238,4253,4234,12,855,-32,752,92,241,18,645,73,730,22,220,4200,4197,3,30,12,56998,
7/3/2026 9:30:00 PM,+07:00,4239,4244.8,4238.8,4244.8,16,17,16,0,0,17,2,11.7647058823529,5,29.4117647058824,-3,-17.6470588235294,0,0,0,0,-3,-38,0,1.0625,0,0,0,0,0,0,0,0,0,0,351,4260,4238,4253,4234,12,855,-32,752,92,241,18,645,73,730,22,220,4200,4197,3,30,12,56998,
7/3/2026 10:00:00 PM,+07:00,4246.5,4247.8,4241.6,4241.6,18,19,18,0,0,19,3,15.7894736842105,11,57.8947368421053,-8,-42.1052631578947,0,0,0,0,-8,-46,0,1.05555555555556,0,0,0,0,0,0,0,0,0,0,351,4260,4238,4253,4234,12,855,-32,752,92,241,18,645,73,730,22,220,4200,4197,3,30,12,56998,
7/3/2026 10:30:00 PM,+07:00,4242,4242.7,4238.8,4238.8,39,41,39,0,0,41,5,12.1951219512195,17,41.4634146341463,-12,-29.2682926829268,0,0,0,0,-12,-58,0,1.05128205128205,0,0,0,0,0,0,0,0,0,0,351,4260,4238,4253,4234,12,855,-32,752,92,241,18,645,73,730,22,220,4200,4197,3,30,12,56998,
7/3/2026 11:00:00 PM,+07:00,4238.9,4240.9,4237.1,4240.3,24,25,24,0,0,25,5,20,4,16,1,4,0,0,0,0,1,-57,0,1.04166666666667,0,0,0,0,0,0,0,0,0,0,351,4260,4238,4253,4234,12,855,-32,752,92,241,18,645,73,730,22,220,4200,4197,3,30,12,56998,
7/3/2026 11:30:00 PM,+07:00,4240.9,4249.6,4240.9,4248.4,30,30,30,0,0,30,2,6.66666666666667,3,10,-1,-3.33333333333333,0,0,0,0,-1,-58,0,1,0,0,0,0,0,0,0,0,0,0,351,4260,4238,4253,4234,12,855,-32,752,92,241,18,645,73,730,22,220,4200,4197,3,30,12,56998,
7/6/2026 7:00:00 AM,+07:00,4251.1,4252.2,4244.6,4244.6,23,23,23,0,0,23,2,8.69565217391304,3,13.0434782608696,-1,-4.34782608695652,0,0,0,0,-1,-1,0,1,0,0,0,0,0,0,0,0,0,0,378,4237,4210,4229,4240,-1,1153,18,1061,163,201,14,903,73,730,27,270,4260,4245,15,150,41,55761,
7/6/2026 7:30:00 AM,+07:00,4253.5,4259.8,4247.9,4250.3,18,18,18,0,0,18,4,22.2222222222222,2,11.1111111111111,2,11.1111111111111,0,0,0,0,2,1,0,1,0,0,0,0,0,0,0,0,0,0,378,4237,4210,4229,4240,-1,1153,18,1061,163,201,14,903,73,730,27,270,4260,4245,15,150,41,55761,
7/6/2026 8:00:00 AM,+07:00,4253,4264.6,4246.8,4262.2,36,37,36,0,0,37,8,21.6216216216216,14,37.8378378378378,-6,-16.2162162162162,0,0,0,0,-6,-5,0,1.02777777777778,0,0,0,0,0,0,0,0,0,0,378,4237,4210,4229,4240,-1,1153,18,1061,163,201,14,903,73,730,27,270,4260,4245,15,150,41,55761,
7/6/2026 8:30:00 AM,+07:00,4263,4276.2,4259.9,4259.9,23,23,23,0,0,23,5,21.7391304347826,6,26.0869565217391,-1,-4.34782608695652,0,0,0,0,-1,-6,0,1,0,0,0,0,0,0,0,0,0,0,378,4237,4210,4229,4240,-1,1153,18,1061,163,201,14,903,73,730,27,270,4260,4245,15,150,41,55761,
7/6/2026 9:00:00 AM,+07:00,4258.4,4259.5,4250.7,4253.1,16,16,16,0,0,16,0,0,2,12.5,-2,-12.5,0,0,0,0,-2,-8,0,1,0,0,0,0,0,0,0,0,0,0,378,4237,4210,4229,4240,-1,1153,18,1061,163,201,14,903,73,730,27,270,4260,4245,15,150,41,55761,
7/6/2026 9:30:00 AM,+07:00,4250.9,4250.9,4243.1,4248.5,10,11,10,0,0,11,2,18.1818181818182,4,36.3636363636364,-2,-18.1818181818182,0,0,0,0,-2,-10,0,1.1,0,0,0,0,0,0,0,0,0,0,378,4237,4210,4229,4240,-1,1153,18,1061,163,201,14,903,73,730,27,270,4260,4245,15,150,41,55761,
7/6/2026 10:00:00 AM,+07:00,4245.1,4245.1,4235.9,4235.9,22,25,22,0,0,25,1,4,6,24,-5,-20,0,0,0,0,-5,-15,0,1.13636363636364,0,0,0,0,0,0,0,0,0,0,378,4237,4210,4229,4240,-1,1153,18,1061,163,201,14,903,73,730,27,270,4260,4245,15,150,41,55761,
7/6/2026 10:30:00 AM,+07:00,4239.7,4240.6,4235.3,4239.3,9,11,9,0,0,11,1,9.09090909090909,4,36.3636363636364,-3,-27.2727272727273,0,0,0,0,-3,-18,0,1.22222222222222,0,0,0,0,0,0,0,0,0,0,378,4237,4210,4229,4240,-1,1153,18,1061,163,201,14,903,73,730,27,270,4260,4245,15,150,41,55761,
7/6/2026 11:00:00 AM,+07:00,4235.8,4236.4,4234.3,4236.4,5,5,5,0,0,5,0,0,1,20,-1,-20,0,0,0,0,-1,-19,0,1,0,0,0,0,0,0,0,0,0,0,378,4237,4210,4229,4240,-1,1153,18,1061,163,201,14,903,73,730,27,270,4260,4245,15,150,41,55761,
7/6/2026 11:30:00 AM,+07:00,4233.1,4233.9,4231.7,4231.7,6,8,6,0,0,8,0,0,2,25,-2,-25,0,0,0,0,-2,-21,0,1.33333333333333,0,0,0,0,0,0,0,0,0,0,378,4237,4210,4229,4240,-1,1153,18,1061,163,201,14,903,73,730,27,270,4260,4245,15,150,41,55761,
7/6/2026 12:00:00 PM,+07:00,4231.9,4231.9,4224.7,4224.7,9,12,9,0,0,12,4,33.3333333333333,3,25,1,8.33333333333333,0,0,0,0,1,-20,0,1.33333333333333,0,0,0,0,0,0,0,0,0,0,378,4237,4210,4229,4240,-1,1153,18,1061,163,201,14,903,73,730,27,270,4260,4245,15,150,41,55761,
7/6/2026 12:30:00 PM,+07:00,4223.2,4231.7,4218.5,4219.5,13,13,13,0,0,13,1,7.69230769230769,1,7.69230769230769,0,0,0,0,0,0,0,-20,0,1,0,0,0,0,0,0,0,0,0,0,378,4237,4210,4229,4240,-1,1153,18,1061,163,201,14,903,73,730,27,270,4260,4245,15,150,41,55761,
7/6/2026 1:00:00 PM,+07:00,4222.8,4228.1,4219.1,4228.1,12,12,12,0,0,12,2,16.6666666666667,0,0,2,16.6666666666667,0,0,0,0,2,-18,0,1,0,0,0,0,0,0,0,0,0,0,378,4237,4210,4229,4240,-1,1153,18,1061,163,201,14,903,73,730,27,270,4260,4245,15,150,41,55761,
7/6/2026 1:30:00 PM,+07:00,4231.2,4231.2,4223.8,4223.8,21,21,21,0,0,21,0,0,5,23.8095238095238,-5,-23.8095238095238,0,0,0,0,-5,-23,0,1,0,0,0,0,0,0,0,0,0,0,378,4237,4210,4229,4240,-1,1153,18,1061,163,201,14,903,73,730,27,270,4260,4245,15,150,41,55761,
7/6/2026 2:00:00 PM,+07:00,4223.1,4229,4221,4226.8,15,15,15,0,0,15,1,6.66666666666667,3,20,-2,-13.3333333333333,0,0,0,0,-2,-25,0,1,0,0,0,0,0,0,0,0,0,0,378,4237,4210,4229,4240,-1,1153,18,1061,163,201,14,903,73,730,27,270,4260,4245,15,150,41,55761,
7/6/2026 2:30:00 PM,+07:00,4226.3,4238.1,4226.3,4238.1,13,14,13,0,0,14,4,28.5714285714286,1,7.14285714285714,3,21.4285714285714,0,0,0,0,3,-22,0,1.07692307692308,0,0,0,0,0,0,0,0,0,0,378,4237,4210,4229,4240,-1,1153,18,1061,163,201,14,903,73,730,27,270,4260,4245,15,150,41,55761,
7/6/2026 3:00:00 PM,+07:00,4238.3,4238.3,4229.3,4229.3,13,13,13,0,0,13,1,7.69230769230769,5,38.4615384615385,-4,-30.7692307692308,0,0,0,0,-4,-26,0,1,0,0,0,0,0,0,0,0,0,0,378,4237,4210,4229,4240,-1,1153,18,1061,163,201,14,903,73,730,27,270,4260,4245,15,150,41,55761,
7/6/2026 3:30:00 PM,+07:00,4227.7,4227.7,4221.7,4223.6,5,5,5,0,0,5,0,0,2,40,-2,-40,0,0,0,0,-2,-28,0,1,0,0,0,0,0,0,0,0,0,0,378,4237,4210,4229,4240,-1,1153,18,1061,163,201,14,903,73,730,27,270,4260,4245,15,150,41,55761,
7/6/2026 4:00:00 PM,+07:00,4223.1,4223.1,4215,4216,27,36,27,0,0,36,4,11.1111111111111,2,5.55555555555556,2,5.55555555555556,0,0,0,0,2,-26,0,1.33333333333333,0,0,0,0,0,0,0,0,0,0,378,4237,4210,4229,4240,-1,1153,18,1061,163,201,14,903,73,730,27,270,4260,4245,15,150,41,55761,
7/6/2026 4:30:00 PM,+07:00,4215.8,4216.4,4210,4216.3,28,30,28,0,0,30,1,3.33333333333333,0,0,1,3.33333333333333,0,0,0,0,1,-25,0,1.07142857142857,0,0,0,0,0,0,0,0,0,0,378,4237,4210,4229,4240,-1,1153,18,1061,163,201,14,903,73,730,27,270,4260,4245,15,150,41,55761,
7/6/2026 5:00:00 PM,+07:00,4221.4,4224.3,4221.4,4223.2,10,10,10,0,0,10,1,10,1,10,0,0,0,0,0,0,0,-25,0,1,0,0,0,0,0,0,0,0,0,0,378,4237,4210,4229,4240,-1,1153,18,1061,163,201,14,903,73,730,27,270,4260,4245,15,150,41,55761,
7/6/2026 5:30:00 PM,+07:00,4223.4,4228.7,4223.4,4227.3,11,11,11,0,0,11,0,0,3,27.2727272727273,-3,-27.2727272727273,0,0,0,0,-3,-28,0,1,0,0,0,0,0,0,0,0,0,0,378,4237,4210,4229,4240,-1,1153,18,1061,163,201,14,903,73,730,27,270,4260,4245,15,150,41,55761,
7/6/2026 6:00:00 PM,+07:00,4227.3,4231.7,4226,4231.3,12,12,12,0,0,12,2,16.6666666666667,0,0,2,16.6666666666667,0,0,0,0,2,-26,0,1,0,0,0,0,0,0,0,0,0,0,378,4237,4210,4229,4240,-1,1153,18,1061,163,201,14,903,73,730,27,270,4260,4245,15,150,41,55761,
7/6/2026 6:30:00 PM,+07:00,4229.4,4230.9,4226,4228.8,11,12,11,0,0,12,3,25,1,8.33333333333333,2,16.6666666666667,0,0,0,0,2,-24,0,1.09090909090909,0,0,0,0,0,0,0,0,0,0,378,4237,4210,4229,4240,-1,1153,18,1061,163,201,14,903,73,730,27,270,4260,4245,15,150,41,55761,
7/6/2026 7:00:00 PM,+07:00,4228.2,4231.6,4218.8,4218.8,53,58,53,0,0,58,26,44.8275862068966,2,3.44827586206896,24,41.3793103448276,0,0,0,0,24,0,0,1.09433962264151,0,0,0,0,0,0,0,0,0,0,378,4237,4210,4229,4240,-1,1153,18,1061,163,201,14,903,73,730,27,270,4260,4245,15,150,41,55761,
7/6/2026 7:30:00 PM,+07:00,4217.9,4217.9,4204.3,4213.2,78,91,78,0,0,91,25,27.4725274725275,16,17.5824175824176,9,9.89010989010989,0,0,0,0,9,9,0,1.16666666666667,0,0,0,0,0,0,0,0,0,0,378,4237,4210,4229,4240,-1,1153,18,1061,163,201,14,903,73,730,27,270,4260,4245,15,150,41,55761,
7/6/2026 8:00:00 PM,+07:00,4211.6,4221.6,4211.6,4215.6,53,55,53,0,0,55,12,21.8181818181818,17,30.9090909090909,-5,-9.09090909090909,0,0,0,0,-5,4,0,1.0377358490566,0,0,0,0,0,0,0,0,0,0,378,4237,4210,4229,4240,-1,1153,18,1061,163,201,14,903,73,730,27,270,4260,4245,15,150,41,55761,
7/6/2026 8:30:00 PM,+07:00,4219.5,4223.4,4210,4210,64,67,64,0,0,67,10,14.9253731343284,17,25.3731343283582,-7,-10.4477611940298,0,0,0,0,-7,-3,0,1.046875,0,0,0,0,0,0,0,0,0,0,378,4237,4210,4229,4240,-1,1153,18,1061,163,201,14,903,73,730,27,270,4260,4245,15,150,41,55761,
7/6/2026 9:00:00 PM,+07:00,4215,4219.5,4206.8,4211.6,66,68,66,0,0,68,13,19.1176470588235,7,10.2941176470588,6,8.82352941176471,0,0,0,0,6,3,0,1.03030303030303,0,0,0,0,0,0,0,0,0,0,378,4237,4210,4229,4240,-1,1153,18,1061,163,201,14,903,73,730,27,270,4260,4245,15,150,41,55761,
7/6/2026 9:30:00 PM,+07:00,4209.6,4214.6,4203.3,4211.5,46,47,46,0,0,47,9,19.1489361702128,9,19.1489361702128,0,0,0,0,0,0,0,3,0,1.02173913043478,0,0,0,0,0,0,0,0,0,0,378,4237,4210,4229,4240,-1,1153,18,1061,163,201,14,903,73,730,27,270,4260,4245,15,150,41,55761,
7/6/2026 10:00:00 PM,+07:00,4212.2,4224,4211.1,4223.2,50,57,50,0,0,57,9,15.7894736842105,19,33.3333333333333,-10,-17.5438596491228,0,0,0,0,-10,-7,0,1.14,0,0,0,0,0,0,0,0,0,0,378,4237,4210,4229,4240,-1,1153,18,1061,163,201,14,903,73,730,27,270,4260,4245,15,150,41,55761,
7/6/2026 10:30:00 PM,+07:00,4223.7,4224.9,4218.2,4221.4,39,49,39,0,0,49,10,20.4081632653061,13,26.530612244898,-3,-6.12244897959184,0,0,0,0,-3,-10,0,1.25641025641026,0,0,0,0,0,0,0,0,0,0,378,4237,4210,4229,4240,-1,1153,18,1061,163,201,14,903,73,730,27,270,4260,4245,15,150,41,55761,
7/6/2026 11:00:00 PM,+07:00,4220.7,4220.9,4212.9,4217.1,28,32,28,0,0,32,2,6.25,7,21.875,-5,-15.625,0,0,0,0,-5,-15,0,1.14285714285714,0,0,0,0,0,0,0,0,0,0,378,4237,4210,4229,4240,-1,1153,18,1061,163,201,14,903,73,730,27,270,4260,4245,15,150,41,55761,
7/6/2026 11:30:00 PM,+07:00,4219.9,4228.7,4219.9,4228.7,19,23,19,0,0,23,13,56.5217391304348,0,0,13,56.5217391304348,0,0,0,0,13,-2,0,1.21052631578947,0,0,0,0,0,0,0,0,0,0,378,4237,4210,4229,4240,-1,1153,18,1061,163,201,14,903,73,730,27,270,4260,4245,15,150,41,55761,
7/7/2026 12:00:00 AM,+07:00,4226.6,4231.8,4223.5,4228.8,117,125,117,0,0,125,26,20.8,21,16.8,5,4,0,0,0,0,5,5,0,1.06837606837607,0,0,0,0,0,0,0,0,0,0,378,4237,4210,4229,4240,-1,1153,18,1061,163,201,14,903,73,730,27,270,4260,4245,15,150,41,55761,
7/7/2026 12:30:00 AM,+07:00,4228.7,4233.7,4228.7,4233.1,17,17,17,0,0,17,4,23.5294117647059,4,23.5294117647059,0,0,0,0,0,0,0,5,0,1,0,0,0,0,0,0,0,0,0,0,378,4237,4210,4229,4240,-1,1153,18,1061,163,201,14,903,73,730,27,270,4260,4245,15,150,41,55761,
7/7/2026 1:00:00 AM,+07:00,4234.8,4235.5,4228.8,4235.2,23,27,23,0,0,27,14,51.8518518518518,6,22.2222222222222,8,29.6296296296296,0,0,0,0,8,13,0,1.17391304347826,0,0,0,0,0,0,0,0,0,0,378,4237,4210,4229,4240,-1,1153,18,1061,163,201,14,903,73,730,27,270,4260,4245,15,150,41,55761,
7/7/2026 1:30:00 AM,+07:00,4239,4239,4235.9,4237.2,12,14,12,0,0,14,8,57.1428571428571,1,7.14285714285714,7,50,0,0,0,0,7,20,0,1.16666666666667,0,0,0,0,0,0,0,0,0,0,378,4237,4210,4229,4240,-1,1153,18,1061,163,201,14,903,73,730,27,270,4260,4245,15,150,41,55761,
7/7/2026 2:00:00 AM,+07:00,4233.6,4234.5,4233.5,4234.5,6,6,6,0,0,6,0,0,2,33.3333333333333,-2,-33.3333333333333,0,0,0,0,-2,18,0,1,0,0,0,0,0,0,0,0,0,0,378,4237,4210,4229,4240,-1,1153,18,1061,163,201,14,903,73,730,27,270,4260,4245,15,150,41,55761,
7/7/2026 2:30:00 AM,+07:00,4234.2,4236.7,4234.2,4235.8,11,11,11,0,0,11,5,45.4545454545455,3,27.2727272727273,2,18.1818181818182,0,0,0,0,2,20,0,1,0,0,0,0,0,0,0,0,0,0,378,4237,4210,4229,4240,-1,1153,18,1061,163,201,14,903,73,730,27,270,4260,4245,15,150,41,55761,
7/7/2026 3:00:00 AM,+07:00,4235.3,4236.1,4233.8,4236.1,9,9,9,0,0,9,4,44.4444444444444,4,44.4444444444444,0,0,0,0,0,0,0,20,0,1,0,0,0,0,0,0,0,0,0,0,378,4237,4210,4229,4240,-1,1153,18,1061,163,201,14,903,73,730,27,270,4260,4245,15,150,41,55761,
7/7/2026 3:30:00 AM,+07:00,4236.1,4237,4236.1,4237,2,4,2,0,0,4,0,0,0,0,0,0,0,0,0,0,0,20,0,2,0,0,0,0,0,0,0,0,0,0,378,4237,4210,4229,4240,-1,1153,18,1061,163,201,14,903,73,730,27,270,4260,4245,15,150,41,55761,
7/7/2026 5:00:00 AM,+07:00,4237.1,4237.8,4237.1,4237.8,2,2,2,0,0,2,1,50,1,50,0,0,0,0,0,0,0,20,0,1,0,0,0,0,0,0,0,0,0,0,480,4233,4194,4209,4209,-17,2061,-46,1650,258,209,13,1155,89,890,39,390,4240,4237,3,30,6,58639,
7/7/2026 5:30:00 AM,+07:00,4240.4,4240.4,4236.8,4236.8,4,4,4,0,0,4,1,25,0,0,1,25,0,0,0,0,1,21,0,1,0,0,0,0,0,0,0,0,0,0,480,4233,4194,4209,4209,-17,2061,-46,1650,258,209,13,1155,89,890,39,390,4240,4237,3,30,6,58639,
7/7/2026 6:00:00 AM,+07:00,4236.3,4236.3,4236.3,4236.3,1,1,1,0,0,1,0,0,0,0,0,0,0,0,0,0,0,21,0,1,0,0,0,0,0,0,0,0,0,0,480,4233,4194,4209,4209,-17,2061,-46,1650,258,209,13,1155,89,890,39,390,4240,4237,3,30,6,58639,
7/7/2026 6:30:00 AM,+07:00,4236.5,4236.5,4233.7,4233.7,9,9,9,0,0,9,4,44.4444444444444,4,44.4444444444444,0,0,0,0,0,0,0,21,0,1,0,0,0,0,0,0,0,0,0,0,480,4233,4194,4209,4209,-17,2061,-46,1650,258,209,13,1155,89,890,39,390,4240,4237,3,30,6,58639,
7/7/2026 7:00:00 AM,+07:00,4227.5,4230,4226.6,4229.4,6,6,6,0,0,6,1,16.6666666666667,5,83.3333333333334,-4,-66.6666666666666,0,0,0,0,-4,17,0,1,0,0,0,0,0,0,0,0,0,0,480,4233,4194,4209,4209,-17,2061,-46,1650,258,209,13,1155,89,890,39,390,4240,4237,3,30,6,58639,
7/7/2026 7:30:00 AM,+07:00,4233.5,4233.6,4218.8,4218.8,17,17,17,0,0,17,6,35.2941176470588,3,17.6470588235294,3,17.6470588235294,0,0,0,0,3,20,0,1,0,0,0,0,0,0,0,0,0,0,480,4233,4194,4209,4209,-17,2061,-46,1650,258,209,13,1155,89,890,39,390,4240,4237,3,30,6,58639,
7/7/2026 8:00:00 AM,+07:00,4218.7,4220.7,4198.6,4205.7,67,74,67,0,0,74,12,16.2162162162162,26,35.1351351351351,-14,-18.9189189189189,0,0,0,0,-14,6,0,1.1044776119403,0,0,0,0,0,0,0,0,0,0,480,4233,4194,4209,4209,-17,2061,-46,1650,258,209,13,1155,89,890,39,390,4240,4237,3,30,6,58639,
7/7/2026 8:30:00 AM,+07:00,4208.4,4218.8,4208.4,4214.8,31,53,31,0,0,53,6,11.3207547169811,11,20.7547169811321,-5,-9.43396226415094,0,0,0,0,-5,1,0,1.70967741935484,0,0,0,0,0,0,0,0,0,0,480,4233,4194,4209,4209,-17,2061,-46,1650,258,209,13,1155,89,890,39,390,4240,4237,3,30,6,58639,
7/7/2026 9:00:00 AM,+07:00,4213.9,4217.3,4211,4214.7,14,16,14,0,0,16,5,31.25,6,37.5,-1,-6.25,0,0,0,0,-1,0,0,1.14285714285714,0,0,0,0,0,0,0,0,0,0,480,4233,4194,4209,4209,-17,2061,-46,1650,258,209,13,1155,89,890,39,390,4240,4237,3,30,6,58639,
7/7/2026 9:30:00 AM,+07:00,4210.6,4210.6,4205.3,4205.9,9,9,9,0,0,9,1,11.1111111111111,2,22.2222222222222,-1,-11.1111111111111,0,0,0,0,-1,-1,0,1,0,0,0,0,0,0,0,0,0,0,480,4233,4194,4209,4209,-17,2061,-46,1650,258,209,13,1155,89,890,39,390,4240,4237,3,30,6,58639,
7/7/2026 10:00:00 AM,+07:00,4208,4209,4206.4,4206.4,5,5,5,0,0,5,2,40,1,20,1,20,0,0,0,0,1,0,0,1,0,0,0,0,0,0,0,0,0,0,480,4233,4194,4209,4209,-17,2061,-46,1650,258,209,13,1155,89,890,39,390,4240,4237,3,30,6,58639,
7/7/2026 10:30:00 AM,+07:00,4204.1,4204.3,4196.1,4198.7,26,39,26,0,0,39,0,0,15,38.4615384615385,-15,-38.4615384615385,0,0,0,0,-15,-15,0,1.5,0,0,0,0,0,0,0,0,0,0,480,4233,4194,4209,4209,-17,2061,-46,1650,258,209,13,1155,89,890,39,390,4240,4237,3,30,6,58639,
7/7/2026 11:00:00 AM,+07:00,4204.5,4212.1,4204.5,4205.9,16,16,16,0,0,16,6,37.5,2,12.5,4,25,0,0,0,0,4,-11,0,1,0,0,0,0,0,0,0,0,0,0,480,4233,4194,4209,4209,-17,2061,-46,1650,258,209,13,1155,89,890,39,390,4240,4237,3,30,6,58639,
7/7/2026 11:30:00 AM,+07:00,4201.6,4203.2,4198.1,4198.7,11,11,11,0,0,11,2,18.1818181818182,1,9.09090909090909,1,9.09090909090909,0,0,0,0,1,-10,0,1,0,0,0,0,0,0,0,0,0,0,480,4233,4194,4209,4209,-17,2061,-46,1650,258,209,13,1155,89,890,39,390,4240,4237,3,30,6,58639,
7/7/2026 12:00:00 PM,+07:00,4198.2,4202.6,4193.6,4200.4,23,25,23,0,0,25,1,4,13,52,-12,-48,0,0,0,0,-12,-22,0,1.08695652173913,0,0,0,0,0,0,0,0,0,0,480,4233,4194,4209,4209,-17,2061,-46,1650,258,209,13,1155,89,890,39,390,4240,4237,3,30,6,58639,
7/7/2026 12:30:00 PM,+07:00,4196.8,4199,4188.7,4195.6,57,59,57,0,0,59,16,27.1186440677966,15,25.4237288135593,1,1.69491525423729,0,0,0,0,1,-21,0,1.03508771929825,0,0,0,0,0,0,0,0,0,0,480,4233,4194,4209,4209,-17,2061,-46,1650,258,209,13,1155,89,890,39,390,4240,4237,3,30,6,58639,
7/7/2026 1:00:00 PM,+07:00,4198.4,4201,4194.6,4199.3,21,22,21,0,0,22,10,45.4545454545455,7,31.8181818181818,3,13.6363636363636,0,0,0,0,3,-18,0,1.04761904761905,0,0,0,0,0,0,0,0,0,0,480,4233,4194,4209,4209,-17,2061,-46,1650,258,209,13,1155,89,890,39,390,4240,4237,3,30,6,58639,
7/7/2026 1:30:00 PM,+07:00,4198.6,4203.4,4198.6,4201.8,4,4,4,0,0,4,1,25,0,0,1,25,0,0,0,0,1,-17,0,1,0,0,0,0,0,0,0,0,0,0,480,4233,4194,4209,4209,-17,2061,-46,1650,258,209,13,1155,89,890,39,390,4240,4237,3,30,6,58639,
7/7/2026 2:00:00 PM,+07:00,4198.7,4203.1,4197.4,4199.8,8,8,8,0,0,8,1,12.5,2,25,-1,-12.5,0,0,0,0,-1,-18,0,1,0,0,0,0,0,0,0,0,0,0,480,4233,4194,4209,4209,-17,2061,-46,1650,258,209,13,1155,89,890,39,390,4240,4237,3,30,6,58639,
7/7/2026 2:30:00 PM,+07:00,4199.5,4204.5,4198.3,4198.3,7,7,7,0,0,7,1,14.2857142857143,4,57.1428571428571,-3,-42.8571428571429,0,0,0,0,-3,-21,0,1,0,0,0,0,0,0,0,0,0,0,480,4233,4194,4209,4209,-17,2061,-46,1650,258,209,13,1155,89,890,39,390,4240,4237,3,30,6,58639,
7/7/2026 3:00:00 PM,+07:00,4201.9,4210.8,4199.6,4209.9,22,22,22,0,0,22,3,13.6363636363636,5,22.7272727272727,-2,-9.09090909090909,0,0,0,0,-2,-23,0,1,0,0,0,0,0,0,0,0,0,0,480,4233,4194,4209,4209,-17,2061,-46,1650,258,209,13,1155,89,890,39,390,4240,4237,3,30,6,58639,
7/7/2026 3:30:00 PM,+07:00,4210.8,4210.8,4195.3,4198.4,27,27,27,0,0,27,2,7.40740740740741,6,22.2222222222222,-4,-14.8148148148148,0,0,0,0,-4,-27,0,1,0,0,0,0,0,0,0,0,0,0,480,4233,4194,4209,4209,-17,2061,-46,1650,258,209,13,1155,89,890,39,390,4240,4237,3,30,6,58639,
7/7/2026 4:00:00 PM,+07:00,4198.1,4202.4,4192.2,4192.2,23,24,23,0,0,24,3,12.5,5,20.8333333333333,-2,-8.33333333333333,0,0,0,0,-2,-29,0,1.04347826086957,0,0,0,0,0,0,0,0,0,0,480,4233,4194,4209,4209,-17,2061,-46,1650,258,209,13,1155,89,890,39,390,4240,4237,3,30,6,58639,
7/7/2026 4:30:00 PM,+07:00,4194.4,4205.4,4193.5,4200.4,19,22,19,0,0,22,2,9.09090909090909,6,27.2727272727273,-4,-18.1818181818182,0,0,0,0,-4,-33,0,1.15789473684211,0,0,0,0,0,0,0,0,0,0,480,4233,4194,4209,4209,-17,2061,-46,1650,258,209,13,1155,89,890,39,390,4240,4237,3,30,6,58639,
7/7/2026 5:00:00 PM,+07:00,4204.4,4209.8,4204.1,4209.8,45,76,45,0,0,76,52,68.421052631579,6,7.89473684210526,46,60.5263157894737,0,0,0,0,46,13,0,1.68888888888889,0,0,0,0,0,0,0,0,0,0,480,4233,4194,4209,4209,-17,2061,-46,1650,258,209,13,1155,89,890,39,390,4240,4237,3,30,6,58639,
7/7/2026 5:30:00 PM,+07:00,4208.3,4209.2,4206.9,4206.9,8,8,8,0,0,8,1,12.5,1,12.5,0,0,0,0,0,0,0,13,0,1,0,0,0,0,0,0,0,0,0,0,480,4233,4194,4209,4209,-17,2061,-46,1650,258,209,13,1155,89,890,39,390,4240,4237,3,30,6,58639,
7/7/2026 6:00:00 PM,+07:00,4204.5,4214.9,4204,4214.9,16,16,16,0,0,16,4,25,3,18.75,1,6.25,0,0,0,0,1,14,0,1,0,0,0,0,0,0,0,0,0,0,480,4233,4194,4209,4209,-17,2061,-46,1650,258,209,13,1155,89,890,39,390,4240,4237,3,30,6,58639,
7/7/2026 6:30:00 PM,+07:00,4215.4,4230.9,4211.8,4228.8,76,80,76,0,0,80,14,17.5,12,15,2,2.5,0,0,0,0,2,16,0,1.05263157894737,0,0,0,0,0,0,0,0,0,0,480,4233,4194,4209,4209,-17,2061,-46,1650,258,209,13,1155,89,890,39,390,4240,4237,3,30,6,58639,
7/7/2026 7:00:00 PM,+07:00,4230.1,4247.6,4229.9,4235.9,83,92,83,0,0,92,23,25,11,11.9565217391304,12,13.0434782608696,0,0,0,0,12,28,0,1.10843373493976,0,0,0,0,0,0,0,0,0,0,480,4233,4194,4209,4209,-17,2061,-46,1650,258,209,13,1155,89,890,39,390,4240,4237,3,30,6,58639,
7/7/2026 7:30:00 PM,+07:00,4238.4,4245.3,4234.9,4245.3,67,76,67,0,0,76,18,23.6842105263158,9,11.8421052631579,9,11.8421052631579,0,0,0,0,9,37,0,1.13432835820896,0,0,0,0,0,0,0,0,0,0,480,4233,4194,4209,4209,-17,2061,-46,1650,258,209,13,1155,89,890,39,390,4240,4237,3,30,6,58639,
7/7/2026 8:00:00 PM,+07:00,4246.2,4251.7,4232.5,4239.5,110,114,110,0,0,114,30,26.3157894736842,22,19.2982456140351,8,7.01754385964912,0,0,0,0,8,45,0,1.03636363636364,0,0,0,0,0,0,0,0,0,0,480,4233,4194,4209,4209,-17,2061,-46,1650,258,209,13,1155,89,890,39,390,4240,4237,3,30,6,58639,
7/7/2026 8:30:00 PM,+07:00,4237.2,4252.9,4229.3,4231.1,105,113,105,0,0,113,18,15.929203539823,33,29.2035398230088,-15,-13.2743362831858,0,0,0,0,-15,30,0,1.07619047619048,0,0,0,0,0,0,0,0,0,0,480,4233,4194,4209,4209,-17,2061,-46,1650,258,209,13,1155,89,890,39,390,4240,4237,3,30,6,58639,
7/7/2026 9:00:00 PM,+07:00,4231.1,4235.6,4223.8,4230.1,97,99,97,0,0,99,35,35.3535353535354,17,17.1717171717172,18,18.1818181818182,0,0,0,0,18,48,0,1.02061855670103,0,0,0,0,0,0,0,0,0,0,480,4233,4194,4209,4209,-17,2061,-46,1650,258,209,13,1155,89,890,39,390,4240,4237,3,30,6,58639,
7/7/2026 9:30:00 PM,+07:00,4228.8,4228.8,4215.7,4227.2,40,55,40,0,0,55,5,9.09090909090909,24,43.6363636363636,-19,-34.5454545454545,0,0,0,0,-19,29,0,1.375,0,0,0,0,0,0,0,0,0,0,480,4233,4194,4209,4209,-17,2061,-46,1650,258,209,13,1155,89,890,39,390,4240,4237,3,30,6,58639,
7/7/2026 10:00:00 PM,+07:00,4225.2,4226.7,4214.1,4214.1,24,25,24,0,0,25,3,12,11,44,-8,-32,0,0,0,0,-8,21,0,1.04166666666667,0,0,0,0,0,0,0,0,0,0,480,4233,4194,4209,4209,-17,2061,-46,1650,258,209,13,1155,89,890,39,390,4240,4237,3,30,6,58639,
7/7/2026 10:30:00 PM,+07:00,4215,4217.5,4208.6,4211,23,24,23,0,0,24,6,25,9,37.5,-3,-12.5,0,0,0,0,-3,18,0,1.04347826086957,0,0,0,0,0,0,0,0,0,0,480,4233,4194,4209,4209,-17,2061,-46,1650,258,209,13,1155,89,890,39,390,4240,4237,3,30,6,58639,
7/7/2026 11:00:00 PM,+07:00,4210.5,4218.6,4209,4218.6,49,82,49,0,0,82,11,13.4146341463415,25,30.4878048780488,-14,-17.0731707317073,0,0,0,0,-14,4,0,1.6734693877551,0,0,0,0,0,0,0,0,0,0,480,4233,4194,4209,4209,-17,2061,-46,1650,258,209,13,1155,89,890,39,390,4240,4237,3,30,6,58639,
7/7/2026 11:30:00 PM,+07:00,4218.4,4218.9,4214.7,4217.6,26,35,26,0,0,35,5,14.2857142857143,15,42.8571428571429,-10,-28.5714285714286,0,0,0,0,-10,-6,0,1.34615384615385,0,0,0,0,0,0,0,0,0,0,480,4233,4194,4209,4209,-17,2061,-46,1650,258,209,13,1155,89,890,39,390,4240,4237,3,30,6,58639,
7/8/2026 12:00:00 AM,+07:00,4217.4,4218.7,4213.9,4218.6,57,62,57,0,0,62,25,40.3225806451613,18,29.0322580645161,7,11.2903225806452,0,0,0,0,7,7,0,1.08771929824561,0,0,0,0,0,0,0,0,0,0,480,4233,4194,4209,4209,-17,2061,-46,1650,258,209,13,1155,89,890,39,390,4240,4237,3,30,6,58639,
7/8/2026 12:30:00 AM,+07:00,4218.5,4219.8,4216.3,4216.3,18,18,18,0,0,18,2,11.1111111111111,6,33.3333333333333,-4,-22.2222222222222,0,0,0,0,-4,3,0,1,0,0,0,0,0,0,0,0,0,0,480,4233,4194,4209,4209,-17,2061,-46,1650,258,209,13,1155,89,890,39,390,4240,4237,3,30,6,58639,
7/8/2026 1:00:00 AM,+07:00,4214,4216.6,4212.5,4214.2,18,18,18,0,0,18,2,11.1111111111111,6,33.3333333333333,-4,-22.2222222222222,0,0,0,0,-4,-1,0,1,0,0,0,0,0,0,0,0,0,0,480,4233,4194,4209,4209,-17,2061,-46,1650,258,209,13,1155,89,890,39,390,4240,4237,3,30,6,58639,
7/8/2026 1:30:00 AM,+07:00,4213.6,4214.9,4197,4202.4,61,65,61,0,0,65,17,26.1538461538462,17,26.1538461538462,0,0,0,0,0,0,0,-1,0,1.0655737704918,0,0,0,0,0,0,0,0,0,0,480,4233,4194,4209,4209,-17,2061,-46,1650,258,209,13,1155,89,890,39,390,4240,4237,3,30,6,58639,
7/8/2026 2:00:00 AM,+07:00,4190,4192,4164.2,4177.3,127,163,127,0,0,163,32,19.6319018404908,58,35.5828220858896,-26,-15.9509202453988,0,0,0,0,-26,-27,0,1.28346456692913,0,0,0,0,0,0,0,0,0,0,480,4233,4194,4209,4209,-17,2061,-46,1650,258,209,13,1155,89,890,39,390,4240,4237,3,30,6,58639,
7/8/2026 2:30:00 AM,+07:00,4180.1,4188.3,4179.4,4186,134,318,134,0,0,318,52,16.3522012578616,46,14.4654088050314,6,1.88679245283019,0,0,0,0,6,-21,0,2.37313432835821,0,0,0,0,0,0,0,0,0,0,480,4233,4194,4209,4209,-17,2061,-46,1650,258,209,13,1155,89,890,39,390,4240,4237,3,30,6,58639,
7/8/2026 3:00:00 AM,+07:00,4184.5,4186.2,4177.8,4182.3,31,34,31,0,0,34,10,29.4117647058824,10,29.4117647058824,0,0,0,0,0,0,0,-21,0,1.09677419354839,0,0,0,0,0,0,0,0,0,0,480,4233,4194,4209,4209,-17,2061,-46,1650,258,209,13,1155,89,890,39,390,4240,4237,3,30,6,58639,
7/8/2026 3:30:00 AM,+07:00,4180.8,4180.8,4176.1,4178,6,6,6,0,0,6,1,16.6666666666667,0,0,1,16.6666666666667,0,0,0,0,1,-20,0,1,0,0,0,0,0,0,0,0,0,0,480,4233,4194,4209,4209,-17,2061,-46,1650,258,209,13,1155,89,890,39,390,4240,4237,3,30,6,58639,
7/8/2026 5:00:00 AM,+07:00,4171,4175.5,4171,4172.9,20,23,20,0,0,23,8,34.7826086956522,12,52.1739130434783,-4,-17.3913043478261,0,0,0,0,-4,-24,0,1.15,0,0,0,0,0,0,0,0,0,0,655,4173,4092,4142,4149,-10,3653,146,3038,358,285,12,3256,113,1130,81,810,4176,4169,7,70,35,62383,
7/8/2026 5:30:00 AM,+07:00,4171.3,4173.1,4168.5,4169.8,12,12,12,0,0,12,2,16.6666666666667,5,41.6666666666667,-3,-25,0,0,0,0,-3,-27,0,1,0,0,0,0,0,0,0,0,0,0,655,4173,4092,4142,4149,-10,3653,146,3038,358,285,12,3256,113,1130,81,810,4176,4169,7,70,35,62383,
7/8/2026 6:00:00 AM,+07:00,4170.8,4177.9,4170.8,4174.5,19,19,19,0,0,19,8,42.1052631578947,3,15.7894736842105,5,26.3157894736842,0,0,0,0,5,-22,0,1,0,0,0,0,0,0,0,0,0,0,655,4173,4092,4142,4149,-10,3653,146,3038,358,285,12,3256,113,1130,81,810,4176,4169,7,70,35,62383,
7/8/2026 6:30:00 AM,+07:00,4173.4,4174.8,4167.5,4167.5,12,13,12,0,0,13,5,38.4615384615385,4,30.7692307692308,1,7.69230769230769,0,0,0,0,1,-21,0,1.08333333333333,0,0,0,0,0,0,0,0,0,0,655,4173,4092,4142,4149,-10,3653,146,3038,358,285,12,3256,113,1130,81,810,4176,4169,7,70,35,62383,
7/8/2026 7:00:00 AM,+07:00,4171.9,4176.9,4168.7,4175.7,14,14,14,0,0,14,3,21.4285714285714,5,35.7142857142857,-2,-14.2857142857143,0,0,0,0,-2,-23,0,1,0,0,0,0,0,0,0,0,0,0,655,4173,4092,4142,4149,-10,3653,146,3038,358,285,12,3256,113,1130,81,810,4176,4169,7,70,35,62383,
7/8/2026 7:30:00 AM,+07:00,4174.7,4195.9,4174.7,4184.2,33,36,33,0,0,36,10,27.7777777777778,10,27.7777777777778,0,0,0,0,0,0,0,-23,0,1.09090909090909,0,0,0,0,0,0,0,0,0,0,655,4173,4092,4142,4149,-10,3653,146,3038,358,285,12,3256,113,1130,81,810,4176,4169,7,70,35,62383,
7/8/2026 8:00:00 AM,+07:00,4183.4,4187.5,4171.6,4174.8,67,67,67,0,0,67,20,29.8507462686567,14,20.8955223880597,6,8.95522388059701,0,0,0,0,6,-17,0,1,0,0,0,0,0,0,0,0,0,0,655,4173,4092,4142,4149,-10,3653,146,3038,358,285,12,3256,113,1130,81,810,4176,4169,7,70,35,62383,
7/8/2026 8:30:00 AM,+07:00,4175.2,4184.3,4170.5,4177.8,29,31,29,0,0,31,18,58.0645161290323,5,16.1290322580645,13,41.9354838709677,0,0,0,0,13,-4,0,1.06896551724138,0,0,0,0,0,0,0,0,0,0,655,4173,4092,4142,4149,-10,3653,146,3038,358,285,12,3256,113,1130,81,810,4176,4169,7,70,35,62383,
7/8/2026 9:00:00 AM,+07:00,4183,4194.8,4178,4193.9,26,26,26,0,0,26,9,34.6153846153846,9,34.6153846153846,0,0,0,0,0,0,0,-4,0,1,0,0,0,0,0,0,0,0,0,0,655,4173,4092,4142,4149,-10,3653,146,3038,358,285,12,3256,113,1130,81,810,4176,4169,7,70,35,62383,
7/8/2026 9:30:00 AM,+07:00,4191.8,4191.8,4185.5,4185.5,17,17,17,0,0,17,6,35.2941176470588,6,35.2941176470588,0,0,0,0,0,0,0,-4,0,1,0,0,0,0,0,0,0,0,0,0,655,4173,4092,4142,4149,-10,3653,146,3038,358,285,12,3256,113,1130,81,810,4176,4169,7,70,35,62383,
7/8/2026 10:00:00 AM,+07:00,4187.7,4201.7,4187.7,4201,34,37,34,0,0,37,16,43.2432432432432,6,16.2162162162162,10,27.027027027027,0,0,0,0,10,6,0,1.08823529411765,0,0,0,0,0,0,0,0,0,0,655,4173,4092,4142,4149,-10,3653,146,3038,358,285,12,3256,113,1130,81,810,4176,4169,7,70,35,62383,
7/8/2026 10:30:00 AM,+07:00,4198.9,4198.9,4194.9,4195.1,6,7,6,0,0,7,2,28.5714285714286,2,28.5714285714286,0,0,0,0,0,0,0,6,0,1.16666666666667,0,0,0,0,0,0,0,0,0,0,655,4173,4092,4142,4149,-10,3653,146,3038,358,285,12,3256,113,1130,81,810,4176,4169,7,70,35,62383,
7/8/2026 11:00:00 AM,+07:00,4195.5,4198.3,4192.7,4193.4,10,10,10,0,0,10,3,30,1,10,2,20,0,0,0,0,2,8,0,1,0,0,0,0,0,0,0,0,0,0,655,4173,4092,4142,4149,-10,3653,146,3038,358,285,12,3256,113,1130,81,810,4176,4169,7,70,35,62383,
7/8/2026 11:30:00 AM,+07:00,4198.7,4199.1,4195,4195,7,7,7,0,0,7,3,42.8571428571429,1,14.2857142857143,2,28.5714285714286,0,0,0,0,2,10,0,1,0,0,0,0,0,0,0,0,0,0,655,4173,4092,4142,4149,-10,3653,146,3038,358,285,12,3256,113,1130,81,810,4176,4169,7,70,35,62383,
7/8/2026 12:00:00 PM,+07:00,4196.4,4204.6,4194.6,4194.6,13,13,13,0,0,13,2,15.3846153846154,6,46.1538461538462,-4,-30.7692307692308,0,0,0,0,-4,6,0,1,0,0,0,0,0,0,0,0,0,0,655,4173,4092,4142,4149,-10,3653,146,3038,358,285,12,3256,113,1130,81,810,4176,4169,7,70,35,62383,
7/8/2026 12:30:00 PM,+07:00,4192,4202.7,4192,4196.2,15,17,15,0,0,17,5,29.4117647058824,6,35.2941176470588,-1,-5.88235294117647,0,0,0,0,-1,5,0,1.13333333333333,0,0,0,0,0,0,0,0,0,0,655,4173,4092,4142,4149,-10,3653,146,3038,358,285,12,3256,113,1130,81,810,4176,4169,7,70,35,62383,
7/8/2026 1:00:00 PM,+07:00,4197,4204.8,4194.9,4204.8,11,11,11,0,0,11,4,36.3636363636364,4,36.3636363636364,0,0,0,0,0,0,0,5,0,1,0,0,0,0,0,0,0,0,0,0,655,4173,4092,4142,4149,-10,3653,146,3038,358,285,12,3256,113,1130,81,810,4176,4169,7,70,35,62383,
7/8/2026 1:30:00 PM,+07:00,4196.5,4199.3,4195.6,4195.6,17,18,17,0,0,18,5,27.7777777777778,3,16.6666666666667,2,11.1111111111111,0,0,0,0,2,7,0,1.05882352941176,0,0,0,0,0,0,0,0,0,0,655,4173,4092,4142,4149,-10,3653,146,3038,358,285,12,3256,113,1130,81,810,4176,4169,7,70,35,62383,
7/8/2026 2:00:00 PM,+07:00,4194.3,4194.8,4188.2,4192,18,18,18,0,0,18,3,16.6666666666667,2,11.1111111111111,1,5.55555555555556,0,0,0,0,1,8,0,1,0,0,0,0,0,0,0,0,0,0,655,4173,4092,4142,4149,-10,3653,146,3038,358,285,12,3256,113,1130,81,810,4176,4169,7,70,35,62383,
7/8/2026 2:30:00 PM,+07:00,4193.6,4197.1,4190,4192.4,23,30,23,0,0,30,4,13.3333333333333,13,43.3333333333333,-9,-30,0,0,0,0,-9,-1,0,1.30434782608696,0,0,0,0,0,0,0,0,0,0,655,4173,4092,4142,4149,-10,3653,146,3038,358,285,12,3256,113,1130,81,810,4176,4169,7,70,35,62383,
7/8/2026 3:00:00 PM,+07:00,4191.6,4191.6,4152.1,4160.7,192,206,192,0,0,206,44,21.3592233009709,38,18.4466019417476,6,2.9126213592233,0,0,0,0,6,5,0,1.07291666666667,0,0,0,0,0,0,0,0,0,0,655,4173,4092,4142,4149,-10,3653,146,3038,358,285,12,3256,113,1130,81,810,4176,4169,7,70,35,62383,
7/8/2026 3:30:00 PM,+07:00,4157.1,4162,4122,4125.9,260,302,260,0,0,302,97,32.1192052980132,66,21.8543046357616,31,10.2649006622517,0,0,0,0,31,36,0,1.16153846153846,0,0,0,0,0,0,0,0,0,0,655,4173,4092,4142,4149,-10,3653,146,3038,358,285,12,3256,113,1130,81,810,4176,4169,7,70,35,62383,
7/8/2026 4:00:00 PM,+07:00,4125.4,4129.9,4120.5,4127.1,90,106,90,0,0,106,47,44.3396226415094,16,15.0943396226415,31,29.2452830188679,0,0,0,0,31,67,0,1.17777777777778,0,0,0,0,0,0,0,0,0,0,655,4173,4092,4142,4149,-10,3653,146,3038,358,285,12,3256,113,1130,81,810,4176,4169,7,70,35,62383,
7/8/2026 4:30:00 PM,+07:00,4125.1,4128.6,4111.8,4111.8,67,73,67,0,0,73,19,26.027397260274,16,21.9178082191781,3,4.10958904109589,0,0,0,0,3,70,0,1.08955223880597,0,0,0,0,0,0,0,0,0,0,655,4173,4092,4142,4149,-10,3653,146,3038,358,285,12,3256,113,1130,81,810,4176,4169,7,70,35,62383,
7/8/2026 5:00:00 PM,+07:00,4113.2,4125.4,4110.6,4121.7,47,48,47,0,0,48,17,35.4166666666667,7,14.5833333333333,10,20.8333333333333,0,0,0,0,10,80,0,1.02127659574468,0,0,0,0,0,0,0,0,0,0,655,4173,4092,4142,4149,-10,3653,146,3038,358,285,12,3256,113,1130,81,810,4176,4169,7,70,35,62383,
7/8/2026 5:30:00 PM,+07:00,4122.3,4128.6,4121.3,4125,50,72,50,0,0,72,30,41.6666666666667,7,9.72222222222222,23,31.9444444444444,0,0,0,0,23,103,0,1.44,0,0,0,0,0,0,0,0,0,0,655,4173,4092,4142,4149,-10,3653,146,3038,358,285,12,3256,113,1130,81,810,4176,4169,7,70,35,62383,
7/8/2026 6:00:00 PM,+07:00,4123.3,4126.7,4118.7,4121.3,36,48,36,0,0,48,7,14.5833333333333,9,18.75,-2,-4.16666666666667,0,0,0,0,-2,101,0,1.33333333333333,0,0,0,0,0,0,0,0,0,0,655,4173,4092,4142,4149,-10,3653,146,3038,358,285,12,3256,113,1130,81,810,4176,4169,7,70,35,62383,
7/8/2026 6:30:00 PM,+07:00,4119.5,4142.4,4111.4,4131.5,187,207,187,0,0,207,43,20.7729468599034,27,13.0434782608696,16,7.72946859903382,0,0,0,0,16,117,0,1.10695187165775,0,0,0,0,0,0,0,0,0,0,655,4173,4092,4142,4149,-10,3653,146,3038,358,285,12,3256,113,1130,81,810,4176,4169,7,70,35,62383,
7/8/2026 7:00:00 PM,+07:00,4133.2,4145.4,4130.1,4141.8,80,85,80,0,0,85,24,28.2352941176471,17,20,7,8.23529411764706,0,0,0,0,7,124,0,1.0625,0,0,0,0,0,0,0,0,0,0,655,4173,4092,4142,4149,-10,3653,146,3038,358,285,12,3256,113,1130,81,810,4176,4169,7,70,35,62383,
7/8/2026 7:30:00 PM,+07:00,4140.6,4156.2,4138.5,4142,185,210,185,0,0,210,61,29.047619047619,26,12.3809523809524,35,16.6666666666667,0,0,0,0,35,159,0,1.13513513513514,0,0,0,0,0,0,0,0,0,0,655,4173,4092,4142,4149,-10,3653,146,3038,358,285,12,3256,113,1130,81,810,4176,4169,7,70,35,62383,
7/8/2026 8:00:00 PM,+07:00,4141.7,4152.7,4135.8,4137.8,84,89,84,0,0,89,25,28.0898876404494,26,29.2134831460674,-1,-1.12359550561798,0,0,0,0,-1,158,0,1.05952380952381,0,0,0,0,0,0,0,0,0,0,655,4173,4092,4142,4149,-10,3653,146,3038,358,285,12,3256,113,1130,81,810,4176,4169,7,70,35,62383,
7/8/2026 8:30:00 PM,+07:00,4137.2,4150.5,4137.2,4141.5,93,126,93,0,0,126,23,18.2539682539683,43,34.1269841269841,-20,-15.8730158730159,0,0,0,0,-20,138,0,1.35483870967742,0,0,0,0,0,0,0,0,0,0,655,4173,4092,4142,4149,-10,3653,146,3038,358,285,12,3256,113,1130,81,810,4176,4169,7,70,35,62383,
7/8/2026 9:00:00 PM,+07:00,4141,4141.8,4122.6,4134.2,106,126,106,0,0,126,28,22.2222222222222,34,26.984126984127,-6,-4.76190476190476,0,0,0,0,-6,132,0,1.18867924528302,0,0,0,0,0,0,0,0,0,0,655,4173,4092,4142,4149,-10,3653,146,3038,358,285,12,3256,113,1130,81,810,4176,4169,7,70,35,62383,
7/8/2026 9:30:00 PM,+07:00,4130.6,4130.6,4103.5,4111.5,147,173,147,0,0,173,57,32.9479768786127,26,15.028901734104,31,17.9190751445087,0,0,0,0,31,163,0,1.17687074829932,0,0,0,0,0,0,0,0,0,0,655,4173,4092,4142,4149,-10,3653,146,3038,358,285,12,3256,113,1130,81,810,4176,4169,7,70,35,62383,
7/8/2026 10:00:00 PM,+07:00,4110.8,4113.3,4096.4,4101.6,186,314,186,0,0,314,66,21.0191082802548,68,21.656050955414,-2,-0.636942675159236,0,0,0,0,-2,161,0,1.68817204301075,0,0,0,0,0,0,0,0,0,0,655,4173,4092,4142,4149,-10,3653,146,3038,358,285,12,3256,113,1130,81,810,4176,4169,7,70,35,62383,
7/8/2026 10:30:00 PM,+07:00,4101.5,4106.4,4092,4102,90,98,90,0,0,98,26,26.530612244898,16,16.3265306122449,10,10.2040816326531,0,0,0,0,10,171,0,1.08888888888889,0,0,0,0,0,0,0,0,0,0,655,4173,4092,4142,4149,-10,3653,146,3038,358,285,12,3256,113,1130,81,810,4176,4169,7,70,35,62383,
7/8/2026 11:00:00 PM,+07:00,4103.8,4113.3,4103.8,4111.9,54,69,54,0,0,69,28,40.5797101449275,20,28.9855072463768,8,11.5942028985507,0,0,0,0,8,179,0,1.27777777777778,0,0,0,0,0,0,0,0,0,0,655,4173,4092,4142,4149,-10,3653,146,3038,358,285,12,3256,113,1130,81,810,4176,4169,7,70,35,62383,
7/8/2026 11:30:00 PM,+07:00,4112.3,4134.1,4108.9,4133.5,209,340,209,0,0,340,90,26.4705882352941,95,27.9411764705882,-5,-1.47058823529412,0,0,0,0,-5,174,0,1.62679425837321,0,0,0,0,0,0,0,0,0,0,655,4173,4092,4142,4149,-10,3653,146,3038,358,285,12,3256,113,1130,81,810,4176,4169,7,70,35,62383,
7/9/2026 12:00:00 AM,+07:00,4133.2,4143.6,4129.6,4143.1,211,227,211,0,0,227,44,19.3832599118943,64,28.1938325991189,-20,-8.81057268722467,0,0,0,0,-20,-20,0,1.07582938388626,0,0,0,0,0,0,0,0,0,0,655,4173,4092,4142,4149,-10,3653,146,3038,358,285,12,3256,113,1130,81,810,4176,4169,7,70,35,62383,
7/9/2026 12:30:00 AM,+07:00,4142.7,4146.3,4134.6,4134.6,64,76,64,0,0,76,22,28.9473684210526,23,30.2631578947368,-1,-1.31578947368421,0,0,0,0,-1,-21,0,1.1875,0,0,0,0,0,0,0,0,0,0,655,4173,4092,4142,4149,-10,3653,146,3038,358,285,12,3256,113,1130,81,810,4176,4169,7,70,35,62383,
7/9/2026 1:00:00 AM,+07:00,4134.2,4145.2,4133.8,4140.9,46,65,46,0,0,65,17,26.1538461538462,37,56.9230769230769,-20,-30.7692307692308,0,0,0,0,-20,-41,0,1.41304347826087,0,0,0,0,0,0,0,0,0,0,655,4173,4092,4142,4149,-10,3653,146,3038,358,285,12,3256,113,1130,81,810,4176,4169,7,70,35,62383,
7/9/2026 1:30:00 AM,+07:00,4140.3,4160.1,4137.9,4153,35,35,35,0,0,35,8,22.8571428571429,5,14.2857142857143,3,8.57142857142857,0,0,0,0,3,-38,0,1,0,0,0,0,0,0,0,0,0,0,655,4173,4092,4142,4149,-10,3653,146,3038,358,285,12,3256,113,1130,81,810,4176,4169,7,70,35,62383,
7/9/2026 2:00:00 AM,+07:00,4157.6,4160,4155.7,4156.4,14,15,14,0,0,15,3,20,5,33.3333333333333,-2,-13.3333333333333,0,0,0,0,-2,-40,0,1.07142857142857,0,0,0,0,0,0,0,0,0,0,655,4173,4092,4142,4149,-10,3653,146,3038,358,285,12,3256,113,1130,81,810,4176,4169,7,70,35,62383,
7/9/2026 2:30:00 AM,+07:00,4158.5,4160.7,4148.8,4150.9,49,63,49,0,0,63,14,22.2222222222222,32,50.7936507936508,-18,-28.5714285714286,0,0,0,0,-18,-58,0,1.28571428571429,0,0,0,0,0,0,0,0,0,0,655,4173,4092,4142,4149,-10,3653,146,3038,358,285,12,3256,113,1130,81,810,4176,4169,7,70,35,62383,
7/9/2026 3:00:00 AM,+07:00,4150.1,4153.1,4144.4,4146.3,35,35,35,0,0,35,14,40,3,8.57142857142857,11,31.4285714285714,0,0,0,0,11,-47,0,1,0,0,0,0,0,0,0,0,0,0,655,4173,4092,4142,4149,-10,3653,146,3038,358,285,12,3256,113,1130,81,810,4176,4169,7,70,35,62383,
7/9/2026 3:30:00 AM,+07:00,4147.3,4148.1,4142.3,4147.7,18,19,18,0,0,19,4,21.0526315789474,5,26.3157894736842,-1,-5.26315789473684,0,0,0,0,-1,-48,0,1.05555555555556,0,0,0,0,0,0,0,0,0,0,655,4173,4092,4142,4149,-10,3653,146,3038,358,285,12,3256,113,1130,81,810,4176,4169,7,70,35,62383,
7/9/2026 5:00:00 AM,+07:00,4147,4147.5,4147,4147.5,4,5,4,0,0,5,1,20,3,60,-2,-40,0,0,0,0,-2,-50,0,1.25,0,0,0,0,0,0,0,0,0,0,427,4190,4124,4145,4167,12,1567,141,1404,326,90,11,849,85,850,66,660,4148,4143,5,50,12,68381,
7/9/2026 5:30:00 AM,+07:00,4144.6,4147.4,4143.2,4146.2,7,7,7,0,0,7,2,28.5714285714286,2,28.5714285714286,0,0,0,0,0,0,0,-50,0,1,0,0,0,0,0,0,0,0,0,0,427,4190,4124,4145,4167,12,1567,141,1404,326,90,11,849,85,850,66,660,4148,4143,5,50,12,68381,
7/9/2026 6:00:00 AM,+07:00,4145.4,4146.4,4144.5,4144.9,4,4,4,0,0,4,0,0,1,25,-1,-25,0,0,0,0,-1,-51,0,1,0,0,0,0,0,0,0,0,0,0,427,4190,4124,4145,4167,12,1567,141,1404,326,90,11,849,85,850,66,660,4148,4143,5,50,12,68381,
7/9/2026 6:30:00 AM,+07:00,4146.6,4147,4141.5,4147,12,13,12,0,0,13,6,46.1538461538462,4,30.7692307692308,2,15.3846153846154,0,0,0,0,2,-49,0,1.08333333333333,0,0,0,0,0,0,0,0,0,0,427,4190,4124,4145,4167,12,1567,141,1404,326,90,11,849,85,850,66,660,4148,4143,5,50,12,68381,
7/9/2026 7:00:00 AM,+07:00,4149.3,4156.9,4143.9,4144.7,21,21,21,0,0,21,9,42.8571428571429,5,23.8095238095238,4,19.047619047619,0,0,0,0,4,-45,0,1,0,0,0,0,0,0,0,0,0,0,427,4190,4124,4145,4167,12,1567,141,1404,326,90,11,849,85,850,66,660,4148,4143,5,50,12,68381,
7/9/2026 7:30:00 AM,+07:00,4148,4150.1,4140.6,4142.2,13,15,13,0,0,15,7,46.6666666666667,2,13.3333333333333,5,33.3333333333333,0,0,0,0,5,-40,0,1.15384615384615,0,0,0,0,0,0,0,0,0,0,427,4190,4124,4145,4167,12,1567,141,1404,326,90,11,849,85,850,66,660,4148,4143,5,50,12,68381,
7/9/2026 8:00:00 AM,+07:00,4143.5,4144.7,4135.9,4140.9,36,39,36,0,0,39,11,28.2051282051282,12,30.7692307692308,-1,-2.56410256410256,0,0,0,0,-1,-41,0,1.08333333333333,0,0,0,0,0,0,0,0,0,0,427,4190,4124,4145,4167,12,1567,141,1404,326,90,11,849,85,850,66,660,4148,4143,5,50,12,68381,
7/9/2026 8:30:00 AM,+07:00,4134.7,4144.8,4134.3,4140,24,24,24,0,0,24,5,20.8333333333333,5,20.8333333333333,0,0,0,0,0,0,0,-41,0,1,0,0,0,0,0,0,0,0,0,0,427,4190,4124,4145,4167,12,1567,141,1404,326,90,11,849,85,850,66,660,4148,4143,5,50,12,68381,
7/9/2026 9:00:00 AM,+07:00,4142.6,4150.9,4142.6,4149.3,9,9,9,0,0,9,1,11.1111111111111,5,55.5555555555556,-4,-44.4444444444444,0,0,0,0,-4,-45,0,1,0,0,0,0,0,0,0,0,0,0,427,4190,4124,4145,4167,12,1567,141,1404,326,90,11,849,85,850,66,660,4148,4143,5,50,12,68381,
7/9/2026 9:30:00 AM,+07:00,4149.4,4149.4,4134.8,4134.8,14,15,14,0,0,15,4,26.6666666666667,3,20,1,6.66666666666667,0,0,0,0,1,-44,0,1.07142857142857,0,0,0,0,0,0,0,0,0,0,427,4190,4124,4145,4167,12,1567,141,1404,326,90,11,849,85,850,66,660,4148,4143,5,50,12,68381,
7/9/2026 10:00:00 AM,+07:00,4131.1,4131.7,4123.7,4127.9,15,15,15,0,0,15,4,26.6666666666667,3,20,1,6.66666666666667,0,0,0,0,1,-43,0,1,0,0,0,0,0,0,0,0,0,0,427,4190,4124,4145,4167,12,1567,141,1404,326,90,11,849,85,850,66,660,4148,4143,5,50,12,68381,
7/9/2026 10:30:00 AM,+07:00,4127.7,4133,4127.7,4131.5,35,57,35,0,0,57,46,80.7017543859649,7,12.280701754386,39,68.421052631579,0,0,0,0,39,-4,0,1.62857142857143,0,0,0,0,0,0,0,0,0,0,427,4190,4124,4145,4167,12,1567,141,1404,326,90,11,849,85,850,66,660,4148,4143,5,50,12,68381,
7/9/2026 11:00:00 AM,+07:00,4131.2,4132.5,4126.7,4128.6,9,9,9,0,0,9,3,33.3333333333333,3,33.3333333333333,0,0,0,0,0,0,0,-4,0,1,0,0,0,0,0,0,0,0,0,0,427,4190,4124,4145,4167,12,1567,141,1404,326,90,11,849,85,850,66,660,4148,4143,5,50,12,68381,
7/9/2026 11:30:00 AM,+07:00,4128.1,4131.3,4126.4,4131.1,9,9,9,0,0,9,3,33.3333333333333,2,22.2222222222222,1,11.1111111111111,0,0,0,0,1,-3,0,1,0,0,0,0,0,0,0,0,0,0,427,4190,4124,4145,4167,12,1567,141,1404,326,90,11,849,85,850,66,660,4148,4143,5,50,12,68381,
7/9/2026 12:00:00 PM,+07:00,4133.2,4144.9,4133.2,4140.8,77,101,77,0,0,101,26,25.7425742574257,28,27.7227722772277,-2,-1.98019801980198,0,0,0,0,-2,-5,0,1.31168831168831,0,0,0,0,0,0,0,0,0,0,427,4190,4124,4145,4167,12,1567,141,1404,326,90,11,849,85,850,66,660,4148,4143,5,50,12,68381,
7/9/2026 12:30:00 PM,+07:00,4141.7,4153.3,4136.8,4151,37,43,37,0,0,43,12,27.906976744186,18,41.8604651162791,-6,-13.953488372093,0,0,0,0,-6,-11,0,1.16216216216216,0,0,0,0,0,0,0,0,0,0,427,4190,4124,4145,4167,12,1567,141,1404,326,90,11,849,85,850,66,660,4148,4143,5,50,12,68381,
7/9/2026 1:00:00 PM,+07:00,4154.4,4171.7,4154.4,4171.7,36,36,36,0,0,36,5,13.8888888888889,12,33.3333333333333,-7,-19.4444444444444,0,0,0,0,-7,-18,0,1,0,0,0,0,0,0,0,0,0,0,427,4190,4124,4145,4167,12,1567,141,1404,326,90,11,849,85,850,66,660,4148,4143,5,50,12,68381,
7/9/2026 1:30:00 PM,+07:00,4169.9,4176.1,4166.2,4175.8,32,32,32,0,0,32,8,25,9,28.125,-1,-3.125,0,0,0,0,-1,-19,0,1,0,0,0,0,0,0,0,0,0,0,427,4190,4124,4145,4167,12,1567,141,1404,326,90,11,849,85,850,66,660,4148,4143,5,50,12,68381,
7/9/2026 2:00:00 PM,+07:00,4176.8,4177.8,4172.7,4176.6,16,17,16,0,0,17,5,29.4117647058824,5,29.4117647058824,0,0,0,0,0,0,0,-19,0,1.0625,0,0,0,0,0,0,0,0,0,0,427,4190,4124,4145,4167,12,1567,141,1404,326,90,11,849,85,850,66,660,4148,4143,5,50,12,68381,
7/9/2026 2:30:00 PM,+07:00,4177.3,4180.9,4175.5,4177,12,13,12,0,0,13,2,15.3846153846154,5,38.4615384615385,-3,-23.0769230769231,0,0,0,0,-3,-22,0,1.08333333333333,0,0,0,0,0,0,0,0,0,0,427,4190,4124,4145,4167,12,1567,141,1404,326,90,11,849,85,850,66,660,4148,4143,5,50,12,68381,
7/9/2026 3:00:00 PM,+07:00,4176.7,4186.2,4175,4184.5,19,20,19,0,0,20,5,25,4,20,1,5,0,0,0,0,1,-21,0,1.05263157894737,0,0,0,0,0,0,0,0,0,0,427,4190,4124,4145,4167,12,1567,141,1404,326,90,11,849,85,850,66,660,4148,4143,5,50,12,68381,
7/9/2026 3:30:00 PM,+07:00,4183.9,4183.9,4177.1,4179.3,31,49,31,0,0,49,15,30.6122448979592,11,22.4489795918367,4,8.16326530612245,0,0,0,0,4,-17,0,1.58064516129032,0,0,0,0,0,0,0,0,0,0,427,4190,4124,4145,4167,12,1567,141,1404,326,90,11,849,85,850,66,660,4148,4143,5,50,12,68381,
7/9/2026 4:00:00 PM,+07:00,4177.3,4181,4176.8,4177.5,12,12,12,0,0,12,0,0,1,8.33333333333333,-1,-8.33333333333333,0,0,0,0,-1,-18,0,1,0,0,0,0,0,0,0,0,0,0,427,4190,4124,4145,4167,12,1567,141,1404,326,90,11,849,85,850,66,660,4148,4143,5,50,12,68381,
7/9/2026 4:30:00 PM,+07:00,4178.6,4178.6,4172.8,4174,12,12,12,0,0,12,1,8.33333333333333,2,16.6666666666667,-1,-8.33333333333333,0,0,0,0,-1,-19,0,1,0,0,0,0,0,0,0,0,0,0,427,4190,4124,4145,4167,12,1567,141,1404,326,90,11,849,85,850,66,660,4148,4143,5,50,12,68381,
7/9/2026 5:00:00 PM,+07:00,4178,4178,4174.6,4176.3,4,4,4,0,0,4,0,0,1,25,-1,-25,0,0,0,0,-1,-20,0,1,0,0,0,0,0,0,0,0,0,0,427,4190,4124,4145,4167,12,1567,141,1404,326,90,11,849,85,850,66,660,4148,4143,5,50,12,68381,
7/9/2026 5:30:00 PM,+07:00,4172.3,4173.2,4164.1,4168.2,29,38,29,0,0,38,12,31.578947368421,4,10.5263157894737,8,21.0526315789474,0,0,0,0,8,-12,0,1.31034482758621,0,0,0,0,0,0,0,0,0,0,427,4190,4124,4145,4167,12,1567,141,1404,326,90,11,849,85,850,66,660,4148,4143,5,50,12,68381,
7/9/2026 6:00:00 PM,+07:00,4167.1,4176.1,4167.1,4168.8,22,22,22,0,0,22,7,31.8181818181818,5,22.7272727272727,2,9.09090909090909,0,0,0,0,2,-10,0,1,0,0,0,0,0,0,0,0,0,0,427,4190,4124,4145,4167,12,1567,141,1404,326,90,11,849,85,850,66,660,4148,4143,5,50,12,68381,
7/9/2026 6:30:00 PM,+07:00,4169.9,4180.2,4169.9,4178.8,32,32,32,0,0,32,10,31.25,4,12.5,6,18.75,0,0,0,0,6,-4,0,1,0,0,0,0,0,0,0,0,0,0,427,4190,4124,4145,4167,12,1567,141,1404,326,90,11,849,85,850,66,660,4148,4143,5,50,12,68381,
7/9/2026 7:00:00 PM,+07:00,4182.2,4188,4175.4,4176.1,40,40,40,0,0,40,16,40,5,12.5,11,27.5,0,0,0,0,11,7,0,1,0,0,0,0,0,0,0,0,0,0,427,4190,4124,4145,4167,12,1567,141,1404,326,90,11,849,85,850,66,660,4148,4143,5,50,12,68381,
7/9/2026 7:30:00 PM,+07:00,4177.1,4190.8,4177.1,4177.6,60,74,60,0,0,74,22,29.7297297297297,10,13.5135135135135,12,16.2162162162162,0,0,0,0,12,19,0,1.23333333333333,0,0,0,0,0,0,0,0,0,0,427,4190,4124,4145,4167,12,1567,141,1404,326,90,11,849,85,850,66,660,4148,4143,5,50,12,68381,
7/9/2026 8:00:00 PM,+07:00,4181.5,4197.3,4181.2,4194.4,43,45,43,0,0,45,9,20,16,35.5555555555556,-7,-15.5555555555556,0,0,0,0,-7,12,0,1.04651162790698,0,0,0,0,0,0,0,0,0,0,427,4190,4124,4145,4167,12,1567,141,1404,326,90,11,849,85,850,66,660,4148,4143,5,50,12,68381,
7/9/2026 8:30:00 PM,+07:00,4195.2,4199.5,4189.1,4192.3,80,85,80,0,0,85,22,25.8823529411765,27,31.7647058823529,-5,-5.88235294117647,0,0,0,0,-5,7,0,1.0625,0,0,0,0,0,0,0,0,0,0,427,4190,4124,4145,4167,12,1567,141,1404,326,90,11,849,85,850,66,660,4148,4143,5,50,12,68381,
7/9/2026 9:00:00 PM,+07:00,4191.9,4207.7,4184.2,4194.6,110,126,110,0,0,126,39,30.952380952381,29,23.015873015873,10,7.93650793650794,0,0,0,0,10,17,0,1.14545454545455,0,0,0,0,0,0,0,0,0,0,427,4190,4124,4145,4167,12,1567,141,1404,326,90,11,849,85,850,66,660,4148,4143,5,50,12,68381,
7/9/2026 9:30:00 PM,+07:00,4194.8,4198.2,4189,4198.2,46,46,46,0,0,46,9,19.5652173913043,8,17.3913043478261,1,2.17391304347826,0,0,0,0,1,18,0,1,0,0,0,0,0,0,0,0,0,0,427,4190,4124,4145,4167,12,1567,141,1404,326,90,11,849,85,850,66,660,4148,4143,5,50,12,68381,
7/9/2026 10:00:00 PM,+07:00,4198.2,4200.4,4195.3,4199.1,69,80,69,0,0,80,21,26.25,18,22.5,3,3.75,0,0,0,0,3,21,0,1.15942028985507,0,0,0,0,0,0,0,0,0,0,427,4190,4124,4145,4167,12,1567,141,1404,326,90,11,849,85,850,66,660,4148,4143,5,50,12,68381,
7/9/2026 10:30:00 PM,+07:00,4198.5,4202.2,4197,4197.8,24,25,24,0,0,25,7,28,5,20,2,8,0,0,0,0,2,23,0,1.04166666666667,0,0,0,0,0,0,0,0,0,0,427,4190,4124,4145,4167,12,1567,141,1404,326,90,11,849,85,850,66,660,4148,4143,5,50,12,68381,
7/9/2026 11:00:00 PM,+07:00,4197.9,4203.8,4196.4,4202.6,35,36,35,0,0,36,12,33.3333333333333,7,19.4444444444444,5,13.8888888888889,0,0,0,0,5,28,0,1.02857142857143,0,0,0,0,0,0,0,0,0,0,427,4190,4124,4145,4167,12,1567,141,1404,326,90,11,849,85,850,66,660,4148,4143,5,50,12,68381,
7/9/2026 11:30:00 PM,+07:00,4204.1,4208.8,4198.5,4199.4,53,57,53,0,0,57,6,10.5263157894737,17,29.8245614035088,-11,-19.2982456140351,0,0,0,0,-11,17,0,1.07547169811321,0,0,0,0,0,0,0,0,0,0,427,4190,4124,4145,4167,12,1567,141,1404,326,90,11,849,85,850,66,660,4148,4143,5,50,12,68381,
7/10/2026 12:00:00 AM,+07:00,4197.8,4202.6,4196,4202.4,127,135,127,0,0,135,57,42.2222222222222,35,25.9259259259259,22,16.2962962962963,0,0,0,0,22,22,0,1.06299212598425,0,0,0,0,0,0,0,0,0,0,427,4190,4124,4145,4167,12,1567,141,1404,326,90,11,849,85,850,66,660,4148,4143,5,50,12,68381,
7/10/2026 12:30:00 AM,+07:00,4202.6,4208.3,4200.2,4207.1,51,62,51,0,0,62,39,62.9032258064516,4,6.45161290322581,35,56.4516129032258,0,0,0,0,35,57,0,1.2156862745098,0,0,0,0,0,0,0,0,0,0,427,4190,4124,4145,4167,12,1567,141,1404,326,90,11,849,85,850,66,660,4148,4143,5,50,12,68381,
7/10/2026 1:00:00 AM,+07:00,4206.6,4206.6,4194.1,4194.7,31,31,31,0,0,31,19,61.2903225806452,5,16.1290322580645,14,45.1612903225806,0,0,0,0,14,71,0,1,0,0,0,0,0,0,0,0,0,0,427,4190,4124,4145,4167,12,1567,141,1404,326,90,11,849,85,850,66,660,4148,4143,5,50,12,68381,
7/10/2026 1:30:00 AM,+07:00,4194.1,4195.6,4193.3,4195.6,13,13,13,0,0,13,3,23.0769230769231,2,15.3846153846154,1,7.69230769230769,0,0,0,0,1,72,0,1,0,0,0,0,0,0,0,0,0,0,427,4190,4124,4145,4167,12,1567,141,1404,326,90,11,849,85,850,66,660,4148,4143,5,50,12,68381,
7/10/2026 2:00:00 AM,+07:00,4196.6,4197.3,4191.1,4191.1,8,8,8,0,0,8,2,25,1,12.5,1,12.5,0,0,0,0,1,73,0,1,0,0,0,0,0,0,0,0,0,0,427,4190,4124,4145,4167,12,1567,141,1404,326,90,11,849,85,850,66,660,4148,4143,5,50,12,68381,
7/10/2026 2:30:00 AM,+07:00,4191,4193.1,4189.7,4192.4,25,25,25,0,0,25,10,40,5,20,5,20,0,0,0,0,5,78,0,1,0,0,0,0,0,0,0,0,0,0,427,4190,4124,4145,4167,12,1567,141,1404,326,90,11,849,85,850,66,660,4148,4143,5,50,12,68381,
7/10/2026 3:00:00 AM,+07:00,4191.9,4191.9,4191.3,4191.3,3,3,3,0,0,3,1,33.3333333333333,2,66.6666666666666,-1,-33.3333333333333,0,0,0,0,-1,77,0,1,0,0,0,0,0,0,0,0,0,0,427,4190,4124,4145,4167,12,1567,141,1404,326,90,11,849,85,850,66,660,4148,4143,5,50,12,68381,
7/10/2026 3:30:00 AM,+07:00,4193.7,4193.7,4192.8,4192.8,3,3,3,0,0,3,1,33.3333333333333,2,66.6666666666666,-1,-33.3333333333333,0,0,0,0,-1,76,0,1,0,0,0,0,0,0,0,0,0,0,427,4190,4124,4145,4167,12,1567,141,1404,326,90,11,849,85,850,66,660,4148,4143,5,50,12,68381,
7/10/2026 5:00:00 AM,+07:00,4194.9,4195.6,4192,4192.6,5,5,5,0,0,5,0,0,3,60,-3,-60,0,0,0,0,-3,73,0,1,0,0,0,0,0,0,0,0,0,0,407,4188,4165,4174,4173,-8,1840,-71,1611,222,165,20,1484,62,620,23,230,4196,4192,4,40,7,77749,
7/10/2026 5:30:00 AM,+07:00,4191.8,4191.8,4191.7,4191.7,2,2,2,0,0,2,0,0,0,0,0,0,0,0,0,0,0,73,0,1,0,0,0,0,0,0,0,0,0,0,407,4188,4165,4174,4173,-8,1840,-71,1611,222,165,20,1484,62,620,23,230,4196,4192,4,40,7,77749,
7/10/2026 6:00:00 AM,+07:00,4190.8,4193.9,4190.8,4192.2,8,8,8,0,0,8,1,12.5,3,37.5,-2,-25,0,0,0,0,-2,71,0,1,0,0,0,0,0,0,0,0,0,0,407,4188,4165,4174,4173,-8,1840,-71,1611,222,165,20,1484,62,620,23,230,4196,4192,4,40,7,77749,
7/10/2026 6:30:00 AM,+07:00,4193.2,4194.3,4193.2,4194.3,3,3,3,0,0,3,1,33.3333333333333,0,0,1,33.3333333333333,0,0,0,0,1,72,0,1,0,0,0,0,0,0,0,0,0,0,407,4188,4165,4174,4173,-8,1840,-71,1611,222,165,20,1484,62,620,23,230,4196,4192,4,40,7,77749,
7/10/2026 7:00:00 AM,+07:00,4191.8,4194.9,4189,4189,8,9,8,0,0,9,5,55.5555555555556,1,11.1111111111111,4,44.4444444444444,0,0,0,0,4,76,0,1.125,0,0,0,0,0,0,0,0,0,0,407,4188,4165,4174,4173,-8,1840,-71,1611,222,165,20,1484,62,620,23,230,4196,4192,4,40,7,77749,
7/10/2026 7:30:00 AM,+07:00,4186.3,4198.2,4186.2,4196.5,15,15,15,0,0,15,5,33.3333333333333,2,13.3333333333333,3,20,0,0,0,0,3,79,0,1,0,0,0,0,0,0,0,0,0,0,407,4188,4165,4174,4173,-8,1840,-71,1611,222,165,20,1484,62,620,23,230,4196,4192,4,40,7,77749,
7/10/2026 8:00:00 AM,+07:00,4197.1,4200.6,4191.9,4192,18,18,18,0,0,18,7,38.8888888888889,4,22.2222222222222,3,16.6666666666667,0,0,0,0,3,82,0,1,0,0,0,0,0,0,0,0,0,0,407,4188,4165,4174,4173,-8,1840,-71,1611,222,165,20,1484,62,620,23,230,4196,4192,4,40,7,77749,
7/10/2026 8:30:00 AM,+07:00,4188,4188,4180.2,4186.8,24,27,24,0,0,27,10,37.037037037037,7,25.9259259259259,3,11.1111111111111,0,0,0,0,3,85,0,1.125,0,0,0,0,0,0,0,0,0,0,407,4188,4165,4174,4173,-8,1840,-71,1611,222,165,20,1484,62,620,23,230,4196,4192,4,40,7,77749,
7/10/2026 9:00:00 AM,+07:00,4194.7,4198.7,4193,4194.7,13,13,13,0,0,13,5,38.4615384615385,1,7.69230769230769,4,30.7692307692308,0,0,0,0,4,89,0,1,0,0,0,0,0,0,0,0,0,0,407,4188,4165,4174,4173,-8,1840,-71,1611,222,165,20,1484,62,620,23,230,4196,4192,4,40,7,77749,
7/10/2026 9:30:00 AM,+07:00,4195.5,4199.1,4193,4198.9,17,17,17,0,0,17,5,29.4117647058824,6,35.2941176470588,-1,-5.88235294117647,0,0,0,0,-1,88,0,1,0,0,0,0,0,0,0,0,0,0,407,4188,4165,4174,4173,-8,1840,-71,1611,222,165,20,1484,62,620,23,230,4196,4192,4,40,7,77749,
7/10/2026 10:00:00 AM,+07:00,4200,4204.4,4192.9,4196.6,33,56,33,0,0,56,17,30.3571428571429,16,28.5714285714286,1,1.78571428571429,0,0,0,0,1,89,0,1.6969696969697,0,0,0,0,0,0,0,0,0,0,407,4188,4165,4174,4173,-8,1840,-71,1611,222,165,20,1484,62,620,23,230,4196,4192,4,40,7,77749,
7/10/2026 10:30:00 AM,+07:00,4194.4,4194.9,4189.6,4189.6,9,10,9,0,0,10,2,20,3,30,-1,-10,0,0,0,0,-1,88,0,1.11111111111111,0,0,0,0,0,0,0,0,0,0,407,4188,4165,4174,4173,-8,1840,-71,1611,222,165,20,1484,62,620,23,230,4196,4192,4,40,7,77749,
7/10/2026 11:00:00 AM,+07:00,4187.7,4189.4,4182.2,4186.8,13,17,13,0,0,17,8,47.0588235294118,3,17.6470588235294,5,29.4117647058824,0,0,0,0,5,93,0,1.30769230769231,0,0,0,0,0,0,0,0,0,0,407,4188,4165,4174,4173,-8,1840,-71,1611,222,165,20,1484,62,620,23,230,4196,4192,4,40,7,77749,
7/10/2026 11:30:00 AM,+07:00,4188.1,4188.1,4185,4185,2,2,2,0,0,2,0,0,0,0,0,0,0,0,0,0,0,93,0,1,0,0,0,0,0,0,0,0,0,0,407,4188,4165,4174,4173,-8,1840,-71,1611,222,165,20,1484,62,620,23,230,4196,4192,4,40,7,77749,
7/10/2026 12:00:00 PM,+07:00,4184.3,4185.9,4182.9,4184.5,13,13,13,0,0,13,3,23.0769230769231,2,15.3846153846154,1,7.69230769230769,0,0,0,0,1,94,0,1,0,0,0,0,0,0,0,0,0,0,407,4188,4165,4174,4173,-8,1840,-71,1611,222,165,20,1484,62,620,23,230,4196,4192,4,40,7,77749,
7/10/2026 12:30:00 PM,+07:00,4182.4,4186.5,4178,4186.5,19,22,19,0,0,22,3,13.6363636363636,3,13.6363636363636,0,0,0,0,0,0,0,94,0,1.15789473684211,0,0,0,0,0,0,0,0,0,0,407,4188,4165,4174,4173,-8,1840,-71,1611,222,165,20,1484,62,620,23,230,4196,4192,4,40,7,77749,
7/10/2026 1:00:00 PM,+07:00,4188.5,4188.5,4183.1,4184.8,32,42,32,0,0,42,13,30.952380952381,7,16.6666666666667,6,14.2857142857143,0,0,0,0,6,100,0,1.3125,0,0,0,0,0,0,0,0,0,0,407,4188,4165,4174,4173,-8,1840,-71,1611,222,165,20,1484,62,620,23,230,4196,4192,4,40,7,77749,
7/10/2026 1:30:00 PM,+07:00,4181.8,4183.5,4181.6,4181.6,6,6,6,0,0,6,2,33.3333333333333,1,16.6666666666667,1,16.6666666666667,0,0,0,0,1,101,0,1,0,0,0,0,0,0,0,0,0,0,407,4188,4165,4174,4173,-8,1840,-71,1611,222,165,20,1484,62,620,23,230,4196,4192,4,40,7,77749,
7/10/2026 2:00:00 PM,+07:00,4181.8,4184.5,4178.2,4184.5,12,12,12,0,0,12,4,33.3333333333333,3,25,1,8.33333333333333,0,0,0,0,1,102,0,1,0,0,0,0,0,0,0,0,0,0,407,4188,4165,4174,4173,-8,1840,-71,1611,222,165,20,1484,62,620,23,230,4196,4192,4,40,7,77749,
7/10/2026 2:30:00 PM,+07:00,4182.5,4182.5,4173.7,4173.7,6,8,6,0,0,8,0,0,4,50,-4,-50,0,0,0,0,-4,98,0,1.33333333333333,0,0,0,0,0,0,0,0,0,0,407,4188,4165,4174,4173,-8,1840,-71,1611,222,165,20,1484,62,620,23,230,4196,4192,4,40,7,77749,
7/10/2026 3:00:00 PM,+07:00,4174.7,4177.9,4173.4,4174.2,15,20,15,0,0,20,5,25,10,50,-5,-25,0,0,0,0,-5,93,0,1.33333333333333,0,0,0,0,0,0,0,0,0,0,407,4188,4165,4174,4173,-8,1840,-71,1611,222,165,20,1484,62,620,23,230,4196,4192,4,40,7,77749,
7/10/2026 3:30:00 PM,+07:00,4174,4174,4163.7,4166.5,73,90,73,0,0,90,11,12.2222222222222,56,62.2222222222222,-45,-50,0,0,0,0,-45,48,0,1.23287671232877,0,0,0,0,0,0,0,0,0,0,407,4188,4165,4174,4173,-8,1840,-71,1611,222,165,20,1484,62,620,23,230,4196,4192,4,40,7,77749,
7/10/2026 4:00:00 PM,+07:00,4166.8,4172.2,4164.1,4170.1,47,53,47,0,0,53,1,1.88679245283019,35,66.0377358490566,-34,-64.1509433962264,0,0,0,0,-34,14,0,1.12765957446808,0,0,0,0,0,0,0,0,0,0,407,4188,4165,4174,4173,-8,1840,-71,1611,222,165,20,1484,62,620,23,230,4196,4192,4,40,7,77749,
7/10/2026 4:30:00 PM,+07:00,4170.7,4173.8,4170.7,4172.6,21,27,21,0,0,27,9,33.3333333333333,7,25.9259259259259,2,7.40740740740741,0,0,0,0,2,16,0,1.28571428571429,0,0,0,0,0,0,0,0,0,0,407,4188,4165,4174,4173,-8,1840,-71,1611,222,165,20,1484,62,620,23,230,4196,4192,4,40,7,77749,
7/10/2026 5:00:00 PM,+07:00,4177.5,4178.2,4175.4,4177.4,10,12,10,0,0,12,2,16.6666666666667,7,58.3333333333333,-5,-41.6666666666667,0,0,0,0,-5,11,0,1.2,0,0,0,0,0,0,0,0,0,0,407,4188,4165,4174,4173,-8,1840,-71,1611,222,165,20,1484,62,620,23,230,4196,4192,4,40,7,77749,
7/10/2026 5:30:00 PM,+07:00,4179.3,4179.3,4174.1,4174.1,20,21,20,0,0,21,6,28.5714285714286,4,19.047619047619,2,9.52380952380952,0,0,0,0,2,13,0,1.05,0,0,0,0,0,0,0,0,0,0,407,4188,4165,4174,4173,-8,1840,-71,1611,222,165,20,1484,62,620,23,230,4196,4192,4,40,7,77749,
7/10/2026 6:00:00 PM,+07:00,4174.6,4176.4,4171,4171,14,14,14,0,0,14,1,7.14285714285714,7,50,-6,-42.8571428571429,0,0,0,0,-6,7,0,1,0,0,0,0,0,0,0,0,0,0,407,4188,4165,4174,4173,-8,1840,-71,1611,222,165,20,1484,62,620,23,230,4196,4192,4,40,7,77749,
7/10/2026 6:30:00 PM,+07:00,4168.5,4176,4166.3,4171,27,29,27,0,0,29,6,20.6896551724138,5,17.2413793103448,1,3.44827586206896,0,0,0,0,1,8,0,1.07407407407407,0,0,0,0,0,0,0,0,0,0,407,4188,4165,4174,4173,-8,1840,-71,1611,222,165,20,1484,62,620,23,230,4196,4192,4,40,7,77749,
7/10/2026 7:00:00 PM,+07:00,4172.5,4185.8,4170.3,4174.6,66,69,66,0,0,69,15,21.7391304347826,21,30.4347826086957,-6,-8.69565217391304,0,0,0,0,-6,2,0,1.04545454545455,0,0,0,0,0,0,0,0,0,0,407,4188,4165,4174,4173,-8,1840,-71,1611,222,165,20,1484,62,620,23,230,4196,4192,4,40,7,77749,
7/10/2026 7:30:00 PM,+07:00,4175.2,4175.2,4165.8,4169.7,44,46,44,0,0,46,14,30.4347826086957,13,28.2608695652174,1,2.17391304347826,0,0,0,0,1,3,0,1.04545454545455,0,0,0,0,0,0,0,0,0,0,407,4188,4165,4174,4173,-8,1840,-71,1611,222,165,20,1484,62,620,23,230,4196,4192,4,40,7,77749,
7/10/2026 8:00:00 PM,+07:00,4167.4,4174.7,4153.5,4155.3,108,126,108,0,0,126,23,18.2539682539683,38,30.1587301587302,-15,-11.9047619047619,0,0,0,0,-15,-12,0,1.16666666666667,0,0,0,0,0,0,0,0,0,0,407,4188,4165,4174,4173,-8,1840,-71,1611,222,165,20,1484,62,620,23,230,4196,4192,4,40,7,77749,
7/10/2026 8:30:00 PM,+07:00,4155.7,4173.9,4155.5,4168.2,99,105,99,0,0,105,38,36.1904761904762,19,18.0952380952381,19,18.0952380952381,0,0,0,0,19,7,0,1.06060606060606,0,0,0,0,0,0,0,0,0,0,407,4188,4165,4174,4173,-8,1840,-71,1611,222,165,20,1484,62,620,23,230,4196,4192,4,40,7,77749,
7/10/2026 9:00:00 PM,+07:00,4167.8,4177.3,4166.1,4174.4,124,129,124,0,0,129,44,34.1085271317829,20,15.5038759689922,24,18.6046511627907,0,0,0,0,24,31,0,1.04032258064516,0,0,0,0,0,0,0,0,0,0,407,4188,4165,4174,4173,-8,1840,-71,1611,222,165,20,1484,62,620,23,230,4196,4192,4,40,7,77749,
7/10/2026 9:30:00 PM,+07:00,4174.1,4176.7,4142,4162.7,208,219,208,0,0,219,64,29.2237442922374,68,31.0502283105023,-4,-1.82648401826484,0,0,0,0,-4,27,0,1.05288461538462,0,0,0,0,0,0,0,0,0,0,407,4188,4165,4174,4173,-8,1840,-71,1611,222,165,20,1484,62,620,23,230,4196,4192,4,40,7,77749,
7/10/2026 10:00:00 PM,+07:00,4160.7,4176.3,4160.7,4170.3,79,90,79,0,0,90,23,25.5555555555556,31,34.4444444444444,-8,-8.88888888888889,0,0,0,0,-8,19,0,1.13924050632911,0,0,0,0,0,0,0,0,0,0,407,4188,4165,4174,4173,-8,1840,-71,1611,222,165,20,1484,62,620,23,230,4196,4192,4,40,7,77749,
7/10/2026 10:30:00 PM,+07:00,4171.2,4182.4,4170.5,4182.4,40,48,40,0,0,48,13,27.0833333333333,13,27.0833333333333,0,0,0,0,0,0,0,19,0,1.2,0,0,0,0,0,0,0,0,0,0,407,4188,4165,4174,4173,-8,1840,-71,1611,222,165,20,1484,62,620,23,230,4196,4192,4,40,7,77749,
7/10/2026 11:00:00 PM,+07:00,4182,4182.9,4176.3,4182.8,37,38,37,0,0,38,9,23.6842105263158,4,10.5263157894737,5,13.1578947368421,0,0,0,0,5,24,0,1.02702702702703,0,0,0,0,0,0,0,0,0,0,407,4188,4165,4174,4173,-8,1840,-71,1611,222,165,20,1484,62,620,23,230,4196,4192,4,40,7,77749,
7/10/2026 11:30:00 PM,+07:00,4184.2,4184.3,4173.4,4173.4,45,77,45,0,0,77,8,10.3896103896104,22,28.5714285714286,-14,-18.1818181818182,0,0,0,0,-14,10,0,1.71111111111111,0,0,0,0,0,0,0,0,0,0,407,4188,4165,4174,4173,-8,1840,-71,1611,222,165,20,1484,62,620,23,230,4196,4192,4,40,7,77749,
7/11/2026 12:00:00 AM,+07:00,4173.3,4175.2,4171.4,4174.6,123,134,123,0,0,134,28,20.8955223880597,51,38.0597014925373,-23,-17.1641791044776,0,0,0,0,-23,-23,0,1.08943089430894,0,0,0,0,0,0,0,0,0,0,407,4188,4165,4174,4173,-8,1840,-71,1611,222,165,20,1484,62,620,23,230,4196,4192,4,40,7,77749,
7/11/2026 12:30:00 AM,+07:00,4174.5,4175.2,4169.9,4169.9,46,54,46,0,0,54,7,12.962962962963,11,20.3703703703704,-4,-7.40740740740741,0,0,0,0,-4,-27,0,1.17391304347826,0,0,0,0,0,0,0,0,0,0,407,4188,4165,4174,4173,-8,1840,-71,1611,222,165,20,1484,62,620,23,230,4196,4192,4,40,7,77749,
7/11/2026 1:00:00 AM,+07:00,4172.4,4174,4172.2,4172.2,20,20,20,0,0,20,7,35,9,45,-2,-10,0,0,0,0,-2,-29,0,1,0,0,0,0,0,0,0,0,0,0,407,4188,4165,4174,4173,-8,1840,-71,1611,222,165,20,1484,62,620,23,230,4196,4192,4,40,7,77749,
7/11/2026 1:30:00 AM,+07:00,4171.3,4171.5,4167.1,4168.3,11,12,11,0,0,12,1,8.33333333333333,4,33.3333333333333,-3,-25,0,0,0,0,-3,-32,0,1.09090909090909,0,0,0,0,0,0,0,0,0,0,407,4188,4165,4174,4173,-8,1840,-71,1611,222,165,20,1484,62,620,23,230,4196,4192,4,40,7,77749,
7/11/2026 2:00:00 AM,+07:00,4168.6,4170.9,4166.5,4170.3,15,22,15,0,0,22,6,27.2727272727273,2,9.09090909090909,4,18.1818181818182,0,0,0,0,4,-28,0,1.46666666666667,0,0,0,0,0,0,0,0,0,0,407,4188,4165,4174,4173,-8,1840,-71,1611,222,165,20,1484,62,620,23,230,4196,4192,4,40,7,77749,
7/11/2026 2:30:00 AM,+07:00,4169.6,4176.9,4169.5,4176.8,38,49,38,0,0,49,22,44.8979591836735,14,28.5714285714286,8,16.3265306122449,0,0,0,0,8,-20,0,1.28947368421053,0,0,0,0,0,0,0,0,0,0,407,4188,4165,4174,4173,-8,1840,-71,1611,222,165,20,1484,62,620,23,230,4196,4192,4,40,7,77749,
7/11/2026 3:00:00 AM,+07:00,4177.2,4182.9,4177.2,4179.5,12,18,12,0,0,18,13,72.2222222222222,2,11.1111111111111,11,61.1111111111111,0,0,0,0,11,-9,0,1.5,0,0,0,0,0,0,0,0,0,0,407,4188,4165,4174,4173,-8,1840,-71,1611,222,165,20,1484,62,620,23,230,4196,4192,4,40,7,77749,
7/11/2026 3:30:00 AM,+07:00,4179.6,4188.4,4179.6,4187.8,11,13,11,0,0,13,5,38.4615384615385,1,7.69230769230769,4,30.7692307692308,0,0,0,0,4,-5,0,1.18181818181818,0,0,0,0,0,0,0,0,0,0,407,4188,4165,4174,4173,-8,1840,-71,1611,222,165,20,1484,62,620,23,230,4196,4192,4,40,7,77749,
7/13/2026 7:00:00 AM,+07:00,4152.3,4156.1,4145,4145,67,126,67,0,0,126,6,4.76190476190476,21,16.6666666666667,-15,-11.9047619047619,0,0,0,0,-15,-15,0,1.88059701492537,0,0,0,0,0,0,0,0,0,0,515,4156,4082,4126,4104,-13,3536,-37,2677,212,286,17,2245,104,1040,74,740,4156,4129,27,270,472,84445,
7/13/2026 7:30:00 AM,+07:00,4142,4144.2,4129.3,4142.2,169,346,169,0,0,346,14,4.04624277456647,15,4.33526011560694,-1,-0.289017341040462,0,0,0,0,-1,-16,0,2.04733727810651,0,0,0,0,0,0,0,0,0,0,515,4156,4082,4126,4104,-13,3536,-37,2677,212,286,17,2245,104,1040,74,740,4156,4129,27,270,472,84445,
7/13/2026 8:00:00 AM,+07:00,4142.6,4148.8,4134,4146.9,73,148,73,0,0,148,17,11.4864864864865,30,20.2702702702703,-13,-8.78378378378378,0,0,0,0,-13,-29,0,2.02739726027397,0,0,0,0,0,0,0,0,0,0,515,4156,4082,4126,4104,-13,3536,-37,2677,212,286,17,2245,104,1040,74,740,4156,4129,27,270,472,84445,
7/13/2026 8:30:00 AM,+07:00,4148.1,4155.8,4135,4140.5,67,121,67,0,0,121,9,7.43801652892562,13,10.7438016528926,-4,-3.30578512396694,0,0,0,0,-4,-33,0,1.80597014925373,0,0,0,0,0,0,0,0,0,0,515,4156,4082,4126,4104,-13,3536,-37,2677,212,286,17,2245,104,1040,74,740,4156,4129,27,270,472,84445,
7/13/2026 9:00:00 AM,+07:00,4139.9,4142.1,4134.6,4134.6,69,169,69,0,0,169,18,10.6508875739645,19,11.2426035502959,-1,-0.591715976331361,0,0,0,0,-1,-34,0,2.44927536231884,0,0,0,0,0,0,0,0,0,0,515,4156,4082,4126,4104,-13,3536,-37,2677,212,286,17,2245,104,1040,74,740,4156,4129,27,270,472,84445,
7/13/2026 9:30:00 AM,+07:00,4137,4144.3,4132.6,4137.5,54,116,54,0,0,116,19,16.3793103448276,12,10.3448275862069,7,6.03448275862069,0,0,0,0,7,-27,0,2.14814814814815,0,0,0,0,0,0,0,0,0,0,515,4156,4082,4126,4104,-13,3536,-37,2677,212,286,17,2245,104,1040,74,740,4156,4129,27,270,472,84445,
7/13/2026 10:00:00 AM,+07:00,4136.4,4136.4,4120.3,4127.2,63,86,63,0,0,86,28,32.5581395348837,23,26.7441860465116,5,5.81395348837209,0,0,0,0,5,-22,0,1.36507936507937,0,0,0,0,0,0,0,0,0,0,515,4156,4082,4126,4104,-13,3536,-37,2677,212,286,17,2245,104,1040,74,740,4156,4129,27,270,472,84445,
7/13/2026 10:30:00 AM,+07:00,4127.5,4127.5,4124.3,4127,3,3,3,0,0,3,2,66.6666666666666,1,33.3333333333333,1,33.3333333333333,0,0,0,0,1,-21,0,1,0,0,0,0,0,0,0,0,0,0,515,4156,4082,4126,4104,-13,3536,-37,2677,212,286,17,2245,104,1040,74,740,4156,4129,27,270,472,84445,
7/13/2026 11:00:00 AM,+07:00,4125.3,4126,4119.9,4122.2,16,17,16,0,0,17,5,29.4117647058824,2,11.7647058823529,3,17.6470588235294,0,0,0,0,3,-18,0,1.0625,0,0,0,0,0,0,0,0,0,0,515,4156,4082,4126,4104,-13,3536,-37,2677,212,286,17,2245,104,1040,74,740,4156,4129,27,270,472,84445,
7/13/2026 11:30:00 AM,+07:00,4124.2,4125.9,4120.4,4125.8,18,19,18,0,0,19,7,36.8421052631579,6,31.578947368421,1,5.26315789473684,0,0,0,0,1,-17,0,1.05555555555556,0,0,0,0,0,0,0,0,0,0,515,4156,4082,4126,4104,-13,3536,-37,2677,212,286,17,2245,104,1040,74,740,4156,4129,27,270,472,84445,
7/13/2026 12:00:00 PM,+07:00,4125.7,4138.1,4123.1,4126,31,48,31,0,0,48,3,6.25,27,56.25,-24,-50,0,0,0,0,-24,-41,0,1.54838709677419,0,0,0,0,0,0,0,0,0,0,515,4156,4082,4126,4104,-13,3536,-37,2677,212,286,17,2245,104,1040,74,740,4156,4129,27,270,472,84445,
7/13/2026 12:30:00 PM,+07:00,4125.8,4132.5,4120.2,4120.7,41,77,41,0,0,77,33,42.8571428571429,32,41.5584415584416,1,1.2987012987013,0,0,0,0,1,-40,0,1.8780487804878,0,0,0,0,0,0,0,0,0,0,515,4156,4082,4126,4104,-13,3536,-37,2677,212,286,17,2245,104,1040,74,740,4156,4129,27,270,472,84445,
7/13/2026 1:00:00 PM,+07:00,4118.2,4125.8,4112.6,4125.8,26,26,26,0,0,26,9,34.6153846153846,6,23.0769230769231,3,11.5384615384615,0,0,0,0,3,-37,0,1,0,0,0,0,0,0,0,0,0,0,515,4156,4082,4126,4104,-13,3536,-37,2677,212,286,17,2245,104,1040,74,740,4156,4129,27,270,472,84445,
7/13/2026 1:30:00 PM,+07:00,4128.3,4132,4120.4,4120.4,35,37,35,0,0,37,7,18.9189189189189,6,16.2162162162162,1,2.7027027027027,0,0,0,0,1,-36,0,1.05714285714286,0,0,0,0,0,0,0,0,0,0,515,4156,4082,4126,4104,-13,3536,-37,2677,212,286,17,2245,104,1040,74,740,4156,4129,27,270,472,84445,
7/13/2026 2:00:00 PM,+07:00,4122.8,4127.4,4116.6,4126.5,31,31,31,0,0,31,3,9.67741935483871,3,9.67741935483871,0,0,0,0,0,0,0,-36,0,1,0,0,0,0,0,0,0,0,0,0,515,4156,4082,4126,4104,-13,3536,-37,2677,212,286,17,2245,104,1040,74,740,4156,4129,27,270,472,84445,
7/13/2026 2:30:00 PM,+07:00,4125.4,4132.1,4124.9,4131.7,23,24,23,0,0,24,7,29.1666666666667,1,4.16666666666667,6,25,0,0,0,0,6,-30,0,1.04347826086957,0,0,0,0,0,0,0,0,0,0,515,4156,4082,4126,4104,-13,3536,-37,2677,212,286,17,2245,104,1040,74,740,4156,4129,27,270,472,84445,
7/13/2026 3:00:00 PM,+07:00,4133.6,4146.1,4132.7,4142.9,34,35,34,0,0,35,11,31.4285714285714,1,2.85714285714286,10,28.5714285714286,0,0,0,0,10,-20,0,1.02941176470588,0,0,0,0,0,0,0,0,0,0,515,4156,4082,4126,4104,-13,3536,-37,2677,212,286,17,2245,104,1040,74,740,4156,4129,27,270,472,84445,
7/13/2026 3:30:00 PM,+07:00,4141.3,4146.5,4139.8,4145.3,16,17,16,0,0,17,1,5.88235294117647,6,35.2941176470588,-5,-29.4117647058824,0,0,0,0,-5,-25,0,1.0625,0,0,0,0,0,0,0,0,0,0,515,4156,4082,4126,4104,-13,3536,-37,2677,212,286,17,2245,104,1040,74,740,4156,4129,27,270,472,84445,
7/13/2026 4:00:00 PM,+07:00,4142.5,4142.9,4139.9,4139.9,15,15,15,0,0,15,3,20,1,6.66666666666667,2,13.3333333333333,0,0,0,0,2,-23,0,1,0,0,0,0,0,0,0,0,0,0,515,4156,4082,4126,4104,-13,3536,-37,2677,212,286,17,2245,104,1040,74,740,4156,4129,27,270,472,84445,
7/13/2026 4:30:00 PM,+07:00,4138.8,4140.5,4136.5,4136.5,7,7,7,0,0,7,0,0,1,14.2857142857143,-1,-14.2857142857143,0,0,0,0,-1,-24,0,1,0,0,0,0,0,0,0,0,0,0,515,4156,4082,4126,4104,-13,3536,-37,2677,212,286,17,2245,104,1040,74,740,4156,4129,27,270,472,84445,
7/13/2026 5:00:00 PM,+07:00,4136,4136.4,4133.8,4134.4,10,10,10,0,0,10,2,20,5,50,-3,-30,0,0,0,0,-3,-27,0,1,0,0,0,0,0,0,0,0,0,0,515,4156,4082,4126,4104,-13,3536,-37,2677,212,286,17,2245,104,1040,74,740,4156,4129,27,270,472,84445,
7/13/2026 5:30:00 PM,+07:00,4133.6,4133.6,4115.3,4127.7,53,55,53,0,0,55,14,25.4545454545455,8,14.5454545454545,6,10.9090909090909,0,0,0,0,6,-21,0,1.0377358490566,0,0,0,0,0,0,0,0,0,0,515,4156,4082,4126,4104,-13,3536,-37,2677,212,286,17,2245,104,1040,74,740,4156,4129,27,270,472,84445,
7/13/2026 6:00:00 PM,+07:00,4129.1,4132.9,4125.8,4130,44,47,44,0,0,47,7,14.8936170212766,13,27.6595744680851,-6,-12.7659574468085,0,0,0,0,-6,-27,0,1.06818181818182,0,0,0,0,0,0,0,0,0,0,515,4156,4082,4126,4104,-13,3536,-37,2677,212,286,17,2245,104,1040,74,740,4156,4129,27,270,472,84445,
7/13/2026 6:30:00 PM,+07:00,4130,4135,4123.2,4123.2,18,18,18,0,0,18,4,22.2222222222222,5,27.7777777777778,-1,-5.55555555555556,0,0,0,0,-1,-28,0,1,0,0,0,0,0,0,0,0,0,0,515,4156,4082,4126,4104,-13,3536,-37,2677,212,286,17,2245,104,1040,74,740,4156,4129,27,270,472,84445,
7/13/2026 7:00:00 PM,+07:00,4124.1,4129.7,4120.9,4126.8,36,36,36,0,0,36,10,27.7777777777778,8,22.2222222222222,2,5.55555555555556,0,0,0,0,2,-26,0,1,0,0,0,0,0,0,0,0,0,0,515,4156,4082,4126,4104,-13,3536,-37,2677,212,286,17,2245,104,1040,74,740,4156,4129,27,270,472,84445,
7/13/2026 7:30:00 PM,+07:00,4126.3,4133.2,4126.2,4133,21,23,21,0,0,23,6,26.0869565217391,6,26.0869565217391,0,0,0,0,0,0,0,-26,0,1.0952380952381,0,0,0,0,0,0,0,0,0,0,515,4156,4082,4126,4104,-13,3536,-37,2677,212,286,17,2245,104,1040,74,740,4156,4129,27,270,472,84445,
7/13/2026 8:00:00 PM,+07:00,4134.6,4134.6,4126,4128.9,38,40,38,0,0,40,10,25,13,32.5,-3,-7.5,0,0,0,0,-3,-29,0,1.05263157894737,0,0,0,0,0,0,0,0,0,0,515,4156,4082,4126,4104,-13,3536,-37,2677,212,286,17,2245,104,1040,74,740,4156,4129,27,270,472,84445,
7/13/2026 8:30:00 PM,+07:00,4130,4130,4108.1,4109.4,124,125,124,0,0,125,19,15.2,43,34.4,-24,-19.2,0,0,0,0,-24,-53,0,1.00806451612903,0,0,0,0,0,0,0,0,0,0,515,4156,4082,4126,4104,-13,3536,-37,2677,212,286,17,2245,104,1040,74,740,4156,4129,27,270,472,84445,
7/13/2026 9:00:00 PM,+07:00,4112.7,4112.7,4068.3,4085.3,441,487,441,0,0,487,182,37.3716632443532,103,21.1498973305955,79,16.2217659137577,0,0,0,0,79,26,0,1.10430839002268,0,0,0,0,0,0,0,0,0,0,515,4156,4082,4126,4104,-13,3536,-37,2677,212,286,17,2245,104,1040,74,740,4156,4129,27,270,472,84445,
7/13/2026 9:30:00 PM,+07:00,4081.1,4081.9,4065.4,4078.7,215,259,215,0,0,259,70,27.027027027027,94,36.2934362934363,-24,-9.26640926640926,0,0,0,0,-24,2,0,1.2046511627907,0,0,0,0,0,0,0,0,0,0,515,4156,4082,4126,4104,-13,3536,-37,2677,212,286,17,2245,104,1040,74,740,4156,4129,27,270,472,84445,
7/13/2026 10:00:00 PM,+07:00,4081.7,4085.1,4076.7,4082.9,88,117,88,0,0,117,34,29.0598290598291,41,35.042735042735,-7,-5.98290598290598,0,0,0,0,-7,-5,0,1.32954545454545,0,0,0,0,0,0,0,0,0,0,515,4156,4082,4126,4104,-13,3536,-37,2677,212,286,17,2245,104,1040,74,740,4156,4129,27,270,472,84445,
7/13/2026 10:30:00 PM,+07:00,4080.9,4082.4,4076.8,4079.2,35,36,35,0,0,36,9,25,7,19.4444444444444,2,5.55555555555556,0,0,0,0,2,-3,0,1.02857142857143,0,0,0,0,0,0,0,0,0,0,515,4156,4082,4126,4104,-13,3536,-37,2677,212,286,17,2245,104,1040,74,740,4156,4129,27,270,472,84445,
7/13/2026 11:00:00 PM,+07:00,4080.6,4082.9,4066.2,4066.2,71,82,71,0,0,82,15,18.2926829268293,23,28.0487804878049,-8,-9.75609756097561,0,0,0,0,-8,-11,0,1.15492957746479,0,0,0,0,0,0,0,0,0,0,515,4156,4082,4126,4104,-13,3536,-37,2677,212,286,17,2245,104,1040,74,740,4156,4129,27,270,472,84445,
7/13/2026 11:30:00 PM,+07:00,4069,4070,4052.6,4056.9,165,197,165,0,0,197,57,28.9340101522843,56,28.4263959390863,1,0.50761421319797,0,0,0,0,1,-10,0,1.19393939393939,0,0,0,0,0,0,0,0,0,0,515,4156,4082,4126,4104,-13,3536,-37,2677,212,286,17,2245,104,1040,74,740,4156,4129,27,270,472,84445,
7/14/2026 12:00:00 AM,+07:00,4058.4,4066.5,4057.5,4064.3,153,172,153,0,0,172,44,25.5813953488372,52,30.2325581395349,-8,-4.65116279069767,0,0,0,0,-8,-8,0,1.12418300653595,0,0,0,0,0,0,0,0,0,0,515,4156,4082,4126,4104,-13,3536,-37,2677,212,286,17,2245,104,1040,74,740,4156,4129,27,270,472,84445,
7/14/2026 12:30:00 AM,+07:00,4064,4065.8,4057.5,4057.5,45,54,45,0,0,54,9,16.6666666666667,18,33.3333333333333,-9,-16.6666666666667,0,0,0,0,-9,-17,0,1.2,0,0,0,0,0,0,0,0,0,0,515,4156,4082,4126,4104,-13,3536,-37,2677,212,286,17,2245,104,1040,74,740,4156,4129,27,270,472,84445,
7/14/2026 1:00:00 AM,+07:00,4058.5,4061.2,4051.7,4059.6,54,67,54,0,0,67,14,20.8955223880597,23,34.3283582089552,-9,-13.4328358208955,0,0,0,0,-9,-26,0,1.24074074074074,0,0,0,0,0,0,0,0,0,0,515,4156,4082,4126,4104,-13,3536,-37,2677,212,286,17,2245,104,1040,74,740,4156,4129,27,270,472,84445,
7/14/2026 1:30:00 AM,+07:00,4060.8,4070,4059.2,4066.3,46,51,46,0,0,51,16,31.3725490196078,20,39.2156862745098,-4,-7.84313725490196,0,0,0,0,-4,-30,0,1.10869565217391,0,0,0,0,0,0,0,0,0,0,515,4156,4082,4126,4104,-13,3536,-37,2677,212,286,17,2245,104,1040,74,740,4156,4129,27,270,472,84445,
7/14/2026 2:00:00 AM,+07:00,4064.2,4068.6,4062.3,4063.9,39,52,39,0,0,52,32,61.5384615384615,12,23.0769230769231,20,38.4615384615385,0,0,0,0,20,-10,0,1.33333333333333,0,0,0,0,0,0,0,0,0,0,515,4156,4082,4126,4104,-13,3536,-37,2677,212,286,17,2245,104,1040,74,740,4156,4129,27,270,472,84445,
7/14/2026 2:30:00 AM,+07:00,4065.2,4067.7,4058.4,4067.2,81,95,81,0,0,95,25,26.3157894736842,36,37.8947368421053,-11,-11.5789473684211,0,0,0,0,-11,-21,0,1.17283950617284,0,0,0,0,0,0,0,0,0,0,515,4156,4082,4126,4104,-13,3536,-37,2677,212,286,17,2245,104,1040,74,740,4156,4129,27,270,472,84445,
7/14/2026 3:00:00 AM,+07:00,4068.5,4071.3,4060.7,4064.4,26,27,26,0,0,27,5,18.5185185185185,8,29.6296296296296,-3,-11.1111111111111,0,0,0,0,-3,-24,0,1.03846153846154,0,0,0,0,0,0,0,0,0,0,515,4156,4082,4126,4104,-13,3536,-37,2677,212,286,17,2245,104,1040,74,740,4156,4129,27,270,472,84445,
7/14/2026 3:30:00 AM,+07:00,4064.4,4065.8,4062.3,4065.8,16,18,16,0,0,18,3,16.6666666666667,6,33.3333333333333,-3,-16.6666666666667,0,0,0,0,-3,-27,0,1.125,0,0,0,0,0,0,0,0,0,0,515,4156,4082,4126,4104,-13,3536,-37,2677,212,286,17,2245,104,1040,74,740,4156,4129,27,270,472,84445,
7/14/2026 5:00:00 AM,+07:00,4065.8,4070.5,4065.8,4070.5,5,5,5,0,0,5,2,40,1,20,1,20,0,0,0,0,1,-26,0,1,0,0,0,0,0,0,0,0,0,0,518,4128,4052,4088,4110,1,3019,-131,2655,320,183,15,1790,121,1210,76,760,4071,4066,5,50,10,94791,
7/14/2026 5:30:00 AM,+07:00,4068.4,4068.4,4066,4066,4,5,4,0,0,5,0,0,4,80,-4,-80,0,0,0,0,-4,-30,0,1.25,0,0,0,0,0,0,0,0,0,0,518,4128,4052,4088,4110,1,3019,-131,2655,320,183,15,1790,121,1210,76,760,4071,4066,5,50,10,94791,
7/14/2026 6:00:00 AM,+07:00,4066.9,4066.9,4062.5,4062.5,10,10,10,0,0,10,1,10,1,10,0,0,0,0,0,0,0,-30,0,1,0,0,0,0,0,0,0,0,0,0,518,4128,4052,4088,4110,1,3019,-131,2655,320,183,15,1790,121,1210,76,760,4071,4066,5,50,10,94791,
7/14/2026 6:30:00 AM,+07:00,4061.3,4065,4057.7,4065,8,8,8,0,0,8,3,37.5,0,0,3,37.5,0,0,0,0,3,-27,0,1,0,0,0,0,0,0,0,0,0,0,518,4128,4052,4088,4110,1,3019,-131,2655,320,183,15,1790,121,1210,76,760,4071,4066,5,50,10,94791,
7/14/2026 7:00:00 AM,+07:00,4067,4070,4049.2,4061.7,31,32,31,0,0,32,5,15.625,6,18.75,-1,-3.125,0,0,0,0,-1,-28,0,1.03225806451613,0,0,0,0,0,0,0,0,0,0,518,4128,4052,4088,4110,1,3019,-131,2655,320,183,15,1790,121,1210,76,760,4071,4066,5,50,10,94791,
7/14/2026 7:30:00 AM,+07:00,4062.3,4072,4062.1,4069.4,35,47,35,0,0,47,26,55.3191489361702,2,4.25531914893617,24,51.063829787234,0,0,0,0,24,-4,0,1.34285714285714,0,0,0,0,0,0,0,0,0,0,518,4128,4052,4088,4110,1,3019,-131,2655,320,183,15,1790,121,1210,76,760,4071,4066,5,50,10,94791,
7/14/2026 8:00:00 AM,+07:00,4066.4,4069,4058.5,4063.6,48,54,48,0,0,54,11,20.3703703703704,10,18.5185185185185,1,1.85185185185185,0,0,0,0,1,-3,0,1.125,0,0,0,0,0,0,0,0,0,0,518,4128,4052,4088,4110,1,3019,-131,2655,320,183,15,1790,121,1210,76,760,4071,4066,5,50,10,94791,
7/14/2026 8:30:00 AM,+07:00,4066.7,4077.4,4059.3,4077.4,27,32,27,0,0,32,8,25,8,25,0,0,0,0,0,0,0,-3,0,1.18518518518519,0,0,0,0,0,0,0,0,0,0,518,4128,4052,4088,4110,1,3019,-131,2655,320,183,15,1790,121,1210,76,760,4071,4066,5,50,10,94791,
7/14/2026 9:00:00 AM,+07:00,4074.2,4083.8,4071.8,4082.4,43,51,43,0,0,51,11,21.5686274509804,17,33.3333333333333,-6,-11.7647058823529,0,0,0,0,-6,-9,0,1.18604651162791,0,0,0,0,0,0,0,0,0,0,518,4128,4052,4088,4110,1,3019,-131,2655,320,183,15,1790,121,1210,76,760,4071,4066,5,50,10,94791,
7/14/2026 9:30:00 AM,+07:00,4080.9,4081.5,4074.9,4076.1,7,7,7,0,0,7,1,14.2857142857143,2,28.5714285714286,-1,-14.2857142857143,0,0,0,0,-1,-10,0,1,0,0,0,0,0,0,0,0,0,0,518,4128,4052,4088,4110,1,3019,-131,2655,320,183,15,1790,121,1210,76,760,4071,4066,5,50,10,94791,
7/14/2026 10:00:00 AM,+07:00,4080,4081.1,4076.7,4076.7,16,21,16,0,0,21,6,28.5714285714286,12,57.1428571428571,-6,-28.5714285714286,0,0,0,0,-6,-16,0,1.3125,0,0,0,0,0,0,0,0,0,0,518,4128,4052,4088,4110,1,3019,-131,2655,320,183,15,1790,121,1210,76,760,4071,4066,5,50,10,94791,
7/14/2026 10:30:00 AM,+07:00,4083.9,4083.9,4080,4080,32,48,32,0,0,48,8,16.6666666666667,31,64.5833333333334,-23,-47.9166666666667,0,0,0,0,-23,-39,0,1.5,0,0,0,0,0,0,0,0,0,0,518,4128,4052,4088,4110,1,3019,-131,2655,320,183,15,1790,121,1210,76,760,4071,4066,5,50,10,94791,
7/14/2026 11:00:00 AM,+07:00,4083.1,4083.1,4078.6,4081.5,13,13,13,0,0,13,7,53.8461538461538,2,15.3846153846154,5,38.4615384615385,0,0,0,0,5,-34,0,1,0,0,0,0,0,0,0,0,0,0,518,4128,4052,4088,4110,1,3019,-131,2655,320,183,15,1790,121,1210,76,760,4071,4066,5,50,10,94791,
7/14/2026 11:30:00 AM,+07:00,4082.4,4087.5,4081.9,4085.7,19,21,19,0,0,21,3,14.2857142857143,7,33.3333333333333,-4,-19.047619047619,0,0,0,0,-4,-38,0,1.10526315789474,0,0,0,0,0,0,0,0,0,0,518,4128,4052,4088,4110,1,3019,-131,2655,320,183,15,1790,121,1210,76,760,4071,4066,5,50,10,94791,
7/14/2026 12:00:00 PM,+07:00,4087.6,4088.8,4085.8,4088.2,13,13,13,0,0,13,1,7.69230769230769,6,46.1538461538462,-5,-38.4615384615385,0,0,0,0,-5,-43,0,1,0,0,0,0,0,0,0,0,0,0,518,4128,4052,4088,4110,1,3019,-131,2655,320,183,15,1790,121,1210,76,760,4071,4066,5,50,10,94791,
7/14/2026 12:30:00 PM,+07:00,4088.2,4098.9,4088.2,4096.6,28,28,28,0,0,28,14,50,6,21.4285714285714,8,28.5714285714286,0,0,0,0,8,-35,0,1,0,0,0,0,0,0,0,0,0,0,518,4128,4052,4088,4110,1,3019,-131,2655,320,183,15,1790,121,1210,76,760,4071,4066,5,50,10,94791,
7/14/2026 1:00:00 PM,+07:00,4095.5,4097.2,4088.4,4088.8,32,34,32,0,0,34,6,17.6470588235294,19,55.8823529411765,-13,-38.2352941176471,0,0,0,0,-13,-48,0,1.0625,0,0,0,0,0,0,0,0,0,0,518,4128,4052,4088,4110,1,3019,-131,2655,320,183,15,1790,121,1210,76,760,4071,4066,5,50,10,94791,
7/14/2026 1:30:00 PM,+07:00,4089.5,4092.1,4088.4,4088.6,35,40,35,0,0,40,11,27.5,16,40,-5,-12.5,0,0,0,0,-5,-53,0,1.14285714285714,0,0,0,0,0,0,0,0,0,0,518,4128,4052,4088,4110,1,3019,-131,2655,320,183,15,1790,121,1210,76,760,4071,4066,5,50,10,94791,
7/14/2026 2:00:00 PM,+07:00,4086.5,4094.8,4085.9,4093.3,32,35,32,0,0,35,5,14.2857142857143,9,25.7142857142857,-4,-11.4285714285714,0,0,0,0,-4,-57,0,1.09375,0,0,0,0,0,0,0,0,0,0,518,4128,4052,4088,4110,1,3019,-131,2655,320,183,15,1790,121,1210,76,760,4071,4066,5,50,10,94791,
7/14/2026 2:30:00 PM,+07:00,4091.5,4091.5,4087.6,4087.6,8,14,8,0,0,14,1,7.14285714285714,4,28.5714285714286,-3,-21.4285714285714,0,0,0,0,-3,-60,0,1.75,0,0,0,0,0,0,0,0,0,0,518,4128,4052,4088,4110,1,3019,-131,2655,320,183,15,1790,121,1210,76,760,4071,4066,5,50,10,94791,
7/14/2026 3:00:00 PM,+07:00,4086,4087.9,4079.5,4087.7,59,62,59,0,0,62,12,19.3548387096774,12,19.3548387096774,0,0,0,0,0,0,0,-60,0,1.05084745762712,0,0,0,0,0,0,0,0,0,0,518,4128,4052,4088,4110,1,3019,-131,2655,320,183,15,1790,121,1210,76,760,4071,4066,5,50,10,94791,
7/14/2026 3:30:00 PM,+07:00,4087.9,4089.4,4081.5,4081.5,51,61,51,0,0,61,3,4.91803278688525,25,40.983606557377,-22,-36.0655737704918,0,0,0,0,-22,-82,0,1.19607843137255,0,0,0,0,0,0,0,0,0,0,518,4128,4052,4088,4110,1,3019,-131,2655,320,183,15,1790,121,1210,76,760,4071,4066,5,50,10,94791,
7/14/2026 4:00:00 PM,+07:00,4080.7,4088.5,4080,4080,49,49,49,0,0,49,2,4.08163265306122,7,14.2857142857143,-5,-10.2040816326531,0,0,0,0,-5,-87,0,1,0,0,0,0,0,0,0,0,0,0,518,4128,4052,4088,4110,1,3019,-131,2655,320,183,15,1790,121,1210,76,760,4071,4066,5,50,10,94791,
7/14/2026 4:30:00 PM,+07:00,4081.8,4089,4078.8,4086.5,54,54,54,0,0,54,2,3.7037037037037,9,16.6666666666667,-7,-12.962962962963,0,0,0,0,-7,-94,0,1,0,0,0,0,0,0,0,0,0,0,518,4128,4052,4088,4110,1,3019,-131,2655,320,183,15,1790,121,1210,76,760,4071,4066,5,50,10,94791,
7/14/2026 5:00:00 PM,+07:00,4087,4087.6,4080.9,4082.4,82,84,82,0,0,84,2,2.38095238095238,14,16.6666666666667,-12,-14.2857142857143,0,0,0,0,-12,-106,0,1.02439024390244,0,0,0,0,0,0,0,0,0,0,518,4128,4052,4088,4110,1,3019,-131,2655,320,183,15,1790,121,1210,76,760,4071,4066,5,50,10,94791,
7/14/2026 5:30:00 PM,+07:00,4083.2,4087.5,4080.7,4087.5,42,42,42,0,0,42,2,4.76190476190476,4,9.52380952380952,-2,-4.76190476190476,0,0,0,0,-2,-108,0,1,0,0,0,0,0,0,0,0,0,0,518,4128,4052,4088,4110,1,3019,-131,2655,320,183,15,1790,121,1210,76,760,4071,4066,5,50,10,94791,
7/14/2026 6:00:00 PM,+07:00,4087.6,4093.5,4081.1,4090.7,57,57,57,0,0,57,5,8.7719298245614,7,12.280701754386,-2,-3.50877192982456,0,0,0,0,-2,-110,0,1,0,0,0,0,0,0,0,0,0,0,518,4128,4052,4088,4110,1,3019,-131,2655,320,183,15,1790,121,1210,76,760,4071,4066,5,50,10,94791,
7/14/2026 6:30:00 PM,+07:00,4090.6,4098,4090.5,4096.4,80,85,80,0,0,85,15,17.6470588235294,13,15.2941176470588,2,2.35294117647059,0,0,0,0,2,-108,0,1.0625,0,0,0,0,0,0,0,0,0,0,518,4128,4052,4088,4110,1,3019,-131,2655,320,183,15,1790,121,1210,76,760,4071,4066,5,50,10,94791,
7/14/2026 7:00:00 PM,+07:00,4096.8,4100.9,4088.2,4094.9,110,111,110,0,0,111,15,13.5135135135135,13,11.7117117117117,2,1.8018018018018,0,0,0,0,2,-106,0,1.00909090909091,0,0,0,0,0,0,0,0,0,0,518,4128,4052,4088,4110,1,3019,-131,2655,320,183,15,1790,121,1210,76,760,4071,4066,5,50,10,94791,
7/14/2026 7:30:00 PM,+07:00,4096.1,4170.3,4096.1,4141.6,499,560,499,0,0,560,113,20.1785714285714,185,33.0357142857143,-72,-12.8571428571429,0,0,0,0,-72,-178,0,1.12224448897796,0,0,0,0,0,0,0,0,0,0,518,4128,4052,4088,4110,1,3019,-131,2655,320,183,15,1790,121,1210,76,760,4071,4066,5,50,10,94791,
7/14/2026 8:00:00 PM,+07:00,4142,4150.9,4138,4147.5,105,118,105,0,0,118,36,30.5084745762712,33,27.9661016949153,3,2.54237288135593,0,0,0,0,3,-175,0,1.12380952380952,0,0,0,0,0,0,0,0,0,0,518,4128,4052,4088,4110,1,3019,-131,2655,320,183,15,1790,121,1210,76,760,4071,4066,5,50,10,94791,
7/14/2026 8:30:00 PM,+07:00,4147.9,4154.3,4141.4,4143.8,62,64,62,0,0,64,17,26.5625,17,26.5625,0,0,0,0,0,0,0,-175,0,1.03225806451613,0,0,0,0,0,0,0,0,0,0,518,4128,4052,4088,4110,1,3019,-131,2655,320,183,15,1790,121,1210,76,760,4071,4066,5,50,10,94791,
7/14/2026 9:00:00 PM,+07:00,4142.5,4150.2,4136.9,4140.7,102,112,102,0,0,112,39,34.8214285714286,42,37.5,-3,-2.67857142857143,0,0,0,0,-3,-178,0,1.09803921568627,0,0,0,0,0,0,0,0,0,0,518,4128,4052,4088,4110,1,3019,-131,2655,320,183,15,1790,121,1210,76,760,4071,4066,5,50,10,94791,
7/14/2026 9:30:00 PM,+07:00,4141.2,4156.6,4141.2,4150.9,86,87,86,0,0,87,21,24.1379310344828,20,22.9885057471264,1,1.14942528735632,0,0,0,0,1,-177,0,1.01162790697674,0,0,0,0,0,0,0,0,0,0,518,4128,4052,4088,4110,1,3019,-131,2655,320,183,15,1790,121,1210,76,760,4071,4066,5,50,10,94791,
7/14/2026 10:00:00 PM,+07:00,4149,4166.6,4145.2,4148.7,117,141,117,0,0,141,52,36.8794326241135,30,21.2765957446808,22,15.6028368794326,0,0,0,0,22,-155,0,1.2051282051282,0,0,0,0,0,0,0,0,0,0,518,4128,4052,4088,4110,1,3019,-131,2655,320,183,15,1790,121,1210,76,760,4071,4066,5,50,10,94791,
7/14/2026 10:30:00 PM,+07:00,4149,4150.7,4130,4130.9,92,126,92,0,0,126,25,19.8412698412698,53,42.0634920634921,-28,-22.2222222222222,0,0,0,0,-28,-183,0,1.3695652173913,0,0,0,0,0,0,0,0,0,0,518,4128,4052,4088,4110,1,3019,-131,2655,320,183,15,1790,121,1210,76,760,4071,4066,5,50,10,94791,
7/14/2026 11:00:00 PM,+07:00,4131,4131,4122,4124.7,54,63,54,0,0,63,13,20.6349206349206,9,14.2857142857143,4,6.34920634920635,0,0,0,0,4,-179,0,1.16666666666667,0,0,0,0,0,0,0,0,0,0,518,4128,4052,4088,4110,1,3019,-131,2655,320,183,15,1790,121,1210,76,760,4071,4066,5,50,10,94791,
7/14/2026 11:30:00 PM,+07:00,4124.8,4127.4,4123.2,4126.6,65,66,65,0,0,66,10,15.1515151515152,16,24.2424242424242,-6,-9.09090909090909,0,0,0,0,-6,-185,0,1.01538461538462,0,0,0,0,0,0,0,0,0,0,518,4128,4052,4088,4110,1,3019,-131,2655,320,183,15,1790,121,1210,76,760,4071,4066,5,50,10,94791,
7/15/2026 12:00:00 AM,+07:00,4126.4,4128.9,4119.6,4128,195,204,195,0,0,204,69,33.8235294117647,48,23.5294117647059,21,10.2941176470588,0,0,0,0,21,21,0,1.04615384615385,0,0,0,0,0,0,0,0,0,0,518,4128,4052,4088,4110,1,3019,-131,2655,320,183,15,1790,121,1210,76,760,4071,4066,5,50,10,94791,
7/15/2026 12:30:00 AM,+07:00,4128.2,4129.4,4124.7,4127.9,34,36,34,0,0,36,14,38.8888888888889,7,19.4444444444444,7,19.4444444444444,0,0,0,0,7,28,0,1.05882352941176,0,0,0,0,0,0,0,0,0,0,518,4128,4052,4088,4110,1,3019,-131,2655,320,183,15,1790,121,1210,76,760,4071,4066,5,50,10,94791,
7/15/2026 1:00:00 AM,+07:00,4125.7,4127.8,4123.8,4123.9,18,23,18,0,0,23,8,34.7826086956522,12,52.1739130434783,-4,-17.3913043478261,0,0,0,0,-4,24,0,1.27777777777778,0,0,0,0,0,0,0,0,0,0,518,4128,4052,4088,4110,1,3019,-131,2655,320,183,15,1790,121,1210,76,760,4071,4066,5,50,10,94791,
7/15/2026 1:30:00 AM,+07:00,4122.5,4122.5,4107.9,4119,65,79,65,0,0,79,12,15.1898734177215,22,27.8481012658228,-10,-12.6582278481013,0,0,0,0,-10,14,0,1.21538461538462,0,0,0,0,0,0,0,0,0,0,518,4128,4052,4088,4110,1,3019,-131,2655,320,183,15,1790,121,1210,76,760,4071,4066,5,50,10,94791,
7/15/2026 2:00:00 AM,+07:00,4118.8,4122.1,4117.4,4119.8,24,27,24,0,0,27,11,40.7407407407407,10,37.037037037037,1,3.7037037037037,0,0,0,0,1,15,0,1.125,0,0,0,0,0,0,0,0,0,0,518,4128,4052,4088,4110,1,3019,-131,2655,320,183,15,1790,121,1210,76,760,4071,4066,5,50,10,94791,
7/15/2026 2:30:00 AM,+07:00,4115.9,4121.7,4113.5,4121.1,43,43,43,0,0,43,12,27.906976744186,8,18.6046511627907,4,9.30232558139535,0,0,0,0,4,19,0,1,0,0,0,0,0,0,0,0,0,0,518,4128,4052,4088,4110,1,3019,-131,2655,320,183,15,1790,121,1210,76,760,4071,4066,5,50,10,94791,
7/15/2026 3:00:00 AM,+07:00,4120.9,4120.9,4117.9,4117.9,7,7,7,0,0,7,3,42.8571428571429,2,28.5714285714286,1,14.2857142857143,0,0,0,0,1,20,0,1,0,0,0,0,0,0,0,0,0,0,518,4128,4052,4088,4110,1,3019,-131,2655,320,183,15,1790,121,1210,76,760,4071,4066,5,50,10,94791,
7/15/2026 3:30:00 AM,+07:00,4115.7,4117.5,4113.8,4117.5,57,140,57,0,0,140,20,14.2857142857143,13,9.28571428571429,7,5,0,0,0,0,7,27,0,2.45614035087719,0,0,0,0,0,0,0,0,0,0,518,4128,4052,4088,4110,1,3019,-131,2655,320,183,15,1790,121,1210,76,760,4071,4066,5,50,10,94791,
7/15/2026 5:00:00 AM,+07:00,4117.1,4117.1,4113.6,4116,21,25,21,0,0,25,5,20,11,44,-6,-24,0,0,0,0,-6,21,0,1.19047619047619,0,0,0,0,0,0,0,0,0,0,480,4121,4087,4097,4116,4,3233,59,2379,354,108,18,2228,62,620,34,340,4117,4113,4,40,33,101771,
7/15/2026 5:30:00 AM,+07:00,4116.7,4116.7,4113.3,4113.3,7,8,7,0,0,8,2,25,3,37.5,-1,-12.5,0,0,0,0,-1,20,0,1.14285714285714,0,0,0,0,0,0,0,0,0,0,480,4121,4087,4097,4116,4,3233,59,2379,354,108,18,2228,62,620,34,340,4117,4113,4,40,33,101771,
7/15/2026 6:00:00 AM,+07:00,4112.7,4116.6,4111.9,4116.6,18,36,18,0,0,36,20,55.5555555555556,3,8.33333333333333,17,47.2222222222222,0,0,0,0,17,37,0,2,0,0,0,0,0,0,0,0,0,0,480,4121,4087,4097,4116,4,3233,59,2379,354,108,18,2228,62,620,34,340,4117,4113,4,40,33,101771,
7/15/2026 6:30:00 AM,+07:00,4116.8,4120.8,4116.5,4118.1,17,26,17,0,0,26,4,15.3846153846154,8,30.7692307692308,-4,-15.3846153846154,0,0,0,0,-4,33,0,1.52941176470588,0,0,0,0,0,0,0,0,0,0,480,4121,4087,4097,4116,4,3233,59,2379,354,108,18,2228,62,620,34,340,4117,4113,4,40,33,101771,
7/15/2026 7:00:00 AM,+07:00,4118.4,4122.7,4117.7,4122.7,6,6,6,0,0,6,4,66.6666666666666,1,16.6666666666667,3,50,0,0,0,0,3,36,0,1,0,0,0,0,0,0,0,0,0,0,480,4121,4087,4097,4116,4,3233,59,2379,354,108,18,2228,62,620,34,340,4117,4113,4,40,33,101771,
7/15/2026 7:30:00 AM,+07:00,4119,4125.1,4118,4123.6,22,42,22,0,0,42,12,28.5714285714286,5,11.9047619047619,7,16.6666666666667,0,0,0,0,7,43,0,1.90909090909091,0,0,0,0,0,0,0,0,0,0,480,4121,4087,4097,4116,4,3233,59,2379,354,108,18,2228,62,620,34,340,4117,4113,4,40,33,101771,
7/15/2026 8:00:00 AM,+07:00,4125.4,4125.9,4118.6,4119.4,50,63,50,0,0,63,34,53.968253968254,8,12.6984126984127,26,41.2698412698413,0,0,0,0,26,69,0,1.26,0,0,0,0,0,0,0,0,0,0,480,4121,4087,4097,4116,4,3233,59,2379,354,108,18,2228,62,620,34,340,4117,4113,4,40,33,101771,
7/15/2026 8:30:00 AM,+07:00,4119.4,4119.6,4099.8,4099.8,123,266,123,0,0,266,17,6.39097744360902,63,23.6842105263158,-46,-17.2932330827068,0,0,0,0,-46,23,0,2.16260162601626,0,0,0,0,0,0,0,0,0,0,480,4121,4087,4097,4116,4,3233,59,2379,354,108,18,2228,62,620,34,340,4117,4113,4,40,33,101771,
7/15/2026 9:00:00 AM,+07:00,4101.1,4106.3,4093.8,4095.8,68,109,68,0,0,109,15,13.7614678899083,15,13.7614678899083,0,0,0,0,0,0,0,23,0,1.60294117647059,0,0,0,0,0,0,0,0,0,0,480,4121,4087,4097,4116,4,3233,59,2379,354,108,18,2228,62,620,34,340,4117,4113,4,40,33,101771,
7/15/2026 9:30:00 AM,+07:00,4099.5,4106.2,4099.5,4103.7,23,39,23,0,0,39,16,41.025641025641,7,17.948717948718,9,23.0769230769231,0,0,0,0,9,32,0,1.69565217391304,0,0,0,0,0,0,0,0,0,0,480,4121,4087,4097,4116,4,3233,59,2379,354,108,18,2228,62,620,34,340,4117,4113,4,40,33,101771,
7/15/2026 10:00:00 AM,+07:00,4103,4103,4094.7,4094.7,11,11,11,0,0,11,1,9.09090909090909,3,27.2727272727273,-2,-18.1818181818182,0,0,0,0,-2,30,0,1,0,0,0,0,0,0,0,0,0,0,480,4121,4087,4097,4116,4,3233,59,2379,354,108,18,2228,62,620,34,340,4117,4113,4,40,33,101771,
7/15/2026 10:30:00 AM,+07:00,4096.2,4099.3,4092,4095.7,21,24,21,0,0,24,13,54.1666666666667,6,25,7,29.1666666666667,0,0,0,0,7,37,0,1.14285714285714,0,0,0,0,0,0,0,0,0,0,480,4121,4087,4097,4116,4,3233,59,2379,354,108,18,2228,62,620,34,340,4117,4113,4,40,33,101771,
7/15/2026 11:00:00 AM,+07:00,4096.9,4099,4094.5,4099,36,69,36,0,0,69,3,4.34782608695652,21,30.4347826086957,-18,-26.0869565217391,0,0,0,0,-18,19,0,1.91666666666667,0,0,0,0,0,0,0,0,0,0,480,4121,4087,4097,4116,4,3233,59,2379,354,108,18,2228,62,620,34,340,4117,4113,4,40,33,101771,
7/15/2026 11:30:00 AM,+07:00,4095.5,4098.9,4093.7,4098.7,27,51,27,0,0,51,6,11.7647058823529,1,1.96078431372549,5,9.80392156862745,0,0,0,0,5,24,0,1.88888888888889,0,0,0,0,0,0,0,0,0,0,480,4121,4087,4097,4116,4,3233,59,2379,354,108,18,2228,62,620,34,340,4117,4113,4,40,33,101771,
7/15/2026 12:00:00 PM,+07:00,4098,4100.2,4090.2,4091.7,14,14,14,0,0,14,5,35.7142857142857,5,35.7142857142857,0,0,0,0,0,0,0,24,0,1,0,0,0,0,0,0,0,0,0,0,480,4121,4087,4097,4116,4,3233,59,2379,354,108,18,2228,62,620,34,340,4117,4113,4,40,33,101771,
7/15/2026 12:30:00 PM,+07:00,4088.6,4102,4086.6,4099.7,52,61,52,0,0,61,16,26.2295081967213,10,16.3934426229508,6,9.83606557377049,0,0,0,0,6,30,0,1.17307692307692,0,0,0,0,0,0,0,0,0,0,480,4121,4087,4097,4116,4,3233,59,2379,354,108,18,2228,62,620,34,340,4117,4113,4,40,33,101771,
7/15/2026 1:00:00 PM,+07:00,4099.5,4099.5,4087.4,4091.6,19,22,19,0,0,22,9,40.9090909090909,4,18.1818181818182,5,22.7272727272727,0,0,0,0,5,35,0,1.15789473684211,0,0,0,0,0,0,0,0,0,0,480,4121,4087,4097,4116,4,3233,59,2379,354,108,18,2228,62,620,34,340,4117,4113,4,40,33,101771,
7/15/2026 1:30:00 PM,+07:00,4091.3,4097.2,4091.3,4097.2,13,15,13,0,0,15,5,33.3333333333333,4,26.6666666666667,1,6.66666666666667,0,0,0,0,1,36,0,1.15384615384615,0,0,0,0,0,0,0,0,0,0,480,4121,4087,4097,4116,4,3233,59,2379,354,108,18,2228,62,620,34,340,4117,4113,4,40,33,101771,
7/15/2026 2:00:00 PM,+07:00,4095.8,4098.7,4085.3,4087.5,18,19,18,0,0,19,7,36.8421052631579,2,10.5263157894737,5,26.3157894736842,0,0,0,0,5,41,0,1.05555555555556,0,0,0,0,0,0,0,0,0,0,480,4121,4087,4097,4116,4,3233,59,2379,354,108,18,2228,62,620,34,340,4117,4113,4,40,33,101771,
7/15/2026 2:30:00 PM,+07:00,4087,4089.1,4085.5,4088,8,8,8,0,0,8,1,12.5,2,25,-1,-12.5,0,0,0,0,-1,40,0,1,0,0,0,0,0,0,0,0,0,0,480,4121,4087,4097,4116,4,3233,59,2379,354,108,18,2228,62,620,34,340,4117,4113,4,40,33,101771,
7/15/2026 3:00:00 PM,+07:00,4089.3,4090.4,4085.2,4090.3,24,24,24,0,0,24,7,29.1666666666667,5,20.8333333333333,2,8.33333333333333,0,0,0,0,2,42,0,1,0,0,0,0,0,0,0,0,0,0,480,4121,4087,4097,4116,4,3233,59,2379,354,108,18,2228,62,620,34,340,4117,4113,4,40,33,101771,
7/15/2026 3:30:00 PM,+07:00,4091.2,4096.6,4090.2,4095.9,22,22,22,0,0,22,8,36.3636363636364,4,18.1818181818182,4,18.1818181818182,0,0,0,0,4,46,0,1,0,0,0,0,0,0,0,0,0,0,480,4121,4087,4097,4116,4,3233,59,2379,354,108,18,2228,62,620,34,340,4117,4113,4,40,33,101771,
7/15/2026 4:00:00 PM,+07:00,4096.5,4097.9,4093.4,4093.4,22,22,22,0,0,22,6,27.2727272727273,3,13.6363636363636,3,13.6363636363636,0,0,0,0,3,49,0,1,0,0,0,0,0,0,0,0,0,0,480,4121,4087,4097,4116,4,3233,59,2379,354,108,18,2228,62,620,34,340,4117,4113,4,40,33,101771,
7/15/2026 4:30:00 PM,+07:00,4091.9,4093.4,4090.9,4092.6,13,13,13,0,0,13,3,23.0769230769231,2,15.3846153846154,1,7.69230769230769,0,0,0,0,1,50,0,1,0,0,0,0,0,0,0,0,0,0,480,4121,4087,4097,4116,4,3233,59,2379,354,108,18,2228,62,620,34,340,4117,4113,4,40,33,101771,
7/15/2026 5:00:00 PM,+07:00,4094.7,4100,4092.6,4092.8,30,57,30,0,0,57,4,7.01754385964912,39,68.421052631579,-35,-61.4035087719298,0,0,0,0,-35,15,0,1.9,0,0,0,0,0,0,0,0,0,0,480,4121,4087,4097,4116,4,3233,59,2379,354,108,18,2228,62,620,34,340,4117,4113,4,40,33,101771,
7/15/2026 5:30:00 PM,+07:00,4093.7,4097.9,4091.4,4092.1,18,26,18,0,0,26,4,15.3846153846154,8,30.7692307692308,-4,-15.3846153846154,0,0,0,0,-4,11,0,1.44444444444444,0,0,0,0,0,0,0,0,0,0,480,4121,4087,4097,4116,4,3233,59,2379,354,108,18,2228,62,620,34,340,4117,4113,4,40,33,101771,
7/15/2026 6:00:00 PM,+07:00,4093.2,4096.4,4092.1,4093.9,19,19,19,0,0,19,5,26.3157894736842,6,31.578947368421,-1,-5.26315789473684,0,0,0,0,-1,10,0,1,0,0,0,0,0,0,0,0,0,0,480,4121,4087,4097,4116,4,3233,59,2379,354,108,18,2228,62,620,34,340,4117,4113,4,40,33,101771,
7/15/2026 6:30:00 PM,+07:00,4094.4,4103.5,4094.4,4103.2,29,30,29,0,0,30,8,26.6666666666667,2,6.66666666666667,6,20,0,0,0,0,6,16,0,1.03448275862069,0,0,0,0,0,0,0,0,0,0,480,4121,4087,4097,4116,4,3233,59,2379,354,108,18,2228,62,620,34,340,4117,4113,4,40,33,101771,
7/15/2026 7:00:00 PM,+07:00,4103.1,4104.9,4101,4102.9,39,56,39,0,0,56,8,14.2857142857143,5,8.92857142857143,3,5.35714285714286,0,0,0,0,3,19,0,1.43589743589744,0,0,0,0,0,0,0,0,0,0,480,4121,4087,4097,4116,4,3233,59,2379,354,108,18,2228,62,620,34,340,4117,4113,4,40,33,101771,
7/15/2026 7:30:00 PM,+07:00,4102.9,4133.8,4102.9,4133.2,134,159,134,0,0,159,48,30.188679245283,46,28.9308176100629,2,1.25786163522013,0,0,0,0,2,21,0,1.1865671641791,0,0,0,0,0,0,0,0,0,0,480,4121,4087,4097,4116,4,3233,59,2379,354,108,18,2228,62,620,34,340,4117,4113,4,40,33,101771,
7/15/2026 8:00:00 PM,+07:00,4131.7,4138.7,4118.1,4120.7,115,163,115,0,0,163,41,25.1533742331288,41,25.1533742331288,0,0,0,0,0,0,0,21,0,1.41739130434783,0,0,0,0,0,0,0,0,0,0,480,4121,4087,4097,4116,4,3233,59,2379,354,108,18,2228,62,620,34,340,4117,4113,4,40,33,101771,
7/15/2026 8:30:00 PM,+07:00,4119.4,4129.3,4119.4,4126.9,178,248,178,0,0,248,67,27.0161290322581,49,19.758064516129,18,7.25806451612903,0,0,0,0,18,39,0,1.39325842696629,0,0,0,0,0,0,0,0,0,0,480,4121,4087,4097,4116,4,3233,59,2379,354,108,18,2228,62,620,34,340,4117,4113,4,40,33,101771,
7/15/2026 9:00:00 PM,+07:00,4126.3,4130.1,4119.6,4123.4,75,79,75,0,0,79,33,41.7721518987342,22,27.8481012658228,11,13.9240506329114,0,0,0,0,11,50,0,1.05333333333333,0,0,0,0,0,0,0,0,0,0,480,4121,4087,4097,4116,4,3233,59,2379,354,108,18,2228,62,620,34,340,4117,4113,4,40,33,101771,
7/15/2026 9:30:00 PM,+07:00,4122.7,4127.7,4118.8,4123.8,66,72,66,0,0,72,18,25,17,23.6111111111111,1,1.38888888888889,0,0,0,0,1,51,0,1.09090909090909,0,0,0,0,0,0,0,0,0,0,480,4121,4087,4097,4116,4,3233,59,2379,354,108,18,2228,62,620,34,340,4117,4113,4,40,33,101771,
7/15/2026 10:00:00 PM,+07:00,4125.6,4125.6,4103.9,4113.2,171,240,171,0,0,240,73,30.4166666666667,57,23.75,16,6.66666666666667,0,0,0,0,16,67,0,1.40350877192982,0,0,0,0,0,0,0,0,0,0,480,4121,4087,4097,4116,4,3233,59,2379,354,108,18,2228,62,620,34,340,4117,4113,4,40,33,101771,
7/15/2026 10:30:00 PM,+07:00,4113.2,4114.8,4109.9,4110.7,57,62,57,0,0,62,14,22.5806451612903,22,35.4838709677419,-8,-12.9032258064516,0,0,0,0,-8,59,0,1.08771929824561,0,0,0,0,0,0,0,0,0,0,480,4121,4087,4097,4116,4,3233,59,2379,354,108,18,2228,62,620,34,340,4117,4113,4,40,33,101771,
7/15/2026 11:00:00 PM,+07:00,4111,4111.1,4097.1,4098.8,116,164,116,0,0,164,70,42.6829268292683,61,37.1951219512195,9,5.48780487804878,0,0,0,0,9,68,0,1.41379310344828,0,0,0,0,0,0,0,0,0,0,480,4121,4087,4097,4116,4,3233,59,2379,354,108,18,2228,62,620,34,340,4117,4113,4,40,33,101771,
7/15/2026 11:30:00 PM,+07:00,4098.7,4100.6,4090.7,4095.6,171,240,171,0,0,240,98,40.8333333333333,60,25,38,15.8333333333333,0,0,0,0,38,106,0,1.40350877192982,0,0,0,0,0,0,0,0,0,0,480,4121,4087,4097,4116,4,3233,59,2379,354,108,18,2228,62,620,34,340,4117,4113,4,40,33,101771,
7/16/2026 12:00:00 AM,+07:00,4100,4112.2,4097.3,4111.5,134,179,134,0,0,179,62,34.6368715083799,61,34.0782122905028,1,0.558659217877095,0,0,0,0,1,1,0,1.33582089552239,0,0,0,0,0,0,0,0,0,0,480,4121,4087,4097,4116,4,3233,59,2379,354,108,18,2228,62,620,34,340,4117,4113,4,40,33,101771,
7/16/2026 12:30:00 AM,+07:00,4114,4131,4113.4,4126.8,146,192,146,0,0,192,56,29.1666666666667,36,18.75,20,10.4166666666667,0,0,0,0,20,21,0,1.31506849315068,0,0,0,0,0,0,0,0,0,0,480,4121,4087,4097,4116,4,3233,59,2379,354,108,18,2228,62,620,34,340,4117,4113,4,40,33,101771,
7/16/2026 1:00:00 AM,+07:00,4128.3,4139.8,4128.2,4139.2,57,64,57,0,0,64,9,14.0625,28,43.75,-19,-29.6875,0,0,0,0,-19,2,0,1.12280701754386,0,0,0,0,0,0,0,0,0,0,480,4121,4087,4097,4116,4,3233,59,2379,354,108,18,2228,62,620,34,340,4117,4113,4,40,33,101771,
7/16/2026 1:30:00 AM,+07:00,4140.2,4146.9,4123.3,4123.3,78,83,78,0,0,83,21,25.3012048192771,39,46.9879518072289,-18,-21.6867469879518,0,0,0,0,-18,-16,0,1.06410256410256,0,0,0,0,0,0,0,0,0,0,480,4121,4087,4097,4116,4,3233,59,2379,354,108,18,2228,62,620,34,340,4117,4113,4,40,33,101771,
7/16/2026 2:00:00 AM,+07:00,4125.6,4126.7,4118,4122.9,36,36,36,0,0,36,13,36.1111111111111,7,19.4444444444444,6,16.6666666666667,0,0,0,0,6,-10,0,1,0,0,0,0,0,0,0,0,0,0,480,4121,4087,4097,4116,4,3233,59,2379,354,108,18,2228,62,620,34,340,4117,4113,4,40,33,101771,
7/16/2026 2:30:00 AM,+07:00,4122.4,4122.4,4113.4,4121.5,45,59,45,0,0,59,17,28.8135593220339,30,50.8474576271186,-13,-22.0338983050847,0,0,0,0,-13,-23,0,1.31111111111111,0,0,0,0,0,0,0,0,0,0,480,4121,4087,4097,4116,4,3233,59,2379,354,108,18,2228,62,620,34,340,4117,4113,4,40,33,101771,
7/16/2026 3:00:00 AM,+07:00,4121.3,4124.9,4121,4124.9,7,7,7,0,0,7,3,42.8571428571429,1,14.2857142857143,2,28.5714285714286,0,0,0,0,2,-21,0,1,0,0,0,0,0,0,0,0,0,0,480,4121,4087,4097,4116,4,3233,59,2379,354,108,18,2228,62,620,34,340,4117,4113,4,40,33,101771,
7/16/2026 3:30:00 AM,+07:00,4126,4126,4124.2,4124.2,3,3,3,0,0,3,1,33.3333333333333,0,0,1,33.3333333333333,0,0,0,0,1,-20,0,1,0,0,0,0,0,0,0,0,0,0,480,4121,4087,4097,4116,4,3233,59,2379,354,108,18,2228,62,620,34,340,4117,4113,4,40,33,101771,
7/16/2026 5:00:00 AM,+07:00,4124.2,4127,4124.2,4125.3,10,16,10,0,0,16,1,6.25,14,87.5,-13,-81.25,0,0,0,0,-13,-33,0,1.6,0,0,0,0,0,0,0,0,0,0,504,4108,4052,4092,4079,-27,2510,-46,2205,157,332,15,1571,97,970,56,560,4127,4122,5,50,24,105898,
7/16/2026 5:30:00 AM,+07:00,4125.5,4125.5,4121.9,4121.9,8,8,8,0,0,8,2,25,3,37.5,-1,-12.5,0,0,0,0,-1,-34,0,1,0,0,0,0,0,0,0,0,0,0,504,4108,4052,4092,4079,-27,2510,-46,2205,157,332,15,1571,97,970,56,560,4127,4122,5,50,24,105898,
7/16/2026 6:00:00 AM,+07:00,4122.8,4124.3,4121.3,4121.3,16,24,16,0,0,24,7,29.1666666666667,6,25,1,4.16666666666667,0,0,0,0,1,-33,0,1.5,0,0,0,0,0,0,0,0,0,0,504,4108,4052,4092,4079,-27,2510,-46,2205,157,332,15,1571,97,970,56,560,4127,4122,5,50,24,105898,
7/16/2026 6:30:00 AM,+07:00,4120.7,4122.7,4119.6,4122.7,8,8,8,0,0,8,2,25,4,50,-2,-25,0,0,0,0,-2,-35,0,1,0,0,0,0,0,0,0,0,0,0,504,4108,4052,4092,4079,-27,2510,-46,2205,157,332,15,1571,97,970,56,560,4127,4122,5,50,24,105898,
7/16/2026 7:00:00 AM,+07:00,4120.7,4122.7,4118.3,4122.7,5,7,5,0,0,7,2,28.5714285714286,4,57.1428571428571,-2,-28.5714285714286,0,0,0,0,-2,-37,0,1.4,0,0,0,0,0,0,0,0,0,0,504,4108,4052,4092,4079,-27,2510,-46,2205,157,332,15,1571,97,970,56,560,4127,4122,5,50,24,105898,
7/16/2026 7:30:00 AM,+07:00,4122.5,4123.9,4111.6,4111.6,13,13,13,0,0,13,2,15.3846153846154,2,15.3846153846154,0,0,0,0,0,0,0,-37,0,1,0,0,0,0,0,0,0,0,0,0,504,4108,4052,4092,4079,-27,2510,-46,2205,157,332,15,1571,97,970,56,560,4127,4122,5,50,24,105898,
7/16/2026 8:00:00 AM,+07:00,4107.3,4112.5,4097.8,4100.1,46,46,46,0,0,46,17,36.9565217391304,15,32.6086956521739,2,4.34782608695652,0,0,0,0,2,-35,0,1,0,0,0,0,0,0,0,0,0,0,504,4108,4052,4092,4079,-27,2510,-46,2205,157,332,15,1571,97,970,56,560,4127,4122,5,50,24,105898,
7/16/2026 8:30:00 AM,+07:00,4099.6,4107.7,4099.6,4103.3,17,17,17,0,0,17,5,29.4117647058824,5,29.4117647058824,0,0,0,0,0,0,0,-35,0,1,0,0,0,0,0,0,0,0,0,0,504,4108,4052,4092,4079,-27,2510,-46,2205,157,332,15,1571,97,970,56,560,4127,4122,5,50,24,105898,
7/16/2026 9:00:00 AM,+07:00,4097,4098.1,4091.8,4096.9,13,13,13,0,0,13,3,23.0769230769231,4,30.7692307692308,-1,-7.69230769230769,0,0,0,0,-1,-36,0,1,0,0,0,0,0,0,0,0,0,0,504,4108,4052,4092,4079,-27,2510,-46,2205,157,332,15,1571,97,970,56,560,4127,4122,5,50,24,105898,
7/16/2026 9:30:00 AM,+07:00,4097.6,4097.6,4087.6,4094.2,22,23,22,0,0,23,10,43.4782608695652,4,17.3913043478261,6,26.0869565217391,0,0,0,0,6,-30,0,1.04545454545455,0,0,0,0,0,0,0,0,0,0,504,4108,4052,4092,4079,-27,2510,-46,2205,157,332,15,1571,97,970,56,560,4127,4122,5,50,24,105898,
7/16/2026 10:00:00 AM,+07:00,4094,4096.8,4092,4096.8,18,24,18,0,0,24,12,50,4,16.6666666666667,8,33.3333333333333,0,0,0,0,8,-22,0,1.33333333333333,0,0,0,0,0,0,0,0,0,0,504,4108,4052,4092,4079,-27,2510,-46,2205,157,332,15,1571,97,970,56,560,4127,4122,5,50,24,105898,
7/16/2026 10:30:00 AM,+07:00,4097,4099,4096.9,4098.6,19,23,19,0,0,23,14,60.8695652173913,6,26.0869565217391,8,34.7826086956522,0,0,0,0,8,-14,0,1.21052631578947,0,0,0,0,0,0,0,0,0,0,504,4108,4052,4092,4079,-27,2510,-46,2205,157,332,15,1571,97,970,56,560,4127,4122,5,50,24,105898,
7/16/2026 11:00:00 AM,+07:00,4097.8,4098.7,4095,4095.6,16,23,16,0,0,23,15,65.2173913043478,5,21.7391304347826,10,43.4782608695652,0,0,0,0,10,-4,0,1.4375,0,0,0,0,0,0,0,0,0,0,504,4108,4052,4092,4079,-27,2510,-46,2205,157,332,15,1571,97,970,56,560,4127,4122,5,50,24,105898,
7/16/2026 11:30:00 AM,+07:00,4097.6,4097.7,4095.7,4095.7,4,4,4,0,0,4,0,0,1,25,-1,-25,0,0,0,0,-1,-5,0,1,0,0,0,0,0,0,0,0,0,0,504,4108,4052,4092,4079,-27,2510,-46,2205,157,332,15,1571,97,970,56,560,4127,4122,5,50,24,105898,
7/16/2026 12:00:00 PM,+07:00,4095.8,4095.8,4089.3,4090,18,20,18,0,0,20,3,15,8,40,-5,-25,0,0,0,0,-5,-10,0,1.11111111111111,0,0,0,0,0,0,0,0,0,0,504,4108,4052,4092,4079,-27,2510,-46,2205,157,332,15,1571,97,970,56,560,4127,4122,5,50,24,105898,
7/16/2026 12:30:00 PM,+07:00,4090,4093.6,4087.9,4090.6,45,47,45,0,0,47,24,51.063829787234,13,27.6595744680851,11,23.4042553191489,0,0,0,0,11,1,0,1.04444444444444,0,0,0,0,0,0,0,0,0,0,504,4108,4052,4092,4079,-27,2510,-46,2205,157,332,15,1571,97,970,56,560,4127,4122,5,50,24,105898,
7/16/2026 1:00:00 PM,+07:00,4090.4,4099,4090.4,4093.2,50,72,50,0,0,72,19,26.3888888888889,42,58.3333333333333,-23,-31.9444444444444,0,0,0,0,-23,-22,0,1.44,0,0,0,0,0,0,0,0,0,0,504,4108,4052,4092,4079,-27,2510,-46,2205,157,332,15,1571,97,970,56,560,4127,4122,5,50,24,105898,
7/16/2026 1:30:00 PM,+07:00,4091.9,4092.5,4085.4,4092.5,38,40,38,0,0,40,24,60,8,20,16,40,0,0,0,0,16,-6,0,1.05263157894737,0,0,0,0,0,0,0,0,0,0,504,4108,4052,4092,4079,-27,2510,-46,2205,157,332,15,1571,97,970,56,560,4127,4122,5,50,24,105898,
7/16/2026 2:00:00 PM,+07:00,4092.7,4092.8,4086.8,4087,14,14,14,0,0,14,5,35.7142857142857,4,28.5714285714286,1,7.14285714285714,0,0,0,0,1,-5,0,1,0,0,0,0,0,0,0,0,0,0,504,4108,4052,4092,4079,-27,2510,-46,2205,157,332,15,1571,97,970,56,560,4127,4122,5,50,24,105898,
7/16/2026 2:30:00 PM,+07:00,4087.2,4092.9,4086,4092.9,18,19,18,0,0,19,9,47.3684210526316,0,0,9,47.3684210526316,0,0,0,0,9,4,0,1.05555555555556,0,0,0,0,0,0,0,0,0,0,504,4108,4052,4092,4079,-27,2510,-46,2205,157,332,15,1571,97,970,56,560,4127,4122,5,50,24,105898,
7/16/2026 3:00:00 PM,+07:00,4093.4,4094.8,4088.4,4093.6,17,17,17,0,0,17,3,17.6470588235294,1,5.88235294117647,2,11.7647058823529,0,0,0,0,2,6,0,1,0,0,0,0,0,0,0,0,0,0,504,4108,4052,4092,4079,-27,2510,-46,2205,157,332,15,1571,97,970,56,560,4127,4122,5,50,24,105898,
7/16/2026 3:30:00 PM,+07:00,4094.9,4097.8,4094.8,4097.8,15,15,15,0,0,15,4,26.6666666666667,7,46.6666666666667,-3,-20,0,0,0,0,-3,3,0,1,0,0,0,0,0,0,0,0,0,0,504,4108,4052,4092,4079,-27,2510,-46,2205,157,332,15,1571,97,970,56,560,4127,4122,5,50,24,105898,
7/16/2026 4:00:00 PM,+07:00,4099.3,4100.8,4094,4094,20,22,20,0,0,22,6,27.2727272727273,8,36.3636363636364,-2,-9.09090909090909,0,0,0,0,-2,1,0,1.1,0,0,0,0,0,0,0,0,0,0,504,4108,4052,4092,4079,-27,2510,-46,2205,157,332,15,1571,97,970,56,560,4127,4122,5,50,24,105898,
7/16/2026 4:30:00 PM,+07:00,4095.7,4099.3,4093.8,4095.2,19,21,19,0,0,21,3,14.2857142857143,7,33.3333333333333,-4,-19.047619047619,0,0,0,0,-4,-3,0,1.10526315789474,0,0,0,0,0,0,0,0,0,0,504,4108,4052,4092,4079,-27,2510,-46,2205,157,332,15,1571,97,970,56,560,4127,4122,5,50,24,105898,
7/16/2026 5:00:00 PM,+07:00,4094.6,4096.5,4093.2,4096.5,7,8,7,0,0,8,0,0,2,25,-2,-25,0,0,0,0,-2,-5,0,1.14285714285714,0,0,0,0,0,0,0,0,0,0,504,4108,4052,4092,4079,-27,2510,-46,2205,157,332,15,1571,97,970,56,560,4127,4122,5,50,24,105898,
7/16/2026 5:30:00 PM,+07:00,4095,4095,4092.1,4092.1,6,6,6,0,0,6,0,0,0,0,0,0,0,0,0,0,0,-5,0,1,0,0,0,0,0,0,0,0,0,0,504,4108,4052,4092,4079,-27,2510,-46,2205,157,332,15,1571,97,970,56,560,4127,4122,5,50,24,105898,
7/16/2026 6:00:00 PM,+07:00,4092.2,4093,4084.5,4089.1,18,18,18,0,0,18,5,27.7777777777778,6,33.3333333333333,-1,-5.55555555555556,0,0,0,0,-1,-6,0,1,0,0,0,0,0,0,0,0,0,0,504,4108,4052,4092,4079,-27,2510,-46,2205,157,332,15,1571,97,970,56,560,4127,4122,5,50,24,105898,
7/16/2026 6:30:00 PM,+07:00,4087,4104.4,4086.5,4101.1,83,88,83,0,0,88,30,34.0909090909091,19,21.5909090909091,11,12.5,0,0,0,0,11,5,0,1.06024096385542,0,0,0,0,0,0,0,0,0,0,504,4108,4052,4092,4079,-27,2510,-46,2205,157,332,15,1571,97,970,56,560,4127,4122,5,50,24,105898,
7/16/2026 7:00:00 PM,+07:00,4102.2,4102.2,4074.7,4087,152,162,152,0,0,162,37,22.8395061728395,38,23.4567901234568,-1,-0.617283950617284,0,0,0,0,-1,4,0,1.06578947368421,0,0,0,0,0,0,0,0,0,0,504,4108,4052,4092,4079,-27,2510,-46,2205,157,332,15,1571,97,970,56,560,4127,4122,5,50,24,105898,
7/16/2026 7:30:00 PM,+07:00,4085.7,4091.5,4051.3,4054.2,179,194,179,0,0,194,52,26.8041237113402,48,24.7422680412371,4,2.06185567010309,0,0,0,0,4,8,0,1.08379888268156,0,0,0,0,0,0,0,0,0,0,504,4108,4052,4092,4079,-27,2510,-46,2205,157,332,15,1571,97,970,56,560,4127,4122,5,50,24,105898,
7/16/2026 8:00:00 PM,+07:00,4052.3,4067.4,4033.5,4067.3,230,305,230,0,0,305,77,25.2459016393443,119,39.016393442623,-42,-13.7704918032787,0,0,0,0,-42,-34,0,1.32608695652174,0,0,0,0,0,0,0,0,0,0,504,4108,4052,4092,4079,-27,2510,-46,2205,157,332,15,1571,97,970,56,560,4127,4122,5,50,24,105898,
7/16/2026 8:30:00 PM,+07:00,4067.1,4068.3,4042.8,4050,127,131,127,0,0,131,36,27.4809160305344,34,25.9541984732824,2,1.52671755725191,0,0,0,0,2,-32,0,1.03149606299213,0,0,0,0,0,0,0,0,0,0,504,4108,4052,4092,4079,-27,2510,-46,2205,157,332,15,1571,97,970,56,560,4127,4122,5,50,24,105898,
7/16/2026 9:00:00 PM,+07:00,4050.5,4061.2,4048.1,4061,124,140,124,0,0,140,47,33.5714285714286,41,29.2857142857143,6,4.28571428571429,0,0,0,0,6,-26,0,1.12903225806452,0,0,0,0,0,0,0,0,0,0,504,4108,4052,4092,4079,-27,2510,-46,2205,157,332,15,1571,97,970,56,560,4127,4122,5,50,24,105898,
7/16/2026 9:30:00 PM,+07:00,4060.2,4067.5,4054.2,4058,182,193,182,0,0,193,40,20.7253886010363,39,20.2072538860104,1,0.518134715025907,0,0,0,0,1,-25,0,1.06043956043956,0,0,0,0,0,0,0,0,0,0,504,4108,4052,4092,4079,-27,2510,-46,2205,157,332,15,1571,97,970,56,560,4127,4122,5,50,24,105898,
7/16/2026 10:00:00 PM,+07:00,4058.9,4078.1,4050.4,4073.4,84,86,84,0,0,86,31,36.046511627907,20,23.2558139534884,11,12.7906976744186,0,0,0,0,11,-14,0,1.02380952380952,0,0,0,0,0,0,0,0,0,0,504,4108,4052,4092,4079,-27,2510,-46,2205,157,332,15,1571,97,970,56,560,4127,4122,5,50,24,105898,
7/16/2026 10:30:00 PM,+07:00,4070.2,4078,4067.8,4067.8,45,48,45,0,0,48,9,18.75,22,45.8333333333333,-13,-27.0833333333333,0,0,0,0,-13,-27,0,1.06666666666667,0,0,0,0,0,0,0,0,0,0,504,4108,4052,4092,4079,-27,2510,-46,2205,157,332,15,1571,97,970,56,560,4127,4122,5,50,24,105898,
7/16/2026 11:00:00 PM,+07:00,4066.7,4066.7,4043.7,4046.9,82,88,82,0,0,88,33,37.5,17,19.3181818181818,16,18.1818181818182,0,0,0,0,16,-11,0,1.07317073170732,0,0,0,0,0,0,0,0,0,0,504,4108,4052,4092,4079,-27,2510,-46,2205,157,332,15,1571,97,970,56,560,4127,4122,5,50,24,105898,
7/16/2026 11:30:00 PM,+07:00,4048.6,4058.1,4048.6,4053.3,53,53,53,0,0,53,15,28.3018867924528,7,13.2075471698113,8,15.0943396226415,0,0,0,0,8,-3,0,1,0,0,0,0,0,0,0,0,0,0,504,4108,4052,4092,4079,-27,2510,-46,2205,157,332,15,1571,97,970,56,560,4127,4122,5,50,24,105898,
7/17/2026 12:00:00 AM,+07:00,4053.6,4053.9,4044,4048.7,147,193,147,0,0,193,33,17.0984455958549,64,33.160621761658,-31,-16.0621761658031,0,0,0,0,-31,-31,0,1.31292517006803,0,0,0,0,0,0,0,0,0,0,504,4108,4052,4092,4079,-27,2510,-46,2205,157,332,15,1571,97,970,56,560,4127,4122,5,50,24,105898,
7/17/2026 12:30:00 AM,+07:00,4049.2,4049.4,4040.6,4047.5,59,77,59,0,0,77,12,15.5844155844156,27,35.0649350649351,-15,-19.4805194805195,0,0,0,0,-15,-46,0,1.30508474576271,0,0,0,0,0,0,0,0,0,0,504,4108,4052,4092,4079,-27,2510,-46,2205,157,332,15,1571,97,970,56,560,4127,4122,5,50,24,105898,
7/17/2026 1:00:00 AM,+07:00,4047.4,4050.2,4045.9,4047.4,24,37,24,0,0,37,6,16.2162162162162,6,16.2162162162162,0,0,0,0,0,0,0,-46,0,1.54166666666667,0,0,0,0,0,0,0,0,0,0,504,4108,4052,4092,4079,-27,2510,-46,2205,157,332,15,1571,97,970,56,560,4127,4122,5,50,24,105898,
7/17/2026 1:30:00 AM,+07:00,4046.5,4046.5,4038.9,4042.4,41,47,41,0,0,47,12,25.531914893617,18,38.2978723404255,-6,-12.7659574468085,0,0,0,0,-6,-52,0,1.14634146341463,0,0,0,0,0,0,0,0,0,0,504,4108,4052,4092,4079,-27,2510,-46,2205,157,332,15,1571,97,970,56,560,4127,4122,5,50,24,105898,
7/17/2026 2:00:00 AM,+07:00,4043.5,4046.2,4039.8,4039.8,9,10,9,0,0,10,1,10,5,50,-4,-40,0,0,0,0,-4,-56,0,1.11111111111111,0,0,0,0,0,0,0,0,0,0,504,4108,4052,4092,4079,-27,2510,-46,2205,157,332,15,1571,97,970,56,560,4127,4122,5,50,24,105898,
7/17/2026 2:30:00 AM,+07:00,4037.9,4043.4,4029.9,4040.1,52,54,52,0,0,54,15,27.7777777777778,18,33.3333333333333,-3,-5.55555555555556,0,0,0,0,-3,-59,0,1.03846153846154,0,0,0,0,0,0,0,0,0,0,504,4108,4052,4092,4079,-27,2510,-46,2205,157,332,15,1571,97,970,56,560,4127,4122,5,50,24,105898,
7/17/2026 3:00:00 AM,+07:00,4038.5,4038.8,4032.7,4034.6,27,31,27,0,0,31,5,16.1290322580645,10,32.258064516129,-5,-16.1290322580645,0,0,0,0,-5,-64,0,1.14814814814815,0,0,0,0,0,0,0,0,0,0,504,4108,4052,4092,4079,-27,2510,-46,2205,157,332,15,1571,97,970,56,560,4127,4122,5,50,24,105898,
7/17/2026 3:30:00 AM,+07:00,4035.5,4036.3,4035.4,4036.2,5,5,5,0,0,5,3,60,2,40,1,20,0,0,0,0,1,-63,0,1,0,0,0,0,0,0,0,0,0,0,504,4108,4052,4092,4079,-27,2510,-46,2205,157,332,15,1571,97,970,56,560,4127,4122,5,50,24,105898,
7/17/2026 5:00:00 AM,+07:00,4037,4038.4,4035,4036,11,16,11,0,0,16,3,18.75,3,18.75,0,0,0,0,0,0,0,-63,0,1.45454545454545,0,0,0,0,0,0,0,0,0,0,498,4066,4033,4055,4052,0,3215,-323,2663,218,262,18,1805,66,660,33,330,4038,4034,4,40,20,107116,
7/17/2026 5:30:00 AM,+07:00,4035.2,4037.7,4034,4037.7,4,4,4,0,0,4,2,50,0,0,2,50,0,0,0,0,2,-61,0,1,0,0,0,0,0,0,0,0,0,0,498,4066,4033,4055,4052,0,3215,-323,2663,218,262,18,1805,66,660,33,330,4038,4034,4,40,20,107116,
7/17/2026 6:00:00 AM,+07:00,4037.4,4040.8,4035,4039.5,13,13,13,0,0,13,3,23.0769230769231,5,38.4615384615385,-2,-15.3846153846154,0,0,0,0,-2,-63,0,1,0,0,0,0,0,0,0,0,0,0,498,4066,4033,4055,4052,0,3215,-323,2663,218,262,18,1805,66,660,33,330,4038,4034,4,40,20,107116,
7/17/2026 6:30:00 AM,+07:00,4035.6,4044.9,4035.6,4044.9,13,14,13,0,0,14,4,28.5714285714286,7,50,-3,-21.4285714285714,0,0,0,0,-3,-66,0,1.07692307692308,0,0,0,0,0,0,0,0,0,0,498,4066,4033,4055,4052,0,3215,-323,2663,218,262,18,1805,66,660,33,330,4038,4034,4,40,20,107116,
7/17/2026 7:00:00 AM,+07:00,4044.2,4050.4,4043.6,4045.4,13,13,13,0,0,13,4,30.7692307692308,3,23.0769230769231,1,7.69230769230769,0,0,0,0,1,-65,0,1,0,0,0,0,0,0,0,0,0,0,498,4066,4033,4055,4052,0,3215,-323,2663,218,262,18,1805,66,660,33,330,4038,4034,4,40,20,107116,
7/17/2026 7:30:00 AM,+07:00,4042.4,4051.5,4040.8,4051.5,13,14,13,0,0,14,9,64.2857142857143,2,14.2857142857143,7,50,0,0,0,0,7,-58,0,1.07692307692308,0,0,0,0,0,0,0,0,0,0,498,4066,4033,4055,4052,0,3215,-323,2663,218,262,18,1805,66,660,33,330,4038,4034,4,40,20,107116,
7/17/2026 8:00:00 AM,+07:00,4051.5,4055.5,4048.2,4050,41,47,41,0,0,47,9,19.1489361702128,5,10.6382978723404,4,8.51063829787234,0,0,0,0,4,-54,0,1.14634146341463,0,0,0,0,0,0,0,0,0,0,498,4066,4033,4055,4052,0,3215,-323,2663,218,262,18,1805,66,660,33,330,4038,4034,4,40,20,107116,
7/17/2026 8:30:00 AM,+07:00,4050,4055.4,4039.3,4040.6,53,53,53,0,0,53,5,9.43396226415094,36,67.9245283018868,-31,-58.4905660377358,0,0,0,0,-31,-85,0,1,0,0,0,0,0,0,0,0,0,0,498,4066,4033,4055,4052,0,3215,-323,2663,218,262,18,1805,66,660,33,330,4038,4034,4,40,20,107116,
7/17/2026 9:00:00 AM,+07:00,4045.4,4045.4,4040.7,4041.8,5,5,5,0,0,5,3,60,1,20,2,40,0,0,0,0,2,-83,0,1,0,0,0,0,0,0,0,0,0,0,498,4066,4033,4055,4052,0,3215,-323,2663,218,262,18,1805,66,660,33,330,4038,4034,4,40,20,107116,
7/17/2026 9:30:00 AM,+07:00,4043,4043,4032.4,4038.6,15,15,15,0,0,15,4,26.6666666666667,5,33.3333333333333,-1,-6.66666666666667,0,0,0,0,-1,-84,0,1,0,0,0,0,0,0,0,0,0,0,498,4066,4033,4055,4052,0,3215,-323,2663,218,262,18,1805,66,660,33,330,4038,4034,4,40,20,107116,
7/17/2026 10:00:00 AM,+07:00,4039.9,4067.8,4039.9,4058.7,71,73,71,0,0,73,21,28.7671232876712,20,27.3972602739726,1,1.36986301369863,0,0,0,0,1,-83,0,1.02816901408451,0,0,0,0,0,0,0,0,0,0,498,4066,4033,4055,4052,0,3215,-323,2663,218,262,18,1805,66,660,33,330,4038,4034,4,40,20,107116,
7/17/2026 10:30:00 AM,+07:00,4058.7,4060.1,4051.1,4051.1,17,18,17,0,0,18,2,11.1111111111111,4,22.2222222222222,-2,-11.1111111111111,0,0,0,0,-2,-85,0,1.05882352941176,0,0,0,0,0,0,0,0,0,0,498,4066,4033,4055,4052,0,3215,-323,2663,218,262,18,1805,66,660,33,330,4038,4034,4,40,20,107116,
7/17/2026 11:00:00 AM,+07:00,4049.8,4049.8,4045.6,4045.6,32,48,32,0,0,48,3,6.25,31,64.5833333333334,-28,-58.3333333333333,0,0,0,0,-28,-113,0,1.5,0,0,0,0,0,0,0,0,0,0,498,4066,4033,4055,4052,0,3215,-323,2663,218,262,18,1805,66,660,33,330,4038,4034,4,40,20,107116,
7/17/2026 11:30:00 AM,+07:00,4047.1,4047.1,4039.6,4041.1,23,29,23,0,0,29,7,24.1379310344828,18,62.0689655172414,-11,-37.9310344827586,0,0,0,0,-11,-124,0,1.26086956521739,0,0,0,0,0,0,0,0,0,0,498,4066,4033,4055,4052,0,3215,-323,2663,218,262,18,1805,66,660,33,330,4038,4034,4,40,20,107116,
7/17/2026 12:00:00 PM,+07:00,4040.7,4042,4034.6,4040,18,23,18,0,0,23,3,13.0434782608696,18,78.2608695652174,-15,-65.2173913043478,0,0,0,0,-15,-139,0,1.27777777777778,0,0,0,0,0,0,0,0,0,0,498,4066,4033,4055,4052,0,3215,-323,2663,218,262,18,1805,66,660,33,330,4038,4034,4,40,20,107116,
7/17/2026 12:30:00 PM,+07:00,4039.3,4051.2,4038,4049.3,36,36,36,0,0,36,12,33.3333333333333,13,36.1111111111111,-1,-2.77777777777778,0,0,0,0,-1,-140,0,1,0,0,0,0,0,0,0,0,0,0,498,4066,4033,4055,4052,0,3215,-323,2663,218,262,18,1805,66,660,33,330,4038,4034,4,40,20,107116,
7/17/2026 1:00:00 PM,+07:00,4049.8,4064.8,4049.3,4064.2,54,62,54,0,0,62,18,29.0322580645161,32,51.6129032258064,-14,-22.5806451612903,0,0,0,0,-14,-154,0,1.14814814814815,0,0,0,0,0,0,0,0,0,0,498,4066,4033,4055,4052,0,3215,-323,2663,218,262,18,1805,66,660,33,330,4038,4034,4,40,20,107116,
7/17/2026 1:30:00 PM,+07:00,4066.4,4066.4,4056.8,4060.7,35,44,35,0,0,44,22,50,8,18.1818181818182,14,31.8181818181818,0,0,0,0,14,-140,0,1.25714285714286,0,0,0,0,0,0,0,0,0,0,498,4066,4033,4055,4052,0,3215,-323,2663,218,262,18,1805,66,660,33,330,4038,4034,4,40,20,107116,
7/17/2026 2:00:00 PM,+07:00,4059.1,4059.1,4054.4,4057.8,21,21,21,0,0,21,5,23.8095238095238,6,28.5714285714286,-1,-4.76190476190476,0,0,0,0,-1,-141,0,1,0,0,0,0,0,0,0,0,0,0,498,4066,4033,4055,4052,0,3215,-323,2663,218,262,18,1805,66,660,33,330,4038,4034,4,40,20,107116,
7/17/2026 2:30:00 PM,+07:00,4055.8,4059,4055.5,4055.6,19,23,19,0,0,23,16,69.5652173913044,2,8.69565217391304,14,60.8695652173913,0,0,0,0,14,-127,0,1.21052631578947,0,0,0,0,0,0,0,0,0,0,498,4066,4033,4055,4052,0,3215,-323,2663,218,262,18,1805,66,660,33,330,4038,4034,4,40,20,107116,
7/17/2026 3:00:00 PM,+07:00,4053.1,4056.9,4048.7,4053.1,25,26,25,0,0,26,2,7.69230769230769,15,57.6923076923077,-13,-50,0,0,0,0,-13,-140,0,1.04,0,0,0,0,0,0,0,0,0,0,498,4066,4033,4055,4052,0,3215,-323,2663,218,262,18,1805,66,660,33,330,4038,4034,4,40,20,107116,
7/17/2026 3:30:00 PM,+07:00,4053,4060.1,4048.6,4055.3,23,25,23,0,0,25,5,20,12,48,-7,-28,0,0,0,0,-7,-147,0,1.08695652173913,0,0,0,0,0,0,0,0,0,0,498,4066,4033,4055,4052,0,3215,-323,2663,218,262,18,1805,66,660,33,330,4038,4034,4,40,20,107116,
7/17/2026 4:00:00 PM,+07:00,4054.1,4062.7,4053.8,4062.5,27,27,27,0,0,27,7,25.9259259259259,7,25.9259259259259,0,0,0,0,0,0,0,-147,0,1,0,0,0,0,0,0,0,0,0,0,498,4066,4033,4055,4052,0,3215,-323,2663,218,262,18,1805,66,660,33,330,4038,4034,4,40,20,107116,
7/17/2026 4:30:00 PM,+07:00,4058.9,4058.9,4055.3,4056.2,6,6,6,0,0,6,1,16.6666666666667,2,33.3333333333333,-1,-16.6666666666667,0,0,0,0,-1,-148,0,1,0,0,0,0,0,0,0,0,0,0,498,4066,4033,4055,4052,0,3215,-323,2663,218,262,18,1805,66,660,33,330,4038,4034,4,40,20,107116,
7/17/2026 5:00:00 PM,+07:00,4058.1,4058.4,4055.2,4055.2,11,12,11,0,0,12,4,33.3333333333333,1,8.33333333333333,3,25,0,0,0,0,3,-145,0,1.09090909090909,0,0,0,0,0,0,0,0,0,0,498,4066,4033,4055,4052,0,3215,-323,2663,218,262,18,1805,66,660,33,330,4038,4034,4,40,20,107116,
7/17/2026 5:30:00 PM,+07:00,4056.9,4056.9,4050.4,4051.6,52,87,52,0,0,87,5,5.74712643678161,68,78.1609195402299,-63,-72.4137931034483,0,0,0,0,-63,-208,0,1.67307692307692,0,0,0,0,0,0,0,0,0,0,498,4066,4033,4055,4052,0,3215,-323,2663,218,262,18,1805,66,660,33,330,4038,4034,4,40,20,107116,
7/17/2026 6:00:00 PM,+07:00,4050.9,4055.9,4050.2,4055.8,21,21,21,0,0,21,3,14.2857142857143,7,33.3333333333333,-4,-19.047619047619,0,0,0,0,-4,-212,0,1,0,0,0,0,0,0,0,0,0,0,498,4066,4033,4055,4052,0,3215,-323,2663,218,262,18,1805,66,660,33,330,4038,4034,4,40,20,107116,
7/17/2026 6:30:00 PM,+07:00,4056,4058,4051.4,4054.1,39,44,39,0,0,44,11,25,12,27.2727272727273,-1,-2.27272727272727,0,0,0,0,-1,-213,0,1.12820512820513,0,0,0,0,0,0,0,0,0,0,498,4066,4033,4055,4052,0,3215,-323,2663,218,262,18,1805,66,660,33,330,4038,4034,4,40,20,107116,
7/17/2026 7:00:00 PM,+07:00,4055.2,4055.2,4043.9,4047,68,89,68,0,0,89,26,29.2134831460674,32,35.9550561797753,-6,-6.74157303370786,0,0,0,0,-6,-219,0,1.30882352941176,0,0,0,0,0,0,0,0,0,0,498,4066,4033,4055,4052,0,3215,-323,2663,218,262,18,1805,66,660,33,330,4038,4034,4,40,20,107116,
7/17/2026 7:30:00 PM,+07:00,4047,4047,4023.8,4025.5,141,190,141,0,0,190,51,26.8421052631579,73,38.4210526315789,-22,-11.5789473684211,0,0,0,0,-22,-241,0,1.34751773049645,0,0,0,0,0,0,0,0,0,0,498,4066,4033,4055,4052,0,3215,-323,2663,218,262,18,1805,66,660,33,330,4038,4034,4,40,20,107116,
7/17/2026 8:00:00 PM,+07:00,4024.1,4034.9,4019,4029.6,115,129,115,0,0,129,40,31.0077519379845,47,36.4341085271318,-7,-5.42635658914729,0,0,0,0,-7,-248,0,1.12173913043478,0,0,0,0,0,0,0,0,0,0,498,4066,4033,4055,4052,0,3215,-323,2663,218,262,18,1805,66,660,33,330,4038,4034,4,40,20,107116,
7/17/2026 8:30:00 PM,+07:00,4027.9,4062.7,4023.7,4057,266,367,266,0,0,367,124,33.7874659400545,80,21.7983651226158,44,11.9891008174387,0,0,0,0,44,-204,0,1.3796992481203,0,0,0,0,0,0,0,0,0,0,498,4066,4033,4055,4052,0,3215,-323,2663,218,262,18,1805,66,660,33,330,4038,4034,4,40,20,107116,
7/17/2026 9:00:00 PM,+07:00,4056.5,4064.4,4051,4058.9,182,216,182,0,0,216,50,23.1481481481482,78,36.1111111111111,-28,-12.962962962963,0,0,0,0,-28,-232,0,1.18681318681319,0,0,0,0,0,0,0,0,0,0,498,4066,4033,4055,4052,0,3215,-323,2663,218,262,18,1805,66,660,33,330,4038,4034,4,40,20,107116,
7/17/2026 9:30:00 PM,+07:00,4056.3,4061.9,4052.7,4061.6,138,237,138,0,0,237,37,15.6118143459916,157,66.2447257383966,-120,-50.6329113924051,0,0,0,0,-120,-352,0,1.71739130434783,0,0,0,0,0,0,0,0,0,0,498,4066,4033,4055,4052,0,3215,-323,2663,218,262,18,1805,66,660,33,330,4038,4034,4,40,20,107116,
7/17/2026 10:00:00 PM,+07:00,4061.7,4075,4059,4072.7,218,251,218,0,0,251,75,29.8804780876494,68,27.0916334661355,7,2.78884462151394,0,0,0,0,7,-345,0,1.15137614678899,0,0,0,0,0,0,0,0,0,0,498,4066,4033,4055,4052,0,3215,-323,2663,218,262,18,1805,66,660,33,330,4038,4034,4,40,20,107116,
7/17/2026 10:30:00 PM,+07:00,4073.8,4082.5,4069.9,4079.5,130,130,130,0,0,130,29,22.3076923076923,36,27.6923076923077,-7,-5.38461538461538,0,0,0,0,-7,-352,0,1,0,0,0,0,0,0,0,0,0,0,498,4066,4033,4055,4052,0,3215,-323,2663,218,262,18,1805,66,660,33,330,4038,4034,4,40,20,107116,
7/17/2026 11:00:00 PM,+07:00,4080.6,4085.4,4072.7,4080.7,168,192,168,0,0,192,61,31.7708333333333,69,35.9375,-8,-4.16666666666667,0,0,0,0,-8,-360,0,1.14285714285714,0,0,0,0,0,0,0,0,0,0,498,4066,4033,4055,4052,0,3215,-323,2663,218,262,18,1805,66,660,33,330,4038,4034,4,40,20,107116,
7/17/2026 11:30:00 PM,+07:00,4080.4,4082.2,4074.4,4076.6,126,128,126,0,0,128,34,26.5625,40,31.25,-6,-4.6875,0,0,0,0,-6,-366,0,1.01587301587302,0,0,0,0,0,0,0,0,0,0,498,4066,4033,4055,4052,0,3215,-323,2663,218,262,18,1805,66,660,33,330,4038,4034,4,40,20,107116,
7/18/2026 12:00:00 AM,+07:00,4077.3,4080.6,4074.3,4075.4,149,178,149,0,0,178,44,24.7191011235955,35,19.6629213483146,9,5.0561797752809,0,0,0,0,9,9,0,1.19463087248322,0,0,0,0,0,0,0,0,0,0,498,4066,4033,4055,4052,0,3215,-323,2663,218,262,18,1805,66,660,33,330,4038,4034,4,40,20,107116,
7/18/2026 12:30:00 AM,+07:00,4075.8,4076.3,4070,4070.6,72,85,72,0,0,85,15,17.6470588235294,39,45.8823529411765,-24,-28.2352941176471,0,0,0,0,-24,-15,0,1.18055555555556,0,0,0,0,0,0,0,0,0,0,498,4066,4033,4055,4052,0,3215,-323,2663,218,262,18,1805,66,660,33,330,4038,4034,4,40,20,107116,
7/18/2026 1:00:00 AM,+07:00,4072,4077.8,4070.8,4077.5,55,56,55,0,0,56,8,14.2857142857143,15,26.7857142857143,-7,-12.5,0,0,0,0,-7,-22,0,1.01818181818182,0,0,0,0,0,0,0,0,0,0,498,4066,4033,4055,4052,0,3215,-323,2663,218,262,18,1805,66,660,33,330,4038,4034,4,40,20,107116,
7/18/2026 1:30:00 AM,+07:00,4077.7,4078.3,4068.9,4073.8,44,65,44,0,0,65,18,27.6923076923077,7,10.7692307692308,11,16.9230769230769,0,0,0,0,11,-11,0,1.47727272727273,0,0,0,0,0,0,0,0,0,0,498,4066,4033,4055,4052,0,3215,-323,2663,218,262,18,1805,66,660,33,330,4038,4034,4,40,20,107116,
7/18/2026 2:00:00 AM,+07:00,4070.8,4070.8,4065,4065,23,23,23,0,0,23,4,17.3913043478261,9,39.1304347826087,-5,-21.7391304347826,0,0,0,0,-5,-16,0,1,0,0,0,0,0,0,0,0,0,0,498,4066,4033,4055,4052,0,3215,-323,2663,218,262,18,1805,66,660,33,330,4038,4034,4,40,20,107116,
7/18/2026 2:30:00 AM,+07:00,4068,4077.3,4067.8,4076.1,27,29,27,0,0,29,6,20.6896551724138,4,13.7931034482759,2,6.89655172413793,0,0,0,0,2,-14,0,1.07407407407407,0,0,0,0,0,0,0,0,0,0,498,4066,4033,4055,4052,0,3215,-323,2663,218,262,18,1805,66,660,33,330,4038,4034,4,40,20,107116,
7/18/2026 3:00:00 AM,+07:00,4076.4,4076.4,4071.3,4071.3,13,13,13,0,0,13,3,23.0769230769231,2,15.3846153846154,1,7.69230769230769,0,0,0,0,1,-13,0,1,0,0,0,0,0,0,0,0,0,0,498,4066,4033,4055,4052,0,3215,-323,2663,218,262,18,1805,66,660,33,330,4038,4034,4,40,20,107116,
7/18/2026 3:30:00 AM,+07:00,4071.4,4079.6,4071.1,4079.6,17,18,17,0,0,18,1,5.55555555555556,8,44.4444444444444,-7,-38.8888888888889,0,0,0,0,-7,-20,0,1.05882352941176,0,0,0,0,0,0,0,0,0,0,498,4066,4033,4055,4052,0,3215,-323,2663,218,262,18,1805,66,660,33,330,4038,4034,4,40,20,107116,
7/20/2026 7:00:00 AM,+07:00,4051,4066.9,4044,4064,59,69,59,0,0,69,19,27.536231884058,13,18.8405797101449,6,8.69565217391304,0,0,0,0,6,6,0,1.16949152542373,0,0,0,0,0,0,0,0,0,0,408,4083,4065,4069,4074,2,2799,343,2261,273,111,24,2250,59,590,18,180,4070,4044,26,260,91,110067,
7/20/2026 7:30:00 AM,+07:00,4060.4,4070,4059.5,4069.4,22,22,22,0,0,22,5,22.7272727272727,1,4.54545454545455,4,18.1818181818182,0,0,0,0,4,10,0,1,0,0,0,0,0,0,0,0,0,0,408,4083,4065,4069,4074,2,2799,343,2261,273,111,24,2250,59,590,18,180,4070,4044,26,260,91,110067,
7/20/2026 8:00:00 AM,+07:00,4070.8,4081.9,4062.1,4063.8,95,113,95,0,0,113,33,29.2035398230088,26,23.0088495575221,7,6.19469026548672,0,0,0,0,7,17,0,1.18947368421053,0,0,0,0,0,0,0,0,0,0,408,4083,4065,4069,4074,2,2799,343,2261,273,111,24,2250,59,590,18,180,4070,4044,26,260,91,110067,
7/20/2026 8:30:00 AM,+07:00,4065.5,4066.8,4059.1,4063.4,23,25,23,0,0,25,9,36,8,32,1,4,0,0,0,0,1,18,0,1.08695652173913,0,0,0,0,0,0,0,0,0,0,408,4083,4065,4069,4074,2,2799,343,2261,273,111,24,2250,59,590,18,180,4070,4044,26,260,91,110067,
7/20/2026 9:00:00 AM,+07:00,4064.1,4070.8,4062.9,4068.2,17,18,17,0,0,18,11,61.1111111111111,2,11.1111111111111,9,50,0,0,0,0,9,27,0,1.05882352941176,0,0,0,0,0,0,0,0,0,0,408,4083,4065,4069,4074,2,2799,343,2261,273,111,24,2250,59,590,18,180,4070,4044,26,260,91,110067,
7/20/2026 9:30:00 AM,+07:00,4069.3,4091,4069.3,4085.8,59,64,59,0,0,64,22,34.375,16,25,6,9.375,0,0,0,0,6,33,0,1.08474576271186,0,0,0,0,0,0,0,0,0,0,408,4083,4065,4069,4074,2,2799,343,2261,273,111,24,2250,59,590,18,180,4070,4044,26,260,91,110067,
7/20/2026 10:00:00 AM,+07:00,4082.5,4088,4081.8,4085,18,20,18,0,0,20,4,20,4,20,0,0,0,0,0,0,0,33,0,1.11111111111111,0,0,0,0,0,0,0,0,0,0,408,4083,4065,4069,4074,2,2799,343,2261,273,111,24,2250,59,590,18,180,4070,4044,26,260,91,110067,
7/20/2026 10:30:00 AM,+07:00,4082.1,4088.9,4081.1,4087.4,10,10,10,0,0,10,5,50,3,30,2,20,0,0,0,0,2,35,0,1,0,0,0,0,0,0,0,0,0,0,408,4083,4065,4069,4074,2,2799,343,2261,273,111,24,2250,59,590,18,180,4070,4044,26,260,91,110067,
7/20/2026 11:00:00 AM,+07:00,4087.2,4087.5,4084.2,4086.8,8,8,8,0,0,8,2,25,1,12.5,1,12.5,0,0,0,0,1,36,0,1,0,0,0,0,0,0,0,0,0,0,408,4083,4065,4069,4074,2,2799,343,2261,273,111,24,2250,59,590,18,180,4070,4044,26,260,91,110067,
7/20/2026 11:30:00 AM,+07:00,4085.1,4085.1,4080,4080,10,10,10,0,0,10,3,30,2,20,1,10,0,0,0,0,1,37,0,1,0,0,0,0,0,0,0,0,0,0,408,4083,4065,4069,4074,2,2799,343,2261,273,111,24,2250,59,590,18,180,4070,4044,26,260,91,110067,
7/20/2026 12:00:00 PM,+07:00,4080.3,4081.9,4072.2,4072.2,24,24,24,0,0,24,3,12.5,11,45.8333333333333,-8,-33.3333333333333,0,0,0,0,-8,29,0,1,0,0,0,0,0,0,0,0,0,0,408,4083,4065,4069,4074,2,2799,343,2261,273,111,24,2250,59,590,18,180,4070,4044,26,260,91,110067,
7/20/2026 12:30:00 PM,+07:00,4074,4074.7,4068.8,4068.8,20,21,20,0,0,21,5,23.8095238095238,5,23.8095238095238,0,0,0,0,0,0,0,29,0,1.05,0,0,0,0,0,0,0,0,0,0,408,4083,4065,4069,4074,2,2799,343,2261,273,111,24,2250,59,590,18,180,4070,4044,26,260,91,110067,
7/20/2026 1:00:00 PM,+07:00,4072.2,4072.4,4065,4065,25,25,25,0,0,25,7,28,9,36,-2,-8,0,0,0,0,-2,27,0,1,0,0,0,0,0,0,0,0,0,0,408,4083,4065,4069,4074,2,2799,343,2261,273,111,24,2250,59,590,18,180,4070,4044,26,260,91,110067,
7/20/2026 1:30:00 PM,+07:00,4066.2,4068.5,4063.9,4066.2,16,16,16,0,0,16,6,37.5,3,18.75,3,18.75,0,0,0,0,3,30,0,1,0,0,0,0,0,0,0,0,0,0,408,4083,4065,4069,4074,2,2799,343,2261,273,111,24,2250,59,590,18,180,4070,4044,26,260,91,110067,
7/20/2026 2:00:00 PM,+07:00,4065.2,4069.1,4064.1,4067.3,37,37,37,0,0,37,7,18.9189189189189,6,16.2162162162162,1,2.7027027027027,0,0,0,0,1,31,0,1,0,0,0,0,0,0,0,0,0,0,408,4083,4065,4069,4074,2,2799,343,2261,273,111,24,2250,59,590,18,180,4070,4044,26,260,91,110067,
7/20/2026 2:30:00 PM,+07:00,4068.7,4082.9,4068.7,4079.2,37,38,37,0,0,38,9,23.6842105263158,8,21.0526315789474,1,2.63157894736842,0,0,0,0,1,32,0,1.02702702702703,0,0,0,0,0,0,0,0,0,0,408,4083,4065,4069,4074,2,2799,343,2261,273,111,24,2250,59,590,18,180,4070,4044,26,260,91,110067,
7/20/2026 3:00:00 PM,+07:00,4082.1,4091.6,4081.8,4084.7,36,36,36,0,0,36,6,16.6666666666667,8,22.2222222222222,-2,-5.55555555555556,0,0,0,0,-2,30,0,1,0,0,0,0,0,0,0,0,0,0,408,4083,4065,4069,4074,2,2799,343,2261,273,111,24,2250,59,590,18,180,4070,4044,26,260,91,110067,
7/20/2026 3:30:00 PM,+07:00,4083.3,4085.7,4079.3,4080.7,26,26,26,0,0,26,4,15.3846153846154,7,26.9230769230769,-3,-11.5384615384615,0,0,0,0,-3,27,0,1,0,0,0,0,0,0,0,0,0,0,408,4083,4065,4069,4074,2,2799,343,2261,273,111,24,2250,59,590,18,180,4070,4044,26,260,91,110067,
7/20/2026 4:00:00 PM,+07:00,4079.6,4082.7,4077,4079.2,32,32,32,0,0,32,8,25,5,15.625,3,9.375,0,0,0,0,3,30,0,1,0,0,0,0,0,0,0,0,0,0,408,4083,4065,4069,4074,2,2799,343,2261,273,111,24,2250,59,590,18,180,4070,4044,26,260,91,110067,
7/20/2026 4:30:00 PM,+07:00,4077.6,4083.6,4076,4081.4,24,26,24,0,0,26,6,23.0769230769231,1,3.84615384615385,5,19.2307692307692,0,0,0,0,5,35,0,1.08333333333333,0,0,0,0,0,0,0,0,0,0,408,4083,4065,4069,4074,2,2799,343,2261,273,111,24,2250,59,590,18,180,4070,4044,26,260,91,110067,
7/20/2026 5:00:00 PM,+07:00,4081.4,4083.9,4080.8,4083.9,29,45,29,0,0,45,7,15.5555555555556,7,15.5555555555556,0,0,0,0,0,0,0,35,0,1.55172413793103,0,0,0,0,0,0,0,0,0,0,408,4083,4065,4069,4074,2,2799,343,2261,273,111,24,2250,59,590,18,180,4070,4044,26,260,91,110067,
7/20/2026 5:30:00 PM,+07:00,4083.9,4086,4082.8,4086,11,11,11,0,0,11,2,18.1818181818182,0,0,2,18.1818181818182,0,0,0,0,2,37,0,1,0,0,0,0,0,0,0,0,0,0,408,4083,4065,4069,4074,2,2799,343,2261,273,111,24,2250,59,590,18,180,4070,4044,26,260,91,110067,
7/20/2026 6:00:00 PM,+07:00,4086.3,4087.9,4081.3,4081.3,66,125,66,0,0,125,51,40.8,20,16,31,24.8,0,0,0,0,31,68,0,1.89393939393939,0,0,0,0,0,0,0,0,0,0,408,4083,4065,4069,4074,2,2799,343,2261,273,111,24,2250,59,590,18,180,4070,4044,26,260,91,110067,
7/20/2026 6:30:00 PM,+07:00,4083.3,4102.8,4083.3,4087.5,112,126,112,0,0,126,29,23.015873015873,19,15.0793650793651,10,7.93650793650794,0,0,0,0,10,78,0,1.125,0,0,0,0,0,0,0,0,0,0,408,4083,4065,4069,4074,2,2799,343,2261,273,111,24,2250,59,590,18,180,4070,4044,26,260,91,110067,
7/20/2026 7:00:00 PM,+07:00,4085.1,4085.1,4067.9,4073.5,141,163,141,0,0,163,67,41.1042944785276,15,9.20245398773006,52,31.9018404907975,0,0,0,0,52,130,0,1.15602836879433,0,0,0,0,0,0,0,0,0,0,408,4083,4065,4069,4074,2,2799,343,2261,273,111,24,2250,59,590,18,180,4070,4044,26,260,91,110067,
7/20/2026 7:30:00 PM,+07:00,4073.8,4075.6,4067.2,4069.8,74,79,74,0,0,79,24,30.379746835443,18,22.7848101265823,6,7.59493670886076,0,0,0,0,6,136,0,1.06756756756757,0,0,0,0,0,0,0,0,0,0,408,4083,4065,4069,4074,2,2799,343,2261,273,111,24,2250,59,590,18,180,4070,4044,26,260,91,110067,
7/20/2026 8:00:00 PM,+07:00,4068.8,4073.9,4068.5,4069.4,68,77,68,0,0,77,26,33.7662337662338,13,16.8831168831169,13,16.8831168831169,0,0,0,0,13,149,0,1.13235294117647,0,0,0,0,0,0,0,0,0,0,408,4083,4065,4069,4074,2,2799,343,2261,273,111,24,2250,59,590,18,180,4070,4044,26,260,91,110067,
7/20/2026 8:30:00 PM,+07:00,4069.2,4078.1,4067,4068.1,109,132,109,0,0,132,48,36.3636363636364,24,18.1818181818182,24,18.1818181818182,0,0,0,0,24,173,0,1.21100917431193,0,0,0,0,0,0,0,0,0,0,408,4083,4065,4069,4074,2,2799,343,2261,273,111,24,2250,59,590,18,180,4070,4044,26,260,91,110067,
7/20/2026 9:00:00 PM,+07:00,4066.5,4068.5,4058.8,4065.9,136,147,136,0,0,147,26,17.687074829932,58,39.4557823129252,-32,-21.7687074829932,0,0,0,0,-32,141,0,1.08088235294118,0,0,0,0,0,0,0,0,0,0,408,4083,4065,4069,4074,2,2799,343,2261,273,111,24,2250,59,590,18,180,4070,4044,26,260,91,110067,
7/20/2026 9:30:00 PM,+07:00,4067.8,4075,4066.8,4066.8,118,148,118,0,0,148,24,16.2162162162162,24,16.2162162162162,0,0,0,0,0,0,0,141,0,1.25423728813559,0,0,0,0,0,0,0,0,0,0,408,4083,4065,4069,4074,2,2799,343,2261,273,111,24,2250,59,590,18,180,4070,4044,26,260,91,110067,
7/20/2026 10:00:00 PM,+07:00,4065.8,4080.4,4065.8,4077.8,112,170,112,0,0,170,34,20,41,24.1176470588235,-7,-4.11764705882353,0,0,0,0,-7,134,0,1.51785714285714,0,0,0,0,0,0,0,0,0,0,408,4083,4065,4069,4074,2,2799,343,2261,273,111,24,2250,59,590,18,180,4070,4044,26,260,91,110067,
7/20/2026 10:30:00 PM,+07:00,4077.6,4078.2,4071.7,4074.1,56,65,56,0,0,65,17,26.1538461538462,12,18.4615384615385,5,7.69230769230769,0,0,0,0,5,139,0,1.16071428571429,0,0,0,0,0,0,0,0,0,0,408,4083,4065,4069,4074,2,2799,343,2261,273,111,24,2250,59,590,18,180,4070,4044,26,260,91,110067,
7/20/2026 11:00:00 PM,+07:00,4073,4078.9,4073,4074.3,52,67,52,0,0,67,36,53.7313432835821,9,13.4328358208955,27,40.2985074626866,0,0,0,0,27,166,0,1.28846153846154,0,0,0,0,0,0,0,0,0,0,408,4083,4065,4069,4074,2,2799,343,2261,273,111,24,2250,59,590,18,180,4070,4044,26,260,91,110067,
7/20/2026 11:30:00 PM,+07:00,4072,4073.4,4062.5,4071.6,130,150,130,0,0,150,35,23.3333333333333,27,18,8,5.33333333333333,0,0,0,0,8,174,0,1.15384615384615,0,0,0,0,0,0,0,0,0,0,408,4083,4065,4069,4074,2,2799,343,2261,273,111,24,2250,59,590,18,180,4070,4044,26,260,91,110067,
7/21/2026 12:00:00 AM,+07:00,4072.2,4073.8,4070.1,4073,154,240,154,0,0,240,171,71.25,28,11.6666666666667,143,59.5833333333333,0,0,0,0,143,143,0,1.55844155844156,0,0,0,0,0,0,0,0,0,0,408,4083,4065,4069,4074,2,2799,343,2261,273,111,24,2250,59,590,18,180,4070,4044,26,260,91,110067,
7/21/2026 12:30:00 AM,+07:00,4073.2,4074,4065.2,4065.8,71,83,71,0,0,83,16,19.2771084337349,15,18.0722891566265,1,1.20481927710843,0,0,0,0,1,144,0,1.16901408450704,0,0,0,0,0,0,0,0,0,0,408,4083,4065,4069,4074,2,2799,343,2261,273,111,24,2250,59,590,18,180,4070,4044,26,260,91,110067,
7/21/2026 1:00:00 AM,+07:00,4068.1,4072.8,4065.9,4068.3,45,50,45,0,0,50,6,12,8,16,-2,-4,0,0,0,0,-2,142,0,1.11111111111111,0,0,0,0,0,0,0,0,0,0,408,4083,4065,4069,4074,2,2799,343,2261,273,111,24,2250,59,590,18,180,4070,4044,26,260,91,110067,
7/21/2026 1:30:00 AM,+07:00,4068.1,4069.6,4067,4068.3,12,13,12,0,0,13,1,7.69230769230769,5,38.4615384615385,-4,-30.7692307692308,0,0,0,0,-4,138,0,1.08333333333333,0,0,0,0,0,0,0,0,0,0,408,4083,4065,4069,4074,2,2799,343,2261,273,111,24,2250,59,590,18,180,4070,4044,26,260,91,110067,
7/21/2026 2:00:00 AM,+07:00,4068.6,4072,4067.8,4071.7,19,20,19,0,0,20,7,35,5,25,2,10,0,0,0,0,2,140,0,1.05263157894737,0,0,0,0,0,0,0,0,0,0,408,4083,4065,4069,4074,2,2799,343,2261,273,111,24,2250,59,590,18,180,4070,4044,26,260,91,110067,
7/21/2026 2:30:00 AM,+07:00,4074.1,4077.7,4066.9,4068,77,96,77,0,0,96,46,47.9166666666667,16,16.6666666666667,30,31.25,0,0,0,0,30,170,0,1.24675324675325,0,0,0,0,0,0,0,0,0,0,408,4083,4065,4069,4074,2,2799,343,2261,273,111,24,2250,59,590,18,180,4070,4044,26,260,91,110067,
7/21/2026 3:00:00 AM,+07:00,4069,4070.6,4068.4,4070.4,41,62,41,0,0,62,58,93.5483870967742,0,0,58,93.5483870967742,0,0,0,0,58,228,0,1.51219512195122,0,0,0,0,0,0,0,0,0,0,408,4083,4065,4069,4074,2,2799,343,2261,273,111,24,2250,59,590,18,180,4070,4044,26,260,91,110067,
7/21/2026 3:30:00 AM,+07:00,4069.9,4070.4,4066,4067,30,90,30,0,0,90,13,14.4444444444444,72,80,-59,-65.5555555555556,0,0,0,0,-59,169,0,3,0,0,0,0,0,0,0,0,0,0,408,4083,4065,4069,4074,2,2799,343,2261,273,111,24,2250,59,590,18,180,4070,4044,26,260,91,110067,
7/21/2026 5:00:00 AM,+07:00,4070.1,4071.2,4065.7,4069,21,22,21,0,0,22,8,36.3636363636364,4,18.1818181818182,4,18.1818181818182,0,0,0,0,4,173,0,1.04761904761905,0,0,0,0,0,0,0,0,0,0,446,4147,4110,4130,4105,12,4288,126,3429,145,287,14,3778,88,880,37,370,4071,4061,10,100,79,116816,
7/21/2026 5:30:00 AM,+07:00,4069.2,4069.3,4060.5,4061.1,45,57,45,0,0,57,22,38.5964912280702,8,14.0350877192982,14,24.5614035087719,0,0,0,0,14,187,0,1.26666666666667,0,0,0,0,0,0,0,0,0,0,446,4147,4110,4130,4105,12,4288,126,3429,145,287,14,3778,88,880,37,370,4071,4061,10,100,79,116816,
7/21/2026 6:00:00 AM,+07:00,4060.6,4068.3,4060.6,4067.1,33,44,33,0,0,44,6,13.6363636363636,21,47.7272727272727,-15,-34.0909090909091,0,0,0,0,-15,172,0,1.33333333333333,0,0,0,0,0,0,0,0,0,0,446,4147,4110,4130,4105,12,4288,126,3429,145,287,14,3778,88,880,37,370,4071,4061,10,100,79,116816,
7/21/2026 6:30:00 AM,+07:00,4065.9,4069.4,4065.9,4069.3,6,7,6,0,0,7,3,42.8571428571429,3,42.8571428571429,0,0,0,0,0,0,0,172,0,1.16666666666667,0,0,0,0,0,0,0,0,0,0,446,4147,4110,4130,4105,12,4288,126,3429,145,287,14,3778,88,880,37,370,4071,4061,10,100,79,116816,
7/21/2026 7:00:00 AM,+07:00,4067.4,4078.6,4065.9,4078.6,10,10,10,0,0,10,3,30,0,0,3,30,0,0,0,0,3,175,0,1,0,0,0,0,0,0,0,0,0,0,446,4147,4110,4130,4105,12,4288,126,3429,145,287,14,3778,88,880,37,370,4071,4061,10,100,79,116816,
7/21/2026 7:30:00 AM,+07:00,4077.9,4089.2,4077.9,4086.9,22,22,22,0,0,22,6,27.2727272727273,4,18.1818181818182,2,9.09090909090909,0,0,0,0,2,177,0,1,0,0,0,0,0,0,0,0,0,0,446,4147,4110,4130,4105,12,4288,126,3429,145,287,14,3778,88,880,37,370,4071,4061,10,100,79,116816,
7/21/2026 8:00:00 AM,+07:00,4087.5,4097.2,4080.1,4090.1,51,60,51,0,0,60,14,23.3333333333333,17,28.3333333333333,-3,-5,0,0,0,0,-3,174,0,1.17647058823529,0,0,0,0,0,0,0,0,0,0,446,4147,4110,4130,4105,12,4288,126,3429,145,287,14,3778,88,880,37,370,4071,4061,10,100,79,116816,
7/21/2026 8:30:00 AM,+07:00,4091.6,4092,4082.8,4082.8,16,16,16,0,0,16,3,18.75,3,18.75,0,0,0,0,0,0,0,174,0,1,0,0,0,0,0,0,0,0,0,0,446,4147,4110,4130,4105,12,4288,126,3429,145,287,14,3778,88,880,37,370,4071,4061,10,100,79,116816,
7/21/2026 9:00:00 AM,+07:00,4085.1,4088.5,4084.9,4088.5,9,11,9,0,0,11,5,45.4545454545455,3,27.2727272727273,2,18.1818181818182,0,0,0,0,2,176,0,1.22222222222222,0,0,0,0,0,0,0,0,0,0,446,4147,4110,4130,4105,12,4288,126,3429,145,287,14,3778,88,880,37,370,4071,4061,10,100,79,116816,
7/21/2026 9:30:00 AM,+07:00,4090.6,4106.3,4090.6,4099.9,64,89,64,0,0,89,11,12.3595505617978,17,19.1011235955056,-6,-6.74157303370786,0,0,0,0,-6,170,0,1.390625,0,0,0,0,0,0,0,0,0,0,446,4147,4110,4130,4105,12,4288,126,3429,145,287,14,3778,88,880,37,370,4071,4061,10,100,79,116816,
7/21/2026 10:00:00 AM,+07:00,4101.8,4112.6,4100.1,4108.9,39,43,39,0,0,43,12,27.906976744186,10,23.2558139534884,2,4.65116279069767,0,0,0,0,2,172,0,1.1025641025641,0,0,0,0,0,0,0,0,0,0,446,4147,4110,4130,4105,12,4288,126,3429,145,287,14,3778,88,880,37,370,4071,4061,10,100,79,116816,
7/21/2026 10:30:00 AM,+07:00,4108.6,4110.5,4104.7,4109.3,16,20,16,0,0,20,3,15,13,65,-10,-50,0,0,0,0,-10,162,0,1.25,0,0,0,0,0,0,0,0,0,0,446,4147,4110,4130,4105,12,4288,126,3429,145,287,14,3778,88,880,37,370,4071,4061,10,100,79,116816,
7/21/2026 11:00:00 AM,+07:00,4110,4113.4,4106.8,4107.6,22,25,22,0,0,25,12,48,6,24,6,24,0,0,0,0,6,168,0,1.13636363636364,0,0,0,0,0,0,0,0,0,0,446,4147,4110,4130,4105,12,4288,126,3429,145,287,14,3778,88,880,37,370,4071,4061,10,100,79,116816,
7/21/2026 11:30:00 AM,+07:00,4107.1,4110.1,4107.1,4110.1,11,11,11,0,0,11,4,36.3636363636364,4,36.3636363636364,0,0,0,0,0,0,0,168,0,1,0,0,0,0,0,0,0,0,0,0,446,4147,4110,4130,4105,12,4288,126,3429,145,287,14,3778,88,880,37,370,4071,4061,10,100,79,116816,
7/21/2026 12:00:00 PM,+07:00,4112.4,4117.5,4110.6,4115.8,30,34,30,0,0,34,6,17.6470588235294,11,32.3529411764706,-5,-14.7058823529412,0,0,0,0,-5,163,0,1.13333333333333,0,0,0,0,0,0,0,0,0,0,446,4147,4110,4130,4105,12,4288,126,3429,145,287,14,3778,88,880,37,370,4071,4061,10,100,79,116816,
7/21/2026 12:30:00 PM,+07:00,4118.5,4129.8,4117.8,4123.6,151,240,151,0,0,240,64,26.6666666666667,53,22.0833333333333,11,4.58333333333333,0,0,0,0,11,174,0,1.58940397350993,0,0,0,0,0,0,0,0,0,0,446,4147,4110,4130,4105,12,4288,126,3429,145,287,14,3778,88,880,37,370,4071,4061,10,100,79,116816,
7/21/2026 1:00:00 PM,+07:00,4124.7,4136,4124.7,4133.9,142,250,142,0,0,250,39,15.6,33,13.2,6,2.4,0,0,0,0,6,180,0,1.76056338028169,0,0,0,0,0,0,0,0,0,0,446,4147,4110,4130,4105,12,4288,126,3429,145,287,14,3778,88,880,37,370,4071,4061,10,100,79,116816,
7/21/2026 1:30:00 PM,+07:00,4134.4,4146.1,4134.2,4141,132,230,132,0,0,230,55,23.9130434782609,47,20.4347826086957,8,3.47826086956522,0,0,0,0,8,188,0,1.74242424242424,0,0,0,0,0,0,0,0,0,0,446,4147,4110,4130,4105,12,4288,126,3429,145,287,14,3778,88,880,37,370,4071,4061,10,100,79,116816,
7/21/2026 2:00:00 PM,+07:00,4140.5,4141.2,4130,4132.1,174,330,174,0,0,330,32,9.6969696969697,121,36.6666666666667,-89,-26.969696969697,0,0,0,0,-89,99,0,1.89655172413793,0,0,0,0,0,0,0,0,0,0,446,4147,4110,4130,4105,12,4288,126,3429,145,287,14,3778,88,880,37,370,4071,4061,10,100,79,116816,
7/21/2026 2:30:00 PM,+07:00,4130.6,4136.3,4130,4132.5,52,54,52,0,0,54,8,14.8148148148148,7,12.962962962963,1,1.85185185185185,0,0,0,0,1,100,0,1.03846153846154,0,0,0,0,0,0,0,0,0,0,446,4147,4110,4130,4105,12,4288,126,3429,145,287,14,3778,88,880,37,370,4071,4061,10,100,79,116816,
7/21/2026 3:00:00 PM,+07:00,4132.5,4132.5,4125.1,4125.3,50,102,50,0,0,102,64,62.7450980392157,7,6.86274509803922,57,55.8823529411765,0,0,0,0,57,157,0,2.04,0,0,0,0,0,0,0,0,0,0,446,4147,4110,4130,4105,12,4288,126,3429,145,287,14,3778,88,880,37,370,4071,4061,10,100,79,116816,
7/21/2026 3:30:00 PM,+07:00,4125.1,4126.6,4121.3,4124.7,39,41,39,0,0,41,8,19.5121951219512,8,19.5121951219512,0,0,0,0,0,0,0,157,0,1.05128205128205,0,0,0,0,0,0,0,0,0,0,446,4147,4110,4130,4105,12,4288,126,3429,145,287,14,3778,88,880,37,370,4071,4061,10,100,79,116816,
7/21/2026 4:00:00 PM,+07:00,4126.6,4130.2,4124.4,4124.4,56,58,56,0,0,58,20,34.4827586206897,6,10.3448275862069,14,24.1379310344828,0,0,0,0,14,171,0,1.03571428571429,0,0,0,0,0,0,0,0,0,0,446,4147,4110,4130,4105,12,4288,126,3429,145,287,14,3778,88,880,37,370,4071,4061,10,100,79,116816,
7/21/2026 4:30:00 PM,+07:00,4125.1,4132.2,4123.3,4128,89,102,89,0,0,102,13,12.7450980392157,12,11.7647058823529,1,0.980392156862745,0,0,0,0,1,172,0,1.14606741573034,0,0,0,0,0,0,0,0,0,0,446,4147,4110,4130,4105,12,4288,126,3429,145,287,14,3778,88,880,37,370,4071,4061,10,100,79,116816,
7/21/2026 5:00:00 PM,+07:00,4130.2,4131.1,4124.2,4129,72,72,72,0,0,72,18,25,9,12.5,9,12.5,0,0,0,0,9,181,0,1,0,0,0,0,0,0,0,0,0,0,446,4147,4110,4130,4105,12,4288,126,3429,145,287,14,3778,88,880,37,370,4071,4061,10,100,79,116816,
7/21/2026 5:30:00 PM,+07:00,4129.2,4132.6,4125.4,4125.5,42,47,42,0,0,47,8,17.0212765957447,11,23.4042553191489,-3,-6.38297872340426,0,0,0,0,-3,178,0,1.11904761904762,0,0,0,0,0,0,0,0,0,0,446,4147,4110,4130,4105,12,4288,126,3429,145,287,14,3778,88,880,37,370,4071,4061,10,100,79,116816,
7/21/2026 6:00:00 PM,+07:00,4126,4126,4118,4121.8,71,96,71,0,0,96,21,21.875,11,11.4583333333333,10,10.4166666666667,0,0,0,0,10,188,0,1.35211267605634,0,0,0,0,0,0,0,0,0,0,446,4147,4110,4130,4105,12,4288,126,3429,145,287,14,3778,88,880,37,370,4071,4061,10,100,79,116816,
7/21/2026 6:30:00 PM,+07:00,4120,4123.7,4116.9,4118.2,65,79,65,0,0,79,23,29.1139240506329,8,10.126582278481,15,18.9873417721519,0,0,0,0,15,203,0,1.21538461538462,0,0,0,0,0,0,0,0,0,0,446,4147,4110,4130,4105,12,4288,126,3429,145,287,14,3778,88,880,37,370,4071,4061,10,100,79,116816,
7/21/2026 7:00:00 PM,+07:00,4120.2,4127.8,4118.1,4123.9,135,144,135,0,0,144,58,40.2777777777778,22,15.2777777777778,36,25,0,0,0,0,36,239,0,1.06666666666667,0,0,0,0,0,0,0,0,0,0,446,4147,4110,4130,4105,12,4288,126,3429,145,287,14,3778,88,880,37,370,4071,4061,10,100,79,116816,
7/21/2026 7:30:00 PM,+07:00,4124.3,4126,4113.2,4117.4,143,145,143,0,0,145,54,37.2413793103448,16,11.0344827586207,38,26.2068965517241,0,0,0,0,38,277,0,1.01398601398601,0,0,0,0,0,0,0,0,0,0,446,4147,4110,4130,4105,12,4288,126,3429,145,287,14,3778,88,880,37,370,4071,4061,10,100,79,116816,
7/21/2026 8:00:00 PM,+07:00,4118.5,4122.8,4112,4112.6,105,111,105,0,0,111,40,36.036036036036,23,20.7207207207207,17,15.3153153153153,0,0,0,0,17,294,0,1.05714285714286,0,0,0,0,0,0,0,0,0,0,446,4147,4110,4130,4105,12,4288,126,3429,145,287,14,3778,88,880,37,370,4071,4061,10,100,79,116816,
7/21/2026 8:30:00 PM,+07:00,4112.5,4118.6,4106.4,4114.9,164,210,164,0,0,210,52,24.7619047619048,52,24.7619047619048,0,0,0,0,0,0,0,294,0,1.28048780487805,0,0,0,0,0,0,0,0,0,0,446,4147,4110,4130,4105,12,4288,126,3429,145,287,14,3778,88,880,37,370,4071,4061,10,100,79,116816,
7/21/2026 9:00:00 PM,+07:00,4115.4,4131.5,4113.3,4131.3,183,229,183,0,0,229,79,34.4978165938865,58,25.3275109170306,21,9.1703056768559,0,0,0,0,21,315,0,1.25136612021858,0,0,0,0,0,0,0,0,0,0,446,4147,4110,4130,4105,12,4288,126,3429,145,287,14,3778,88,880,37,370,4071,4061,10,100,79,116816,
7/21/2026 9:30:00 PM,+07:00,4132.1,4136,4124.6,4130.1,154,171,154,0,0,171,22,12.8654970760234,86,50.2923976608187,-64,-37.4269005847953,0,0,0,0,-64,251,0,1.11038961038961,0,0,0,0,0,0,0,0,0,0,446,4147,4110,4130,4105,12,4288,126,3429,145,287,14,3778,88,880,37,370,4071,4061,10,100,79,116816,
7/21/2026 10:00:00 PM,+07:00,4132.4,4141.1,4128.9,4139.6,111,124,111,0,0,124,34,27.4193548387097,33,26.6129032258064,1,0.806451612903226,0,0,0,0,1,252,0,1.11711711711712,0,0,0,0,0,0,0,0,0,0,446,4147,4110,4130,4105,12,4288,126,3429,145,287,14,3778,88,880,37,370,4071,4061,10,100,79,116816,
7/21/2026 10:30:00 PM,+07:00,4138.8,4144.9,4134.4,4135.8,88,92,88,0,0,92,23,25,24,26.0869565217391,-1,-1.08695652173913,0,0,0,0,-1,251,0,1.04545454545455,0,0,0,0,0,0,0,0,0,0,446,4147,4110,4130,4105,12,4288,126,3429,145,287,14,3778,88,880,37,370,4071,4061,10,100,79,116816,
7/21/2026 11:00:00 PM,+07:00,4137.3,4141.2,4136.7,4136.7,71,80,71,0,0,80,18,22.5,10,12.5,8,10,0,0,0,0,8,259,0,1.12676056338028,0,0,0,0,0,0,0,0,0,0,446,4147,4110,4130,4105,12,4288,126,3429,145,287,14,3778,88,880,37,370,4071,4061,10,100,79,116816,
7/21/2026 11:30:00 PM,+07:00,4137.6,4138.3,4132,4133.6,111,127,111,0,0,127,38,29.9212598425197,13,10.2362204724409,25,19.6850393700787,0,0,0,0,25,284,0,1.14414414414414,0,0,0,0,0,0,0,0,0,0,446,4147,4110,4130,4105,12,4288,126,3429,145,287,14,3778,88,880,37,370,4071,4061,10,100,79,116816,
7/22/2026 12:00:00 AM,+07:00,4134.1,4134.7,4131.4,4134.5,186,198,186,0,0,198,35,17.6767676767677,26,13.1313131313131,9,4.54545454545455,0,0,0,0,9,9,0,1.06451612903226,0,0,0,0,0,0,0,0,0,0,446,4147,4110,4130,4105,12,4288,126,3429,145,287,14,3778,88,880,37,370,4071,4061,10,100,79,116816,
7/22/2026 12:30:00 AM,+07:00,4134.3,4134.3,4129,4129.5,83,96,83,0,0,96,15,15.625,13,13.5416666666667,2,2.08333333333333,0,0,0,0,2,11,0,1.1566265060241,0,0,0,0,0,0,0,0,0,0,446,4147,4110,4130,4105,12,4288,126,3429,145,287,14,3778,88,880,37,370,4071,4061,10,100,79,116816,
7/22/2026 1:00:00 AM,+07:00,4130.3,4148.5,4129.7,4145.8,93,94,93,0,0,94,14,14.8936170212766,20,21.2765957446808,-6,-6.38297872340426,0,0,0,0,-6,5,0,1.01075268817204,0,0,0,0,0,0,0,0,0,0,446,4147,4110,4130,4105,12,4288,126,3429,145,287,14,3778,88,880,37,370,4071,4061,10,100,79,116816,
7/22/2026 1:30:00 AM,+07:00,4146.5,4148.2,4142.2,4144.2,77,79,77,0,0,79,14,17.7215189873418,13,16.4556962025316,1,1.26582278481013,0,0,0,0,1,6,0,1.02597402597403,0,0,0,0,0,0,0,0,0,0,446,4147,4110,4130,4105,12,4288,126,3429,145,287,14,3778,88,880,37,370,4071,4061,10,100,79,116816,
7/22/2026 2:00:00 AM,+07:00,4145.7,4147.6,4142.6,4146.2,76,77,76,0,0,77,19,24.6753246753247,11,14.2857142857143,8,10.3896103896104,0,0,0,0,8,14,0,1.01315789473684,0,0,0,0,0,0,0,0,0,0,446,4147,4110,4130,4105,12,4288,126,3429,145,287,14,3778,88,880,37,370,4071,4061,10,100,79,116816,
7/22/2026 2:30:00 AM,+07:00,4146.8,4147.3,4144.1,4146.5,73,85,73,0,0,85,28,32.9411764705882,25,29.4117647058824,3,3.52941176470588,0,0,0,0,3,17,0,1.16438356164384,0,0,0,0,0,0,0,0,0,0,446,4147,4110,4130,4105,12,4288,126,3429,145,287,14,3778,88,880,37,370,4071,4061,10,100,79,116816,
7/22/2026 3:00:00 AM,+07:00,4146.2,4147.9,4144.2,4145.1,21,22,21,0,0,22,4,18.1818181818182,5,22.7272727272727,-1,-4.54545454545455,0,0,0,0,-1,16,0,1.04761904761905,0,0,0,0,0,0,0,0,0,0,446,4147,4110,4130,4105,12,4288,126,3429,145,287,14,3778,88,880,37,370,4071,4061,10,100,79,116816,
7/22/2026 3:30:00 AM,+07:00,4145.7,4146,4139.8,4139.8,25,32,25,0,0,32,6,18.75,11,34.375,-5,-15.625,0,0,0,0,-5,11,0,1.28,0,0,0,0,0,0,0,0,0,0,446,4147,4110,4130,4105,12,4288,126,3429,145,287,14,3778,88,880,37,370,4071,4061,10,100,79,116816,
7/22/2026 5:00:00 AM,+07:00,4140.7,4144.8,4140.1,4144.8,9,10,9,0,0,10,3,30,1,10,2,20,0,0,0,0,2,13,0,1.11111111111111,0,0,0,0,0,0,0,0,0,0,473,4211,4172,4182,4185,3,4865,38,3799,293,164,16,3289,91,910,39,390,4146,4140,6,60,28,127205,
7/22/2026 5:30:00 AM,+07:00,4145.3,4146.4,4140.6,4142.6,15,18,15,0,0,18,6,33.3333333333333,8,44.4444444444444,-2,-11.1111111111111,0,0,0,0,-2,11,0,1.2,0,0,0,0,0,0,0,0,0,0,473,4211,4172,4182,4185,3,4865,38,3799,293,164,16,3289,91,910,39,390,4146,4140,6,60,28,127205,
7/22/2026 6:00:00 AM,+07:00,4142.4,4144.4,4141.6,4144.4,7,7,7,0,0,7,2,28.5714285714286,0,0,2,28.5714285714286,0,0,0,0,2,13,0,1,0,0,0,0,0,0,0,0,0,0,473,4211,4172,4182,4185,3,4865,38,3799,293,164,16,3289,91,910,39,390,4146,4140,6,60,28,127205,
7/22/2026 6:30:00 AM,+07:00,4143.4,4144.4,4141.6,4142.4,23,36,23,0,0,36,17,47.2222222222222,6,16.6666666666667,11,30.5555555555556,0,0,0,0,11,24,0,1.56521739130435,0,0,0,0,0,0,0,0,0,0,473,4211,4172,4182,4185,3,4865,38,3799,293,164,16,3289,91,910,39,390,4146,4140,6,60,28,127205,
7/22/2026 7:00:00 AM,+07:00,4138.9,4161.5,4138.9,4161.2,56,78,56,0,0,78,25,32.051282051282,15,19.2307692307692,10,12.8205128205128,0,0,0,0,10,34,0,1.39285714285714,0,0,0,0,0,0,0,0,0,0,473,4211,4172,4182,4185,3,4865,38,3799,293,164,16,3289,91,910,39,390,4146,4140,6,60,28,127205,
7/22/2026 7:30:00 AM,+07:00,4162,4165.3,4152.7,4159.3,72,102,72,0,0,102,19,18.6274509803922,29,28.4313725490196,-10,-9.80392156862745,0,0,0,0,-10,24,0,1.41666666666667,0,0,0,0,0,0,0,0,0,0,473,4211,4172,4182,4185,3,4865,38,3799,293,164,16,3289,91,910,39,390,4146,4140,6,60,28,127205,
7/22/2026 8:00:00 AM,+07:00,4161.3,4184,4161.3,4177,161,250,161,0,0,250,80,32,31,12.4,49,19.6,0,0,0,0,49,73,0,1.5527950310559,0,0,0,0,0,0,0,0,0,0,473,4211,4172,4182,4185,3,4865,38,3799,293,164,16,3289,91,910,39,390,4146,4140,6,60,28,127205,
7/22/2026 8:30:00 AM,+07:00,4176.4,4186,4176.4,4184.8,46,49,46,0,0,49,30,61.2244897959184,12,24.4897959183673,18,36.734693877551,0,0,0,0,18,91,0,1.06521739130435,0,0,0,0,0,0,0,0,0,0,473,4211,4172,4182,4185,3,4865,38,3799,293,164,16,3289,91,910,39,390,4146,4140,6,60,28,127205,
7/22/2026 9:00:00 AM,+07:00,4184.3,4187.6,4181.6,4186.6,50,75,50,0,0,75,26,34.6666666666667,16,21.3333333333333,10,13.3333333333333,0,0,0,0,10,101,0,1.5,0,0,0,0,0,0,0,0,0,0,473,4211,4172,4182,4185,3,4865,38,3799,293,164,16,3289,91,910,39,390,4146,4140,6,60,28,127205,
7/22/2026 9:30:00 AM,+07:00,4184.9,4192,4184.9,4189,83,262,83,0,0,262,28,10.6870229007634,73,27.8625954198473,-45,-17.175572519084,0,0,0,0,-45,56,0,3.1566265060241,0,0,0,0,0,0,0,0,0,0,473,4211,4172,4182,4185,3,4865,38,3799,293,164,16,3289,91,910,39,390,4146,4140,6,60,28,127205,
7/22/2026 10:00:00 AM,+07:00,4193.5,4203.3,4193.2,4199.9,73,85,73,0,0,85,33,38.8235294117647,15,17.6470588235294,18,21.1764705882353,0,0,0,0,18,74,0,1.16438356164384,0,0,0,0,0,0,0,0,0,0,473,4211,4172,4182,4185,3,4865,38,3799,293,164,16,3289,91,910,39,390,4146,4140,6,60,28,127205,
7/22/2026 10:30:00 AM,+07:00,4199.8,4199.8,4193,4193.5,35,45,35,0,0,45,14,31.1111111111111,14,31.1111111111111,0,0,0,0,0,0,0,74,0,1.28571428571429,0,0,0,0,0,0,0,0,0,0,473,4211,4172,4182,4185,3,4865,38,3799,293,164,16,3289,91,910,39,390,4146,4140,6,60,28,127205,
7/22/2026 11:00:00 AM,+07:00,4190.3,4192.5,4189.9,4190.9,17,32,17,0,0,32,4,12.5,22,68.75,-18,-56.25,0,0,0,0,-18,56,0,1.88235294117647,0,0,0,0,0,0,0,0,0,0,473,4211,4172,4182,4185,3,4865,38,3799,293,164,16,3289,91,910,39,390,4146,4140,6,60,28,127205,
7/22/2026 11:30:00 AM,+07:00,4189.1,4190.1,4188,4189.6,8,8,8,0,0,8,4,50,2,25,2,25,0,0,0,0,2,58,0,1,0,0,0,0,0,0,0,0,0,0,473,4211,4172,4182,4185,3,4865,38,3799,293,164,16,3289,91,910,39,390,4146,4140,6,60,28,127205,
7/22/2026 12:00:00 PM,+07:00,4189.3,4191.5,4185.7,4186.8,36,44,36,0,0,44,15,34.0909090909091,15,34.0909090909091,0,0,0,0,0,0,0,58,0,1.22222222222222,0,0,0,0,0,0,0,0,0,0,473,4211,4172,4182,4185,3,4865,38,3799,293,164,16,3289,91,910,39,390,4146,4140,6,60,28,127205,
7/22/2026 12:30:00 PM,+07:00,4185.3,4196.1,4185.3,4193.1,33,36,33,0,0,36,17,47.2222222222222,15,41.6666666666667,2,5.55555555555556,0,0,0,0,2,60,0,1.09090909090909,0,0,0,0,0,0,0,0,0,0,473,4211,4172,4182,4185,3,4865,38,3799,293,164,16,3289,91,910,39,390,4146,4140,6,60,28,127205,
7/22/2026 1:00:00 PM,+07:00,4196.1,4196.1,4176.3,4179.2,90,127,90,0,0,127,24,18.8976377952756,66,51.9685039370079,-42,-33.0708661417323,0,0,0,0,-42,18,0,1.41111111111111,0,0,0,0,0,0,0,0,0,0,473,4211,4172,4182,4185,3,4865,38,3799,293,164,16,3289,91,910,39,390,4146,4140,6,60,28,127205,
7/22/2026 1:30:00 PM,+07:00,4180.9,4181.8,4176.4,4177.9,61,86,61,0,0,86,44,51.1627906976744,28,32.5581395348837,16,18.6046511627907,0,0,0,0,16,34,0,1.40983606557377,0,0,0,0,0,0,0,0,0,0,473,4211,4172,4182,4185,3,4865,38,3799,293,164,16,3289,91,910,39,390,4146,4140,6,60,28,127205,
7/22/2026 2:00:00 PM,+07:00,4179.4,4184.9,4174.4,4182,72,90,72,0,0,90,33,36.6666666666667,31,34.4444444444444,2,2.22222222222222,0,0,0,0,2,36,0,1.25,0,0,0,0,0,0,0,0,0,0,473,4211,4172,4182,4185,3,4865,38,3799,293,164,16,3289,91,910,39,390,4146,4140,6,60,28,127205,
7/22/2026 2:30:00 PM,+07:00,4182.8,4184.6,4171.7,4172.5,36,38,36,0,0,38,7,18.4210526315789,6,15.7894736842105,1,2.63157894736842,0,0,0,0,1,37,0,1.05555555555556,0,0,0,0,0,0,0,0,0,0,473,4211,4172,4182,4185,3,4865,38,3799,293,164,16,3289,91,910,39,390,4146,4140,6,60,28,127205,
7/22/2026 3:00:00 PM,+07:00,4173.8,4180.4,4173.8,4179.5,36,48,36,0,0,48,18,37.5,15,31.25,3,6.25,0,0,0,0,3,40,0,1.33333333333333,0,0,0,0,0,0,0,0,0,0,473,4211,4172,4182,4185,3,4865,38,3799,293,164,16,3289,91,910,39,390,4146,4140,6,60,28,127205,
7/22/2026 3:30:00 PM,+07:00,4180.3,4181.7,4176.2,4180.2,78,93,78,0,0,93,31,33.3333333333333,28,30.1075268817204,3,3.2258064516129,0,0,0,0,3,43,0,1.19230769230769,0,0,0,0,0,0,0,0,0,0,473,4211,4172,4182,4185,3,4865,38,3799,293,164,16,3289,91,910,39,390,4146,4140,6,60,28,127205,
7/22/2026 4:00:00 PM,+07:00,4181.7,4184.4,4181.4,4181.9,41,43,41,0,0,43,13,30.2325581395349,14,32.5581395348837,-1,-2.32558139534884,0,0,0,0,-1,42,0,1.04878048780488,0,0,0,0,0,0,0,0,0,0,473,4211,4172,4182,4185,3,4865,38,3799,293,164,16,3289,91,910,39,390,4146,4140,6,60,28,127205,
7/22/2026 4:30:00 PM,+07:00,4181.4,4183.2,4176.6,4177.3,31,31,31,0,0,31,10,32.258064516129,6,19.3548387096774,4,12.9032258064516,0,0,0,0,4,46,0,1,0,0,0,0,0,0,0,0,0,0,473,4211,4172,4182,4185,3,4865,38,3799,293,164,16,3289,91,910,39,390,4146,4140,6,60,28,127205,
7/22/2026 5:00:00 PM,+07:00,4178.9,4183.9,4178.9,4181.8,23,25,23,0,0,25,3,12,10,40,-7,-28,0,0,0,0,-7,39,0,1.08695652173913,0,0,0,0,0,0,0,0,0,0,473,4211,4172,4182,4185,3,4865,38,3799,293,164,16,3289,91,910,39,390,4146,4140,6,60,28,127205,
7/22/2026 5:30:00 PM,+07:00,4181.5,4182,4178.7,4179.7,24,32,24,0,0,32,7,21.875,11,34.375,-4,-12.5,0,0,0,0,-4,35,0,1.33333333333333,0,0,0,0,0,0,0,0,0,0,473,4211,4172,4182,4185,3,4865,38,3799,293,164,16,3289,91,910,39,390,4146,4140,6,60,28,127205,
7/22/2026 6:00:00 PM,+07:00,4179.3,4185.1,4178.5,4181.5,38,40,38,0,0,40,15,37.5,5,12.5,10,25,0,0,0,0,10,45,0,1.05263157894737,0,0,0,0,0,0,0,0,0,0,473,4211,4172,4182,4185,3,4865,38,3799,293,164,16,3289,91,910,39,390,4146,4140,6,60,28,127205,
7/22/2026 6:30:00 PM,+07:00,4181.4,4185.8,4176.4,4185.8,61,63,61,0,0,63,21,33.3333333333333,22,34.9206349206349,-1,-1.58730158730159,0,0,0,0,-1,44,0,1.0327868852459,0,0,0,0,0,0,0,0,0,0,473,4211,4172,4182,4185,3,4865,38,3799,293,164,16,3289,91,910,39,390,4146,4140,6,60,28,127205,
7/22/2026 7:00:00 PM,+07:00,4185.6,4196.3,4185.6,4196.3,167,183,167,0,0,183,60,32.7868852459016,30,16.3934426229508,30,16.3934426229508,0,0,0,0,30,74,0,1.09580838323353,0,0,0,0,0,0,0,0,0,0,473,4211,4172,4182,4185,3,4865,38,3799,293,164,16,3289,91,910,39,390,4146,4140,6,60,28,127205,
7/22/2026 7:30:00 PM,+07:00,4196.5,4197,4169,4174.5,188,196,188,0,0,196,47,23.9795918367347,50,25.5102040816327,-3,-1.53061224489796,0,0,0,0,-3,71,0,1.04255319148936,0,0,0,0,0,0,0,0,0,0,473,4211,4172,4182,4185,3,4865,38,3799,293,164,16,3289,91,910,39,390,4146,4140,6,60,28,127205,
7/22/2026 8:00:00 PM,+07:00,4178.8,4198.1,4177.1,4195,120,126,120,0,0,126,36,28.5714285714286,33,26.1904761904762,3,2.38095238095238,0,0,0,0,3,74,0,1.05,0,0,0,0,0,0,0,0,0,0,473,4211,4172,4182,4185,3,4865,38,3799,293,164,16,3289,91,910,39,390,4146,4140,6,60,28,127205,
7/22/2026 8:30:00 PM,+07:00,4195.5,4219.4,4195.5,4218.4,333,378,333,0,0,378,148,39.1534391534392,93,24.6031746031746,55,14.5502645502646,0,0,0,0,55,129,0,1.13513513513514,0,0,0,0,0,0,0,0,0,0,473,4211,4172,4182,4185,3,4865,38,3799,293,164,16,3289,91,910,39,390,4146,4140,6,60,28,127205,
7/22/2026 9:00:00 PM,+07:00,4218.7,4226.1,4208.9,4210,305,383,305,0,0,383,147,38.3812010443864,114,29.7650130548303,33,8.61618798955614,0,0,0,0,33,162,0,1.25573770491803,0,0,0,0,0,0,0,0,0,0,473,4211,4172,4182,4185,3,4865,38,3799,293,164,16,3289,91,910,39,390,4146,4140,6,60,28,127205,
7/22/2026 9:30:00 PM,+07:00,4209.8,4216,4208.3,4212.2,118,133,118,0,0,133,45,33.8345864661654,38,28.5714285714286,7,5.26315789473684,0,0,0,0,7,169,0,1.1271186440678,0,0,0,0,0,0,0,0,0,0,473,4211,4172,4182,4185,3,4865,38,3799,293,164,16,3289,91,910,39,390,4146,4140,6,60,28,127205,
7/22/2026 10:00:00 PM,+07:00,4212.2,4225.1,4212.2,4220.9,171,210,171,0,0,210,76,36.1904761904762,62,29.5238095238095,14,6.66666666666667,0,0,0,0,14,183,0,1.2280701754386,0,0,0,0,0,0,0,0,0,0,473,4211,4172,4182,4185,3,4865,38,3799,293,164,16,3289,91,910,39,390,4146,4140,6,60,28,127205,
7/22/2026 10:30:00 PM,+07:00,4221.2,4230,4220,4223.6,155,187,155,0,0,187,82,43.8502673796791,41,21.9251336898396,41,21.9251336898396,0,0,0,0,41,224,0,1.20645161290323,0,0,0,0,0,0,0,0,0,0,473,4211,4172,4182,4185,3,4865,38,3799,293,164,16,3289,91,910,39,390,4146,4140,6,60,28,127205,
7/22/2026 11:00:00 PM,+07:00,4223.2,4223.2,4212.4,4213,132,175,132,0,0,175,47,26.8571428571429,63,36,-16,-9.14285714285714,0,0,0,0,-16,208,0,1.32575757575758,0,0,0,0,0,0,0,0,0,0,473,4211,4172,4182,4185,3,4865,38,3799,293,164,16,3289,91,910,39,390,4146,4140,6,60,28,127205,
7/22/2026 11:30:00 PM,+07:00,4213.7,4215.4,4208.9,4211,181,257,181,0,0,257,59,22.9571984435798,120,46.692607003891,-61,-23.7354085603113,0,0,0,0,-61,147,0,1.41988950276243,0,0,0,0,0,0,0,0,0,0,473,4211,4172,4182,4185,3,4865,38,3799,293,164,16,3289,91,910,39,390,4146,4140,6,60,28,127205,
7/23/2026 12:00:00 AM,+07:00,4211.2,4211.7,4206.8,4210,259,274,259,0,0,274,43,15.6934306569343,125,45.6204379562044,-82,-29.9270072992701,0,0,0,0,-82,-82,0,1.05791505791506,0,0,0,0,0,0,0,0,0,0,473,4211,4172,4182,4185,3,4865,38,3799,293,164,16,3289,91,910,39,390,4146,4140,6,60,28,127205,
7/23/2026 12:30:00 AM,+07:00,4210,4211.5,4202.8,4206.7,71,80,71,0,0,80,22,27.5,29,36.25,-7,-8.75,0,0,0,0,-7,-89,0,1.12676056338028,0,0,0,0,0,0,0,0,0,0,473,4211,4172,4182,4185,3,4865,38,3799,293,164,16,3289,91,910,39,390,4146,4140,6,60,28,127205,
7/23/2026 1:00:00 AM,+07:00,4206.3,4206.4,4198.9,4199.4,51,60,51,0,0,60,12,20,13,21.6666666666667,-1,-1.66666666666667,0,0,0,0,-1,-90,0,1.17647058823529,0,0,0,0,0,0,0,0,0,0,473,4211,4172,4182,4185,3,4865,38,3799,293,164,16,3289,91,910,39,390,4146,4140,6,60,28,127205,
7/23/2026 1:30:00 AM,+07:00,4199.2,4202.3,4196.5,4200.4,36,45,36,0,0,45,8,17.7777777777778,7,15.5555555555556,1,2.22222222222222,0,0,0,0,1,-89,0,1.25,0,0,0,0,0,0,0,0,0,0,473,4211,4172,4182,4185,3,4865,38,3799,293,164,16,3289,91,910,39,390,4146,4140,6,60,28,127205,
7/23/2026 2:00:00 AM,+07:00,4199.4,4200.5,4195.9,4198.9,27,36,27,0,0,36,18,50,9,25,9,25,0,0,0,0,9,-80,0,1.33333333333333,0,0,0,0,0,0,0,0,0,0,473,4211,4172,4182,4185,3,4865,38,3799,293,164,16,3289,91,910,39,390,4146,4140,6,60,28,127205,
7/23/2026 2:30:00 AM,+07:00,4197,4198.8,4192.7,4194.7,62,69,62,0,0,69,21,30.4347826086957,19,27.536231884058,2,2.89855072463768,0,0,0,0,2,-78,0,1.11290322580645,0,0,0,0,0,0,0,0,0,0,473,4211,4172,4182,4185,3,4865,38,3799,293,164,16,3289,91,910,39,390,4146,4140,6,60,28,127205,
7/23/2026 3:00:00 AM,+07:00,4194.9,4200,4194,4200,77,161,77,0,0,161,20,12.4223602484472,28,17.3913043478261,-8,-4.96894409937888,0,0,0,0,-8,-86,0,2.09090909090909,0,0,0,0,0,0,0,0,0,0,473,4211,4172,4182,4185,3,4865,38,3799,293,164,16,3289,91,910,39,390,4146,4140,6,60,28,127205,
7/23/2026 3:30:00 AM,+07:00,4199.9,4200.2,4192.3,4192.3,31,59,31,0,0,59,7,11.864406779661,19,32.2033898305085,-12,-20.3389830508475,0,0,0,0,-12,-98,0,1.90322580645161,0,0,0,0,0,0,0,0,0,0,473,4211,4172,4182,4185,3,4865,38,3799,293,164,16,3289,91,910,39,390,4146,4140,6,60,28,127205,
7/23/2026 5:00:00 AM,+07:00,4190,4190,4134.3,4187.3,90,115,90,0,0,115,39,33.9130434782609,33,28.695652173913,6,5.21739130434783,0,0,0,0,6,-92,0,1.27777777777778,0,0,0,0,0,0,0,0,0,0,531,4202,4124,4188,4151,-18,6270,206,4847,63,455,13,2651,102,1020,78,780,4190,4134,56,560,147,137528,
7/23/2026 5:30:00 AM,+07:00,4187.1,4188.8,4182.4,4184.4,19,32,19,0,0,32,10,31.25,17,53.125,-7,-21.875,0,0,0,0,-7,-99,0,1.68421052631579,0,0,0,0,0,0,0,0,0,0,531,4202,4124,4188,4151,-18,6270,206,4847,63,455,13,2651,102,1020,78,780,4190,4134,56,560,147,137528,
7/23/2026 6:00:00 AM,+07:00,4182.5,4184.8,4177.5,4181.3,44,57,44,0,0,57,31,54.3859649122807,7,12.280701754386,24,42.1052631578947,0,0,0,0,24,-75,0,1.29545454545455,0,0,0,0,0,0,0,0,0,0,531,4202,4124,4188,4151,-18,6270,206,4847,63,455,13,2651,102,1020,78,780,4190,4134,56,560,147,137528,
7/23/2026 6:30:00 AM,+07:00,4180,4194.6,4180,4193.9,43,48,43,0,0,48,31,64.5833333333334,6,12.5,25,52.0833333333333,0,0,0,0,25,-50,0,1.11627906976744,0,0,0,0,0,0,0,0,0,0,531,4202,4124,4188,4151,-18,6270,206,4847,63,455,13,2651,102,1020,78,780,4190,4134,56,560,147,137528,
7/23/2026 7:00:00 AM,+07:00,4194.5,4195,4187.8,4195,19,19,19,0,0,19,5,26.3157894736842,5,26.3157894736842,0,0,0,0,0,0,0,-50,0,1,0,0,0,0,0,0,0,0,0,0,531,4202,4124,4188,4151,-18,6270,206,4847,63,455,13,2651,102,1020,78,780,4190,4134,56,560,147,137528,
7/23/2026 7:30:00 AM,+07:00,4192.2,4194.9,4187.2,4194,14,18,14,0,0,18,8,44.4444444444444,4,22.2222222222222,4,22.2222222222222,0,0,0,0,4,-46,0,1.28571428571429,0,0,0,0,0,0,0,0,0,0,531,4202,4124,4188,4151,-18,6270,206,4847,63,455,13,2651,102,1020,78,780,4190,4134,56,560,147,137528,
7/23/2026 8:00:00 AM,+07:00,4195.2,4202.4,4193.6,4199,66,71,66,0,0,71,36,50.7042253521127,22,30.9859154929577,14,19.7183098591549,0,0,0,0,14,-32,0,1.07575757575758,0,0,0,0,0,0,0,0,0,0,531,4202,4124,4188,4151,-18,6270,206,4847,63,455,13,2651,102,1020,78,780,4190,4134,56,560,147,137528,
7/23/2026 8:30:00 AM,+07:00,4199.1,4200,4175.9,4178.2,69,95,69,0,0,95,32,33.6842105263158,30,31.578947368421,2,2.10526315789474,0,0,0,0,2,-30,0,1.3768115942029,0,0,0,0,0,0,0,0,0,0,531,4202,4124,4188,4151,-18,6270,206,4847,63,455,13,2651,102,1020,78,780,4190,4134,56,560,147,137528,
7/23/2026 9:00:00 AM,+07:00,4179.1,4179.1,4173.1,4176,38,75,38,0,0,75,7,9.33333333333334,15,20,-8,-10.6666666666667,0,0,0,0,-8,-38,0,1.97368421052632,0,0,0,0,0,0,0,0,0,0,531,4202,4124,4188,4151,-18,6270,206,4847,63,455,13,2651,102,1020,78,780,4190,4134,56,560,147,137528,
7/23/2026 9:30:00 AM,+07:00,4177,4189.1,4175.3,4188.9,28,29,28,0,0,29,11,37.9310344827586,9,31.0344827586207,2,6.89655172413793,0,0,0,0,2,-36,0,1.03571428571429,0,0,0,0,0,0,0,0,0,0,531,4202,4124,4188,4151,-18,6270,206,4847,63,455,13,2651,102,1020,78,780,4190,4134,56,560,147,137528,
7/23/2026 10:00:00 AM,+07:00,4190.1,4194,4185.4,4191.7,17,28,17,0,0,28,14,50,2,7.14285714285714,12,42.8571428571429,0,0,0,0,12,-24,0,1.64705882352941,0,0,0,0,0,0,0,0,0,0,531,4202,4124,4188,4151,-18,6270,206,4847,63,455,13,2651,102,1020,78,780,4190,4134,56,560,147,137528,
7/23/2026 10:30:00 AM,+07:00,4189.5,4190.9,4187.8,4189.3,12,13,12,0,0,13,5,38.4615384615385,8,61.5384615384615,-3,-23.0769230769231,0,0,0,0,-3,-27,0,1.08333333333333,0,0,0,0,0,0,0,0,0,0,531,4202,4124,4188,4151,-18,6270,206,4847,63,455,13,2651,102,1020,78,780,4190,4134,56,560,147,137528,
7/23/2026 11:00:00 AM,+07:00,4185,4189.2,4183.5,4189.2,12,12,12,0,0,12,5,41.6666666666667,6,50,-1,-8.33333333333333,0,0,0,0,-1,-28,0,1,0,0,0,0,0,0,0,0,0,0,531,4202,4124,4188,4151,-18,6270,206,4847,63,455,13,2651,102,1020,78,780,4190,4134,56,560,147,137528,
7/23/2026 11:30:00 AM,+07:00,4190.3,4190.3,4182.8,4182.8,6,6,6,0,0,6,2,33.3333333333333,1,16.6666666666667,1,16.6666666666667,0,0,0,0,1,-27,0,1,0,0,0,0,0,0,0,0,0,0,531,4202,4124,4188,4151,-18,6270,206,4847,63,455,13,2651,102,1020,78,780,4190,4134,56,560,147,137528,
7/23/2026 12:00:00 PM,+07:00,4182.5,4185.5,4180.6,4185.4,15,15,15,0,0,15,5,33.3333333333333,6,40,-1,-6.66666666666667,0,0,0,0,-1,-28,0,1,0,0,0,0,0,0,0,0,0,0,531,4202,4124,4188,4151,-18,6270,206,4847,63,455,13,2651,102,1020,78,780,4190,4134,56,560,147,137528,
7/23/2026 12:30:00 PM,+07:00,4186.7,4191.9,4182.1,4185.3,35,36,35,0,0,36,14,38.8888888888889,13,36.1111111111111,1,2.77777777777778,0,0,0,0,1,-27,0,1.02857142857143,0,0,0,0,0,0,0,0,0,0,531,4202,4124,4188,4151,-18,6270,206,4847,63,455,13,2651,102,1020,78,780,4190,4134,56,560,147,137528,
7/23/2026 1:00:00 PM,+07:00,4185.5,4188.7,4182.7,4183.2,41,44,41,0,0,44,20,45.4545454545455,11,25,9,20.4545454545455,0,0,0,0,9,-18,0,1.07317073170732,0,0,0,0,0,0,0,0,0,0,531,4202,4124,4188,4151,-18,6270,206,4847,63,455,13,2651,102,1020,78,780,4190,4134,56,560,147,137528,
7/23/2026 1:30:00 PM,+07:00,4183.4,4183.4,4178.8,4179.7,21,21,21,0,0,21,7,33.3333333333333,10,47.6190476190476,-3,-14.2857142857143,0,0,0,0,-3,-21,0,1,0,0,0,0,0,0,0,0,0,0,531,4202,4124,4188,4151,-18,6270,206,4847,63,455,13,2651,102,1020,78,780,4190,4134,56,560,147,137528,
7/23/2026 2:00:00 PM,+07:00,4179.9,4180.9,4163.2,4169.1,92,110,92,0,0,110,29,26.3636363636364,45,40.9090909090909,-16,-14.5454545454545,0,0,0,0,-16,-37,0,1.19565217391304,0,0,0,0,0,0,0,0,0,0,531,4202,4124,4188,4151,-18,6270,206,4847,63,455,13,2651,102,1020,78,780,4190,4134,56,560,147,137528,
7/23/2026 2:30:00 PM,+07:00,4168.7,4168.7,4152.4,4156.1,135,171,135,0,0,171,60,35.0877192982456,49,28.6549707602339,11,6.4327485380117,0,0,0,0,11,-26,0,1.26666666666667,0,0,0,0,0,0,0,0,0,0,531,4202,4124,4188,4151,-18,6270,206,4847,63,455,13,2651,102,1020,78,780,4190,4134,56,560,147,137528,
7/23/2026 3:00:00 PM,+07:00,4156.9,4158.5,4149.7,4152.4,71,105,71,0,0,105,52,49.5238095238095,24,22.8571428571429,28,26.6666666666667,0,0,0,0,28,2,0,1.47887323943662,0,0,0,0,0,0,0,0,0,0,531,4202,4124,4188,4151,-18,6270,206,4847,63,455,13,2651,102,1020,78,780,4190,4134,56,560,147,137528,
7/23/2026 3:30:00 PM,+07:00,4151.9,4155.6,4149.8,4154.4,39,45,39,0,0,45,18,40,3,6.66666666666667,15,33.3333333333333,0,0,0,0,15,17,0,1.15384615384615,0,0,0,0,0,0,0,0,0,0,531,4202,4124,4188,4151,-18,6270,206,4847,63,455,13,2651,102,1020,78,780,4190,4134,56,560,147,137528,
7/23/2026 4:00:00 PM,+07:00,4154.2,4160.1,4150.9,4151,104,131,104,0,0,131,67,51.1450381679389,27,20.6106870229008,40,30.5343511450382,0,0,0,0,40,57,0,1.25961538461538,0,0,0,0,0,0,0,0,0,0,531,4202,4124,4188,4151,-18,6270,206,4847,63,455,13,2651,102,1020,78,780,4190,4134,56,560,147,137528,
7/23/2026 4:30:00 PM,+07:00,4152.6,4155.3,4150.1,4151.4,70,85,70,0,0,85,31,36.4705882352941,10,11.7647058823529,21,24.7058823529412,0,0,0,0,21,78,0,1.21428571428571,0,0,0,0,0,0,0,0,0,0,531,4202,4124,4188,4151,-18,6270,206,4847,63,455,13,2651,102,1020,78,780,4190,4134,56,560,147,137528,
7/23/2026 5:00:00 PM,+07:00,4151.5,4154.1,4147.2,4151.5,46,53,46,0,0,53,12,22.6415094339623,17,32.0754716981132,-5,-9.43396226415094,0,0,0,0,-5,73,0,1.15217391304348,0,0,0,0,0,0,0,0,0,0,531,4202,4124,4188,4151,-18,6270,206,4847,63,455,13,2651,102,1020,78,780,4190,4134,56,560,147,137528,
7/23/2026 5:30:00 PM,+07:00,4152,4156.7,4148.4,4154.7,57,86,57,0,0,86,56,65.1162790697674,20,23.2558139534884,36,41.8604651162791,0,0,0,0,36,109,0,1.50877192982456,0,0,0,0,0,0,0,0,0,0,531,4202,4124,4188,4151,-18,6270,206,4847,63,455,13,2651,102,1020,78,780,4190,4134,56,560,147,137528,
7/23/2026 6:00:00 PM,+07:00,4154.5,4154.5,4142.3,4143.7,89,108,89,0,0,108,33,30.5555555555556,18,16.6666666666667,15,13.8888888888889,0,0,0,0,15,124,0,1.21348314606742,0,0,0,0,0,0,0,0,0,0,531,4202,4124,4188,4151,-18,6270,206,4847,63,455,13,2651,102,1020,78,780,4190,4134,56,560,147,137528,
7/23/2026 6:30:00 PM,+07:00,4144.4,4149.8,4133.6,4146.6,214,349,214,0,0,349,114,32.6647564469914,145,41.5472779369628,-31,-8.88252148997135,0,0,0,0,-31,93,0,1.63084112149533,0,0,0,0,0,0,0,0,0,0,531,4202,4124,4188,4151,-18,6270,206,4847,63,455,13,2651,102,1020,78,780,4190,4134,56,560,147,137528,
7/23/2026 7:00:00 PM,+07:00,4146.7,4146.7,4130.7,4134.4,243,322,243,0,0,322,84,26.0869565217391,135,41.9254658385093,-51,-15.8385093167702,0,0,0,0,-51,42,0,1.32510288065844,0,0,0,0,0,0,0,0,0,0,531,4202,4124,4188,4151,-18,6270,206,4847,63,455,13,2651,102,1020,78,780,4190,4134,56,560,147,137528,
7/23/2026 7:30:00 PM,+07:00,4131.1,4135.4,4121.6,4121.7,251,320,251,0,0,320,91,28.4375,130,40.625,-39,-12.1875,0,0,0,0,-39,3,0,1.27490039840637,0,0,0,0,0,0,0,0,0,0,531,4202,4124,4188,4151,-18,6270,206,4847,63,455,13,2651,102,1020,78,780,4190,4134,56,560,147,137528,
7/23/2026 8:00:00 PM,+07:00,4122.5,4123.6,4099.9,4118.4,537,753,537,0,0,753,222,29.4820717131474,232,30.8100929614874,-10,-1.32802124833997,0,0,0,0,-10,-7,0,1.40223463687151,0,0,0,0,0,0,0,0,0,0,531,4202,4124,4188,4151,-18,6270,206,4847,63,455,13,2651,102,1020,78,780,4190,4134,56,560,147,137528,
7/23/2026 8:30:00 PM,+07:00,4118.7,4127.5,4103.1,4103.1,343,415,343,0,0,415,129,31.0843373493976,124,29.8795180722892,5,1.20481927710843,0,0,0,0,5,-2,0,1.20991253644315,0,0,0,0,0,0,0,0,0,0,531,4202,4124,4188,4151,-18,6270,206,4847,63,455,13,2651,102,1020,78,780,4190,4134,56,560,147,137528,
7/23/2026 9:00:00 PM,+07:00,4103.7,4117.9,4100.1,4117.3,462,535,462,0,0,535,215,40.1869158878505,145,27.1028037383178,70,13.0841121495327,0,0,0,0,70,68,0,1.15800865800866,0,0,0,0,0,0,0,0,0,0,531,4202,4124,4188,4151,-18,6270,206,4847,63,455,13,2651,102,1020,78,780,4190,4134,56,560,147,137528,
7/23/2026 9:30:00 PM,+07:00,4117,4122.1,4112.6,4119.4,318,415,318,0,0,415,101,24.3373493975904,131,31.566265060241,-30,-7.2289156626506,0,0,0,0,-30,38,0,1.30503144654088,0,0,0,0,0,0,0,0,0,0,531,4202,4124,4188,4151,-18,6270,206,4847,63,455,13,2651,102,1020,78,780,4190,4134,56,560,147,137528,
7/23/2026 10:00:00 PM,+07:00,4119.6,4120.1,4106.7,4108,156,184,156,0,0,184,39,21.195652173913,68,36.9565217391304,-29,-15.7608695652174,0,0,0,0,-29,9,0,1.17948717948718,0,0,0,0,0,0,0,0,0,0,531,4202,4124,4188,4151,-18,6270,206,4847,63,455,13,2651,102,1020,78,780,4190,4134,56,560,147,137528,
7/23/2026 10:30:00 PM,+07:00,4106.5,4113.2,4103.4,4108.9,137,146,137,0,0,146,49,33.5616438356164,33,22.6027397260274,16,10.958904109589,0,0,0,0,16,25,0,1.06569343065693,0,0,0,0,0,0,0,0,0,0,531,4202,4124,4188,4151,-18,6270,206,4847,63,455,13,2651,102,1020,78,780,4190,4134,56,560,147,137528,
7/23/2026 11:00:00 PM,+07:00,4109.7,4111.9,4107.1,4110.4,94,122,94,0,0,122,36,29.5081967213115,28,22.9508196721311,8,6.55737704918033,0,0,0,0,8,33,0,1.29787234042553,0,0,0,0,0,0,0,0,0,0,531,4202,4124,4188,4151,-18,6270,206,4847,63,455,13,2651,102,1020,78,780,4190,4134,56,560,147,137528,
7/23/2026 11:30:00 PM,+07:00,4111.8,4113.1,4108.5,4113,96,108,96,0,0,108,40,37.037037037037,26,24.0740740740741,14,12.962962962963,0,0,0,0,14,47,0,1.125,0,0,0,0,0,0,0,0,0,0,531,4202,4124,4188,4151,-18,6270,206,4847,63,455,13,2651,102,1020,78,780,4190,4134,56,560,147,137528,
7/24/2026 12:00:00 AM,+07:00,4113,4115.6,4107.4,4108.3,329,387,329,0,0,387,116,29.9741602067184,102,26.3565891472868,14,3.61757105943152,0,0,0,0,14,14,0,1.17629179331307,0,0,0,0,0,0,0,0,0,0,531,4202,4124,4188,4151,-18,6270,206,4847,63,455,13,2651,102,1020,78,780,4190,4134,56,560,147,137528,
7/24/2026 12:30:00 AM,+07:00,4108,4110,4103.2,4104.7,105,142,105,0,0,142,40,28.169014084507,52,36.6197183098592,-12,-8.45070422535211,0,0,0,0,-12,2,0,1.35238095238095,0,0,0,0,0,0,0,0,0,0,531,4202,4124,4188,4151,-18,6270,206,4847,63,455,13,2651,102,1020,78,780,4190,4134,56,560,147,137528,
7/24/2026 1:00:00 AM,+07:00,4102,4105.6,4101.5,4105.6,72,125,72,0,0,125,57,45.6,17,13.6,40,32,0,0,0,0,40,42,0,1.73611111111111,0,0,0,0,0,0,0,0,0,0,531,4202,4124,4188,4151,-18,6270,206,4847,63,455,13,2651,102,1020,78,780,4190,4134,56,560,147,137528,
7/24/2026 1:30:00 AM,+07:00,4105.2,4109.3,4105.2,4106.5,60,101,60,0,0,101,33,32.6732673267327,29,28.7128712871287,4,3.96039603960396,0,0,0,0,4,46,0,1.68333333333333,0,0,0,0,0,0,0,0,0,0,531,4202,4124,4188,4151,-18,6270,206,4847,63,455,13,2651,102,1020,78,780,4190,4134,56,560,147,137528,
7/24/2026 2:00:00 AM,+07:00,4107.7,4109.1,4104.3,4108.4,27,39,27,0,0,39,14,35.8974358974359,20,51.2820512820513,-6,-15.3846153846154,0,0,0,0,-6,40,0,1.44444444444444,0,0,0,0,0,0,0,0,0,0,531,4202,4124,4188,4151,-18,6270,206,4847,63,455,13,2651,102,1020,78,780,4190,4134,56,560,147,137528,
7/24/2026 2:30:00 AM,+07:00,4108.9,4111.6,4106.3,4110.4,76,116,76,0,0,116,45,38.7931034482759,39,33.6206896551724,6,5.17241379310345,0,0,0,0,6,46,0,1.52631578947368,0,0,0,0,0,0,0,0,0,0,531,4202,4124,4188,4151,-18,6270,206,4847,63,455,13,2651,102,1020,78,780,4190,4134,56,560,147,137528,
7/24/2026 3:00:00 AM,+07:00,4110.8,4112.1,4109.7,4111.5,19,33,19,0,0,33,6,18.1818181818182,4,12.1212121212121,2,6.06060606060606,0,0,0,0,2,48,0,1.73684210526316,0,0,0,0,0,0,0,0,0,0,531,4202,4124,4188,4151,-18,6270,206,4847,63,455,13,2651,102,1020,78,780,4190,4134,56,560,147,137528,
7/24/2026 3:30:00 AM,+07:00,4111.4,4111.4,4110,4110.8,16,30,16,0,0,30,15,50,2,6.66666666666667,13,43.3333333333333,0,0,0,0,13,61,0,1.875,0,0,0,0,0,0,0,0,0,0,531,4202,4124,4188,4151,-18,6270,206,4847,63,455,13,2651,102,1020,78,780,4190,4134,56,560,147,137528,
7/24/2026 5:00:00 AM,+07:00,4109.4,4111.3,4108.8,4110.7,18,21,18,0,0,21,7,33.3333333333333,6,28.5714285714286,1,4.76190476190476,0,0,0,0,1,62,0,1.16666666666667,0,0,0,0,0,0,0,0,0,0,432,4131,4102,4113,4113,-2,9084,304,6606,205,212,15,6571,62,620,29,290,4111,4109,2,20,40,157027,
7/24/2026 5:30:00 AM,+07:00,4110.8,4111.3,4109.8,4109.8,18,19,18,0,0,19,11,57.8947368421053,2,10.5263157894737,9,47.3684210526316,0,0,0,0,9,71,0,1.05555555555556,0,0,0,0,0,0,0,0,0,0,432,4131,4102,4113,4113,-2,9084,304,6606,205,212,15,6571,62,620,29,290,4111,4109,2,20,40,157027,
7/24/2026 6:00:00 AM,+07:00,4110.3,4110.4,4107.9,4110.1,25,27,25,0,0,27,5,18.5185185185185,18,66.6666666666666,-13,-48.1481481481481,0,0,0,0,-13,58,0,1.08,0,0,0,0,0,0,0,0,0,0,432,4131,4102,4113,4113,-2,9084,304,6606,205,212,15,6571,62,620,29,290,4111,4109,2,20,40,157027,
7/24/2026 6:30:00 AM,+07:00,4110.1,4111.8,4108.4,4108.4,30,35,30,0,0,35,15,42.8571428571429,15,42.8571428571429,0,0,0,0,0,0,0,58,0,1.16666666666667,0,0,0,0,0,0,0,0,0,0,432,4131,4102,4113,4113,-2,9084,304,6606,205,212,15,6571,62,620,29,290,4111,4109,2,20,40,157027,
7/24/2026 7:00:00 AM,+07:00,4108.4,4110.3,4101.5,4106.2,41,49,41,0,0,49,19,38.7755102040816,15,30.6122448979592,4,8.16326530612245,0,0,0,0,4,62,0,1.19512195121951,0,0,0,0,0,0,0,0,0,0,432,4131,4102,4113,4113,-2,9084,304,6606,205,212,15,6571,62,620,29,290,4111,4109,2,20,40,157027,
7/24/2026 7:30:00 AM,+07:00,4107.6,4111.5,4106.4,4111.2,20,23,20,0,0,23,9,39.1304347826087,8,34.7826086956522,1,4.34782608695652,0,0,0,0,1,63,0,1.15,0,0,0,0,0,0,0,0,0,0,432,4131,4102,4113,4113,-2,9084,304,6606,205,212,15,6571,62,620,29,290,4111,4109,2,20,40,157027,
7/24/2026 8:00:00 AM,+07:00,4110.5,4110.5,4100.2,4103.2,73,84,73,0,0,84,20,23.8095238095238,54,64.2857142857143,-34,-40.4761904761905,0,0,0,0,-34,29,0,1.15068493150685,0,0,0,0,0,0,0,0,0,0,432,4131,4102,4113,4113,-2,9084,304,6606,205,212,15,6571,62,620,29,290,4111,4109,2,20,40,157027,
7/24/2026 8:30:00 AM,+07:00,4103.1,4111.3,4102,4103.1,95,178,95,0,0,178,50,28.0898876404494,32,17.9775280898876,18,10.1123595505618,0,0,0,0,18,47,0,1.87368421052632,0,0,0,0,0,0,0,0,0,0,432,4131,4102,4113,4113,-2,9084,304,6606,205,212,15,6571,62,620,29,290,4111,4109,2,20,40,157027,
7/24/2026 9:00:00 AM,+07:00,4101.8,4109,4101.8,4109,30,50,30,0,0,50,37,74,8,16,29,58,0,0,0,0,29,76,0,1.66666666666667,0,0,0,0,0,0,0,0,0,0,432,4131,4102,4113,4113,-2,9084,304,6606,205,212,15,6571,62,620,29,290,4111,4109,2,20,40,157027,
7/24/2026 9:30:00 AM,+07:00,4106.3,4107.8,4083.6,4084,225,397,225,0,0,397,81,20.4030226700252,164,41.3098236775819,-83,-20.9068010075567,0,0,0,0,-83,-7,0,1.76444444444444,0,0,0,0,0,0,0,0,0,0,432,4131,4102,4113,4113,-2,9084,304,6606,205,212,15,6571,62,620,29,290,4111,4109,2,20,40,157027,
7/24/2026 10:00:00 AM,+07:00,4084.3,4093,4084,4090.6,69,103,69,0,0,103,32,31.0679611650485,34,33.0097087378641,-2,-1.94174757281553,0,0,0,0,-2,-9,0,1.49275362318841,0,0,0,0,0,0,0,0,0,0,432,4131,4102,4113,4113,-2,9084,304,6606,205,212,15,6571,62,620,29,290,4111,4109,2,20,40,157027,
7/24/2026 10:30:00 AM,+07:00,4092.2,4093.1,4088.9,4089.4,23,23,23,0,0,23,13,56.5217391304348,4,17.3913043478261,9,39.1304347826087,0,0,0,0,9,0,0,1,0,0,0,0,0,0,0,0,0,0,432,4131,4102,4113,4113,-2,9084,304,6606,205,212,15,6571,62,620,29,290,4111,4109,2,20,40,157027,
7/24/2026 11:00:00 AM,+07:00,4089.2,4090.5,4087.4,4090.1,12,12,12,0,0,12,2,16.6666666666667,6,50,-4,-33.3333333333333,0,0,0,0,-4,-4,0,1,0,0,0,0,0,0,0,0,0,0,432,4131,4102,4113,4113,-2,9084,304,6606,205,212,15,6571,62,620,29,290,4111,4109,2,20,40,157027,
7/24/2026 11:30:00 AM,+07:00,4090.5,4090.5,4086.4,4088.5,12,13,12,0,0,13,6,46.1538461538462,3,23.0769230769231,3,23.0769230769231,0,0,0,0,3,-1,0,1.08333333333333,0,0,0,0,0,0,0,0,0,0,432,4131,4102,4113,4113,-2,9084,304,6606,205,212,15,6571,62,620,29,290,4111,4109,2,20,40,157027,
7/24/2026 12:00:00 PM,+07:00,4087.9,4092,4082.4,4086.1,203,279,203,0,0,279,53,18.9964157706093,90,32.258064516129,-37,-13.2616487455197,0,0,0,0,-37,-38,0,1.3743842364532,0,0,0,0,0,0,0,0,0,0,432,4131,4102,4113,4113,-2,9084,304,6606,205,212,15,6571,62,620,29,290,4111,4109,2,20,40,157027,
7/24/2026 12:30:00 PM,+07:00,4086.2,4091.1,4081.8,4083.1,120,150,120,0,0,150,58,38.6666666666667,55,36.6666666666667,3,2,0,0,0,0,3,-35,0,1.25,0,0,0,0,0,0,0,0,0,0,432,4131,4102,4113,4113,-2,9084,304,6606,205,212,15,6571,62,620,29,290,4111,4109,2,20,40,157027,
7/24/2026 1:00:00 PM,+07:00,4082.9,4098.4,4082.8,4096.1,127,136,127,0,0,136,39,28.6764705882353,63,46.3235294117647,-24,-17.6470588235294,0,0,0,0,-24,-59,0,1.07086614173228,0,0,0,0,0,0,0,0,0,0,432,4131,4102,4113,4113,-2,9084,304,6606,205,212,15,6571,62,620,29,290,4111,4109,2,20,40,157027,
7/24/2026 1:30:00 PM,+07:00,4095,4098.8,4092.4,4098,73,84,73,0,0,84,29,34.5238095238095,26,30.952380952381,3,3.57142857142857,0,0,0,0,3,-56,0,1.15068493150685,0,0,0,0,0,0,0,0,0,0,432,4131,4102,4113,4113,-2,9084,304,6606,205,212,15,6571,62,620,29,290,4111,4109,2,20,40,157027,
7/24/2026 2:00:00 PM,+07:00,4095.8,4110.7,4095.8,4109,237,411,237,0,0,411,171,41.6058394160584,66,16.0583941605839,105,25.5474452554745,0,0,0,0,105,49,0,1.73417721518987,0,0,0,0,0,0,0,0,0,0,432,4131,4102,4113,4113,-2,9084,304,6606,205,212,15,6571,62,620,29,290,4111,4109,2,20,40,157027,
7/24/2026 2:30:00 PM,+07:00,4110.3,4113.3,4106.8,4108.9,81,102,81,0,0,102,21,20.5882352941176,22,21.5686274509804,-1,-0.980392156862745,0,0,0,0,-1,48,0,1.25925925925926,0,0,0,0,0,0,0,0,0,0,432,4131,4102,4113,4113,-2,9084,304,6606,205,212,15,6571,62,620,29,290,4111,4109,2,20,40,157027,
7/24/2026 3:00:00 PM,+07:00,4108.8,4112.5,4105.2,4112.5,137,225,137,0,0,225,71,31.5555555555556,68,30.2222222222222,3,1.33333333333333,0,0,0,0,3,51,0,1.64233576642336,0,0,0,0,0,0,0,0,0,0,432,4131,4102,4113,4113,-2,9084,304,6606,205,212,15,6571,62,620,29,290,4111,4109,2,20,40,157027,
7/24/2026 3:30:00 PM,+07:00,4112.1,4119,4110,4118.4,150,209,150,0,0,209,51,24.4019138755981,50,23.9234449760766,1,0.478468899521531,0,0,0,0,1,52,0,1.39333333333333,0,0,0,0,0,0,0,0,0,0,432,4131,4102,4113,4113,-2,9084,304,6606,205,212,15,6571,62,620,29,290,4111,4109,2,20,40,157027,
7/24/2026 4:00:00 PM,+07:00,4117.8,4120.6,4113.2,4113.2,195,248,195,0,0,248,56,22.5806451612903,74,29.8387096774194,-18,-7.25806451612903,0,0,0,0,-18,34,0,1.27179487179487,0,0,0,0,0,0,0,0,0,0,432,4131,4102,4113,4113,-2,9084,304,6606,205,212,15,6571,62,620,29,290,4111,4109,2,20,40,157027,
7/24/2026 4:30:00 PM,+07:00,4113.5,4120.2,4112.2,4120.2,85,133,85,0,0,133,49,36.8421052631579,22,16.5413533834586,27,20.3007518796992,0,0,0,0,27,61,0,1.56470588235294,0,0,0,0,0,0,0,0,0,0,432,4131,4102,4113,4113,-2,9084,304,6606,205,212,15,6571,62,620,29,290,4111,4109,2,20,40,157027,
7/24/2026 5:00:00 PM,+07:00,4120.5,4124.2,4118.5,4122.9,98,128,98,0,0,128,30,23.4375,40,31.25,-10,-7.8125,0,0,0,0,-10,51,0,1.30612244897959,0,0,0,0,0,0,0,0,0,0,432,4131,4102,4113,4113,-2,9084,304,6606,205,212,15,6571,62,620,29,290,4111,4109,2,20,40,157027,
7/24/2026 5:30:00 PM,+07:00,4122.6,4124.3,4117.6,4120.1,72,89,72,0,0,89,16,17.9775280898876,26,29.2134831460674,-10,-11.2359550561798,0,0,0,0,-10,41,0,1.23611111111111,0,0,0,0,0,0,0,0,0,0,432,4131,4102,4113,4113,-2,9084,304,6606,205,212,15,6571,62,620,29,290,4111,4109,2,20,40,157027,
7/24/2026 6:00:00 PM,+07:00,4120.2,4123.5,4118.5,4120.1,71,78,71,0,0,78,26,33.3333333333333,19,24.3589743589744,7,8.97435897435898,0,0,0,0,7,48,0,1.09859154929577,0,0,0,0,0,0,0,0,0,0,432,4131,4102,4113,4113,-2,9084,304,6606,205,212,15,6571,62,620,29,290,4111,4109,2,20,40,157027,
7/24/2026 6:30:00 PM,+07:00,4119.4,4120.6,4111.4,4117.8,140,172,140,0,0,172,40,23.2558139534884,48,27.906976744186,-8,-4.65116279069767,0,0,0,0,-8,40,0,1.22857142857143,0,0,0,0,0,0,0,0,0,0,432,4131,4102,4113,4113,-2,9084,304,6606,205,212,15,6571,62,620,29,290,4111,4109,2,20,40,157027,
7/24/2026 7:00:00 PM,+07:00,4119,4120.8,4112.9,4120.7,336,379,336,0,0,379,200,52.7704485488127,85,22.4274406332454,115,30.3430079155673,0,0,0,0,115,155,0,1.12797619047619,0,0,0,0,0,0,0,0,0,0,432,4131,4102,4113,4113,-2,9084,304,6606,205,212,15,6571,62,620,29,290,4111,4109,2,20,40,157027,
7/24/2026 7:30:00 PM,+07:00,4119.7,4120.1,4112.1,4116.5,290,354,290,0,0,354,181,51.1299435028249,99,27.9661016949153,82,23.1638418079096,0,0,0,0,82,237,0,1.22068965517241,0,0,0,0,0,0,0,0,0,0,432,4131,4102,4113,4113,-2,9084,304,6606,205,212,15,6571,62,620,29,290,4111,4109,2,20,40,157027,
7/24/2026 8:00:00 PM,+07:00,4115.9,4118.7,4105.1,4107.3,276,467,276,0,0,467,147,31.4775160599572,145,31.0492505353319,2,0.428265524625268,0,0,0,0,2,239,0,1.69202898550725,0,0,0,0,0,0,0,0,0,0,432,4131,4102,4113,4113,-2,9084,304,6606,205,212,15,6571,62,620,29,290,4111,4109,2,20,40,157027,
7/24/2026 8:30:00 PM,+07:00,4107.5,4129.3,4106.3,4128.3,374,461,374,0,0,461,171,37.0932754880694,128,27.765726681128,43,9.32754880694143,0,0,0,0,43,282,0,1.23262032085562,0,0,0,0,0,0,0,0,0,0,432,4131,4102,4113,4113,-2,9084,304,6606,205,212,15,6571,62,620,29,290,4111,4109,2,20,40,157027,
7/24/2026 9:00:00 PM,+07:00,4128.7,4131,4117.2,4127.5,394,557,394,0,0,557,158,28.3662477558348,160,28.7253141831239,-2,-0.359066427289048,0,0,0,0,-2,280,0,1.41370558375635,0,0,0,0,0,0,0,0,0,0,432,4131,4102,4113,4113,-2,9084,304,6606,205,212,15,6571,62,620,29,290,4111,4109,2,20,40,157027,
7/24/2026 9:30:00 PM,+07:00,4127.3,4129.6,4120.1,4124.3,301,380,301,0,0,380,122,32.1052631578947,113,29.7368421052632,9,2.36842105263158,0,0,0,0,9,289,0,1.2624584717608,0,0,0,0,0,0,0,0,0,0,432,4131,4102,4113,4113,-2,9084,304,6606,205,212,15,6571,62,620,29,290,4111,4109,2,20,40,157027,
7/24/2026 10:00:00 PM,+07:00,4124.1,4144,4123.6,4136.4,485,694,485,0,0,694,199,28.6743515850144,214,30.835734870317,-15,-2.16138328530259,0,0,0,0,-15,274,0,1.43092783505155,0,0,0,0,0,0,0,0,0,0,432,4131,4102,4113,4113,-2,9084,304,6606,205,212,15,6571,62,620,29,290,4111,4109,2,20,40,157027,
7/24/2026 10:30:00 PM,+07:00,4136.2,4140.9,4132.5,4138.6,273,399,273,0,0,399,200,50.125313283208,39,9.77443609022556,161,40.3508771929824,0,0,0,0,161,435,0,1.46153846153846,0,0,0,0,0,0,0,0,0,0,432,4131,4102,4113,4113,-2,9084,304,6606,205,212,15,6571,62,620,29,290,4111,4109,2,20,40,157027,
7/24/2026 11:00:00 PM,+07:00,4138.3,4139.3,4135.1,4135.7,163,224,163,0,0,224,48,21.4285714285714,72,32.1428571428571,-24,-10.7142857142857,0,0,0,0,-24,411,0,1.37423312883436,0,0,0,0,0,0,0,0,0,0,432,4131,4102,4113,4113,-2,9084,304,6606,205,212,15,6571,62,620,29,290,4111,4109,2,20,40,157027,
7/24/2026 11:30:00 PM,+07:00,4134.8,4134.8,4125.4,4128.6,219,282,219,0,0,282,87,30.8510638297872,74,26.241134751773,13,4.60992907801418,0,0,0,0,13,424,0,1.28767123287671,0,0,0,0,0,0,0,0,0,0,432,4131,4102,4113,4113,-2,9084,304,6606,205,212,15,6571,62,620,29,290,4111,4109,2,20,40,157027,
7/25/2026 12:00:00 AM,+07:00,4128.3,4131.4,4124.8,4130.2,349,465,349,0,0,465,140,30.1075268817204,175,37.6344086021505,-35,-7.52688172043011,0,0,0,0,-35,-35,0,1.3323782234957,0,0,0,0,0,0,0,0,0,0,432,4131,4102,4113,4113,-2,9084,304,6606,205,212,15,6571,62,620,29,290,4111,4109,2,20,40,157027,
7/25/2026 12:30:00 AM,+07:00,4130,4131.5,4124.1,4124.7,87,109,87,0,0,109,23,21.1009174311927,33,30.2752293577982,-10,-9.1743119266055,0,0,0,0,-10,-45,0,1.25287356321839,0,0,0,0,0,0,0,0,0,0,432,4131,4102,4113,4113,-2,9084,304,6606,205,212,15,6571,62,620,29,290,4111,4109,2,20,40,157027,
7/25/2026 1:00:00 AM,+07:00,4125.3,4126.1,4115.9,4116.8,186,335,186,0,0,335,98,29.2537313432836,113,33.7313432835821,-15,-4.47761194029851,0,0,0,0,-15,-60,0,1.8010752688172,0,0,0,0,0,0,0,0,0,0,432,4131,4102,4113,4113,-2,9084,304,6606,205,212,15,6571,62,620,29,290,4111,4109,2,20,40,157027,
7/25/2026 1:30:00 AM,+07:00,4116.6,4117.8,4112.3,4116.1,130,182,130,0,0,182,56,30.7692307692308,60,32.967032967033,-4,-2.1978021978022,0,0,0,0,-4,-64,0,1.4,0,0,0,0,0,0,0,0,0,0,432,4131,4102,4113,4113,-2,9084,304,6606,205,212,15,6571,62,620,29,290,4111,4109,2,20,40,157027,
7/25/2026 2:00:00 AM,+07:00,4115.4,4116.2,4109.9,4111.6,95,127,95,0,0,127,31,24.4094488188976,47,37.007874015748,-16,-12.5984251968504,0,0,0,0,-16,-80,0,1.33684210526316,0,0,0,0,0,0,0,0,0,0,432,4131,4102,4113,4113,-2,9084,304,6606,205,212,15,6571,62,620,29,290,4111,4109,2,20,40,157027,
7/25/2026 2:30:00 AM,+07:00,4112.5,4118.9,4112.3,4115.4,104,118,104,0,0,118,45,38.135593220339,17,14.406779661017,28,23.728813559322,0,0,0,0,28,-52,0,1.13461538461538,0,0,0,0,0,0,0,0,0,0,432,4131,4102,4113,4113,-2,9084,304,6606,205,212,15,6571,62,620,29,290,4111,4109,2,20,40,157027,
7/25/2026 3:00:00 AM,+07:00,4114.7,4116.1,4113,4114.9,39,44,39,0,0,44,5,11.3636363636364,19,43.1818181818182,-14,-31.8181818181818,0,0,0,0,-14,-66,0,1.12820512820513,0,0,0,0,0,0,0,0,0,0,432,4131,4102,4113,4113,-2,9084,304,6606,205,212,15,6571,62,620,29,290,4111,4109,2,20,40,157027,
7/25/2026 3:30:00 AM,+07:00,4114.7,4116.8,4112.8,4114.3,25,29,25,0,0,29,11,37.9310344827586,4,13.7931034482759,7,24.1379310344828,0,0,0,0,7,-59,0,1.16,0,0,0,0,0,0,0,0,0,0,432,4131,4102,4113,4113,-2,9084,304,6606,205,212,15,6571,62,620,29,290,4111,4109,2,20,40,157027,
7/27/2026 7:00:00 AM,+07:00,4155.6,4178.5,4152.6,4157,395,737,395,0,0,737,432,58.6160108548168,121,16.4179104477612,311,42.1981004070556,0,0,0,0,311,311,0,1.86582278481013,0,0,0,0,0,0,0,0,0,0,438,4164,4139,4150,4153,2,13054,-88,9330,231,190,17,7224,52,520,25,250,4179,4153,26,260,917,176377,
7/27/2026 7:30:00 AM,+07:00,4157.7,4170.1,4155.9,4160.4,126,180,126,0,0,180,64,35.5555555555556,68,37.7777777777778,-4,-2.22222222222222,0,0,0,0,-4,307,0,1.42857142857143,0,0,0,0,0,0,0,0,0,0,438,4164,4139,4150,4153,2,13054,-88,9330,231,190,17,7224,52,520,25,250,4179,4153,26,260,917,176377,
7/27/2026 8:00:00 AM,+07:00,4162.3,4174.2,4158,4161.4,216,257,216,0,0,257,168,65.3696498054475,52,20.2334630350195,116,45.136186770428,0,0,0,0,116,423,0,1.18981481481481,0,0,0,0,0,0,0,0,0,0,438,4164,4139,4150,4153,2,13054,-88,9330,231,190,17,7224,52,520,25,250,4179,4153,26,260,917,176377,
7/27/2026 8:30:00 AM,+07:00,4161.9,4169.7,4159.2,4167.7,85,115,85,0,0,115,57,49.5652173913044,35,30.4347826086957,22,19.1304347826087,0,0,0,0,22,445,0,1.35294117647059,0,0,0,0,0,0,0,0,0,0,438,4164,4139,4150,4153,2,13054,-88,9330,231,190,17,7224,52,520,25,250,4179,4153,26,260,917,176377,
7/27/2026 9:00:00 AM,+07:00,4171.5,4171.5,4164.5,4165,38,47,38,0,0,47,18,38.2978723404255,17,36.1702127659574,1,2.12765957446808,0,0,0,0,1,446,0,1.23684210526316,0,0,0,0,0,0,0,0,0,0,438,4164,4139,4150,4153,2,13054,-88,9330,231,190,17,7224,52,520,25,250,4179,4153,26,260,917,176377,
7/27/2026 9:30:00 AM,+07:00,4162.7,4163,4154.8,4154.8,91,134,91,0,0,134,32,23.8805970149254,51,38.0597014925373,-19,-14.1791044776119,0,0,0,0,-19,427,0,1.47252747252747,0,0,0,0,0,0,0,0,0,0,438,4164,4139,4150,4153,2,13054,-88,9330,231,190,17,7224,52,520,25,250,4179,4153,26,260,917,176377,
7/27/2026 10:00:00 AM,+07:00,4154.5,4156.5,4146.8,4146.8,151,194,151,0,0,194,67,34.5360824742268,85,43.8144329896907,-18,-9.27835051546392,0,0,0,0,-18,409,0,1.28476821192053,0,0,0,0,0,0,0,0,0,0,438,4164,4139,4150,4153,2,13054,-88,9330,231,190,17,7224,52,520,25,250,4179,4153,26,260,917,176377,
7/27/2026 10:30:00 AM,+07:00,4146.4,4151.7,4146,4151.7,28,30,28,0,0,30,13,43.3333333333333,11,36.6666666666667,2,6.66666666666667,0,0,0,0,2,411,0,1.07142857142857,0,0,0,0,0,0,0,0,0,0,438,4164,4139,4150,4153,2,13054,-88,9330,231,190,17,7224,52,520,25,250,4179,4153,26,260,917,176377,
7/27/2026 11:00:00 AM,+07:00,4152.5,4153.9,4148.7,4148.7,27,27,27,0,0,27,12,44.4444444444444,7,25.9259259259259,5,18.5185185185185,0,0,0,0,5,416,0,1,0,0,0,0,0,0,0,0,0,0,438,4164,4139,4150,4153,2,13054,-88,9330,231,190,17,7224,52,520,25,250,4179,4153,26,260,917,176377,
7/27/2026 11:30:00 AM,+07:00,4152.5,4152.7,4150.5,4150.9,17,20,17,0,0,20,1,5,7,35,-6,-30,0,0,0,0,-6,410,0,1.17647058823529,0,0,0,0,0,0,0,0,0,0,438,4164,4139,4150,4153,2,13054,-88,9330,231,190,17,7224,52,520,25,250,4179,4153,26,260,917,176377,
7/27/2026 12:00:00 PM,+07:00,4151.6,4156,4147.7,4148.4,47,65,47,0,0,65,25,38.4615384615385,15,23.0769230769231,10,15.3846153846154,0,0,0,0,10,420,0,1.38297872340426,0,0,0,0,0,0,0,0,0,0,438,4164,4139,4150,4153,2,13054,-88,9330,231,190,17,7224,52,520,25,250,4179,4153,26,260,917,176377,
7/27/2026 12:30:00 PM,+07:00,4147.9,4154.4,4145.6,4154.3,76,90,76,0,0,90,42,46.6666666666667,27,30,15,16.6666666666667,0,0,0,0,15,435,0,1.18421052631579,0,0,0,0,0,0,0,0,0,0,438,4164,4139,4150,4153,2,13054,-88,9330,231,190,17,7224,52,520,25,250,4179,4153,26,260,917,176377,
7/27/2026 1:00:00 PM,+07:00,4153.9,4157.6,4152.8,4155.9,205,231,205,0,0,231,96,41.5584415584416,80,34.6320346320346,16,6.92640692640693,0,0,0,0,16,451,0,1.12682926829268,0,0,0,0,0,0,0,0,0,0,438,4164,4139,4150,4153,2,13054,-88,9330,231,190,17,7224,52,520,25,250,4179,4153,26,260,917,176377,
7/27/2026 1:30:00 PM,+07:00,4157.3,4160.2,4155.8,4158.2,140,177,140,0,0,177,53,29.9435028248588,40,22.5988700564972,13,7.34463276836158,0,0,0,0,13,464,0,1.26428571428571,0,0,0,0,0,0,0,0,0,0,438,4164,4139,4150,4153,2,13054,-88,9330,231,190,17,7224,52,520,25,250,4179,4153,26,260,917,176377,
7/27/2026 2:00:00 PM,+07:00,4157.5,4167.8,4157.5,4164.8,250,395,250,0,0,395,117,29.620253164557,86,21.7721518987342,31,7.84810126582278,0,0,0,0,31,495,0,1.58,0,0,0,0,0,0,0,0,0,0,438,4164,4139,4150,4153,2,13054,-88,9330,231,190,17,7224,52,520,25,250,4179,4153,26,260,917,176377,
7/27/2026 2:30:00 PM,+07:00,4164.3,4165.2,4150,4150,173,220,173,0,0,220,47,21.3636363636364,77,35,-30,-13.6363636363636,0,0,0,0,-30,465,0,1.27167630057803,0,0,0,0,0,0,0,0,0,0,438,4164,4139,4150,4153,2,13054,-88,9330,231,190,17,7224,52,520,25,250,4179,4153,26,260,917,176377,
7/27/2026 3:00:00 PM,+07:00,4149.8,4154,4149,4152.9,99,112,99,0,0,112,29,25.8928571428571,22,19.6428571428571,7,6.25,0,0,0,0,7,472,0,1.13131313131313,0,0,0,0,0,0,0,0,0,0,438,4164,4139,4150,4153,2,13054,-88,9330,231,190,17,7224,52,520,25,250,4179,4153,26,260,917,176377,
7/27/2026 3:30:00 PM,+07:00,4151.7,4158,4148.6,4157.5,72,102,72,0,0,102,38,37.2549019607843,25,24.5098039215686,13,12.7450980392157,0,0,0,0,13,485,0,1.41666666666667,0,0,0,0,0,0,0,0,0,0,438,4164,4139,4150,4153,2,13054,-88,9330,231,190,17,7224,52,520,25,250,4179,4153,26,260,917,176377,
7/27/2026 4:00:00 PM,+07:00,4156.2,4159.6,4152.9,4152.9,99,117,99,0,0,117,35,29.9145299145299,38,32.4786324786325,-3,-2.56410256410256,0,0,0,0,-3,482,0,1.18181818181818,0,0,0,0,0,0,0,0,0,0,438,4164,4139,4150,4153,2,13054,-88,9330,231,190,17,7224,52,520,25,250,4179,4153,26,260,917,176377,
7/27/2026 4:30:00 PM,+07:00,4153.3,4161.2,4151.8,4158.2,227,328,227,0,0,328,108,32.9268292682927,37,11.280487804878,71,21.6463414634146,0,0,0,0,71,553,0,1.44493392070485,0,0,0,0,0,0,0,0,0,0,438,4164,4139,4150,4153,2,13054,-88,9330,231,190,17,7224,52,520,25,250,4179,4153,26,260,917,176377,
7/27/2026 5:00:00 PM,+07:00,4157.2,4157.2,4147.9,4154.4,145,188,145,0,0,188,104,55.3191489361702,30,15.9574468085106,74,39.3617021276596,0,0,0,0,74,627,0,1.29655172413793,0,0,0,0,0,0,0,0,0,0,438,4164,4139,4150,4153,2,13054,-88,9330,231,190,17,7224,52,520,25,250,4179,4153,26,260,917,176377,
7/27/2026 5:30:00 PM,+07:00,4154.5,4163.8,4154.1,4161.3,118,161,118,0,0,161,58,36.0248447204969,72,44.7204968944099,-14,-8.69565217391304,0,0,0,0,-14,613,0,1.36440677966102,0,0,0,0,0,0,0,0,0,0,438,4164,4139,4150,4153,2,13054,-88,9330,231,190,17,7224,52,520,25,250,4179,4153,26,260,917,176377,
7/27/2026 6:00:00 PM,+07:00,4161.5,4166,4158.2,4158.2,125,161,125,0,0,161,53,32.9192546583851,52,32.2981366459627,1,0.62111801242236,0,0,0,0,1,614,0,1.288,0,0,0,0,0,0,0,0,0,0,438,4164,4139,4150,4153,2,13054,-88,9330,231,190,17,7224,52,520,25,250,4179,4153,26,260,917,176377,
7/27/2026 6:30:00 PM,+07:00,4158,4161.3,4155.1,4155.6,159,208,159,0,0,208,104,50,41,19.7115384615385,63,30.2884615384615,0,0,0,0,63,677,0,1.30817610062893,0,0,0,0,0,0,0,0,0,0,438,4164,4139,4150,4153,2,13054,-88,9330,231,190,17,7224,52,520,25,250,4179,4153,26,260,917,176377,
7/27/2026 7:00:00 PM,+07:00,4155.7,4159.1,4142.8,4148.3,464,625,464,0,0,625,139,22.24,213,34.08,-74,-11.84,0,0,0,0,-74,603,0,1.34698275862069,0,0,0,0,0,0,0,0,0,0,438,4164,4139,4150,4153,2,13054,-88,9330,231,190,17,7224,52,520,25,250,4179,4153,26,260,917,176377,
7/27/2026 7:30:00 PM,+07:00,4148.4,4150.1,4142,4144.8,355,460,355,0,0,460,168,36.5217391304348,181,39.3478260869565,-13,-2.82608695652174,0,0,0,0,-13,590,0,1.29577464788732,0,0,0,0,0,0,0,0,0,0,438,4164,4139,4150,4153,2,13054,-88,9330,231,190,17,7224,52,520,25,250,4179,4153,26,260,917,176377,
7/27/2026 8:00:00 PM,+07:00,4146.5,4150.3,4137.3,4137.4,503,578,503,0,0,578,208,35.9861591695502,199,34.4290657439446,9,1.55709342560554,0,0,0,0,9,599,0,1.14910536779324,0,0,0,0,0,0,0,0,0,0,438,4164,4139,4150,4153,2,13054,-88,9330,231,190,17,7224,52,520,25,250,4179,4153,26,260,917,176377,
7/27/2026 8:30:00 PM,+07:00,4137.5,4151,4132.2,4135.4,611,725,611,0,0,725,233,32.1379310344828,279,38.4827586206897,-46,-6.3448275862069,0,0,0,0,-46,553,0,1.18657937806874,0,0,0,0,0,0,0,0,0,0,438,4164,4139,4150,4153,2,13054,-88,9330,231,190,17,7224,52,520,25,250,4179,4153,26,260,917,176377,
7/27/2026 9:00:00 PM,+07:00,4135.8,4140.7,4128.1,4130,570,727,570,0,0,727,248,34.1127922971114,283,38.9270976616231,-35,-4.81430536451169,0,0,0,0,-35,518,0,1.27543859649123,0,0,0,0,0,0,0,0,0,0,438,4164,4139,4150,4153,2,13054,-88,9330,231,190,17,7224,52,520,25,250,4179,4153,26,260,917,176377,
7/27/2026 9:30:00 PM,+07:00,4129.4,4138.7,4126.5,4137.4,555,676,555,0,0,676,224,33.1360946745562,252,37.2781065088757,-28,-4.14201183431953,0,0,0,0,-28,490,0,1.21801801801802,0,0,0,0,0,0,0,0,0,0,438,4164,4139,4150,4153,2,13054,-88,9330,231,190,17,7224,52,520,25,250,4179,4153,26,260,917,176377,
7/27/2026 10:00:00 PM,+07:00,4137.6,4141.3,4133.8,4137.9,352,426,352,0,0,426,150,35.2112676056338,168,39.4366197183099,-18,-4.22535211267606,0,0,0,0,-18,472,0,1.21022727272727,0,0,0,0,0,0,0,0,0,0,438,4164,4139,4150,4153,2,13054,-88,9330,231,190,17,7224,52,520,25,250,4179,4153,26,260,917,176377,
7/27/2026 10:30:00 PM,+07:00,4137.9,4141.4,4134.2,4140.1,240,286,240,0,0,286,88,30.7692307692308,139,48.6013986013986,-51,-17.8321678321678,0,0,0,0,-51,421,0,1.19166666666667,0,0,0,0,0,0,0,0,0,0,438,4164,4139,4150,4153,2,13054,-88,9330,231,190,17,7224,52,520,25,250,4179,4153,26,260,917,176377,
7/27/2026 11:00:00 PM,+07:00,4140.1,4150,4139.2,4145.8,276,334,276,0,0,334,93,27.8443113772455,148,44.311377245509,-55,-16.4670658682635,0,0,0,0,-55,366,0,1.21014492753623,0,0,0,0,0,0,0,0,0,0,438,4164,4139,4150,4153,2,13054,-88,9330,231,190,17,7224,52,520,25,250,4179,4153,26,260,917,176377,
7/27/2026 11:30:00 PM,+07:00,4147.5,4155.2,4142,4143.6,330,376,330,0,0,376,112,29.7872340425532,162,43.0851063829787,-50,-13.2978723404255,0,0,0,0,-50,316,0,1.13939393939394,0,0,0,0,0,0,0,0,0,0,438,4164,4139,4150,4153,2,13054,-88,9330,231,190,17,7224,52,520,25,250,4179,4153,26,260,917,176377,
7/28/2026 12:00:00 AM,+07:00,4143.2,4143.2,4131.8,4136.1,992,2205,992,0,0,2205,454,20.5895691609977,579,26.2585034013605,-125,-5.66893424036281,0,0,0,0,-125,-125,0,2.22278225806452,0,0,0,0,0,0,0,0,0,0,438,4164,4139,4150,4153,2,13054,-88,9330,231,190,17,7224,52,520,25,250,4179,4153,26,260,917,176377,
7/28/2026 12:30:00 AM,+07:00,4135.8,4138,4133.3,4137.7,193,287,193,0,0,287,70,24.390243902439,54,18.815331010453,16,5.57491289198606,0,0,0,0,16,-109,0,1.48704663212435,0,0,0,0,0,0,0,0,0,0,438,4164,4139,4150,4153,2,13054,-88,9330,231,190,17,7224,52,520,25,250,4179,4153,26,260,917,176377,
7/28/2026 1:00:00 AM,+07:00,4137.5,4140.3,4135.3,4137.6,81,89,81,0,0,89,25,28.0898876404494,26,29.2134831460674,-1,-1.12359550561798,0,0,0,0,-1,-110,0,1.09876543209877,0,0,0,0,0,0,0,0,0,0,438,4164,4139,4150,4153,2,13054,-88,9330,231,190,17,7224,52,520,25,250,4179,4153,26,260,917,176377,
7/28/2026 1:30:00 AM,+07:00,4137.8,4140.5,4134,4139.2,185,230,185,0,0,230,78,33.9130434782609,90,39.1304347826087,-12,-5.21739130434783,0,0,0,0,-12,-122,0,1.24324324324324,0,0,0,0,0,0,0,0,0,0,438,4164,4139,4150,4153,2,13054,-88,9330,231,190,17,7224,52,520,25,250,4179,4153,26,260,917,176377,
7/28/2026 2:00:00 AM,+07:00,4139.3,4149.7,4137.4,4147.1,176,226,176,0,0,226,41,18.141592920354,153,67.6991150442478,-112,-49.5575221238938,0,0,0,0,-112,-234,0,1.28409090909091,0,0,0,0,0,0,0,0,0,0,438,4164,4139,4150,4153,2,13054,-88,9330,231,190,17,7224,52,520,25,250,4179,4153,26,260,917,176377,
7/28/2026 2:30:00 AM,+07:00,4148,4151,4144.4,4144.7,128,151,128,0,0,151,50,33.112582781457,57,37.7483443708609,-7,-4.63576158940397,0,0,0,0,-7,-241,0,1.1796875,0,0,0,0,0,0,0,0,0,0,438,4164,4139,4150,4153,2,13054,-88,9330,231,190,17,7224,52,520,25,250,4179,4153,26,260,917,176377,
7/28/2026 3:00:00 AM,+07:00,4145.2,4145.5,4139,4140.1,115,198,115,0,0,198,59,29.7979797979798,119,60.1010101010101,-60,-30.3030303030303,0,0,0,0,-60,-301,0,1.72173913043478,0,0,0,0,0,0,0,0,0,0,438,4164,4139,4150,4153,2,13054,-88,9330,231,190,17,7224,52,520,25,250,4179,4153,26,260,917,176377,
7/28/2026 3:30:00 AM,+07:00,4140.1,4141,4137,4138.4,95,159,95,0,0,159,19,11.9496855345912,122,76.7295597484277,-103,-64.7798742138365,0,0,0,0,-103,-404,0,1.67368421052632,0,0,0,0,0,0,0,0,0,0,438,4164,4139,4150,4153,2,13054,-88,9330,231,190,17,7224,52,520,25,250,4179,4153,26,260,917,176377,
7/28/2026 5:00:00 AM,+07:00,4142,4145,4131.6,4133,103,117,103,0,0,117,23,19.6581196581197,30,25.6410256410256,-7,-5.98290598290598,0,0,0,0,-7,-411,0,1.13592233009709,0,0,0,0,0,0,0,0,0,0,445,4107,4081,4087,4108,-24,21081,-1271,16497,320,108,17,16898,74,740,26,260,4145,4132,13,130,150,203066,
7/28/2026 5:30:00 AM,+07:00,4134.4,4135.7,4134.4,4134.4,28,33,28,0,0,33,23,69.6969696969697,7,21.2121212121212,16,48.4848484848485,0,0,0,0,16,-395,0,1.17857142857143,0,0,0,0,0,0,0,0,0,0,445,4107,4081,4087,4108,-24,21081,-1271,16497,320,108,17,16898,74,740,26,260,4145,4132,13,130,150,203066,
7/28/2026 6:00:00 AM,+07:00,4134.4,4134.9,4133.8,4134.3,31,67,31,0,0,67,15,22.3880597014925,43,64.179104477612,-28,-41.7910447761194,0,0,0,0,-28,-423,0,2.16129032258064,0,0,0,0,0,0,0,0,0,0,445,4107,4081,4087,4108,-24,21081,-1271,16497,320,108,17,16898,74,740,26,260,4145,4132,13,130,150,203066,
7/28/2026 6:30:00 AM,+07:00,4133.4,4134.3,4130.3,4133.8,40,42,40,0,0,42,16,38.0952380952381,16,38.0952380952381,0,0,0,0,0,0,0,-423,0,1.05,0,0,0,0,0,0,0,0,0,0,445,4107,4081,4087,4108,-24,21081,-1271,16497,320,108,17,16898,74,740,26,260,4145,4132,13,130,150,203066,
7/28/2026 7:00:00 AM,+07:00,4134,4134,4119.1,4122.2,181,295,181,0,0,295,100,33.8983050847458,102,34.5762711864407,-2,-0.677966101694915,0,0,0,0,-2,-425,0,1.62983425414365,0,0,0,0,0,0,0,0,0,0,445,4107,4081,4087,4108,-24,21081,-1271,16497,320,108,17,16898,74,740,26,260,4145,4132,13,130,150,203066,
7/28/2026 7:30:00 AM,+07:00,4120.9,4125.1,4117.5,4118.2,117,132,117,0,0,132,48,36.3636363636364,73,55.3030303030303,-25,-18.9393939393939,0,0,0,0,-25,-450,0,1.12820512820513,0,0,0,0,0,0,0,0,0,0,445,4107,4081,4087,4108,-24,21081,-1271,16497,320,108,17,16898,74,740,26,260,4145,4132,13,130,150,203066,
7/28/2026 8:00:00 AM,+07:00,4118.3,4120.4,4106,4106.9,338,425,338,0,0,425,136,32,218,51.2941176470588,-82,-19.2941176470588,0,0,0,0,-82,-532,0,1.25739644970414,0,0,0,0,0,0,0,0,0,0,445,4107,4081,4087,4108,-24,21081,-1271,16497,320,108,17,16898,74,740,26,260,4145,4132,13,130,150,203066,
7/28/2026 8:30:00 AM,+07:00,4108.6,4110.5,4102.7,4105,162,188,162,0,0,188,70,37.2340425531915,88,46.8085106382979,-18,-9.57446808510638,0,0,0,0,-18,-550,0,1.16049382716049,0,0,0,0,0,0,0,0,0,0,445,4107,4081,4087,4108,-24,21081,-1271,16497,320,108,17,16898,74,740,26,260,4145,4132,13,130,150,203066,
7/28/2026 9:00:00 AM,+07:00,4105.5,4109,4102,4105.8,183,266,183,0,0,266,103,38.7218045112782,102,38.3458646616541,1,0.37593984962406,0,0,0,0,1,-549,0,1.45355191256831,0,0,0,0,0,0,0,0,0,0,445,4107,4081,4087,4108,-24,21081,-1271,16497,320,108,17,16898,74,740,26,260,4145,4132,13,130,150,203066,
7/28/2026 9:30:00 AM,+07:00,4105.3,4107.3,4100.2,4101.5,131,169,131,0,0,169,58,34.3195266272189,76,44.9704142011834,-18,-10.6508875739645,0,0,0,0,-18,-567,0,1.29007633587786,0,0,0,0,0,0,0,0,0,0,445,4107,4081,4087,4108,-24,21081,-1271,16497,320,108,17,16898,74,740,26,260,4145,4132,13,130,150,203066,
7/28/2026 10:00:00 AM,+07:00,4101.2,4109.1,4100,4107.4,167,202,167,0,0,202,120,59.4059405940594,41,20.2970297029703,79,39.1089108910891,0,0,0,0,79,-488,0,1.20958083832335,0,0,0,0,0,0,0,0,0,0,445,4107,4081,4087,4108,-24,21081,-1271,16497,320,108,17,16898,74,740,26,260,4145,4132,13,130,150,203066,
7/28/2026 10:30:00 AM,+07:00,4107.3,4110.7,4107.1,4109,88,92,88,0,0,92,61,66.304347826087,14,15.2173913043478,47,51.0869565217391,0,0,0,0,47,-441,0,1.04545454545455,0,0,0,0,0,0,0,0,0,0,445,4107,4081,4087,4108,-24,21081,-1271,16497,320,108,17,16898,74,740,26,260,4145,4132,13,130,150,203066,
7/28/2026 11:00:00 AM,+07:00,4108.2,4109.2,4102.6,4104.7,178,234,178,0,0,234,40,17.0940170940171,175,74.7863247863248,-135,-57.6923076923077,0,0,0,0,-135,-576,0,1.31460674157303,0,0,0,0,0,0,0,0,0,0,445,4107,4081,4087,4108,-24,21081,-1271,16497,320,108,17,16898,74,740,26,260,4145,4132,13,130,150,203066,
7/28/2026 11:30:00 AM,+07:00,4104.5,4107.3,4100.7,4101.4,79,90,79,0,0,90,37,41.1111111111111,27,30,10,11.1111111111111,0,0,0,0,10,-566,0,1.13924050632911,0,0,0,0,0,0,0,0,0,0,445,4107,4081,4087,4108,-24,21081,-1271,16497,320,108,17,16898,74,740,26,260,4145,4132,13,130,150,203066,
7/28/2026 12:00:00 PM,+07:00,4100.4,4103.1,4098.8,4101.5,137,177,137,0,0,177,64,36.1581920903955,48,27.1186440677966,16,9.03954802259887,0,0,0,0,16,-550,0,1.29197080291971,0,0,0,0,0,0,0,0,0,0,445,4107,4081,4087,4108,-24,21081,-1271,16497,320,108,17,16898,74,740,26,260,4145,4132,13,130,150,203066,
7/28/2026 12:30:00 PM,+07:00,4102.3,4106.3,4094.2,4105,191,247,191,0,0,247,99,40.080971659919,117,47.3684210526316,-18,-7.28744939271255,0,0,0,0,-18,-568,0,1.29319371727749,0,0,0,0,0,0,0,0,0,0,445,4107,4081,4087,4108,-24,21081,-1271,16497,320,108,17,16898,74,740,26,260,4145,4132,13,130,150,203066,
7/28/2026 1:00:00 PM,+07:00,4104.7,4109.1,4102.4,4107.2,242,315,242,0,0,315,109,34.6031746031746,111,35.2380952380952,-2,-0.634920634920635,0,0,0,0,-2,-570,0,1.30165289256198,0,0,0,0,0,0,0,0,0,0,445,4107,4081,4087,4108,-24,21081,-1271,16497,320,108,17,16898,74,740,26,260,4145,4132,13,130,150,203066,
7/28/2026 1:30:00 PM,+07:00,4107.3,4112,4107,4107.9,292,371,292,0,0,371,122,32.8840970350404,107,28.8409703504043,15,4.04312668463612,0,0,0,0,15,-555,0,1.27054794520548,0,0,0,0,0,0,0,0,0,0,445,4107,4081,4087,4108,-24,21081,-1271,16497,320,108,17,16898,74,740,26,260,4145,4132,13,130,150,203066,
7/28/2026 2:00:00 PM,+07:00,4108.3,4112.5,4107.3,4110.7,227,284,227,0,0,284,88,30.9859154929577,99,34.8591549295775,-11,-3.87323943661972,0,0,0,0,-11,-566,0,1.2511013215859,0,0,0,0,0,0,0,0,0,0,445,4107,4081,4087,4108,-24,21081,-1271,16497,320,108,17,16898,74,740,26,260,4145,4132,13,130,150,203066,
7/28/2026 2:30:00 PM,+07:00,4110.4,4110.5,4105.9,4107.3,162,196,162,0,0,196,33,16.8367346938776,99,50.5102040816326,-66,-33.6734693877551,0,0,0,0,-66,-632,0,1.20987654320988,0,0,0,0,0,0,0,0,0,0,445,4107,4081,4087,4108,-24,21081,-1271,16497,320,108,17,16898,74,740,26,260,4145,4132,13,130,150,203066,
7/28/2026 3:00:00 PM,+07:00,4106.7,4115.2,4103,4109.4,349,428,349,0,0,428,108,25.2336448598131,185,43.2242990654206,-77,-17.9906542056075,0,0,0,0,-77,-709,0,1.22636103151862,0,0,0,0,0,0,0,0,0,0,445,4107,4081,4087,4108,-24,21081,-1271,16497,320,108,17,16898,74,740,26,260,4145,4132,13,130,150,203066,
7/28/2026 3:30:00 PM,+07:00,4108.8,4108.8,4101.5,4105.2,234,341,234,0,0,341,88,25.8064516129032,117,34.3108504398827,-29,-8.50439882697947,0,0,0,0,-29,-738,0,1.45726495726496,0,0,0,0,0,0,0,0,0,0,445,4107,4081,4087,4108,-24,21081,-1271,16497,320,108,17,16898,74,740,26,260,4145,4132,13,130,150,203066,
7/28/2026 4:00:00 PM,+07:00,4105.6,4105.8,4099,4100.1,171,199,171,0,0,199,68,34.1708542713568,74,37.1859296482412,-6,-3.01507537688442,0,0,0,0,-6,-744,0,1.16374269005848,0,0,0,0,0,0,0,0,0,0,445,4107,4081,4087,4108,-24,21081,-1271,16497,320,108,17,16898,74,740,26,260,4145,4132,13,130,150,203066,
7/28/2026 4:30:00 PM,+07:00,4100.2,4100.2,4078,4083.1,589,799,589,0,0,799,192,24.0300375469337,298,37.29662077597,-106,-13.2665832290363,0,0,0,0,-106,-850,0,1.35653650254669,0,0,0,0,0,0,0,0,0,0,445,4107,4081,4087,4108,-24,21081,-1271,16497,320,108,17,16898,74,740,26,260,4145,4132,13,130,150,203066,
7/28/2026 5:00:00 PM,+07:00,4082.4,4086.8,4076.2,4077.4,398,526,398,0,0,526,163,30.9885931558935,170,32.319391634981,-7,-1.33079847908745,0,0,0,0,-7,-857,0,1.32160804020101,0,0,0,0,0,0,0,0,0,0,445,4107,4081,4087,4108,-24,21081,-1271,16497,320,108,17,16898,74,740,26,260,4145,4132,13,130,150,203066,
7/28/2026 5:30:00 PM,+07:00,4076.5,4087.4,4076.4,4085.2,285,348,285,0,0,348,109,31.3218390804598,119,34.1954022988506,-10,-2.8735632183908,0,0,0,0,-10,-867,0,1.22105263157895,0,0,0,0,0,0,0,0,0,0,445,4107,4081,4087,4108,-24,21081,-1271,16497,320,108,17,16898,74,740,26,260,4145,4132,13,130,150,203066,
7/28/2026 6:00:00 PM,+07:00,4085.6,4091.1,4082,4086,302,422,302,0,0,422,156,36.9668246445498,155,36.7298578199052,1,0.23696682464455,0,0,0,0,1,-866,0,1.39735099337748,0,0,0,0,0,0,0,0,0,0,445,4107,4081,4087,4108,-24,21081,-1271,16497,320,108,17,16898,74,740,26,260,4145,4132,13,130,150,203066,
7/28/2026 6:30:00 PM,+07:00,4086.5,4090.2,4082.9,4087.5,254,341,254,0,0,341,167,48.9736070381232,86,25.2199413489736,81,23.7536656891496,0,0,0,0,81,-785,0,1.34251968503937,0,0,0,0,0,0,0,0,0,0,445,4107,4081,4087,4108,-24,21081,-1271,16497,320,108,17,16898,74,740,26,260,4145,4132,13,130,150,203066,
7/28/2026 7:00:00 PM,+07:00,4087.3,4094,4082.4,4093.9,449,534,449,0,0,534,206,38.5767790262172,181,33.8951310861423,25,4.68164794007491,0,0,0,0,25,-760,0,1.18930957683742,0,0,0,0,0,0,0,0,0,0,445,4107,4081,4087,4108,-24,21081,-1271,16497,320,108,17,16898,74,740,26,260,4145,4132,13,130,150,203066,
7/28/2026 7:30:00 PM,+07:00,4094,4097.3,4084.6,4089.1,630,740,630,0,0,740,138,18.6486486486486,375,50.6756756756757,-237,-32.027027027027,0,0,0,0,-237,-997,0,1.17460317460317,0,0,0,0,0,0,0,0,0,0,445,4107,4081,4087,4108,-24,21081,-1271,16497,320,108,17,16898,74,740,26,260,4145,4132,13,130,150,203066,
7/28/2026 8:00:00 PM,+07:00,4089.1,4095.5,4088.1,4088.3,516,610,516,0,0,610,181,29.672131147541,312,51.1475409836066,-131,-21.4754098360656,0,0,0,0,-131,-1128,0,1.18217054263566,0,0,0,0,0,0,0,0,0,0,445,4107,4081,4087,4108,-24,21081,-1271,16497,320,108,17,16898,74,740,26,260,4145,4132,13,130,150,203066,
7/28/2026 8:30:00 PM,+07:00,4088.2,4092.4,4079.8,4081.6,1170,1342,1170,0,0,1342,434,32.3397913561848,471,35.096870342772,-37,-2.75707898658718,0,0,0,0,-37,-1165,0,1.14700854700855,0,0,0,0,0,0,0,0,0,0,445,4107,4081,4087,4108,-24,21081,-1271,16497,320,108,17,16898,74,740,26,260,4145,4132,13,130,150,203066,
7/28/2026 9:00:00 PM,+07:00,4081.2,4093.5,4071,4081.5,1541,2358,1541,0,0,2358,749,31.7642069550466,784,33.2485156912638,-35,-1.48430873621713,0,0,0,0,-35,-1200,0,1.53017521090201,0,0,0,0,0,0,0,0,0,0,445,4107,4081,4087,4108,-24,21081,-1271,16497,320,108,17,16898,74,740,26,260,4145,4132,13,130,150,203066,
7/28/2026 9:30:00 PM,+07:00,4081.6,4088.8,4078.1,4084.3,805,965,805,0,0,965,295,30.5699481865285,295,30.5699481865285,0,0,0,0,0,0,0,-1200,0,1.19875776397516,0,0,0,0,0,0,0,0,0,0,445,4107,4081,4087,4108,-24,21081,-1271,16497,320,108,17,16898,74,740,26,260,4145,4132,13,130,150,203066,
7/28/2026 10:00:00 PM,+07:00,4085,4101,4081.8,4095.2,959,1291,959,0,0,1291,381,29.5120061967467,394,30.5189775367932,-13,-1.00697134004648,0,0,0,0,-13,-1213,0,1.34619395203337,0,0,0,0,0,0,0,0,0,0,445,4107,4081,4087,4108,-24,21081,-1271,16497,320,108,17,16898,74,740,26,260,4145,4132,13,130,150,203066,
7/28/2026 10:30:00 PM,+07:00,4095.5,4107.3,4092.6,4106.3,716,952,716,0,0,952,350,36.7647058823529,227,23.8445378151261,123,12.9201680672269,0,0,0,0,123,-1090,0,1.32960893854749,0,0,0,0,0,0,0,0,0,0,445,4107,4081,4087,4108,-24,21081,-1271,16497,320,108,17,16898,74,740,26,260,4145,4132,13,130,150,203066,
7/28/2026 11:00:00 PM,+07:00,4106.4,4106.6,4102.1,4102.1,477,586,477,0,0,586,140,23.8907849829352,206,35.1535836177474,-66,-11.2627986348123,0,0,0,0,-66,-1156,0,1.22851153039832,0,0,0,0,0,0,0,0,0,0,445,4107,4081,4087,4108,-24,21081,-1271,16497,320,108,17,16898,74,740,26,260,4145,4132,13,130,150,203066,
7/28/2026 11:30:00 PM,+07:00,4102,4103.9,4096.7,4097.5,387,453,387,0,0,453,126,27.8145695364238,140,30.9050772626932,-14,-3.09050772626932,0,0,0,0,-14,-1170,0,1.17054263565891,0,0,0,0,0,0,0,0,0,0,445,4107,4081,4087,4108,-24,21081,-1271,16497,320,108,17,16898,74,740,26,260,4145,4132,13,130,150,203066,
7/29/2026 12:00:00 AM,+07:00,4097.9,4101.4,4095.2,4098.1,898,1034,898,0,0,1034,377,36.4603481624758,299,28.9168278529981,78,7.54352030947776,0,0,0,0,78,78,0,1.15144766146993,0,0,0,0,0,0,0,0,0,0,445,4107,4081,4087,4108,-24,21081,-1271,16497,320,108,17,16898,74,740,26,260,4145,4132,13,130,150,203066,
7/29/2026 12:30:00 AM,+07:00,4098.3,4098.3,4085.4,4088.2,505,659,505,0,0,659,216,32.7769347496206,292,44.309559939302,-76,-11.5326251896813,0,0,0,0,-76,2,0,1.3049504950495,0,0,0,0,0,0,0,0,0,0,445,4107,4081,4087,4108,-24,21081,-1271,16497,320,108,17,16898,74,740,26,260,4145,4132,13,130,150,203066,
7/29/2026 1:00:00 AM,+07:00,4088.5,4090.5,4086.2,4087.2,227,269,227,0,0,269,119,44.2379182156134,63,23.4200743494424,56,20.817843866171,0,0,0,0,56,58,0,1.18502202643172,0,0,0,0,0,0,0,0,0,0,445,4107,4081,4087,4108,-24,21081,-1271,16497,320,108,17,16898,74,740,26,260,4145,4132,13,130,150,203066,
7/29/2026 1:30:00 AM,+07:00,4087.1,4087.6,4081.4,4082.6,532,649,532,0,0,649,153,23.5747303543914,352,54.2372881355932,-199,-30.6625577812018,0,0,0,0,-199,-141,0,1.21992481203008,0,0,0,0,0,0,0,0,0,0,445,4107,4081,4087,4108,-24,21081,-1271,16497,320,108,17,16898,74,740,26,260,4145,4132,13,130,150,203066,
7/29/2026 2:00:00 AM,+07:00,4082.9,4085.6,4081.2,4082.3,490,624,490,0,0,624,116,18.5897435897436,368,58.974358974359,-252,-40.3846153846154,0,0,0,0,-252,-393,0,1.2734693877551,0,0,0,0,0,0,0,0,0,0,445,4107,4081,4087,4108,-24,21081,-1271,16497,320,108,17,16898,74,740,26,260,4145,4132,13,130,150,203066,
7/29/2026 2:30:00 AM,+07:00,4083.6,4087.4,4082.8,4085.7,325,415,325,0,0,415,88,21.2048192771084,196,47.2289156626506,-108,-26.0240963855422,0,0,0,0,-108,-501,0,1.27692307692308,0,0,0,0,0,0,0,0,0,0,445,4107,4081,4087,4108,-24,21081,-1271,16497,320,108,17,16898,74,740,26,260,4145,4132,13,130,150,203066,
7/29/2026 3:00:00 AM,+07:00,4085.3,4087.1,4082,4086.7,110,114,110,0,0,114,38,33.3333333333333,34,29.8245614035088,4,3.50877192982456,0,0,0,0,4,-497,0,1.03636363636364,0,0,0,0,0,0,0,0,0,0,445,4107,4081,4087,4108,-24,21081,-1271,16497,320,108,17,16898,74,740,26,260,4145,4132,13,130,150,203066,
7/29/2026 3:30:00 AM,+07:00,4087.1,4090.4,4086.9,4088.5,101,140,101,0,0,140,45,32.1428571428571,53,37.8571428571429,-8,-5.71428571428572,0,0,0,0,-8,-505,0,1.38613861386139,0,0,0,0,0,0,0,0,0,0,445,4107,4081,4087,4108,-24,21081,-1271,16497,320,108,17,16898,74,740,26,260,4145,4132,13,130,150,203066,
7/29/2026 5:00:00 AM,+07:00,4084,4092.4,4076,4079.6,621,675,621,0,0,675,210,31.1111111111111,252,37.3333333333333,-42,-6.22222222222222,0,0,0,0,-42,-547,0,1.08695652173913,0,0,0,0,0,0,0,0,0,0,664,4113,4061,4090,4116,14,113757,-2690,97819,357,291,16,70183,123,1230,52,520,4092,4073,19,190,1281,241826,
7/29/2026 5:30:00 AM,+07:00,4080.4,4080.5,4073,4077.7,556,606,556,0,0,606,215,35.4785478547855,207,34.1584158415842,8,1.32013201320132,0,0,0,0,8,-539,0,1.08992805755396,0,0,0,0,0,0,0,0,0,0,664,4113,4061,4090,4116,14,113757,-2690,97819,357,291,16,70183,123,1230,52,520,4092,4073,19,190,1281,241826,
7/29/2026 6:00:00 AM,+07:00,4077.2,4082.5,4074,4077.8,609,663,609,0,0,663,234,35.2941176470588,302,45.5505279034691,-68,-10.2564102564103,0,0,0,0,-68,-607,0,1.08866995073892,0,0,0,0,0,0,0,0,0,0,664,4113,4061,4090,4116,14,113757,-2690,97819,357,291,16,70183,123,1230,52,520,4092,4073,19,190,1281,241826,
7/29/2026 6:30:00 AM,+07:00,4077.9,4085.8,4076.9,4083.8,453,548,453,0,0,548,223,40.6934306569343,267,48.7226277372263,-44,-8.02919708029197,0,0,0,0,-44,-651,0,1.20971302428256,0,0,0,0,0,0,0,0,0,0,664,4113,4061,4090,4116,14,113757,-2690,97819,357,291,16,70183,123,1230,52,520,4092,4073,19,190,1281,241826,
7/29/2026 7:00:00 AM,+07:00,4084.5,4090.5,4076.8,4082.1,844,979,844,0,0,979,460,46.9867211440245,363,37.0786516853933,97,9.90806945863126,0,0,0,0,97,-554,0,1.15995260663507,0,0,0,0,0,0,0,0,0,0,664,4113,4061,4090,4116,14,113757,-2690,97819,357,291,16,70183,123,1230,52,520,4092,4073,19,190,1281,241826,
7/29/2026 7:30:00 AM,+07:00,4081.9,4087.4,4079.5,4080.9,503,526,503,0,0,526,199,37.8326996197719,259,49.2395437262357,-60,-11.4068441064639,0,0,0,0,-60,-614,0,1.04572564612326,0,0,0,0,0,0,0,0,0,0,664,4113,4061,4090,4116,14,113757,-2690,97819,357,291,16,70183,123,1230,52,520,4092,4073,19,190,1281,241826,
7/29/2026 8:00:00 AM,+07:00,4081.2,4081.2,4069.2,4077.7,1437,1663,1437,0,0,1663,578,34.7564642212868,750,45.0992182802165,-172,-10.3427540589296,0,0,0,0,-172,-786,0,1.15727209464161,0,0,0,0,0,0,0,0,0,0,664,4113,4061,4090,4116,14,113757,-2690,97819,357,291,16,70183,123,1230,52,520,4092,4073,19,190,1281,241826,
7/29/2026 8:30:00 AM,+07:00,4076.9,4089.6,4073.7,4085,1132,1235,1132,0,0,1235,493,39.919028340081,518,41.9433198380567,-25,-2.02429149797571,0,0,0,0,-25,-811,0,1.09098939929329,0,0,0,0,0,0,0,0,0,0,664,4113,4061,4090,4116,14,113757,-2690,97819,357,291,16,70183,123,1230,52,520,4092,4073,19,190,1281,241826,
7/29/2026 9:00:00 AM,+07:00,4084.6,4094.3,4081.9,4091.2,898,1029,898,0,0,1029,488,47.424684159378,384,37.3177842565598,104,10.1068999028183,0,0,0,0,104,-707,0,1.14587973273942,0,0,0,0,0,0,0,0,0,0,664,4113,4061,4090,4116,14,113757,-2690,97819,357,291,16,70183,123,1230,52,520,4092,4073,19,190,1281,241826,
7/29/2026 9:30:00 AM,+07:00,4092.1,4096.7,4088,4088,680,730,680,0,0,730,333,45.6164383561644,266,36.4383561643836,67,9.17808219178082,0,0,0,0,67,-640,0,1.07352941176471,0,0,0,0,0,0,0,0,0,0,664,4113,4061,4090,4116,14,113757,-2690,97819,357,291,16,70183,123,1230,52,520,4092,4073,19,190,1281,241826,
7/29/2026 10:00:00 AM,+07:00,4087.7,4091.3,4083.8,4085.6,650,722,650,0,0,722,377,52.2160664819945,258,35.7340720221607,119,16.4819944598338,0,0,0,0,119,-521,0,1.11076923076923,0,0,0,0,0,0,0,0,0,0,664,4113,4061,4090,4116,14,113757,-2690,97819,357,291,16,70183,123,1230,52,520,4092,4073,19,190,1281,241826,
7/29/2026 10:30:00 AM,+07:00,4084.6,4087.7,4081.1,4081.4,749,855,749,0,0,855,213,24.9122807017544,480,56.140350877193,-267,-31.2280701754386,0,0,0,0,-267,-788,0,1.1415220293725,0,0,0,0,0,0,0,0,0,0,664,4113,4061,4090,4116,14,113757,-2690,97819,357,291,16,70183,123,1230,52,520,4092,4073,19,190,1281,241826,
7/29/2026 11:00:00 AM,+07:00,4081.8,4083.5,4078.6,4081.6,511,545,511,0,0,545,220,40.3669724770642,177,32.4770642201835,43,7.88990825688074,0,0,0,0,43,-745,0,1.0665362035225,0,0,0,0,0,0,0,0,0,0,664,4113,4061,4090,4116,14,113757,-2690,97819,357,291,16,70183,123,1230,52,520,4092,4073,19,190,1281,241826,
7/29/2026 11:30:00 AM,+07:00,4081.6,4085.8,4081.6,4085.4,518,541,518,0,0,541,206,38.0776340110906,198,36.5988909426987,8,1.47874306839187,0,0,0,0,8,-737,0,1.04440154440154,0,0,0,0,0,0,0,0,0,0,664,4113,4061,4090,4116,14,113757,-2690,97819,357,291,16,70183,123,1230,52,520,4092,4073,19,190,1281,241826,
7/29/2026 12:00:00 PM,+07:00,4085.4,4089.6,4084.9,4088.6,672,705,672,0,0,705,256,36.3120567375887,291,41.2765957446808,-35,-4.9645390070922,0,0,0,0,-35,-772,0,1.04910714285714,0,0,0,0,0,0,0,0,0,0,664,4113,4061,4090,4116,14,113757,-2690,97819,357,291,16,70183,123,1230,52,520,4092,4073,19,190,1281,241826,
7/29/2026 12:30:00 PM,+07:00,4088.7,4098.3,4087.4,4091.1,1105,1238,1105,0,0,1238,430,34.7334410339257,559,45.1534733441034,-129,-10.4200323101777,0,0,0,0,-129,-901,0,1.12036199095023,0,0,0,0,0,0,0,0,0,0,664,4113,4061,4090,4116,14,113757,-2690,97819,357,291,16,70183,123,1230,52,520,4092,4073,19,190,1281,241826,
7/29/2026 1:00:00 PM,+07:00,4091.3,4101.1,4091.3,4099,1059,1151,1059,0,0,1151,552,47.9582971329279,399,34.6655082536924,153,13.2927888792354,0,0,0,0,153,-748,0,1.08687440982059,0,0,0,0,0,0,0,0,0,0,664,4113,4061,4090,4116,14,113757,-2690,97819,357,291,16,70183,123,1230,52,520,4092,4073,19,190,1281,241826,
7/29/2026 1:30:00 PM,+07:00,4099.2,4103,4098.3,4099.8,803,881,803,0,0,881,276,31.328036322361,377,42.7922814982974,-101,-11.4642451759364,0,0,0,0,-101,-849,0,1.09713574097136,0,0,0,0,0,0,0,0,0,0,664,4113,4061,4090,4116,14,113757,-2690,97819,357,291,16,70183,123,1230,52,520,4092,4073,19,190,1281,241826,
7/29/2026 2:00:00 PM,+07:00,4099.5,4106.6,4099.5,4105,1150,1371,1150,0,0,1371,604,44.0554339897885,546,39.8249452954048,58,4.23048869438366,0,0,0,0,58,-791,0,1.19217391304348,0,0,0,0,0,0,0,0,0,0,664,4113,4061,4090,4116,14,113757,-2690,97819,357,291,16,70183,123,1230,52,520,4092,4073,19,190,1281,241826,
7/29/2026 2:30:00 PM,+07:00,4105,4106.7,4101.5,4102.6,866,1008,866,0,0,1008,352,34.9206349206349,488,48.4126984126984,-136,-13.4920634920635,0,0,0,0,-136,-927,0,1.16397228637413,0,0,0,0,0,0,0,0,0,0,664,4113,4061,4090,4116,14,113757,-2690,97819,357,291,16,70183,123,1230,52,520,4092,4073,19,190,1281,241826,
7/29/2026 3:00:00 PM,+07:00,4103,4103.5,4094.6,4096.3,928,1039,928,0,0,1039,354,34.0712223291626,542,52.1655437921078,-188,-18.0943214629451,0,0,0,0,-188,-1115,0,1.11961206896552,0,0,0,0,0,0,0,0,0,0,664,4113,4061,4090,4116,14,113757,-2690,97819,357,291,16,70183,123,1230,52,520,4092,4073,19,190,1281,241826,
7/29/2026 3:30:00 PM,+07:00,4096.3,4099.4,4094.7,4096.5,823,979,823,0,0,979,402,41.0623084780388,488,49.8467824310521,-86,-8.78447395301328,0,0,0,0,-86,-1201,0,1.18955042527339,0,0,0,0,0,0,0,0,0,0,664,4113,4061,4090,4116,14,113757,-2690,97819,357,291,16,70183,123,1230,52,520,4092,4073,19,190,1281,241826,
7/29/2026 4:00:00 PM,+07:00,4096.8,4097.6,4092.5,4092.6,655,738,655,0,0,738,321,43.4959349593496,372,50.4065040650406,-51,-6.91056910569106,0,0,0,0,-51,-1252,0,1.12671755725191,0,0,0,0,0,0,0,0,0,0,664,4113,4061,4090,4116,14,113757,-2690,97819,357,291,16,70183,123,1230,52,520,4092,4073,19,190,1281,241826,
7/29/2026 4:30:00 PM,+07:00,4093,4095.5,4090.4,4091.9,1336,1536,1336,0,0,1536,629,40.9505208333333,760,49.4791666666667,-131,-8.52864583333333,0,0,0,0,-131,-1383,0,1.1497005988024,0,0,0,0,0,0,0,0,0,0,664,4113,4061,4090,4116,14,113757,-2690,97819,357,291,16,70183,123,1230,52,520,4092,4073,19,190,1281,241826,
7/29/2026 5:00:00 PM,+07:00,4091.5,4093.1,4089.2,4092.3,786,944,786,0,0,944,344,36.4406779661017,506,53.6016949152542,-162,-17.1610169491525,0,0,0,0,-162,-1545,0,1.20101781170483,0,0,0,0,0,0,0,0,0,0,664,4113,4061,4090,4116,14,113757,-2690,97819,357,291,16,70183,123,1230,52,520,4092,4073,19,190,1281,241826,
7/29/2026 5:30:00 PM,+07:00,4092,4093.7,4085.1,4086.1,735,864,735,0,0,864,333,38.5416666666667,403,46.6435185185185,-70,-8.10185185185185,0,0,0,0,-70,-1615,0,1.17551020408163,0,0,0,0,0,0,0,0,0,0,664,4113,4061,4090,4116,14,113757,-2690,97819,357,291,16,70183,123,1230,52,520,4092,4073,19,190,1281,241826,
7/29/2026 6:00:00 PM,+07:00,4086.8,4092.7,4084,4091.7,779,870,779,0,0,870,366,42.0689655172414,366,42.0689655172414,0,0,0,0,0,0,0,-1615,0,1.11681643132221,0,0,0,0,0,0,0,0,0,0,664,4113,4061,4090,4116,14,113757,-2690,97819,357,291,16,70183,123,1230,52,520,4092,4073,19,190,1281,241826,
7/29/2026 6:30:00 PM,+07:00,4092,4095.4,4089.6,4091.5,662,806,662,0,0,806,346,42.9280397022332,324,40.1985111662531,22,2.72952853598015,0,0,0,0,22,-1593,0,1.21752265861027,0,0,0,0,0,0,0,0,0,0,664,4113,4061,4090,4116,14,113757,-2690,97819,357,291,16,70183,123,1230,52,520,4092,4073,19,190,1281,241826,
7/29/2026 7:00:00 PM,+07:00,4091.7,4092.5,4070.8,4072,2671,3050,2671,0,0,3050,1085,35.5737704918033,1505,49.344262295082,-420,-13.7704918032787,0,0,0,0,-420,-2013,0,1.14189442156496,0,0,0,0,0,0,0,0,0,0,664,4113,4061,4090,4116,14,113757,-2690,97819,357,291,16,70183,123,1230,52,520,4092,4073,19,190,1281,241826,
7/29/2026 7:30:00 PM,+07:00,4071.2,4082.3,4067.4,4080.9,2440,2945,2440,0,0,2945,1230,41.7657045840408,1325,44.9915110356536,-95,-3.2258064516129,0,0,0,0,-95,-2108,0,1.20696721311475,0,0,0,0,0,0,0,0,0,0,664,4113,4061,4090,4116,14,113757,-2690,97819,357,291,16,70183,123,1230,52,520,4092,4073,19,190,1281,241826,
7/29/2026 8:00:00 PM,+07:00,4081.3,4084.8,4071.9,4072.5,3077,3930,3077,0,0,3930,1259,32.0356234096692,1681,42.7735368956743,-422,-10.7379134860051,0,0,0,0,-422,-2530,0,1.27721806954826,0,0,0,0,0,0,0,0,0,0,664,4113,4061,4090,4116,14,113757,-2690,97819,357,291,16,70183,123,1230,52,520,4092,4073,19,190,1281,241826,
7/29/2026 8:30:00 PM,+07:00,4072.8,4075.7,4060.3,4064.8,4120,4636,4120,0,0,4636,1546,33.3477135461605,1654,35.6773080241588,-108,-2.32959447799827,0,0,0,0,-108,-2638,0,1.1252427184466,0,0,0,0,0,0,0,0,0,0,664,4113,4061,4090,4116,14,113757,-2690,97819,357,291,16,70183,123,1230,52,520,4092,4073,19,190,1281,241826,
7/29/2026 9:00:00 PM,+07:00,4065.1,4068.4,4053.9,4063.9,5076,6119,5076,0,0,6119,2397,39.1730674946887,2922,47.7529008007844,-525,-8.57983330609577,0,0,0,0,-525,-3163,0,1.20547675334909,0,0,0,0,0,0,0,0,0,0,664,4113,4061,4090,4116,14,113757,-2690,97819,357,291,16,70183,123,1230,52,520,4092,4073,19,190,1281,241826,
7/29/2026 9:30:00 PM,+07:00,4063.6,4067.8,4056.4,4063.2,2051,2337,2051,0,0,2337,969,41.4634146341463,953,40.7787762088147,16,0.684638425331622,0,0,0,0,16,-3147,0,1.13944417357387,0,0,0,0,0,0,0,0,0,0,664,4113,4061,4090,4116,14,113757,-2690,97819,357,291,16,70183,123,1230,52,520,4092,4073,19,190,1281,241826,
7/29/2026 10:00:00 PM,+07:00,4063.6,4069.9,4061.7,4069.1,2037,2282,2037,0,0,2282,1172,51.3584574934268,705,30.8939526730938,467,20.464504820333,0,0,0,0,467,-2680,0,1.12027491408935,0,0,0,0,0,0,0,0,0,0,664,4113,4061,4090,4116,14,113757,-2690,97819,357,291,16,70183,123,1230,52,520,4092,4073,19,190,1281,241826,
7/29/2026 10:30:00 PM,+07:00,4069.2,4072.2,4065.4,4068.5,1860,2164,1860,0,0,2164,905,41.8207024029575,964,44.547134935305,-59,-2.7264325323475,0,0,0,0,-59,-2739,0,1.16344086021505,0,0,0,0,0,0,0,0,0,0,664,4113,4061,4090,4116,14,113757,-2690,97819,357,291,16,70183,123,1230,52,520,4092,4073,19,190,1281,241826,
7/29/2026 11:00:00 PM,+07:00,4068.5,4076.4,4066.3,4075.1,2653,3126,2653,0,0,3126,1291,41.2987843889955,1521,48.6564299424184,-230,-7.3576455534229,0,0,0,0,-230,-2969,0,1.17828872973992,0,0,0,0,0,0,0,0,0,0,664,4113,4061,4090,4116,14,113757,-2690,97819,357,291,16,70183,123,1230,52,520,4092,4073,19,190,1281,241826,
7/29/2026 11:30:00 PM,+07:00,4075,4091.7,4073.4,4086.1,2305,2836,2305,0,0,2836,1355,47.7785613540197,1199,42.277856135402,156,5.50070521861777,0,0,0,0,156,-2813,0,1.23036876355748,0,0,0,0,0,0,0,0,0,0,664,4113,4061,4090,4116,14,113757,-2690,97819,357,291,16,70183,123,1230,52,520,4092,4073,19,190,1281,241826,
7/30/2026 12:00:00 AM,+07:00,4086.2,4109.3,4086.1,4097.2,5880,6524,5880,0,0,6524,2507,38.4273451870018,3075,47.1336603310852,-568,-8.70631514408339,0,0,0,0,-568,-568,0,1.10952380952381,0,0,0,0,0,0,0,0,0,0,664,4113,4061,4090,4116,14,113757,-2690,97819,357,291,16,70183,123,1230,52,520,4092,4073,19,190,1281,241826,
7/30/2026 12:30:00 AM,+07:00,4097.1,4106.4,4094.1,4102.9,2163,2409,2163,0,0,2409,948,39.3524283935243,1036,43.005396430054,-88,-3.65296803652968,0,0,0,0,-88,-656,0,1.11373092926491,0,0,0,0,0,0,0,0,0,0,664,4113,4061,4090,4116,14,113757,-2690,97819,357,291,16,70183,123,1230,52,520,4092,4073,19,190,1281,241826,
7/30/2026 1:00:00 AM,+07:00,4103.1,4149.4,4101.3,4127,10190,11868,10190,0,0,11868,5099,42.9642736771149,4947,41.6835187057634,152,1.28075497135153,0,0,0,0,152,-504,0,1.16467124631992,0,0,0,0,0,0,0,0,0,0,664,4113,4061,4090,4116,14,113757,-2690,97819,357,291,16,70183,123,1230,52,520,4092,4073,19,190,1281,241826,
7/30/2026 1:30:00 AM,+07:00,4126.6,4170.3,4111.1,4166.8,10915,13064,10915,0,0,13064,5912,45.254133496632,5463,41.8172075933864,449,3.43692590324556,0,0,0,0,449,-55,0,1.19688502061383,0,0,0,0,0,0,0,0,0,0,664,4113,4061,4090,4116,14,113757,-2690,97819,357,291,16,70183,123,1230,52,520,4092,4073,19,190,1281,241826,
7/30/2026 2:00:00 AM,+07:00,4167.1,4176.8,4140.1,4143.6,7347,8732,7347,0,0,8732,3803,43.5524507558406,4108,47.0453504351809,-305,-3.49289967934036,0,0,0,0,-305,-360,0,1.18851231795291,0,0,0,0,0,0,0,0,0,0,664,4113,4061,4090,4116,14,113757,-2690,97819,357,291,16,70183,123,1230,52,520,4092,4073,19,190,1281,241826,
7/30/2026 2:30:00 AM,+07:00,4143.7,4147.8,4103.8,4104.7,6482,7258,6482,0,0,7258,2726,37.558556076054,3239,44.6266189032791,-513,-7.06806282722513,0,0,0,0,-513,-873,0,1.11971613699475,0,0,0,0,0,0,0,0,0,0,664,4113,4061,4090,4116,14,113757,-2690,97819,357,291,16,70183,123,1230,52,520,4092,4073,19,190,1281,241826,
7/30/2026 3:00:00 AM,+07:00,4104.2,4116.2,4101.7,4114.2,2624,3163,2624,0,0,3163,1469,46.4432500790389,1364,43.1236168194752,105,3.31963325956371,0,0,0,0,105,-768,0,1.20541158536585,0,0,0,0,0,0,0,0,0,0,664,4113,4061,4090,4116,14,113757,-2690,97819,357,291,16,70183,123,1230,52,520,4092,4073,19,190,1281,241826,
7/30/2026 3:30:00 AM,+07:00,4114.2,4128.9,4112.7,4126,1408,1867,1408,0,0,1867,1009,54.0439207284414,623,33.3690412426352,386,20.6748794858061,0,0,0,0,386,-382,0,1.32599431818182,0,0,0,0,0,0,0,0,0,0,664,4113,4061,4090,4116,14,113757,-2690,97819,357,291,16,70183,123,1230,52,520,4092,4073,19,190,1281,241826,
7/30/2026 5:00:00 AM,+07:00,4126.7,4135.5,4121.1,4132.7,1279,1452,1279,0,0,1452,579,39.8760330578512,753,51.8595041322314,-174,-11.9834710743802,0,0,0,0,-174,-556,0,1.13526192337764,0,0,0,0,0,0,0,0,0,0,616,4164,4111,4134,4133,3,109586,-1586,94819,300,303,13,77287,95,950,53,530,4148,4121,27,270,3005,275504,
7/30/2026 5:30:00 AM,+07:00,4132.5,4148.2,4130.5,4146.3,1387,1553,1387,0,0,1553,716,46.1043142305216,739,47.5853187379266,-23,-1.48100450740502,0,0,0,0,-23,-579,0,1.11968276856525,0,0,0,0,0,0,0,0,0,0,616,4164,4111,4134,4133,3,109586,-1586,94819,300,303,13,77287,95,950,53,530,4148,4121,27,270,3005,275504,
7/30/2026 6:00:00 AM,+07:00,4146.5,4158,4146.2,4151.1,1168,1312,1168,0,0,1312,568,43.2926829268293,513,39.1006097560976,55,4.19207317073171,0,0,0,0,55,-524,0,1.12328767123288,0,0,0,0,0,0,0,0,0,0,616,4164,4111,4134,4133,3,109586,-1586,94819,300,303,13,77287,95,950,53,530,4148,4121,27,270,3005,275504,
7/30/2026 6:30:00 AM,+07:00,4151.6,4152.5,4142,4142,817,849,817,0,0,849,276,32.5088339222615,477,56.1837455830389,-201,-23.6749116607774,0,0,0,0,-201,-725,0,1.03916768665851,0,0,0,0,0,0,0,0,0,0,616,4164,4111,4134,4133,3,109586,-1586,94819,300,303,13,77287,95,950,53,530,4148,4121,27,270,3005,275504,
7/30/2026 7:00:00 AM,+07:00,4142.5,4144.3,4130.1,4132.6,1469,1682,1469,0,0,1682,688,40.9036860879905,940,55.8858501783591,-252,-14.9821640903686,0,0,0,0,-252,-977,0,1.14499659632403,0,0,0,0,0,0,0,0,0,0,616,4164,4111,4134,4133,3,109586,-1586,94819,300,303,13,77287,95,950,53,530,4148,4121,27,270,3005,275504,
7/30/2026 7:30:00 AM,+07:00,4133.8,4134.3,4122.3,4129.7,1758,2079,1758,0,0,2079,946,45.5026455026455,1068,51.3708513708514,-122,-5.86820586820587,0,0,0,0,-122,-1099,0,1.18259385665529,0,0,0,0,0,0,0,0,0,0,616,4164,4111,4134,4133,3,109586,-1586,94819,300,303,13,77287,95,950,53,530,4148,4121,27,270,3005,275504,
7/30/2026 8:00:00 AM,+07:00,4130,4151.5,4127.8,4139,3524,4002,3524,0,0,4002,1935,48.3508245877062,1855,46.351824087956,80,1.99900049975012,0,0,0,0,80,-1019,0,1.13564131668558,0,0,0,0,0,0,0,0,0,0,616,4164,4111,4134,4133,3,109586,-1586,94819,300,303,13,77287,95,950,53,530,4148,4121,27,270,3005,275504,
7/30/2026 8:30:00 AM,+07:00,4138.8,4149,4138.2,4142.4,1309,1539,1309,0,0,1539,783,50.8771929824561,693,45.0292397660819,90,5.84795321637427,0,0,0,0,90,-929,0,1.17570664629488,0,0,0,0,0,0,0,0,0,0,616,4164,4111,4134,4133,3,109586,-1586,94819,300,303,13,77287,95,950,53,530,4148,4121,27,270,3005,275504,
7/30/2026 9:00:00 AM,+07:00,4142.1,4148,4137.5,4140.5,849,926,849,0,0,926,385,41.5766738660907,459,49.5680345572354,-74,-7.99136069114471,0,0,0,0,-74,-1003,0,1.0906949352179,0,0,0,0,0,0,0,0,0,0,616,4164,4111,4134,4133,3,109586,-1586,94819,300,303,13,77287,95,950,53,530,4148,4121,27,270,3005,275504,
7/30/2026 9:30:00 AM,+07:00,4140.2,4140.2,4120.7,4121.4,1440,1639,1440,0,0,1639,672,41.0006101281269,822,50.1525320317267,-150,-9.15192190359976,0,0,0,0,-150,-1153,0,1.13819444444444,0,0,0,0,0,0,0,0,0,0,616,4164,4111,4134,4133,3,109586,-1586,94819,300,303,13,77287,95,950,53,530,4148,4121,27,270,3005,275504,
7/30/2026 10:00:00 AM,+07:00,4121.1,4127.5,4109.9,4111.1,1641,1939,1641,0,0,1939,759,39.1438886023724,997,51.4182568334193,-238,-12.2743682310469,0,0,0,0,-238,-1391,0,1.18159658744668,0,0,0,0,0,0,0,0,0,0,616,4164,4111,4134,4133,3,109586,-1586,94819,300,303,13,77287,95,950,53,530,4148,4121,27,270,3005,275504,
7/30/2026 10:30:00 AM,+07:00,4111.3,4116.9,4107.6,4115.6,1346,1548,1346,0,0,1548,640,41.343669250646,751,48.5142118863049,-111,-7.17054263565892,0,0,0,0,-111,-1502,0,1.15007429420505,0,0,0,0,0,0,0,0,0,0,616,4164,4111,4134,4133,3,109586,-1586,94819,300,303,13,77287,95,950,53,530,4148,4121,27,270,3005,275504,
7/30/2026 11:00:00 AM,+07:00,4115.9,4117.1,4107.6,4110.7,786,855,786,0,0,855,338,39.5321637426901,431,50.4093567251462,-93,-10.8771929824561,0,0,0,0,-93,-1595,0,1.08778625954198,0,0,0,0,0,0,0,0,0,0,616,4164,4111,4134,4133,3,109586,-1586,94819,300,303,13,77287,95,950,53,530,4148,4121,27,270,3005,275504,
7/30/2026 11:30:00 AM,+07:00,4110.9,4110.9,4100.3,4102.5,1388,1541,1388,0,0,1541,557,36.145360155743,814,52.8228423101882,-257,-16.6774821544452,0,0,0,0,-257,-1852,0,1.11023054755043,0,0,0,0,0,0,0,0,0,0,616,4164,4111,4134,4133,3,109586,-1586,94819,300,303,13,77287,95,950,53,530,4148,4121,27,270,3005,275504,
7/30/2026 12:00:00 PM,+07:00,4102.2,4104,4093.9,4103.5,1362,1593,1362,0,0,1593,606,38.0414312617702,873,54.8022598870056,-267,-16.7608286252354,0,0,0,0,-267,-2119,0,1.16960352422908,0,0,0,0,0,0,0,0,0,0,616,4164,4111,4134,4133,3,109586,-1586,94819,300,303,13,77287,95,950,53,530,4148,4121,27,270,3005,275504,
7/30/2026 12:30:00 PM,+07:00,4103.2,4108,4085,4090.4,2702,3009,2702,0,0,3009,1331,44.2339647723496,1524,50.6480558325025,-193,-6.41409106015288,0,0,0,0,-193,-2312,0,1.11361954108068,0,0,0,0,0,0,0,0,0,0,616,4164,4111,4134,4133,3,109586,-1586,94819,300,303,13,77287,95,950,53,530,4148,4121,27,270,3005,275504,
7/30/2026 1:00:00 PM,+07:00,4090.8,4096.4,4086.3,4090.5,1615,1855,1615,0,0,1855,921,49.6495956873315,858,46.2533692722372,63,3.39622641509434,0,0,0,0,63,-2249,0,1.14860681114551,0,0,0,0,0,0,0,0,0,0,616,4164,4111,4134,4133,3,109586,-1586,94819,300,303,13,77287,95,950,53,530,4148,4121,27,270,3005,275504,
7/30/2026 1:30:00 PM,+07:00,4090.1,4098.1,4088.3,4093.8,1098,1348,1098,0,0,1348,540,40.0593471810089,751,55.7121661721068,-211,-15.6528189910979,0,0,0,0,-211,-2460,0,1.22768670309654,0,0,0,0,0,0,0,0,0,0,616,4164,4111,4134,4133,3,109586,-1586,94819,300,303,13,77287,95,950,53,530,4148,4121,27,270,3005,275504,
7/30/2026 2:00:00 PM,+07:00,4093.8,4108.5,4092.7,4103.2,2040,2351,2040,0,0,2351,1170,49.7660569970225,1027,43.6835389196087,143,6.08251807741387,0,0,0,0,143,-2317,0,1.15245098039216,0,0,0,0,0,0,0,0,0,0,616,4164,4111,4134,4133,3,109586,-1586,94819,300,303,13,77287,95,950,53,530,4148,4121,27,270,3005,275504,
7/30/2026 2:30:00 PM,+07:00,4103,4104.7,4093,4096.1,1344,1535,1344,0,0,1535,644,41.9543973941368,836,54.4625407166124,-192,-12.5081433224756,0,0,0,0,-192,-2509,0,1.1421130952381,0,0,0,0,0,0,0,0,0,0,616,4164,4111,4134,4133,3,109586,-1586,94819,300,303,13,77287,95,950,53,530,4148,4121,27,270,3005,275504,
7/30/2026 3:00:00 PM,+07:00,4096.1,4126.4,4093.9,4122,2712,3101,2712,0,0,3101,1512,48.7584650112867,1392,44.8887455659465,120,3.86971944534021,0,0,0,0,120,-2389,0,1.14343657817109,0,0,0,0,0,0,0,0,0,0,616,4164,4111,4134,4133,3,109586,-1586,94819,300,303,13,77287,95,950,53,530,4148,4121,27,270,3005,275504,
7/30/2026 3:30:00 PM,+07:00,4122.1,4130.9,4117.2,4119.2,2596,3112,2596,0,0,3112,1360,43.7017994858612,1359,43.6696658097686,1,0.032133676092545,0,0,0,0,1,-2388,0,1.19876733436055,0,0,0,0,0,0,0,0,0,0,616,4164,4111,4134,4133,3,109586,-1586,94819,300,303,13,77287,95,950,53,530,4148,4121,27,270,3005,275504,
7/30/2026 4:00:00 PM,+07:00,4119.4,4130.3,4118.3,4125.6,1923,2368,1923,0,0,2368,1140,48.1418918918919,1019,43.0320945945946,121,5.1097972972973,0,0,0,0,121,-2267,0,1.23140925637025,0,0,0,0,0,0,0,0,0,0,616,4164,4111,4134,4133,3,109586,-1586,94819,300,303,13,77287,95,950,53,530,4148,4121,27,270,3005,275504,
7/30/2026 4:30:00 PM,+07:00,4125.5,4131.5,4118.4,4121.5,2080,2585,2080,0,0,2585,1263,48.8588007736944,1216,47.0406189555126,47,1.81818181818182,0,0,0,0,47,-2220,0,1.24278846153846,0,0,0,0,0,0,0,0,0,0,616,4164,4111,4134,4133,3,109586,-1586,94819,300,303,13,77287,95,950,53,530,4148,4121,27,270,3005,275504,
7/30/2026 5:00:00 PM,+07:00,4121.8,4136.3,4121.2,4134.8,2850,3526,2850,0,0,3526,1908,54.1123085649461,1511,42.8530913216109,397,11.2592172433352,0,0,0,0,397,-1823,0,1.23719298245614,0,0,0,0,0,0,0,0,0,0,616,4164,4111,4134,4133,3,109586,-1586,94819,300,303,13,77287,95,950,53,530,4148,4121,27,270,3005,275504,
7/30/2026 5:30:00 PM,+07:00,4134.8,4142.2,4133.5,4136.4,2019,2419,2019,0,0,2419,1188,49.1112029764365,1037,42.86895411327,151,6.2422488631666,0,0,0,0,151,-1672,0,1.19811788013868,0,0,0,0,0,0,0,0,0,0,616,4164,4111,4134,4133,3,109586,-1586,94819,300,303,13,77287,95,950,53,530,4148,4121,27,270,3005,275504,
7/30/2026 6:00:00 PM,+07:00,4136.5,4141.5,4134.9,4136.6,1189,1366,1189,0,0,1366,593,43.411420204978,712,52.1229868228404,-119,-8.71156661786237,0,0,0,0,-119,-1791,0,1.1488645920942,0,0,0,0,0,0,0,0,0,0,616,4164,4111,4134,4133,3,109586,-1586,94819,300,303,13,77287,95,950,53,530,4148,4121,27,270,3005,275504,
7/30/2026 6:30:00 PM,+07:00,4136.7,4138.9,4133.6,4136,1269,1522,1269,0,0,1522,629,41.3272010512484,633,41.5900131406045,-4,-0.26281208935611,0,0,0,0,-4,-1795,0,1.19936958234831,0,0,0,0,0,0,0,0,0,0,616,4164,4111,4134,4133,3,109586,-1586,94819,300,303,13,77287,95,950,53,530,4148,4121,27,270,3005,275504,
7/30/2026 7:00:00 PM,+07:00,4136,4141,4129.8,4135.4,2162,2489,2162,0,0,2489,1096,44.0337484933708,1283,51.5468059461631,-187,-7.51305745279229,0,0,0,0,-187,-1982,0,1.15124884366327,0,0,0,0,0,0,0,0,0,0,616,4164,4111,4134,4133,3,109586,-1586,94819,300,303,13,77287,95,950,53,530,4148,4121,27,270,3005,275504,
7/30/2026 7:30:00 PM,+07:00,4139,4145.4,4125.4,4127.4,3442,4185,3442,0,0,4185,2038,48.6977299880526,1936,46.2604540023895,102,2.43727598566308,0,0,0,0,102,-1880,0,1.21586287042417,0,0,0,0,0,0,0,0,0,0,616,4164,4111,4134,4133,3,109586,-1586,94819,300,303,13,77287,95,950,53,530,4148,4121,27,270,3005,275504,
7/30/2026 8:00:00 PM,+07:00,4127.3,4142.2,4123.2,4138.6,3024,3310,3024,0,0,3310,1527,46.1329305135952,1597,48.2477341389728,-70,-2.11480362537764,0,0,0,0,-70,-1950,0,1.09457671957672,0,0,0,0,0,0,0,0,0,0,616,4164,4111,4134,4133,3,109586,-1586,94819,300,303,13,77287,95,950,53,530,4148,4121,27,270,3005,275504,
7/30/2026 8:30:00 PM,+07:00,4138.6,4172.5,4133.2,4172,10995,12573,10995,0,0,12573,6167,49.0495506243538,5648,44.9216575200827,519,4.12789310427106,0,0,0,0,519,-1431,0,1.14351978171896,0,0,0,0,0,0,0,0,0,0,616,4164,4111,4134,4133,3,109586,-1586,94819,300,303,13,77287,95,950,53,530,4148,4121,27,270,3005,275504,
7/30/2026 9:00:00 PM,+07:00,4172.1,4180.2,4145.6,4155.2,12388,14496,12388,0,0,14496,6700,46.219646799117,6804,46.9370860927152,-104,-0.717439293598234,0,0,0,0,-104,-1535,0,1.17016467549241,0,0,0,0,0,0,0,0,0,0,616,4164,4111,4134,4133,3,109586,-1586,94819,300,303,13,77287,95,950,53,530,4148,4121,27,270,3005,275504,
7/30/2026 9:30:00 PM,+07:00,4155.3,4172.7,4154,4159.1,4712,5355,4712,0,0,5355,2448,45.7142857142857,2525,47.1521942110177,-77,-1.43790849673203,0,0,0,0,-77,-1612,0,1.13646010186757,0,0,0,0,0,0,0,0,0,0,616,4164,4111,4134,4133,3,109586,-1586,94819,300,303,13,77287,95,950,53,530,4148,4121,27,270,3005,275504,
7/30/2026 10:00:00 PM,+07:00,4159.4,4159.4,4141.9,4155.1,3813,4243,3813,0,0,4243,1883,44.3789771388169,2014,47.4664152722131,-131,-3.08743813339618,0,0,0,0,-131,-1743,0,1.11277209546289,0,0,0,0,0,0,0,0,0,0,616,4164,4111,4134,4133,3,109586,-1586,94819,300,303,13,77287,95,950,53,530,4148,4121,27,270,3005,275504,
7/30/2026 10:30:00 PM,+07:00,4155,4169.2,4151.8,4167,2750,3127,2750,0,0,3127,1422,45.4748960665174,1502,48.0332587144228,-80,-2.55836264790534,0,0,0,0,-80,-1823,0,1.13709090909091,0,0,0,0,0,0,0,0,0,0,616,4164,4111,4134,4133,3,109586,-1586,94819,300,303,13,77287,95,950,53,530,4148,4121,27,270,3005,275504,
7/30/2026 11:00:00 PM,+07:00,4166.8,4178.3,4166.8,4175.4,3156,3570,3156,0,0,3570,1669,46.750700280112,1719,48.1512605042017,-50,-1.40056022408964,0,0,0,0,-50,-1873,0,1.13117870722433,0,0,0,0,0,0,0,0,0,0,616,4164,4111,4134,4133,3,109586,-1586,94819,300,303,13,77287,95,950,53,530,4148,4121,27,270,3005,275504,
7/30/2026 11:30:00 PM,+07:00,4175.4,4175.5,4166.1,4167.4,1417,1632,1417,103,93,1632,742,45.4656862745098,837,51.2867647058824,-95,-5.82107843137255,10,0.705716302046577,-83,-129,34,-1968,0,1.15172900494001,7.20388349514563,9,9,0.551470588235294,238,14.5833333333333,122,7.47549019607843,103,6.31127450980392,616,4164,4111,4134,4133,3,109586,-1586,94819,300,303,13,77287,95,950,53,530,4148,4121,27,270,3005,275504,
