bar_idx,datetime,price,bid_vol,ask_vol,volume,delta,trades,buy_trades,sell_trades,max_one_trade
0,2026-07-28 16:32:00,4041.3,1,0,1,-1,1,0,0,0
0,2026-07-28 16:32:00,4041.4,1,0,1,-1,1,0,0,0
0,2026-07-28 16:32:00,4041.5,2,3,5,1,5,0,0,0
0,2026-07-28 16:32:00,4041.7,0,1,1,1,1,0,0,0
0,2026-07-28 16:32:00,4042.0,0,2,2,2,2,0,0,0
0,2026-07-28 16:32:00,4042.1,1,17,18,16,18,0,0,0
0,2026-07-28 16:32:00,4042.2,5,1,6,-4,2,0,0,0
0,2026-07-28 16:32:00,4042.3,0,1,1,1,1,0,0,0
0,2026-07-28 16:32:00,4042.5,1,3,4,2,4,0,0,0
0,2026-07-28 16:32:00,4042.6,0,1,1,1,1,0,0,0
0,2026-07-28 16:32:00,4042.8,1,1,2,0,2,0,0,0
0,2026-07-28 16:32:00,4042.9,1,1,3,0,3,0,0,0
0,2026-07-28 16:32:00,4043.0,5,7,12,2,11,0,0,0
0,2026-07-28 16:32:00,4043.1,3,4,7,1,7,0,0,0
0,2026-07-28 16:32:00,4043.2,1,6,8,5,8,0,0,0
0,2026-07-28 16:32:00,4043.3,1,6,8,5,8,0,0,0
0,2026-07-28 16:32:00,4043.4,0,5,5,5,5,0,0,0
0,2026-07-28 16:32:00,4043.5,0,2,2,2,2,0,0,0
0,2026-07-28 16:32:00,4043.6,2,3,5,1,5,0,0,0
0,2026-07-28 16:32:00,4043.7,42,6,48,-36,20,0,0,0
0,2026-07-28 16:32:00,4043.8,8,6,15,-2,14,0,0,0
0,2026-07-28 16:32:00,4043.9,3,3,6,0,5,0,0,0
0,2026-07-28 16:32:00,4044.0,0,3,3,3,3,0,0,0
0,2026-07-28 16:32:00,4044.1,0,8,8,8,5,0,0,0
1,2026-07-28 16:33:00,4043.2,2,0,2,-2,2,0,0,0
1,2026-07-28 16:33:00,4043.4,1,0,1,-1,1,0,0,0
1,2026-07-28 16:33:00,4043.5,2,0,2,-2,2,0,0,0
1,2026-07-28 16:33:00,4043.6,1,2,3,1,3,0,0,0
1,2026-07-28 16:33:00,4043.7,7,2,9,-5,9,0,0,0
1,2026-07-28 16:33:00,4043.8,1,2,3,1,3,0,0,0
1,2026-07-28 16:33:00,4043.9,2,5,7,3,6,0,0,0
1,2026-07-28 16:33:00,4044.0,0,1,1,1,1,0,0,0
2,2026-07-28 16:34:00,4043.0,1,0,2,-1,2,0,0,0
2,2026-07-28 16:34:00,4043.1,1,0,1,-1,1,0,0,0
2,2026-07-28 16:34:00,4043.2,4,0,4,-4,4,0,0,0
2,2026-07-28 16:34:00,4043.3,3,1,4,-2,4,0,0,0
2,2026-07-28 16:34:00,4043.4,5,0,6,-5,6,0,0,0
2,2026-07-28 16:34:00,4043.5,15,2,17,-13,17,0,0,0
2,2026-07-28 16:34:00,4043.6,4,3,7,-1,7,0,0,0
2,2026-07-28 16:34:00,4043.7,1,3,4,2,4,0,0,0
2,2026-07-28 16:34:00,4043.8,0,7,7,7,6,0,0,0
2,2026-07-28 16:34:00,4043.9,6,3,9,-3,4,0,0,0
2,2026-07-28 16:34:00,4044.0,0,4,5,4,5,0,0,0
3,2026-07-28 16:35:00,4043.0,2,0,2,-2,2,0,0,0
3,2026-07-28 16:35:00,4043.1,3,1,4,-2,4,0,0,0
3,2026-07-28 16:35:00,4043.2,8,2,11,-6,5,0,0,0
3,2026-07-28 16:35:00,4043.3,0,2,3,2,3,0,0,0
3,2026-07-28 16:35:00,4043.4,1,5,6,4,6,0,0,0
3,2026-07-28 16:35:00,4043.5,0,6,8,6,8,0,0,0
3,2026-07-28 16:35:00,4043.6,0,4,4,4,4,0,0,0
3,2026-07-28 16:35:00,4043.7,0,1,1,1,1,0,0,0
3,2026-07-28 16:35:00,4043.8,0,1,1,1,1,0,0,0
3,2026-07-28 16:35:00,4043.9,0,1,1,1,1,0,0,0
4,2026-07-28 16:36:00,4042.4,2,0,4,-2,4,0,0,0
4,2026-07-28 16:36:00,4042.5,5,0,5,-5,5,0,0,0
4,2026-07-28 16:36:00,4042.6,5,1,7,-4,7,0,0,0
4,2026-07-28 16:36:00,4042.7,7,3,12,-4,11,0,0,0
4,2026-07-28 16:36:00,4042.8,2,6,8,4,8,0,0,0
4,2026-07-28 16:36:00,4042.9,1,7,8,6,8,0,0,0
4,2026-07-28 16:36:00,4043.0,3,4,7,1,6,0,0,0
4,2026-07-28 16:36:00,4043.2,0,1,1,1,1,0,0,0
4,2026-07-28 16:36:00,4043.3,0,0,1,0,1,0,0,0
4,2026-07-28 16:36:00,4043.4,1,0,1,-1,1,0,0,0
4,2026-07-28 16:36:00,4043.5,3,0,3,-3,3,0,0,0
4,2026-07-28 16:36:00,4043.6,0,1,1,1,1,0,0,0
4,2026-07-28 16:36:00,4043.7,2,0,2,-2,2,0,0,0
4,2026-07-28 16:36:00,4043.8,2,0,2,-2,2,0,0,0
4,2026-07-28 16:36:00,4043.9,4,0,4,-4,4,0,0,0
4,2026-07-28 16:36:00,4044.0,0,1,1,1,1,0,0,0
5,2026-07-28 16:37:00,4041.6,1,0,1,-1,1,0,0,0
5,2026-07-28 16:37:00,4041.7,6,0,6,-6,6,0,0,0
5,2026-07-28 16:37:00,4041.8,9,3,12,-6,11,0,0,0
5,2026-07-28 16:37:00,4041.9,3,3,6,0,6,0,0,0
5,2026-07-28 16:37:00,4042.0,1,3,4,2,4,0,0,0
5,2026-07-28 16:37:00,4042.1,1,2,3,1,3,0,0,0
5,2026-07-28 16:37:00,4042.2,3,1,4,-2,4,0,0,0
5,2026-07-28 16:37:00,4042.3,2,3,5,1,4,0,0,0
5,2026-07-28 16:37:00,4042.4,1,0,1,-1,1,0,0,0
5,2026-07-28 16:37:00,4042.6,0,1,1,1,1,0,0,0
6,2026-07-28 16:38:00,4042.2,1,0,1,-1,1,0,0,0
6,2026-07-28 16:38:00,4042.4,0,2,3,2,3,0,0,0
6,2026-07-28 16:38:00,4042.5,8,2,11,-6,5,0,0,0
6,2026-07-28 16:38:00,4042.6,0,3,3,3,3,0,0,0
6,2026-07-28 16:38:00,4042.7,0,3,3,3,3,0,0,0
6,2026-07-28 16:38:00,4042.8,0,3,3,3,3,0,0,0
6,2026-07-28 16:38:00,4042.9,1,1,3,0,3,0,0,0
6,2026-07-28 16:38:00,4043.0,0,2,2,2,2,0,0,0
6,2026-07-28 16:38:00,4043.1,0,1,1,1,1,0,0,0
7,2026-07-28 16:39:00,4042.1,1,0,1,-1,1,0,0,0
7,2026-07-28 16:39:00,4042.3,0,1,1,1,1,0,0,0
7,2026-07-28 16:39:00,4042.4,2,0,3,-2,3,0,0,0
7,2026-07-28 16:39:00,4042.7,2,0,2,-2,2,0,0,0
7,2026-07-28 16:39:00,4042.8,2,0,2,-2,2,0,0,0
7,2026-07-28 16:39:00,4042.9,0,0,1,0,1,0,0,0
7,2026-07-28 16:39:00,4043.0,3,1,4,-2,4,0,0,0
7,2026-07-28 16:39:00,4043.1,0,2,2,2,2,0,0,0
7,2026-07-28 16:39:00,4043.2,0,2,2,2,2,0,0,0
8,2026-07-28 16:40:00,4042.2,1,0,1,-1,1,0,0,0
8,2026-07-28 16:40:00,4042.3,1,2,3,1,3,0,0,0
8,2026-07-28 16:40:00,4042.4,0,1,1,1,1,0,0,0
8,2026-07-28 16:40:00,4042.5,0,2,2,2,2,0,0,0
8,2026-07-28 16:40:00,4042.6,0,1,1,1,1,0,0,0
8,2026-07-28 16:40:00,4042.7,2,0,2,-2,2,0,0,0
8,2026-07-28 16:40:00,4042.8,0,1,1,1,1,0,0,0
8,2026-07-28 16:40:00,4042.9,0,1,1,1,1,0,0,0
8,2026-07-28 16:40:00,4043.0,2,3,8,1,8,0,0,0
8,2026-07-28 16:40:00,4043.1,1,1,6,0,6,0,0,0
8,2026-07-28 16:40:00,4043.2,0,5,6,5,6,0,0,0
8,2026-07-28 16:40:00,4043.3,1,1,2,0,2,0,0,0
8,2026-07-28 16:40:00,4043.4,0,1,1,1,1,0,0,0
8,2026-07-28 16:40:00,4043.5,0,2,2,2,2,0,0,0
9,2026-07-28 16:41:00,4041.3,2,0,2,-2,2,0,0,0
9,2026-07-28 16:41:00,4041.4,4,0,4,-4,4,0,0,0
9,2026-07-28 16:41:00,4041.5,8,5,13,-3,12,0,0,0
9,2026-07-28 16:41:00,4041.6,1,2,3,1,3,0,0,0
9,2026-07-28 16:41:00,4041.7,1,2,3,1,3,0,0,0
9,2026-07-28 16:41:00,4041.8,2,1,3,-1,3,0,0,0
9,2026-07-28 16:41:00,4041.9,1,1,3,0,3,0,0,0
9,2026-07-28 16:41:00,4042.4,4,0,5,-4,5,0,0,0
10,2026-07-28 16:42:00,4041.1,2,0,2,-2,2,0,0,0
10,2026-07-28 16:42:00,4041.2,2,0,2,-2,2,0,0,0
10,2026-07-28 16:42:00,4041.3,0,1,1,1,1,0,0,0
10,2026-07-28 16:42:00,4041.4,2,3,5,1,5,0,0,0
10,2026-07-28 16:42:00,4041.5,1,4,5,3,3,0,0,0
10,2026-07-28 16:42:00,4041.6,3,18,21,15,11,0,0,0
10,2026-07-28 16:42:00,4041.7,0,2,2,2,2,0,0,0
10,2026-07-28 16:42:00,4041.8,1,1,3,0,3,0,0,0
10,2026-07-28 16:42:00,4041.9,3,1,4,-2,4,0,0,0
10,2026-07-28 16:42:00,4042.0,0,1,1,1,1,0,0,0
11,2026-07-28 16:43:00,4041.7,2,1,3,-1,3,0,0,0
11,2026-07-28 16:43:00,4041.8,0,0,1,0,1,0,0,0
11,2026-07-28 16:43:00,4042.0,0,3,3,3,3,0,0,0
11,2026-07-28 16:43:00,4042.1,0,1,1,1,1,0,0,0
11,2026-07-28 16:43:00,4042.2,5,0,6,-5,3,0,0,0
11,2026-07-28 16:43:00,4042.3,0,4,5,4,5,0,0,0
11,2026-07-28 16:43:00,4042.4,0,0,1,0,1,0,0,0
12,2026-07-28 16:44:00,4040.4,3,0,3,-3,3,0,0,0
12,2026-07-28 16:44:00,4040.5,4,1,5,-3,3,0,0,0
12,2026-07-28 16:44:00,4040.6,1,1,2,0,2,0,0,0
12,2026-07-28 16:44:00,4040.7,1,3,6,2,6,0,0,0
12,2026-07-28 16:44:00,4040.8,1,2,3,1,3,0,0,0
12,2026-07-28 16:44:00,4040.9,0,2,2,2,2,0,0,0
12,2026-07-28 16:44:00,4041.0,3,4,7,1,7,0,0,0
12,2026-07-28 16:44:00,4041.1,5,0,5,-5,5,0,0,0
12,2026-07-28 16:44:00,4041.2,4,0,4,-4,4,0,0,0
12,2026-07-28 16:44:00,4041.3,0,2,3,2,3,0,0,0
12,2026-07-28 16:44:00,4041.4,0,1,1,1,1,0,0,0
12,2026-07-28 16:44:00,4041.5,4,0,4,-4,3,0,0,0
12,2026-07-28 16:44:00,4041.6,2,0,2,-2,2,0,0,0
12,2026-07-28 16:44:00,4041.7,0,1,1,1,1,0,0,0
12,2026-07-28 16:44:00,4041.8,1,0,1,-1,1,0,0,0
12,2026-07-28 16:44:00,4041.9,4,0,5,-4,5,0,0,0
12,2026-07-28 16:44:00,4042.0,1,1,2,0,2,0,0,0
12,2026-07-28 16:44:00,4042.1,4,0,4,-4,4,0,0,0
12,2026-07-28 16:44:00,4042.2,2,2,4,0,3,0,0,0
13,2026-07-28 16:45:00,4039.8,1,0,1,-1,1,0,0,0
13,2026-07-28 16:45:00,4039.9,3,0,5,-3,5,0,0,0
13,2026-07-28 16:45:00,4040.0,3,0,4,-3,4,0,0,0
13,2026-07-28 16:45:00,4040.1,0,1,2,1,2,0,0,0
13,2026-07-28 16:45:00,4040.2,2,0,4,-2,4,0,0,0
13,2026-07-28 16:45:00,4040.3,4,0,4,-4,4,0,0,0
13,2026-07-28 16:45:00,4040.4,7,0,8,-7,8,0,0,0
13,2026-07-28 16:45:00,4040.5,0,3,3,3,3,0,0,0
13,2026-07-28 16:45:00,4040.6,4,2,9,-2,7,0,0,0
13,2026-07-28 16:45:00,4040.7,3,0,4,-3,4,0,0,0
13,2026-07-28 16:45:00,4040.8,10,2,12,-8,12,0,0,0
13,2026-07-28 16:45:00,4040.9,7,5,12,-2,12,0,0,0
13,2026-07-28 16:45:00,4041.0,5,8,15,3,15,0,0,0
13,2026-07-28 16:45:00,4041.1,3,9,12,6,12,0,0,0
13,2026-07-28 16:45:00,4041.2,4,3,7,-1,7,0,0,0
13,2026-07-28 16:45:00,4041.3,0,5,5,5,5,0,0,0
13,2026-07-28 16:45:00,4041.4,1,5,6,4,5,0,0,0
13,2026-07-28 16:45:00,4041.5,0,5,5,5,5,0,0,0
13,2026-07-28 16:45:00,4041.6,0,3,3,3,3,0,0,0
13,2026-07-28 16:45:00,4041.7,0,1,1,1,1,0,0,0
14,2026-07-28 16:46:00,4038.1,3,1,6,-2,6,0,0,0
14,2026-07-28 16:46:00,4038.2,1,0,2,-1,2,0,0,0
14,2026-07-28 16:46:00,4038.3,2,1,4,-1,4,0,0,0
14,2026-07-28 16:46:00,4038.4,4,1,7,-3,7,0,0,0
14,2026-07-28 16:46:00,4038.5,0,1,1,1,1,0,0,0
14,2026-07-28 16:46:00,4038.6,2,1,5,-1,5,0,0,0
14,2026-07-28 16:46:00,4038.7,1,0,2,-1,2,0,0,0
14,2026-07-28 16:46:00,4038.8,3,6,9,3,8,0,0,0
14,2026-07-28 16:46:00,4038.9,3,1,4,-2,4,0,0,0
14,2026-07-28 16:46:00,4039.0,1,1,2,0,2,0,0,0
14,2026-07-28 16:46:00,4039.1,1,0,1,-1,1,0,0,0
14,2026-07-28 16:46:00,4039.2,0,1,2,1,2,0,0,0
14,2026-07-28 16:46:00,4039.4,2,0,2,-2,2,0,0,0
14,2026-07-28 16:46:00,4039.5,8,5,13,-3,13,0,0,0
14,2026-07-28 16:46:00,4039.6,1,0,4,-1,4,0,0,0
14,2026-07-28 16:46:00,4039.7,7,0,7,-7,7,0,0,0
14,2026-07-28 16:46:00,4039.8,5,6,11,1,9,0,0,0
14,2026-07-28 16:46:00,4039.9,2,3,5,1,4,0,0,0
14,2026-07-28 16:46:00,4040.0,5,31,36,26,8,0,0,0
14,2026-07-28 16:46:00,4040.1,1,1,3,0,3,0,0,0
14,2026-07-28 16:46:00,4040.2,0,3,3,3,3,0,0,0
14,2026-07-28 16:46:00,4040.3,0,2,2,2,2,0,0,0
15,2026-07-28 16:47:00,4038.0,13,0,13,-13,5,0,0,0
15,2026-07-28 16:47:00,4038.1,2,0,2,-2,2,0,0,0
15,2026-07-28 16:47:00,4038.2,3,0,3,-3,3,0,0,0
15,2026-07-28 16:47:00,4038.3,5,0,6,-5,6,0,0,0
15,2026-07-28 16:47:00,4038.4,5,0,6,-5,6,0,0,0
15,2026-07-28 16:47:00,4038.5,8,2,10,-6,8,0,0,0
15,2026-07-28 16:47:00,4038.6,3,0,3,-3,3,0,0,0
15,2026-07-28 16:47:00,4038.7,0,2,2,2,2,0,0,0
15,2026-07-28 16:47:00,4038.8,0,2,2,2,2,0,0,0
15,2026-07-28 16:47:00,4038.9,2,3,5,1,5,0,0,0
15,2026-07-28 16:47:00,4039.0,0,1,1,1,1,0,0,0
15,2026-07-28 16:47:00,4039.1,0,1,1,1,1,0,0,0
15,2026-07-28 16:47:00,4039.2,3,2,5,-1,5,0,0,0
15,2026-07-28 16:47:00,4039.3,1,1,2,0,2,0,0,0
15,2026-07-28 16:47:00,4039.4,1,2,3,1,3,0,0,0
15,2026-07-28 16:47:00,4039.5,2,12,14,10,8,0,0,0
15,2026-07-28 16:47:00,4039.6,1,3,4,2,4,0,0,0
15,2026-07-28 16:47:00,4039.7,3,16,19,13,10,0,0,0
15,2026-07-28 16:47:00,4039.8,1,3,4,2,4,0,0,0
15,2026-07-28 16:47:00,4039.9,21,8,31,-13,24,0,0,0
15,2026-07-28 16:47:00,4040.0,4,4,9,0,9,0,0,0
15,2026-07-28 16:47:00,4040.1,1,3,6,2,6,0,0,0
15,2026-07-28 16:47:00,4040.2,1,2,4,1,4,0,0,0
15,2026-07-28 16:47:00,4040.3,1,0,1,-1,1,0,0,0
15,2026-07-28 16:47:00,4040.4,0,1,1,1,1,0,0,0
15,2026-07-28 16:47:00,4040.5,0,1,1,1,1,0,0,0
16,2026-07-28 16:48:00,4038.2,2,0,2,-2,2,0,0,0
16,2026-07-28 16:48:00,4038.3,4,0,4,-4,3,0,0,0
16,2026-07-28 16:48:00,4038.4,5,0,5,-5,5,0,0,0
16,2026-07-28 16:48:00,4038.5,4,0,4,-4,3,0,0,0
16,2026-07-28 16:48:00,4038.6,7,9,17,2,10,0,0,0
16,2026-07-28 16:48:00,4038.7,5,1,6,-4,6,0,0,0
16,2026-07-28 16:48:00,4038.8,1,6,7,5,2,0,0,0
16,2026-07-28 16:48:00,4038.9,0,3,3,3,3,0,0,0
16,2026-07-28 16:48:00,4039.0,2,1,3,-1,2,0,0,0
16,2026-07-28 16:48:00,4039.1,0,2,2,2,2,0,0,0
16,2026-07-28 16:48:00,4039.2,6,0,6,-6,6,0,0,0
16,2026-07-28 16:48:00,4039.3,8,0,8,-8,8,0,0,0
16,2026-07-28 16:48:00,4039.4,5,2,8,-3,8,0,0,0
16,2026-07-28 16:48:00,4039.5,9,0,13,-9,12,0,0,0
16,2026-07-28 16:48:00,4039.6,1,2,3,1,3,0,0,0
16,2026-07-28 16:48:00,4039.7,0,2,2,2,2,0,0,0
16,2026-07-28 16:48:00,4039.8,0,1,1,1,1,0,0,0
17,2026-07-28 16:49:00,4037.7,2,0,2,-2,2,0,0,0
17,2026-07-28 16:49:00,4037.8,7,1,8,-6,8,0,0,0
17,2026-07-28 16:49:00,4037.9,14,26,47,12,31,0,0,0
17,2026-07-28 16:49:00,4038.0,12,0,12,-12,4,0,0,0
17,2026-07-28 16:49:00,4038.1,5,1,8,-4,8,0,0,0
17,2026-07-28 16:49:00,4038.2,2,5,7,3,7,0,0,0
17,2026-07-28 16:49:00,4038.3,1,5,6,4,6,0,0,0
17,2026-07-28 16:49:00,4038.4,3,3,6,0,6,0,0,0
17,2026-07-28 16:49:00,4038.5,5,2,7,-3,6,0,0,0
17,2026-07-28 16:49:00,4038.6,0,9,9,9,6,0,0,0
17,2026-07-28 16:49:00,4038.7,1,0,1,-1,1,0,0,0
17,2026-07-28 16:49:00,4038.8,2,1,3,-1,3,0,0,0
17,2026-07-28 16:49:00,4039.0,0,1,1,1,1,0,0,0
18,2026-07-28 16:50:00,4037.8,2,0,2,-2,2,0,0,0
18,2026-07-28 16:50:00,4037.9,4,0,4,-4,4,0,0,0
18,2026-07-28 16:50:00,4038.0,6,0,6,-6,6,0,0,0
18,2026-07-28 16:50:00,4038.1,8,2,12,-6,9,0,0,0
18,2026-07-28 16:50:00,4038.2,4,5,12,1,12,0,0,0
18,2026-07-28 16:50:00,4038.3,7,7,16,0,15,0,0,0
18,2026-07-28 16:50:00,4038.4,2,3,5,1,4,0,0,0
18,2026-07-28 16:50:00,4038.5,1,2,4,1,4,0,0,0
18,2026-07-28 16:50:00,4038.6,1,2,5,1,5,0,0,0
18,2026-07-28 16:50:00,4038.7,0,0,2,0,2,0,0,0
19,2026-07-28 16:51:00,4037.6,8,0,8,-8,1,0,0,0
19,2026-07-28 16:51:00,4037.7,0,4,4,4,4,0,0,0
19,2026-07-28 16:51:00,4037.8,0,1,1,1,1,0,0,0
19,2026-07-28 16:51:00,4037.9,0,1,1,1,1,0,0,0
19,2026-07-28 16:51:00,4038.0,2,2,4,0,4,0,0,0
19,2026-07-28 16:51:00,4038.1,2,1,4,-1,3,0,0,0
19,2026-07-28 16:51:00,4038.2,2,1,3,-1,3,0,0,0
19,2026-07-28 16:51:00,4038.3,1,0,3,-1,3,0,0,0
19,2026-07-28 16:51:00,4038.4,0,1,2,1,2,0,0,0
19,2026-07-28 16:51:00,4038.5,1,2,4,1,4,0,0,0
19,2026-07-28 16:51:00,4038.6,0,0,1,0,1,0,0,0
19,2026-07-28 16:51:00,4038.7,0,2,2,2,2,0,0,0
20,2026-07-28 16:52:00,4037.3,0,2,2,2,1,0,0,0
20,2026-07-28 16:52:00,4037.4,2,0,2,-2,1,0,0,0
20,2026-07-28 16:52:00,4037.5,1,0,1,-1,1,0,0,0
20,2026-07-28 16:52:00,4037.6,1,0,1,-1,1,0,0,0
20,2026-07-28 16:52:00,4037.7,2,1,3,-1,3,0,0,0
20,2026-07-28 16:52:00,4037.9,2,0,2,-2,2,0,0,0
20,2026-07-28 16:52:00,4038.0,8,0,8,-8,8,0,0,0
20,2026-07-28 16:52:00,4038.1,4,1,5,-3,5,0,0,0
20,2026-07-28 16:52:00,4038.2,4,2,7,-2,7,0,0,0
20,2026-07-28 16:52:00,4038.3,8,1,9,-7,5,0,0,0
20,2026-07-28 16:52:00,4038.4,0,1,2,1,2,0,0,0
20,2026-07-28 16:52:00,4038.5,2,6,8,4,8,0,0,0
21,2026-07-28 16:53:00,4036.9,2,0,2,-2,2,0,0,0
21,2026-07-28 16:53:00,4037.0,2,0,2,-2,2,0,0,0
21,2026-07-28 16:53:00,4037.1,3,0,3,-3,3,0,0,0
21,2026-07-28 16:53:00,4037.2,1,0,1,-1,1,0,0,0
21,2026-07-28 16:53:00,4037.3,3,0,3,-3,3,0,0,0
21,2026-07-28 16:53:00,4037.4,1,1,2,0,2,0,0,0
21,2026-07-28 16:53:00,4037.5,1,0,1,-1,1,0,0,0
21,2026-07-28 16:53:00,4037.6,0,1,1,1,1,0,0,0
21,2026-07-28 16:53:00,4037.7,0,0,1,0,1,0,0,0
21,2026-07-28 16:53:00,4037.8,1,0,1,-1,1,0,0,0
21,2026-07-28 16:53:00,4037.9,4,1,7,-3,7,0,0,0
21,2026-07-28 16:53:00,4038.0,4,2,7,-2,7,0,0,0
21,2026-07-28 16:53:00,4038.1,2,4,6,2,6,0,0,0
21,2026-07-28 16:53:00,4038.2,1,1,2,0,2,0,0,0
21,2026-07-28 16:53:00,4038.3,0,1,1,1,1,0,0,0
22,2026-07-28 16:54:00,4037.9,0,2,2,2,2,0,0,0
22,2026-07-28 16:54:00,4038.0,0,2,3,2,3,0,0,0
22,2026-07-28 16:54:00,4038.1,0,2,2,2,2,0,0,0
22,2026-07-28 16:54:00,4038.2,2,4,6,2,4,0,0,0
22,2026-07-28 16:54:00,4038.4,0,3,3,3,2,0,0,0
22,2026-07-28 16:54:00,4038.5,0,2,2,2,2,0,0,0
22,2026-07-28 16:54:00,4038.6,0,1,1,1,1,0,0,0
23,2026-07-28 16:55:00,4037.8,1,0,1,-1,1,0,0,0
23,2026-07-28 16:55:00,4037.9,2,0,2,-2,2,0,0,0
23,2026-07-28 16:55:00,4038.0,4,3,8,-1,7,0,0,0
23,2026-07-28 16:55:00,4038.1,0,0,2,0,2,0,0,0
23,2026-07-28 16:55:00,4038.2,1,4,5,3,5,0,0,0
23,2026-07-28 16:55:00,4038.3,1,1,2,0,2,0,0,0
23,2026-07-28 16:55:00,4038.4,1,0,1,-1,1,0,0,0
23,2026-07-28 16:55:00,4038.5,4,2,6,-2,5,0,0,0
24,2026-07-28 16:56:00,4036.6,7,0,7,-7,1,0,0,0
24,2026-07-28 16:56:00,4036.7,1,0,1,-1,1,0,0,0
24,2026-07-28 16:56:00,4036.8,5,0,5,-5,5,0,0,0
24,2026-07-28 16:56:00,4036.9,3,0,5,-3,5,0,0,0
24,2026-07-28 16:56:00,4037.0,4,2,7,-2,7,0,0,0
24,2026-07-28 16:56:00,4037.1,1,1,2,0,2,0,0,0
24,2026-07-28 16:56:00,4037.2,5,2,7,-3,5,0,0,0
24,2026-07-28 16:56:00,4037.4,3,1,6,-2,6,0,0,0
24,2026-07-28 16:56:00,4037.5,2,1,4,-1,4,0,0,0
24,2026-07-28 16:56:00,4037.6,4,1,5,-3,4,0,0,0
24,2026-07-28 16:56:00,4037.7,8,0,8,-8,4,0,0,0
25,2026-07-28 16:57:00,4037.0,3,1,4,-2,4,0,0,0
25,2026-07-28 16:57:00,4037.2,5,2,8,-3,6,0,0,0
25,2026-07-28 16:57:00,4037.3,0,0,1,0,1,0,0,0
25,2026-07-28 16:57:00,4037.4,0,0,1,0,1,0,0,0
26,2026-07-28 16:58:00,4037.0,1,0,1,-1,1,0,0,0
26,2026-07-28 16:58:00,4037.2,0,1,1,1,1,0,0,0
26,2026-07-28 16:58:00,4037.3,3,7,10,4,9,0,0,0
26,2026-07-28 16:58:00,4037.4,1,3,4,2,4,0,0,0
26,2026-07-28 16:58:00,4037.5,1,0,1,-1,1,0,0,0
27,2026-07-28 16:59:00,4037.0,1,0,1,-1,1,0,0,0
27,2026-07-28 16:59:00,4037.1,0,1,1,1,1,0,0,0
27,2026-07-28 16:59:00,4037.2,0,2,2,2,2,0,0,0
27,2026-07-28 16:59:00,4037.3,2,4,7,2,7,0,0,0
27,2026-07-28 16:59:00,4037.4,0,3,3,3,3,0,0,0
27,2026-07-28 16:59:00,4037.5,0,4,4,4,4,0,0,0
27,2026-07-28 16:59:00,4037.6,2,5,10,3,10,0,0,0
27,2026-07-28 16:59:00,4037.7,0,8,8,8,3,0,0,0
27,2026-07-28 16:59:00,4037.8,2,6,8,4,8,0,0,0
27,2026-07-28 16:59:00,4037.9,2,3,6,1,6,0,0,0
27,2026-07-28 16:59:00,4038.0,1,23,24,22,6,0,0,0
27,2026-07-28 16:59:00,4038.1,0,6,7,6,7,0,0,0
27,2026-07-28 16:59:00,4038.2,0,5,6,5,6,0,0,0
27,2026-07-28 16:59:00,4038.3,0,3,3,3,3,0,0,0
28,2026-07-28 17:00:00,4037.7,1,0,1,-1,1,0,0,0
28,2026-07-28 17:00:00,4037.8,3,0,3,-3,2,0,0,0
28,2026-07-28 17:00:00,4037.9,3,0,3,-3,2,0,0,0
28,2026-07-28 17:00:00,4038.0,2,0,3,-2,3,0,0,0
28,2026-07-28 17:00:00,4038.2,0,1,2,1,2,0,0,0
28,2026-07-28 17:00:00,4038.3,3,0,4,-3,4,0,0,0
28,2026-07-28 17:00:00,4038.4,3,0,3,-3,3,0,0,0
28,2026-07-28 17:00:00,4038.5,4,2,6,-2,6,0,0,0
28,2026-07-28 17:00:00,4038.6,1,0,1,-1,1,0,0,0
28,2026-07-28 17:00:00,4038.7,2,1,4,-1,4,0,0,0
28,2026-07-28 17:00:00,4038.9,1,1,2,0,2,0,0,0
28,2026-07-28 17:00:00,4039.0,0,2,4,2,4,0,0,0
29,2026-07-28 17:01:00,4038.3,1,0,1,-1,1,0,0,0
29,2026-07-28 17:01:00,4038.4,6,0,6,-6,2,0,0,0
29,2026-07-28 17:01:00,4038.5,2,1,3,-1,3,0,0,0
29,2026-07-28 17:01:00,4038.6,0,2,3,2,3,0,0,0
29,2026-07-28 17:01:00,4038.7,0,1,1,1,1,0,0,0
29,2026-07-28 17:01:00,4038.8,1,0,1,-1,1,0,0,0
29,2026-07-28 17:01:00,4039.0,2,7,9,5,8,0,0,0
29,2026-07-28 17:01:00,4039.1,1,2,5,1,4,0,0,0
29,2026-07-28 17:01:00,4039.3,1,0,1,-1,1,0,0,0
29,2026-07-28 17:01:00,4039.4,0,1,1,1,1,0,0,0
30,2026-07-28 17:02:00,4037.6,0,0,1,0,1,0,0,0
30,2026-07-28 17:02:00,4037.7,1,0,1,-1,1,0,0,0
30,2026-07-28 17:02:00,4037.9,1,0,2,-1,2,0,0,0
30,2026-07-28 17:02:00,4038.0,3,1,4,-2,4,0,0,0
30,2026-07-28 17:02:00,4038.1,0,1,1,1,1,0,0,0
30,2026-07-28 17:02:00,4038.2,1,1,3,0,3,0,0,0
30,2026-07-28 17:02:00,4038.3,7,0,7,-7,4,0,0,0
30,2026-07-28 17:02:00,4038.5,1,0,1,-1,1,0,0,0
30,2026-07-28 17:02:00,4038.6,4,0,5,-4,5,0,0,0
30,2026-07-28 17:02:00,4038.7,1,0,1,-1,1,0,0,0
30,2026-07-28 17:02:00,4038.9,0,1,1,1,1,0,0,0
30,2026-07-28 17:02:00,4039.0,0,3,3,3,3,0,0,0
30,2026-07-28 17:02:00,4039.1,0,2,3,2,3,0,0,0
30,2026-07-28 17:02:00,4039.2,1,2,3,1,3,0,0,0
30,2026-07-28 17:02:00,4039.3,0,7,7,7,6,0,0,0
30,2026-07-28 17:02:00,4039.4,1,10,11,9,10,0,0,0
30,2026-07-28 17:02:00,4039.5,0,5,5,5,5,0,0,0
31,2026-07-28 17:03:00,4037.7,0,0,1,0,1,0,0,0
31,2026-07-28 17:03:00,4037.8,2,3,9,1,7,0,0,0
31,2026-07-28 17:03:00,4037.9,9,1,14,-8,13,0,0,0
31,2026-07-28 17:03:00,4038.0,1,0,1,-1,1,0,0,0
31,2026-07-28 17:03:00,4038.1,4,0,5,-4,5,0,0,0
31,2026-07-28 17:03:00,4038.2,2,2,7,0,7,0,0,0
31,2026-07-28 17:03:00,4038.3,1,4,7,3,5,0,0,0
31,2026-07-28 17:03:00,4038.4,2,0,3,-2,3,0,0,0
31,2026-07-28 17:03:00,4038.5,2,1,3,-1,3,0,0,0
31,2026-07-28 17:03:00,4038.6,0,2,3,2,3,0,0,0
31,2026-07-28 17:03:00,4038.7,2,2,4,0,4,0,0,0
31,2026-07-28 17:03:00,4038.8,0,1,1,1,1,0,0,0
31,2026-07-28 17:03:00,4038.9,7,3,10,-4,5,0,0,0
31,2026-07-28 17:03:00,4039.0,0,1,1,1,1,0,0,0
32,2026-07-28 17:04:00,4038.0,1,0,1,-1,1,0,0,0
32,2026-07-28 17:04:00,4038.1,0,1,2,1,2,0,0,0
32,2026-07-28 17:04:00,4038.2,0,1,1,1,1,0,0,0
32,2026-07-28 17:04:00,4038.3,0,6,6,6,3,0,0,0
32,2026-07-28 17:04:00,4038.8,0,2,2,2,2,0,0,0
32,2026-07-28 17:04:00,4038.9,0,0,1,0,1,0,0,0
32,2026-07-28 17:04:00,4039.0,0,1,2,1,2,0,0,0
32,2026-07-28 17:04:00,4039.1,0,2,2,2,2,0,0,0
32,2026-07-28 17:04:00,4039.2,1,2,3,1,3,0,0,0
32,2026-07-28 17:04:00,4039.3,1,1,2,0,2,0,0,0
32,2026-07-28 17:04:00,4039.4,0,2,2,2,2,0,0,0
32,2026-07-28 17:04:00,4039.5,0,1,1,1,1,0,0,0
32,2026-07-28 17:04:00,4039.6,0,0,1,0,1,0,0,0
32,2026-07-28 17:04:00,4039.7,0,1,1,1,1,0,0,0
32,2026-07-28 17:04:00,4039.8,0,5,5,5,5,0,0,0
32,2026-07-28 17:04:00,4039.9,0,3,3,3,3,0,0,0
32,2026-07-28 17:04:00,4040.0,2,30,32,28,32,0,0,0
32,2026-07-28 17:04:00,4040.1,4,1,5,-3,5,0,0,0
32,2026-07-28 17:04:00,4040.2,0,1,1,1,1,0,0,0
32,2026-07-28 17:04:00,4040.3,0,3,3,3,3,0,0,0
32,2026-07-28 17:04:00,4040.4,0,1,1,1,1,0,0,0
33,2026-07-28 17:05:00,4039.8,2,0,2,-2,2,0,0,0
33,2026-07-28 17:05:00,4039.9,2,0,2,-2,2,0,0,0
33,2026-07-28 17:05:00,4040.2,1,1,2,0,2,0,0,0
33,2026-07-28 17:05:00,4040.4,3,1,4,-2,4,0,0,0
33,2026-07-28 17:05:00,4040.5,4,2,6,-2,6,0,0,0
33,2026-07-28 17:05:00,4040.6,3,1,4,-2,4,0,0,0
33,2026-07-28 17:05:00,4040.7,1,4,6,3,5,0,0,0
33,2026-07-28 17:05:00,4040.8,5,1,6,-4,5,0,0,0
33,2026-07-28 17:05:00,4040.9,1,2,4,1,4,0,0,0
33,2026-07-28 17:05:00,4041.0,5,9,14,4,12,0,0,0
33,2026-07-28 17:05:00,4041.1,2,0,3,-2,3,0,0,0
33,2026-07-28 17:05:00,4041.2,2,1,3,-1,3,0,0,0
33,2026-07-28 17:05:00,4041.3,0,4,4,4,4,0,0,0
33,2026-07-28 17:05:00,4041.4,0,2,2,2,2,0,0,0
33,2026-07-28 17:05:00,4041.5,5,1,6,-4,2,0,0,0
34,2026-07-28 17:06:00,4038.4,3,1,4,-2,2,0,0,0
34,2026-07-28 17:06:00,4038.6,1,0,1,-1,1,0,0,0
34,2026-07-28 17:06:00,4038.8,1,0,1,-1,1,0,0,0
34,2026-07-28 17:06:00,4038.9,1,1,2,0,2,0,0,0
34,2026-07-28 17:06:00,4039.0,7,3,12,-4,11,0,0,0
34,2026-07-28 17:06:00,4039.1,0,6,6,6,6,0,0,0
34,2026-07-28 17:06:00,4039.2,1,3,4,2,4,0,0,0
34,2026-07-28 17:06:00,4039.3,1,1,2,0,2,0,0,0
34,2026-07-28 17:06:00,4039.4,3,3,6,0,4,0,0,0
34,2026-07-28 17:06:00,4039.5,2,3,6,1,6,0,0,0
34,2026-07-28 17:06:00,4039.6,1,2,3,1,3,0,0,0
34,2026-07-28 17:06:00,4039.7,1,0,1,-1,1,0,0,0
34,2026-07-28 17:06:00,4039.8,0,1,2,1,2,0,0,0
34,2026-07-28 17:06:00,4039.9,1,0,1,-1,1,0,0,0
34,2026-07-28 17:06:00,4040.0,14,1,15,-13,7,0,0,0
34,2026-07-28 17:06:00,4040.1,5,0,5,-5,5,0,0,0
34,2026-07-28 17:06:00,4040.2,1,0,2,-1,2,0,0,0
34,2026-07-28 17:06:00,4040.3,6,0,6,-6,6,0,0,0
34,2026-07-28 17:06:00,4040.4,4,2,7,-2,7,0,0,0
34,2026-07-28 17:06:00,4040.5,0,2,4,2,4,0,0,0
34,2026-07-28 17:06:00,4040.6,3,0,4,-3,4,0,0,0
34,2026-07-28 17:06:00,4040.7,1,1,2,0,2,0,0,0
35,2026-07-28 17:07:00,4039.7,1,0,1,-1,1,0,0,0
35,2026-07-28 17:07:00,4039.9,2,0,2,-2,2,0,0,0
35,2026-07-28 17:07:00,4040.0,2,0,2,-2,2,0,0,0
35,2026-07-28 17:07:00,4040.1,3,0,3,-3,3,0,0,0
35,2026-07-28 17:07:00,4040.2,2,2,4,0,4,0,0,0
35,2026-07-28 17:07:00,4040.3,1,1,2,0,2,0,0,0
35,2026-07-28 17:07:00,4040.4,1,0,1,-1,1,0,0,0
35,2026-07-28 17:07:00,4040.5,0,1,1,1,1,0,0,0
36,2026-07-28 17:08:00,4039.4,1,0,1,-1,1,0,0,0
36,2026-07-28 17:08:00,4039.5,4,1,5,-3,5,0,0,0
36,2026-07-28 17:08:00,4039.6,2,2,4,0,4,0,0,0
36,2026-07-28 17:08:00,4039.7,1,1,3,0,3,0,0,0
36,2026-07-28 17:08:00,4039.8,4,1,6,-3,6,0,0,0
36,2026-07-28 17:08:00,4039.9,5,1,6,-4,6,0,0,0
36,2026-07-28 17:08:00,4040.0,27,3,30,-24,10,0,0,0
36,2026-07-28 17:08:00,4040.1,2,3,8,1,8,0,0,0
36,2026-07-28 17:08:00,4040.2,0,5,5,5,5,0,0,0
36,2026-07-28 17:08:00,4040.3,0,2,2,2,2,0,0,0
36,2026-07-28 17:08:00,4040.4,3,4,8,1,6,0,0,0
37,2026-07-28 17:09:00,4038.5,3,0,3,-3,3,0,0,0
37,2026-07-28 17:09:00,4038.6,4,0,4,-4,4,0,0,0
37,2026-07-28 17:09:00,4038.7,9,1,10,-8,6,0,0,0
37,2026-07-28 17:09:00,4038.8,3,2,5,-1,5,0,0,0
37,2026-07-28 17:09:00,4038.9,2,0,2,-2,2,0,0,0
37,2026-07-28 17:09:00,4039.0,1,0,1,-1,1,0,0,0
37,2026-07-28 17:09:00,4039.1,1,1,2,0,2,0,0,0
37,2026-07-28 17:09:00,4039.2,0,3,4,3,4,0,0,0
37,2026-07-28 17:09:00,4039.4,0,1,2,1,2,0,0,0
37,2026-07-28 17:09:00,4039.6,2,0,4,-2,4,0,0,0
37,2026-07-28 17:09:00,4039.7,0,1,1,1,1,0,0,0
38,2026-07-28 17:10:00,4037.8,1,0,1,-1,1,0,0,0
38,2026-07-28 17:10:00,4037.9,2,0,2,-2,2,0,0,0
38,2026-07-28 17:10:00,4038.0,2,2,4,0,3,0,0,0
38,2026-07-28 17:10:00,4038.1,3,0,3,-3,2,0,0,0
38,2026-07-28 17:10:00,4038.2,5,2,7,-3,7,0,0,0
38,2026-07-28 17:10:00,4038.3,4,2,6,-2,5,0,0,0
38,2026-07-28 17:10:00,4038.4,2,5,8,3,8,0,0,0
38,2026-07-28 17:10:00,4038.5,2,1,4,-1,3,0,0,0
38,2026-07-28 17:10:00,4038.6,3,3,7,0,5,0,0,0
38,2026-07-28 17:10:00,4038.7,1,3,4,2,4,0,0,0
38,2026-07-28 17:10:00,4038.8,0,3,3,3,3,0,0,0
38,2026-07-28 17:10:00,4039.0,0,20,20,20,4,0,0,0
39,2026-07-28 17:11:00,4037.3,0,0,1,0,1,0,0,0
39,2026-07-28 17:11:00,4037.4,0,0,2,0,2,0,0,0
39,2026-07-28 17:11:00,4037.5,0,0,3,0,3,0,0,0
39,2026-07-28 17:11:00,4037.6,2,5,9,3,9,0,0,0
39,2026-07-28 17:11:00,4037.7,1,2,3,1,3,0,0,0
39,2026-07-28 17:11:00,4037.8,2,1,3,-1,3,0,0,0
39,2026-07-28 17:11:00,4037.9,1,0,1,-1,1,0,0,0
39,2026-07-28 17:11:00,4038.0,0,2,2,2,2,0,0,0
39,2026-07-28 17:11:00,4038.1,1,0,1,-1,1,0,0,0
39,2026-07-28 17:11:00,4038.4,1,0,3,-1,3,0,0,0
39,2026-07-28 17:11:00,4038.6,1,0,1,-1,1,0,0,0
39,2026-07-28 17:11:00,4038.7,1,1,2,0,2,0,0,0
39,2026-07-28 17:11:00,4038.9,1,0,1,-1,1,0,0,0
40,2026-07-28 17:12:00,4035.6,1,0,1,-1,1,0,0,0
40,2026-07-28 17:12:00,4035.7,2,0,2,-2,2,0,0,0
40,2026-07-28 17:12:00,4035.8,3,0,3,-3,3,0,0,0
40,2026-07-28 17:12:00,4036.0,1,4,5,3,4,0,0,0
40,2026-07-28 17:12:00,4036.3,1,2,3,1,3,0,0,0
40,2026-07-28 17:12:00,4036.4,0,2,2,2,2,0,0,0
40,2026-07-28 17:12:00,4036.5,0,1,1,1,1,0,0,0
40,2026-07-28 17:12:00,4036.6,11,1,15,-10,8,0,0,0
40,2026-07-28 17:12:00,4036.7,2,1,3,-1,3,0,0,0
40,2026-07-28 17:12:00,4036.8,4,1,5,-3,5,0,0,0
40,2026-07-28 17:12:00,4036.9,4,0,4,-4,4,0,0,0
40,2026-07-28 17:12:00,4037.0,29,70,99,41,39,0,0,0
40,2026-07-28 17:12:00,4037.1,7,1,9,-6,9,0,0,0
40,2026-07-28 17:12:00,4037.2,7,2,9,-5,9,0,0,0
40,2026-07-28 17:12:00,4037.3,4,5,9,1,9,0,0,0
40,2026-07-28 17:12:00,4037.4,8,7,15,-1,15,0,0,0
40,2026-07-28 17:12:00,4037.5,3,3,6,0,6,0,0,0
40,2026-07-28 17:12:00,4037.6,4,2,6,-2,6,0,0,0
40,2026-07-28 17:12:00,4037.7,1,0,1,-1,1,0,0,0
40,2026-07-28 17:12:00,4037.8,4,0,5,-4,5,0,0,0
40,2026-07-28 17:12:00,4037.9,1,5,6,4,5,0,0,0
40,2026-07-28 17:12:00,4038.0,2,8,10,6,5,0,0,0
40,2026-07-28 17:12:00,4038.1,3,6,9,3,9,0,0,0
40,2026-07-28 17:12:00,4038.2,0,3,3,3,3,0,0,0
41,2026-07-28 17:13:00,4035.9,1,0,1,-1,1,0,0,0
41,2026-07-28 17:13:00,4036.0,2,0,3,-2,3,0,0,0
41,2026-07-28 17:13:00,4036.1,0,0,1,0,1,0,0,0
41,2026-07-28 17:13:00,4036.3,3,2,5,-1,5,0,0,0
41,2026-07-28 17:13:00,4036.4,6,0,6,-6,6,0,0,0
41,2026-07-28 17:13:00,4036.5,3,1,4,-2,4,0,0,0
41,2026-07-28 17:13:00,4036.6,1,1,2,0,2,0,0,0
41,2026-07-28 17:13:00,4036.7,5,2,7,-3,4,0,0,0
41,2026-07-28 17:13:00,4036.8,2,0,2,-2,2,0,0,0
41,2026-07-28 17:13:00,4036.9,1,2,3,1,3,0,0,0
41,2026-07-28 17:13:00,4037.0,0,21,21,21,7,0,0,0
41,2026-07-28 17:13:00,4037.1,0,1,1,1,1,0,0,0
42,2026-07-28 17:14:00,4036.2,5,0,6,-5,6,0,0,0
42,2026-07-28 17:14:00,4036.3,0,2,2,2,2,0,0,0
42,2026-07-28 17:14:00,4036.4,2,0,2,-2,1,0,0,0
42,2026-07-28 17:14:00,4036.5,3,0,3,-3,3,0,0,0
42,2026-07-28 17:14:00,4036.6,4,3,8,-1,6,0,0,0
42,2026-07-28 17:14:00,4036.7,0,3,5,3,5,0,0,0
42,2026-07-28 17:14:00,4036.8,0,1,1,1,1,0,0,0
42,2026-07-28 17:14:00,4036.9,5,1,6,-4,6,0,0,0
42,2026-07-28 17:14:00,4037.1,0,2,3,2,2,0,0,0
42,2026-07-28 17:14:00,4037.3,0,0,1,0,1,0,0,0
42,2026-07-28 17:14:00,4037.4,0,1,1,1,1,0,0,0
43,2026-07-28 17:15:00,4035.9,1,0,1,-1,1,0,0,0
43,2026-07-28 17:15:00,4036.0,3,1,4,-2,3,0,0,0
43,2026-07-28 17:15:00,4036.1,1,2,3,1,3,0,0,0
43,2026-07-28 17:15:00,4036.2,2,0,2,-2,2,0,0,0
43,2026-07-28 17:15:00,4036.3,2,1,5,-1,5,0,0,0
43,2026-07-28 17:15:00,4036.4,1,1,2,0,2,0,0,0
43,2026-07-28 17:15:00,4036.5,2,0,3,-2,3,0,0,0
43,2026-07-28 17:15:00,4036.6,12,30,42,18,23,0,0,0
43,2026-07-28 17:15:00,4036.7,6,1,7,-5,6,0,0,0
43,2026-07-28 17:15:00,4036.8,10,1,11,-9,10,0,0,0
43,2026-07-28 17:15:00,4036.9,5,3,10,-2,10,0,0,0
43,2026-07-28 17:15:00,4037.0,3,1,5,-2,5,0,0,0
43,2026-07-28 17:15:00,4037.1,0,1,1,1,1,0,0,0
43,2026-07-28 17:15:00,4037.2,0,2,3,2,3,0,0,0
43,2026-07-28 17:15:00,4037.3,0,1,1,1,1,0,0,0
44,2026-07-28 17:16:00,4035.7,2,0,2,-2,2,0,0,0
44,2026-07-28 17:16:00,4035.8,2,0,2,-2,2,0,0,0
44,2026-07-28 17:16:00,4035.9,0,0,1,0,1,0,0,0
44,2026-07-28 17:16:00,4036.0,1,0,2,-1,2,0,0,0
44,2026-07-28 17:16:00,4036.1,1,2,3,1,3,0,0,0
44,2026-07-28 17:16:00,4036.2,2,1,4,-1,4,0,0,0
44,2026-07-28 17:16:00,4036.3,2,1,3,-1,2,0,0,0
45,2026-07-28 17:17:00,4035.7,1,0,1,-1,1,0,0,0
45,2026-07-28 17:17:00,4036.0,3,2,5,-1,5,0,0,0
45,2026-07-28 17:17:00,4036.1,0,0,2,0,2,0,0,0
45,2026-07-28 17:17:00,4036.2,0,0,2,0,2,0,0,0
45,2026-07-28 17:17:00,4036.3,0,0,3,0,3,0,0,0
45,2026-07-28 17:17:00,4036.4,1,2,5,1,5,0,0,0
45,2026-07-28 17:17:00,4036.5,0,0,1,0,1,0,0,0
46,2026-07-28 17:18:00,4036.0,2,0,3,-2,3,0,0,0
46,2026-07-28 17:18:00,4036.1,0,2,2,2,2,0,0,0
46,2026-07-28 17:18:00,4036.2,4,2,6,-2,6,0,0,0
46,2026-07-28 17:18:00,4036.4,1,0,1,-1,1,0,0,0
46,2026-07-28 17:18:00,4036.5,6,1,9,-5,7,0,0,0
46,2026-07-28 17:18:00,4036.6,10,9,19,-1,11,0,0,0
46,2026-07-28 17:18:00,4036.7,5,8,14,3,11,0,0,0
46,2026-07-28 17:18:00,4036.8,4,0,4,-4,4,0,0,0
46,2026-07-28 17:18:00,4036.9,4,3,7,-1,7,0,0,0
46,2026-07-28 17:18:00,4037.0,1,0,2,-1,2,0,0,0
46,2026-07-28 17:18:00,4037.1,0,1,1,1,1,0,0,0
47,2026-07-28 17:19:00,4035.6,1,0,1,-1,1,0,0,0
47,2026-07-28 17:19:00,4035.8,1,0,2,-1,2,0,0,0
47,2026-07-28 17:19:00,4035.9,0,2,2,2,2,0,0,0
47,2026-07-28 17:19:00,4036.0,3,0,3,-3,3,0,0,0
47,2026-07-28 17:19:00,4036.1,2,0,2,-2,2,0,0,0
47,2026-07-28 17:19:00,4036.2,3,0,3,-3,3,0,0,0
47,2026-07-28 17:19:00,4036.3,1,1,2,0,2,0,0,0
47,2026-07-28 17:19:00,4036.4,0,3,3,3,3,0,0,0
47,2026-07-28 17:19:00,4036.5,1,1,2,0,2,0,0,0
47,2026-07-28 17:19:00,4036.7,2,8,10,6,6,0,0,0
48,2026-07-28 17:20:00,4035.3,2,0,2,-2,2,0,0,0
48,2026-07-28 17:20:00,4035.4,1,0,2,-1,2,0,0,0
48,2026-07-28 17:20:00,4035.5,2,0,3,-2,3,0,0,0
48,2026-07-28 17:20:00,4035.7,0,0,1,0,1,0,0,0
48,2026-07-28 17:20:00,4035.8,1,1,4,0,4,0,0,0
48,2026-07-28 17:20:00,4035.9,1,1,4,0,4,0,0,0
48,2026-07-28 17:20:00,4036.0,0,0,2,0,2,0,0,0
48,2026-07-28 17:20:00,4036.1,1,1,2,0,2,0,0,0
48,2026-07-28 17:20:00,4036.2,2,1,3,-1,3,0,0,0
48,2026-07-28 17:20:00,4036.3,0,7,7,7,7,0,0,0
48,2026-07-28 17:20:00,4036.4,0,12,12,12,5,0,0,0
48,2026-07-28 17:20:00,4036.5,2,0,3,-2,3,0,0,0
48,2026-07-28 17:20:00,4036.6,0,0,1,0,1,0,0,0
48,2026-07-28 17:20:00,4036.7,2,4,6,2,6,0,0,0
48,2026-07-28 17:20:00,4037.0,1,2,3,1,3,0,0,0
48,2026-07-28 17:20:00,4037.3,2,0,2,-2,2,0,0,0
48,2026-07-28 17:20:00,4037.4,1,2,3,1,3,0,0,0
48,2026-07-28 17:20:00,4037.5,0,1,1,1,1,0,0,0
48,2026-07-28 17:20:00,4037.6,0,1,1,1,1,0,0,0
48,2026-07-28 17:20:00,4037.8,2,2,4,0,3,0,0,0
48,2026-07-28 17:20:00,4037.9,3,0,3,-3,3,0,0,0
48,2026-07-28 17:20:00,4038.0,2,0,4,-2,4,0,0,0
48,2026-07-28 17:20:00,4038.1,1,1,2,0,2,0,0,0
48,2026-07-28 17:20:00,4038.2,1,8,9,7,9,0,0,0
48,2026-07-28 17:20:00,4038.3,0,1,1,1,1,0,0,0
48,2026-07-28 17:20:00,4038.4,1,1,2,0,2,0,0,0
48,2026-07-28 17:20:00,4038.5,0,2,2,2,2,0,0,0
48,2026-07-28 17:20:00,4038.8,3,2,5,-1,5,0,0,0
48,2026-07-28 17:20:00,4038.9,4,2,6,-2,6,0,0,0
48,2026-07-28 17:20:00,4039.0,4,5,9,1,9,0,0,0
48,2026-07-28 17:20:00,4039.1,4,6,10,2,8,0,0,0
48,2026-07-28 17:20:00,4039.2,4,6,10,2,10,0,0,0
48,2026-07-28 17:20:00,4039.3,5,3,10,-2,10,0,0,0
48,2026-07-28 17:20:00,4039.4,8,9,18,1,16,0,0,0
48,2026-07-28 17:20:00,4039.5,13,24,37,11,28,0,0,0
48,2026-07-28 17:20:00,4039.6,7,15,22,8,19,0,0,0
48,2026-07-28 17:20:00,4039.7,4,2,6,-2,5,0,0,0
48,2026-07-28 17:20:00,4039.8,4,4,8,0,5,0,0,0
48,2026-07-28 17:20:00,4039.9,4,1,7,-3,7,0,0,0
48,2026-07-28 17:20:00,4040.0,13,4,18,-9,18,0,0,0
48,2026-07-28 17:20:00,4040.1,9,5,14,-4,13,0,0,0
48,2026-07-28 17:20:00,4040.2,1,14,16,13,8,0,0,0
48,2026-07-28 17:20:00,4040.3,4,5,9,1,9,0,0,0
48,2026-07-28 17:20:00,4040.4,9,8,17,-1,17,0,0,0
48,2026-07-28 17:20:00,4040.5,5,8,15,3,15,0,0,0
48,2026-07-28 17:20:00,4040.6,1,4,5,3,5,0,0,0
48,2026-07-28 17:20:00,4040.7,1,4,7,3,7,0,0,0
48,2026-07-28 17:20:00,4040.8,0,2,3,2,3,0,0,0
48,2026-07-28 17:20:00,4040.9,17,5,22,-12,9,0,0,0
48,2026-07-28 17:20:00,4041.0,5,15,20,10,15,0,0,0
48,2026-07-28 17:20:00,4041.1,3,2,5,-1,5,0,0,0
48,2026-07-28 17:20:00,4041.2,4,3,7,-1,7,0,0,0
48,2026-07-28 17:20:00,4041.3,2,7,11,5,11,0,0,0
48,2026-07-28 17:20:00,4041.4,2,9,11,7,11,0,0,0
48,2026-07-28 17:20:00,4041.5,22,8,31,-14,22,0,0,0
48,2026-07-28 17:20:00,4041.6,4,4,8,0,8,0,0,0
48,2026-07-28 17:20:00,4041.7,1,1,2,0,2,0,0,0
48,2026-07-28 17:20:00,4041.8,0,2,2,2,2,0,0,0
48,2026-07-28 17:20:00,4041.9,1,0,1,-1,1,0,0,0
49,2026-07-28 17:21:00,4038.0,2,0,2,-2,2,0,0,0
49,2026-07-28 17:21:00,4038.1,2,0,2,-2,2,0,0,0
49,2026-07-28 17:21:00,4038.2,3,0,3,-3,3,0,0,0
49,2026-07-28 17:21:00,4038.3,3,0,4,-3,4,0,0,0
49,2026-07-28 17:21:00,4038.4,2,1,4,-1,4,0,0,0
49,2026-07-28 17:21:00,4038.5,2,0,4,-2,4,0,0,0
49,2026-07-28 17:21:00,4038.6,4,5,9,1,8,0,0,0
49,2026-07-28 17:21:00,4038.7,5,3,8,-2,8,0,0,0
49,2026-07-28 17:21:00,4038.8,4,4,8,0,7,0,0,0
49,2026-07-28 17:21:00,4038.9,2,2,4,0,4,0,0,0
49,2026-07-28 17:21:00,4039.0,3,1,4,-2,4,0,0,0
49,2026-07-28 17:21:00,4039.1,1,6,8,5,6,0,0,0
49,2026-07-28 17:21:00,4039.2,0,4,8,4,8,0,0,0
49,2026-07-28 17:21:00,4039.3,0,1,2,1,2,0,0,0
49,2026-07-28 17:21:00,4039.4,1,1,2,0,2,0,0,0
49,2026-07-28 17:21:00,4039.5,2,1,3,-1,3,0,0,0
49,2026-07-28 17:21:00,4039.6,4,0,4,-4,4,0,0,0
49,2026-07-28 17:21:00,4039.7,0,2,2,2,2,0,0,0
49,2026-07-28 17:21:00,4039.8,2,0,2,-2,2,0,0,0
49,2026-07-28 17:21:00,4039.9,1,0,2,-1,2,0,0,0
49,2026-07-28 17:21:00,4040.0,5,0,5,-5,5,0,0,0
49,2026-07-28 17:21:00,4040.1,1,5,6,4,3,0,0,0
49,2026-07-28 17:21:00,4040.2,1,3,4,2,4,0,0,0
49,2026-07-28 17:21:00,4040.3,5,1,6,-4,6,0,0,0
49,2026-07-28 17:21:00,4040.4,4,1,5,-3,5,0,0,0
49,2026-07-28 17:21:00,4040.5,2,2,4,0,4,0,0,0
49,2026-07-28 17:21:00,4040.6,2,1,3,-1,3,0,0,0
49,2026-07-28 17:21:00,4040.7,9,0,9,-9,9,0,0,0
49,2026-07-28 17:21:00,4040.8,3,2,5,-1,5,0,0,0
49,2026-07-28 17:21:00,4040.9,4,9,14,5,9,0,0,0
49,2026-07-28 17:21:00,4041.0,1,2,3,1,3,0,0,0
49,2026-07-28 17:21:00,4041.1,3,2,6,-1,6,0,0,0
49,2026-07-28 17:21:00,4041.2,1,0,5,-1,5,0,0,0
49,2026-07-28 17:21:00,4041.4,0,0,2,0,2,0,0,0
49,2026-07-28 17:21:00,4041.5,0,1,1,1,1,0,0,0
49,2026-07-28 17:21:00,4041.6,0,2,2,2,2,0,0,0
49,2026-07-28 17:21:00,4041.7,0,3,3,3,3,0,0,0
49,2026-07-28 17:21:00,4041.8,6,1,7,-5,4,0,0,0
50,2026-07-28 17:22:00,4037.9,1,0,1,-1,1,0,0,0
50,2026-07-28 17:22:00,4038.0,10,2,13,-8,9,0,0,0
50,2026-07-28 17:22:00,4038.1,3,0,3,-3,3,0,0,0
50,2026-07-28 17:22:00,4038.2,1,2,3,1,3,0,0,0
50,2026-07-28 17:22:00,4038.3,1,1,3,0,3,0,0,0
50,2026-07-28 17:22:00,4038.4,7,13,20,6,8,0,0,0
50,2026-07-28 17:22:00,4038.5,0,1,1,1,1,0,0,0
50,2026-07-28 17:22:00,4038.6,0,0,1,0,1,0,0,0
50,2026-07-28 17:22:00,4038.7,4,0,4,-4,4,0,0,0
50,2026-07-28 17:22:00,4038.8,2,1,4,-1,3,0,0,0
50,2026-07-28 17:22:00,4038.9,0,1,1,1,1,0,0,0
50,2026-07-28 17:22:00,4039.0,0,1,1,1,1,0,0,0
51,2026-07-28 17:23:00,4036.4,2,1,3,-1,3,0,0,0
51,2026-07-28 17:23:00,4036.5,1,2,6,1,6,0,0,0
51,2026-07-28 17:23:00,4036.6,0,1,4,1,4,0,0,0
51,2026-07-28 17:23:00,4036.7,1,0,2,-1,2,0,0,0
51,2026-07-28 17:23:00,4036.8,3,4,9,1,9,0,0,0
51,2026-07-28 17:23:00,4036.9,7,0,11,-7,11,0,0,0
51,2026-07-28 17:23:00,4037.0,11,23,35,12,21,0,0,0
51,2026-07-28 17:23:00,4037.1,5,4,9,-1,9,0,0,0
51,2026-07-28 17:23:00,4037.2,3,3,6,0,6,0,0,0
51,2026-07-28 17:23:00,4037.3,4,4,8,0,6,0,0,0
51,2026-07-28 17:23:00,4037.4,3,1,4,-2,4,0,0,0
51,2026-07-28 17:23:00,4037.5,4,1,5,-3,5,0,0,0
51,2026-07-28 17:23:00,4037.6,2,0,2,-2,2,0,0,0
51,2026-07-28 17:23:00,4037.7,8,0,9,-8,9,0,0,0
51,2026-07-28 17:23:00,4037.8,1,0,1,-1,1,0,0,0
51,2026-07-28 17:23:00,4037.9,1,0,1,-1,1,0,0,0
51,2026-07-28 17:23:00,4038.0,1,0,1,-1,1,0,0,0
51,2026-07-28 17:23:00,4038.1,1,0,2,-1,2,0,0,0
51,2026-07-28 17:23:00,4038.2,1,0,2,-1,2,0,0,0
51,2026-07-28 17:23:00,4038.3,0,1,3,1,3,0,0,0
51,2026-07-28 17:23:00,4038.4,4,0,6,-4,6,0,0,0
51,2026-07-28 17:23:00,4038.5,2,1,4,-1,4,0,0,0
51,2026-07-28 17:23:00,4038.6,0,2,2,2,2,0,0,0
52,2026-07-28 17:24:00,4036.5,3,0,3,-3,3,0,0,0
52,2026-07-28 17:24:00,4036.7,3,3,7,0,6,0,0,0
52,2026-07-28 17:24:00,4036.8,4,3,7,-1,7,0,0,0
52,2026-07-28 17:24:00,4036.9,5,5,10,0,10,0,0,0
52,2026-07-28 17:24:00,4037.0,6,11,17,5,16,0,0,0
52,2026-07-28 17:24:00,4037.1,1,2,3,1,2,0,0,0
52,2026-07-28 17:24:00,4037.2,0,2,3,2,3,0,0,0
52,2026-07-28 17:24:00,4037.3,0,1,1,1,1,0,0,0
53,2026-07-28 17:25:00,4036.2,1,0,1,-1,1,0,0,0
53,2026-07-28 17:25:00,4036.3,2,1,3,-1,3,0,0,0
53,2026-07-28 17:25:00,4036.4,1,0,1,-1,1,0,0,0
53,2026-07-28 17:25:00,4036.5,1,1,2,0,2,0,0,0
53,2026-07-28 17:25:00,4036.6,1,0,1,-1,1,0,0,0
53,2026-07-28 17:25:00,4036.7,5,1,6,-4,6,0,0,0
53,2026-07-28 17:25:00,4036.9,0,1,1,1,1,0,0,0
53,2026-07-28 17:25:00,4037.0,4,0,4,-4,4,0,0,0
53,2026-07-28 17:25:00,4037.1,0,3,5,3,5,0,0,0
53,2026-07-28 17:25:00,4037.2,4,1,5,-3,4,0,0,0
53,2026-07-28 17:25:00,4037.3,0,1,2,1,2,0,0,0
53,2026-07-28 17:25:00,4037.4,1,2,4,1,4,0,0,0
54,2026-07-28 17:26:00,4037.2,2,0,2,-2,2,0,0,0
54,2026-07-28 17:26:00,4037.3,1,0,3,-1,3,0,0,0
54,2026-07-28 17:26:00,4037.4,0,1,3,1,3,0,0,0
54,2026-07-28 17:26:00,4037.5,0,2,2,2,2,0,0,0
54,2026-07-28 17:26:00,4037.6,3,13,16,10,16,0,0,0
54,2026-07-28 17:26:00,4037.7,1,4,6,3,6,0,0,0
54,2026-07-28 17:26:00,4037.8,1,1,2,0,2,0,0,0
54,2026-07-28 17:26:00,4037.9,1,4,6,3,6,0,0,0
54,2026-07-28 17:26:00,4038.0,39,9,58,-30,20,0,0,0
54,2026-07-28 17:26:00,4038.1,8,7,18,-1,18,0,0,0
54,2026-07-28 17:26:00,4038.2,2,4,7,2,7,0,0,0
54,2026-07-28 17:26:00,4038.3,0,4,5,4,5,0,0,0
54,2026-07-28 17:26:00,4038.5,0,1,1,1,1,0,0,0
55,2026-07-28 17:27:00,4038.5,0,1,1,1,1,0,0,0
55,2026-07-28 17:27:00,4038.7,2,0,2,-2,2,0,0,0
55,2026-07-28 17:27:00,4038.8,2,2,4,0,3,0,0,0
55,2026-07-28 17:27:00,4038.9,3,0,4,-3,4,0,0,0
55,2026-07-28 17:27:00,4039.0,4,6,13,2,9,0,0,0
55,2026-07-28 17:27:00,4039.1,1,0,1,-1,1,0,0,0
55,2026-07-28 17:27:00,4039.2,0,1,2,1,2,0,0,0
55,2026-07-28 17:27:00,4039.3,5,2,10,-3,10,0,0,0
55,2026-07-28 17:27:00,4039.4,2,6,8,4,8,0,0,0
55,2026-07-28 17:27:00,4039.5,13,7,20,-6,8,0,0,0
55,2026-07-28 17:27:00,4039.6,0,3,3,3,3,0,0,0
55,2026-07-28 17:27:00,4039.7,1,5,6,4,6,0,0,0
55,2026-07-28 17:27:00,4039.8,0,3,3,3,3,0,0,0
55,2026-07-28 17:27:00,4039.9,0,1,1,1,1,0,0,0
55,2026-07-28 17:27:00,4040.0,0,7,7,7,7,0,0,0
56,2026-07-28 17:28:00,4037.4,4,0,4,-4,4,0,0,0
56,2026-07-28 17:28:00,4037.5,5,1,6,-4,6,0,0,0
56,2026-07-28 17:28:00,4037.6,2,0,4,-2,4,0,0,0
56,2026-07-28 17:28:00,4037.7,7,1,8,-6,7,0,0,0
56,2026-07-28 17:28:00,4037.8,6,3,10,-3,9,0,0,0
56,2026-07-28 17:28:00,4037.9,3,0,3,-3,2,0,0,0
56,2026-07-28 17:28:00,4038.0,3,0,4,-3,4,0,0,0
56,2026-07-28 17:28:00,4038.1,0,1,1,1,1,0,0,0
56,2026-07-28 17:28:00,4038.2,4,0,4,-4,4,0,0,0
56,2026-07-28 17:28:00,4038.3,7,0,9,-7,6,0,0,0
56,2026-07-28 17:28:00,4038.4,8,0,8,-8,8,0,0,0
56,2026-07-28 17:28:00,4038.5,7,2,9,-5,9,0,0,0
56,2026-07-28 17:28:00,4038.6,6,1,7,-5,6,0,0,0
56,2026-07-28 17:28:00,4038.7,2,0,2,-2,2,0,0,0
56,2026-07-28 17:28:00,4038.8,0,2,2,2,2,0,0,0
56,2026-07-28 17:28:00,4038.9,1,0,1,-1,1,0,0,0
56,2026-07-28 17:28:00,4039.0,3,0,3,-3,3,0,0,0
56,2026-07-28 17:28:00,4039.1,2,2,4,0,3,0,0,0
56,2026-07-28 17:28:00,4039.2,2,0,2,-2,2,0,0,0
56,2026-07-28 17:28:00,4039.3,1,0,2,-1,2,0,0,0
56,2026-07-28 17:28:00,4039.4,2,0,3,-2,3,0,0,0
56,2026-07-28 17:28:00,4039.5,4,0,4,-4,4,0,0,0
56,2026-07-28 17:28:00,4039.6,1,0,1,-1,1,0,0,0
56,2026-07-28 17:28:00,4039.7,0,2,3,2,3,0,0,0
57,2026-07-28 17:29:00,4037.4,1,0,1,-1,1,0,0,0
57,2026-07-28 17:29:00,4037.5,18,6,25,-12,18,0,0,0
57,2026-07-28 17:29:00,4037.6,19,4,23,-15,18,0,0,0
57,2026-07-28 17:29:00,4037.7,10,8,23,-2,23,0,0,0
57,2026-07-28 17:29:00,4037.8,15,14,33,-1,32,0,0,0
57,2026-07-28 17:29:00,4037.9,5,14,24,9,19,0,0,0
57,2026-07-28 17:29:00,4038.0,5,5,16,0,15,0,0,0
57,2026-07-28 17:29:00,4038.1,8,0,9,-8,9,0,0,0
57,2026-07-28 17:29:00,4038.2,4,5,9,1,9,0,0,0
57,2026-07-28 17:29:00,4038.3,18,6,26,-12,22,0,0,0
57,2026-07-28 17:29:00,4038.4,20,2,22,-18,16,0,0,0
57,2026-07-28 17:29:00,4038.5,26,6,36,-20,29,0,0,0
57,2026-07-28 17:29:00,4038.6,38,6,50,-32,40,0,0,0
57,2026-07-28 17:29:00,4038.7,27,11,43,-16,30,0,0,0
57,2026-07-28 17:29:00,4038.8,22,22,52,0,48,0,0,0
57,2026-07-28 17:29:00,4038.9,22,9,41,-13,37,0,0,0
57,2026-07-28 17:29:00,4039.0,13,7,34,-6,29,0,0,0
57,2026-07-28 17:29:00,4039.1,10,10,21,0,19,0,0,0
57,2026-07-28 17:29:00,4039.2,10,4,16,-6,15,0,0,0
57,2026-07-28 17:29:00,4039.3,7,10,22,3,21,0,0,0
57,2026-07-28 17:29:00,4039.4,17,2,20,-15,17,0,0,0
57,2026-07-28 17:29:00,4039.5,13,6,24,-7,19,0,0,0
57,2026-07-28 17:29:00,4039.6,10,7,23,-3,19,0,0,0
57,2026-07-28 17:29:00,4039.7,24,8,34,-16,26,0,0,0
57,2026-07-28 17:29:00,4039.8,5,17,23,12,23,0,0,0
57,2026-07-28 17:29:00,4039.9,6,5,15,-1,13,0,0,0
57,2026-07-28 17:29:00,4040.0,5,2,10,-3,6,0,0,0
58,2026-07-28 17:30:00,4036.5,1,0,1,-1,1,0,0,0
58,2026-07-28 17:30:00,4036.6,3,0,3,-3,3,0,0,0
58,2026-07-28 17:30:00,4036.7,3,2,6,-1,6,0,0,0
58,2026-07-28 17:30:00,4036.8,2,2,4,0,4,0,0,0
58,2026-07-28 17:30:00,4036.9,1,3,5,2,5,0,0,0
58,2026-07-28 17:30:00,4037.0,2,5,7,3,7,0,0,0
58,2026-07-28 17:30:00,4037.1,1,0,1,-1,1,0,0,0
58,2026-07-28 17:30:00,4037.2,5,3,9,-2,9,0,0,0
58,2026-07-28 17:30:00,4037.3,1,1,5,0,5,0,0,0
58,2026-07-28 17:30:00,4037.4,3,2,8,-1,6,0,0,0
58,2026-07-28 17:30:00,4037.5,6,11,17,5,12,0,0,0
58,2026-07-28 17:30:00,4037.6,1,1,2,0,2,0,0,0
58,2026-07-28 17:30:00,4037.7,6,1,7,-5,7,0,0,0
58,2026-07-28 17:30:00,4037.8,2,1,3,-1,3,0,0,0
58,2026-07-28 17:30:00,4037.9,0,2,2,2,2,0,0,0
58,2026-07-28 17:30:00,4038.1,0,1,1,1,1,0,0,0
59,2026-07-28 17:31:00,4034.9,2,0,2,-2,2,0,0,0
59,2026-07-28 17:31:00,4035.0,2,1,4,-1,4,0,0,0
59,2026-07-28 17:31:00,4035.1,7,0,7,-7,7,0,0,0
59,2026-07-28 17:31:00,4035.2,6,3,10,-3,10,0,0,0
59,2026-07-28 17:31:00,4035.3,7,6,14,-1,13,0,0,0
59,2026-07-28 17:31:00,4035.4,1,7,10,6,10,0,0,0
59,2026-07-28 17:31:00,4035.5,1,7,8,6,7,0,0,0
59,2026-07-28 17:31:00,4035.6,2,2,4,0,4,0,0,0
59,2026-07-28 17:31:00,4035.7,3,2,5,-1,4,0,0,0
59,2026-07-28 17:31:00,4035.8,3,1,4,-2,4,0,0,0
59,2026-07-28 17:31:00,4036.0,4,2,6,-2,6,0,0,0
59,2026-07-28 17:31:00,4036.2,10,0,10,-10,5,0,0,0
59,2026-07-28 17:31:00,4036.3,0,1,1,1,1,0,0,0
59,2026-07-28 17:31:00,4036.4,0,2,2,2,2,0,0,0
59,2026-07-28 17:31:00,4036.5,5,2,8,-3,8,0,0,0
59,2026-07-28 17:31:00,4036.6,3,4,8,1,6,0,0,0
59,2026-07-28 17:31:00,4036.7,1,1,3,0,3,0,0,0
59,2026-07-28 17:31:00,4036.8,1,2,3,1,3,0,0,0
59,2026-07-28 17:31:00,4036.9,0,2,2,2,2,0,0,0
60,2026-07-28 17:32:00,4034.4,2,0,2,-2,2,0,0,0
60,2026-07-28 17:32:00,4034.5,1,0,1,-1,1,0,0,0
60,2026-07-28 17:32:00,4034.6,2,0,2,-2,2,0,0,0
60,2026-07-28 17:32:00,4034.7,6,0,7,-6,7,0,0,0
60,2026-07-28 17:32:00,4034.8,7,9,19,2,13,0,0,0
60,2026-07-28 17:32:00,4034.9,12,23,36,11,18,0,0,0
60,2026-07-28 17:32:00,4035.0,6,1,7,-5,7,0,0,0
60,2026-07-28 17:32:00,4035.1,8,2,11,-6,10,0,0,0
60,2026-07-28 17:32:00,4035.2,2,2,5,0,5,0,0,0
60,2026-07-28 17:32:00,4035.3,0,3,3,3,3,0,0,0
60,2026-07-28 17:32:00,4035.4,0,5,8,5,8,0,0,0
60,2026-07-28 17:32:00,4035.5,4,5,11,1,8,0,0,0
60,2026-07-28 17:32:00,4035.7,0,3,3,3,3,0,0,0
61,2026-07-28 17:33:00,4034.6,0,1,1,1,1,0,0,0
61,2026-07-28 17:33:00,4034.7,1,2,4,1,4,0,0,0
61,2026-07-28 17:33:00,4034.8,0,2,3,2,3,0,0,0
61,2026-07-28 17:33:00,4034.9,4,1,5,-3,5,0,0,0
61,2026-07-28 17:33:00,4035.0,14,3,20,-11,19,0,0,0
61,2026-07-28 17:33:00,4035.1,7,3,10,-4,10,0,0,0
61,2026-07-28 17:33:00,4035.2,2,12,16,10,15,0,0,0
61,2026-07-28 17:33:00,4035.3,1,1,3,0,3,0,0,0
62,2026-07-28 17:34:00,4034.7,1,0,1,-1,1,0,0,0
62,2026-07-28 17:34:00,4035.1,1,0,1,-1,1,0,0,0
62,2026-07-28 17:34:00,4035.2,1,1,2,0,2,0,0,0
62,2026-07-28 17:34:00,4035.3,4,0,4,-4,4,0,0,0
62,2026-07-28 17:34:00,4035.4,2,1,3,-1,3,0,0,0
62,2026-07-28 17:34:00,4035.5,13,2,16,-11,11,0,0,0
62,2026-07-28 17:34:00,4035.6,3,2,5,-1,5,0,0,0
62,2026-07-28 17:34:00,4035.7,0,1,1,1,1,0,0,0
62,2026-07-28 17:34:00,4035.8,0,1,1,1,1,0,0,0
63,2026-07-28 17:35:00,4033.7,2,0,2,-2,2,0,0,0
63,2026-07-28 17:35:00,4033.8,3,0,4,-3,3,0,0,0
63,2026-07-28 17:35:00,4033.9,1,0,1,-1,1,0,0,0
63,2026-07-28 17:35:00,4034.0,0,0,1,0,1,0,0,0
63,2026-07-28 17:35:00,4034.1,3,3,6,0,5,0,0,0
63,2026-07-28 17:35:00,4034.2,6,5,11,-1,11,0,0,0
63,2026-07-28 17:35:00,4034.3,4,26,30,22,12,0,0,0
63,2026-07-28 17:35:00,4034.4,1,5,6,4,2,0,0,0
63,2026-07-28 17:35:00,4034.5,0,5,5,5,5,0,0,0
63,2026-07-28 17:35:00,4034.6,2,0,2,-2,2,0,0,0
63,2026-07-28 17:35:00,4034.7,1,0,1,-1,1,0,0,0
63,2026-07-28 17:35:00,4034.8,1,1,2,0,2,0,0,0
63,2026-07-28 17:35:00,4034.9,2,1,3,-1,3,0,0,0
63,2026-07-28 17:35:00,4035.0,6,19,25,13,24,0,0,0
63,2026-07-28 17:35:00,4035.1,2,1,3,-1,3,0,0,0
63,2026-07-28 17:35:00,4035.2,0,2,3,2,3,0,0,0
63,2026-07-28 17:35:00,4035.3,0,1,1,1,1,0,0,0
64,2026-07-28 17:36:00,4032.6,6,0,6,-6,5,0,0,0
64,2026-07-28 17:36:00,4032.7,4,0,4,-4,3,0,0,0
64,2026-07-28 17:36:00,4032.8,5,1,6,-4,6,0,0,0
64,2026-07-28 17:36:00,4032.9,6,3,11,-3,9,0,0,0
64,2026-07-28 17:36:00,4033.0,12,48,61,36,26,0,0,0
64,2026-07-28 17:36:00,4033.1,6,7,18,1,14,0,0,0
64,2026-07-28 17:36:00,4033.2,13,4,21,-9,21,0,0,0
64,2026-07-28 17:36:00,4033.3,3,3,8,0,7,0,0,0
64,2026-07-28 17:36:00,4033.4,5,6,15,1,15,0,0,0
64,2026-07-28 17:36:00,4033.5,3,3,6,0,6,0,0,0
64,2026-07-28 17:36:00,4033.6,1,2,3,1,3,0,0,0
64,2026-07-28 17:36:00,4033.7,1,0,1,-1,1,0,0,0
64,2026-07-28 17:36:00,4033.8,1,0,1,-1,1,0,0,0
65,2026-07-28 17:37:00,4032.1,3,1,4,-2,4,0,0,0
65,2026-07-28 17:37:00,4032.2,3,0,4,-3,4,0,0,0
65,2026-07-28 17:37:00,4032.3,2,1,4,-1,4,0,0,0
65,2026-07-28 17:37:00,4032.4,3,9,13,6,13,0,0,0
65,2026-07-28 17:37:00,4032.5,6,4,10,-2,9,0,0,0
65,2026-07-28 17:37:00,4032.6,6,3,9,-3,9,0,0,0
65,2026-07-28 17:37:00,4032.7,0,6,9,6,9,0,0,0
65,2026-07-28 17:37:00,4032.8,0,2,2,2,2,0,0,0
65,2026-07-28 17:37:00,4032.9,0,0,1,0,1,0,0,0
65,2026-07-28 17:37:00,4033.0,1,10,13,9,6,0,0,0
65,2026-07-28 17:37:00,4033.2,0,0,1,0,1,0,0,0
66,2026-07-28 17:38:00,4031.7,1,0,1,-1,1,0,0,0
66,2026-07-28 17:38:00,4031.8,1,0,2,-1,2,0,0,0
66,2026-07-28 17:38:00,4031.9,1,0,1,-1,1,0,0,0
66,2026-07-28 17:38:00,4032.0,1,1,2,0,2,0,0,0
66,2026-07-28 17:38:00,4032.1,0,2,2,2,2,0,0,0
66,2026-07-28 17:38:00,4032.2,1,0,1,-1,1,0,0,0
66,2026-07-28 17:38:00,4032.4,1,0,1,-1,1,0,0,0
66,2026-07-28 17:38:00,4032.5,1,1,2,0,2,0,0,0
66,2026-07-28 17:38:00,4032.6,0,2,2,2,2,0,0,0
66,2026-07-28 17:38:00,4032.7,2,1,3,-1,3,0,0,0
66,2026-07-28 17:38:00,4032.8,0,0,2,0,2,0,0,0
66,2026-07-28 17:38:00,4032.9,0,1,5,1,5,0,0,0
66,2026-07-28 17:38:00,4033.0,0,2,2,2,2,0,0,0
67,2026-07-28 17:39:00,4031.1,5,0,5,-5,5,0,0,0
67,2026-07-28 17:39:00,4031.2,3,16,19,13,7,0,0,0
67,2026-07-28 17:39:00,4031.3,15,0,15,-15,8,0,0,0
67,2026-07-28 17:39:00,4031.4,1,0,1,-1,1,0,0,0
67,2026-07-28 17:39:00,4031.5,1,0,1,-1,1,0,0,0
67,2026-07-28 17:39:00,4031.6,1,1,5,0,5,0,0,0
67,2026-07-28 17:39:00,4031.7,1,2,5,1,5,0,0,0
67,2026-07-28 17:39:00,4031.8,0,1,1,1,1,0,0,0
67,2026-07-28 17:39:00,4032.1,1,0,1,-1,1,0,0,0
67,2026-07-28 17:39:00,4032.2,2,0,2,-2,2,0,0,0
67,2026-07-28 17:39:00,4032.3,1,0,6,-1,3,0,0,0
67,2026-07-28 17:39:00,4032.4,0,1,1,1,1,0,0,0
67,2026-07-28 17:39:00,4032.5,0,0,2,0,2,0,0,0
68,2026-07-28 17:40:00,4030.3,2,0,2,-2,2,0,0,0
68,2026-07-28 17:40:00,4030.4,1,1,3,0,3,0,0,0
68,2026-07-28 17:40:00,4030.5,1,0,2,-1,2,0,0,0
68,2026-07-28 17:40:00,4030.6,1,3,4,2,4,0,0,0
68,2026-07-28 17:40:00,4030.7,2,0,2,-2,2,0,0,0
68,2026-07-28 17:40:00,4030.8,6,6,12,0,12,0,0,0
68,2026-07-28 17:40:00,4030.9,3,8,12,5,9,0,0,0
68,2026-07-28 17:40:00,4031.0,5,1,7,-4,6,0,0,0
68,2026-07-28 17:40:00,4031.1,3,1,4,-2,4,0,0,0
68,2026-07-28 17:40:00,4031.2,3,1,5,-2,5,0,0,0
68,2026-07-28 17:40:00,4031.3,1,0,1,-1,1,0,0,0
68,2026-07-28 17:40:00,4031.4,2,1,3,-1,3,0,0,0
68,2026-07-28 17:40:00,4031.6,0,0,1,0,1,0,0,0
69,2026-07-28 17:41:00,4029.8,1,0,1,-1,1,0,0,0
69,2026-07-28 17:41:00,4029.9,2,0,2,-2,2,0,0,0
69,2026-07-28 17:41:00,4030.0,25,0,26,-25,9,0,0,0
69,2026-07-28 17:41:00,4030.1,4,2,8,-2,7,0,0,0
69,2026-07-28 17:41:00,4030.2,3,3,7,0,7,0,0,0
69,2026-07-28 17:41:00,4030.3,1,0,3,-1,3,0,0,0
69,2026-07-28 17:41:00,4030.4,1,0,1,-1,1,0,0,0
69,2026-07-28 17:41:00,4030.5,9,3,12,-6,6,0,0,0
69,2026-07-28 17:41:00,4030.6,1,5,6,4,4,0,0,0
69,2026-07-28 17:41:00,4030.7,0,1,1,1,1,0,0,0
70,2026-07-28 17:42:00,4029.1,3,0,3,-3,2,0,0,0
70,2026-07-28 17:42:00,4029.2,1,0,1,-1,1,0,0,0
70,2026-07-28 17:42:00,4029.3,3,0,3,-3,3,0,0,0
70,2026-07-28 17:42:00,4029.4,4,0,4,-4,4,0,0,0
70,2026-07-28 17:42:00,4029.5,2,0,2,-2,2,0,0,0
70,2026-07-28 17:42:00,4029.6,1,2,4,1,4,0,0,0
70,2026-07-28 17:42:00,4029.7,2,2,5,0,5,0,0,0
70,2026-07-28 17:42:00,4029.8,1,1,2,0,2,0,0,0
70,2026-07-28 17:42:00,4029.9,1,0,1,-1,1,0,0,0
70,2026-07-28 17:42:00,4030.0,1,1,4,0,4,0,0,0
70,2026-07-28 17:42:00,4030.3,1,2,3,1,3,0,0,0
70,2026-07-28 17:42:00,4030.4,0,1,1,1,1,0,0,0
71,2026-07-28 17:43:00,4028.0,1,0,2,-1,2,0,0,0
71,2026-07-28 17:43:00,4028.1,3,4,7,1,6,0,0,0
71,2026-07-28 17:43:00,4028.2,2,4,6,2,6,0,0,0
71,2026-07-28 17:43:00,4028.3,3,6,11,3,7,0,0,0
71,2026-07-28 17:43:00,4028.4,2,7,10,5,7,0,0,0
71,2026-07-28 17:43:00,4028.5,6,3,10,-3,10,0,0,0
71,2026-07-28 17:43:00,4028.6,2,3,6,1,6,0,0,0
71,2026-07-28 17:43:00,4028.7,0,4,4,4,4,0,0,0
71,2026-07-28 17:43:00,4028.8,3,2,5,-1,5,0,0,0
71,2026-07-28 17:43:00,4028.9,0,2,2,2,2,0,0,0
71,2026-07-28 17:43:00,4029.0,2,0,7,-2,6,0,0,0
71,2026-07-28 17:43:00,4029.3,0,2,3,2,3,0,0,0
72,2026-07-28 17:44:00,4027.5,0,0,1,0,1,0,0,0
72,2026-07-28 17:44:00,4027.6,0,0,1,0,1,0,0,0
72,2026-07-28 17:44:00,4027.7,0,0,1,0,1,0,0,0
72,2026-07-28 17:44:00,4027.8,0,0,2,0,2,0,0,0
72,2026-07-28 17:44:00,4027.9,1,0,6,-1,6,0,0,0
72,2026-07-28 17:44:00,4028.0,1,4,10,3,9,0,0,0
72,2026-07-28 17:44:00,4028.1,3,2,9,-1,9,0,0,0
72,2026-07-28 17:44:00,4028.2,1,2,5,1,5,0,0,0
72,2026-07-28 17:44:00,4028.3,2,1,5,-1,4,0,0,0
72,2026-07-28 17:44:00,4028.4,1,3,5,2,5,0,0,0
72,2026-07-28 17:44:00,4028.5,1,0,2,-1,2,0,0,0
72,2026-07-28 17:44:00,4028.6,3,1,4,-2,2,0,0,0
73,2026-07-28 17:45:00,4028.4,1,0,1,-1,1,0,0,0
73,2026-07-28 17:45:00,4028.5,1,2,4,1,4,0,0,0
73,2026-07-28 17:45:00,4028.6,2,0,7,-2,7,0,0,0
73,2026-07-28 17:45:00,4028.7,0,1,2,1,2,0,0,0
73,2026-07-28 17:45:00,4028.8,2,1,4,-1,4,0,0,0
73,2026-07-28 17:45:00,4028.9,0,1,1,1,1,0,0,0
73,2026-07-28 17:45:00,4029.0,2,6,8,4,8,0,0,0
73,2026-07-28 17:45:00,4029.1,2,2,4,0,4,0,0,0
73,2026-07-28 17:45:00,4029.3,0,1,1,1,1,0,0,0
73,2026-07-28 17:45:00,4029.4,2,3,5,1,4,0,0,0
74,2026-07-28 17:46:00,4028.0,1,0,1,-1,1,0,0,0
74,2026-07-28 17:46:00,4028.1,3,0,3,-3,2,0,0,0
74,2026-07-28 17:46:00,4028.2,2,1,3,-1,3,0,0,0
74,2026-07-28 17:46:00,4028.3,0,1,1,1,1,0,0,0
74,2026-07-28 17:46:00,4028.4,0,1,1,1,1,0,0,0
74,2026-07-28 17:46:00,4028.5,1,2,3,1,3,0,0,0
74,2026-07-28 17:46:00,4028.7,1,0,1,-1,1,0,0,0
74,2026-07-28 17:46:00,4028.8,1,0,1,-1,1,0,0,0
74,2026-07-28 17:46:00,4028.9,0,1,1,1,1,0,0,0
75,2026-07-28 17:47:00,4025.3,0,0,2,0,2,0,0,0
75,2026-07-28 17:47:00,4025.4,0,0,1,0,1,0,0,0
75,2026-07-28 17:47:00,4025.5,0,0,2,0,2,0,0,0
75,2026-07-28 17:47:00,4025.6,0,0,2,0,2,0,0,0
75,2026-07-28 17:47:00,4025.7,0,0,1,0,1,0,0,0
75,2026-07-28 17:47:00,4025.9,5,0,6,-5,4,0,0,0
75,2026-07-28 17:47:00,4026.0,0,1,3,1,3,0,0,0
75,2026-07-28 17:47:00,4026.1,0,0,4,0,2,0,0,0
75,2026-07-28 17:47:00,4026.2,0,0,3,0,3,0,0,0
75,2026-07-28 17:47:00,4026.3,2,1,3,-1,3,0,0,0
75,2026-07-28 17:47:00,4026.4,6,4,11,-2,11,0,0,0
75,2026-07-28 17:47:00,4026.5,8,1,9,-7,9,0,0,0
75,2026-07-28 17:47:00,4026.6,9,2,12,-7,12,0,0,0
75,2026-07-28 17:47:00,4026.7,3,0,4,-3,4,0,0,0
75,2026-07-28 17:47:00,4026.8,6,1,7,-5,6,0,0,0
75,2026-07-28 17:47:00,4026.9,4,1,6,-3,6,0,0,0
75,2026-07-28 17:47:00,4027.0,3,2,5,-1,5,0,0,0
75,2026-07-28 17:47:00,4027.1,3,5,8,2,7,0,0,0
75,2026-07-28 17:47:00,4027.2,3,2,6,-1,5,0,0,0
75,2026-07-28 17:47:00,4027.3,5,2,7,-3,7,0,0,0
75,2026-07-28 17:47:00,4027.4,6,2,10,-4,10,0,0,0
75,2026-07-28 17:47:00,4027.5,1,0,7,-1,7,0,0,0
75,2026-07-28 17:47:00,4027.6,0,0,2,0,2,0,0,0
75,2026-07-28 17:47:00,4027.7,0,0,3,0,3,0,0,0
75,2026-07-28 17:47:00,4027.8,0,2,2,2,2,0,0,0
76,2026-07-28 17:48:00,4026.4,1,0,1,-1,1,0,0,0
76,2026-07-28 17:48:00,4026.5,3,0,3,-3,3,0,0,0
76,2026-07-28 17:48:00,4026.6,3,1,5,-2,5,0,0,0
76,2026-07-28 17:48:00,4026.7,0,0,1,0,1,0,0,0
76,2026-07-28 17:48:00,4026.8,0,2,4,2,4,0,0,0
76,2026-07-28 17:48:00,4026.9,0,2,8,2,8,0,0,0
76,2026-07-28 17:48:00,4027.0,2,3,6,1,6,0,0,0
76,2026-07-28 17:48:00,4027.1,0,1,1,1,1,0,0,0
76,2026-07-28 17:48:00,4027.2,0,2,4,2,4,0,0,0
76,2026-07-28 17:48:00,4027.3,11,10,25,-1,16,0,0,0
76,2026-07-28 17:48:00,4027.4,0,1,2,1,2,0,0,0
76,2026-07-28 17:48:00,4027.5,1,0,1,-1,1,0,0,0
76,2026-07-28 17:48:00,4027.6,0,1,2,1,2,0,0,0
76,2026-07-28 17:48:00,4027.7,0,1,1,1,1,0,0,0
76,2026-07-28 17:48:00,4027.8,2,2,4,0,3,0,0,0
76,2026-07-28 17:48:00,4027.9,2,1,3,-1,2,0,0,0
76,2026-07-28 17:48:00,4028.0,0,5,5,5,3,0,0,0
76,2026-07-28 17:48:00,4028.1,0,2,2,2,2,0,0,0
76,2026-07-28 17:48:00,4028.2,1,2,3,1,3,0,0,0
76,2026-07-28 17:48:00,4028.3,0,1,1,1,1,0,0,0
76,2026-07-28 17:48:00,4028.4,1,0,1,-1,1,0,0,0
76,2026-07-28 17:48:00,4028.5,2,1,4,-1,4,0,0,0
76,2026-07-28 17:48:00,4028.6,2,1,3,-1,3,0,0,0
76,2026-07-28 17:48:00,4028.7,0,2,2,2,2,0,0,0
76,2026-07-28 17:48:00,4028.8,0,2,2,2,2,0,0,0
77,2026-07-28 17:49:00,4028.0,1,0,1,-1,1,0,0,0
77,2026-07-28 17:49:00,4028.1,2,0,2,-2,2,0,0,0
77,2026-07-28 17:49:00,4028.2,0,1,1,1,1,0,0,0
77,2026-07-28 17:49:00,4028.4,0,1,5,1,3,0,0,0
77,2026-07-28 17:49:00,4028.5,0,2,2,2,2,0,0,0
77,2026-07-28 17:49:00,4028.6,1,1,2,0,2,0,0,0
77,2026-07-28 17:49:00,4028.7,1,1,3,0,3,0,0,0
77,2026-07-28 17:49:00,4029.0,1,1,2,0,2,0,0,0
77,2026-07-28 17:49:00,4029.1,1,0,1,-1,1,0,0,0
77,2026-07-28 17:49:00,4029.2,3,1,4,-2,4,0,0,0
77,2026-07-28 17:49:00,4029.3,2,2,5,0,5,0,0,0
77,2026-07-28 17:49:00,4029.4,2,4,6,2,6,0,0,0
77,2026-07-28 17:49:00,4029.5,1,3,4,2,3,0,0,0
77,2026-07-28 17:49:00,4029.6,0,5,5,5,4,0,0,0
77,2026-07-28 17:49:00,4029.7,0,6,6,6,6,0,0,0
77,2026-07-28 17:49:00,4029.8,0,1,1,1,1,0,0,0
78,2026-07-28 17:50:00,4028.3,2,2,6,0,6,0,0,0
78,2026-07-28 17:50:00,4028.4,1,0,2,-1,2,0,0,0
78,2026-07-28 17:50:00,4028.6,0,1,1,1,1,0,0,0
78,2026-07-28 17:50:00,4028.7,5,0,5,-5,2,0,0,0
78,2026-07-28 17:50:00,4029.0,4,0,6,-4,5,0,0,0
78,2026-07-28 17:50:00,4029.1,1,0,1,-1,1,0,0,0
78,2026-07-28 17:50:00,4029.3,0,0,1,0,1,0,0,0
79,2026-07-28 17:51:00,4027.8,5,0,5,-5,5,0,0,0
79,2026-07-28 17:51:00,4027.9,2,0,2,-2,2,0,0,0
79,2026-07-28 17:51:00,4028.0,1,0,1,-1,1,0,0,0
79,2026-07-28 17:51:00,4028.1,2,0,2,-2,2,0,0,0
79,2026-07-28 17:51:00,4028.2,3,1,5,-2,5,0,0,0
79,2026-07-28 17:51:00,4028.3,0,2,5,2,4,0,0,0
79,2026-07-28 17:51:00,4028.4,0,3,3,3,3,0,0,0
79,2026-07-28 17:51:00,4028.5,0,4,5,4,5,0,0,0
79,2026-07-28 17:51:00,4028.6,1,2,3,1,3,0,0,0
79,2026-07-28 17:51:00,4028.7,0,1,1,1,1,0,0,0
80,2026-07-28 17:52:00,4027.6,4,0,4,-4,3,0,0,0
80,2026-07-28 17:52:00,4027.9,1,0,1,-1,1,0,0,0
80,2026-07-28 17:52:00,4028.0,1,0,1,-1,1,0,0,0
80,2026-07-28 17:52:00,4028.1,2,0,2,-2,2,0,0,0
80,2026-07-28 17:52:00,4028.2,1,1,2,0,2,0,0,0
80,2026-07-28 17:52:00,4028.3,0,1,1,1,1,0,0,0
80,2026-07-28 17:52:00,4028.5,0,5,5,5,5,0,0,0
80,2026-07-28 17:52:00,4028.6,0,5,5,5,5,0,0,0
80,2026-07-28 17:52:00,4028.7,0,1,1,1,1,0,0,0
81,2026-07-28 17:53:00,4027.5,2,4,6,2,4,0,0,0
81,2026-07-28 17:53:00,4027.6,4,1,5,-3,5,0,0,0
81,2026-07-28 17:53:00,4027.7,1,2,3,1,2,0,0,0
81,2026-07-28 17:53:00,4027.8,2,2,4,0,3,0,0,0
81,2026-07-28 17:53:00,4027.9,0,1,1,1,1,0,0,0
81,2026-07-28 17:53:00,4028.0,3,3,7,0,6,0,0,0
81,2026-07-28 17:53:00,4028.1,0,2,3,2,3,0,0,0
81,2026-07-28 17:53:00,4028.2,0,1,1,1,1,0,0,0
82,2026-07-28 17:54:00,4026.0,4,1,5,-3,3,0,0,0
82,2026-07-28 17:54:00,4026.1,0,2,2,2,2,0,0,0
82,2026-07-28 17:54:00,4026.2,2,2,4,0,4,0,0,0
82,2026-07-28 17:54:00,4026.3,0,1,1,1,1,0,0,0
82,2026-07-28 17:54:00,4026.4,0,2,2,2,2,0,0,0
82,2026-07-28 17:54:00,4026.6,1,2,3,1,3,0,0,0
82,2026-07-28 17:54:00,4026.8,2,5,7,3,5,0,0,0
82,2026-07-28 17:54:00,4026.9,1,0,1,-1,1,0,0,0
82,2026-07-28 17:54:00,4027.3,1,0,3,-1,3,0,0,0
82,2026-07-28 17:54:00,4027.4,2,3,5,1,4,0,0,0
82,2026-07-28 17:54:00,4027.5,2,1,3,-1,2,0,0,0
82,2026-07-28 17:54:00,4027.6,0,2,2,2,2,0,0,0
82,2026-07-28 17:54:00,4027.7,2,0,2,-2,2,0,0,0
82,2026-07-28 17:54:00,4027.9,0,1,1,1,1,0,0,0
82,2026-07-28 17:54:00,4028.0,0,4,4,4,4,0,0,0
82,2026-07-28 17:54:00,4028.1,2,1,3,-1,3,0,0,0
82,2026-07-28 17:54:00,4028.2,0,1,1,1,1,0,0,0
82,2026-07-28 17:54:00,4028.3,0,1,1,1,1,0,0,0
82,2026-07-28 17:54:00,4028.4,0,2,2,2,2,0,0,0
83,2026-07-28 17:55:00,4025.9,0,0,3,0,3,0,0,0
83,2026-07-28 17:55:00,4026.0,0,0,1,0,1,0,0,0
83,2026-07-28 17:55:00,4026.1,0,0,4,0,4,0,0,0
83,2026-07-28 17:55:00,4026.2,0,1,6,1,6,0,0,0
83,2026-07-28 17:55:00,4026.3,0,0,2,0,2,0,0,0
83,2026-07-28 17:55:00,4026.4,0,3,3,3,3,0,0,0
83,2026-07-28 17:55:00,4026.5,3,5,9,2,9,0,0,0
83,2026-07-28 17:55:00,4026.6,2,0,2,-2,2,0,0,0
83,2026-07-28 17:55:00,4026.7,3,3,6,0,6,0,0,0
83,2026-07-28 17:55:00,4026.8,2,5,8,3,8,0,0,0
83,2026-07-28 17:55:00,4026.9,2,5,7,3,6,0,0,0
83,2026-07-28 17:55:00,4027.0,0,8,8,8,8,0,0,0
83,2026-07-28 17:55:00,4027.1,0,0,1,0,1,0,0,0
83,2026-07-28 17:55:00,4027.2,0,2,2,2,2,0,0,0
83,2026-07-28 17:55:00,4027.3,0,1,2,1,2,0,0,0
84,2026-07-28 17:56:00,4026.0,9,0,9,-9,6,0,0,0
84,2026-07-28 17:56:00,4026.1,1,2,4,1,4,0,0,0
84,2026-07-28 17:56:00,4026.2,0,4,6,4,6,0,0,0
84,2026-07-28 17:56:00,4026.4,0,1,1,1,1,0,0,0
84,2026-07-28 17:56:00,4026.5,0,3,3,3,2,0,0,0
84,2026-07-28 17:56:00,4026.8,1,1,2,0,2,0,0,0
84,2026-07-28 17:56:00,4027.1,3,0,3,-3,2,0,0,0
84,2026-07-28 17:56:00,4027.2,3,0,6,-3,6,0,0,0
84,2026-07-28 17:56:00,4027.3,6,1,7,-5,7,0,0,0
84,2026-07-28 17:56:00,4027.4,1,1,2,0,2,0,0,0
84,2026-07-28 17:56:00,4027.6,1,0,1,-1,1,0,0,0
84,2026-07-28 17:56:00,4027.7,0,1,1,1,1,0,0,0
84,2026-07-28 17:56:00,4028.0,0,1,1,1,1,0,0,0
85,2026-07-28 17:57:00,4027.3,2,0,2,-2,2,0,0,0
85,2026-07-28 17:57:00,4027.4,2,4,10,2,9,0,0,0
85,2026-07-28 17:57:00,4027.5,1,0,2,-1,2,0,0,0
85,2026-07-28 17:57:00,4027.6,3,0,6,-3,6,0,0,0
85,2026-07-28 17:57:00,4027.7,3,4,7,1,5,0,0,0
85,2026-07-28 17:57:00,4027.8,0,0,2,0,2,0,0,0
85,2026-07-28 17:57:00,4027.9,0,2,2,2,2,0,0,0
85,2026-07-28 17:57:00,4028.0,0,1,1,1,1,0,0,0
85,2026-07-28 17:57:00,4028.1,2,0,2,-2,2,0,0,0
86,2026-07-28 17:58:00,4027.4,1,0,1,-1,1,0,0,0
86,2026-07-28 17:58:00,4027.5,2,0,2,-2,2,0,0,0
86,2026-07-28 17:58:00,4027.6,3,0,3,-3,3,0,0,0
86,2026-07-28 17:58:00,4027.7,4,1,7,-3,6,0,0,0
86,2026-07-28 17:58:00,4027.8,2,3,5,1,5,0,0,0
86,2026-07-28 17:58:00,4027.9,2,1,3,-1,3,0,0,0
86,2026-07-28 17:58:00,4028.0,1,0,1,-1,1,0,0,0
86,2026-07-28 17:58:00,4028.1,0,0,4,0,3,0,0,0
87,2026-07-28 17:59:00,4027.7,1,0,1,-1,1,0,0,0
87,2026-07-28 17:59:00,4027.8,4,0,4,-4,2,0,0,0
87,2026-07-28 17:59:00,4028.0,1,2,4,1,4,0,0,0
87,2026-07-28 17:59:00,4028.1,0,1,1,1,1,0,0,0
87,2026-07-28 17:59:00,4028.2,0,3,3,3,3,0,0,0
87,2026-07-28 17:59:00,4028.3,0,1,1,1,1,0,0,0
88,2026-07-28 18:00:00,4027.4,1,0,1,-1,1,0,0,0
88,2026-07-28 18:00:00,4027.5,2,0,3,-2,3,0,0,0
88,2026-07-28 18:00:00,4027.6,1,4,5,3,5,0,0,0
88,2026-07-28 18:00:00,4027.7,2,2,4,0,4,0,0,0
88,2026-07-28 18:00:00,4027.8,1,2,3,1,3,0,0,0
88,2026-07-28 18:00:00,4027.9,0,4,4,4,3,0,0,0
88,2026-07-28 18:00:00,4028.0,1,0,1,-1,1,0,0,0
88,2026-07-28 18:00:00,4028.1,1,2,3,1,3,0,0,0
88,2026-07-28 18:00:00,4028.2,0,3,4,3,2,0,0,0
88,2026-07-28 18:00:00,4028.3,3,0,4,-3,3,0,0,0
88,2026-07-28 18:00:00,4028.4,0,3,5,3,5,0,0,0
88,2026-07-28 18:00:00,4028.5,0,2,2,2,2,0,0,0
88,2026-07-28 18:00:00,4028.6,6,0,6,-6,5,0,0,0
88,2026-07-28 18:00:00,4028.7,2,0,5,-2,5,0,0,0
88,2026-07-28 18:00:00,4028.8,1,5,6,4,5,0,0,0
88,2026-07-28 18:00:00,4028.9,0,1,1,1,1,0,0,0
89,2026-07-28 18:01:00,4027.9,1,0,1,-1,1,0,0,0
89,2026-07-28 18:01:00,4028.0,1,0,1,-1,1,0,0,0
89,2026-07-28 18:01:00,4028.1,0,3,3,3,3,0,0,0
89,2026-07-28 18:01:00,4028.2,4,1,5,-3,3,0,0,0
89,2026-07-28 18:01:00,4028.4,2,1,3,-1,2,0,0,0
89,2026-07-28 18:01:00,4028.5,2,0,2,-2,2,0,0,0
89,2026-07-28 18:01:00,4028.6,3,0,3,-3,3,0,0,0
89,2026-07-28 18:01:00,4028.7,1,0,1,-1,1,0,0,0
89,2026-07-28 18:01:00,4028.8,0,2,2,2,2,0,0,0
89,2026-07-28 18:01:00,4028.9,0,1,1,1,1,0,0,0
89,2026-07-28 18:01:00,4029.0,0,2,2,2,2,0,0,0
89,2026-07-28 18:01:00,4029.1,0,2,2,2,1,0,0,0
89,2026-07-28 18:01:00,4029.2,0,1,1,1,1,0,0,0
90,2026-07-28 18:02:00,4028.0,0,1,1,1,1,0,0,0
90,2026-07-28 18:02:00,4028.3,0,0,1,0,1,0,0,0
90,2026-07-28 18:02:00,4028.4,1,2,4,1,4,0,0,0
90,2026-07-28 18:02:00,4028.5,0,1,2,1,2,0,0,0
90,2026-07-28 18:02:00,4028.6,0,2,2,2,2,0,0,0
90,2026-07-28 18:02:00,4028.7,0,0,1,0,1,0,0,0
91,2026-07-28 18:03:00,4028.0,0,0,1,0,1,0,0,0
91,2026-07-28 18:03:00,4028.1,1,0,1,-1,1,0,0,0
91,2026-07-28 18:03:00,4028.2,1,1,3,0,3,0,0,0
91,2026-07-28 18:03:00,4028.3,0,0,1,0,1,0,0,0
91,2026-07-28 18:03:00,4028.5,2,1,3,-1,3,0,0,0
91,2026-07-28 18:03:00,4028.7,0,2,2,2,2,0,0,0
91,2026-07-28 18:03:00,4028.9,0,2,2,2,2,0,0,0
91,2026-07-28 18:03:00,4029.2,10,0,10,-10,5,0,0,0
91,2026-07-28 18:03:00,4029.3,0,3,4,3,4,0,0,0
92,2026-07-28 18:04:00,4028.9,2,0,2,-2,2,0,0,0
92,2026-07-28 18:04:00,4029.0,0,1,2,1,2,0,0,0
92,2026-07-28 18:04:00,4029.1,3,1,4,-2,4,0,0,0
92,2026-07-28 18:04:00,4029.3,1,3,5,2,5,0,0,0
92,2026-07-28 18:04:00,4029.4,1,2,4,1,4,0,0,0
92,2026-07-28 18:04:00,4029.7,0,2,2,2,2,0,0,0
92,2026-07-28 18:04:00,4029.8,0,0,1,0,1,0,0,0
93,2026-07-28 18:05:00,4029.1,1,0,2,-1,2,0,0,0
93,2026-07-28 18:05:00,4029.2,2,1,4,-1,4,0,0,0
93,2026-07-28 18:05:00,4029.3,0,2,2,2,2,0,0,0
93,2026-07-28 18:05:00,4029.4,2,1,4,-1,4,0,0,0
93,2026-07-28 18:05:00,4029.5,0,4,4,4,4,0,0,0
93,2026-07-28 18:05:00,4029.6,0,6,6,6,4,0,0,0
93,2026-07-28 18:05:00,4029.7,0,1,1,1,1,0,0,0
93,2026-07-28 18:05:00,4029.9,0,3,3,3,3,0,0,0
93,2026-07-28 18:05:00,4030.0,0,5,5,5,4,0,0,0
93,2026-07-28 18:05:00,4030.1,13,1,14,-12,9,0,0,0
93,2026-07-28 18:05:00,4030.2,2,4,6,2,6,0,0,0
93,2026-07-28 18:05:00,4030.3,0,1,1,1,1,0,0,0
93,2026-07-28 18:05:00,4030.4,5,4,9,-1,8,0,0,0
93,2026-07-28 18:05:00,4030.5,0,1,1,1,1,0,0,0
94,2026-07-28 18:06:00,4029.6,0,1,1,1,1,0,0,0
94,2026-07-28 18:06:00,4029.7,11,3,15,-8,7,0,0,0
94,2026-07-28 18:06:00,4029.8,0,1,1,1,1,0,0,0
95,2026-07-28 18:07:00,4029.4,2,1,3,-1,3,0,0,0
95,2026-07-28 18:07:00,4029.5,1,0,1,-1,1,0,0,0
95,2026-07-28 18:07:00,4029.6,2,2,7,0,7,0,0,0
95,2026-07-28 18:07:00,4029.7,0,0,3,0,2,0,0,0
95,2026-07-28 18:07:00,4029.8,0,3,4,3,4,0,0,0
95,2026-07-28 18:07:00,4029.9,0,1,1,1,1,0,0,0
95,2026-07-28 18:07:00,4030.0,0,1,1,1,1,0,0,0
96,2026-07-28 18:08:00,4029.5,1,0,1,-1,1,0,0,0
96,2026-07-28 18:08:00,4029.6,2,1,3,-1,3,0,0,0
96,2026-07-28 18:08:00,4029.7,1,0,1,-1,1,0,0,0
96,2026-07-28 18:08:00,4029.8,1,0,1,-1,1,0,0,0
96,2026-07-28 18:08:00,4029.9,7,0,7,-7,5,0,0,0
96,2026-07-28 18:08:00,4030.2,0,1,2,1,2,0,0,0
96,2026-07-28 18:08:00,4030.3,0,0,1,0,1,0,0,0
97,2026-07-28 18:09:00,4029.2,1,0,1,-1,1,0,0,0
97,2026-07-28 18:09:00,4029.5,0,1,1,1,1,0,0,0
97,2026-07-28 18:09:00,4029.6,0,1,1,1,1,0,0,0
97,2026-07-28 18:09:00,4029.7,1,0,1,-1,1,0,0,0
97,2026-07-28 18:09:00,4029.9,1,1,2,0,2,0,0,0
98,2026-07-28 18:10:00,4028.3,1,0,1,-1,1,0,0,0
98,2026-07-28 18:10:00,4028.5,2,0,2,-2,2,0,0,0
98,2026-07-28 18:10:00,4028.6,3,1,4,-2,3,0,0,0
98,2026-07-28 18:10:00,4028.8,3,0,3,-3,2,0,0,0
98,2026-07-28 18:10:00,4028.9,1,0,1,-1,1,0,0,0
98,2026-07-28 18:10:00,4029.0,3,0,3,-3,2,0,0,0
98,2026-07-28 18:10:00,4029.2,4,1,5,-3,4,0,0,0
98,2026-07-28 18:10:00,4029.3,2,0,2,-2,2,0,0,0
98,2026-07-28 18:10:00,4029.4,1,1,2,0,2,0,0,0
98,2026-07-28 18:10:00,4029.6,0,0,1,0,1,0,0,0
98,2026-07-28 18:10:00,4029.8,1,0,1,-1,1,0,0,0
98,2026-07-28 18:10:00,4029.9,1,0,1,-1,1,0,0,0
99,2026-07-28 18:11:00,4027.8,2,0,2,-2,2,0,0,0
99,2026-07-28 18:11:00,4027.9,1,1,2,0,2,0,0,0
99,2026-07-28 18:11:00,4028.0,3,0,3,-3,2,0,0,0
99,2026-07-28 18:11:00,4028.2,0,2,3,2,3,0,0,0
99,2026-07-28 18:11:00,4028.8,0,1,1,1,1,0,0,0
100,2026-07-28 18:12:00,4028.4,1,0,1,-1,1,0,0,0
100,2026-07-28 18:12:00,4028.5,0,1,2,1,2,0,0,0
100,2026-07-28 18:12:00,4028.7,0,1,1,1,1,0,0,0
101,2026-07-28 18:13:00,4028.0,1,0,1,-1,1,0,0,0
101,2026-07-28 18:13:00,4028.4,2,0,3,-2,3,0,0,0
101,2026-07-28 18:13:00,4028.5,0,0,1,0,1,0,0,0
101,2026-07-28 18:13:00,4029.0,1,2,3,1,3,0,0,0
101,2026-07-28 18:13:00,4029.2,1,0,1,-1,1,0,0,0
101,2026-07-28 18:13:00,4029.3,1,0,1,-1,1,0,0,0
101,2026-07-28 18:13:00,4029.4,0,1,1,1,1,0,0,0
101,2026-07-28 18:13:00,4029.6,0,1,1,1,1,0,0,0
101,2026-07-28 18:13:00,4029.7,0,2,2,2,2,0,0,0
102,2026-07-28 18:14:00,4028.4,2,2,4,0,3,0,0,0
102,2026-07-28 18:14:00,4028.9,1,0,1,-1,1,0,0,0
103,2026-07-28 18:15:00,4028.2,1,0,2,-1,2,0,0,0
103,2026-07-28 18:15:00,4028.3,0,4,4,4,3,0,0,0
103,2026-07-28 18:15:00,4028.4,0,1,1,1,1,0,0,0
103,2026-07-28 18:15:00,4028.6,0,1,1,1,1,0,0,0
103,2026-07-28 18:15:00,4028.7,0,2,2,2,2,0,0,0
103,2026-07-28 18:15:00,4028.8,1,0,2,-1,2,0,0,0
103,2026-07-28 18:15:00,4028.9,0,4,4,4,4,0,0,0
103,2026-07-28 18:15:00,4029.4,0,1,1,1,1,0,0,0
103,2026-07-28 18:15:00,4029.6,2,1,4,-1,4,0,0,0
103,2026-07-28 18:15:00,4029.7,1,0,1,-1,1,0,0,0
103,2026-07-28 18:15:00,4029.8,0,1,1,1,1,0,0,0
103,2026-07-28 18:15:00,4029.9,0,2,2,2,2,0,0,0
103,2026-07-28 18:15:00,4030.0,0,13,13,13,3,0,0,0
103,2026-07-28 18:15:00,4030.1,0,1,1,1,1,0,0,0
104,2026-07-28 18:16:00,4029.5,1,0,1,-1,1,0,0,0
104,2026-07-28 18:16:00,4029.7,5,1,6,-4,5,0,0,0
104,2026-07-28 18:16:00,4029.8,2,2,4,0,3,0,0,0
104,2026-07-28 18:16:00,4029.9,0,1,2,1,2,0,0,0
104,2026-07-28 18:16:00,4030.0,0,1,1,1,1,0,0,0
104,2026-07-28 18:16:00,4030.1,0,1,1,1,1,0,0,0
105,2026-07-28 18:17:00,4028.9,3,0,3,-3,1,0,0,0
105,2026-07-28 18:17:00,4029.1,0,2,2,2,2,0,0,0
105,2026-07-28 18:17:00,4029.6,2,0,2,-2,1,0,0,0
105,2026-07-28 18:17:00,4029.8,3,0,3,-3,3,0,0,0
105,2026-07-28 18:17:00,4030.0,0,0,2,0,2,0,0,0
105,2026-07-28 18:17:00,4030.1,3,3,6,0,4,0,0,0
106,2026-07-28 18:18:00,4028.7,1,0,1,-1,1,0,0,0
106,2026-07-28 18:18:00,4028.8,0,0,1,0,1,0,0,0
106,2026-07-28 18:18:00,4028.9,0,1,1,1,1,0,0,0
106,2026-07-28 18:18:00,4029.0,0,2,2,2,2,0,0,0
106,2026-07-28 18:18:00,4029.1,0,1,2,1,2,0,0,0
106,2026-07-28 18:18:00,4029.2,0,1,1,1,1,0,0,0
106,2026-07-28 18:18:00,4029.3,0,2,2,2,1,0,0,0
107,2026-07-28 18:19:00,4028.5,1,0,1,-1,1,0,0,0
107,2026-07-28 18:19:00,4028.6,0,1,1,1,1,0,0,0
107,2026-07-28 18:19:00,4028.8,2,0,3,-2,3,0,0,0
107,2026-07-28 18:19:00,4028.9,0,2,2,2,2,0,0,0
107,2026-07-28 18:19:00,4029.0,0,3,3,3,3,0,0,0
108,2026-07-28 18:20:00,4028.7,2,1,3,-1,2,0,0,0
108,2026-07-28 18:20:00,4028.8,1,2,3,1,3,0,0,0
108,2026-07-28 18:20:00,4028.9,0,0,1,0,1,0,0,0
108,2026-07-28 18:20:00,4029.0,0,2,2,2,2,0,0,0
109,2026-07-28 18:21:00,4028.2,1,0,1,-1,1,0,0,0
109,2026-07-28 18:21:00,4028.4,3,0,3,-3,1,0,0,0
109,2026-07-28 18:21:00,4028.5,0,1,2,1,2,0,0,0
110,2026-07-28 18:22:00,4028.1,1,0,1,-1,1,0,0,0
110,2026-07-28 18:22:00,4028.2,1,0,1,-1,1,0,0,0
110,2026-07-28 18:22:00,4028.3,0,1,1,1,1,0,0,0
110,2026-07-28 18:22:00,4028.6,0,1,1,1,1,0,0,0
111,2026-07-28 18:23:00,4026.7,1,0,1,-1,1,0,0,0
111,2026-07-28 18:23:00,4026.8,0,1,2,1,2,0,0,0
111,2026-07-28 18:23:00,4026.9,1,0,1,-1,1,0,0,0
111,2026-07-28 18:23:00,4027.0,6,6,13,0,9,0,0,0
111,2026-07-28 18:23:00,4027.1,2,1,3,-1,3,0,0,0
111,2026-07-28 18:23:00,4027.2,2,17,20,15,10,0,0,0
111,2026-07-28 18:23:00,4027.3,2,3,5,1,5,0,0,0
111,2026-07-28 18:23:00,4027.4,1,0,1,-1,1,0,0,0
111,2026-07-28 18:23:00,4027.6,4,0,4,-4,2,0,0,0
111,2026-07-28 18:23:00,4028.0,1,2,3,1,3,0,0,0
112,2026-07-28 18:24:00,4026.6,2,0,2,-2,2,0,0,0
112,2026-07-28 18:24:00,4026.7,4,3,7,-1,4,0,0,0
112,2026-07-28 18:24:00,4026.8,3,0,3,-3,3,0,0,0
112,2026-07-28 18:24:00,4026.9,5,2,7,-3,7,0,0,0
112,2026-07-28 18:24:00,4027.0,1,0,2,-1,2,0,0,0
113,2026-07-28 18:25:00,4026.5,2,0,2,-2,2,0,0,0
113,2026-07-28 18:25:00,4026.9,1,3,5,2,5,0,0,0
113,2026-07-28 18:25:00,4027.0,2,1,3,-1,3,0,0,0
113,2026-07-28 18:25:00,4027.2,2,1,4,-1,4,0,0,0
113,2026-07-28 18:25:00,4027.4,0,1,1,1,1,0,0,0
114,2026-07-28 18:26:00,4026.5,0,0,1,0,1,0,0,0
114,2026-07-28 18:26:00,4026.7,0,0,1,0,1,0,0,0
114,2026-07-28 18:26:00,4026.8,0,1,1,1,1,0,0,0
114,2026-07-28 18:26:00,4026.9,0,2,2,2,2,0,0,0
115,2026-07-28 18:27:00,4026.0,11,0,11,-11,10,0,0,0
115,2026-07-28 18:27:00,4026.1,3,1,4,-2,4,0,0,0
115,2026-07-28 18:27:00,4026.2,3,0,3,-3,3,0,0,0
115,2026-07-28 18:27:00,4026.3,2,1,3,-1,3,0,0,0
115,2026-07-28 18:27:00,4026.4,2,7,11,5,9,0,0,0
115,2026-07-28 18:27:00,4026.5,2,1,4,-1,4,0,0,0
115,2026-07-28 18:27:00,4026.6,4,9,13,5,9,0,0,0
115,2026-07-28 18:27:00,4026.7,0,2,2,2,2,0,0,0
115,2026-07-28 18:27:00,4026.8,0,1,1,1,1,0,0,0
116,2026-07-28 18:28:00,4026.2,3,0,5,-3,5,0,0,0
116,2026-07-28 18:28:00,4026.3,1,2,3,1,3,0,0,0
116,2026-07-28 18:28:00,4026.4,1,1,4,0,4,0,0,0
116,2026-07-28 18:28:00,4026.5,9,2,16,-7,13,0,0,0
116,2026-07-28 18:28:00,4026.6,1,1,3,0,3,0,0,0
116,2026-07-28 18:28:00,4026.7,0,3,4,3,4,0,0,0
116,2026-07-28 18:28:00,4026.8,1,0,1,-1,1,0,0,0
116,2026-07-28 18:28:00,4026.9,2,1,3,-1,3,0,0,0
116,2026-07-28 18:28:00,4027.0,0,2,2,2,2,0,0,0
117,2026-07-28 18:29:00,4026.3,0,0,1,0,1,0,0,0
117,2026-07-28 18:29:00,4026.5,2,1,4,-1,4,0,0,0
117,2026-07-28 18:29:00,4026.6,1,0,2,-1,2,0,0,0
117,2026-07-28 18:29:00,4026.7,1,2,7,1,7,0,0,0
117,2026-07-28 18:29:00,4026.8,9,7,18,-2,12,0,0,0
117,2026-07-28 18:29:00,4026.9,4,0,4,-4,2,0,0,0
117,2026-07-28 18:29:00,4027.0,0,1,3,1,3,0,0,0
117,2026-07-28 18:29:00,4027.1,9,3,12,-6,4,0,0,0
117,2026-07-28 18:29:00,4027.2,2,3,5,1,5,0,0,0
117,2026-07-28 18:29:00,4027.3,0,0,1,0,1,0,0,0
117,2026-07-28 18:29:00,4027.4,5,3,12,-2,10,0,0,0
117,2026-07-28 18:29:00,4027.5,1,0,1,-1,1,0,0,0
117,2026-07-28 18:29:00,4027.6,0,2,2,2,2,0,0,0
117,2026-07-28 18:29:00,4027.7,1,3,7,2,7,0,0,0
117,2026-07-28 18:29:00,4027.8,0,1,1,1,1,0,0,0
118,2026-07-28 18:30:00,4026.4,0,0,1,0,1,0,0,0
118,2026-07-28 18:30:00,4026.5,0,0,2,0,2,0,0,0
118,2026-07-28 18:30:00,4026.7,0,0,2,0,2,0,0,0
118,2026-07-28 18:30:00,4026.8,1,0,1,-1,1,0,0,0
118,2026-07-28 18:30:00,4026.9,1,0,1,-1,1,0,0,0
118,2026-07-28 18:30:00,4027.0,5,7,13,2,8,0,0,0
118,2026-07-28 18:30:00,4027.1,4,0,6,-4,6,0,0,0
118,2026-07-28 18:30:00,4027.2,5,1,8,-4,8,0,0,0
118,2026-07-28 18:30:00,4027.3,5,3,9,-2,8,0,0,0
118,2026-07-28 18:30:00,4027.4,2,8,16,6,9,0,0,0
118,2026-07-28 18:30:00,4027.5,0,0,2,0,2,0,0,0
118,2026-07-28 18:30:00,4027.6,0,0,1,0,1,0,0,0
118,2026-07-28 18:30:00,4027.7,0,1,1,1,1,0,0,0
119,2026-07-28 18:31:00,4024.8,1,0,3,-1,3,0,0,0
119,2026-07-28 18:31:00,4024.9,2,0,2,-2,2,0,0,0
119,2026-07-28 18:31:00,4025.0,7,1,8,-6,8,0,0,0
119,2026-07-28 18:31:00,4025.1,0,4,4,4,3,0,0,0
119,2026-07-28 18:31:00,4025.2,0,2,3,2,3,0,0,0
119,2026-07-28 18:31:00,4025.3,1,1,2,0,2,0,0,0
119,2026-07-28 18:31:00,4025.4,1,0,4,-1,4,0,0,0
119,2026-07-28 18:31:00,4025.6,1,0,1,-1,1,0,0,0
119,2026-07-28 18:31:00,4025.7,2,7,9,5,9,0,0,0
119,2026-07-28 18:31:00,4025.9,1,1,2,0,2,0,0,0
119,2026-07-28 18:31:00,4026.0,1,0,2,-1,2,0,0,0
119,2026-07-28 18:31:00,4026.1,2,0,2,-2,2,0,0,0
119,2026-07-28 18:31:00,4026.4,1,10,11,9,4,0,0,0
119,2026-07-28 18:31:00,4026.5,0,1,2,1,2,0,0,0
119,2026-07-28 18:31:00,4026.8,1,2,3,1,3,0,0,0
119,2026-07-28 18:31:00,4027.1,0,0,3,0,3,0,0,0
120,2026-07-28 18:32:00,4024.9,0,0,3,0,3,0,0,0
120,2026-07-28 18:32:00,4025.0,0,3,4,3,4,0,0,0
120,2026-07-28 18:32:00,4025.1,1,3,4,2,3,0,0,0
120,2026-07-28 18:32:00,4025.2,0,2,3,2,3,0,0,0
120,2026-07-28 18:32:00,4025.3,2,0,2,-2,1,0,0,0
120,2026-07-28 18:32:00,4025.4,2,2,4,0,4,0,0,0
120,2026-07-28 18:32:00,4025.5,2,2,4,0,4,0,0,0
121,2026-07-28 18:33:00,4023.9,7,0,7,-7,6,0,0,0
121,2026-07-28 18:33:00,4024.0,4,1,5,-3,5,0,0,0
121,2026-07-28 18:33:00,4024.1,5,2,9,-3,8,0,0,0
121,2026-07-28 18:33:00,4024.2,2,0,2,-2,2,0,0,0
121,2026-07-28 18:33:00,4024.3,3,1,6,-2,6,0,0,0
121,2026-07-28 18:33:00,4024.4,5,3,8,-2,8,0,0,0
121,2026-07-28 18:33:00,4024.5,3,0,3,-3,3,0,0,0
121,2026-07-28 18:33:00,4024.6,2,0,2,-2,2,0,0,0
121,2026-07-28 18:33:00,4024.7,1,0,1,-1,1,0,0,0
121,2026-07-28 18:33:00,4024.8,4,0,4,-4,2,0,0,0
121,2026-07-28 18:33:00,4025.0,1,2,6,1,6,0,0,0
121,2026-07-28 18:33:00,4025.1,0,1,5,1,5,0,0,0
121,2026-07-28 18:33:00,4025.2,0,1,2,1,2,0,0,0
121,2026-07-28 18:33:00,4025.3,0,1,1,1,1,0,0,0
122,2026-07-28 18:34:00,4024.1,0,0,3,0,3,0,0,0
122,2026-07-28 18:34:00,4024.2,0,0,2,0,2,0,0,0
122,2026-07-28 18:34:00,4024.4,0,0,2,0,2,0,0,0
122,2026-07-28 18:34:00,4024.5,0,5,5,5,2,0,0,0
122,2026-07-28 18:34:00,4024.6,3,3,6,0,5,0,0,0
122,2026-07-28 18:34:00,4024.7,1,0,1,-1,1,0,0,0
122,2026-07-28 18:34:00,4024.8,1,2,3,1,3,0,0,0
122,2026-07-28 18:34:00,4024.9,0,0,1,0,1,0,0,0
123,2026-07-28 18:35:00,4023.4,1,0,1,-1,1,0,0,0
123,2026-07-28 18:35:00,4023.5,2,2,5,0,5,0,0,0
123,2026-07-28 18:35:00,4023.6,1,3,6,2,6,0,0,0
123,2026-07-28 18:35:00,4023.7,0,6,7,6,6,0,0,0
123,2026-07-28 18:35:00,4023.8,3,0,3,-3,2,0,0,0
123,2026-07-28 18:35:00,4023.9,0,1,1,1,1,0,0,0
123,2026-07-28 18:35:00,4024.0,4,0,4,-4,4,0,0,0
123,2026-07-28 18:35:00,4024.1,1,2,4,1,4,0,0,0
123,2026-07-28 18:35:00,4024.2,5,3,9,-2,8,0,0,0
123,2026-07-28 18:35:00,4024.3,0,4,4,4,4,0,0,0
123,2026-07-28 18:35:00,4024.4,0,3,6,3,4,0,0,0
123,2026-07-28 18:35:00,4024.5,0,0,1,0,1,0,0,0
124,2026-07-28 18:36:00,4023.3,1,0,1,-1,1,0,0,0
124,2026-07-28 18:36:00,4023.4,1,0,3,-1,3,0,0,0
124,2026-07-28 18:36:00,4023.5,1,0,2,-1,2,0,0,0
124,2026-07-28 18:36:00,4023.6,0,2,2,2,2,0,0,0
124,2026-07-28 18:36:00,4023.7,1,1,2,0,2,0,0,0
124,2026-07-28 18:36:00,4023.8,1,0,1,-1,1,0,0,0
124,2026-07-28 18:36:00,4023.9,3,0,3,-3,3,0,0,0
124,2026-07-28 18:36:00,4024.0,1,0,1,-1,1,0,0,0
124,2026-07-28 18:36:00,4024.1,3,0,4,-3,4,0,0,0
124,2026-07-28 18:36:00,4024.2,3,0,3,-3,3,0,0,0
124,2026-07-28 18:36:00,4024.3,0,0,1,0,1,0,0,0
124,2026-07-28 18:36:00,4024.4,2,5,7,3,7,0,0,0
124,2026-07-28 18:36:00,4024.5,1,1,3,0,3,0,0,0
124,2026-07-28 18:36:00,4024.6,0,2,3,2,3,0,0,0
124,2026-07-28 18:36:00,4024.8,0,1,1,1,1,0,0,0
125,2026-07-28 18:37:00,4023.5,1,0,1,-1,1,0,0,0
125,2026-07-28 18:37:00,4023.6,1,0,2,-1,2,0,0,0
125,2026-07-28 18:37:00,4023.7,0,1,3,1,3,0,0,0
125,2026-07-28 18:37:00,4023.8,1,4,5,3,5,0,0,0
125,2026-07-28 18:37:00,4023.9,1,0,4,-1,4,0,0,0
125,2026-07-28 18:37:00,4024.0,0,1,3,1,3,0,0,0
125,2026-07-28 18:37:00,4024.2,0,0,2,0,2,0,0,0
125,2026-07-28 18:37:00,4024.3,0,0,1,0,1,0,0,0
126,2026-07-28 18:38:00,4023.9,2,0,7,-2,7,0,0,0
126,2026-07-28 18:38:00,4024.0,5,0,5,-5,4,0,0,0
126,2026-07-28 18:38:00,4024.1,1,3,6,2,6,0,0,0
126,2026-07-28 18:38:00,4024.2,1,1,4,0,4,0,0,0
126,2026-07-28 18:38:00,4024.3,0,1,1,1,1,0,0,0
126,2026-07-28 18:38:00,4024.4,2,1,3,-1,3,0,0,0
126,2026-07-28 18:38:00,4024.6,0,2,2,2,2,0,0,0
126,2026-07-28 18:38:00,4024.7,0,1,2,1,2,0,0,0
127,2026-07-28 18:39:00,4023.1,3,0,3,-3,3,0,0,0
127,2026-07-28 18:39:00,4023.2,0,1,3,1,3,0,0,0
127,2026-07-28 18:39:00,4023.3,2,2,5,0,5,0,0,0
127,2026-07-28 18:39:00,4023.4,0,1,9,1,8,0,0,0
127,2026-07-28 18:39:00,4023.5,0,2,2,2,2,0,0,0
127,2026-07-28 18:39:00,4023.6,1,4,6,3,6,0,0,0
127,2026-07-28 18:39:00,4023.7,3,0,3,-3,3,0,0,0
127,2026-07-28 18:39:00,4023.9,1,0,1,-1,1,0,0,0
128,2026-07-28 18:40:00,4023.1,0,0,1,0,1,0,0,0
128,2026-07-28 18:40:00,4023.2,0,0,2,0,1,0,0,0
128,2026-07-28 18:40:00,4023.4,0,2,2,2,2,0,0,0
128,2026-07-28 18:40:00,4023.8,1,0,2,-1,2,0,0,0
128,2026-07-28 18:40:00,4023.9,5,0,5,-5,3,0,0,0
128,2026-07-28 18:40:00,4024.0,2,2,4,0,4,0,0,0
128,2026-07-28 18:40:00,4024.1,0,1,3,1,3,0,0,0
129,2026-07-28 18:41:00,4023.1,0,1,1,1,1,0,0,0
129,2026-07-28 18:41:00,4023.2,2,4,6,2,5,0,0,0
129,2026-07-28 18:41:00,4023.3,0,1,1,1,1,0,0,0
129,2026-07-28 18:41:00,4023.4,2,1,3,-1,3,0,0,0
129,2026-07-28 18:41:00,4023.5,1,0,2,-1,2,0,0,0
129,2026-07-28 18:41:00,4023.6,0,2,3,2,3,0,0,0
129,2026-07-28 18:41:00,4023.7,0,1,1,1,1,0,0,0
129,2026-07-28 18:41:00,4023.8,0,0,2,0,2,0,0,0
129,2026-07-28 18:41:00,4023.9,2,1,3,-1,3,0,0,0
129,2026-07-28 18:41:00,4024.0,9,6,16,-3,11,0,0,0
129,2026-07-28 18:41:00,4024.1,2,0,2,-2,2,0,0,0
129,2026-07-28 18:41:00,4024.2,2,1,3,-1,3,0,0,0
129,2026-07-28 18:41:00,4024.3,0,1,1,1,1,0,0,0
130,2026-07-28 18:42:00,4023.0,1,0,1,-1,1,0,0,0
130,2026-07-28 18:42:00,4023.2,0,2,2,2,2,0,0,0
130,2026-07-28 18:42:00,4023.3,0,2,2,2,1,0,0,0
130,2026-07-28 18:42:00,4023.4,2,0,2,-2,2,0,0,0
130,2026-07-28 18:42:00,4023.5,0,1,1,1,1,0,0,0
130,2026-07-28 18:42:00,4023.7,0,2,2,2,2,0,0,0
130,2026-07-28 18:42:00,4023.8,0,2,3,2,3,0,0,0
130,2026-07-28 18:42:00,4023.9,0,0,1,0,1,0,0,0
130,2026-07-28 18:42:00,4024.0,1,2,4,1,4,0,0,0
130,2026-07-28 18:42:00,4024.1,7,1,8,-6,4,0,0,0
130,2026-07-28 18:42:00,4024.2,0,1,1,1,1,0,0,0
130,2026-07-28 18:42:00,4024.3,4,1,5,-3,5,0,0,0
130,2026-07-28 18:42:00,4024.4,0,2,2,2,2,0,0,0
130,2026-07-28 18:42:00,4024.5,2,2,8,0,8,0,0,0
130,2026-07-28 18:42:00,4024.6,0,1,2,1,2,0,0,0
130,2026-07-28 18:42:00,4024.7,0,1,1,1,1,0,0,0
130,2026-07-28 18:42:00,4024.8,0,1,1,1,1,0,0,0
131,2026-07-28 18:43:00,4024.1,0,0,2,0,2,0,0,0
131,2026-07-28 18:43:00,4024.2,1,0,1,-1,1,0,0,0
131,2026-07-28 18:43:00,4024.3,2,1,6,-1,6,0,0,0
131,2026-07-28 18:43:00,4024.4,1,7,9,6,9,0,0,0
131,2026-07-28 18:43:00,4024.5,0,6,6,6,6,0,0,0
131,2026-07-28 18:43:00,4024.6,0,4,4,4,4,0,0,0
131,2026-07-28 18:43:00,4024.7,0,0,1,0,1,0,0,0
132,2026-07-28 18:44:00,4023.3,1,0,1,-1,1,0,0,0
132,2026-07-28 18:44:00,4023.5,0,0,1,0,1,0,0,0
132,2026-07-28 18:44:00,4023.6,0,0,1,0,1,0,0,0
132,2026-07-28 18:44:00,4023.7,0,1,1,1,1,0,0,0
132,2026-07-28 18:44:00,4023.8,4,1,5,-3,5,0,0,0
132,2026-07-28 18:44:00,4023.9,5,0,5,-5,5,0,0,0
132,2026-07-28 18:44:00,4024.0,4,1,6,-3,6,0,0,0
132,2026-07-28 18:44:00,4024.1,2,0,3,-2,3,0,0,0
132,2026-07-28 18:44:00,4024.2,2,2,6,0,6,0,0,0
132,2026-07-28 18:44:00,4024.3,0,0,2,0,2,0,0,0
132,2026-07-28 18:44:00,4024.4,0,2,4,2,4,0,0,0
132,2026-07-28 18:44:00,4024.5,0,1,4,1,4,0,0,0
132,2026-07-28 18:44:00,4024.6,0,2,3,2,3,0,0,0
132,2026-07-28 18:44:00,4024.7,0,0,2,0,2,0,0,0
133,2026-07-28 18:45:00,4023.1,1,0,1,-1,1,0,0,0
133,2026-07-28 18:45:00,4023.3,0,1,1,1,1,0,0,0
133,2026-07-28 18:45:00,4023.4,0,2,2,2,2,0,0,0
133,2026-07-28 18:45:00,4023.5,1,0,1,-1,1,0,0,0
133,2026-07-28 18:45:00,4023.9,1,0,4,-1,4,0,0,0
133,2026-07-28 18:45:00,4024.0,0,1,1,1,1,0,0,0
133,2026-07-28 18:45:00,4024.1,1,2,3,1,3,0,0,0
133,2026-07-28 18:45:00,4024.2,0,1,1,1,1,0,0,0
133,2026-07-28 18:45:00,4024.3,0,1,1,1,1,0,0,0
133,2026-07-28 18:45:00,4024.4,0,1,3,1,3,0,0,0
133,2026-07-28 18:45:00,4024.8,0,2,2,2,2,0,0,0
134,2026-07-28 18:46:00,4024.7,1,0,1,-1,1,0,0,0
134,2026-07-28 18:46:00,4024.8,1,0,4,-1,4,0,0,0
134,2026-07-28 18:46:00,4024.9,1,2,4,1,4,0,0,0
134,2026-07-28 18:46:00,4025.0,0,4,4,4,4,0,0,0
134,2026-07-28 18:46:00,4025.1,3,10,14,7,10,0,0,0
134,2026-07-28 18:46:00,4025.2,0,1,2,1,2,0,0,0
134,2026-07-28 18:46:00,4025.3,1,3,4,2,4,0,0,0
135,2026-07-28 18:47:00,4024.3,0,0,2,0,2,0,0,0
135,2026-07-28 18:47:00,4024.4,0,0,2,0,2,0,0,0
135,2026-07-28 18:47:00,4024.5,0,1,1,1,1,0,0,0
135,2026-07-28 18:47:00,4024.7,1,0,1,-1,1,0,0,0
135,2026-07-28 18:47:00,4024.9,1,0,1,-1,1,0,0,0
135,2026-07-28 18:47:00,4025.2,0,0,2,0,2,0,0,0
135,2026-07-28 18:47:00,4025.3,1,0,3,-1,3,0,0,0
135,2026-07-28 18:47:00,4025.4,0,1,3,1,3,0,0,0
135,2026-07-28 18:47:00,4025.5,1,2,3,1,3,0,0,0
135,2026-07-28 18:47:00,4025.6,4,1,5,-3,5,0,0,0
135,2026-07-28 18:47:00,4025.7,1,0,1,-1,1,0,0,0
135,2026-07-28 18:47:00,4025.9,0,1,1,1,1,0,0,0
136,2026-07-28 18:48:00,4023.4,1,0,1,-1,1,0,0,0
136,2026-07-28 18:48:00,4023.5,1,0,1,-1,1,0,0,0
136,2026-07-28 18:48:00,4023.6,3,0,3,-3,3,0,0,0
136,2026-07-28 18:48:00,4023.7,1,0,2,-1,2,0,0,0
136,2026-07-28 18:48:00,4023.8,0,0,1,0,1,0,0,0
136,2026-07-28 18:48:00,4023.9,2,2,4,0,3,0,0,0
136,2026-07-28 18:48:00,4024.0,3,1,4,-2,4,0,0,0
136,2026-07-28 18:48:00,4024.2,0,1,1,1,1,0,0,0
136,2026-07-28 18:48:00,4024.3,1,1,2,0,2,0,0,0
136,2026-07-28 18:48:00,4024.4,0,2,2,2,2,0,0,0
136,2026-07-28 18:48:00,4024.5,0,2,2,2,2,0,0,0
137,2026-07-28 18:49:00,4023.1,0,0,2,0,2,0,0,0
137,2026-07-28 18:49:00,4023.2,0,0,1,0,1,0,0,0
137,2026-07-28 18:49:00,4023.3,2,0,4,-2,4,0,0,0
137,2026-07-28 18:49:00,4023.4,2,2,8,0,8,0,0,0
137,2026-07-28 18:49:00,4023.5,1,2,5,1,5,0,0,0
137,2026-07-28 18:49:00,4023.6,1,1,3,0,3,0,0,0
137,2026-07-28 18:49:00,4023.7,1,2,6,1,6,0,0,0
137,2026-07-28 18:49:00,4023.8,0,3,8,3,8,0,0,0
137,2026-07-28 18:49:00,4023.9,0,3,3,3,3,0,0,0
137,2026-07-28 18:49:00,4024.0,0,2,2,2,2,0,0,0
138,2026-07-28 18:50:00,4023.6,1,1,3,0,3,0,0,0
138,2026-07-28 18:50:00,4023.7,0,1,3,1,3,0,0,0
138,2026-07-28 18:50:00,4023.8,6,2,8,-4,8,0,0,0
138,2026-07-28 18:50:00,4023.9,5,4,10,-1,10,0,0,0
138,2026-07-28 18:50:00,4024.0,0,5,5,5,5,0,0,0
138,2026-07-28 18:50:00,4024.1,0,1,1,1,1,0,0,0
139,2026-07-28 18:51:00,4023.6,0,0,2,0,2,0,0,0
139,2026-07-28 18:51:00,4023.7,1,0,1,-1,1,0,0,0
139,2026-07-28 18:51:00,4023.8,0,0,1,0,1,0,0,0
139,2026-07-28 18:51:00,4023.9,0,1,1,1,1,0,0,0
139,2026-07-28 18:51:00,4024.0,0,4,4,4,4,0,0,0
139,2026-07-28 18:51:00,4024.1,0,2,2,2,2,0,0,0
140,2026-07-28 18:52:00,4023.3,1,0,2,-1,2,0,0,0
140,2026-07-28 18:52:00,4023.4,1,1,3,0,3,0,0,0
140,2026-07-28 18:52:00,4023.5,1,1,2,0,2,0,0,0
140,2026-07-28 18:52:00,4023.7,0,2,2,2,2,0,0,0
140,2026-07-28 18:52:00,4023.8,0,2,2,2,2,0,0,0
140,2026-07-28 18:52:00,4023.9,9,1,10,-8,5,0,0,0
140,2026-07-28 18:52:00,4024.0,3,4,9,1,9,0,0,0
140,2026-07-28 18:52:00,4024.1,3,0,4,-3,4,0,0,0
140,2026-07-28 18:52:00,4024.2,3,1,4,-2,4,0,0,0
140,2026-07-28 18:52:00,4024.3,1,14,15,13,9,0,0,0
141,2026-07-28 18:53:00,4023.0,3,0,5,-3,5,0,0,0
141,2026-07-28 18:53:00,4023.1,0,0,1,0,1,0,0,0
141,2026-07-28 18:53:00,4023.2,1,0,1,-1,1,0,0,0
141,2026-07-28 18:53:00,4023.3,1,0,1,-1,1,0,0,0
141,2026-07-28 18:53:00,4023.4,0,1,1,1,1,0,0,0
141,2026-07-28 18:53:00,4023.5,2,0,2,-2,1,0,0,0
141,2026-07-28 18:53:00,4023.7,1,1,2,0,2,0,0,0
141,2026-07-28 18:53:00,4023.8,1,0,1,-1,1,0,0,0
141,2026-07-28 18:53:00,4023.9,0,1,1,1,1,0,0,0
141,2026-07-28 18:53:00,4024.0,7,1,8,-6,5,0,0,0
141,2026-07-28 18:53:00,4024.1,0,3,4,3,4,0,0,0
141,2026-07-28 18:53:00,4024.2,0,3,3,3,3,0,0,0
142,2026-07-28 18:54:00,4022.0,4,0,4,-4,4,0,0,0
142,2026-07-28 18:54:00,4022.1,1,0,1,-1,1,0,0,0
142,2026-07-28 18:54:00,4022.2,2,1,3,-1,3,0,0,0
142,2026-07-28 18:54:00,4022.3,4,0,4,-4,3,0,0,0
142,2026-07-28 18:54:00,4022.4,2,0,2,-2,2,0,0,0
142,2026-07-28 18:54:00,4022.5,3,1,4,-2,4,0,0,0
142,2026-07-28 18:54:00,4022.6,1,1,2,0,2,0,0,0
142,2026-07-28 18:54:00,4022.7,2,2,6,0,6,0,0,0
142,2026-07-28 18:54:00,4022.8,3,2,5,-1,4,0,0,0
142,2026-07-28 18:54:00,4022.9,3,10,13,7,7,0,0,0
142,2026-07-28 18:54:00,4023.0,8,0,8,-8,6,0,0,0
142,2026-07-28 18:54:00,4023.1,0,4,6,4,6,0,0,0
142,2026-07-28 18:54:00,4023.2,0,8,8,8,8,0,0,0
142,2026-07-28 18:54:00,4023.3,0,4,4,4,4,0,0,0
142,2026-07-28 18:54:00,4023.4,1,6,7,5,7,0,0,0
143,2026-07-28 18:55:00,4021.4,1,0,1,-1,1,0,0,0
143,2026-07-28 18:55:00,4021.5,0,0,3,0,3,0,0,0
143,2026-07-28 18:55:00,4021.6,0,0,2,0,2,0,0,0
143,2026-07-28 18:55:00,4021.7,0,1,4,1,4,0,0,0
143,2026-07-28 18:55:00,4021.8,2,0,2,-2,2,0,0,0
143,2026-07-28 18:55:00,4021.9,1,1,2,0,2,0,0,0
143,2026-07-28 18:55:00,4022.0,0,2,3,2,3,0,0,0
143,2026-07-28 18:55:00,4022.1,2,0,4,-2,4,0,0,0
143,2026-07-28 18:55:00,4022.2,1,0,10,-1,10,0,0,0
143,2026-07-28 18:55:00,4022.3,4,4,10,0,10,0,0,0
143,2026-07-28 18:55:00,4022.4,1,3,7,2,7,0,0,0
143,2026-07-28 18:55:00,4022.6,1,1,2,0,2,0,0,0
143,2026-07-28 18:55:00,4022.7,0,2,2,2,2,0,0,0
144,2026-07-28 18:56:00,4021.5,2,1,6,-1,6,0,0,0
144,2026-07-28 18:56:00,4021.6,1,0,4,-1,4,0,0,0
144,2026-07-28 18:56:00,4021.7,0,3,3,3,3,0,0,0
144,2026-07-28 18:56:00,4022.0,8,4,15,-4,15,0,0,0
144,2026-07-28 18:56:00,4022.1,0,10,10,10,7,0,0,0
144,2026-07-28 18:56:00,4022.2,0,3,3,3,3,0,0,0
144,2026-07-28 18:56:00,4022.3,0,1,1,1,1,0,0,0
144,2026-07-28 18:56:00,4022.7,0,1,1,1,1,0,0,0
145,2026-07-28 18:57:00,4022.5,0,0,2,0,2,0,0,0
145,2026-07-28 18:57:00,4022.6,3,0,3,-3,3,0,0,0
145,2026-07-28 18:57:00,4022.7,0,2,2,2,2,0,0,0
145,2026-07-28 18:57:00,4022.8,0,2,5,2,5,0,0,0
145,2026-07-28 18:57:00,4022.9,1,0,1,-1,1,0,0,0
145,2026-07-28 18:57:00,4023.0,0,1,1,1,1,0,0,0
145,2026-07-28 18:57:00,4023.1,0,1,1,1,1,0,0,0
145,2026-07-28 18:57:00,4023.2,0,2,2,2,1,0,0,0
145,2026-07-28 18:57:00,4023.3,0,1,1,1,1,0,0,0
146,2026-07-28 18:58:00,4022.3,1,0,3,-1,3,0,0,0
146,2026-07-28 18:58:00,4022.4,0,0,1,0,1,0,0,0
146,2026-07-28 18:58:00,4022.5,1,2,4,1,4,0,0,0
146,2026-07-28 18:58:00,4022.6,1,2,3,1,3,0,0,0
146,2026-07-28 18:58:00,4022.7,0,1,1,1,1,0,0,0
146,2026-07-28 18:58:00,4022.8,1,0,1,-1,1,0,0,0
146,2026-07-28 18:58:00,4022.9,0,1,1,1,1,0,0,0
147,2026-07-28 18:59:00,4022.3,0,0,3,0,3,0,0,0
147,2026-07-28 18:59:00,4022.4,2,0,2,-2,2,0,0,0
147,2026-07-28 18:59:00,4022.5,1,0,3,-1,3,0,0,0
147,2026-07-28 18:59:00,4022.6,0,2,3,2,3,0,0,0
147,2026-07-28 18:59:00,4022.7,1,1,4,0,4,0,0,0
147,2026-07-28 18:59:00,4022.8,0,1,1,1,1,0,0,0
147,2026-07-28 18:59:00,4023.1,0,1,1,1,1,0,0,0
148,2026-07-28 19:00:00,4022.4,3,0,3,-3,1,0,0,0
148,2026-07-28 19:00:00,4022.5,0,1,2,1,2,0,0,0
148,2026-07-28 19:00:00,4022.6,0,0,1,0,1,0,0,0
148,2026-07-28 19:00:00,4022.7,2,0,3,-2,3,0,0,0
148,2026-07-28 19:00:00,4022.8,6,0,7,-6,7,0,0,0
148,2026-07-28 19:00:00,4022.9,4,2,7,-2,7,0,0,0
148,2026-07-28 19:00:00,4023.0,3,2,5,-1,5,0,0,0
148,2026-07-28 19:00:00,4023.1,0,16,16,16,12,0,0,0
148,2026-07-28 19:00:00,4023.2,0,2,2,2,2,0,0,0
149,2026-07-28 19:01:00,4022.4,1,0,2,-1,2,0,0,0
149,2026-07-28 19:01:00,4022.5,1,0,2,-1,2,0,0,0
149,2026-07-28 19:01:00,4022.6,2,1,6,-1,6,0,0,0
149,2026-07-28 19:01:00,4022.7,1,3,5,2,5,0,0,0
149,2026-07-28 19:01:00,4022.8,2,1,3,-1,3,0,0,0
149,2026-07-28 19:01:00,4023.0,0,2,2,2,2,0,0,0
149,2026-07-28 19:01:00,4023.1,0,1,1,1,1,0,0,0
150,2026-07-28 19:02:00,4022.3,7,0,7,-7,4,0,0,0
150,2026-07-28 19:02:00,4022.4,0,2,2,2,2,0,0,0
150,2026-07-28 19:02:00,4022.5,0,0,3,0,3,0,0,0
150,2026-07-28 19:02:00,4022.6,2,1,4,-1,4,0,0,0
150,2026-07-28 19:02:00,4022.7,0,2,3,2,3,0,0,0
150,2026-07-28 19:02:00,4022.8,0,3,3,3,3,0,0,0
150,2026-07-28 19:02:00,4022.9,0,1,1,1,1,0,0,0
150,2026-07-28 19:02:00,4023.3,0,1,1,1,1,0,0,0
150,2026-07-28 19:02:00,4023.4,0,3,3,3,2,0,0,0
151,2026-07-28 19:03:00,4023.4,0,0,1,0,1,0,0,0
151,2026-07-28 19:03:00,4023.5,1,0,1,-1,1,0,0,0
151,2026-07-28 19:03:00,4023.6,0,1,3,1,3,0,0,0
151,2026-07-28 19:03:00,4023.7,1,1,2,0,2,0,0,0
151,2026-07-28 19:03:00,4023.8,0,2,3,2,3,0,0,0
151,2026-07-28 19:03:00,4023.9,2,2,5,0,5,0,0,0
151,2026-07-28 19:03:00,4024.0,0,2,4,2,4,0,0,0
151,2026-07-28 19:03:00,4024.1,0,7,7,7,4,0,0,0
151,2026-07-28 19:03:00,4024.2,0,6,6,6,5,0,0,0
151,2026-07-28 19:03:00,4024.3,0,1,1,1,1,0,0,0
151,2026-07-28 19:03:00,4024.4,0,2,2,2,2,0,0,0
151,2026-07-28 19:03:00,4024.5,0,1,1,1,1,0,0,0
152,2026-07-28 19:04:00,4024.2,3,0,3,-3,3,0,0,0
152,2026-07-28 19:04:00,4024.3,5,0,10,-5,9,0,0,0
152,2026-07-28 19:04:00,4024.4,2,0,3,-2,3,0,0,0
152,2026-07-28 19:04:00,4024.5,2,4,6,2,5,0,0,0
152,2026-07-28 19:04:00,4024.6,0,2,2,2,2,0,0,0
152,2026-07-28 19:04:00,4024.7,0,1,1,1,1,0,0,0
153,2026-07-28 19:05:00,4023.6,0,0,1,0,1,0,0,0
153,2026-07-28 19:05:00,4023.7,0,1,1,1,1,0,0,0
153,2026-07-28 19:05:00,4023.8,1,1,2,0,2,0,0,0
153,2026-07-28 19:05:00,4023.9,0,1,3,1,3,0,0,0
153,2026-07-28 19:05:00,4024.0,6,0,7,-6,4,0,0,0
153,2026-07-28 19:05:00,4024.1,0,1,2,1,2,0,0,0
153,2026-07-28 19:05:00,4024.2,0,0,2,0,2,0,0,0
153,2026-07-28 19:05:00,4024.3,2,0,5,-2,4,0,0,0
153,2026-07-28 19:05:00,4024.4,2,1,7,-1,7,0,0,0
153,2026-07-28 19:05:00,4024.5,0,1,6,1,6,0,0,0
153,2026-07-28 19:05:00,4024.6,1,0,2,-1,2,0,0,0
153,2026-07-28 19:05:00,4024.7,1,1,2,0,2,0,0,0
153,2026-07-28 19:05:00,4024.8,3,10,13,7,5,0,0,0
153,2026-07-28 19:05:00,4024.9,5,0,5,-5,5,0,0,0
153,2026-07-28 19:05:00,4025.0,2,1,3,-1,3,0,0,0
153,2026-07-28 19:05:00,4025.2,0,3,3,3,3,0,0,0
153,2026-07-28 19:05:00,4025.3,0,2,2,2,2,0,0,0
153,2026-07-28 19:05:00,4025.4,0,4,4,4,2,0,0,0
153,2026-07-28 19:05:00,4025.5,0,2,2,2,2,0,0,0
154,2026-07-28 19:06:00,4024.8,0,0,2,0,2,0,0,0
154,2026-07-28 19:06:00,4024.9,0,2,3,2,3,0,0,0
154,2026-07-28 19:06:00,4025.1,1,0,1,-1,1,0,0,0
154,2026-07-28 19:06:00,4025.2,6,3,13,-3,9,0,0,0
154,2026-07-28 19:06:00,4025.3,2,3,7,1,7,0,0,0
154,2026-07-28 19:06:00,4025.4,2,3,5,1,5,0,0,0
154,2026-07-28 19:06:00,4025.5,10,7,17,-3,10,0,0,0
154,2026-07-28 19:06:00,4025.6,0,3,3,3,3,0,0,0
155,2026-07-28 19:07:00,4024.2,0,0,2,0,2,0,0,0
155,2026-07-28 19:07:00,4024.3,0,1,3,1,3,0,0,0
155,2026-07-28 19:07:00,4024.5,4,0,4,-4,4,0,0,0
155,2026-07-28 19:07:00,4024.6,0,0,1,0,1,0,0,0
155,2026-07-28 19:07:00,4024.7,3,2,6,-1,6,0,0,0
155,2026-07-28 19:07:00,4024.8,0,0,2,0,2,0,0,0
155,2026-07-28 19:07:00,4024.9,1,1,4,0,4,0,0,0
155,2026-07-28 19:07:00,4025.0,0,0,2,0,2,0,0,0
155,2026-07-28 19:07:00,4025.1,1,0,3,-1,3,0,0,0
155,2026-07-28 19:07:00,4025.2,1,1,2,0,2,0,0,0
155,2026-07-28 19:07:00,4025.3,1,1,2,0,2,0,0,0
155,2026-07-28 19:07:00,4025.4,0,1,1,1,1,0,0,0
156,2026-07-28 19:08:00,4024.0,4,0,4,-4,2,0,0,0
156,2026-07-28 19:08:00,4024.2,0,2,2,2,2,0,0,0
156,2026-07-28 19:08:00,4024.4,0,1,1,1,1,0,0,0
156,2026-07-28 19:08:00,4024.5,0,2,2,2,2,0,0,0
156,2026-07-28 19:08:00,4024.7,1,0,1,-1,1,0,0,0
156,2026-07-28 19:08:00,4024.8,0,1,1,1,1,0,0,0
156,2026-07-28 19:08:00,4024.9,2,5,7,3,4,0,0,0
156,2026-07-28 19:08:00,4025.0,5,1,8,-4,8,0,0,0
156,2026-07-28 19:08:00,4025.1,0,3,6,3,6,0,0,0
156,2026-07-28 19:08:00,4025.2,1,0,2,-1,2,0,0,0
156,2026-07-28 19:08:00,4025.3,0,1,1,1,1,0,0,0
157,2026-07-28 19:09:00,4024.4,1,1,3,0,3,0,0,0
157,2026-07-28 19:09:00,4024.5,0,0,3,0,3,0,0,0
157,2026-07-28 19:09:00,4024.8,0,1,1,1,1,0,0,0
157,2026-07-28 19:09:00,4024.9,1,0,2,-1,2,0,0,0
157,2026-07-28 19:09:00,4025.0,1,0,3,-1,3,0,0,0
157,2026-07-28 19:09:00,4025.1,0,2,3,2,3,0,0,0
157,2026-07-28 19:09:00,4025.2,0,1,1,1,1,0,0,0
158,2026-07-28 19:10:00,4023.7,1,0,3,-1,3,0,0,0
158,2026-07-28 19:10:00,4023.8,0,0,2,0,1,0,0,0
158,2026-07-28 19:10:00,4023.9,0,3,3,3,3,0,0,0
158,2026-07-28 19:10:00,4024.0,3,2,6,-1,4,0,0,0
158,2026-07-28 19:10:00,4024.1,0,4,5,4,2,0,0,0
158,2026-07-28 19:10:00,4024.2,0,3,5,3,5,0,0,0
158,2026-07-28 19:10:00,4024.3,0,1,1,1,1,0,0,0
158,2026-07-28 19:10:00,4024.4,4,1,5,-3,5,0,0,0
158,2026-07-28 19:10:00,4024.5,0,1,1,1,1,0,0,0
158,2026-07-28 19:10:00,4024.6,0,1,1,1,1,0,0,0
159,2026-07-28 19:11:00,4023.5,1,0,3,-1,3,0,0,0
159,2026-07-28 19:11:00,4023.6,1,2,4,1,4,0,0,0
159,2026-07-28 19:11:00,4023.7,0,0,2,0,2,0,0,0
159,2026-07-28 19:11:00,4023.8,2,1,3,-1,3,0,0,0
159,2026-07-28 19:11:00,4023.9,3,1,5,-2,3,0,0,0
159,2026-07-28 19:11:00,4024.0,0,1,1,1,1,0,0,0
159,2026-07-28 19:11:00,4024.1,0,0,1,0,1,0,0,0
160,2026-07-28 19:12:00,4023.5,1,1,2,0,2,0,0,0
160,2026-07-28 19:12:00,4023.6,0,0,3,0,3,0,0,0
160,2026-07-28 19:12:00,4023.7,0,1,3,1,3,0,0,0
160,2026-07-28 19:12:00,4023.8,1,0,4,-1,4,0,0,0
160,2026-07-28 19:12:00,4023.9,0,0,3,0,3,0,0,0
160,2026-07-28 19:12:00,4024.0,1,0,1,-1,1,0,0,0
160,2026-07-28 19:12:00,4024.1,0,1,1,1,1,0,0,0
160,2026-07-28 19:12:00,4024.2,0,2,2,2,2,0,0,0
160,2026-07-28 19:12:00,4024.3,1,1,2,0,2,0,0,0
161,2026-07-28 19:13:00,4023.6,0,0,1,0,1,0,0,0
161,2026-07-28 19:13:00,4023.7,0,1,3,1,3,0,0,0
161,2026-07-28 19:13:00,4023.8,0,1,1,1,1,0,0,0
161,2026-07-28 19:13:00,4023.9,1,2,3,1,3,0,0,0
161,2026-07-28 19:13:00,4024.0,1,1,5,0,5,0,0,0
161,2026-07-28 19:13:00,4024.1,3,1,7,-2,7,0,0,0
161,2026-07-28 19:13:00,4024.2,0,2,2,2,2,0,0,0
161,2026-07-28 19:13:00,4024.3,1,0,1,-1,1,0,0,0
161,2026-07-28 19:13:00,4024.4,0,2,2,2,2,0,0,0
162,2026-07-28 19:14:00,4023.7,0,0,3,0,3,0,0,0
162,2026-07-28 19:14:00,4023.8,3,0,5,-3,5,0,0,0
162,2026-07-28 19:14:00,4024.0,0,1,2,1,2,0,0,0
162,2026-07-28 19:14:00,4024.3,0,0,1,0,1,0,0,0
163,2026-07-28 19:15:00,4023.6,0,0,1,0,1,0,0,0
163,2026-07-28 19:15:00,4023.7,0,0,2,0,2,0,0,0
163,2026-07-28 19:15:00,4023.8,1,0,2,-1,2,0,0,0
163,2026-07-28 19:15:00,4024.0,1,0,1,-1,1,0,0,0
163,2026-07-28 19:15:00,4024.1,0,2,2,2,2,0,0,0
163,2026-07-28 19:15:00,4024.2,1,3,4,2,3,0,0,0
163,2026-07-28 19:15:00,4024.3,0,2,2,2,2,0,0,0
163,2026-07-28 19:15:00,4024.4,2,3,5,1,5,0,0,0
163,2026-07-28 19:15:00,4024.5,0,7,7,7,7,0,0,0
163,2026-07-28 19:15:00,4024.6,0,3,3,3,3,0,0,0
163,2026-07-28 19:15:00,4024.7,0,1,1,1,1,0,0,0
164,2026-07-28 19:16:00,4023.8,1,0,1,-1,1,0,0,0
164,2026-07-28 19:16:00,4023.9,0,3,3,3,1,0,0,0
164,2026-07-28 19:16:00,4024.1,1,0,1,-1,1,0,0,0
164,2026-07-28 19:16:00,4024.2,0,1,1,1,1,0,0,0
164,2026-07-28 19:16:00,4024.3,5,0,9,-5,8,0,0,0
164,2026-07-28 19:16:00,4024.4,9,3,12,-6,12,0,0,0
164,2026-07-28 19:16:00,4024.5,1,2,3,1,3,0,0,0
164,2026-07-28 19:16:00,4024.6,0,3,3,3,3,0,0,0
164,2026-07-28 19:16:00,4024.7,0,16,16,16,7,0,0,0
165,2026-07-28 19:17:00,4024.0,1,0,2,-1,2,0,0,0
165,2026-07-28 19:17:00,4024.1,14,0,14,-14,5,0,0,0
165,2026-07-28 19:17:00,4024.2,5,1,6,-4,6,0,0,0
165,2026-07-28 19:17:00,4024.3,3,1,6,-2,6,0,0,0
165,2026-07-28 19:17:00,4024.4,7,0,8,-7,8,0,0,0
165,2026-07-28 19:17:00,4024.5,1,0,2,-1,2,0,0,0
165,2026-07-28 19:17:00,4024.6,1,3,4,2,4,0,0,0
165,2026-07-28 19:17:00,4024.7,3,3,6,0,5,0,0,0
166,2026-07-28 19:18:00,4023.5,1,0,1,-1,1,0,0,0
166,2026-07-28 19:18:00,4023.7,3,0,5,-3,5,0,0,0
166,2026-07-28 19:18:00,4023.8,9,0,9,-9,8,0,0,0
166,2026-07-28 19:18:00,4023.9,0,3,4,3,4,0,0,0
166,2026-07-28 19:18:00,4024.0,0,2,5,2,5,0,0,0
166,2026-07-28 19:18:00,4024.1,0,2,2,2,2,0,0,0
166,2026-07-28 19:18:00,4024.2,3,0,3,-3,2,0,0,0
166,2026-07-28 19:18:00,4024.4,1,0,1,-1,1,0,0,0
166,2026-07-28 19:18:00,4024.5,0,0,1,0,1,0,0,0
167,2026-07-28 19:19:00,4023.4,1,0,1,-1,1,0,0,0
167,2026-07-28 19:19:00,4023.5,1,0,1,-1,1,0,0,0
167,2026-07-28 19:19:00,4023.6,1,0,2,-1,2,0,0,0
167,2026-07-28 19:19:00,4023.7,1,0,4,-1,4,0,0,0
167,2026-07-28 19:19:00,4023.8,0,3,3,3,3,0,0,0
167,2026-07-28 19:19:00,4023.9,0,2,2,2,2,0,0,0
168,2026-07-28 19:20:00,4023.0,0,0,1,0,1,0,0,0
168,2026-07-28 19:20:00,4023.1,1,0,2,-1,2,0,0,0
168,2026-07-28 19:20:00,4023.2,0,1,2,1,2,0,0,0
168,2026-07-28 19:20:00,4023.3,0,1,2,1,2,0,0,0
168,2026-07-28 19:20:00,4023.4,0,0,1,0,1,0,0,0
168,2026-07-28 19:20:00,4023.5,0,2,4,2,4,0,0,0
168,2026-07-28 19:20:00,4023.6,0,1,3,1,3,0,0,0
168,2026-07-28 19:20:00,4023.7,1,2,3,1,3,0,0,0
168,2026-07-28 19:20:00,4023.8,0,2,2,2,2,0,0,0
168,2026-07-28 19:20:00,4023.9,0,1,1,1,1,0,0,0
169,2026-07-28 19:21:00,4022.8,1,0,5,-1,5,0,0,0
169,2026-07-28 19:21:00,4022.9,1,0,6,-1,6,0,0,0
169,2026-07-28 19:21:00,4023.0,0,2,2,2,2,0,0,0
169,2026-07-28 19:21:00,4023.1,0,4,4,4,4,0,0,0
169,2026-07-28 19:21:00,4023.2,0,1,1,1,1,0,0,0
169,2026-07-28 19:21:00,4023.3,1,2,3,1,3,0,0,0
170,2026-07-28 19:22:00,4022.6,1,0,5,-1,5,0,0,0
170,2026-07-28 19:22:00,4022.7,3,1,5,-2,5,0,0,0
170,2026-07-28 19:22:00,4022.8,4,8,15,4,7,0,0,0
170,2026-07-28 19:22:00,4022.9,0,0,1,0,1,0,0,0
170,2026-07-28 19:22:00,4023.0,0,1,1,1,1,0,0,0
171,2026-07-28 19:23:00,4022.5,7,0,7,-7,2,0,0,0
171,2026-07-28 19:23:00,4022.6,0,7,8,7,5,0,0,0
171,2026-07-28 19:23:00,4022.7,0,0,4,0,4,0,0,0
171,2026-07-28 19:23:00,4022.8,3,0,6,-3,6,0,0,0
171,2026-07-28 19:23:00,4022.9,0,1,2,1,2,0,0,0
171,2026-07-28 19:23:00,4023.2,0,1,1,1,1,0,0,0
172,2026-07-28 19:24:00,4022.0,1,0,1,-1,1,0,0,0
172,2026-07-28 19:24:00,4022.2,1,0,1,-1,1,0,0,0
172,2026-07-28 19:24:00,4022.3,1,0,1,-1,1,0,0,0
172,2026-07-28 19:24:00,4022.4,1,0,1,-1,1,0,0,0
172,2026-07-28 19:24:00,4022.5,1,1,3,0,3,0,0,0
172,2026-07-28 19:24:00,4022.6,0,2,5,2,5,0,0,0
172,2026-07-28 19:24:00,4022.7,1,0,4,-1,4,0,0,0
172,2026-07-28 19:24:00,4022.8,0,5,5,5,3,0,0,0
172,2026-07-28 19:24:00,4022.9,0,3,3,3,3,0,0,0
172,2026-07-28 19:24:00,4023.0,0,1,1,1,1,0,0,0
173,2026-07-28 19:25:00,4022.4,0,0,2,0,2,0,0,0
173,2026-07-28 19:25:00,4022.5,0,0,2,0,2,0,0,0
173,2026-07-28 19:25:00,4022.6,0,0,3,0,3,0,0,0
173,2026-07-28 19:25:00,4022.7,1,1,5,0,5,0,0,0
173,2026-07-28 19:25:00,4022.8,0,4,6,4,6,0,0,0
173,2026-07-28 19:25:00,4022.9,0,2,2,2,2,0,0,0
173,2026-07-28 19:25:00,4023.0,1,0,2,-1,2,0,0,0
174,2026-07-28 19:26:00,4021.5,1,0,1,-1,1,0,0,0
174,2026-07-28 19:26:00,4021.6,1,0,2,-1,2,0,0,0
174,2026-07-28 19:26:00,4021.7,3,6,11,3,11,0,0,0
174,2026-07-28 19:26:00,4021.8,0,1,1,1,1,0,0,0
174,2026-07-28 19:26:00,4021.9,0,2,2,2,2,0,0,0
174,2026-07-28 19:26:00,4022.0,11,0,11,-11,8,0,0,0
174,2026-07-28 19:26:00,4022.1,2,4,6,2,6,0,0,0
174,2026-07-28 19:26:00,4022.3,1,0,1,-1,1,0,0,0
174,2026-07-28 19:26:00,4022.4,1,0,1,-1,1,0,0,0
174,2026-07-28 19:26:00,4022.5,1,2,5,1,5,0,0,0
174,2026-07-28 19:26:00,4022.6,0,0,1,0,1,0,0,0
174,2026-07-28 19:26:00,4022.7,1,3,6,2,6,0,0,0
174,2026-07-28 19:26:00,4022.9,2,1,3,-1,3,0,0,0
175,2026-07-28 19:27:00,4021.5,0,0,2,0,2,0,0,0
175,2026-07-28 19:27:00,4021.6,1,3,5,2,5,0,0,0
175,2026-07-28 19:27:00,4021.7,1,4,5,3,5,0,0,0
175,2026-07-28 19:27:00,4021.8,4,1,9,-3,8,0,0,0
175,2026-07-28 19:27:00,4021.9,1,2,3,1,3,0,0,0
175,2026-07-28 19:27:00,4022.1,0,1,1,1,1,0,0,0
176,2026-07-28 19:28:00,4021.7,1,0,2,-1,2,0,0,0
176,2026-07-28 19:28:00,4021.9,2,0,2,-2,2,0,0,0
176,2026-07-28 19:28:00,4022.0,0,1,1,1,1,0,0,0
176,2026-07-28 19:28:00,4022.1,0,2,3,2,3,0,0,0
176,2026-07-28 19:28:00,4022.3,0,0,1,0,1,0,0,0
176,2026-07-28 19:28:00,4022.5,0,1,1,1,1,0,0,0
176,2026-07-28 19:28:00,4022.6,1,0,2,-1,2,0,0,0
176,2026-07-28 19:28:00,4022.7,0,2,3,2,3,0,0,0
176,2026-07-28 19:28:00,4022.8,0,1,1,1,1,0,0,0
176,2026-07-28 19:28:00,4023.0,0,1,1,1,1,0,0,0
176,2026-07-28 19:28:00,4023.1,1,0,2,-1,2,0,0,0
176,2026-07-28 19:28:00,4023.2,0,1,1,1,1,0,0,0
176,2026-07-28 19:28:00,4023.3,0,1,2,1,2,0,0,0
177,2026-07-28 19:29:00,4022.2,0,0,1,0,1,0,0,0
177,2026-07-28 19:29:00,4022.4,1,0,1,-1,1,0,0,0
177,2026-07-28 19:29:00,4022.5,0,1,1,1,1,0,0,0
177,2026-07-28 19:29:00,4022.6,6,2,9,-4,7,0,0,0
177,2026-07-28 19:29:00,4022.7,4,0,9,-4,9,0,0,0
177,2026-07-28 19:29:00,4022.8,1,0,2,-1,2,0,0,0
177,2026-07-28 19:29:00,4022.9,1,0,2,-1,2,0,0,0
177,2026-07-28 19:29:00,4023.0,2,0,4,-2,4,0,0,0
177,2026-07-28 19:29:00,4023.2,2,0,2,-2,2,0,0,0
178,2026-07-28 19:30:00,4022.3,1,0,1,-1,1,0,0,0
178,2026-07-28 19:30:00,4022.4,2,2,4,0,4,0,0,0
178,2026-07-28 19:30:00,4022.5,2,4,6,2,6,0,0,0
178,2026-07-28 19:30:00,4022.6,1,4,5,3,4,0,0,0
178,2026-07-28 19:30:00,4022.7,0,3,3,3,3,0,0,0
178,2026-07-28 19:30:00,4022.8,0,1,1,1,1,0,0,0
178,2026-07-28 19:30:00,4022.9,1,2,3,1,3,0,0,0
178,2026-07-28 19:30:00,4023.0,2,0,3,-2,3,0,0,0
178,2026-07-28 19:30:00,4023.1,1,7,8,6,8,0,0,0
178,2026-07-28 19:30:00,4023.2,1,3,5,2,5,0,0,0
178,2026-07-28 19:30:00,4023.3,1,0,3,-1,3,0,0,0
178,2026-07-28 19:30:00,4023.4,2,0,4,-2,4,0,0,0
178,2026-07-28 19:30:00,4023.5,2,3,8,1,7,0,0,0
178,2026-07-28 19:30:00,4023.6,0,4,4,4,4,0,0,0
178,2026-07-28 19:30:00,4023.7,1,4,7,3,7,0,0,0
178,2026-07-28 19:30:00,4023.8,5,0,7,-5,5,0,0,0
178,2026-07-28 19:30:00,4023.9,1,0,3,-1,3,0,0,0
178,2026-07-28 19:30:00,4024.2,0,0,1,0,1,0,0,0
178,2026-07-28 19:30:00,4024.3,0,1,1,1,1,0,0,0
178,2026-07-28 19:30:00,4024.4,0,1,1,1,1,0,0,0
178,2026-07-28 19:30:00,4024.5,2,2,4,0,3,0,0,0
178,2026-07-28 19:30:00,4024.7,0,1,1,1,1,0,0,0
178,2026-07-28 19:30:00,4024.8,2,1,3,-1,3,0,0,0
178,2026-07-28 19:30:00,4024.9,0,1,1,1,1,0,0,0
178,2026-07-28 19:30:00,4025.0,2,4,6,2,6,0,0,0
178,2026-07-28 19:30:00,4025.2,1,0,1,-1,1,0,0,0
178,2026-07-28 19:30:00,4025.3,1,3,4,2,4,0,0,0
178,2026-07-28 19:30:00,4025.4,2,2,4,0,3,0,0,0
178,2026-07-28 19:30:00,4025.5,2,4,6,2,5,0,0,0
179,2026-07-28 19:31:00,4025.1,0,0,1,0,1,0,0,0
179,2026-07-28 19:31:00,4025.2,2,0,4,-2,4,0,0,0
179,2026-07-28 19:31:00,4025.3,2,0,2,-2,2,0,0,0
179,2026-07-28 19:31:00,4025.4,0,1,2,1,2,0,0,0
179,2026-07-28 19:31:00,4025.5,1,1,3,0,3,0,0,0
179,2026-07-28 19:31:00,4025.7,0,2,2,2,2,0,0,0
180,2026-07-28 19:32:00,4025.3,1,1,3,0,3,0,0,0
180,2026-07-28 19:32:00,4025.4,5,2,8,-3,8,0,0,0
180,2026-07-28 19:32:00,4025.5,3,1,4,-2,4,0,0,0
180,2026-07-28 19:32:00,4025.7,0,17,18,17,5,0,0,0
181,2026-07-28 19:33:00,4025.0,3,0,4,-3,4,0,0,0
181,2026-07-28 19:33:00,4025.2,0,2,3,2,3,0,0,0
181,2026-07-28 19:33:00,4025.3,1,0,1,-1,1,0,0,0
181,2026-07-28 19:33:00,4025.4,0,1,1,1,1,0,0,0
181,2026-07-28 19:33:00,4025.6,0,1,1,1,1,0,0,0
181,2026-07-28 19:33:00,4025.7,0,5,5,5,3,0,0,0
181,2026-07-28 19:33:00,4026.0,0,2,2,2,2,0,0,0
181,2026-07-28 19:33:00,4026.2,0,1,1,1,1,0,0,0
181,2026-07-28 19:33:00,4026.3,1,0,1,-1,1,0,0,0
181,2026-07-28 19:33:00,4026.4,2,1,4,-1,4,0,0,0
181,2026-07-28 19:33:00,4026.5,3,3,6,0,6,0,0,0
181,2026-07-28 19:33:00,4026.6,0,5,5,5,5,0,0,0
181,2026-07-28 19:33:00,4026.7,2,3,5,1,5,0,0,0
181,2026-07-28 19:33:00,4026.8,4,6,11,2,9,0,0,0
181,2026-07-28 19:33:00,4026.9,0,3,5,3,5,0,0,0
181,2026-07-28 19:33:00,4027.0,0,2,2,2,2,0,0,0
181,2026-07-28 19:33:00,4027.1,0,3,3,3,3,0,0,0
182,2026-07-28 19:34:00,4026.6,1,0,2,-1,2,0,0,0
182,2026-07-28 19:34:00,4026.7,2,3,6,1,6,0,0,0
182,2026-07-28 19:34:00,4026.8,4,7,11,3,10,0,0,0
182,2026-07-28 19:34:00,4026.9,0,4,5,4,4,0,0,0
182,2026-07-28 19:34:00,4027.0,3,4,7,1,7,0,0,0
182,2026-07-28 19:34:00,4027.1,1,6,7,5,7,0,0,0
182,2026-07-28 19:34:00,4027.2,3,1,4,-2,4,0,0,0
182,2026-07-28 19:34:00,4027.3,3,4,7,1,7,0,0,0
182,2026-07-28 19:34:00,4027.4,12,7,20,-5,12,0,0,0
182,2026-07-28 19:34:00,4027.5,4,7,11,3,11,0,0,0
182,2026-07-28 19:34:00,4027.6,0,10,10,10,5,0,0,0
183,2026-07-28 19:35:00,4025.5,0,1,2,1,2,0,0,0
183,2026-07-28 19:35:00,4025.6,0,7,7,7,2,0,0,0
183,2026-07-28 19:35:00,4025.7,0,1,1,1,1,0,0,0
183,2026-07-28 19:35:00,4025.8,1,1,3,0,3,0,0,0
183,2026-07-28 19:35:00,4026.0,0,1,1,1,1,0,0,0
183,2026-07-28 19:35:00,4026.1,0,1,1,1,1,0,0,0
183,2026-07-28 19:35:00,4026.3,1,0,1,-1,1,0,0,0
183,2026-07-28 19:35:00,4026.4,0,0,1,0,1,0,0,0
183,2026-07-28 19:35:00,4026.7,1,0,1,-1,1,0,0,0
183,2026-07-28 19:35:00,4026.8,1,1,3,0,3,0,0,0
183,2026-07-28 19:35:00,4026.9,0,1,1,1,1,0,0,0
183,2026-07-28 19:35:00,4027.0,10,0,10,-10,5,0,0,0
183,2026-07-28 19:35:00,4027.1,1,0,1,-1,1,0,0,0
183,2026-07-28 19:35:00,4027.2,0,2,3,2,3,0,0,0
183,2026-07-28 19:35:00,4027.4,0,1,1,1,1,0,0,0
184,2026-07-28 19:36:00,4025.1,2,0,2,-2,2,0,0,0
184,2026-07-28 19:36:00,4025.2,1,0,1,-1,1,0,0,0
184,2026-07-28 19:36:00,4025.3,2,1,3,-1,3,0,0,0
184,2026-07-28 19:36:00,4025.4,5,7,12,2,12,0,0,0
184,2026-07-28 19:36:00,4025.5,0,2,2,2,2,0,0,0
184,2026-07-28 19:36:00,4025.6,0,1,1,1,1,0,0,0
184,2026-07-28 19:36:00,4025.7,0,1,1,1,1,0,0,0
184,2026-07-28 19:36:00,4025.8,3,0,3,-3,3,0,0,0
184,2026-07-28 19:36:00,4026.0,1,1,2,0,2,0,0,0
184,2026-07-28 19:36:00,4026.1,0,0,2,0,2,0,0,0
185,2026-07-28 19:37:00,4024.6,1,1,2,0,2,0,0,0
185,2026-07-28 19:37:00,4024.8,1,0,2,-1,2,0,0,0
185,2026-07-28 19:37:00,4024.9,1,2,3,1,3,0,0,0
185,2026-07-28 19:37:00,4025.4,0,1,1,1,1,0,0,0
186,2026-07-28 19:38:00,4023.9,0,0,1,0,1,0,0,0
186,2026-07-28 19:38:00,4024.0,2,0,6,-2,6,0,0,0
186,2026-07-28 19:38:00,4024.1,2,0,3,-2,3,0,0,0
186,2026-07-28 19:38:00,4024.2,1,0,3,-1,3,0,0,0
186,2026-07-28 19:38:00,4024.3,0,2,4,2,4,0,0,0
186,2026-07-28 19:38:00,4024.4,3,7,10,4,9,0,0,0
186,2026-07-28 19:38:00,4024.5,1,0,2,-1,2,0,0,0
186,2026-07-28 19:38:00,4024.6,2,0,2,-2,1,0,0,0
186,2026-07-28 19:38:00,4024.7,0,0,1,0,1,0,0,0
186,2026-07-28 19:38:00,4024.8,2,0,5,-2,3,0,0,0
186,2026-07-28 19:38:00,4024.9,0,0,1,0,1,0,0,0
186,2026-07-28 19:38:00,4025.0,1,4,6,3,5,0,0,0
187,2026-07-28 19:39:00,4024.0,1,0,1,-1,1,0,0,0
187,2026-07-28 19:39:00,4024.3,0,2,2,2,2,0,0,0
187,2026-07-28 19:39:00,4024.4,1,5,6,4,6,0,0,0
187,2026-07-28 19:39:00,4024.5,0,1,1,1,1,0,0,0
188,2026-07-28 19:40:00,4024.3,1,0,3,-1,3,0,0,0
188,2026-07-28 19:40:00,4024.5,2,1,4,-1,4,0,0,0
188,2026-07-28 19:40:00,4024.6,1,1,3,0,3,0,0,0
188,2026-07-28 19:40:00,4024.7,1,1,2,0,2,0,0,0
188,2026-07-28 19:40:00,4024.8,0,0,2,0,2,0,0,0
188,2026-07-28 19:40:00,4024.9,2,0,2,-2,2,0,0,0
188,2026-07-28 19:40:00,4025.0,1,0,1,-1,1,0,0,0
188,2026-07-28 19:40:00,4025.1,0,1,1,1,1,0,0,0
188,2026-07-28 19:40:00,4025.2,0,3,3,3,3,0,0,0
189,2026-07-28 19:41:00,4024.6,0,1,1,1,1,0,0,0
189,2026-07-28 19:41:00,4024.7,1,0,2,-1,2,0,0,0
189,2026-07-28 19:41:00,4024.8,1,2,3,1,3,0,0,0
189,2026-07-28 19:41:00,4025.0,0,1,1,1,1,0,0,0
190,2026-07-28 19:42:00,4024.6,1,0,1,-1,1,0,0,0
190,2026-07-28 19:42:00,4024.7,0,0,1,0,1,0,0,0
190,2026-07-28 19:42:00,4024.8,2,0,2,-2,2,0,0,0
190,2026-07-28 19:42:00,4024.9,1,0,4,-1,4,0,0,0
190,2026-07-28 19:42:00,4025.0,2,0,2,-2,2,0,0,0
190,2026-07-28 19:42:00,4025.1,1,1,2,0,2,0,0,0
190,2026-07-28 19:42:00,4025.2,1,3,4,2,3,0,0,0
190,2026-07-28 19:42:00,4025.3,1,2,3,1,3,0,0,0
190,2026-07-28 19:42:00,4025.5,0,2,2,2,2,0,0,0
190,2026-07-28 19:42:00,4025.6,0,0,1,0,1,0,0,0
191,2026-07-28 19:43:00,4024.3,1,0,1,-1,1,0,0,0
191,2026-07-28 19:43:00,4024.4,4,0,4,-4,4,0,0,0
191,2026-07-28 19:43:00,4024.5,0,1,1,1,1,0,0,0
191,2026-07-28 19:43:00,4024.6,1,0,1,-1,1,0,0,0
191,2026-07-28 19:43:00,4024.7,0,1,1,1,1,0,0,0
191,2026-07-28 19:43:00,4024.8,0,1,1,1,1,0,0,0
192,2026-07-28 19:44:00,4024.5,1,0,2,-1,2,0,0,0
192,2026-07-28 19:44:00,4024.7,0,1,1,1,1,0,0,0
192,2026-07-28 19:44:00,4024.8,1,1,4,0,4,0,0,0
192,2026-07-28 19:44:00,4025.0,0,1,2,1,2,0,0,0
192,2026-07-28 19:44:00,4025.1,0,1,1,1,1,0,0,0
192,2026-07-28 19:44:00,4025.5,0,2,2,2,2,0,0,0
192,2026-07-28 19:44:00,4025.7,0,0,1,0,1,0,0,0
193,2026-07-28 19:45:00,4025.9,0,1,1,1,1,0,0,0
193,2026-07-28 19:45:00,4026.0,2,3,5,1,5,0,0,0
193,2026-07-28 19:45:00,4026.1,0,4,5,4,5,0,0,0
193,2026-07-28 19:45:00,4026.2,8,9,17,1,16,0,0,0
193,2026-07-28 19:45:00,4026.3,8,6,15,-2,13,0,0,0
193,2026-07-28 19:45:00,4026.4,2,7,11,5,11,0,0,0
193,2026-07-28 19:45:00,4026.5,1,3,5,2,5,0,0,0
193,2026-07-28 19:45:00,4026.6,5,6,11,1,10,0,0,0
193,2026-07-28 19:45:00,4026.7,2,2,4,0,4,0,0,0
193,2026-07-28 19:45:00,4026.8,0,2,2,2,2,0,0,0
193,2026-07-28 19:45:00,4026.9,5,5,10,0,10,0,0,0
193,2026-07-28 19:45:00,4027.0,1,1,2,0,2,0,0,0
193,2026-07-28 19:45:00,4027.1,7,3,10,-4,5,0,0,0
193,2026-07-28 19:45:00,4027.2,0,0,1,0,1,0,0,0
194,2026-07-28 19:46:00,4025.8,1,0,1,-1,1,0,0,0
194,2026-07-28 19:46:00,4026.0,3,0,5,-3,5,0,0,0
194,2026-07-28 19:46:00,4026.1,0,5,6,5,4,0,0,0
194,2026-07-28 19:46:00,4026.2,1,3,4,2,4,0,0,0
195,2026-07-28 19:47:00,4025.7,1,0,1,-1,1,0,0,0
195,2026-07-28 19:47:00,4025.8,2,0,2,-2,2,0,0,0
195,2026-07-28 19:47:00,4025.9,2,0,2,-2,2,0,0,0
195,2026-07-28 19:47:00,4026.0,0,4,7,4,5,0,0,0
195,2026-07-28 19:47:00,4026.1,1,1,2,0,2,0,0,0
195,2026-07-28 19:47:00,4026.2,1,2,3,1,3,0,0,0
195,2026-07-28 19:47:00,4026.3,1,4,5,3,5,0,0,0
195,2026-07-28 19:47:00,4026.4,0,3,3,3,3,0,0,0
195,2026-07-28 19:47:00,4026.5,2,4,6,2,6,0,0,0
196,2026-07-28 19:48:00,4026.1,0,0,1,0,1,0,0,0
196,2026-07-28 19:48:00,4026.2,0,1,1,1,1,0,0,0
196,2026-07-28 19:48:00,4026.5,0,2,2,2,2,0,0,0
196,2026-07-28 19:48:00,4026.6,1,1,3,0,3,0,0,0
196,2026-07-28 19:48:00,4026.8,1,2,3,1,3,0,0,0
196,2026-07-28 19:48:00,4026.9,0,2,2,2,2,0,0,0
196,2026-07-28 19:48:00,4027.0,0,7,7,7,6,0,0,0
196,2026-07-28 19:48:00,4027.1,4,2,6,-2,4,0,0,0
197,2026-07-28 19:49:00,4026.3,1,0,3,-1,3,0,0,0
197,2026-07-28 19:49:00,4026.4,1,0,2,-1,2,0,0,0
197,2026-07-28 19:49:00,4026.5,1,0,2,-1,2,0,0,0
197,2026-07-28 19:49:00,4026.8,0,1,1,1,1,0,0,0
197,2026-07-28 19:49:00,4027.0,0,1,1,1,1,0,0,0
198,2026-07-28 19:50:00,4025.1,1,0,1,-1,1,0,0,0
198,2026-07-28 19:50:00,4025.2,0,0,2,0,2,0,0,0
198,2026-07-28 19:50:00,4025.4,1,2,3,1,2,0,0,0
198,2026-07-28 19:50:00,4025.5,0,0,1,0,1,0,0,0
198,2026-07-28 19:50:00,4025.7,1,0,1,-1,1,0,0,0
198,2026-07-28 19:50:00,4025.9,1,1,3,0,3,0,0,0
198,2026-07-28 19:50:00,4026.0,10,1,11,-9,4,0,0,0
198,2026-07-28 19:50:00,4026.2,0,2,4,2,3,0,0,0
198,2026-07-28 19:50:00,4026.3,1,6,8,5,5,0,0,0
198,2026-07-28 19:50:00,4026.4,3,0,3,-3,3,0,0,0
198,2026-07-28 19:50:00,4026.5,1,0,1,-1,1,0,0,0
198,2026-07-28 19:50:00,4026.6,0,1,1,1,1,0,0,0
199,2026-07-28 19:51:00,4025.2,0,0,1,0,1,0,0,0
199,2026-07-28 19:51:00,4025.3,1,1,3,0,3,0,0,0
199,2026-07-28 19:51:00,4025.4,1,1,2,0,2,0,0,0
199,2026-07-28 19:51:00,4025.5,0,2,2,2,2,0,0,0
200,2026-07-28 19:52:00,4025.3,0,0,1,0,1,0,0,0
200,2026-07-28 19:52:00,4025.5,1,1,4,0,4,0,0,0
200,2026-07-28 19:52:00,4025.6,0,1,2,1,2,0,0,0
200,2026-07-28 19:52:00,4025.8,0,1,1,1,1,0,0,0
200,2026-07-28 19:52:00,4025.9,1,2,5,1,5,0,0,0
200,2026-07-28 19:52:00,4026.0,0,2,3,2,3,0,0,0
200,2026-07-28 19:52:00,4026.1,3,1,4,-2,4,0,0,0
200,2026-07-28 19:52:00,4026.2,0,2,4,2,4,0,0,0
201,2026-07-28 19:53:00,4025.6,2,0,2,-2,2,0,0,0
201,2026-07-28 19:53:00,4025.9,0,3,3,3,3,0,0,0
201,2026-07-28 19:53:00,4026.0,0,2,2,2,2,0,0,0
201,2026-07-28 19:53:00,4026.1,0,2,2,2,1,0,0,0
201,2026-07-28 19:53:00,4026.2,2,6,10,4,5,0,0,0
201,2026-07-28 19:53:00,4026.3,4,2,9,-2,9,0,0,0
201,2026-07-28 19:53:00,4026.4,0,1,1,1,1,0,0,0
201,2026-07-28 19:53:00,4026.5,3,2,5,-1,5,0,0,0
201,2026-07-28 19:53:00,4026.6,0,1,1,1,1,0,0,0
201,2026-07-28 19:53:00,4026.8,2,4,6,2,6,0,0,0
201,2026-07-28 19:53:00,4026.9,0,1,1,1,1,0,0,0
202,2026-07-28 19:54:00,4026.5,1,0,1,-1,1,0,0,0
202,2026-07-28 19:54:00,4026.6,0,0,2,0,2,0,0,0
202,2026-07-28 19:54:00,4026.7,1,2,6,1,6,0,0,0
202,2026-07-28 19:54:00,4026.8,2,4,7,2,7,0,0,0
202,2026-07-28 19:54:00,4026.9,2,4,6,2,6,0,0,0
202,2026-07-28 19:54:00,4027.0,1,13,14,12,8,0,0,0
202,2026-07-28 19:54:00,4027.1,4,1,5,-3,5,0,0,0
202,2026-07-28 19:54:00,4027.2,1,1,3,0,3,0,0,0
202,2026-07-28 19:54:00,4027.3,1,2,4,1,4,0,0,0
202,2026-07-28 19:54:00,4027.4,0,2,2,2,2,0,0,0
202,2026-07-28 19:54:00,4027.5,0,9,9,9,4,0,0,0
203,2026-07-28 19:55:00,4025.9,0,1,1,1,1,0,0,0
203,2026-07-28 19:55:00,4026.0,0,1,1,1,1,0,0,0
203,2026-07-28 19:55:00,4026.1,1,0,1,-1,1,0,0,0
203,2026-07-28 19:55:00,4026.2,2,1,4,-1,4,0,0,0
203,2026-07-28 19:55:00,4026.3,2,1,3,-1,3,0,0,0
203,2026-07-28 19:55:00,4026.4,7,0,7,-7,7,0,0,0
203,2026-07-28 19:55:00,4026.5,10,2,13,-8,12,0,0,0
203,2026-07-28 19:55:00,4026.6,4,8,13,4,13,0,0,0
203,2026-07-28 19:55:00,4026.7,5,2,9,-3,9,0,0,0
203,2026-07-28 19:55:00,4026.8,3,1,4,-2,4,0,0,0
203,2026-07-28 19:55:00,4026.9,1,3,7,2,7,0,0,0
203,2026-07-28 19:55:00,4027.0,3,2,7,-1,7,0,0,0
204,2026-07-28 19:56:00,4026.0,1,0,1,-1,1,0,0,0
204,2026-07-28 19:56:00,4026.1,3,1,5,-2,5,0,0,0
204,2026-07-28 19:56:00,4026.2,1,2,3,1,3,0,0,0
204,2026-07-28 19:56:00,4026.3,5,0,6,-5,6,0,0,0
204,2026-07-28 19:56:00,4026.4,1,4,7,3,7,0,0,0
204,2026-07-28 19:56:00,4026.5,2,4,6,2,6,0,0,0
204,2026-07-28 19:56:00,4026.7,1,1,2,0,2,0,0,0
204,2026-07-28 19:56:00,4026.8,1,0,1,-1,1,0,0,0
204,2026-07-28 19:56:00,4026.9,1,1,2,0,2,0,0,0
204,2026-07-28 19:56:00,4027.0,2,3,5,1,5,0,0,0
204,2026-07-28 19:56:00,4027.1,0,2,2,2,2,0,0,0
205,2026-07-28 19:57:00,4026.2,1,0,1,-1,1,0,0,0
205,2026-07-28 19:57:00,4026.3,0,0,2,0,2,0,0,0
205,2026-07-28 19:57:00,4026.4,1,0,2,-1,2,0,0,0
205,2026-07-28 19:57:00,4026.5,5,1,7,-4,7,0,0,0
205,2026-07-28 19:57:00,4026.6,4,3,10,-1,10,0,0,0
205,2026-07-28 19:57:00,4026.7,8,1,12,-7,6,0,0,0
205,2026-07-28 19:57:00,4026.8,8,16,24,8,16,0,0,0
205,2026-07-28 19:57:00,4026.9,4,3,7,-1,7,0,0,0
205,2026-07-28 19:57:00,4027.0,2,1,5,-1,5,0,0,0
205,2026-07-28 19:57:00,4027.1,0,0,2,0,2,0,0,0
206,2026-07-28 19:58:00,4026.4,1,0,3,-1,3,0,0,0
206,2026-07-28 19:58:00,4026.5,3,1,8,-2,8,0,0,0
206,2026-07-28 19:58:00,4026.6,0,1,2,1,2,0,0,0
206,2026-07-28 19:58:00,4026.7,2,0,4,-2,4,0,0,0
206,2026-07-28 19:58:00,4026.8,1,2,4,1,4,0,0,0
206,2026-07-28 19:58:00,4026.9,3,5,11,2,11,0,0,0
206,2026-07-28 19:58:00,4027.0,4,0,4,-4,4,0,0,0
206,2026-07-28 19:58:00,4027.1,8,1,14,-7,14,0,0,0
206,2026-07-28 19:58:00,4027.2,1,3,9,2,9,0,0,0
206,2026-07-28 19:58:00,4027.3,5,7,15,2,15,0,0,0
206,2026-07-28 19:58:00,4027.4,3,4,7,1,7,0,0,0
206,2026-07-28 19:58:00,4027.5,0,7,7,7,2,0,0,0
207,2026-07-28 19:59:00,4025.5,1,0,1,-1,1,0,0,0
207,2026-07-28 19:59:00,4025.6,1,0,1,-1,1,0,0,0
207,2026-07-28 19:59:00,4025.7,9,1,13,-8,13,0,0,0
207,2026-07-28 19:59:00,4025.8,11,4,19,-7,19,0,0,0
207,2026-07-28 19:59:00,4025.9,9,8,24,-1,23,0,0,0
207,2026-07-28 19:59:00,4026.0,7,9,21,2,21,0,0,0
207,2026-07-28 19:59:00,4026.1,1,11,13,10,12,0,0,0
207,2026-07-28 19:59:00,4026.2,2,7,11,5,10,0,0,0
207,2026-07-28 19:59:00,4026.3,8,4,14,-4,11,0,0,0
207,2026-07-28 19:59:00,4026.4,1,1,2,0,2,0,0,0
208,2026-07-28 20:00:00,4023.8,1,0,1,-1,1,0,0,0
208,2026-07-28 20:00:00,4023.9,2,0,4,-2,4,0,0,0
208,2026-07-28 20:00:00,4024.0,0,1,2,1,2,0,0,0
208,2026-07-28 20:00:00,4024.1,3,0,3,-3,2,0,0,0
208,2026-07-28 20:00:00,4024.2,5,0,6,-5,5,0,0,0
208,2026-07-28 20:00:00,4024.3,2,0,2,-2,2,0,0,0
208,2026-07-28 20:00:00,4024.5,0,0,1,0,1,0,0,0
208,2026-07-28 20:00:00,4024.6,1,0,2,-1,2,0,0,0
208,2026-07-28 20:00:00,4024.7,1,0,4,-1,4,0,0,0
208,2026-07-28 20:00:00,4024.8,1,3,4,2,4,0,0,0
208,2026-07-28 20:00:00,4024.9,0,3,3,3,3,0,0,0
208,2026-07-28 20:00:00,4025.0,1,2,4,1,4,0,0,0
208,2026-07-28 20:00:00,4025.1,2,0,3,-2,3,0,0,0
208,2026-07-28 20:00:00,4025.2,2,0,2,-2,2,0,0,0
208,2026-07-28 20:00:00,4025.3,0,1,1,1,1,0,0,0
208,2026-07-28 20:00:00,4025.4,2,2,5,0,4,0,0,0
208,2026-07-28 20:00:00,4025.5,2,0,2,-2,2,0,0,0
208,2026-07-28 20:00:00,4025.6,1,0,1,-1,1,0,0,0
208,2026-07-28 20:00:00,4025.7,2,0,2,-2,2,0,0,0
208,2026-07-28 20:00:00,4025.8,2,0,2,-2,2,0,0,0
209,2026-07-28 20:01:00,4023.9,1,1,3,0,3,0,0,0
209,2026-07-28 20:01:00,4024.0,0,4,4,4,3,0,0,0
209,2026-07-28 20:01:00,4024.1,1,0,1,-1,1,0,0,0
209,2026-07-28 20:01:00,4024.2,1,3,4,2,3,0,0,0
209,2026-07-28 20:01:00,4024.4,0,0,1,0,1,0,0,0
210,2026-07-28 20:02:00,4023.7,2,0,2,-2,2,0,0,0
210,2026-07-28 20:02:00,4023.9,4,0,4,-4,3,0,0,0
210,2026-07-28 20:02:00,4024.0,2,0,2,-2,2,0,0,0
210,2026-07-28 20:02:00,4024.1,0,1,2,1,2,0,0,0
210,2026-07-28 20:02:00,4024.3,0,0,1,0,1,0,0,0
211,2026-07-28 20:03:00,4023.2,1,0,2,-1,2,0,0,0
211,2026-07-28 20:03:00,4023.4,1,0,2,-1,2,0,0,0
211,2026-07-28 20:03:00,4023.5,3,0,3,-3,3,0,0,0
211,2026-07-28 20:03:00,4023.6,1,0,1,-1,1,0,0,0
211,2026-07-28 20:03:00,4023.7,1,0,3,-1,2,0,0,0
211,2026-07-28 20:03:00,4023.8,0,0,1,0,1,0,0,0
211,2026-07-28 20:03:00,4024.0,2,1,3,-1,3,0,0,0
211,2026-07-28 20:03:00,4024.2,0,1,1,1,1,0,0,0
212,2026-07-28 20:04:00,4022.6,2,4,6,2,3,0,0,0
212,2026-07-28 20:04:00,4022.7,3,0,3,-3,3,0,0,0
212,2026-07-28 20:04:00,4022.8,1,0,2,-1,2,0,0,0
212,2026-07-28 20:04:00,4022.9,1,2,5,1,5,0,0,0
212,2026-07-28 20:04:00,4023.0,3,0,4,-3,4,0,0,0
212,2026-07-28 20:04:00,4023.1,9,1,10,-8,7,0,0,0
212,2026-07-28 20:04:00,4023.2,1,1,2,0,2,0,0,0
212,2026-07-28 20:04:00,4023.4,0,1,1,1,1,0,0,0
213,2026-07-28 20:05:00,4022.2,2,0,2,-2,2,0,0,0
213,2026-07-28 20:05:00,4022.3,1,0,1,-1,1,0,0,0
213,2026-07-28 20:05:00,4022.4,3,0,3,-3,2,0,0,0
213,2026-07-28 20:05:00,4022.5,2,0,2,-2,2,0,0,0
213,2026-07-28 20:05:00,4022.6,3,0,3,-3,2,0,0,0
213,2026-07-28 20:05:00,4022.7,2,3,5,1,5,0,0,0
213,2026-07-28 20:05:00,4022.8,1,5,6,4,5,0,0,0
213,2026-07-28 20:05:00,4022.9,0,1,1,1,1,0,0,0
213,2026-07-28 20:05:00,4023.0,0,1,1,1,1,0,0,0
213,2026-07-28 20:05:00,4023.2,1,2,3,1,3,0,0,0
213,2026-07-28 20:05:00,4023.3,1,1,2,0,2,0,0,0
213,2026-07-28 20:05:00,4023.4,1,1,2,0,2,0,0,0
213,2026-07-28 20:05:00,4023.5,2,2,4,0,4,0,0,0
213,2026-07-28 20:05:00,4023.7,2,1,3,-1,3,0,0,0
213,2026-07-28 20:05:00,4023.8,0,2,2,2,2,0,0,0
214,2026-07-28 20:06:00,4022.8,1,0,1,-1,1,0,0,0
214,2026-07-28 20:06:00,4022.9,1,2,3,1,2,0,0,0
214,2026-07-28 20:06:00,4023.0,1,2,3,1,3,0,0,0
215,2026-07-28 20:07:00,4022.5,0,0,1,0,1,0,0,0
215,2026-07-28 20:07:00,4022.6,1,0,1,-1,1,0,0,0
215,2026-07-28 20:07:00,4022.7,1,1,2,0,2,0,0,0
215,2026-07-28 20:07:00,4022.8,1,1,3,0,3,0,0,0
215,2026-07-28 20:07:00,4023.0,0,0,1,0,1,0,0,0
216,2026-07-28 20:08:00,4022.6,0,1,1,1,1,0,0,0
216,2026-07-28 20:08:00,4022.7,0,1,1,1,1,0,0,0
216,2026-07-28 20:08:00,4022.8,0,1,1,1,1,0,0,0
216,2026-07-28 20:08:00,4023.0,0,3,3,3,3,0,0,0
217,2026-07-28 20:09:00,4022.5,0,0,1,0,1,0,0,0
217,2026-07-28 20:09:00,4022.6,1,0,1,-1,1,0,0,0
217,2026-07-28 20:09:00,4022.7,3,0,3,-3,3,0,0,0
217,2026-07-28 20:09:00,4022.8,1,2,3,1,3,0,0,0
217,2026-07-28 20:09:00,4022.9,0,4,4,4,2,0,0,0
217,2026-07-28 20:09:00,4023.0,2,0,2,-2,1,0,0,0
218,2026-07-28 20:10:00,4022.6,1,0,1,-1,1,0,0,0
218,2026-07-28 20:10:00,4022.9,1,0,1,-1,1,0,0,0
218,2026-07-28 20:10:00,4023.1,0,1,1,1,1,0,0,0
219,2026-07-28 20:11:00,4023.2,1,0,1,-1,1,0,0,0
219,2026-07-28 20:11:00,4023.3,3,0,3,-3,3,0,0,0
219,2026-07-28 20:11:00,4023.4,2,0,2,-2,2,0,0,0
219,2026-07-28 20:11:00,4023.5,0,1,1,1,1,0,0,0
219,2026-07-28 20:11:00,4023.6,0,1,1,1,1,0,0,0
219,2026-07-28 20:11:00,4023.7,1,1,2,0,2,0,0,0
220,2026-07-28 20:12:00,4023.5,1,0,1,-1,1,0,0,0
220,2026-07-28 20:12:00,4023.6,1,1,2,0,2,0,0,0
221,2026-07-28 20:13:00,4023.4,1,0,1,-1,1,0,0,0
221,2026-07-28 20:13:00,4023.5,1,0,1,-1,1,0,0,0
221,2026-07-28 20:13:00,4023.6,0,2,2,2,2,0,0,0
221,2026-07-28 20:13:00,4023.7,0,1,1,1,1,0,0,0
221,2026-07-28 20:13:00,4023.8,0,2,2,2,2,0,0,0
221,2026-07-28 20:13:00,4023.9,2,0,2,-2,2,0,0,0
222,2026-07-28 20:14:00,4023.4,1,0,1,-1,1,0,0,0
222,2026-07-28 20:14:00,4023.5,1,0,1,-1,1,0,0,0
222,2026-07-28 20:14:00,4023.6,2,2,4,0,4,0,0,0
222,2026-07-28 20:14:00,4023.8,0,1,1,1,1,0,0,0
222,2026-07-28 20:14:00,4024.0,3,0,3,-3,3,0,0,0
222,2026-07-28 20:14:00,4024.1,0,2,2,2,2,0,0,0
222,2026-07-28 20:14:00,4024.2,1,2,3,1,3,0,0,0
222,2026-07-28 20:14:00,4024.3,3,1,4,-2,4,0,0,0
222,2026-07-28 20:14:00,4024.4,6,1,7,-5,4,0,0,0
222,2026-07-28 20:14:00,4024.5,0,3,3,3,3,0,0,0
223,2026-07-28 20:15:00,4023.4,0,2,2,2,2,0,0,0
223,2026-07-28 20:15:00,4023.5,1,0,1,-1,1,0,0,0
223,2026-07-28 20:15:00,4023.6,0,2,2,2,2,0,0,0
223,2026-07-28 20:15:00,4023.7,0,5,5,5,4,0,0,0
223,2026-07-28 20:15:00,4023.8,0,2,2,2,2,0,0,0
223,2026-07-28 20:15:00,4024.0,0,1,1,1,1,0,0,0
223,2026-07-28 20:15:00,4024.1,0,1,1,1,1,0,0,0
223,2026-07-28 20:15:00,4024.2,1,1,2,0,2,0,0,0
223,2026-07-28 20:15:00,4024.3,2,3,5,1,5,0,0,0
223,2026-07-28 20:15:00,4024.4,0,1,1,1,1,0,0,0
224,2026-07-28 20:16:00,4024.2,1,0,1,-1,1,0,0,0
224,2026-07-28 20:16:00,4024.3,4,0,4,-4,4,0,0,0
224,2026-07-28 20:16:00,4024.4,2,0,2,-2,2,0,0,0
224,2026-07-28 20:16:00,4024.5,0,2,2,2,2,0,0,0
224,2026-07-28 20:16:00,4024.6,0,3,3,3,3,0,0,0
225,2026-07-28 20:17:00,4024.7,2,0,2,-2,2,0,0,0
225,2026-07-28 20:17:00,4024.8,2,0,2,-2,2,0,0,0
225,2026-07-28 20:17:00,4024.9,1,0,1,-1,1,0,0,0
225,2026-07-28 20:17:00,4025.0,2,5,7,3,7,0,0,0
225,2026-07-28 20:17:00,4025.2,0,2,2,2,2,0,0,0
225,2026-07-28 20:17:00,4025.3,0,2,2,2,2,0,0,0
226,2026-07-28 20:18:00,4025.4,1,1,3,0,3,0,0,0
226,2026-07-28 20:18:00,4025.8,1,2,3,1,3,0,0,0
226,2026-07-28 20:18:00,4025.9,1,0,1,-1,1,0,0,0
227,2026-07-28 20:19:00,4025.7,0,0,1,0,1,0,0,0
227,2026-07-28 20:19:00,4025.8,0,0,1,0,1,0,0,0
227,2026-07-28 20:19:00,4025.9,1,1,3,0,3,0,0,0
227,2026-07-28 20:19:00,4026.0,4,7,12,3,3,0,0,0
227,2026-07-28 20:19:00,4026.2,0,1,1,1,1,0,0,0
227,2026-07-28 20:19:00,4026.3,0,3,3,3,3,0,0,0
227,2026-07-28 20:19:00,4026.4,0,2,2,2,2,0,0,0
228,2026-07-28 20:20:00,4025.8,1,0,1,-1,1,0,0,0
228,2026-07-28 20:20:00,4026.0,3,0,3,-3,3,0,0,0
228,2026-07-28 20:20:00,4026.1,0,0,3,0,3,0,0,0
228,2026-07-28 20:20:00,4026.2,0,1,1,1,1,0,0,0
228,2026-07-28 20:20:00,4026.3,0,2,2,2,2,0,0,0
229,2026-07-28 20:21:00,4025.6,3,0,3,-3,3,0,0,0
229,2026-07-28 20:21:00,4025.7,1,0,1,-1,1,0,0,0
229,2026-07-28 20:21:00,4025.8,1,2,3,1,3,0,0,0
229,2026-07-28 20:21:00,4025.9,1,0,1,-1,1,0,0,0
229,2026-07-28 20:21:00,4026.0,1,1,2,0,2,0,0,0
229,2026-07-28 20:21:00,4026.1,2,0,3,-2,3,0,0,0
229,2026-07-28 20:21:00,4026.2,1,1,2,0,2,0,0,0
229,2026-07-28 20:21:00,4026.3,0,1,1,1,1,0,0,0
230,2026-07-28 20:22:00,4025.5,4,0,4,-4,4,0,0,0
230,2026-07-28 20:22:00,4025.6,3,0,4,-3,4,0,0,0
230,2026-07-28 20:22:00,4025.7,0,1,1,1,1,0,0,0
230,2026-07-28 20:22:00,4025.9,3,2,5,-1,5,0,0,0
230,2026-07-28 20:22:00,4026.0,0,2,2,2,2,0,0,0
230,2026-07-28 20:22:00,4026.1,0,1,1,1,1,0,0,0
230,2026-07-28 20:22:00,4026.2,0,1,1,1,1,0,0,0
230,2026-07-28 20:22:00,4026.3,0,0,1,0,1,0,0,0
231,2026-07-28 20:23:00,4025.4,2,0,2,-2,2,0,0,0
231,2026-07-28 20:23:00,4025.7,1,0,1,-1,1,0,0,0
231,2026-07-28 20:23:00,4025.8,6,1,7,-5,7,0,0,0
231,2026-07-28 20:23:00,4025.9,0,1,1,1,1,0,0,0
231,2026-07-28 20:23:00,4026.1,0,2,2,2,2,0,0,0
232,2026-07-28 20:24:00,4025.5,0,1,1,1,1,0,0,0
232,2026-07-28 20:24:00,4025.6,0,1,1,1,1,0,0,0
232,2026-07-28 20:24:00,4025.7,0,1,1,1,1,0,0,0
233,2026-07-28 20:25:00,4025.9,0,4,5,4,4,0,0,0
233,2026-07-28 20:25:00,4026.0,2,0,3,-2,3,0,0,0
233,2026-07-28 20:25:00,4026.1,0,2,2,2,2,0,0,0
233,2026-07-28 20:25:00,4026.2,0,2,2,2,2,0,0,0
234,2026-07-28 20:26:00,4025.5,1,0,1,-1,1,0,0,0
234,2026-07-28 20:26:00,4025.6,0,1,2,1,2,0,0,0
234,2026-07-28 20:26:00,4025.7,1,0,1,-1,1,0,0,0
234,2026-07-28 20:26:00,4025.8,6,1,7,-5,7,0,0,0
234,2026-07-28 20:26:00,4025.9,2,0,2,-2,2,0,0,0
234,2026-07-28 20:26:00,4026.0,2,1,3,-1,3,0,0,0
234,2026-07-28 20:26:00,4026.1,1,0,1,-1,1,0,0,0
234,2026-07-28 20:26:00,4026.2,4,0,4,-4,4,0,0,0
234,2026-07-28 20:26:00,4026.3,0,1,1,1,1,0,0,0
234,2026-07-28 20:26:00,4026.4,2,1,3,-1,3,0,0,0
234,2026-07-28 20:26:00,4026.5,0,1,1,1,1,0,0,0
235,2026-07-28 20:27:00,4025.8,1,0,1,-1,1,0,0,0
235,2026-07-28 20:27:00,4026.0,1,1,2,0,2,0,0,0
235,2026-07-28 20:27:00,4026.1,1,1,2,0,2,0,0,0
235,2026-07-28 20:27:00,4026.2,0,2,3,2,3,0,0,0
235,2026-07-28 20:27:00,4026.4,0,2,4,2,4,0,0,0
235,2026-07-28 20:27:00,4026.5,0,0,1,0,1,0,0,0
235,2026-07-28 20:27:00,4026.7,0,0,1,0,1,0,0,0
235,2026-07-28 20:27:00,4026.8,1,0,2,-1,2,0,0,0
235,2026-07-28 20:27:00,4026.9,0,1,1,1,1,0,0,0
235,2026-07-28 20:27:00,4027.0,0,1,3,1,3,0,0,0
235,2026-07-28 20:27:00,4027.1,0,2,3,2,3,0,0,0
236,2026-07-28 20:28:00,4026.9,1,0,4,-1,4,0,0,0
236,2026-07-28 20:28:00,4027.0,5,0,5,-5,5,0,0,0
236,2026-07-28 20:28:00,4027.1,0,2,7,2,7,0,0,0
236,2026-07-28 20:28:00,4027.2,3,0,3,-3,3,0,0,0
236,2026-07-28 20:28:00,4027.3,0,2,2,2,2,0,0,0
236,2026-07-28 20:28:00,4027.5,0,16,16,16,3,0,0,0
237,2026-07-28 20:29:00,4026.9,0,0,1,0,1,0,0,0
237,2026-07-28 20:29:00,4027.0,1,0,1,-1,1,0,0,0
237,2026-07-28 20:29:00,4027.1,3,10,13,7,7,0,0,0
237,2026-07-28 20:29:00,4027.2,0,1,1,1,1,0,0,0
237,2026-07-28 20:29:00,4027.4,0,3,3,3,3,0,0,0
238,2026-07-28 20:30:00,4027.1,1,1,3,0,3,0,0,0
238,2026-07-28 20:30:00,4027.2,0,2,3,2,3,0,0,0
238,2026-07-28 20:30:00,4027.3,0,3,3,3,3,0,0,0
238,2026-07-28 20:30:00,4027.4,0,2,2,2,2,0,0,0
238,2026-07-28 20:30:00,4027.5,0,2,2,2,2,0,0,0
238,2026-07-28 20:30:00,4027.6,1,2,3,1,2,0,0,0
238,2026-07-28 20:30:00,4027.7,4,1,5,-3,5,0,0,0
238,2026-07-28 20:30:00,4027.8,0,1,1,1,1,0,0,0
238,2026-07-28 20:30:00,4027.9,1,0,3,-1,3,0,0,0
239,2026-07-28 20:31:00,4027.4,1,0,1,-1,1,0,0,0
239,2026-07-28 20:31:00,4027.5,2,0,3,-2,3,0,0,0
239,2026-07-28 20:31:00,4027.6,0,3,3,3,3,0,0,0
239,2026-07-28 20:31:00,4027.7,5,1,6,-4,6,0,0,0
239,2026-07-28 20:31:00,4027.8,0,1,1,1,1,0,0,0
240,2026-07-28 20:32:00,4027.2,2,0,2,-2,2,0,0,0
240,2026-07-28 20:32:00,4027.3,1,1,4,0,4,0,0,0
240,2026-07-28 20:32:00,4027.4,0,1,1,1,1,0,0,0
240,2026-07-28 20:32:00,4027.5,0,2,4,2,3,0,0,0
240,2026-07-28 20:32:00,4027.6,1,0,1,-1,1,0,0,0
240,2026-07-28 20:32:00,4027.7,0,1,1,1,1,0,0,0
241,2026-07-28 20:33:00,4027.5,1,0,2,-1,2,0,0,0
241,2026-07-28 20:33:00,4027.7,0,5,5,5,5,0,0,0
241,2026-07-28 20:33:00,4027.8,2,1,3,-1,3,0,0,0
241,2026-07-28 20:33:00,4028.0,0,3,3,3,3,0,0,0
242,2026-07-28 20:34:00,4027.8,1,0,1,-1,1,0,0,0
242,2026-07-28 20:34:00,4027.9,0,0,1,0,1,0,0,0
242,2026-07-28 20:34:00,4028.0,6,3,10,-3,10,0,0,0
242,2026-07-28 20:34:00,4028.1,3,3,6,0,6,0,0,0
242,2026-07-28 20:34:00,4028.3,0,1,1,1,1,0,0,0
243,2026-07-28 20:35:00,4028.0,0,0,2,0,2,0,0,0
243,2026-07-28 20:35:00,4028.1,3,3,6,0,6,0,0,0
243,2026-07-28 20:35:00,4028.2,0,1,1,1,1,0,0,0
243,2026-07-28 20:35:00,4028.4,0,1,1,1,1,0,0,0
243,2026-07-28 20:35:00,4028.5,1,1,2,0,2,0,0,0
243,2026-07-28 20:35:00,4028.6,1,2,3,1,3,0,0,0
244,2026-07-28 20:36:00,4028.8,0,1,1,1,1,0,0,0
244,2026-07-28 20:36:00,4028.9,1,5,6,4,6,0,0,0
244,2026-07-28 20:36:00,4029.0,0,4,4,4,4,0,0,0
244,2026-07-28 20:36:00,4029.1,1,3,4,2,4,0,0,0
245,2026-07-28 20:37:00,4027.0,0,1,1,1,1,0,0,0
245,2026-07-28 20:37:00,4027.1,4,3,9,-1,9,0,0,0
245,2026-07-28 20:37:00,4027.2,0,4,4,4,4,0,0,0
245,2026-07-28 20:37:00,4027.3,1,8,9,7,9,0,0,0
245,2026-07-28 20:37:00,4027.4,0,5,6,5,6,0,0,0
245,2026-07-28 20:37:00,4027.5,0,6,6,6,3,0,0,0
245,2026-07-28 20:37:00,4027.6,2,2,4,0,4,0,0,0
245,2026-07-28 20:37:00,4027.7,4,2,6,-2,6,0,0,0
245,2026-07-28 20:37:00,4027.8,1,2,3,1,3,0,0,0
245,2026-07-28 20:37:00,4027.9,4,3,7,-1,7,0,0,0
245,2026-07-28 20:37:00,4028.0,4,0,4,-4,4,0,0,0
245,2026-07-28 20:37:00,4028.1,4,0,4,-4,4,0,0,0
245,2026-07-28 20:37:00,4028.2,11,2,15,-9,15,0,0,0
245,2026-07-28 20:37:00,4028.3,4,2,6,-2,6,0,0,0
245,2026-07-28 20:37:00,4028.4,4,2,7,-2,7,0,0,0
245,2026-07-28 20:37:00,4028.5,3,0,4,-3,4,0,0,0
245,2026-07-28 20:37:00,4028.9,3,0,3,-3,2,0,0,0
245,2026-07-28 20:37:00,4029.0,1,0,1,-1,1,0,0,0
245,2026-07-28 20:37:00,4029.1,1,0,1,-1,1,0,0,0
245,2026-07-28 20:37:00,4029.2,0,0,1,0,1,0,0,0
245,2026-07-28 20:37:00,4029.3,0,0,4,0,4,0,0,0
245,2026-07-28 20:37:00,4029.4,0,4,5,4,4,0,0,0
245,2026-07-28 20:37:00,4029.5,0,2,2,2,2,0,0,0
245,2026-07-28 20:37:00,4029.6,0,1,1,1,1,0,0,0
245,2026-07-28 20:37:00,4029.7,0,1,1,1,1,0,0,0
246,2026-07-28 20:38:00,4027.2,0,0,1,0,1,0,0,0
246,2026-07-28 20:38:00,4027.3,1,0,1,-1,1,0,0,0
246,2026-07-28 20:38:00,4027.4,1,0,2,-1,2,0,0,0
246,2026-07-28 20:38:00,4027.6,0,2,3,2,3,0,0,0
246,2026-07-28 20:38:00,4027.7,0,2,4,2,4,0,0,0
246,2026-07-28 20:38:00,4027.8,2,0,2,-2,2,0,0,0
246,2026-07-28 20:38:00,4027.9,2,0,2,-2,2,0,0,0
246,2026-07-28 20:38:00,4028.0,0,3,3,3,3,0,0,0
247,2026-07-28 20:39:00,4027.3,0,1,2,1,2,0,0,0
247,2026-07-28 20:39:00,4027.4,1,0,1,-1,1,0,0,0
247,2026-07-28 20:39:00,4027.5,0,1,1,1,1,0,0,0
247,2026-07-28 20:39:00,4027.6,0,2,2,2,2,0,0,0
248,2026-07-28 20:40:00,4028.0,2,1,3,-1,3,0,0,0
248,2026-07-28 20:40:00,4028.1,0,1,1,1,1,0,0,0
248,2026-07-28 20:40:00,4028.2,1,2,3,1,3,0,0,0
248,2026-07-28 20:40:00,4028.3,1,2,4,1,4,0,0,0
248,2026-07-28 20:40:00,4028.4,0,1,1,1,1,0,0,0
248,2026-07-28 20:40:00,4028.5,0,1,1,1,1,0,0,0
248,2026-07-28 20:40:00,4028.6,0,0,1,0,1,0,0,0
248,2026-07-28 20:40:00,4028.7,0,4,4,4,4,0,0,0
249,2026-07-28 20:41:00,4028.6,1,0,1,-1,1,0,0,0
249,2026-07-28 20:41:00,4028.9,1,0,1,-1,1,0,0,0
249,2026-07-28 20:41:00,4029.0,0,1,2,1,2,0,0,0
249,2026-07-28 20:41:00,4029.2,0,6,6,6,4,0,0,0
249,2026-07-28 20:41:00,4029.3,2,0,2,-2,2,0,0,0
249,2026-07-28 20:41:00,4029.4,1,0,1,-1,1,0,0,0
249,2026-07-28 20:41:00,4029.6,0,1,1,1,1,0,0,0
250,2026-07-28 20:42:00,4028.4,2,0,2,-2,2,0,0,0
250,2026-07-28 20:42:00,4028.5,1,0,1,-1,1,0,0,0
250,2026-07-28 20:42:00,4028.6,2,1,3,-1,3,0,0,0
250,2026-07-28 20:42:00,4028.7,0,1,1,1,1,0,0,0
250,2026-07-28 20:42:00,4028.8,0,1,1,1,1,0,0,0
250,2026-07-28 20:42:00,4029.1,0,1,1,1,1,0,0,0
250,2026-07-28 20:42:00,4029.2,0,2,2,2,2,0,0,0
251,2026-07-28 20:43:00,4029.0,2,0,2,-2,2,0,0,0
251,2026-07-28 20:43:00,4029.3,2,1,3,-1,3,0,0,0
251,2026-07-28 20:43:00,4029.4,1,0,1,-1,1,0,0,0
251,2026-07-28 20:43:00,4029.5,0,0,1,0,1,0,0,0
251,2026-07-28 20:43:00,4029.6,2,1,4,-1,3,0,0,0
251,2026-07-28 20:43:00,4029.7,3,2,5,-1,5,0,0,0
251,2026-07-28 20:43:00,4029.8,2,0,2,-2,2,0,0,0
251,2026-07-28 20:43:00,4029.9,6,1,7,-5,2,0,0,0
251,2026-07-28 20:43:00,4030.0,1,3,4,2,4,0,0,0
251,2026-07-28 20:43:00,4030.1,0,1,1,1,1,0,0,0
252,2026-07-28 20:44:00,4029.4,1,0,1,-1,1,0,0,0
252,2026-07-28 20:44:00,4029.5,1,0,2,-1,2,0,0,0
252,2026-07-28 20:44:00,4029.6,3,2,5,-1,5,0,0,0
252,2026-07-28 20:44:00,4029.7,2,0,2,-2,2,0,0,0
252,2026-07-28 20:44:00,4029.8,1,0,1,-1,1,0,0,0
252,2026-07-28 20:44:00,4029.9,0,2,2,2,2,0,0,0
252,2026-07-28 20:44:00,4030.0,0,1,1,1,1,0,0,0
253,2026-07-28 20:45:00,4029.1,1,0,1,-1,1,0,0,0
253,2026-07-28 20:45:00,4029.2,1,0,1,-1,1,0,0,0
253,2026-07-28 20:45:00,4029.3,1,1,2,0,2,0,0,0
253,2026-07-28 20:45:00,4029.4,0,5,5,5,3,0,0,0
253,2026-07-28 20:45:00,4029.5,0,1,1,1,1,0,0,0
253,2026-07-28 20:45:00,4029.6,1,1,2,0,2,0,0,0
253,2026-07-28 20:45:00,4029.8,2,1,3,-1,3,0,0,0
253,2026-07-28 20:45:00,4029.9,2,2,4,0,4,0,0,0
253,2026-07-28 20:45:00,4030.0,0,5,5,5,5,0,0,0
253,2026-07-28 20:45:00,4030.1,0,7,7,7,7,0,0,0
253,2026-07-28 20:45:00,4030.2,0,3,3,3,3,0,0,0
254,2026-07-28 20:46:00,4029.4,1,0,2,-1,2,0,0,0
254,2026-07-28 20:46:00,4029.5,1,1,2,0,2,0,0,0
254,2026-07-28 20:46:00,4029.7,0,3,3,3,3,0,0,0
255,2026-07-28 20:47:00,4029.7,2,0,3,-2,3,0,0,0
255,2026-07-28 20:47:00,4029.8,2,1,3,-1,3,0,0,0
255,2026-07-28 20:47:00,4029.9,4,0,5,-4,5,0,0,0
255,2026-07-28 20:47:00,4030.0,3,0,3,-3,3,0,0,0
255,2026-07-28 20:47:00,4030.1,0,1,1,1,1,0,0,0
255,2026-07-28 20:47:00,4030.4,0,2,2,2,2,0,0,0
255,2026-07-28 20:47:00,4030.5,0,1,1,1,1,0,0,0
255,2026-07-28 20:47:00,4030.6,0,1,1,1,1,0,0,0
256,2026-07-28 20:48:00,4029.4,1,0,1,-1,1,0,0,0
256,2026-07-28 20:48:00,4029.5,1,0,1,-1,1,0,0,0
256,2026-07-28 20:48:00,4029.6,1,0,1,-1,1,0,0,0
256,2026-07-28 20:48:00,4029.7,1,0,2,-1,2,0,0,0
256,2026-07-28 20:48:00,4029.8,5,0,5,-5,5,0,0,0
256,2026-07-28 20:48:00,4030.0,0,3,3,3,3,0,0,0
257,2026-07-28 20:49:00,4027.7,2,0,5,-2,3,0,0,0
257,2026-07-28 20:49:00,4027.8,1,0,1,-1,1,0,0,0
257,2026-07-28 20:49:00,4028.0,2,3,5,1,5,0,0,0
257,2026-07-28 20:49:00,4028.1,3,0,3,-3,3,0,0,0
257,2026-07-28 20:49:00,4028.3,1,0,1,-1,1,0,0,0
257,2026-07-28 20:49:00,4028.6,1,0,1,-1,1,0,0,0
257,2026-07-28 20:49:00,4028.8,3,0,3,-3,3,0,0,0
257,2026-07-28 20:49:00,4028.9,3,0,4,-3,3,0,0,0
257,2026-07-28 20:49:00,4029.0,3,0,3,-3,2,0,0,0
257,2026-07-28 20:49:00,4029.1,0,0,1,0,1,0,0,0
257,2026-07-28 20:49:00,4029.3,2,0,2,-2,2,0,0,0
257,2026-07-28 20:49:00,4029.6,0,1,1,1,1,0,0,0
258,2026-07-28 20:50:00,4026.5,2,0,2,-2,2,0,0,0
258,2026-07-28 20:50:00,4026.6,3,0,3,-3,3,0,0,0
258,2026-07-28 20:50:00,4026.7,0,29,29,29,2,0,0,0
258,2026-07-28 20:50:00,4026.9,0,2,2,2,1,0,0,0
258,2026-07-28 20:50:00,4027.0,10,3,13,-7,9,0,0,0
258,2026-07-28 20:50:00,4027.2,4,1,5,-3,5,0,0,0
258,2026-07-28 20:50:00,4027.3,0,2,2,2,2,0,0,0
259,2026-07-28 20:51:00,4026.7,1,0,1,-1,1,0,0,0
259,2026-07-28 20:51:00,4026.9,0,1,1,1,1,0,0,0
259,2026-07-28 20:51:00,4027.0,0,1,1,1,1,0,0,0
259,2026-07-28 20:51:00,4027.1,0,2,2,2,2,0,0,0
259,2026-07-28 20:51:00,4027.2,2,0,2,-2,2,0,0,0
259,2026-07-28 20:51:00,4027.3,1,1,2,0,2,0,0,0
259,2026-07-28 20:51:00,4027.4,0,1,1,1,1,0,0,0
259,2026-07-28 20:51:00,4027.6,1,0,2,-1,2,0,0,0
259,2026-07-28 20:51:00,4027.7,0,0,1,0,1,0,0,0
260,2026-07-28 20:52:00,4026.7,1,0,1,-1,1,0,0,0
260,2026-07-28 20:52:00,4027.3,1,0,1,-1,1,0,0,0
260,2026-07-28 20:52:00,4027.5,1,0,1,-1,1,0,0,0
260,2026-07-28 20:52:00,4027.9,0,0,1,0,1,0,0,0
261,2026-07-28 20:53:00,4027.3,1,0,1,-1,1,0,0,0
261,2026-07-28 20:53:00,4027.4,3,0,3,-3,3,0,0,0
262,2026-07-28 20:54:00,4028.0,0,2,2,2,2,0,0,0
262,2026-07-28 20:54:00,4028.1,0,1,1,1,1,0,0,0
262,2026-07-28 20:54:00,4028.2,0,3,3,3,2,0,0,0
262,2026-07-28 20:54:00,4028.3,0,1,1,1,1,0,0,0
262,2026-07-28 20:54:00,4028.5,0,1,1,1,1,0,0,0
263,2026-07-28 20:55:00,4027.9,1,0,1,-1,1,0,0,0
263,2026-07-28 20:55:00,4028.0,1,0,1,-1,1,0,0,0
263,2026-07-28 20:55:00,4028.3,2,1,3,-1,3,0,0,0
263,2026-07-28 20:55:00,4028.4,0,2,2,2,2,0,0,0
263,2026-07-28 20:55:00,4028.6,1,2,3,1,3,0,0,0
263,2026-07-28 20:55:00,4028.7,0,5,7,5,4,0,0,0
263,2026-07-28 20:55:00,4029.0,0,3,3,3,2,0,0,0
264,2026-07-28 20:56:00,4028.6,1,0,1,-1,1,0,0,0
264,2026-07-28 20:56:00,4028.7,0,1,1,1,1,0,0,0
264,2026-07-28 20:56:00,4028.9,1,5,6,4,2,0,0,0
265,2026-07-28 20:57:00,4028.7,7,0,7,-7,2,0,0,0
266,2026-07-28 20:58:00,4028.2,1,0,1,-1,1,0,0,0
266,2026-07-28 20:58:00,4028.3,4,0,6,-4,6,0,0,0
266,2026-07-28 20:58:00,4028.4,4,0,4,-4,4,0,0,0
266,2026-07-28 20:58:00,4028.5,3,2,5,-1,5,0,0,0
266,2026-07-28 20:58:00,4028.7,0,5,5,5,1,0,0,0
267,2026-07-28 20:59:00,4028.1,3,0,3,-3,2,0,0,0
267,2026-07-28 20:59:00,4028.2,2,0,2,-2,2,0,0,0
267,2026-07-28 20:59:00,4028.3,8,0,8,-8,5,0,0,0
267,2026-07-28 20:59:00,4028.4,0,3,3,3,3,0,0,0
267,2026-07-28 20:59:00,4028.5,0,3,3,3,3,0,0,0
267,2026-07-28 20:59:00,4028.6,0,1,2,1,2,0,0,0
267,2026-07-28 20:59:00,4028.8,0,1,1,1,1,0,0,0
268,2026-07-28 22:00:00,4020.9,0,0,10,0,7,0,0,0
268,2026-07-28 22:00:00,4022.8,1,0,1,-1,1,0,0,0
268,2026-07-28 22:00:00,4023.2,1,0,1,-1,1,0,0,0
268,2026-07-28 22:00:00,4025.3,0,0,1,0,1,0,0,0
268,2026-07-28 22:00:00,4026.8,3,0,3,-3,1,0,0,0
268,2026-07-28 22:00:00,4027.2,2,5,8,3,3,0,0,0
268,2026-07-28 22:00:00,4027.3,1,4,5,3,3,0,0,0
268,2026-07-28 22:00:00,4027.6,0,0,1,0,1,0,0,0
268,2026-07-28 22:00:00,4027.7,0,0,1,0,1,0,0,0
268,2026-07-28 22:00:00,4027.9,0,0,1,0,1,0,0,0
268,2026-07-28 22:00:00,4028.6,1,1,3,0,3,0,0,0
268,2026-07-28 22:00:00,4028.7,5,0,7,-5,3,0,0,0
268,2026-07-28 22:00:00,4028.9,0,0,1,0,1,0,0,0
268,2026-07-28 22:00:00,4029.0,0,1,2,1,2,0,0,0
268,2026-07-28 22:00:00,4030.0,0,1,1,1,1,0,0,0
268,2026-07-28 22:00:00,4030.1,1,1,2,0,2,0,0,0
268,2026-07-28 22:00:00,4031.6,2,0,2,-2,1,0,0,0
268,2026-07-28 22:00:00,4032.2,0,1,1,1,1,0,0,0
268,2026-07-28 22:00:00,4032.4,0,1,1,1,1,0,0,0
268,2026-07-28 22:00:00,4032.5,0,1,1,1,1,0,0,0
268,2026-07-28 22:00:00,4032.6,0,1,1,1,1,0,0,0
268,2026-07-28 22:00:00,4032.7,0,1,1,1,1,0,0,0
268,2026-07-28 22:00:00,4033.9,0,1,1,1,1,0,0,0
268,2026-07-28 22:00:00,4034.0,0,2,2,2,2,0,0,0
269,2026-07-28 22:01:00,4025.5,1,0,1,-1,1,0,0,0
269,2026-07-28 22:01:00,4026.0,1,0,2,-1,2,0,0,0
269,2026-07-28 22:01:00,4026.2,0,0,5,0,4,0,0,0
269,2026-07-28 22:01:00,4026.3,0,0,2,0,2,0,0,0
269,2026-07-28 22:01:00,4026.4,0,3,5,3,4,0,0,0
269,2026-07-28 22:01:00,4026.7,1,0,1,-1,1,0,0,0
269,2026-07-28 22:01:00,4026.8,5,0,6,-5,5,0,0,0
269,2026-07-28 22:01:00,4026.9,0,0,5,0,5,0,0,0
269,2026-07-28 22:01:00,4027.1,1,0,1,-1,1,0,0,0
270,2026-07-28 22:02:00,4025.5,0,1,1,1,1,0,0,0
270,2026-07-28 22:02:00,4025.6,0,1,1,1,1,0,0,0
270,2026-07-28 22:02:00,4025.7,1,1,2,0,2,0,0,0
270,2026-07-28 22:02:00,4025.8,0,1,2,1,2,0,0,0
270,2026-07-28 22:02:00,4025.9,0,1,1,1,1,0,0,0
270,2026-07-28 22:02:00,4026.0,1,3,6,2,4,0,0,0
271,2026-07-28 22:03:00,4025.3,1,0,1,-1,1,0,0,0
271,2026-07-28 22:03:00,4025.5,1,0,1,-1,1,0,0,0
271,2026-07-28 22:03:00,4025.8,0,1,2,1,2,0,0,0
271,2026-07-28 22:03:00,4026.2,1,0,1,-1,1,0,0,0
271,2026-07-28 22:03:00,4026.3,1,2,3,1,3,0,0,0
271,2026-07-28 22:03:00,4026.4,2,0,3,-2,3,0,0,0
271,2026-07-28 22:03:00,4026.8,1,1,2,0,2,0,0,0
271,2026-07-28 22:03:00,4026.9,0,1,1,1,1,0,0,0
272,2026-07-28 22:04:00,4025.5,0,0,2,0,2,0,0,0
272,2026-07-28 22:04:00,4025.8,1,0,1,-1,1,0,0,0
273,2026-07-28 22:05:00,4025.7,0,0,1,0,1,0,0,0
273,2026-07-28 22:05:00,4025.9,0,0,1,0,1,0,0,0
273,2026-07-28 22:05:00,4026.2,0,0,1,0,1,0,0,0
273,2026-07-28 22:05:00,4026.3,0,0,1,0,1,0,0,0
273,2026-07-28 22:05:00,4026.4,0,1,2,1,2,0,0,0
273,2026-07-28 22:05:00,4026.5,0,0,1,0,1,0,0,0
273,2026-07-28 22:05:00,4026.8,0,1,1,1,1,0,0,0
274,2026-07-28 22:06:00,4025.5,0,0,1,0,1,0,0,0
274,2026-07-28 22:06:00,4025.6,1,0,1,-1,1,0,0,0
274,2026-07-28 22:06:00,4026.0,0,2,2,2,2,0,0,0
274,2026-07-28 22:06:00,4026.1,0,0,1,0,1,0,0,0
274,2026-07-28 22:06:00,4026.3,0,1,1,1,1,0,0,0
275,2026-07-28 22:07:00,4026.3,1,0,1,-1,1,0,0,0
276,2026-07-28 22:09:00,4026.3,0,1,1,1,1,0,0,0
276,2026-07-28 22:09:00,4026.6,0,1,1,1,1,0,0,0
276,2026-07-28 22:09:00,4026.7,0,1,1,1,1,0,0,0
277,2026-07-28 22:10:00,4026.6,0,0,1,0,1,0,0,0
277,2026-07-28 22:10:00,4026.8,0,1,1,1,1,0,0,0
277,2026-07-28 22:10:00,4026.9,1,0,1,-1,1,0,0,0
278,2026-07-28 22:11:00,4025.9,4,0,5,-4,5,0,0,0
278,2026-07-28 22:11:00,4026.0,4,0,4,-4,2,0,0,0
278,2026-07-28 22:11:00,4026.1,1,0,1,-1,1,0,0,0
278,2026-07-28 22:11:00,4026.2,1,0,1,-1,1,0,0,0
278,2026-07-28 22:11:00,4026.3,1,0,1,-1,1,0,0,0
278,2026-07-28 22:11:00,4026.4,0,0,2,0,2,0,0,0
278,2026-07-28 22:11:00,4026.6,0,0,1,0,1,0,0,0
279,2026-07-28 22:12:00,4026.5,0,1,1,1,1,0,0,0
280,2026-07-28 22:13:00,4025.0,1,0,1,-1,1,0,0,0
280,2026-07-28 22:13:00,4025.1,1,0,1,-1,1,0,0,0
280,2026-07-28 22:13:00,4025.2,2,0,2,-2,2,0,0,0
280,2026-07-28 22:13:00,4025.3,1,0,2,-1,2,0,0,0
280,2026-07-28 22:13:00,4025.4,1,0,1,-1,1,0,0,0
280,2026-07-28 22:13:00,4025.5,1,0,1,-1,1,0,0,0
280,2026-07-28 22:13:00,4025.6,1,0,1,-1,1,0,0,0
280,2026-07-28 22:13:00,4025.7,4,0,4,-4,4,0,0,0
280,2026-07-28 22:13:00,4025.8,9,0,9,-9,9,0,0,0
280,2026-07-28 22:13:00,4025.9,5,1,6,-4,6,0,0,0
280,2026-07-28 22:13:00,4026.0,1,1,2,0,2,0,0,0
280,2026-07-28 22:13:00,4026.1,1,2,3,1,3,0,0,0
280,2026-07-28 22:13:00,4026.2,0,1,1,1,1,0,0,0
280,2026-07-28 22:13:00,4026.3,0,4,4,4,4,0,0,0
280,2026-07-28 22:13:00,4026.4,0,3,3,3,2,0,0,0
280,2026-07-28 22:13:00,4026.5,0,1,1,1,1,0,0,0
280,2026-07-28 22:13:00,4026.6,0,1,1,1,1,0,0,0
281,2026-07-28 22:14:00,4024.2,1,0,1,-1,1,0,0,0
281,2026-07-28 22:14:00,4024.3,0,0,2,0,2,0,0,0
281,2026-07-28 22:14:00,4024.4,0,0,1,0,1,0,0,0
281,2026-07-28 22:14:00,4024.5,1,0,2,-1,2,0,0,0
281,2026-07-28 22:14:00,4024.6,2,0,2,-2,2,0,0,0
281,2026-07-28 22:14:00,4024.7,1,0,2,-1,2,0,0,0
281,2026-07-28 22:14:00,4024.8,1,0,2,-1,2,0,0,0
281,2026-07-28 22:14:00,4024.9,3,0,3,-3,3,0,0,0
281,2026-07-28 22:14:00,4025.2,0,0,1,0,1,0,0,0
281,2026-07-28 22:14:00,4025.3,0,4,5,4,5,0,0,0
281,2026-07-28 22:14:00,4025.4,0,4,4,4,3,0,0,0
281,2026-07-28 22:14:00,4025.6,0,1,1,1,1,0,0,0
281,2026-07-28 22:14:00,4025.8,0,1,1,1,1,0,0,0
282,2026-07-28 22:15:00,4023.6,2,0,2,-2,2,0,0,0
282,2026-07-28 22:15:00,4023.7,1,0,2,-1,2,0,0,0
282,2026-07-28 22:15:00,4023.8,0,0,1,0,1,0,0,0
282,2026-07-28 22:15:00,4023.9,0,0,1,0,1,0,0,0
282,2026-07-28 22:15:00,4024.0,3,0,5,-3,4,0,0,0
282,2026-07-28 22:15:00,4024.1,1,1,2,0,2,0,0,0
282,2026-07-28 22:15:00,4024.2,1,0,1,-1,1,0,0,0
282,2026-07-28 22:15:00,4024.3,0,1,1,1,1,0,0,0
282,2026-07-28 22:15:00,4024.4,0,1,1,1,1,0,0,0
283,2026-07-28 22:16:00,4023.5,0,0,1,0,1,0,0,0
283,2026-07-28 22:16:00,4023.6,0,0,1,0,1,0,0,0
283,2026-07-28 22:16:00,4023.8,0,0,1,0,1,0,0,0
283,2026-07-28 22:16:00,4024.0,0,1,1,1,1,0,0,0
284,2026-07-28 22:17:00,4023.0,1,0,1,-1,1,0,0,0
284,2026-07-28 22:17:00,4023.1,3,0,3,-3,3,0,0,0
284,2026-07-28 22:17:00,4023.2,2,0,2,-2,2,0,0,0
284,2026-07-28 22:17:00,4023.3,1,0,1,-1,1,0,0,0
284,2026-07-28 22:17:00,4023.4,0,0,1,0,1,0,0,0
284,2026-07-28 22:17:00,4023.5,0,0,2,0,2,0,0,0
284,2026-07-28 22:17:00,4023.6,0,0,1,0,1,0,0,0
284,2026-07-28 22:17:00,4023.7,0,0,1,0,1,0,0,0
285,2026-07-28 22:18:00,4022.0,1,0,1,-1,1,0,0,0
285,2026-07-28 22:18:00,4022.1,3,0,3,-3,2,0,0,0
285,2026-07-28 22:18:00,4022.2,2,0,2,-2,2,0,0,0
285,2026-07-28 22:18:00,4022.3,1,0,2,-1,2,0,0,0
285,2026-07-28 22:18:00,4022.4,3,0,3,-3,3,0,0,0
285,2026-07-28 22:18:00,4022.5,2,0,2,-2,2,0,0,0
285,2026-07-28 22:18:00,4022.6,1,0,1,-1,1,0,0,0
285,2026-07-28 22:18:00,4022.7,0,1,2,1,2,0,0,0
285,2026-07-28 22:18:00,4022.8,0,0,2,0,2,0,0,0
285,2026-07-28 22:18:00,4022.9,1,3,5,2,5,0,0,0
286,2026-07-28 22:19:00,4021.8,1,0,1,-1,1,0,0,0
286,2026-07-28 22:19:00,4021.9,5,0,5,-5,3,0,0,0
286,2026-07-28 22:19:00,4022.0,4,0,5,-4,5,0,0,0
286,2026-07-28 22:19:00,4022.1,1,1,3,0,3,0,0,0
286,2026-07-28 22:19:00,4022.2,0,0,1,0,1,0,0,0
286,2026-07-28 22:19:00,4022.7,0,1,1,1,1,0,0,0
287,2026-07-28 22:20:00,4020.0,2,0,8,-2,5,0,0,0
287,2026-07-28 22:20:00,4020.1,2,0,2,-2,1,0,0,0
287,2026-07-28 22:20:00,4020.2,2,0,2,-2,1,0,0,0
287,2026-07-28 22:20:00,4020.3,3,0,3,-3,3,0,0,0
287,2026-07-28 22:20:00,4020.6,0,1,1,1,1,0,0,0
287,2026-07-28 22:20:00,4020.7,0,3,3,3,1,0,0,0
287,2026-07-28 22:20:00,4020.8,1,0,1,-1,1,0,0,0
287,2026-07-28 22:20:00,4021.1,1,0,1,-1,1,0,0,0
287,2026-07-28 22:20:00,4021.2,3,0,3,-3,2,0,0,0
287,2026-07-28 22:20:00,4021.3,1,0,1,-1,1,0,0,0
287,2026-07-28 22:20:00,4021.4,3,0,3,-3,1,0,0,0
287,2026-07-28 22:20:00,4021.6,0,0,1,0,1,0,0,0
287,2026-07-28 22:20:00,4021.7,0,0,1,0,1,0,0,0
287,2026-07-28 22:20:00,4021.9,0,3,4,3,3,0,0,0
287,2026-07-28 22:20:00,4022.0,0,1,2,1,2,0,0,0
287,2026-07-28 22:20:00,4022.1,3,0,3,-3,2,0,0,0
287,2026-07-28 22:20:00,4022.2,1,0,2,-1,2,0,0,0
287,2026-07-28 22:20:00,4022.3,2,2,4,0,4,0,0,0
287,2026-07-28 22:20:00,4022.4,1,3,4,2,4,0,0,0
287,2026-07-28 22:20:00,4022.5,1,3,4,2,4,0,0,0
288,2026-07-28 22:21:00,4019.9,3,0,3,-3,3,0,0,0
288,2026-07-28 22:21:00,4020.0,1,3,4,2,2,0,0,0
288,2026-07-28 22:21:00,4020.3,1,0,1,-1,1,0,0,0
289,2026-07-28 22:22:00,4019.5,1,0,1,-1,1,0,0,0
289,2026-07-28 22:22:00,4019.6,2,0,3,-2,3,0,0,0
289,2026-07-28 22:22:00,4019.7,1,2,3,1,3,0,0,0
289,2026-07-28 22:22:00,4019.8,1,1,2,0,2,0,0,0
289,2026-07-28 22:22:00,4019.9,1,2,5,1,5,0,0,0
289,2026-07-28 22:22:00,4020.1,0,2,2,2,2,0,0,0
289,2026-07-28 22:22:00,4020.3,0,1,1,1,1,0,0,0
290,2026-07-28 22:23:00,4016.1,5,0,5,-5,5,0,0,0
290,2026-07-28 22:23:00,4016.2,1,0,1,-1,1,0,0,0
290,2026-07-28 22:23:00,4016.3,1,0,1,-1,1,0,0,0
290,2026-07-28 22:23:00,4016.4,2,0,2,-2,2,0,0,0
290,2026-07-28 22:23:00,4016.5,1,0,1,-1,1,0,0,0
290,2026-07-28 22:23:00,4016.6,2,0,2,-2,2,0,0,0
290,2026-07-28 22:23:00,4016.8,1,0,1,-1,1,0,0,0
290,2026-07-28 22:23:00,4016.9,13,0,13,-13,2,0,0,0
290,2026-07-28 22:23:00,4017.0,4,0,4,-4,3,0,0,0
290,2026-07-28 22:23:00,4017.1,2,0,2,-2,2,0,0,0
290,2026-07-28 22:23:00,4017.2,3,0,3,-3,3,0,0,0
290,2026-07-28 22:23:00,4017.3,2,0,2,-2,2,0,0,0
290,2026-07-28 22:23:00,4017.4,3,0,3,-3,3,0,0,0
290,2026-07-28 22:23:00,4017.5,3,0,3,-3,3,0,0,0
290,2026-07-28 22:23:00,4017.6,4,0,4,-4,3,0,0,0
290,2026-07-28 22:23:00,4017.7,5,1,6,-4,3,0,0,0
290,2026-07-28 22:23:00,4017.8,2,1,3,-1,3,0,0,0
290,2026-07-28 22:23:00,4017.9,2,1,3,-1,2,0,0,0
290,2026-07-28 22:23:00,4018.0,5,1,7,-4,6,0,0,0
290,2026-07-28 22:23:00,4018.1,0,1,1,1,1,0,0,0
290,2026-07-28 22:23:00,4018.2,3,0,3,-3,2,0,0,0
290,2026-07-28 22:23:00,4018.3,3,1,4,-2,3,0,0,0
290,2026-07-28 22:23:00,4018.4,1,1,2,0,2,0,0,0
290,2026-07-28 22:23:00,4018.5,2,0,2,-2,1,0,0,0
290,2026-07-28 22:23:00,4018.7,2,0,2,-2,2,0,0,0
290,2026-07-28 22:23:00,4018.9,0,0,1,0,1,0,0,0
290,2026-07-28 22:23:00,4019.6,1,0,1,-1,1,0,0,0
291,2026-07-28 22:24:00,4016.8,0,1,2,1,2,0,0,0
291,2026-07-28 22:24:00,4017.0,2,10,16,8,10,0,0,0
291,2026-07-28 22:24:00,4017.1,1,0,2,-1,2,0,0,0
291,2026-07-28 22:24:00,4017.2,1,0,1,-1,1,0,0,0
291,2026-07-28 22:24:00,4017.3,2,1,5,-1,5,0,0,0
291,2026-07-28 22:24:00,4017.4,1,0,1,-1,1,0,0,0
291,2026-07-28 22:24:00,4017.5,1,5,6,4,2,0,0,0
291,2026-07-28 22:24:00,4017.6,1,1,3,0,3,0,0,0
291,2026-07-28 22:24:00,4017.7,1,1,4,0,4,0,0,0
291,2026-07-28 22:24:00,4017.8,0,1,2,1,2,0,0,0
292,2026-07-28 22:25:00,4016.8,1,4,6,3,5,0,0,0
292,2026-07-28 22:25:00,4016.9,1,0,1,-1,1,0,0,0
292,2026-07-28 22:25:00,4017.0,1,0,3,-1,3,0,0,0
292,2026-07-28 22:25:00,4017.1,2,1,4,-1,4,0,0,0
292,2026-07-28 22:25:00,4017.2,0,0,1,0,1,0,0,0
292,2026-07-28 22:25:00,4017.3,0,0,1,0,1,0,0,0
292,2026-07-28 22:25:00,4017.4,0,1,1,1,1,0,0,0
292,2026-07-28 22:25:00,4017.5,1,2,4,1,4,0,0,0
292,2026-07-28 22:25:00,4017.6,0,0,1,0,1,0,0,0
292,2026-07-28 22:25:00,4017.7,0,1,1,1,1,0,0,0
293,2026-07-28 22:26:00,4017.3,0,1,1,1,1,0,0,0
293,2026-07-28 22:26:00,4017.8,0,1,1,1,1,0,0,0
293,2026-07-28 22:26:00,4017.9,0,1,1,1,1,0,0,0
293,2026-07-28 22:26:00,4018.0,0,1,8,1,4,0,0,0
293,2026-07-28 22:26:00,4018.1,0,0,1,0,1,0,0,0
293,2026-07-28 22:26:00,4018.2,0,0,3,0,3,0,0,0
294,2026-07-28 22:27:00,4018.3,0,3,3,3,3,0,0,0
294,2026-07-28 22:27:00,4018.4,1,2,8,1,5,0,0,0
294,2026-07-28 22:27:00,4018.5,0,0,1,0,1,0,0,0
294,2026-07-28 22:27:00,4018.6,1,0,1,-1,1,0,0,0
294,2026-07-28 22:27:00,4018.7,1,0,1,-1,1,0,0,0
294,2026-07-28 22:27:00,4018.8,0,1,1,1,1,0,0,0
294,2026-07-28 22:27:00,4018.9,0,4,4,4,2,0,0,0
294,2026-07-28 22:27:00,4019.1,0,4,4,4,2,0,0,0
294,2026-07-28 22:27:00,4019.2,1,0,1,-1,1,0,0,0
294,2026-07-28 22:27:00,4019.3,1,0,1,-1,1,0,0,0
294,2026-07-28 22:27:00,4019.6,1,1,2,0,2,0,0,0
294,2026-07-28 22:27:00,4019.7,0,1,1,1,1,0,0,0
294,2026-07-28 22:27:00,4020.0,0,1,1,1,1,0,0,0
294,2026-07-28 22:27:00,4020.1,1,0,1,-1,1,0,0,0
294,2026-07-28 22:27:00,4020.2,0,1,1,1,1,0,0,0
294,2026-07-28 22:27:00,4020.3,0,2,2,2,2,0,0,0
295,2026-07-28 22:28:00,4018.8,1,1,6,0,4,0,0,0
295,2026-07-28 22:28:00,4018.9,2,0,2,-2,2,0,0,0
295,2026-07-28 22:28:00,4019.0,1,0,1,-1,1,0,0,0
295,2026-07-28 22:28:00,4019.1,2,0,3,-2,3,0,0,0
295,2026-07-28 22:28:00,4019.3,0,1,1,1,1,0,0,0
295,2026-07-28 22:28:00,4019.5,1,0,2,-1,2,0,0,0
295,2026-07-28 22:28:00,4020.0,0,0,2,0,2,0,0,0
296,2026-07-28 22:29:00,4019.3,1,0,1,-1,1,0,0,0
296,2026-07-28 22:29:00,4019.5,0,0,1,0,1,0,0,0
296,2026-07-28 22:29:00,4019.8,0,3,3,3,2,0,0,0
296,2026-07-28 22:29:00,4020.0,0,1,1,1,1,0,0,0
296,2026-07-28 22:29:00,4020.2,0,1,1,1,1,0,0,0
296,2026-07-28 22:29:00,4020.4,4,2,6,-2,3,0,0,0
297,2026-07-28 22:30:00,4019.9,1,0,1,-1,1,0,0,0
297,2026-07-28 22:30:00,4020.0,0,0,2,0,2,0,0,0
297,2026-07-28 22:30:00,4020.1,1,0,1,-1,1,0,0,0
297,2026-07-28 22:30:00,4020.5,0,1,1,1,1,0,0,0
298,2026-07-28 22:31:00,4017.6,0,0,1,0,1,0,0,0
298,2026-07-28 22:31:00,4017.9,0,0,1,0,1,0,0,0
298,2026-07-28 22:31:00,4018.3,0,0,1,0,1,0,0,0
298,2026-07-28 22:31:00,4018.4,1,0,1,-1,1,0,0,0
298,2026-07-28 22:31:00,4018.6,0,0,1,0,1,0,0,0
298,2026-07-28 22:31:00,4018.8,0,0,1,0,1,0,0,0
298,2026-07-28 22:31:00,4018.9,0,0,1,0,1,0,0,0
298,2026-07-28 22:31:00,4019.0,3,0,4,-3,4,0,0,0
298,2026-07-28 22:31:00,4019.2,0,0,1,0,1,0,0,0
298,2026-07-28 22:31:00,4019.4,1,0,1,-1,1,0,0,0
298,2026-07-28 22:31:00,4019.5,0,0,1,0,1,0,0,0
298,2026-07-28 22:31:00,4019.6,1,0,1,-1,1,0,0,0
298,2026-07-28 22:31:00,4019.7,1,0,1,-1,1,0,0,0
298,2026-07-28 22:31:00,4019.8,0,0,1,0,1,0,0,0
298,2026-07-28 22:31:00,4019.9,0,0,1,0,1,0,0,0
299,2026-07-28 22:32:00,4013.2,0,0,1,0,1,0,0,0
299,2026-07-28 22:32:00,4013.3,0,6,7,6,3,0,0,0
299,2026-07-28 22:32:00,4013.4,1,0,1,-1,1,0,0,0
299,2026-07-28 22:32:00,4013.5,1,0,1,-1,1,0,0,0
299,2026-07-28 22:32:00,4013.6,1,1,2,0,2,0,0,0
299,2026-07-28 22:32:00,4013.9,0,0,2,0,2,0,0,0
299,2026-07-28 22:32:00,4014.0,1,0,3,-1,3,0,0,0
299,2026-07-28 22:32:00,4014.1,1,0,1,-1,1,0,0,0
299,2026-07-28 22:32:00,4014.3,1,0,3,-1,3,0,0,0
299,2026-07-28 22:32:00,4014.4,0,0,1,0,1,0,0,0
299,2026-07-28 22:32:00,4014.5,0,2,2,2,1,0,0,0
299,2026-07-28 22:32:00,4014.8,1,0,6,-1,6,0,0,0
299,2026-07-28 22:32:00,4014.9,1,1,5,0,5,0,0,0
299,2026-07-28 22:32:00,4015.0,10,1,16,-9,10,0,0,0
299,2026-07-28 22:32:00,4015.1,8,0,8,-8,2,0,0,0
299,2026-07-28 22:32:00,4015.2,1,0,1,-1,1,0,0,0
299,2026-07-28 22:32:00,4015.3,1,0,2,-1,2,0,0,0
299,2026-07-28 22:32:00,4015.4,1,0,1,-1,1,0,0,0
299,2026-07-28 22:32:00,4015.5,3,0,3,-3,2,0,0,0
299,2026-07-28 22:32:00,4015.6,1,0,1,-1,1,0,0,0
299,2026-07-28 22:32:00,4015.7,1,0,1,-1,1,0,0,0
299,2026-07-28 22:32:00,4015.8,2,0,2,-2,1,0,0,0
299,2026-07-28 22:32:00,4015.9,3,0,3,-3,3,0,0,0
299,2026-07-28 22:32:00,4016.0,1,0,1,-1,1,0,0,0
299,2026-07-28 22:32:00,4016.1,1,0,1,-1,1,0,0,0
299,2026-07-28 22:32:00,4016.2,3,0,3,-3,1,0,0,0
299,2026-07-28 22:32:00,4016.3,2,0,2,-2,2,0,0,0
299,2026-07-28 22:32:00,4016.4,2,0,2,-2,2,0,0,0
299,2026-07-28 22:32:00,4016.5,1,0,1,-1,1,0,0,0
299,2026-07-28 22:32:00,4016.6,2,0,3,-2,3,0,0,0
299,2026-07-28 22:32:00,4016.8,1,0,1,-1,1,0,0,0
299,2026-07-28 22:32:00,4016.9,1,0,1,-1,1,0,0,0
299,2026-07-28 22:32:00,4017.2,1,7,8,6,2,0,0,0
299,2026-07-28 22:32:00,4017.3,1,0,1,-1,1,0,0,0
299,2026-07-28 22:32:00,4017.4,1,0,1,-1,1,0,0,0
300,2026-07-28 22:33:00,4013.2,5,0,5,-5,2,0,0,0
300,2026-07-28 22:33:00,4013.3,3,0,3,-3,2,0,0,0
300,2026-07-28 22:33:00,4013.4,1,0,1,-1,1,0,0,0
300,2026-07-28 22:33:00,4013.5,1,2,3,1,3,0,0,0
300,2026-07-28 22:33:00,4013.7,0,1,1,1,1,0,0,0
300,2026-07-28 22:33:00,4013.8,0,1,1,1,1,0,0,0
300,2026-07-28 22:33:00,4014.0,0,13,13,13,9,0,0,0
300,2026-07-28 22:33:00,4014.1,0,0,1,0,1,0,0,0
300,2026-07-28 22:33:00,4014.2,0,0,1,0,1,0,0,0
300,2026-07-28 22:33:00,4014.5,1,0,1,-1,1,0,0,0
300,2026-07-28 22:33:00,4014.6,0,2,2,2,1,0,0,0
300,2026-07-28 22:33:00,4014.7,0,0,1,0,1,0,0,0
300,2026-07-28 22:33:00,4014.9,0,0,1,0,1,0,0,0
300,2026-07-28 22:33:00,4015.0,0,1,1,1,1,0,0,0
300,2026-07-28 22:33:00,4015.1,0,1,1,1,1,0,0,0
300,2026-07-28 22:33:00,4015.2,0,1,1,1,1,0,0,0
301,2026-07-28 22:34:00,4014.0,0,0,1,0,1,0,0,0
301,2026-07-28 22:34:00,4015.2,0,0,1,0,1,0,0,0
301,2026-07-28 22:34:00,4015.3,0,0,1,0,1,0,0,0
301,2026-07-28 22:34:00,4015.5,4,4,10,0,10,0,0,0
301,2026-07-28 22:34:00,4015.6,0,1,1,1,1,0,0,0
301,2026-07-28 22:34:00,4015.7,0,2,2,2,2,0,0,0
301,2026-07-28 22:34:00,4015.8,2,3,5,1,4,0,0,0
301,2026-07-28 22:34:00,4016.1,0,0,1,0,1,0,0,0
301,2026-07-28 22:34:00,4016.5,0,1,1,1,1,0,0,0
301,2026-07-28 22:34:00,4016.6,1,1,2,0,2,0,0,0
301,2026-07-28 22:34:00,4016.9,0,1,1,1,1,0,0,0
302,2026-07-28 22:35:00,4014.4,0,2,2,2,2,0,0,0
302,2026-07-28 22:35:00,4014.5,1,0,1,-1,1,0,0,0
302,2026-07-28 22:35:00,4014.6,0,1,1,1,1,0,0,0
302,2026-07-28 22:35:00,4014.7,1,1,2,0,2,0,0,0
302,2026-07-28 22:35:00,4014.8,1,3,7,2,6,0,0,0
302,2026-07-28 22:35:00,4014.9,1,1,2,0,2,0,0,0
302,2026-07-28 22:35:00,4015.2,1,0,1,-1,1,0,0,0
302,2026-07-28 22:35:00,4015.4,1,0,1,-1,1,0,0,0
302,2026-07-28 22:35:00,4015.5,1,0,1,-1,1,0,0,0
302,2026-07-28 22:35:00,4015.6,1,0,1,-1,1,0,0,0
302,2026-07-28 22:35:00,4016.0,0,1,2,1,2,0,0,0
302,2026-07-28 22:35:00,4016.1,0,0,1,0,1,0,0,0
302,2026-07-28 22:35:00,4016.6,0,1,1,1,1,0,0,0
303,2026-07-28 22:36:00,4014.5,1,0,1,-1,1,0,0,0
303,2026-07-28 22:36:00,4014.6,5,0,5,-5,2,0,0,0
303,2026-07-28 22:36:00,4014.7,2,0,2,-2,1,0,0,0
303,2026-07-28 22:36:00,4014.8,3,0,3,-3,2,0,0,0
303,2026-07-28 22:36:00,4014.9,2,0,2,-2,2,0,0,0
303,2026-07-28 22:36:00,4015.1,4,0,4,-4,3,0,0,0
303,2026-07-28 22:36:00,4015.2,4,1,5,-3,3,0,0,0
303,2026-07-28 22:36:00,4015.3,1,0,1,-1,1,0,0,0
303,2026-07-28 22:36:00,4015.4,1,0,1,-1,1,0,0,0
303,2026-07-28 22:36:00,4015.5,2,1,3,-1,2,0,0,0
303,2026-07-28 22:36:00,4015.6,2,3,5,1,3,0,0,0
303,2026-07-28 22:36:00,4015.8,0,1,1,1,1,0,0,0
303,2026-07-28 22:36:00,4016.1,0,2,2,2,2,0,0,0
304,2026-07-28 22:37:00,4015.4,0,0,1,0,1,0,0,0
304,2026-07-28 22:37:00,4015.5,1,0,1,-1,1,0,0,0
304,2026-07-28 22:37:00,4015.6,6,0,6,-6,2,0,0,0
305,2026-07-28 22:38:00,4013.5,1,0,2,-1,2,0,0,0
305,2026-07-28 22:38:00,4013.6,1,0,1,-1,1,0,0,0
305,2026-07-28 22:38:00,4013.7,0,1,1,1,1,0,0,0
305,2026-07-28 22:38:00,4014.0,0,2,2,2,1,0,0,0
305,2026-07-28 22:38:00,4014.3,0,0,1,0,1,0,0,0
305,2026-07-28 22:38:00,4014.9,0,0,1,0,1,0,0,0
305,2026-07-28 22:38:00,4015.0,0,0,1,0,1,0,0,0
305,2026-07-28 22:38:00,4015.1,0,0,1,0,1,0,0,0
306,2026-07-28 22:39:00,4013.5,2,0,2,-2,2,0,0,0
306,2026-07-28 22:39:00,4013.7,4,0,4,-4,2,0,0,0
306,2026-07-28 22:39:00,4013.8,1,0,1,-1,1,0,0,0
306,2026-07-28 22:39:00,4013.9,3,0,3,-3,3,0,0,0
306,2026-07-28 22:39:00,4014.0,3,6,9,3,4,0,0,0
306,2026-07-28 22:39:00,4014.1,2,0,2,-2,1,0,0,0
306,2026-07-28 22:39:00,4014.7,0,1,2,1,2,0,0,0
306,2026-07-28 22:39:00,4014.8,0,1,1,1,1,0,0,0
306,2026-07-28 22:39:00,4014.9,0,1,1,1,1,0,0,0
307,2026-07-28 22:40:00,4015.5,0,2,2,2,2,0,0,0
307,2026-07-28 22:40:00,4015.6,1,0,2,-1,2,0,0,0
307,2026-07-28 22:40:00,4015.8,2,0,2,-2,2,0,0,0
307,2026-07-28 22:40:00,4015.9,1,0,1,-1,1,0,0,0
307,2026-07-28 22:40:00,4016.0,2,0,10,-2,6,0,0,0
307,2026-07-28 22:40:00,4016.1,2,0,2,-2,2,0,0,0
307,2026-07-28 22:40:00,4016.3,0,1,1,1,1,0,0,0
307,2026-07-28 22:40:00,4016.4,2,1,3,-1,3,0,0,0
307,2026-07-28 22:40:00,4016.5,1,3,4,2,4,0,0,0
307,2026-07-28 22:40:00,4016.6,0,4,4,4,2,0,0,0
307,2026-07-28 22:40:00,4016.7,9,2,11,-7,11,0,0,0
307,2026-07-28 22:40:00,4016.8,0,5,5,5,5,0,0,0
307,2026-07-28 22:40:00,4016.9,0,6,6,6,4,0,0,0
307,2026-07-28 22:40:00,4017.0,0,4,4,4,2,0,0,0
307,2026-07-28 22:40:00,4017.2,0,2,2,2,1,0,0,0
307,2026-07-28 22:40:00,4017.5,0,1,1,1,1,0,0,0
308,2026-07-28 22:41:00,4016.3,0,0,1,0,1,0,0,0
309,2026-07-28 22:42:00,4016.9,0,0,1,0,1,0,0,0
309,2026-07-28 22:42:00,4017.0,0,1,1,1,1,0,0,0
309,2026-07-28 22:42:00,4017.1,0,2,2,2,1,0,0,0
309,2026-07-28 22:42:00,4017.3,0,2,2,2,2,0,0,0
309,2026-07-28 22:42:00,4017.4,0,3,3,3,3,0,0,0
309,2026-07-28 22:42:00,4017.5,0,6,6,6,2,0,0,0
309,2026-07-28 22:42:00,4017.6,0,3,4,3,2,0,0,0
309,2026-07-28 22:42:00,4017.7,0,2,3,2,2,0,0,0
309,2026-07-28 22:42:00,4017.8,0,1,1,1,1,0,0,0
309,2026-07-28 22:42:00,4018.1,2,1,3,-1,2,0,0,0
309,2026-07-28 22:42:00,4018.2,0,1,1,1,1,0,0,0
310,2026-07-28 22:43:00,4017.4,1,0,1,-1,1,0,0,0
310,2026-07-28 22:43:00,4017.5,1,0,1,-1,1,0,0,0
310,2026-07-28 22:43:00,4017.7,0,1,1,1,1,0,0,0
311,2026-07-28 22:44:00,4017.3,0,0,1,0,1,0,0,0
311,2026-07-28 22:44:00,4017.4,0,0,1,0,1,0,0,0
311,2026-07-28 22:44:00,4017.5,14,1,35,-13,8,0,0,0
311,2026-07-28 22:44:00,4017.7,0,2,2,2,2,0,0,0
312,2026-07-28 22:45:00,4016.2,0,0,1,0,1,0,0,0
312,2026-07-28 22:45:00,4016.3,0,0,1,0,1,0,0,0
312,2026-07-28 22:45:00,4016.4,2,1,3,-1,3,0,0,0
312,2026-07-28 22:45:00,4016.5,1,0,1,-1,1,0,0,0
312,2026-07-28 22:45:00,4016.6,1,0,1,-1,1,0,0,0
312,2026-07-28 22:45:00,4016.7,1,0,1,-1,1,0,0,0
312,2026-07-28 22:45:00,4016.8,1,0,1,-1,1,0,0,0
312,2026-07-28 22:45:00,4016.9,0,0,1,0,1,0,0,0
312,2026-07-28 22:45:00,4017.0,2,0,2,-2,2,0,0,0
312,2026-07-28 22:45:00,4017.1,1,0,1,-1,1,0,0,0
312,2026-07-28 22:45:00,4017.2,1,0,1,-1,1,0,0,0
312,2026-07-28 22:45:00,4017.3,0,0,1,0,1,0,0,0
313,2026-07-28 22:46:00,4014.3,0,0,2,0,2,0,0,0
313,2026-07-28 22:46:00,4014.6,1,0,1,-1,1,0,0,0
313,2026-07-28 22:46:00,4014.8,1,0,1,-1,1,0,0,0
313,2026-07-28 22:46:00,4014.9,3,1,4,-2,4,0,0,0
313,2026-07-28 22:46:00,4015.0,1,0,1,-1,1,0,0,0
313,2026-07-28 22:46:00,4015.1,1,0,1,-1,1,0,0,0
313,2026-07-28 22:46:00,4015.3,0,2,2,2,2,0,0,0
314,2026-07-28 22:47:00,4014.3,1,0,1,-1,1,0,0,0
314,2026-07-28 22:47:00,4014.4,1,0,1,-1,1,0,0,0
314,2026-07-28 22:47:00,4014.9,0,0,1,0,1,0,0,0
314,2026-07-28 22:47:00,4015.1,0,1,1,1,1,0,0,0
315,2026-07-28 22:48:00,4016.0,0,0,1,0,1,0,0,0
315,2026-07-28 22:48:00,4016.8,1,0,1,-1,1,0,0,0
315,2026-07-28 22:48:00,4017.0,0,3,3,3,1,0,0,0
315,2026-07-28 22:48:00,4017.1,1,0,1,-1,1,0,0,0
316,2026-07-28 22:49:00,4015.9,1,0,1,-1,1,0,0,0
316,2026-07-28 22:49:00,4016.0,4,8,14,4,7,0,0,0
316,2026-07-28 22:49:00,4016.1,2,0,2,-2,1,0,0,0
316,2026-07-28 22:49:00,4016.7,1,0,1,-1,1,0,0,0
316,2026-07-28 22:49:00,4017.0,0,0,1,0,1,0,0,0
317,2026-07-28 22:50:00,4015.8,0,0,1,0,1,0,0,0
318,2026-07-28 22:52:00,4018.1,7,0,7,-7,3,0,0,0
319,2026-07-28 22:53:00,4016.0,1,0,1,-1,1,0,0,0
319,2026-07-28 22:53:00,4016.1,0,0,1,0,1,0,0,0
319,2026-07-28 22:53:00,4017.0,7,0,7,-7,1,0,0,0
319,2026-07-28 22:53:00,4017.1,1,0,1,-1,1,0,0,0
319,2026-07-28 22:53:00,4017.2,0,0,1,0,1,0,0,0
319,2026-07-28 22:53:00,4017.3,0,0,1,0,1,0,0,0
320,2026-07-28 22:54:00,4016.0,2,6,8,4,2,0,0,0
320,2026-07-28 22:54:00,4016.1,2,0,2,-2,1,0,0,0
320,2026-07-28 22:54:00,4016.4,0,0,1,0,1,0,0,0
320,2026-07-28 22:54:00,4016.7,0,1,2,1,2,0,0,0
320,2026-07-28 22:54:00,4017.4,2,0,2,-2,2,0,0,0
321,2026-07-28 22:55:00,4017.0,1,0,1,-1,1,0,0,0
321,2026-07-28 22:55:00,4017.1,0,0,1,0,1,0,0,0
321,2026-07-28 22:55:00,4017.3,0,1,1,1,1,0,0,0
322,2026-07-28 22:56:00,4017.3,1,0,1,-1,1,0,0,0
322,2026-07-28 22:56:00,4017.5,0,1,1,1,1,0,0,0
322,2026-07-28 22:56:00,4017.6,0,10,10,10,1,0,0,0
323,2026-07-28 22:57:00,4018.0,0,0,1,0,1,0,0,0
323,2026-07-28 22:57:00,4018.2,1,0,1,-1,1,0,0,0
323,2026-07-28 22:57:00,4018.3,0,2,2,2,2,0,0,0
323,2026-07-28 22:57:00,4018.5,0,1,1,1,1,0,0,0
323,2026-07-28 22:57:00,4018.7,0,1,2,1,2,0,0,0
324,2026-07-28 22:58:00,4018.0,0,5,9,5,5,0,0,0
324,2026-07-28 22:58:00,4018.1,1,0,1,-1,1,0,0,0
324,2026-07-28 22:58:00,4018.4,0,0,1,0,1,0,0,0
324,2026-07-28 22:58:00,4018.7,0,1,1,1,1,0,0,0
324,2026-07-28 22:58:00,4019.2,0,1,1,1,1,0,0,0
325,2026-07-28 22:59:00,4017.9,0,0,3,0,3,0,0,0
326,2026-07-28 23:00:00,4017.2,1,0,1,-1,1,0,0,0
326,2026-07-28 23:00:00,4017.4,0,0,1,0,1,0,0,0
326,2026-07-28 23:00:00,4017.5,0,2,2,2,1,0,0,0
326,2026-07-28 23:00:00,4017.7,0,1,1,1,1,0,0,0
327,2026-07-28 23:01:00,4017.5,0,1,1,1,1,0,0,0
327,2026-07-28 23:01:00,4017.8,0,2,2,2,2,0,0,0
327,2026-07-28 23:01:00,4017.9,0,1,1,1,1,0,0,0
328,2026-07-28 23:02:00,4016.9,1,0,1,-1,1,0,0,0
328,2026-07-28 23:02:00,4017.0,4,0,4,-4,4,0,0,0
328,2026-07-28 23:02:00,4017.1,0,1,1,1,1,0,0,0
328,2026-07-28 23:02:00,4017.3,0,1,1,1,1,0,0,0
328,2026-07-28 23:02:00,4017.5,1,0,1,-1,1,0,0,0
328,2026-07-28 23:02:00,4017.6,1,0,1,-1,1,0,0,0
328,2026-07-28 23:02:00,4017.7,0,0,2,0,2,0,0,0
328,2026-07-28 23:02:00,4017.8,0,2,2,2,2,0,0,0
328,2026-07-28 23:02:00,4017.9,0,2,2,2,2,0,0,0
329,2026-07-28 23:03:00,4015.5,1,0,1,-1,1,0,0,0
329,2026-07-28 23:03:00,4015.6,1,0,1,-1,1,0,0,0
329,2026-07-28 23:03:00,4015.7,2,0,2,-2,1,0,0,0
329,2026-07-28 23:03:00,4015.8,1,0,1,-1,1,0,0,0
329,2026-07-28 23:03:00,4016.3,0,1,5,1,5,0,0,0
329,2026-07-28 23:03:00,4016.4,0,1,1,1,1,0,0,0
329,2026-07-28 23:03:00,4016.5,0,1,2,1,2,0,0,0
329,2026-07-28 23:03:00,4016.6,1,0,1,-1,1,0,0,0
329,2026-07-28 23:03:00,4016.7,2,1,3,-1,3,0,0,0
329,2026-07-28 23:03:00,4016.8,2,0,2,-2,2,0,0,0
329,2026-07-28 23:03:00,4016.9,3,0,3,-3,2,0,0,0
329,2026-07-28 23:03:00,4017.0,1,0,1,-1,1,0,0,0
329,2026-07-28 23:03:00,4017.1,1,0,1,-1,1,0,0,0
330,2026-07-28 23:04:00,4015.6,0,0,1,0,1,0,0,0
330,2026-07-28 23:04:00,4015.9,2,0,2,-2,1,0,0,0
330,2026-07-28 23:04:00,4016.5,0,1,1,1,1,0,0,0
330,2026-07-28 23:04:00,4016.6,0,3,3,3,3,0,0,0
331,2026-07-28 23:05:00,4016.0,0,2,2,2,2,0,0,0
331,2026-07-28 23:05:00,4016.3,0,1,1,1,1,0,0,0
331,2026-07-28 23:05:00,4016.4,0,1,1,1,1,0,0,0
331,2026-07-28 23:05:00,4016.5,0,2,3,2,3,0,0,0
331,2026-07-28 23:05:00,4016.6,0,3,3,3,3,0,0,0
331,2026-07-28 23:05:00,4016.7,0,1,1,1,1,0,0,0
331,2026-07-28 23:05:00,4016.9,1,2,3,1,3,0,0,0
331,2026-07-28 23:05:00,4017.1,1,1,2,0,2,0,0,0
331,2026-07-28 23:05:00,4017.2,0,1,1,1,1,0,0,0
332,2026-07-28 23:06:00,4016.3,0,1,1,1,1,0,0,0
333,2026-07-28 23:07:00,4016.2,0,3,3,3,3,0,0,0
333,2026-07-28 23:07:00,4016.5,0,3,3,3,3,0,0,0
333,2026-07-28 23:07:00,4017.0,0,1,1,1,1,0,0,0
334,2026-07-28 23:08:00,4018.0,7,1,8,-6,3,0,0,0
334,2026-07-28 23:08:00,4018.1,0,2,2,2,2,0,0,0
334,2026-07-28 23:08:00,4018.2,0,2,2,2,2,0,0,0
334,2026-07-28 23:08:00,4018.4,0,1,1,1,1,0,0,0
335,2026-07-28 23:09:00,4017.7,0,0,1,0,1,0,0,0
335,2026-07-28 23:09:00,4017.9,0,0,1,0,1,0,0,0
335,2026-07-28 23:09:00,4018.0,0,0,1,0,1,0,0,0
335,2026-07-28 23:09:00,4018.1,1,0,1,-1,1,0,0,0
335,2026-07-28 23:09:00,4018.5,0,3,3,3,3,0,0,0
335,2026-07-28 23:09:00,4018.6,0,3,3,3,2,0,0,0
335,2026-07-28 23:09:00,4018.7,2,1,3,-1,2,0,0,0
336,2026-07-28 23:10:00,4017.4,0,1,1,1,1,0,0,0
336,2026-07-28 23:10:00,4017.7,0,1,1,1,1,0,0,0
336,2026-07-28 23:10:00,4017.9,0,2,2,2,2,0,0,0
336,2026-07-28 23:10:00,4018.2,0,1,1,1,1,0,0,0
336,2026-07-28 23:10:00,4018.4,0,1,1,1,1,0,0,0
336,2026-07-28 23:10:00,4018.6,0,1,1,1,1,0,0,0
336,2026-07-28 23:10:00,4018.9,0,0,1,0,1,0,0,0
336,2026-07-28 23:10:00,4019.2,0,1,1,1,1,0,0,0
336,2026-07-28 23:10:00,4019.4,0,2,2,2,2,0,0,0
337,2026-07-28 23:11:00,4018.3,1,0,1,-1,1,0,0,0
337,2026-07-28 23:11:00,4018.4,1,0,1,-1,1,0,0,0
337,2026-07-28 23:11:00,4018.7,1,0,1,-1,1,0,0,0
337,2026-07-28 23:11:00,4018.9,0,1,1,1,1,0,0,0
337,2026-07-28 23:11:00,4019.0,0,1,1,1,1,0,0,0
337,2026-07-28 23:11:00,4019.1,0,3,3,3,2,0,0,0
337,2026-07-28 23:11:00,4019.6,0,1,1,1,1,0,0,0
337,2026-07-28 23:11:00,4019.7,0,2,2,2,2,0,0,0
337,2026-07-28 23:11:00,4020.0,0,1,1,1,1,0,0,0
337,2026-07-28 23:11:00,4020.1,0,1,1,1,1,0,0,0
337,2026-07-28 23:11:00,4020.2,0,1,1,1,1,0,0,0
337,2026-07-28 23:11:00,4020.5,0,1,1,1,1,0,0,0
337,2026-07-28 23:11:00,4020.8,0,1,1,1,1,0,0,0
338,2026-07-28 23:12:00,4020.3,1,0,1,-1,1,0,0,0
338,2026-07-28 23:12:00,4020.4,1,0,1,-1,1,0,0,0
338,2026-07-28 23:12:00,4020.6,0,1,1,1,1,0,0,0
338,2026-07-28 23:12:00,4020.8,2,1,3,-1,3,0,0,0
338,2026-07-28 23:12:00,4020.9,0,1,1,1,1,0,0,0
338,2026-07-28 23:12:00,4021.0,0,1,1,1,1,0,0,0
338,2026-07-28 23:12:00,4021.1,0,2,2,2,2,0,0,0
338,2026-07-28 23:12:00,4021.3,0,2,2,2,2,0,0,0
339,2026-07-28 23:13:00,4020.8,1,0,1,-1,1,0,0,0
339,2026-07-28 23:13:00,4021.2,0,1,1,1,1,0,0,0
339,2026-07-28 23:13:00,4021.3,0,2,2,2,2,0,0,0
339,2026-07-28 23:13:00,4021.4,0,1,1,1,1,0,0,0
339,2026-07-28 23:13:00,4021.7,0,1,1,1,1,0,0,0
339,2026-07-28 23:13:00,4022.1,0,1,1,1,1,0,0,0
339,2026-07-28 23:13:00,4022.3,0,0,1,0,1,0,0,0
339,2026-07-28 23:13:00,4022.4,0,1,1,1,1,0,0,0
340,2026-07-28 23:14:00,4021.6,0,1,2,1,2,0,0,0
340,2026-07-28 23:14:00,4021.7,0,1,1,1,1,0,0,0
340,2026-07-28 23:14:00,4021.9,0,2,3,2,2,0,0,0
340,2026-07-28 23:14:00,4022.1,0,1,1,1,1,0,0,0
340,2026-07-28 23:14:00,4022.4,0,0,1,0,1,0,0,0
341,2026-07-28 23:15:00,4017.8,0,1,1,1,1,0,0,0
341,2026-07-28 23:15:00,4017.9,1,1,2,0,2,0,0,0
341,2026-07-28 23:15:00,4018.0,1,0,2,-1,2,0,0,0
341,2026-07-28 23:15:00,4018.1,2,0,2,-2,2,0,0,0
341,2026-07-28 23:15:00,4018.2,0,1,1,1,1,0,0,0
341,2026-07-28 23:15:00,4018.5,0,0,1,0,1,0,0,0
341,2026-07-28 23:15:00,4018.8,1,0,1,-1,1,0,0,0
341,2026-07-28 23:15:00,4019.0,1,0,1,-1,1,0,0,0
341,2026-07-28 23:15:00,4019.5,1,0,1,-1,1,0,0,0
341,2026-07-28 23:15:00,4019.7,1,0,1,-1,1,0,0,0
341,2026-07-28 23:15:00,4019.8,1,0,1,-1,1,0,0,0
341,2026-07-28 23:15:00,4019.9,1,0,1,-1,1,0,0,0
341,2026-07-28 23:15:00,4020.1,1,1,2,0,2,0,0,0
341,2026-07-28 23:15:00,4020.3,0,0,1,0,1,0,0,0
341,2026-07-28 23:15:00,4021.0,0,0,1,0,1,0,0,0
341,2026-07-28 23:15:00,4021.5,0,1,1,1,1,0,0,0
342,2026-07-28 23:16:00,4017.2,1,0,1,-1,1,0,0,0
342,2026-07-28 23:16:00,4017.3,1,0,1,-1,1,0,0,0
342,2026-07-28 23:16:00,4017.4,0,0,1,0,1,0,0,0
342,2026-07-28 23:16:00,4017.6,0,2,2,2,1,0,0,0
342,2026-07-28 23:16:00,4017.7,0,1,3,1,3,0,0,0
342,2026-07-28 23:16:00,4017.8,0,6,6,6,3,0,0,0
343,2026-07-28 23:17:00,4016.8,3,0,3,-3,3,0,0,0
343,2026-07-28 23:17:00,4017.0,1,0,1,-1,1,0,0,0
343,2026-07-28 23:17:00,4017.2,0,1,1,1,1,0,0,0
343,2026-07-28 23:17:00,4017.3,0,0,1,0,1,0,0,0
343,2026-07-28 23:17:00,4017.9,0,1,1,1,1,0,0,0
343,2026-07-28 23:17:00,4018.0,0,3,3,3,2,0,0,0
343,2026-07-28 23:17:00,4018.1,0,2,2,2,2,0,0,0
343,2026-07-28 23:17:00,4018.2,0,0,1,0,1,0,0,0
343,2026-07-28 23:17:00,4018.3,0,1,1,1,1,0,0,0
344,2026-07-28 23:18:00,4016.3,0,4,4,4,4,0,0,0
344,2026-07-28 23:18:00,4017.0,0,0,1,0,1,0,0,0
344,2026-07-28 23:18:00,4017.1,0,0,1,0,1,0,0,0
344,2026-07-28 23:18:00,4017.5,0,0,2,0,1,0,0,0
344,2026-07-28 23:18:00,4017.6,1,0,1,-1,1,0,0,0
345,2026-07-28 23:19:00,4015.0,2,0,4,-2,3,0,0,0
345,2026-07-28 23:19:00,4015.1,0,0,3,0,3,0,0,0
346,2026-07-28 23:20:00,4015.9,0,1,1,1,1,0,0,0
346,2026-07-28 23:20:00,4016.4,0,2,2,2,1,0,0,0
346,2026-07-28 23:20:00,4016.5,0,1,1,1,1,0,0,0
346,2026-07-28 23:20:00,4016.6,0,1,1,1,1,0,0,0
346,2026-07-28 23:20:00,4016.7,0,1,1,1,1,0,0,0
346,2026-07-28 23:20:00,4016.8,0,1,1,1,1,0,0,0
347,2026-07-28 23:21:00,4016.3,0,0,1,0,1,0,0,0
347,2026-07-28 23:21:00,4017.0,0,1,1,1,1,0,0,0
347,2026-07-28 23:21:00,4017.1,0,1,1,1,1,0,0,0
348,2026-07-28 23:22:00,4017.7,0,1,1,1,1,0,0,0
348,2026-07-28 23:22:00,4017.9,0,0,1,0,1,0,0,0
349,2026-07-28 23:23:00,4018.0,2,2,4,0,2,0,0,0
350,2026-07-28 23:24:00,4017.1,1,0,1,-1,1,0,0,0
350,2026-07-28 23:24:00,4017.6,0,0,1,0,1,0,0,0
350,2026-07-28 23:24:00,4017.7,1,0,1,-1,1,0,0,0
350,2026-07-28 23:24:00,4017.8,0,0,1,0,1,0,0,0
350,2026-07-28 23:24:00,4018.5,0,1,2,1,2,0,0,0
350,2026-07-28 23:24:00,4018.8,0,2,2,2,2,0,0,0
351,2026-07-28 23:25:00,4015.0,4,0,8,-4,4,0,0,0
351,2026-07-28 23:25:00,4015.1,1,0,1,-1,1,0,0,0
351,2026-07-28 23:25:00,4015.7,0,1,1,1,1,0,0,0
351,2026-07-28 23:25:00,4015.8,0,1,1,1,1,0,0,0
351,2026-07-28 23:25:00,4015.9,0,1,2,1,2,0,0,0
351,2026-07-28 23:25:00,4016.0,0,0,2,0,2,0,0,0
351,2026-07-28 23:25:00,4016.1,0,0,1,0,1,0,0,0
351,2026-07-28 23:25:00,4016.3,0,1,2,1,2,0,0,0
351,2026-07-28 23:25:00,4016.8,0,0,2,0,2,0,0,0
351,2026-07-28 23:25:00,4017.1,0,0,1,0,1,0,0,0
351,2026-07-28 23:25:00,4017.4,0,0,2,0,2,0,0,0
351,2026-07-28 23:25:00,4017.5,0,1,1,1,1,0,0,0
351,2026-07-28 23:25:00,4017.7,0,0,1,0,1,0,0,0
351,2026-07-28 23:25:00,4018.3,0,0,1,0,1,0,0,0
352,2026-07-28 23:26:00,4016.9,1,0,1,-1,1,0,0,0
352,2026-07-28 23:26:00,4017.1,1,0,1,-1,1,0,0,0
352,2026-07-28 23:26:00,4017.8,0,1,1,1,1,0,0,0
353,2026-07-28 23:27:00,4017.5,0,0,1,0,1,0,0,0
353,2026-07-28 23:27:00,4017.6,0,0,1,0,1,0,0,0
353,2026-07-28 23:27:00,4017.8,0,0,1,0,1,0,0,0
353,2026-07-28 23:27:00,4018.5,0,1,1,1,1,0,0,0
354,2026-07-28 23:28:00,4017.1,0,1,1,1,1,0,0,0
354,2026-07-28 23:28:00,4017.9,0,1,1,1,1,0,0,0
355,2026-07-28 23:29:00,4017.4,0,0,1,0,1,0,0,0
355,2026-07-28 23:29:00,4018.2,0,1,1,1,1,0,0,0
355,2026-07-28 23:29:00,4018.5,0,1,1,1,1,0,0,0
355,2026-07-28 23:29:00,4018.6,0,1,1,1,1,0,0,0
355,2026-07-28 23:29:00,4018.8,0,1,1,1,1,0,0,0
356,2026-07-28 23:30:00,4017.8,0,0,1,0,1,0,0,0
356,2026-07-28 23:30:00,4018.7,0,1,1,1,1,0,0,0
357,2026-07-28 23:31:00,4017.6,1,0,1,-1,1,0,0,0
357,2026-07-28 23:31:00,4018.2,0,0,1,0,1,0,0,0
357,2026-07-28 23:31:00,4018.4,0,0,1,0,1,0,0,0
358,2026-07-28 23:32:00,4017.8,1,0,1,-1,1,0,0,0
358,2026-07-28 23:32:00,4017.9,0,0,1,0,1,0,0,0
358,2026-07-28 23:32:00,4018.1,0,0,1,0,1,0,0,0
358,2026-07-28 23:32:00,4018.2,0,1,1,1,1,0,0,0
358,2026-07-28 23:32:00,4018.3,0,1,1,1,1,0,0,0
359,2026-07-28 23:33:00,4017.4,1,0,1,-1,1,0,0,0
359,2026-07-28 23:33:00,4017.5,0,0,2,0,2,0,0,0
360,2026-07-28 23:34:00,4017.1,0,2,2,2,2,0,0,0
360,2026-07-28 23:34:00,4017.3,0,0,1,0,1,0,0,0
360,2026-07-28 23:34:00,4017.5,0,0,1,0,1,0,0,0
360,2026-07-28 23:34:00,4018.0,0,1,1,1,1,0,0,0
361,2026-07-28 23:35:00,4018.6,0,1,1,1,1,0,0,0
362,2026-07-28 23:37:00,4019.0,1,0,1,-1,1,0,0,0
362,2026-07-28 23:37:00,4019.1,0,1,1,1,1,0,0,0
363,2026-07-28 23:38:00,4019.1,0,0,1,0,1,0,0,0
363,2026-07-28 23:38:00,4019.3,0,1,1,1,1,0,0,0
363,2026-07-28 23:38:00,4019.4,0,1,1,1,1,0,0,0
363,2026-07-28 23:38:00,4019.6,0,1,1,1,1,0,0,0
363,2026-07-28 23:38:00,4019.7,0,1,1,1,1,0,0,0
364,2026-07-28 23:39:00,4018.8,0,0,1,0,1,0,0,0
364,2026-07-28 23:39:00,4018.9,0,0,1,0,1,0,0,0
364,2026-07-28 23:39:00,4019.0,2,0,2,-2,2,0,0,0
364,2026-07-28 23:39:00,4019.1,0,0,1,0,1,0,0,0
364,2026-07-28 23:39:00,4019.3,0,0,1,0,1,0,0,0
364,2026-07-28 23:39:00,4019.4,0,0,1,0,1,0,0,0
365,2026-07-28 23:40:00,4019.0,0,1,1,1,1,0,0,0
366,2026-07-28 23:41:00,4017.9,1,0,1,-1,1,0,0,0
366,2026-07-28 23:41:00,4018.0,1,0,1,-1,1,0,0,0
366,2026-07-28 23:41:00,4018.2,0,0,1,0,1,0,0,0
366,2026-07-28 23:41:00,4018.4,1,0,1,-1,1,0,0,0
366,2026-07-28 23:41:00,4018.9,0,0,1,0,1,0,0,0
367,2026-07-28 23:42:00,4017.6,0,0,1,0,1,0,0,0
367,2026-07-28 23:42:00,4017.7,0,0,1,0,1,0,0,0
367,2026-07-28 23:42:00,4018.0,0,1,1,1,1,0,0,0
368,2026-07-28 23:43:00,4019.0,0,7,7,7,3,0,0,0
369,2026-07-28 23:44:00,4019.4,0,4,4,4,2,0,0,0
369,2026-07-28 23:44:00,4020.0,0,0,1,0,1,0,0,0
369,2026-07-28 23:44:00,4020.2,0,2,2,2,2,0,0,0
369,2026-07-28 23:44:00,4020.5,0,1,1,1,1,0,0,0
369,2026-07-28 23:44:00,4020.6,0,1,1,1,1,0,0,0
369,2026-07-28 23:44:00,4021.5,1,1,2,0,2,0,0,0
369,2026-07-28 23:44:00,4021.9,1,2,3,1,3,0,0,0
369,2026-07-28 23:44:00,4022.0,0,4,4,4,4,0,0,0
369,2026-07-28 23:44:00,4022.3,0,0,1,0,1,0,0,0
369,2026-07-28 23:44:00,4022.4,0,1,1,1,1,0,0,0
369,2026-07-28 23:44:00,4022.6,1,0,1,-1,1,0,0,0
370,2026-07-28 23:45:00,4019.6,0,0,1,0,1,0,0,0
370,2026-07-28 23:45:00,4019.9,0,1,1,1,1,0,0,0
370,2026-07-28 23:45:00,4020.0,0,1,1,1,1,0,0,0
370,2026-07-28 23:45:00,4020.7,0,1,2,1,2,0,0,0
370,2026-07-28 23:45:00,4020.8,0,0,2,0,2,0,0,0
370,2026-07-28 23:45:00,4020.9,0,0,1,0,1,0,0,0
370,2026-07-28 23:45:00,4021.1,0,0,1,0,1,0,0,0
370,2026-07-28 23:45:00,4021.8,0,0,1,0,1,0,0,0
371,2026-07-28 23:46:00,4019.8,2,0,2,-2,1,0,0,0
371,2026-07-28 23:46:00,4020.0,2,0,2,-2,1,0,0,0
371,2026-07-28 23:46:00,4020.1,1,0,1,-1,1,0,0,0
371,2026-07-28 23:46:00,4020.7,0,0,1,0,1,0,0,0
371,2026-07-28 23:46:00,4020.8,0,0,1,0,1,0,0,0
372,2026-07-28 23:47:00,4019.6,2,10,14,8,5,0,0,0
372,2026-07-28 23:47:00,4020.6,4,4,8,0,4,0,0,0
372,2026-07-28 23:47:00,4020.7,1,0,1,-1,1,0,0,0
372,2026-07-28 23:47:00,4020.8,2,0,2,-2,2,0,0,0
373,2026-07-28 23:48:00,4019.1,1,0,1,-1,1,0,0,0
373,2026-07-28 23:48:00,4019.2,0,0,1,0,1,0,0,0
373,2026-07-28 23:48:00,4019.3,0,0,1,0,1,0,0,0
373,2026-07-28 23:48:00,4019.4,2,0,2,-2,2,0,0,0
373,2026-07-28 23:48:00,4019.6,0,2,2,2,2,0,0,0
374,2026-07-28 23:49:00,4019.4,1,0,1,-1,1,0,0,0
374,2026-07-28 23:49:00,4019.9,0,1,1,1,1,0,0,0
374,2026-07-28 23:49:00,4021.6,0,1,1,1,1,0,0,0
374,2026-07-28 23:49:00,4021.7,1,5,6,4,4,0,0,0
374,2026-07-28 23:49:00,4021.8,0,1,1,1,1,0,0,0
375,2026-07-28 23:50:00,4021.5,0,0,1,0,1,0,0,0
375,2026-07-28 23:50:00,4021.7,0,0,1,0,1,0,0,0
375,2026-07-28 23:50:00,4021.8,0,0,1,0,1,0,0,0
375,2026-07-28 23:50:00,4022.0,0,1,1,1,1,0,0,0
375,2026-07-28 23:50:00,4022.1,1,0,1,-1,1,0,0,0
375,2026-07-28 23:50:00,4022.6,1,0,1,-1,1,0,0,0
376,2026-07-28 23:51:00,4021.1,1,0,2,-1,2,0,0,0
376,2026-07-28 23:51:00,4021.2,0,0,1,0,1,0,0,0
376,2026-07-28 23:51:00,4021.3,1,0,3,-1,3,0,0,0
376,2026-07-28 23:51:00,4021.6,1,0,1,-1,1,0,0,0
377,2026-07-28 23:52:00,4021.9,0,0,3,0,3,0,0,0
377,2026-07-28 23:52:00,4022.0,0,0,2,0,2,0,0,0
377,2026-07-28 23:52:00,4022.2,0,0,1,0,1,0,0,0
377,2026-07-28 23:52:00,4022.4,0,0,1,0,1,0,0,0
377,2026-07-28 23:52:00,4022.5,0,0,1,0,1,0,0,0
377,2026-07-28 23:52:00,4022.9,3,0,4,-3,4,0,0,0
377,2026-07-28 23:52:00,4023.1,0,0,1,0,1,0,0,0
377,2026-07-28 23:52:00,4023.3,7,3,10,-4,3,0,0,0
377,2026-07-28 23:52:00,4023.4,0,0,1,0,1,0,0,0
378,2026-07-28 23:53:00,4023.1,1,0,2,-1,2,0,0,0
378,2026-07-28 23:53:00,4023.3,0,1,1,1,1,0,0,0
379,2026-07-28 23:54:00,4022.9,1,0,3,-1,3,0,0,0
379,2026-07-28 23:54:00,4023.0,6,0,6,-6,4,0,0,0
380,2026-07-28 23:55:00,4022.5,1,0,1,-1,1,0,0,0
380,2026-07-28 23:55:00,4023.4,0,0,1,0,1,0,0,0
381,2026-07-28 23:56:00,4023.3,1,0,1,-1,1,0,0,0
381,2026-07-28 23:56:00,4023.8,1,0,1,-1,1,0,0,0
381,2026-07-28 23:56:00,4023.9,1,0,1,-1,1,0,0,0
381,2026-07-28 23:56:00,4024.1,0,0,1,0,1,0,0,0
381,2026-07-28 23:56:00,4024.4,0,1,1,1,1,0,0,0
382,2026-07-28 23:57:00,4024.1,0,0,1,0,1,0,0,0
382,2026-07-28 23:57:00,4024.2,0,1,1,1,1,0,0,0
382,2026-07-28 23:57:00,4024.4,0,1,1,1,1,0,0,0
382,2026-07-28 23:57:00,4024.5,0,0,1,0,1,0,0,0
382,2026-07-28 23:57:00,4024.9,0,2,2,2,2,0,0,0
383,2026-07-28 23:58:00,4024.5,0,0,1,0,1,0,0,0
383,2026-07-28 23:58:00,4024.7,0,1,2,1,2,0,0,0
383,2026-07-28 23:58:00,4024.8,1,0,1,-1,1,0,0,0
383,2026-07-28 23:58:00,4024.9,1,0,1,-1,1,0,0,0
383,2026-07-28 23:58:00,4025.0,5,13,18,8,6,0,0,0
383,2026-07-28 23:58:00,4025.1,3,0,3,-3,2,0,0,0
383,2026-07-28 23:58:00,4025.2,0,0,1,0,1,0,0,0
383,2026-07-28 23:58:00,4025.4,0,2,2,2,2,0,0,0
383,2026-07-28 23:58:00,4025.5,0,1,1,1,1,0,0,0
383,2026-07-28 23:58:00,4025.7,0,1,1,1,1,0,0,0
383,2026-07-28 23:58:00,4025.8,0,3,3,3,2,0,0,0
383,2026-07-28 23:58:00,4025.9,0,2,4,2,4,0,0,0
383,2026-07-28 23:58:00,4026.0,0,1,1,1,1,0,0,0
384,2026-07-28 23:59:00,4024.3,0,0,1,0,1,0,0,0
384,2026-07-28 23:59:00,4024.4,0,0,1,0,1,0,0,0
384,2026-07-28 23:59:00,4024.7,0,1,1,1,1,0,0,0
384,2026-07-28 23:59:00,4024.8,0,0,1,0,1,0,0,0
384,2026-07-28 23:59:00,4024.9,0,0,1,0,1,0,0,0
384,2026-07-28 23:59:00,4025.0,0,1,3,1,2,0,0,0
385,2026-07-29 00:00:00,4017.8,1,0,1,-1,1,0,0,0
385,2026-07-29 00:00:00,4018.0,0,0,3,0,3,0,0,0
385,2026-07-29 00:00:00,4018.4,1,1,2,0,2,0,0,0
385,2026-07-29 00:00:00,4018.5,2,1,3,-1,3,0,0,0
385,2026-07-29 00:00:00,4018.6,9,2,13,-7,8,0,0,0
385,2026-07-29 00:00:00,4018.7,3,2,5,-1,2,0,0,0
385,2026-07-29 00:00:00,4018.8,1,0,1,-1,1,0,0,0
385,2026-07-29 00:00:00,4018.9,1,3,5,2,4,0,0,0
385,2026-07-29 00:00:00,4019.0,12,7,19,-5,14,0,0,0
385,2026-07-29 00:00:00,4019.3,1,0,1,-1,1,0,0,0
385,2026-07-29 00:00:00,4019.4,0,0,1,0,1,0,0,0
385,2026-07-29 00:00:00,4019.7,0,1,1,1,1,0,0,0
385,2026-07-29 00:00:00,4019.8,0,1,2,1,2,0,0,0
385,2026-07-29 00:00:00,4020.4,0,0,1,0,1,0,0,0
385,2026-07-29 00:00:00,4020.8,0,0,2,0,2,0,0,0
385,2026-07-29 00:00:00,4020.9,0,0,1,0,1,0,0,0
385,2026-07-29 00:00:00,4021.0,1,0,1,-1,1,0,0,0
385,2026-07-29 00:00:00,4021.3,1,0,1,-1,1,0,0,0
385,2026-07-29 00:00:00,4021.4,0,2,3,2,3,0,0,0
385,2026-07-29 00:00:00,4021.5,0,3,3,3,2,0,0,0
385,2026-07-29 00:00:00,4021.6,0,0,1,0,1,0,0,0
385,2026-07-29 00:00:00,4021.8,0,0,1,0,1,0,0,0
385,2026-07-29 00:00:00,4022.0,0,0,1,0,1,0,0,0
385,2026-07-29 00:00:00,4022.3,0,0,1,0,1,0,0,0
385,2026-07-29 00:00:00,4022.8,0,1,1,1,1,0,0,0
385,2026-07-29 00:00:00,4023.0,0,2,2,2,2,0,0,0
385,2026-07-29 00:00:00,4023.1,0,0,1,0,1,0,0,0
385,2026-07-29 00:00:00,4023.5,0,0,1,0,1,0,0,0
385,2026-07-29 00:00:00,4024.0,0,0,1,0,1,0,0,0
385,2026-07-29 00:00:00,4024.1,0,0,5,0,2,0,0,0
385,2026-07-29 00:00:00,4024.8,0,1,1,1,1,0,0,0
385,2026-07-29 00:00:00,4025.0,0,1,1,1,1,0,0,0
385,2026-07-29 00:00:00,4025.5,0,1,1,1,1,0,0,0
386,2026-07-29 00:01:00,4017.1,1,0,1,-1,1,0,0,0
386,2026-07-29 00:01:00,4017.2,1,0,1,-1,1,0,0,0
386,2026-07-29 00:01:00,4017.8,1,0,2,-1,2,0,0,0
386,2026-07-29 00:01:00,4018.1,0,1,2,1,2,0,0,0
386,2026-07-29 00:01:00,4018.4,0,1,3,1,3,0,0,0
386,2026-07-29 00:01:00,4018.5,2,0,2,-2,1,0,0,0
386,2026-07-29 00:01:00,4018.6,1,0,2,-1,2,0,0,0
386,2026-07-29 00:01:00,4018.9,1,1,2,0,2,0,0,0
386,2026-07-29 00:01:00,4019.0,0,7,40,7,4,0,0,0
386,2026-07-29 00:01:00,4019.8,2,0,2,-2,2,0,0,0
386,2026-07-29 00:01:00,4019.9,1,0,1,-1,1,0,0,0
386,2026-07-29 00:01:00,4020.2,0,1,1,1,1,0,0,0
387,2026-07-29 00:02:00,4019.1,1,0,2,-1,2,0,0,0
387,2026-07-29 00:02:00,4019.2,1,0,1,-1,1,0,0,0
387,2026-07-29 00:02:00,4019.5,1,0,1,-1,1,0,0,0
387,2026-07-29 00:02:00,4019.7,0,0,1,0,1,0,0,0
387,2026-07-29 00:02:00,4019.8,1,0,1,-1,1,0,0,0
387,2026-07-29 00:02:00,4019.9,1,0,3,-1,3,0,0,0
387,2026-07-29 00:02:00,4020.0,1,0,2,-1,2,0,0,0
387,2026-07-29 00:02:00,4020.3,1,0,1,-1,1,0,0,0
387,2026-07-29 00:02:00,4020.8,8,0,10,-8,3,0,0,0
387,2026-07-29 00:02:00,4021.1,0,1,1,1,1,0,0,0
388,2026-07-29 00:03:00,4020.0,3,0,3,-3,3,0,0,0
388,2026-07-29 00:03:00,4020.1,1,0,1,-1,1,0,0,0
388,2026-07-29 00:03:00,4020.2,1,0,1,-1,1,0,0,0
388,2026-07-29 00:03:00,4020.3,1,0,1,-1,1,0,0,0
388,2026-07-29 00:03:00,4020.5,0,1,1,1,1,0,0,0
388,2026-07-29 00:03:00,4020.6,1,0,1,-1,1,0,0,0
389,2026-07-29 00:04:00,4022.0,0,1,1,1,1,0,0,0
389,2026-07-29 00:04:00,4022.1,0,0,1,0,1,0,0,0
390,2026-07-29 00:05:00,4020.8,0,0,2,0,2,0,0,0
390,2026-07-29 00:05:00,4020.9,0,0,1,0,1,0,0,0
390,2026-07-29 00:05:00,4021.3,0,0,2,0,2,0,0,0
390,2026-07-29 00:05:00,4021.4,0,0,1,0,1,0,0,0
391,2026-07-29 00:06:00,4021.2,0,0,1,0,1,0,0,0
391,2026-07-29 00:06:00,4021.3,0,0,1,0,1,0,0,0
391,2026-07-29 00:06:00,4021.4,1,0,2,-1,2,0,0,0
391,2026-07-29 00:06:00,4021.5,0,0,1,0,1,0,0,0
391,2026-07-29 00:06:00,4021.8,0,0,1,0,1,0,0,0
391,2026-07-29 00:06:00,4022.3,0,0,1,0,1,0,0,0
391,2026-07-29 00:06:00,4022.5,0,0,1,0,1,0,0,0
391,2026-07-29 00:06:00,4022.6,2,0,2,-2,2,0,0,0
391,2026-07-29 00:06:00,4022.7,0,0,1,0,1,0,0,0
391,2026-07-29 00:06:00,4023.1,2,0,2,-2,2,0,0,0
391,2026-07-29 00:06:00,4023.2,1,0,1,-1,1,0,0,0
391,2026-07-29 00:06:00,4023.3,1,0,1,-1,1,0,0,0
392,2026-07-29 00:07:00,4022.0,1,0,1,-1,1,0,0,0
392,2026-07-29 00:07:00,4023.1,2,0,3,-2,2,0,0,0
392,2026-07-29 00:07:00,4023.2,1,0,1,-1,1,0,0,0
392,2026-07-29 00:07:00,4023.3,2,0,2,-2,2,0,0,0
392,2026-07-29 00:07:00,4023.4,1,0,1,-1,1,0,0,0
392,2026-07-29 00:07:00,4023.5,0,0,1,0,1,0,0,0
392,2026-07-29 00:07:00,4023.8,0,2,2,2,1,0,0,0
392,2026-07-29 00:07:00,4024.0,0,1,1,1,1,0,0,0
393,2026-07-29 00:08:00,4019.8,0,1,2,1,2,0,0,0
393,2026-07-29 00:08:00,4020.0,0,0,1,0,1,0,0,0
393,2026-07-29 00:08:00,4020.5,0,0,1,0,1,0,0,0
393,2026-07-29 00:08:00,4020.9,1,0,1,-1,1,0,0,0
393,2026-07-29 00:08:00,4022.4,0,0,1,0,1,0,0,0
393,2026-07-29 00:08:00,4023.0,0,0,1,0,1,0,0,0
393,2026-07-29 00:08:00,4023.5,0,0,1,0,1,0,0,0
394,2026-07-29 00:09:00,4018.0,0,0,1,0,1,0,0,0
394,2026-07-29 00:09:00,4018.1,1,0,1,-1,1,0,0,0
394,2026-07-29 00:09:00,4018.7,0,1,1,1,1,0,0,0
394,2026-07-29 00:09:00,4019.4,0,0,1,0,1,0,0,0
395,2026-07-29 00:10:00,4018.3,0,0,1,0,1,0,0,0
395,2026-07-29 00:10:00,4019.4,0,0,1,0,1,0,0,0
395,2026-07-29 00:10:00,4019.5,0,3,4,3,3,0,0,0
395,2026-07-29 00:10:00,4019.6,0,1,1,1,1,0,0,0
395,2026-07-29 00:10:00,4019.8,0,1,1,1,1,0,0,0
395,2026-07-29 00:10:00,4019.9,0,1,1,1,1,0,0,0
396,2026-07-29 00:11:00,4019.4,0,0,1,0,1,0,0,0
396,2026-07-29 00:11:00,4019.5,0,0,1,0,1,0,0,0
396,2026-07-29 00:11:00,4019.7,0,0,1,0,1,0,0,0
397,2026-07-29 00:12:00,4020.0,0,0,1,0,1,0,0,0
397,2026-07-29 00:12:00,4020.6,0,0,1,0,1,0,0,0
398,2026-07-29 00:14:00,4019.8,0,0,1,0,1,0,0,0
398,2026-07-29 00:14:00,4019.9,2,0,2,-2,1,0,0,0
398,2026-07-29 00:14:00,4020.0,1,0,1,-1,1,0,0,0
398,2026-07-29 00:14:00,4020.1,1,0,1,-1,1,0,0,0
398,2026-07-29 00:14:00,4020.2,0,0,1,0,1,0,0,0
398,2026-07-29 00:14:00,4020.3,1,0,1,-1,1,0,0,0
398,2026-07-29 00:14:00,4020.4,0,0,1,0,1,0,0,0
398,2026-07-29 00:14:00,4020.5,1,0,1,-1,1,0,0,0
398,2026-07-29 00:14:00,4021.0,1,0,1,-1,1,0,0,0
398,2026-07-29 00:14:00,4021.6,0,0,1,0,1,0,0,0
398,2026-07-29 00:14:00,4021.9,0,1,1,1,1,0,0,0
398,2026-07-29 00:14:00,4022.0,0,1,1,1,1,0,0,0
399,2026-07-29 00:15:00,4021.7,0,1,1,1,1,0,0,0
399,2026-07-29 00:15:00,4022.3,1,0,1,-1,1,0,0,0
399,2026-07-29 00:15:00,4022.5,1,0,1,-1,1,0,0,0
399,2026-07-29 00:15:00,4022.7,2,0,2,-2,2,0,0,0
399,2026-07-29 00:15:00,4023.0,0,4,4,4,2,0,0,0
399,2026-07-29 00:15:00,4023.4,0,3,3,3,2,0,0,0
400,2026-07-29 00:16:00,4022.4,1,0,1,-1,1,0,0,0
400,2026-07-29 00:16:00,4022.5,0,0,1,0,1,0,0,0
400,2026-07-29 00:16:00,4023.8,0,0,2,0,2,0,0,0
401,2026-07-29 00:17:00,4024.2,0,0,2,0,2,0,0,0
401,2026-07-29 00:17:00,4024.6,1,0,1,-1,1,0,0,0
401,2026-07-29 00:17:00,4024.7,1,0,1,-1,1,0,0,0
401,2026-07-29 00:17:00,4024.8,0,0,1,0,1,0,0,0
402,2026-07-29 00:18:00,4024.5,1,0,1,-1,1,0,0,0
402,2026-07-29 00:18:00,4024.7,0,1,1,1,1,0,0,0
402,2026-07-29 00:18:00,4025.1,0,3,3,3,3,0,0,0
403,2026-07-29 00:19:00,4025.8,0,0,1,0,1,0,0,0
403,2026-07-29 00:19:00,4026.0,0,1,1,1,1,0,0,0
403,2026-07-29 00:19:00,4026.2,0,1,1,1,1,0,0,0
404,2026-07-29 00:20:00,4024.1,0,2,2,2,1,0,0,0
404,2026-07-29 00:20:00,4024.2,0,1,2,1,2,0,0,0
404,2026-07-29 00:20:00,4024.3,2,0,2,-2,2,0,0,0
404,2026-07-29 00:20:00,4024.4,2,0,3,-2,2,0,0,0
404,2026-07-29 00:20:00,4024.5,2,0,2,-2,2,0,0,0
404,2026-07-29 00:20:00,4024.6,2,0,2,-2,2,0,0,0
404,2026-07-29 00:20:00,4024.7,1,2,4,1,4,0,0,0
404,2026-07-29 00:20:00,4024.8,3,0,4,-3,2,0,0,0
404,2026-07-29 00:20:00,4024.9,1,0,1,-1,1,0,0,0
404,2026-07-29 00:20:00,4025.0,25,0,25,-25,2,0,0,0
404,2026-07-29 00:20:00,4025.1,0,1,1,1,1,0,0,0
405,2026-07-29 00:21:00,4025.1,0,1,1,1,1,0,0,0
405,2026-07-29 00:21:00,4025.2,0,1,1,1,1,0,0,0
405,2026-07-29 00:21:00,4025.3,0,2,2,2,2,0,0,0
405,2026-07-29 00:21:00,4026.5,0,0,1,0,1,0,0,0
405,2026-07-29 00:21:00,4026.7,0,1,4,1,3,0,0,0
405,2026-07-29 00:21:00,4027.0,0,0,5,0,4,0,0,0
405,2026-07-29 00:21:00,4027.8,1,0,1,-1,1,0,0,0
405,2026-07-29 00:21:00,4027.9,0,3,3,3,1,0,0,0
405,2026-07-29 00:21:00,4028.0,0,3,3,3,3,0,0,0
405,2026-07-29 00:21:00,4028.3,0,0,3,0,2,0,0,0
405,2026-07-29 00:21:00,4028.5,0,0,1,0,1,0,0,0
405,2026-07-29 00:21:00,4028.9,0,1,1,1,1,0,0,0
405,2026-07-29 00:21:00,4029.2,0,0,1,0,1,0,0,0
405,2026-07-29 00:21:00,4029.3,0,0,1,0,1,0,0,0
405,2026-07-29 00:21:00,4029.6,0,4,23,4,6,0,0,0
405,2026-07-29 00:21:00,4029.7,0,3,3,3,1,0,0,0
405,2026-07-29 00:21:00,4030.0,0,2,3,2,3,0,0,0
405,2026-07-29 00:21:00,4030.1,0,2,2,2,2,0,0,0
405,2026-07-29 00:21:00,4030.3,0,1,1,1,1,0,0,0
405,2026-07-29 00:21:00,4030.4,0,2,2,2,1,0,0,0
405,2026-07-29 00:21:00,4030.7,0,5,5,5,2,0,0,0
406,2026-07-29 00:22:00,4024.5,1,0,1,-1,1,0,0,0
406,2026-07-29 00:22:00,4025.7,0,6,6,6,6,0,0,0
406,2026-07-29 00:22:00,4027.8,0,2,2,2,2,0,0,0
406,2026-07-29 00:22:00,4027.9,1,0,1,-1,1,0,0,0
406,2026-07-29 00:22:00,4028.0,13,0,25,-13,10,0,0,0
406,2026-07-29 00:22:00,4028.1,1,0,1,-1,1,0,0,0
406,2026-07-29 00:22:00,4028.3,0,1,1,1,1,0,0,0
406,2026-07-29 00:22:00,4028.6,1,0,1,-1,1,0,0,0
407,2026-07-29 00:23:00,4024.3,2,0,2,-2,1,0,0,0
407,2026-07-29 00:23:00,4024.5,1,0,1,-1,1,0,0,0
407,2026-07-29 00:23:00,4024.6,1,0,1,-1,1,0,0,0
407,2026-07-29 00:23:00,4024.7,1,0,1,-1,1,0,0,0
407,2026-07-29 00:23:00,4025.1,0,1,2,1,2,0,0,0
408,2026-07-29 00:24:00,4023.9,0,2,2,2,1,0,0,0
408,2026-07-29 00:24:00,4024.1,1,0,1,-1,1,0,0,0
408,2026-07-29 00:24:00,4024.2,0,2,2,2,2,0,0,0
408,2026-07-29 00:24:00,4024.3,0,0,5,0,1,0,0,0
408,2026-07-29 00:24:00,4024.4,0,1,1,1,1,0,0,0
409,2026-07-29 00:25:00,4024.2,1,0,1,-1,1,0,0,0
409,2026-07-29 00:25:00,4025.4,0,1,2,1,2,0,0,0
409,2026-07-29 00:25:00,4026.5,0,1,1,1,1,0,0,0
410,2026-07-29 00:26:00,4023.9,1,0,1,-1,1,0,0,0
410,2026-07-29 00:26:00,4025.3,0,0,4,0,3,0,0,0
410,2026-07-29 00:26:00,4026.0,1,0,1,-1,1,0,0,0
410,2026-07-29 00:26:00,4026.1,0,0,1,0,1,0,0,0
410,2026-07-29 00:26:00,4026.4,0,2,2,2,2,0,0,0
410,2026-07-29 00:26:00,4026.5,0,2,2,2,1,0,0,0
411,2026-07-29 00:27:00,4023.2,1,0,1,-1,1,0,0,0
411,2026-07-29 00:27:00,4023.4,1,0,1,-1,1,0,0,0
411,2026-07-29 00:27:00,4023.5,2,0,2,-2,1,0,0,0
411,2026-07-29 00:27:00,4023.8,0,1,2,1,2,0,0,0
412,2026-07-29 00:28:00,4021.5,1,0,1,-1,1,0,0,0
412,2026-07-29 00:28:00,4021.6,1,0,1,-1,1,0,0,0
412,2026-07-29 00:28:00,4022.1,2,0,2,-2,1,0,0,0
412,2026-07-29 00:28:00,4022.2,1,0,1,-1,1,0,0,0
412,2026-07-29 00:28:00,4022.4,1,0,1,-1,1,0,0,0
412,2026-07-29 00:28:00,4022.5,0,0,1,0,1,0,0,0
412,2026-07-29 00:28:00,4022.7,0,1,1,1,1,0,0,0
412,2026-07-29 00:28:00,4022.8,0,1,1,1,1,0,0,0
412,2026-07-29 00:28:00,4023.0,1,0,1,-1,1,0,0,0
412,2026-07-29 00:28:00,4023.6,0,1,1,1,1,0,0,0
413,2026-07-29 00:29:00,4021.8,7,0,7,-7,5,0,0,0
413,2026-07-29 00:29:00,4021.9,1,0,1,-1,1,0,0,0
413,2026-07-29 00:29:00,4022.4,0,2,2,2,1,0,0,0
413,2026-07-29 00:29:00,4022.5,0,1,1,1,1,0,0,0
414,2026-07-29 00:30:00,4021.6,0,0,1,0,1,0,0,0
414,2026-07-29 00:30:00,4021.9,1,0,1,-1,1,0,0,0
414,2026-07-29 00:30:00,4022.0,0,1,1,1,1,0,0,0
414,2026-07-29 00:30:00,4022.1,0,2,2,2,2,0,0,0
414,2026-07-29 00:30:00,4022.6,0,0,2,0,2,0,0,0
414,2026-07-29 00:30:00,4022.9,0,1,1,1,1,0,0,0
415,2026-07-29 00:31:00,4021.4,1,4,8,3,3,0,0,0
415,2026-07-29 00:31:00,4021.5,2,0,2,-2,1,0,0,0
415,2026-07-29 00:31:00,4021.7,1,0,1,-1,1,0,0,0
415,2026-07-29 00:31:00,4021.8,1,1,2,0,2,0,0,0
415,2026-07-29 00:31:00,4022.5,0,1,1,1,1,0,0,0
416,2026-07-29 00:32:00,4021.0,0,0,2,0,2,0,0,0
416,2026-07-29 00:32:00,4021.3,1,1,2,0,2,0,0,0
416,2026-07-29 00:32:00,4021.8,0,0,1,0,1,0,0,0
416,2026-07-29 00:32:00,4022.1,0,1,1,1,1,0,0,0
417,2026-07-29 00:33:00,4022.8,0,1,1,1,1,0,0,0
417,2026-07-29 00:33:00,4022.9,0,1,1,1,1,0,0,0
417,2026-07-29 00:33:00,4023.3,1,1,2,0,2,0,0,0
417,2026-07-29 00:33:00,4023.5,0,1,1,1,1,0,0,0
417,2026-07-29 00:33:00,4023.6,0,0,1,0,1,0,0,0
418,2026-07-29 00:34:00,4023.8,1,0,1,-1,1,0,0,0
418,2026-07-29 00:34:00,4024.7,0,1,1,1,1,0,0,0
419,2026-07-29 00:35:00,4023.3,1,0,1,-1,1,0,0,0
419,2026-07-29 00:35:00,4023.5,0,0,1,0,1,0,0,0
420,2026-07-29 00:36:00,4023.5,0,1,1,1,1,0,0,0
420,2026-07-29 00:36:00,4024.2,0,1,1,1,1,0,0,0
421,2026-07-29 00:37:00,4024.2,0,1,1,1,1,0,0,0
421,2026-07-29 00:37:00,4025.0,0,0,1,0,1,0,0,0
421,2026-07-29 00:37:00,4025.5,1,0,1,-1,1,0,0,0
421,2026-07-29 00:37:00,4026.2,0,1,1,1,1,0,0,0
422,2026-07-29 00:38:00,4025.1,1,0,1,-1,1,0,0,0
422,2026-07-29 00:38:00,4025.2,2,0,2,-2,2,0,0,0
422,2026-07-29 00:38:00,4025.3,2,0,2,-2,1,0,0,0
422,2026-07-29 00:38:00,4025.5,2,0,2,-2,1,0,0,0
422,2026-07-29 00:38:00,4025.6,4,0,4,-4,2,0,0,0
422,2026-07-29 00:38:00,4027.2,0,0,1,0,1,0,0,0
422,2026-07-29 00:38:00,4027.4,0,2,2,2,2,0,0,0
422,2026-07-29 00:38:00,4027.6,0,1,1,1,1,0,0,0
422,2026-07-29 00:38:00,4027.7,0,1,1,1,1,0,0,0
423,2026-07-29 00:39:00,4025.6,1,0,1,-1,1,0,0,0
423,2026-07-29 00:39:00,4025.7,1,0,1,-1,1,0,0,0
423,2026-07-29 00:39:00,4025.8,1,0,1,-1,1,0,0,0
423,2026-07-29 00:39:00,4026.3,0,1,1,1,1,0,0,0
424,2026-07-29 00:40:00,4024.3,0,0,1,0,1,0,0,0
424,2026-07-29 00:40:00,4024.9,0,1,1,1,1,0,0,0
425,2026-07-29 00:41:00,4024.1,0,0,1,0,1,0,0,0
426,2026-07-29 00:43:00,4024.3,0,1,1,1,1,0,0,0
426,2026-07-29 00:43:00,4024.8,1,0,1,-1,1,0,0,0
427,2026-07-29 00:44:00,4024.7,0,0,1,0,1,0,0,0
427,2026-07-29 00:44:00,4025.1,1,0,1,-1,1,0,0,0
427,2026-07-29 00:44:00,4025.2,1,0,1,-1,1,0,0,0
427,2026-07-29 00:44:00,4025.5,0,2,3,2,2,0,0,0
427,2026-07-29 00:44:00,4025.6,0,3,3,3,2,0,0,0
427,2026-07-29 00:44:00,4025.8,0,1,1,1,1,0,0,0
427,2026-07-29 00:44:00,4025.9,0,1,1,1,1,0,0,0
427,2026-07-29 00:44:00,4026.1,0,3,3,3,1,0,0,0
428,2026-07-29 00:45:00,4024.9,1,0,1,-1,1,0,0,0
428,2026-07-29 00:45:00,4025.3,0,0,6,0,3,0,0,0
428,2026-07-29 00:45:00,4025.5,1,0,1,-1,1,0,0,0
428,2026-07-29 00:45:00,4025.7,0,0,1,0,1,0,0,0
429,2026-07-29 00:46:00,4022.6,1,0,1,-1,1,0,0,0
429,2026-07-29 00:46:00,4022.7,1,0,1,-1,1,0,0,0
429,2026-07-29 00:46:00,4023.3,0,0,1,0,1,0,0,0
429,2026-07-29 00:46:00,4023.4,0,0,1,0,1,0,0,0
429,2026-07-29 00:46:00,4023.6,0,1,1,1,1,0,0,0
429,2026-07-29 00:46:00,4023.9,0,0,1,0,1,0,0,0
430,2026-07-29 00:47:00,4022.4,0,0,1,0,1,0,0,0
430,2026-07-29 00:47:00,4022.5,0,0,1,0,1,0,0,0
430,2026-07-29 00:47:00,4023.1,0,1,1,1,1,0,0,0
430,2026-07-29 00:47:00,4023.2,0,1,1,1,1,0,0,0
430,2026-07-29 00:47:00,4023.6,0,1,1,1,1,0,0,0
431,2026-07-29 00:49:00,4020.8,0,1,2,1,2,0,0,0
431,2026-07-29 00:49:00,4020.9,0,2,2,2,2,0,0,0
431,2026-07-29 00:49:00,4022.0,6,0,10,-6,4,0,0,0
431,2026-07-29 00:49:00,4022.3,1,0,1,-1,1,0,0,0
431,2026-07-29 00:49:00,4022.4,1,0,1,-1,1,0,0,0
432,2026-07-29 00:50:00,4020.9,0,0,1,0,1,0,0,0
432,2026-07-29 00:50:00,4022.3,0,0,2,0,2,0,0,0
433,2026-07-29 00:51:00,4022.7,0,0,1,0,1,0,0,0
433,2026-07-29 00:51:00,4022.8,0,0,1,0,1,0,0,0
434,2026-07-29 00:52:00,4022.7,0,0,1,0,1,0,0,0
435,2026-07-29 00:53:00,4022.1,1,0,1,-1,1,0,0,0
436,2026-07-29 00:54:00,4022.1,0,0,1,0,1,0,0,0
437,2026-07-29 00:56:00,4020.0,0,0,1,0,1,0,0,0
437,2026-07-29 00:56:00,4020.2,0,0,1,0,1,0,0,0
438,2026-07-29 00:57:00,4020.0,0,0,1,0,1,0,0,0
438,2026-07-29 00:57:00,4020.1,2,0,2,-2,2,0,0,0
438,2026-07-29 00:57:00,4020.3,0,1,1,1,1,0,0,0
438,2026-07-29 00:57:00,4020.5,0,7,7,7,4,0,0,0
438,2026-07-29 00:57:00,4020.6,0,1,1,1,1,0,0,0
438,2026-07-29 00:57:00,4020.9,0,2,2,2,2,0,0,0
439,2026-07-29 00:58:00,4020.3,0,1,1,1,1,0,0,0
439,2026-07-29 00:58:00,4020.5,3,0,3,-3,1,0,0,0
439,2026-07-29 00:58:00,4020.6,0,0,1,0,1,0,0,0
439,2026-07-29 00:58:00,4020.7,1,0,1,-1,1,0,0,0
439,2026-07-29 00:58:00,4020.9,2,0,2,-2,2,0,0,0
439,2026-07-29 00:58:00,4021.1,0,3,3,3,3,0,0,0
439,2026-07-29 00:58:00,4021.2,0,1,2,1,2,0,0,0
439,2026-07-29 00:58:00,4021.3,5,0,6,-5,3,0,0,0
439,2026-07-29 00:58:00,4021.4,3,0,5,-3,2,0,0,0
439,2026-07-29 00:58:00,4021.6,0,2,2,2,1,0,0,0
439,2026-07-29 00:58:00,4021.9,0,1,1,1,1,0,0,0
440,2026-07-29 00:59:00,4020.8,0,0,3,0,2,0,0,0
440,2026-07-29 00:59:00,4021.3,0,0,1,0,1,0,0,0
440,2026-07-29 00:59:00,4021.7,0,2,2,2,1,0,0,0
441,2026-07-29 01:00:00,4017.0,1,0,1,-1,1,0,0,0
441,2026-07-29 01:00:00,4017.5,17,0,18,-17,4,0,0,0
441,2026-07-29 01:00:00,4017.6,0,0,1,0,1,0,0,0
441,2026-07-29 01:00:00,4017.8,1,0,1,-1,1,0,0,0
441,2026-07-29 01:00:00,4017.9,0,1,1,1,1,0,0,0
441,2026-07-29 01:00:00,4018.0,3,3,6,0,5,0,0,0
441,2026-07-29 01:00:00,4018.1,0,1,1,1,1,0,0,0
441,2026-07-29 01:00:00,4018.3,1,2,4,1,4,0,0,0
441,2026-07-29 01:00:00,4018.5,0,2,2,2,2,0,0,0
441,2026-07-29 01:00:00,4018.6,0,1,1,1,1,0,0,0
441,2026-07-29 01:00:00,4018.7,0,1,2,1,2,0,0,0
441,2026-07-29 01:00:00,4018.8,1,0,1,-1,1,0,0,0
441,2026-07-29 01:00:00,4019.0,0,0,1,0,1,0,0,0
441,2026-07-29 01:00:00,4019.1,4,0,4,-4,2,0,0,0
441,2026-07-29 01:00:00,4019.2,1,0,1,-1,1,0,0,0
441,2026-07-29 01:00:00,4019.5,0,6,6,6,6,0,0,0
441,2026-07-29 01:00:00,4019.7,1,0,1,-1,1,0,0,0
441,2026-07-29 01:00:00,4020.0,0,0,1,0,1,0,0,0
441,2026-07-29 01:00:00,4020.1,2,0,2,-2,2,0,0,0
441,2026-07-29 01:00:00,4020.4,3,0,3,-3,2,0,0,0
441,2026-07-29 01:00:00,4020.5,2,0,2,-2,1,0,0,0
441,2026-07-29 01:00:00,4020.6,0,0,1,0,1,0,0,0
441,2026-07-29 01:00:00,4020.7,1,0,1,-1,1,0,0,0
441,2026-07-29 01:00:00,4020.8,2,0,2,-2,1,0,0,0
441,2026-07-29 01:00:00,4020.9,1,1,2,0,2,0,0,0
441,2026-07-29 01:00:00,4021.0,1,0,1,-1,1,0,0,0
442,2026-07-29 01:01:00,4015.5,1,0,1,-1,1,0,0,0
442,2026-07-29 01:01:00,4015.6,1,0,1,-1,1,0,0,0
442,2026-07-29 01:01:00,4015.8,1,0,1,-1,1,0,0,0
442,2026-07-29 01:01:00,4016.0,10,0,10,-10,2,0,0,0
442,2026-07-29 01:01:00,4016.5,0,1,4,1,4,0,0,0
442,2026-07-29 01:01:00,4016.7,0,0,2,0,2,0,0,0
442,2026-07-29 01:01:00,4016.9,0,0,1,0,1,0,0,0
442,2026-07-29 01:01:00,4017.0,6,0,10,-6,10,0,0,0
442,2026-07-29 01:01:00,4017.1,0,0,1,0,1,0,0,0
442,2026-07-29 01:01:00,4017.3,0,0,1,0,1,0,0,0
442,2026-07-29 01:01:00,4018.2,0,1,1,1,1,0,0,0
442,2026-07-29 01:01:00,4018.4,0,0,1,0,1,0,0,0
442,2026-07-29 01:01:00,4018.5,0,1,1,1,1,0,0,0
442,2026-07-29 01:01:00,4018.6,0,1,1,1,1,0,0,0
443,2026-07-29 01:02:00,4015.0,6,0,11,-6,9,0,0,0
443,2026-07-29 01:02:00,4015.4,0,1,1,1,1,0,0,0
443,2026-07-29 01:02:00,4015.7,0,3,3,3,1,0,0,0
443,2026-07-29 01:02:00,4017.3,0,0,4,0,3,0,0,0
443,2026-07-29 01:02:00,4017.7,0,0,1,0,1,0,0,0
443,2026-07-29 01:02:00,4017.8,0,0,4,0,3,0,0,0
443,2026-07-29 01:02:00,4018.3,0,0,1,0,1,0,0,0
444,2026-07-29 01:03:00,4014.2,1,0,1,-1,1,0,0,0
444,2026-07-29 01:03:00,4014.4,1,0,3,-1,3,0,0,0
444,2026-07-29 01:03:00,4014.5,0,0,2,0,2,0,0,0
444,2026-07-29 01:03:00,4014.8,1,0,1,-1,1,0,0,0
444,2026-07-29 01:03:00,4014.9,0,1,4,1,4,0,0,0
444,2026-07-29 01:03:00,4015.0,0,1,1,1,1,0,0,0
445,2026-07-29 01:04:00,4009.3,3,0,3,-3,2,0,0,0
445,2026-07-29 01:04:00,4009.4,1,0,1,-1,1,0,0,0
445,2026-07-29 01:04:00,4009.5,2,0,2,-2,1,0,0,0
445,2026-07-29 01:04:00,4009.6,2,0,3,-2,2,0,0,0
445,2026-07-29 01:04:00,4009.7,5,0,5,-5,2,0,0,0
445,2026-07-29 01:04:00,4009.8,2,0,3,-2,2,0,0,0
445,2026-07-29 01:04:00,4009.9,4,0,7,-4,6,0,0,0
445,2026-07-29 01:04:00,4010.0,5,5,18,0,15,0,0,0
445,2026-07-29 01:04:00,4010.1,4,6,13,2,6,0,0,0
445,2026-07-29 01:04:00,4010.2,11,0,11,-11,6,0,0,0
445,2026-07-29 01:04:00,4010.3,6,6,12,0,6,0,0,0
445,2026-07-29 01:04:00,4010.4,6,0,6,-6,1,0,0,0
445,2026-07-29 01:04:00,4010.5,2,0,2,-2,1,0,0,0
445,2026-07-29 01:04:00,4010.6,4,2,6,-2,3,0,0,0
445,2026-07-29 01:04:00,4010.7,3,0,4,-3,3,0,0,0
445,2026-07-29 01:04:00,4010.8,6,0,8,-6,3,0,0,0
445,2026-07-29 01:04:00,4010.9,2,0,2,-2,1,0,0,0
445,2026-07-29 01:04:00,4011.0,6,2,8,-4,4,0,0,0
445,2026-07-29 01:04:00,4011.1,6,0,6,-6,2,0,0,0
445,2026-07-29 01:04:00,4011.2,4,1,5,-3,2,0,0,0
445,2026-07-29 01:04:00,4011.4,4,1,5,-3,3,0,0,0
445,2026-07-29 01:04:00,4011.5,1,0,1,-1,1,0,0,0
445,2026-07-29 01:04:00,4011.6,2,0,2,-2,1,0,0,0
445,2026-07-29 01:04:00,4011.7,4,0,4,-4,2,0,0,0
445,2026-07-29 01:04:00,4011.8,3,0,3,-3,2,0,0,0
445,2026-07-29 01:04:00,4011.9,2,0,2,-2,1,0,0,0
445,2026-07-29 01:04:00,4012.0,1,0,1,-1,1,0,0,0
445,2026-07-29 01:04:00,4012.2,2,0,2,-2,2,0,0,0
445,2026-07-29 01:04:00,4012.3,0,2,2,2,2,0,0,0
445,2026-07-29 01:04:00,4012.4,1,2,3,1,2,0,0,0
445,2026-07-29 01:04:00,4012.5,0,2,2,2,2,0,0,0
445,2026-07-29 01:04:00,4012.6,1,2,3,1,3,0,0,0
445,2026-07-29 01:04:00,4012.7,0,1,4,1,4,0,0,0
445,2026-07-29 01:04:00,4012.9,0,0,2,0,2,0,0,0
445,2026-07-29 01:04:00,4013.0,4,1,11,-3,7,0,0,0
445,2026-07-29 01:04:00,4013.1,0,3,4,3,3,0,0,0
445,2026-07-29 01:04:00,4014.0,4,0,11,-4,10,0,0,0
445,2026-07-29 01:04:00,4014.2,0,0,1,0,1,0,0,0
446,2026-07-29 01:05:00,4010.0,0,0,1,0,1,0,0,0
446,2026-07-29 01:05:00,4010.2,0,1,1,1,1,0,0,0
446,2026-07-29 01:05:00,4010.3,0,1,2,1,2,0,0,0
446,2026-07-29 01:05:00,4010.6,0,0,1,0,1,0,0,0
446,2026-07-29 01:05:00,4011.0,0,0,1,0,1,0,0,0
446,2026-07-29 01:05:00,4011.8,0,1,1,1,1,0,0,0
447,2026-07-29 01:06:00,4012.1,0,1,1,1,1,0,0,0
447,2026-07-29 01:06:00,4012.6,0,0,1,0,1,0,0,0
447,2026-07-29 01:06:00,4013.0,0,2,2,2,2,0,0,0
447,2026-07-29 01:06:00,4013.4,3,1,5,-2,4,0,0,0
447,2026-07-29 01:06:00,4013.5,0,1,1,1,1,0,0,0
447,2026-07-29 01:06:00,4013.6,2,1,3,-1,2,0,0,0
447,2026-07-29 01:06:00,4013.7,0,3,3,3,2,0,0,0
447,2026-07-29 01:06:00,4013.8,0,1,1,1,1,0,0,0
447,2026-07-29 01:06:00,4013.9,0,2,2,2,1,0,0,0
447,2026-07-29 01:06:00,4014.0,3,0,4,-3,3,0,0,0
447,2026-07-29 01:06:00,4014.3,0,4,4,4,3,0,0,0
447,2026-07-29 01:06:00,4014.6,2,1,3,-1,2,0,0,0
447,2026-07-29 01:06:00,4014.7,0,3,3,3,2,0,0,0
448,2026-07-29 01:07:00,4010.8,1,0,1,-1,1,0,0,0
448,2026-07-29 01:07:00,4011.1,1,1,3,0,3,0,0,0
448,2026-07-29 01:07:00,4011.4,1,0,1,-1,1,0,0,0
448,2026-07-29 01:07:00,4011.8,1,0,1,-1,1,0,0,0
448,2026-07-29 01:07:00,4011.9,1,0,1,-1,1,0,0,0
448,2026-07-29 01:07:00,4012.0,1,0,1,-1,1,0,0,0
448,2026-07-29 01:07:00,4012.1,6,1,8,-5,3,0,0,0
448,2026-07-29 01:07:00,4012.6,1,0,1,-1,1,0,0,0
448,2026-07-29 01:07:00,4012.7,2,0,2,-2,1,0,0,0
448,2026-07-29 01:07:00,4012.8,0,2,2,2,2,0,0,0
448,2026-07-29 01:07:00,4012.9,0,0,3,0,1,0,0,0
448,2026-07-29 01:07:00,4013.3,1,0,1,-1,1,0,0,0
448,2026-07-29 01:07:00,4013.4,1,0,1,-1,1,0,0,0
448,2026-07-29 01:07:00,4013.5,0,0,1,0,1,0,0,0
448,2026-07-29 01:07:00,4013.8,0,1,2,1,2,0,0,0
448,2026-07-29 01:07:00,4013.9,1,0,1,-1,1,0,0,0
448,2026-07-29 01:07:00,4014.0,0,0,1,0,1,0,0,0
449,2026-07-29 01:08:00,4011.9,1,0,1,-1,1,0,0,0
449,2026-07-29 01:08:00,4012.5,0,1,1,1,1,0,0,0
449,2026-07-29 01:08:00,4012.6,0,1,1,1,1,0,0,0
449,2026-07-29 01:08:00,4012.8,0,0,1,0,1,0,0,0
449,2026-07-29 01:08:00,4013.2,2,0,2,-2,1,0,0,0
449,2026-07-29 01:08:00,4013.7,0,0,1,0,1,0,0,0
450,2026-07-29 01:09:00,4012.5,0,0,1,0,1,0,0,0
450,2026-07-29 01:09:00,4012.7,0,1,1,1,1,0,0,0
450,2026-07-29 01:09:00,4014.0,0,0,1,0,1,0,0,0
450,2026-07-29 01:09:00,4014.4,0,1,1,1,1,0,0,0
451,2026-07-29 01:10:00,4015.0,0,1,1,1,1,0,0,0
451,2026-07-29 01:10:00,4015.3,0,0,2,0,2,0,0,0
451,2026-07-29 01:10:00,4015.5,0,1,1,1,1,0,0,0
451,2026-07-29 01:10:00,4015.7,0,1,1,1,1,0,0,0
451,2026-07-29 01:10:00,4015.8,0,1,1,1,1,0,0,0
451,2026-07-29 01:10:00,4016.0,0,1,1,1,1,0,0,0
451,2026-07-29 01:10:00,4016.1,1,2,3,1,3,0,0,0
451,2026-07-29 01:10:00,4016.2,0,7,7,7,3,0,0,0
451,2026-07-29 01:10:00,4016.3,0,0,1,0,1,0,0,0
451,2026-07-29 01:10:00,4016.4,3,0,3,-3,2,0,0,0
451,2026-07-29 01:10:00,4016.8,0,1,1,1,1,0,0,0
452,2026-07-29 01:11:00,4013.8,1,0,1,-1,1,0,0,0
452,2026-07-29 01:11:00,4013.9,1,0,1,-1,1,0,0,0
452,2026-07-29 01:11:00,4014.0,1,0,2,-1,2,0,0,0
452,2026-07-29 01:11:00,4014.2,2,0,3,-2,3,0,0,0
452,2026-07-29 01:11:00,4014.4,1,0,1,-1,1,0,0,0
452,2026-07-29 01:11:00,4014.5,2,0,2,-2,2,0,0,0
452,2026-07-29 01:11:00,4014.6,0,1,2,1,2,0,0,0
452,2026-07-29 01:11:00,4014.8,2,1,4,-1,3,0,0,0
452,2026-07-29 01:11:00,4014.9,2,0,2,-2,1,0,0,0
452,2026-07-29 01:11:00,4015.0,0,0,1,0,1,0,0,0
452,2026-07-29 01:11:00,4015.5,0,1,1,1,1,0,0,0
452,2026-07-29 01:11:00,4015.7,0,1,1,1,1,0,0,0
452,2026-07-29 01:11:00,4015.9,0,0,2,0,2,0,0,0
452,2026-07-29 01:11:00,4016.1,1,0,1,-1,1,0,0,0
452,2026-07-29 01:11:00,4016.4,1,0,1,-1,1,0,0,0
453,2026-07-29 01:12:00,4012.8,0,5,5,5,1,0,0,0
453,2026-07-29 01:12:00,4012.9,0,0,1,0,1,0,0,0
453,2026-07-29 01:12:00,4013.4,0,1,1,1,1,0,0,0
453,2026-07-29 01:12:00,4013.5,2,0,2,-2,1,0,0,0
453,2026-07-29 01:12:00,4014.4,0,0,1,0,1,0,0,0
454,2026-07-29 01:13:00,4011.8,0,0,1,0,1,0,0,0
454,2026-07-29 01:13:00,4011.9,0,0,1,0,1,0,0,0
454,2026-07-29 01:13:00,4012.0,0,3,4,3,3,0,0,0
454,2026-07-29 01:13:00,4012.1,0,11,11,11,7,0,0,0
454,2026-07-29 01:13:00,4012.2,0,2,3,2,2,0,0,0
454,2026-07-29 01:13:00,4012.5,0,0,1,0,1,0,0,0
454,2026-07-29 01:13:00,4012.6,0,0,1,0,1,0,0,0
454,2026-07-29 01:13:00,4012.7,0,0,1,0,1,0,0,0
454,2026-07-29 01:13:00,4012.8,1,0,1,-1,1,0,0,0
454,2026-07-29 01:13:00,4012.9,1,0,1,-1,1,0,0,0
455,2026-07-29 01:14:00,4011.0,0,0,1,0,1,0,0,0
455,2026-07-29 01:14:00,4011.1,12,0,12,-12,5,0,0,0
455,2026-07-29 01:14:00,4011.2,0,3,3,3,2,0,0,0
455,2026-07-29 01:14:00,4012.0,0,1,1,1,1,0,0,0
455,2026-07-29 01:14:00,4012.2,0,0,1,0,1,0,0,0
455,2026-07-29 01:14:00,4012.4,0,0,1,0,1,0,0,0
456,2026-07-29 01:15:00,4011.2,0,2,2,2,2,0,0,0
456,2026-07-29 01:15:00,4011.4,0,3,3,3,1,0,0,0
456,2026-07-29 01:15:00,4011.5,2,0,2,-2,1,0,0,0
456,2026-07-29 01:15:00,4011.6,1,3,4,2,2,0,0,0
456,2026-07-29 01:15:00,4011.7,1,5,6,4,2,0,0,0
456,2026-07-29 01:15:00,4011.8,0,3,3,3,1,0,0,0
456,2026-07-29 01:15:00,4011.9,0,2,2,2,1,0,0,0
457,2026-07-29 01:16:00,4011.8,0,0,1,0,1,0,0,0
457,2026-07-29 01:16:00,4012.2,1,1,2,0,2,0,0,0
457,2026-07-29 01:16:00,4012.3,0,1,1,1,1,0,0,0
457,2026-07-29 01:16:00,4012.4,0,2,3,2,3,0,0,0
457,2026-07-29 01:16:00,4012.6,0,0,1,0,1,0,0,0
457,2026-07-29 01:16:00,4013.5,0,3,3,3,2,0,0,0
458,2026-07-29 01:17:00,4012.7,0,0,1,0,1,0,0,0
458,2026-07-29 01:17:00,4013.3,0,1,1,1,1,0,0,0
458,2026-07-29 01:17:00,4013.4,0,1,1,1,1,0,0,0
458,2026-07-29 01:17:00,4013.8,0,1,1,1,1,0,0,0
458,2026-07-29 01:17:00,4013.9,0,1,1,1,1,0,0,0
458,2026-07-29 01:17:00,4014.0,0,1,1,1,1,0,0,0
458,2026-07-29 01:17:00,4014.1,0,0,1,0,1,0,0,0
458,2026-07-29 01:17:00,4014.3,0,1,1,1,1,0,0,0
458,2026-07-29 01:17:00,4014.5,1,0,1,-1,1,0,0,0
458,2026-07-29 01:17:00,4015.0,0,1,1,1,1,0,0,0
458,2026-07-29 01:17:00,4015.2,0,0,1,0,1,0,0,0
459,2026-07-29 01:18:00,4013.6,1,0,1,-1,1,0,0,0
459,2026-07-29 01:18:00,4013.8,0,0,2,0,2,0,0,0
459,2026-07-29 01:18:00,4014.1,0,0,1,0,1,0,0,0
459,2026-07-29 01:18:00,4014.5,1,0,1,-1,1,0,0,0
459,2026-07-29 01:18:00,4014.8,1,0,1,-1,1,0,0,0
459,2026-07-29 01:18:00,4015.2,1,0,1,-1,1,0,0,0
459,2026-07-29 01:18:00,4015.4,1,0,1,-1,1,0,0,0
460,2026-07-29 01:19:00,4015.2,1,0,1,-1,1,0,0,0
460,2026-07-29 01:19:00,4015.7,0,0,1,0,1,0,0,0
461,2026-07-29 01:20:00,4014.9,2,0,2,-2,2,0,0,0
461,2026-07-29 01:20:00,4015.7,1,0,1,-1,1,0,0,0
461,2026-07-29 01:20:00,4015.8,1,0,1,-1,1,0,0,0
461,2026-07-29 01:20:00,4016.0,1,0,1,-1,1,0,0,0
461,2026-07-29 01:20:00,4016.4,2,0,2,-2,2,0,0,0
461,2026-07-29 01:20:00,4016.5,0,2,2,2,1,0,0,0
462,2026-07-29 01:21:00,4014.4,2,0,2,-2,2,0,0,0
462,2026-07-29 01:21:00,4014.9,1,0,1,-1,1,0,0,0
462,2026-07-29 01:21:00,4015.0,1,0,1,-1,1,0,0,0
462,2026-07-29 01:21:00,4015.1,1,0,1,-1,1,0,0,0
463,2026-07-29 01:22:00,4014.6,2,3,12,1,8,0,0,0
464,2026-07-29 01:23:00,4013.1,1,0,1,-1,1,0,0,0
464,2026-07-29 01:23:00,4013.2,1,5,14,4,13,0,0,0
464,2026-07-29 01:23:00,4013.3,1,0,1,-1,1,0,0,0
464,2026-07-29 01:23:00,4013.6,0,3,3,3,1,0,0,0
464,2026-07-29 01:23:00,4013.9,1,0,1,-1,1,0,0,0
464,2026-07-29 01:23:00,4014.8,1,0,1,-1,1,0,0,0
464,2026-07-29 01:23:00,4015.0,3,0,3,-3,2,0,0,0
465,2026-07-29 01:25:00,4014.4,0,1,1,1,1,0,0,0
466,2026-07-29 01:26:00,4015.9,4,0,4,-4,4,0,0,0
466,2026-07-29 01:26:00,4016.0,0,0,3,0,2,0,0,0
466,2026-07-29 01:26:00,4016.4,0,1,1,1,1,0,0,0
466,2026-07-29 01:26:00,4016.5,7,2,20,-5,7,0,0,0
467,2026-07-29 01:27:00,4015.9,3,0,3,-3,3,0,0,0
467,2026-07-29 01:27:00,4016.4,0,0,1,0,1,0,0,0
467,2026-07-29 01:27:00,4017.0,1,0,1,-1,1,0,0,0
468,2026-07-29 01:28:00,4017.5,0,0,2,0,1,0,0,0
468,2026-07-29 01:28:00,4017.7,0,1,1,1,1,0,0,0
469,2026-07-29 01:29:00,4017.7,0,1,1,1,1,0,0,0
469,2026-07-29 01:29:00,4018.1,0,1,1,1,1,0,0,0
469,2026-07-29 01:29:00,4018.2,1,0,1,-1,1,0,0,0
469,2026-07-29 01:29:00,4019.0,0,0,1,0,1,0,0,0
470,2026-07-29 01:30:00,4014.4,0,0,1,0,1,0,0,0
470,2026-07-29 01:30:00,4014.5,1,0,2,-1,2,0,0,0
470,2026-07-29 01:30:00,4014.6,0,0,1,0,1,0,0,0
470,2026-07-29 01:30:00,4015.1,0,0,2,0,1,0,0,0
470,2026-07-29 01:30:00,4015.4,0,1,3,1,3,0,0,0
470,2026-07-29 01:30:00,4015.6,0,1,1,1,1,0,0,0
470,2026-07-29 01:30:00,4015.7,0,1,1,1,1,0,0,0
470,2026-07-29 01:30:00,4015.8,1,1,2,0,2,0,0,0
470,2026-07-29 01:30:00,4016.0,0,0,1,0,1,0,0,0
471,2026-07-29 01:31:00,4017.3,0,0,1,0,1,0,0,0
471,2026-07-29 01:31:00,4018.0,1,0,1,-1,1,0,0,0
471,2026-07-29 01:31:00,4018.1,0,1,1,1,1,0,0,0
471,2026-07-29 01:31:00,4018.2,0,1,1,1,1,0,0,0
471,2026-07-29 01:31:00,4018.4,0,1,1,1,1,0,0,0
471,2026-07-29 01:31:00,4019.0,0,2,2,2,1,0,0,0
471,2026-07-29 01:31:00,4019.7,1,0,1,-1,1,0,0,0
471,2026-07-29 01:31:00,4020.0,0,1,1,1,1,0,0,0
471,2026-07-29 01:31:00,4020.1,1,0,1,-1,1,0,0,0
471,2026-07-29 01:31:00,4020.3,0,1,1,1,1,0,0,0
471,2026-07-29 01:31:00,4020.4,0,2,2,2,2,0,0,0
471,2026-07-29 01:31:00,4020.5,0,2,2,2,2,0,0,0
472,2026-07-29 01:32:00,4019.4,0,0,2,0,2,0,0,0
472,2026-07-29 01:32:00,4020.5,1,0,2,-1,2,0,0,0
473,2026-07-29 01:33:00,4017.6,0,0,1,0,1,0,0,0
473,2026-07-29 01:33:00,4017.7,1,0,1,-1,1,0,0,0
473,2026-07-29 01:33:00,4018.3,0,0,1,0,1,0,0,0
473,2026-07-29 01:33:00,4019.0,0,0,2,0,2,0,0,0
473,2026-07-29 01:33:00,4019.1,0,1,1,1,1,0,0,0
473,2026-07-29 01:33:00,4019.3,1,1,3,0,3,0,0,0
474,2026-07-29 01:34:00,4019.0,2,0,2,-2,1,0,0,0
474,2026-07-29 01:34:00,4019.4,0,1,1,1,1,0,0,0
474,2026-07-29 01:34:00,4021.0,0,1,1,1,1,0,0,0
474,2026-07-29 01:34:00,4021.1,0,1,1,1,1,0,0,0
474,2026-07-29 01:34:00,4021.2,0,1,1,1,1,0,0,0
474,2026-07-29 01:34:00,4021.3,0,1,1,1,1,0,0,0
474,2026-07-29 01:34:00,4021.4,0,1,1,1,1,0,0,0
474,2026-07-29 01:34:00,4021.5,0,1,1,1,1,0,0,0
474,2026-07-29 01:34:00,4021.9,0,1,1,1,1,0,0,0
474,2026-07-29 01:34:00,4022.0,0,5,5,5,3,0,0,0
474,2026-07-29 01:34:00,4022.1,0,6,6,6,2,0,0,0
474,2026-07-29 01:34:00,4022.2,0,4,4,4,2,0,0,0
474,2026-07-29 01:34:00,4023.2,0,0,1,0,1,0,0,0
474,2026-07-29 01:34:00,4023.4,0,2,2,2,1,0,0,0
475,2026-07-29 01:35:00,4021.8,1,0,1,-1,1,0,0,0
475,2026-07-29 01:35:00,4022.1,0,0,2,0,2,0,0,0
475,2026-07-29 01:35:00,4022.2,0,1,1,1,1,0,0,0
475,2026-07-29 01:35:00,4022.4,1,0,3,-1,3,0,0,0
475,2026-07-29 01:35:00,4022.5,1,0,1,-1,1,0,0,0
475,2026-07-29 01:35:00,4022.6,0,1,2,1,2,0,0,0
475,2026-07-29 01:35:00,4022.7,0,1,1,1,1,0,0,0
475,2026-07-29 01:35:00,4023.2,0,0,2,0,2,0,0,0
475,2026-07-29 01:35:00,4023.3,1,0,3,-1,3,0,0,0
475,2026-07-29 01:35:00,4023.6,0,2,2,2,2,0,0,0
475,2026-07-29 01:35:00,4023.9,0,1,1,1,1,0,0,0
475,2026-07-29 01:35:00,4024.0,0,0,1,0,1,0,0,0
476,2026-07-29 01:36:00,4022.7,0,1,1,1,1,0,0,0
476,2026-07-29 01:36:00,4022.8,0,1,1,1,1,0,0,0
476,2026-07-29 01:36:00,4023.0,0,0,1,0,1,0,0,0
476,2026-07-29 01:36:00,4023.1,1,1,2,0,2,0,0,0
476,2026-07-29 01:36:00,4023.6,0,0,1,0,1,0,0,0
476,2026-07-29 01:36:00,4023.9,0,1,1,1,1,0,0,0
476,2026-07-29 01:36:00,4024.2,0,1,2,1,2,0,0,0
476,2026-07-29 01:36:00,4024.3,0,2,2,2,1,0,0,0
476,2026-07-29 01:36:00,4024.6,1,0,1,-1,1,0,0,0
476,2026-07-29 01:36:00,4024.8,0,1,1,1,1,0,0,0
476,2026-07-29 01:36:00,4025.0,1,0,1,-1,1,0,0,0
477,2026-07-29 01:37:00,4025.0,3,0,3,-3,3,0,0,0
477,2026-07-29 01:37:00,4025.1,3,0,3,-3,3,0,0,0
477,2026-07-29 01:37:00,4025.5,1,0,1,-1,1,0,0,0
477,2026-07-29 01:37:00,4025.6,1,0,1,-1,1,0,0,0
477,2026-07-29 01:37:00,4025.7,1,0,2,-1,2,0,0,0
477,2026-07-29 01:37:00,4026.0,2,1,4,-1,4,0,0,0
477,2026-07-29 01:37:00,4026.1,1,0,1,-1,1,0,0,0
477,2026-07-29 01:37:00,4026.5,0,0,1,0,1,0,0,0
477,2026-07-29 01:37:00,4026.8,0,1,1,1,1,0,0,0
478,2026-07-29 01:38:00,4025.9,1,0,1,-1,1,0,0,0
478,2026-07-29 01:38:00,4026.1,1,0,1,-1,1,0,0,0
478,2026-07-29 01:38:00,4026.4,0,1,2,1,2,0,0,0
478,2026-07-29 01:38:00,4026.5,4,0,6,-4,3,0,0,0
478,2026-07-29 01:38:00,4026.6,0,1,1,1,1,0,0,0
478,2026-07-29 01:38:00,4026.7,0,3,5,3,3,0,0,0
478,2026-07-29 01:38:00,4026.8,0,2,2,2,1,0,0,0
478,2026-07-29 01:38:00,4026.9,0,3,3,3,2,0,0,0
478,2026-07-29 01:38:00,4027.0,0,4,5,4,5,0,0,0
478,2026-07-29 01:38:00,4027.1,0,6,6,6,2,0,0,0
478,2026-07-29 01:38:00,4027.2,1,4,5,3,4,0,0,0
478,2026-07-29 01:38:00,4027.3,0,3,3,3,2,0,0,0
478,2026-07-29 01:38:00,4027.4,0,4,4,4,2,0,0,0
478,2026-07-29 01:38:00,4027.5,0,5,5,5,3,0,0,0
478,2026-07-29 01:38:00,4027.6,0,2,2,2,1,0,0,0
478,2026-07-29 01:38:00,4027.8,0,2,2,2,1,0,0,0
479,2026-07-29 01:39:00,4026.4,0,1,1,1,1,0,0,0
479,2026-07-29 01:39:00,4026.5,0,1,1,1,1,0,0,0
479,2026-07-29 01:39:00,4026.9,1,0,1,-1,1,0,0,0
479,2026-07-29 01:39:00,4027.6,1,0,2,-1,2,0,0,0
479,2026-07-29 01:39:00,4027.7,0,1,1,1,1,0,0,0
479,2026-07-29 01:39:00,4027.8,0,2,2,2,1,0,0,0
479,2026-07-29 01:39:00,4027.9,0,3,3,3,1,0,0,0
479,2026-07-29 01:39:00,4028.0,0,17,19,17,4,0,0,0
479,2026-07-29 01:39:00,4028.1,1,0,1,-1,1,0,0,0
479,2026-07-29 01:39:00,4028.5,0,2,2,2,2,0,0,0
479,2026-07-29 01:39:00,4028.6,2,1,3,-1,3,0,0,0
479,2026-07-29 01:39:00,4029.0,0,0,1,0,1,0,0,0
479,2026-07-29 01:39:00,4029.2,1,0,1,-1,1,0,0,0
479,2026-07-29 01:39:00,4029.4,1,0,1,-1,1,0,0,0
479,2026-07-29 01:39:00,4029.5,0,3,3,3,2,0,0,0
479,2026-07-29 01:39:00,4029.6,0,1,1,1,1,0,0,0
479,2026-07-29 01:39:00,4030.0,0,5,5,5,1,0,0,0
480,2026-07-29 01:40:00,4028.3,1,0,1,-1,1,0,0,0
480,2026-07-29 01:40:00,4028.4,0,1,1,1,1,0,0,0
480,2026-07-29 01:40:00,4028.6,0,1,1,1,1,0,0,0
480,2026-07-29 01:40:00,4028.7,1,3,4,2,4,0,0,0
480,2026-07-29 01:40:00,4029.1,0,3,3,3,1,0,0,0
480,2026-07-29 01:40:00,4029.3,0,1,1,1,1,0,0,0
481,2026-07-29 01:41:00,4026.8,7,0,7,-7,3,0,0,0
481,2026-07-29 01:41:00,4026.9,1,0,1,-1,1,0,0,0
481,2026-07-29 01:41:00,4027.0,0,1,2,1,2,0,0,0
481,2026-07-29 01:41:00,4027.5,0,0,2,0,2,0,0,0
481,2026-07-29 01:41:00,4027.6,0,0,1,0,1,0,0,0
481,2026-07-29 01:41:00,4027.9,1,0,1,-1,1,0,0,0
481,2026-07-29 01:41:00,4028.0,1,0,1,-1,1,0,0,0
482,2026-07-29 01:42:00,4026.8,1,0,2,-1,2,0,0,0
482,2026-07-29 01:42:00,4026.9,0,0,1,0,1,0,0,0
482,2026-07-29 01:42:00,4027.0,1,2,5,1,5,0,0,0
482,2026-07-29 01:42:00,4027.1,0,1,1,1,1,0,0,0
482,2026-07-29 01:42:00,4027.7,2,0,2,-2,1,0,0,0
482,2026-07-29 01:42:00,4027.8,1,1,2,0,2,0,0,0
482,2026-07-29 01:42:00,4028.0,0,0,1,0,1,0,0,0
483,2026-07-29 01:43:00,4025.0,1,1,2,0,2,0,0,0
483,2026-07-29 01:43:00,4025.1,2,0,2,-2,1,0,0,0
483,2026-07-29 01:43:00,4025.2,2,0,2,-2,2,0,0,0
483,2026-07-29 01:43:00,4025.3,0,1,1,1,1,0,0,0
483,2026-07-29 01:43:00,4025.4,0,1,1,1,1,0,0,0
483,2026-07-29 01:43:00,4025.7,1,0,1,-1,1,0,0,0
483,2026-07-29 01:43:00,4026.9,1,0,1,-1,1,0,0,0
484,2026-07-29 01:45:00,4026.0,1,0,1,-1,1,0,0,0
484,2026-07-29 01:45:00,4026.3,1,1,2,0,2,0,0,0
484,2026-07-29 01:45:00,4026.4,1,0,1,-1,1,0,0,0
484,2026-07-29 01:45:00,4026.6,1,0,1,-1,1,0,0,0
484,2026-07-29 01:45:00,4026.7,0,1,1,1,1,0,0,0
484,2026-07-29 01:45:00,4026.9,0,1,2,1,2,0,0,0
484,2026-07-29 01:45:00,4027.0,0,3,3,3,2,0,0,0
485,2026-07-29 01:46:00,4026.0,0,1,1,1,1,0,0,0
485,2026-07-29 01:46:00,4026.3,1,0,1,-1,1,0,0,0
485,2026-07-29 01:46:00,4027.1,0,1,1,1,1,0,0,0
486,2026-07-29 01:47:00,4023.4,1,0,1,-1,1,0,0,0
486,2026-07-29 01:47:00,4024.2,0,1,1,1,1,0,0,0
486,2026-07-29 01:47:00,4024.4,2,0,3,-2,2,0,0,0
486,2026-07-29 01:47:00,4024.5,1,0,1,-1,1,0,0,0
486,2026-07-29 01:47:00,4024.6,1,0,1,-1,1,0,0,0
486,2026-07-29 01:47:00,4025.0,0,1,1,1,1,0,0,0
486,2026-07-29 01:47:00,4025.1,0,4,4,4,2,0,0,0
486,2026-07-29 01:47:00,4025.2,0,3,3,3,3,0,0,0
486,2026-07-29 01:47:00,4025.3,0,3,3,3,3,0,0,0
487,2026-07-29 01:48:00,4024.4,0,0,1,0,1,0,0,0
487,2026-07-29 01:48:00,4025.5,0,1,1,1,1,0,0,0
488,2026-07-29 01:49:00,4023.9,1,0,1,-1,1,0,0,0
489,2026-07-29 01:50:00,4023.3,7,0,9,-7,7,0,0,0
489,2026-07-29 01:50:00,4023.9,0,0,2,0,2,0,0,0
489,2026-07-29 01:50:00,4024.4,0,1,1,1,1,0,0,0
490,2026-07-29 01:51:00,4022.0,1,0,1,-1,1,0,0,0
490,2026-07-29 01:51:00,4022.4,1,0,1,-1,1,0,0,0
490,2026-07-29 01:51:00,4023.5,1,1,3,0,3,0,0,0
490,2026-07-29 01:51:00,4024.0,1,1,2,0,2,0,0,0
491,2026-07-29 01:52:00,4022.7,0,0,1,0,1,0,0,0
491,2026-07-29 01:52:00,4023.0,0,1,1,1,1,0,0,0
491,2026-07-29 01:52:00,4023.3,0,2,2,2,1,0,0,0
491,2026-07-29 01:52:00,4023.4,0,3,3,3,1,0,0,0
492,2026-07-29 01:53:00,4021.0,1,0,1,-1,1,0,0,0
492,2026-07-29 01:53:00,4021.1,2,0,2,-2,2,0,0,0
492,2026-07-29 01:53:00,4021.2,2,0,2,-2,2,0,0,0
492,2026-07-29 01:53:00,4021.3,1,1,2,0,2,0,0,0
492,2026-07-29 01:53:00,4021.4,1,1,2,0,2,0,0,0
492,2026-07-29 01:53:00,4021.5,0,1,1,1,1,0,0,0
492,2026-07-29 01:53:00,4021.6,2,0,2,-2,2,0,0,0
492,2026-07-29 01:53:00,4022.1,0,1,1,1,1,0,0,0
492,2026-07-29 01:53:00,4022.2,0,1,1,1,1,0,0,0
492,2026-07-29 01:53:00,4022.3,0,2,2,2,1,0,0,0
492,2026-07-29 01:53:00,4022.4,4,4,8,0,4,0,0,0
493,2026-07-29 01:54:00,4022.0,0,1,1,1,1,0,0,0
493,2026-07-29 01:54:00,4022.1,0,1,2,1,2,0,0,0
494,2026-07-29 01:55:00,4022.5,1,0,1,-1,1,0,0,0
494,2026-07-29 01:55:00,4023.2,0,1,1,1,1,0,0,0
494,2026-07-29 01:55:00,4024.1,0,1,1,1,1,0,0,0
494,2026-07-29 01:55:00,4024.6,0,2,2,2,2,0,0,0
495,2026-07-29 01:57:00,4023.4,0,1,1,1,1,0,0,0
496,2026-07-29 01:58:00,4023.5,1,0,1,-1,1,0,0,0
496,2026-07-29 01:58:00,4023.7,0,0,1,0,1,0,0,0
496,2026-07-29 01:58:00,4024.4,0,0,1,0,1,0,0,0
497,2026-07-29 01:59:00,4023.5,1,0,2,-1,2,0,0,0
497,2026-07-29 01:59:00,4024.6,0,0,1,0,1,0,0,0
497,2026-07-29 01:59:00,4024.8,0,0,1,0,1,0,0,0
497,2026-07-29 01:59:00,4025.0,0,0,1,0,1,0,0,0
498,2026-07-29 02:00:00,4024.6,2,0,2,-2,1,0,0,0
498,2026-07-29 02:00:00,4024.8,0,1,1,1,1,0,0,0
498,2026-07-29 02:00:00,4024.9,1,1,2,0,2,0,0,0
498,2026-07-29 02:00:00,4025.0,1,2,3,1,3,0,0,0
498,2026-07-29 02:00:00,4025.1,0,1,2,1,2,0,0,0
498,2026-07-29 02:00:00,4025.2,0,1,1,1,1,0,0,0
498,2026-07-29 02:00:00,4025.5,0,1,1,1,1,0,0,0
499,2026-07-29 02:01:00,4025.1,2,0,2,-2,1,0,0,0
499,2026-07-29 02:01:00,4025.3,1,0,1,-1,1,0,0,0
499,2026-07-29 02:01:00,4025.4,1,0,4,-1,2,0,0,0
499,2026-07-29 02:01:00,4025.6,0,0,1,0,1,0,0,0
499,2026-07-29 02:01:00,4025.8,0,0,1,0,1,0,0,0
499,2026-07-29 02:01:00,4025.9,0,1,1,1,1,0,0,0
499,2026-07-29 02:01:00,4026.0,0,3,3,3,3,0,0,0
499,2026-07-29 02:01:00,4027.0,0,1,1,1,1,0,0,0
499,2026-07-29 02:01:00,4027.1,1,0,1,-1,1,0,0,0
499,2026-07-29 02:01:00,4027.2,0,1,3,1,2,0,0,0
499,2026-07-29 02:01:00,4027.5,0,1,1,1,1,0,0,0
500,2026-07-29 02:02:00,4026.7,0,0,2,0,2,0,0,0
500,2026-07-29 02:02:00,4026.8,1,0,1,-1,1,0,0,0
500,2026-07-29 02:02:00,4027.0,2,0,2,-2,2,0,0,0
500,2026-07-29 02:02:00,4027.4,0,4,5,4,2,0,0,0
500,2026-07-29 02:02:00,4027.5,1,0,1,-1,1,0,0,0
500,2026-07-29 02:02:00,4027.6,1,0,1,-1,1,0,0,0
501,2026-07-29 02:03:00,4026.9,1,0,1,-1,1,0,0,0
501,2026-07-29 02:03:00,4027.9,1,0,1,-1,1,0,0,0
501,2026-07-29 02:03:00,4028.2,0,1,1,1,1,0,0,0
502,2026-07-29 02:04:00,4027.5,1,0,1,-1,1,0,0,0
502,2026-07-29 02:04:00,4027.6,0,0,1,0,1,0,0,0
503,2026-07-29 02:05:00,4025.6,1,0,1,-1,1,0,0,0
503,2026-07-29 02:05:00,4025.9,0,0,1,0,1,0,0,0
503,2026-07-29 02:05:00,4026.9,0,1,1,1,1,0,0,0
504,2026-07-29 02:06:00,4025.6,0,0,1,0,1,0,0,0
505,2026-07-29 02:07:00,4022.6,1,0,1,-1,1,0,0,0
505,2026-07-29 02:07:00,4024.6,1,0,1,-1,1,0,0,0
505,2026-07-29 02:07:00,4024.7,1,0,1,-1,1,0,0,0
505,2026-07-29 02:07:00,4025.0,0,0,1,0,1,0,0,0
505,2026-07-29 02:07:00,4025.8,1,0,1,-1,1,0,0,0
506,2026-07-29 02:08:00,4022.3,0,0,1,0,1,0,0,0
506,2026-07-29 02:08:00,4022.6,1,1,2,0,2,0,0,0
507,2026-07-29 02:09:00,4022.9,1,0,1,-1,1,0,0,0
507,2026-07-29 02:09:00,4023.4,0,1,1,1,1,0,0,0
507,2026-07-29 02:09:00,4023.8,0,2,2,2,2,0,0,0
507,2026-07-29 02:09:00,4023.9,1,0,1,-1,1,0,0,0
508,2026-07-29 02:10:00,4025.1,0,0,1,0,1,0,0,0
508,2026-07-29 02:10:00,4025.2,0,0,1,0,1,0,0,0
508,2026-07-29 02:10:00,4025.5,0,1,1,1,1,0,0,0
509,2026-07-29 02:11:00,4024.7,0,0,1,0,1,0,0,0
509,2026-07-29 02:11:00,4024.8,0,2,2,2,2,0,0,0
509,2026-07-29 02:11:00,4024.9,0,0,1,0,1,0,0,0
509,2026-07-29 02:11:00,4025.0,0,1,1,1,1,0,0,0
509,2026-07-29 02:11:00,4025.1,1,1,2,0,2,0,0,0
509,2026-07-29 02:11:00,4025.6,0,0,1,0,1,0,0,0
510,2026-07-29 02:12:00,4025.9,0,0,2,0,2,0,0,0
510,2026-07-29 02:12:00,4026.0,0,1,1,1,1,0,0,0
510,2026-07-29 02:12:00,4026.1,0,1,1,1,1,0,0,0
510,2026-07-29 02:12:00,4026.3,0,1,1,1,1,0,0,0
511,2026-07-29 02:13:00,4026.9,0,1,1,1,1,0,0,0
511,2026-07-29 02:13:00,4027.1,0,0,1,0,1,0,0,0
511,2026-07-29 02:13:00,4027.2,0,1,1,1,1,0,0,0
512,2026-07-29 02:15:00,4027.1,0,0,1,0,1,0,0,0
512,2026-07-29 02:15:00,4027.4,0,1,1,1,1,0,0,0
512,2026-07-29 02:15:00,4027.9,3,0,3,-3,1,0,0,0
512,2026-07-29 02:15:00,4028.0,3,0,3,-3,1,0,0,0
512,2026-07-29 02:15:00,4028.1,4,0,4,-4,1,0,0,0
512,2026-07-29 02:15:00,4028.2,2,0,2,-2,2,0,0,0
512,2026-07-29 02:15:00,4028.3,1,0,1,-1,1,0,0,0
512,2026-07-29 02:15:00,4028.4,0,2,2,2,2,0,0,0
512,2026-07-29 02:15:00,4028.5,0,0,6,0,1,0,0,0
512,2026-07-29 02:15:00,4028.7,0,0,1,0,1,0,0,0
512,2026-07-29 02:15:00,4028.9,0,0,1,0,1,0,0,0
512,2026-07-29 02:15:00,4029.0,0,4,5,4,2,0,0,0
513,2026-07-29 02:16:00,4027.4,2,0,2,-2,2,0,0,0
513,2026-07-29 02:16:00,4027.6,3,0,3,-3,3,0,0,0
514,2026-07-29 02:17:00,4026.4,2,0,2,-2,2,0,0,0
514,2026-07-29 02:17:00,4026.6,1,0,1,-1,1,0,0,0
514,2026-07-29 02:17:00,4026.9,0,0,1,0,1,0,0,0
514,2026-07-29 02:17:00,4027.0,1,0,1,-1,1,0,0,0
514,2026-07-29 02:17:00,4027.1,1,0,1,-1,1,0,0,0
514,2026-07-29 02:17:00,4027.7,1,0,1,-1,1,0,0,0
514,2026-07-29 02:17:00,4027.9,0,0,1,0,1,0,0,0
515,2026-07-29 02:18:00,4025.0,1,0,1,-1,1,0,0,0
515,2026-07-29 02:18:00,4025.1,1,0,1,-1,1,0,0,0
515,2026-07-29 02:18:00,4025.2,2,0,2,-2,2,0,0,0
515,2026-07-29 02:18:00,4025.4,1,0,1,-1,1,0,0,0
515,2026-07-29 02:18:00,4026.2,0,0,1,0,1,0,0,0
515,2026-07-29 02:18:00,4026.4,1,0,1,-1,1,0,0,0
515,2026-07-29 02:18:00,4026.6,0,1,2,1,2,0,0,0
516,2026-07-29 02:19:00,4024.8,4,0,4,-4,1,0,0,0
516,2026-07-29 02:19:00,4024.9,1,0,1,-1,1,0,0,0
516,2026-07-29 02:19:00,4025.5,0,2,2,2,1,0,0,0
516,2026-07-29 02:19:00,4025.6,0,2,2,2,1,0,0,0
516,2026-07-29 02:19:00,4026.1,0,0,1,0,1,0,0,0
517,2026-07-29 02:20:00,4025.4,1,0,1,-1,1,0,0,0
517,2026-07-29 02:20:00,4025.5,3,0,3,-3,3,0,0,0
517,2026-07-29 02:20:00,4025.6,1,0,1,-1,1,0,0,0
517,2026-07-29 02:20:00,4025.8,0,0,1,0,1,0,0,0
518,2026-07-29 02:21:00,4026.1,1,0,1,-1,1,0,0,0
518,2026-07-29 02:21:00,4026.2,2,0,3,-2,2,0,0,0
518,2026-07-29 02:21:00,4026.3,3,0,3,-3,2,0,0,0
518,2026-07-29 02:21:00,4028.8,0,1,1,1,1,0,0,0
519,2026-07-29 02:22:00,4028.8,0,0,1,0,1,0,0,0
519,2026-07-29 02:22:00,4028.9,0,0,1,0,1,0,0,0
519,2026-07-29 02:22:00,4029.3,0,0,1,0,1,0,0,0
519,2026-07-29 02:22:00,4029.8,0,0,1,0,1,0,0,0
519,2026-07-29 02:22:00,4029.9,0,1,1,1,1,0,0,0
519,2026-07-29 02:22:00,4030.0,0,7,7,7,7,0,0,0
519,2026-07-29 02:22:00,4030.2,0,0,1,0,1,0,0,0
519,2026-07-29 02:22:00,4030.3,0,0,1,0,1,0,0,0
519,2026-07-29 02:22:00,4030.5,0,1,1,1,1,0,0,0
519,2026-07-29 02:22:00,4030.6,0,2,3,2,3,0,0,0
519,2026-07-29 02:22:00,4031.0,0,4,5,4,3,0,0,0
519,2026-07-29 02:22:00,4031.4,0,0,2,0,2,0,0,0
519,2026-07-29 02:22:00,4031.5,0,1,1,1,1,0,0,0
519,2026-07-29 02:22:00,4032.0,0,0,2,0,2,0,0,0
519,2026-07-29 02:22:00,4032.4,0,0,1,0,1,0,0,0
520,2026-07-29 02:23:00,4030.6,2,0,2,-2,1,0,0,0
520,2026-07-29 02:23:00,4030.7,1,0,1,-1,1,0,0,0
520,2026-07-29 02:23:00,4030.9,0,0,1,0,1,0,0,0
520,2026-07-29 02:23:00,4031.1,2,0,2,-2,2,0,0,0
520,2026-07-29 02:23:00,4031.2,1,0,1,-1,1,0,0,0
520,2026-07-29 02:23:00,4031.3,1,0,1,-1,1,0,0,0
520,2026-07-29 02:23:00,4031.4,2,0,2,-2,2,0,0,0
520,2026-07-29 02:23:00,4031.6,3,0,3,-3,2,0,0,0
520,2026-07-29 02:23:00,4031.7,1,0,1,-1,1,0,0,0
520,2026-07-29 02:23:00,4031.8,0,1,1,1,1,0,0,0
521,2026-07-29 02:24:00,4032.6,0,1,1,1,1,0,0,0
521,2026-07-29 02:24:00,4032.8,0,0,3,0,3,0,0,0
521,2026-07-29 02:24:00,4032.9,0,0,1,0,1,0,0,0
521,2026-07-29 02:24:00,4033.0,0,0,4,0,3,0,0,0
521,2026-07-29 02:24:00,4033.1,0,0,1,0,1,0,0,0
521,2026-07-29 02:24:00,4033.3,2,5,7,3,3,0,0,0
521,2026-07-29 02:24:00,4033.4,0,1,1,1,1,0,0,0
521,2026-07-29 02:24:00,4033.5,2,11,19,9,9,0,0,0
521,2026-07-29 02:24:00,4033.6,2,0,3,-2,3,0,0,0
521,2026-07-29 02:24:00,4033.8,0,1,1,1,1,0,0,0
521,2026-07-29 02:24:00,4033.9,0,0,1,0,1,0,0,0
521,2026-07-29 02:24:00,4034.2,0,1,1,1,1,0,0,0
521,2026-07-29 02:24:00,4034.3,0,3,3,3,3,0,0,0
522,2026-07-29 02:25:00,4032.0,1,0,1,-1,1,0,0,0
522,2026-07-29 02:25:00,4032.2,0,0,1,0,1,0,0,0
522,2026-07-29 02:25:00,4032.9,0,0,1,0,1,0,0,0
522,2026-07-29 02:25:00,4033.0,0,0,1,0,1,0,0,0
522,2026-07-29 02:25:00,4033.2,0,0,1,0,1,0,0,0
522,2026-07-29 02:25:00,4033.4,0,1,1,1,1,0,0,0
522,2026-07-29 02:25:00,4033.6,0,0,1,0,1,0,0,0
523,2026-07-29 02:26:00,4030.8,1,0,1,-1,1,0,0,0
523,2026-07-29 02:26:00,4031.0,1,0,1,-1,1,0,0,0
523,2026-07-29 02:26:00,4031.1,2,0,3,-2,2,0,0,0
523,2026-07-29 02:26:00,4031.2,0,1,1,1,1,0,0,0
523,2026-07-29 02:26:00,4031.3,0,5,5,5,2,0,0,0
523,2026-07-29 02:26:00,4031.5,1,1,2,0,2,0,0,0
523,2026-07-29 02:26:00,4032.0,1,0,1,-1,1,0,0,0
523,2026-07-29 02:26:00,4032.2,1,0,1,-1,1,0,0,0
523,2026-07-29 02:26:00,4032.3,0,0,1,0,1,0,0,0
523,2026-07-29 02:26:00,4032.7,1,0,1,-1,1,0,0,0
524,2026-07-29 02:27:00,4030.1,1,0,1,-1,1,0,0,0
524,2026-07-29 02:27:00,4030.2,1,0,1,-1,1,0,0,0
524,2026-07-29 02:27:00,4030.3,2,0,3,-2,3,0,0,0
524,2026-07-29 02:27:00,4030.5,1,0,1,-1,1,0,0,0
524,2026-07-29 02:27:00,4030.8,0,1,1,1,1,0,0,0
524,2026-07-29 02:27:00,4031.2,0,0,1,0,1,0,0,0
525,2026-07-29 02:28:00,4030.5,1,0,1,-1,1,0,0,0
526,2026-07-29 02:29:00,4030.9,0,0,1,0,1,0,0,0
526,2026-07-29 02:29:00,4031.5,0,0,1,0,1,0,0,0
526,2026-07-29 02:29:00,4032.0,0,1,1,1,1,0,0,0
527,2026-07-29 02:30:00,4031.8,0,0,5,0,2,0,0,0
527,2026-07-29 02:30:00,4031.9,0,0,1,0,1,0,0,0
527,2026-07-29 02:30:00,4032.3,0,0,1,0,1,0,0,0
527,2026-07-29 02:30:00,4032.4,0,0,2,0,2,0,0,0
527,2026-07-29 02:30:00,4032.6,0,0,1,0,1,0,0,0
527,2026-07-29 02:30:00,4032.7,0,0,1,0,1,0,0,0
527,2026-07-29 02:30:00,4033.0,0,0,2,0,2,0,0,0
527,2026-07-29 02:30:00,4033.5,1,0,1,-1,1,0,0,0
527,2026-07-29 02:30:00,4033.6,0,1,1,1,1,0,0,0
527,2026-07-29 02:30:00,4034.9,0,1,2,1,2,0,0,0
527,2026-07-29 02:30:00,4035.0,7,4,20,-3,20,0,0,0
527,2026-07-29 02:30:00,4035.2,0,2,2,2,1,0,0,0
528,2026-07-29 02:31:00,4031.2,1,0,1,-1,1,0,0,0
528,2026-07-29 02:31:00,4031.3,4,0,4,-4,1,0,0,0
528,2026-07-29 02:31:00,4031.4,4,0,4,-4,2,0,0,0
528,2026-07-29 02:31:00,4031.5,1,1,2,0,2,0,0,0
528,2026-07-29 02:31:00,4031.6,1,0,1,-1,1,0,0,0
528,2026-07-29 02:31:00,4031.7,1,0,1,-1,1,0,0,0
528,2026-07-29 02:31:00,4032.0,0,1,1,1,1,0,0,0
528,2026-07-29 02:31:00,4032.7,1,0,1,-1,1,0,0,0
528,2026-07-29 02:31:00,4033.5,2,0,3,-2,2,0,0,0
529,2026-07-29 02:32:00,4030.1,2,0,2,-2,1,0,0,0
529,2026-07-29 02:32:00,4030.2,1,0,1,-1,1,0,0,0
529,2026-07-29 02:32:00,4030.3,0,2,2,2,1,0,0,0
529,2026-07-29 02:32:00,4030.5,0,1,1,1,1,0,0,0
529,2026-07-29 02:32:00,4030.7,0,2,2,2,2,0,0,0
529,2026-07-29 02:32:00,4030.8,0,0,1,0,1,0,0,0
529,2026-07-29 02:32:00,4030.9,0,0,1,0,1,0,0,0
530,2026-07-29 02:33:00,4030.0,2,0,2,-2,1,0,0,0
530,2026-07-29 02:33:00,4030.7,0,2,2,2,1,0,0,0
531,2026-07-29 02:34:00,4030.1,0,0,1,0,1,0,0,0
531,2026-07-29 02:34:00,4030.3,2,1,3,-1,2,0,0,0
531,2026-07-29 02:34:00,4030.8,0,1,1,1,1,0,0,0
532,2026-07-29 02:35:00,4030.6,0,0,1,0,1,0,0,0
532,2026-07-29 02:35:00,4030.7,0,0,1,0,1,0,0,0
532,2026-07-29 02:35:00,4030.8,0,1,1,1,1,0,0,0
532,2026-07-29 02:35:00,4030.9,0,1,1,1,1,0,0,0
533,2026-07-29 02:36:00,4030.9,1,0,1,-1,1,0,0,0
533,2026-07-29 02:36:00,4031.3,0,1,1,1,1,0,0,0
533,2026-07-29 02:36:00,4031.4,1,0,1,-1,1,0,0,0
534,2026-07-29 02:37:00,4031.1,0,1,1,1,1,0,0,0
534,2026-07-29 02:37:00,4031.2,1,0,1,-1,1,0,0,0
534,2026-07-29 02:37:00,4031.3,0,1,1,1,1,0,0,0
534,2026-07-29 02:37:00,4031.5,0,1,1,1,1,0,0,0
534,2026-07-29 02:37:00,4032.2,0,0,1,0,1,0,0,0
535,2026-07-29 02:39:00,4032.8,0,0,2,0,2,0,0,0
535,2026-07-29 02:39:00,4032.9,1,0,1,-1,1,0,0,0
535,2026-07-29 02:39:00,4033.0,1,0,1,-1,1,0,0,0
535,2026-07-29 02:39:00,4033.1,2,0,3,-2,2,0,0,0
535,2026-07-29 02:39:00,4033.3,0,3,3,3,2,0,0,0
535,2026-07-29 02:39:00,4033.6,0,2,2,2,1,0,0,0
535,2026-07-29 02:39:00,4034.0,0,5,5,5,1,0,0,0
536,2026-07-29 02:40:00,4034.2,0,1,1,1,1,0,0,0
536,2026-07-29 02:40:00,4034.5,0,0,3,0,1,0,0,0
536,2026-07-29 02:40:00,4035.0,0,1,1,1,1,0,0,0
536,2026-07-29 02:40:00,4035.1,2,0,2,-2,2,0,0,0
537,2026-07-29 02:41:00,4035.7,1,0,1,-1,1,0,0,0
537,2026-07-29 02:41:00,4035.9,0,3,3,3,2,0,0,0
537,2026-07-29 02:41:00,4036.1,1,0,1,-1,1,0,0,0
537,2026-07-29 02:41:00,4036.5,0,0,2,0,2,0,0,0
537,2026-07-29 02:41:00,4036.8,1,0,1,-1,1,0,0,0
538,2026-07-29 02:42:00,4035.1,0,1,1,1,1,0,0,0
538,2026-07-29 02:42:00,4035.2,2,0,2,-2,2,0,0,0
539,2026-07-29 02:43:00,4033.4,1,0,1,-1,1,0,0,0
539,2026-07-29 02:43:00,4033.5,2,0,2,-2,2,0,0,0
539,2026-07-29 02:43:00,4033.7,0,1,1,1,1,0,0,0
540,2026-07-29 02:44:00,4033.8,0,1,1,1,1,0,0,0
540,2026-07-29 02:44:00,4034.0,0,1,1,1,1,0,0,0
540,2026-07-29 02:44:00,4034.1,0,1,1,1,1,0,0,0
540,2026-07-29 02:44:00,4034.2,0,3,3,3,3,0,0,0
540,2026-07-29 02:44:00,4034.3,0,1,1,1,1,0,0,0
541,2026-07-29 02:45:00,4031.7,1,0,1,-1,1,0,0,0
541,2026-07-29 02:45:00,4031.8,0,0,1,0,1,0,0,0
541,2026-07-29 02:45:00,4031.9,3,0,3,-3,1,0,0,0
541,2026-07-29 02:45:00,4032.2,0,0,1,0,1,0,0,0
541,2026-07-29 02:45:00,4033.0,1,0,1,-1,1,0,0,0
541,2026-07-29 02:45:00,4033.5,2,0,2,-2,2,0,0,0
541,2026-07-29 02:45:00,4033.6,2,0,2,-2,1,0,0,0
541,2026-07-29 02:45:00,4033.8,1,0,1,-1,1,0,0,0
541,2026-07-29 02:45:00,4033.9,0,1,1,1,1,0,0,0
541,2026-07-29 02:45:00,4034.0,0,3,3,3,3,0,0,0
541,2026-07-29 02:45:00,4034.2,0,2,2,2,1,0,0,0
542,2026-07-29 02:46:00,4032.3,0,1,1,1,1,0,0,0
543,2026-07-29 02:47:00,4031.9,2,0,2,-2,2,0,0,0
543,2026-07-29 02:47:00,4032.5,1,0,1,-1,1,0,0,0
543,2026-07-29 02:47:00,4032.9,0,0,1,0,1,0,0,0
544,2026-07-29 02:48:00,4031.0,1,0,1,-1,1,0,0,0
544,2026-07-29 02:48:00,4031.2,0,0,1,0,1,0,0,0
544,2026-07-29 02:48:00,4031.3,1,0,1,-1,1,0,0,0
544,2026-07-29 02:48:00,4031.4,2,0,2,-2,2,0,0,0
544,2026-07-29 02:48:00,4031.6,0,0,1,0,1,0,0,0
544,2026-07-29 02:48:00,4031.8,0,3,3,3,2,0,0,0
544,2026-07-29 02:48:00,4032.0,0,1,2,1,2,0,0,0
545,2026-07-29 02:49:00,4031.6,1,0,1,-1,1,0,0,0
546,2026-07-29 02:50:00,4031.6,0,0,1,0,1,0,0,0
547,2026-07-29 02:51:00,4029.7,1,0,1,-1,1,0,0,0
547,2026-07-29 02:51:00,4030.1,1,0,1,-1,1,0,0,0
547,2026-07-29 02:51:00,4030.3,0,2,2,2,2,0,0,0
547,2026-07-29 02:51:00,4031.4,0,0,1,0,1,0,0,0
547,2026-07-29 02:51:00,4031.5,0,0,1,0,1,0,0,0
547,2026-07-29 02:51:00,4031.6,3,0,3,-3,3,0,0,0
548,2026-07-29 02:52:00,4029.5,2,0,2,-2,1,0,0,0
548,2026-07-29 02:52:00,4029.7,0,2,2,2,1,0,0,0
549,2026-07-29 02:53:00,4028.5,0,1,1,1,1,0,0,0
549,2026-07-29 02:53:00,4029.0,0,0,2,0,2,0,0,0
550,2026-07-29 02:54:00,4029.5,0,1,1,1,1,0,0,0
551,2026-07-29 02:55:00,4029.7,2,0,2,-2,2,0,0,0
551,2026-07-29 02:55:00,4030.0,0,2,2,2,2,0,0,0
552,2026-07-29 02:57:00,4030.3,1,0,1,-1,1,0,0,0
552,2026-07-29 02:57:00,4030.4,1,0,1,-1,1,0,0,0
552,2026-07-29 02:57:00,4030.5,1,0,1,-1,1,0,0,0
552,2026-07-29 02:57:00,4030.6,1,0,1,-1,1,0,0,0
552,2026-07-29 02:57:00,4030.7,0,1,1,1,1,0,0,0
553,2026-07-29 02:58:00,4029.7,1,0,1,-1,1,0,0,0
553,2026-07-29 02:58:00,4030.0,1,0,1,-1,1,0,0,0
553,2026-07-29 02:58:00,4030.1,1,0,1,-1,1,0,0,0
553,2026-07-29 02:58:00,4030.3,1,0,1,-1,1,0,0,0
553,2026-07-29 02:58:00,4030.6,1,0,3,-1,2,0,0,0
553,2026-07-29 02:58:00,4030.7,0,0,2,0,2,0,0,0
553,2026-07-29 02:58:00,4030.8,2,1,3,-1,2,0,0,0
553,2026-07-29 02:58:00,4030.9,0,1,1,1,1,0,0,0
554,2026-07-29 02:59:00,4028.3,2,0,2,-2,2,0,0,0
554,2026-07-29 02:59:00,4028.5,0,3,7,3,7,0,0,0
554,2026-07-29 02:59:00,4028.7,0,0,1,0,1,0,0,0
554,2026-07-29 02:59:00,4028.8,0,1,1,1,1,0,0,0
554,2026-07-29 02:59:00,4029.1,0,1,1,1,1,0,0,0
554,2026-07-29 02:59:00,4029.4,0,1,1,1,1,0,0,0
554,2026-07-29 02:59:00,4029.5,0,2,2,2,1,0,0,0
555,2026-07-29 03:00:00,4028.2,0,1,1,1,1,0,0,0
555,2026-07-29 03:00:00,4028.3,2,0,2,-2,2,0,0,0
555,2026-07-29 03:00:00,4028.4,2,0,2,-2,2,0,0,0
555,2026-07-29 03:00:00,4028.5,0,6,13,6,13,0,0,0
555,2026-07-29 03:00:00,4029.0,1,0,1,-1,1,0,0,0
555,2026-07-29 03:00:00,4029.4,1,0,1,-1,1,0,0,0
555,2026-07-29 03:00:00,4029.5,1,0,1,-1,1,0,0,0
556,2026-07-29 03:01:00,4029.4,1,0,1,-1,1,0,0,0
557,2026-07-29 03:03:00,4027.4,0,1,1,1,1,0,0,0
557,2026-07-29 03:03:00,4027.5,1,0,1,-1,1,0,0,0
557,2026-07-29 03:03:00,4027.7,0,1,1,1,1,0,0,0
557,2026-07-29 03:03:00,4028.0,0,0,1,0,1,0,0,0
557,2026-07-29 03:03:00,4028.2,0,2,2,2,2,0,0,0
558,2026-07-29 03:04:00,4027.3,0,0,1,0,1,0,0,0
558,2026-07-29 03:04:00,4027.4,1,0,1,-1,1,0,0,0
558,2026-07-29 03:04:00,4027.5,0,1,1,1,1,0,0,0
559,2026-07-29 03:05:00,4027.4,1,0,1,-1,1,0,0,0
559,2026-07-29 03:05:00,4027.7,0,0,1,0,1,0,0,0
559,2026-07-29 03:05:00,4029.0,0,0,1,0,1,0,0,0
559,2026-07-29 03:05:00,4029.1,0,0,1,0,1,0,0,0
560,2026-07-29 03:06:00,4028.8,1,0,1,-1,1,0,0,0
560,2026-07-29 03:06:00,4029.3,0,0,1,0,1,0,0,0
560,2026-07-29 03:06:00,4029.4,0,0,1,0,1,0,0,0
560,2026-07-29 03:06:00,4029.5,1,0,1,-1,1,0,0,0
560,2026-07-29 03:06:00,4029.7,2,0,2,-2,2,0,0,0
560,2026-07-29 03:06:00,4029.9,0,0,1,0,1,0,0,0
561,2026-07-29 03:07:00,4029.0,1,0,1,-1,1,0,0,0
561,2026-07-29 03:07:00,4029.2,0,1,1,1,1,0,0,0
562,2026-07-29 03:08:00,4029.9,1,0,1,-1,1,0,0,0
562,2026-07-29 03:08:00,4030.2,0,0,1,0,1,0,0,0
562,2026-07-29 03:08:00,4031.2,0,2,2,2,2,0,0,0
562,2026-07-29 03:08:00,4031.4,1,0,1,-1,1,0,0,0
563,2026-07-29 03:09:00,4028.6,0,0,2,0,2,0,0,0
563,2026-07-29 03:09:00,4029.4,0,4,4,4,1,0,0,0
564,2026-07-29 03:10:00,4029.3,0,0,1,0,1,0,0,0
565,2026-07-29 03:11:00,4027.9,1,0,1,-1,1,0,0,0
565,2026-07-29 03:11:00,4028.2,1,2,3,1,3,0,0,0
565,2026-07-29 03:11:00,4028.3,0,0,1,0,1,0,0,0
566,2026-07-29 03:12:00,4027.7,0,2,2,2,1,0,0,0
566,2026-07-29 03:12:00,4027.8,2,4,6,2,4,0,0,0
566,2026-07-29 03:12:00,4028.0,0,0,1,0,1,0,0,0
566,2026-07-29 03:12:00,4028.1,0,0,1,0,1,0,0,0
567,2026-07-29 03:13:00,4026.4,0,0,1,0,1,0,0,0
567,2026-07-29 03:13:00,4026.5,0,1,1,1,1,0,0,0
567,2026-07-29 03:13:00,4026.6,0,2,2,2,1,0,0,0
567,2026-07-29 03:13:00,4027.3,0,0,1,0,1,0,0,0
567,2026-07-29 03:13:00,4027.5,0,1,1,1,1,0,0,0
568,2026-07-29 03:14:00,4026.2,2,0,2,-2,2,0,0,0
568,2026-07-29 03:14:00,4026.4,1,0,1,-1,1,0,0,0
568,2026-07-29 03:14:00,4026.5,0,1,1,1,1,0,0,0
568,2026-07-29 03:14:00,4026.9,0,1,1,1,1,0,0,0
569,2026-07-29 03:15:00,4026.2,1,0,1,-1,1,0,0,0
569,2026-07-29 03:15:00,4026.7,0,1,1,1,1,0,0,0
569,2026-07-29 03:15:00,4026.8,0,2,2,2,1,0,0,0
569,2026-07-29 03:15:00,4026.9,0,3,3,3,1,0,0,0
569,2026-07-29 03:15:00,4027.0,0,2,2,2,1,0,0,0
569,2026-07-29 03:15:00,4027.1,0,2,2,2,1,0,0,0
570,2026-07-29 03:16:00,4026.0,0,0,1,0,1,0,0,0
570,2026-07-29 03:16:00,4026.1,1,0,1,-1,1,0,0,0
570,2026-07-29 03:16:00,4026.3,1,0,1,-1,1,0,0,0
571,2026-07-29 03:17:00,4026.3,0,1,1,1,1,0,0,0
572,2026-07-29 03:18:00,4026.1,0,1,1,1,1,0,0,0
572,2026-07-29 03:18:00,4026.3,1,0,1,-1,1,0,0,0
572,2026-07-29 03:18:00,4026.4,0,1,1,1,1,0,0,0
572,2026-07-29 03:18:00,4026.5,2,0,2,-2,2,0,0,0
572,2026-07-29 03:18:00,4026.6,0,0,5,0,1,0,0,0
572,2026-07-29 03:18:00,4027.3,0,0,1,0,1,0,0,0
572,2026-07-29 03:18:00,4027.5,0,1,1,1,1,0,0,0
573,2026-07-29 03:19:00,4026.8,1,0,1,-1,1,0,0,0
573,2026-07-29 03:19:00,4027.3,1,0,1,-1,1,0,0,0
573,2026-07-29 03:19:00,4027.4,0,0,1,0,1,0,0,0
573,2026-07-29 03:19:00,4027.5,0,1,1,1,1,0,0,0
574,2026-07-29 03:20:00,4026.8,0,0,1,0,1,0,0,0
574,2026-07-29 03:20:00,4026.9,0,0,1,0,1,0,0,0
575,2026-07-29 03:21:00,4026.1,0,0,1,0,1,0,0,0
576,2026-07-29 03:22:00,4026.0,1,1,2,0,2,0,0,0
577,2026-07-29 03:23:00,4025.8,0,0,1,0,1,0,0,0
578,2026-07-29 03:24:00,4024.8,0,0,2,0,2,0,0,0
578,2026-07-29 03:24:00,4025.4,0,2,2,2,2,0,0,0
579,2026-07-29 03:25:00,4024.7,3,0,3,-3,2,0,0,0
579,2026-07-29 03:25:00,4024.8,1,0,1,-1,1,0,0,0
580,2026-07-29 03:26:00,4025.5,0,2,2,2,1,0,0,0
580,2026-07-29 03:26:00,4026.1,0,2,2,2,1,0,0,0
580,2026-07-29 03:26:00,4026.4,0,0,1,0,1,0,0,0
580,2026-07-29 03:26:00,4026.7,0,0,1,0,1,0,0,0
580,2026-07-29 03:26:00,4026.8,1,0,1,-1,1,0,0,0
581,2026-07-29 03:28:00,4025.0,4,0,4,-4,3,0,0,0
581,2026-07-29 03:28:00,4025.1,4,0,4,-4,3,0,0,0
581,2026-07-29 03:28:00,4025.2,4,0,4,-4,1,0,0,0
581,2026-07-29 03:28:00,4025.3,2,0,2,-2,1,0,0,0
581,2026-07-29 03:28:00,4025.4,1,0,1,-1,1,0,0,0
582,2026-07-29 03:30:00,4024.3,0,2,2,2,1,0,0,0
582,2026-07-29 03:30:00,4024.6,1,0,1,-1,1,0,0,0
582,2026-07-29 03:30:00,4024.8,1,0,1,-1,1,0,0,0
582,2026-07-29 03:30:00,4024.9,1,2,3,1,2,0,0,0
582,2026-07-29 03:30:00,4025.0,0,0,1,0,1,0,0,0
582,2026-07-29 03:30:00,4025.1,0,1,1,1,1,0,0,0
583,2026-07-29 03:31:00,4023.6,1,0,1,-1,1,0,0,0
583,2026-07-29 03:31:00,4023.7,0,1,2,1,2,0,0,0
583,2026-07-29 03:31:00,4023.8,0,3,3,3,3,0,0,0
583,2026-07-29 03:31:00,4024.0,2,0,2,-2,2,0,0,0
583,2026-07-29 03:31:00,4024.3,0,1,1,1,1,0,0,0
584,2026-07-29 03:32:00,4022.9,1,0,1,-1,1,0,0,0
584,2026-07-29 03:32:00,4023.0,0,0,2,0,2,0,0,0
584,2026-07-29 03:32:00,4023.1,1,0,1,-1,1,0,0,0
584,2026-07-29 03:32:00,4023.2,0,0,1,0,1,0,0,0
584,2026-07-29 03:32:00,4023.8,0,4,4,4,3,0,0,0
584,2026-07-29 03:32:00,4024.1,0,0,2,0,2,0,0,0
585,2026-07-29 03:33:00,4023.7,3,0,3,-3,1,0,0,0
585,2026-07-29 03:33:00,4023.8,5,0,5,-5,1,0,0,0
585,2026-07-29 03:33:00,4024.0,2,0,3,-2,2,0,0,0
585,2026-07-29 03:33:00,4024.1,2,0,2,-2,1,0,0,0
586,2026-07-29 03:34:00,4024.2,0,0,1,0,1,0,0,0
586,2026-07-29 03:34:00,4024.3,0,1,1,1,1,0,0,0
586,2026-07-29 03:34:00,4024.6,0,1,1,1,1,0,0,0
586,2026-07-29 03:34:00,4025.0,0,1,1,1,1,0,0,0
587,2026-07-29 03:35:00,4025.0,1,0,1,-1,1,0,0,0
587,2026-07-29 03:35:00,4025.5,0,0,1,0,1,0,0,0
587,2026-07-29 03:35:00,4025.8,0,1,1,1,1,0,0,0
587,2026-07-29 03:35:00,4026.1,0,0,1,0,1,0,0,0
587,2026-07-29 03:35:00,4026.5,1,0,1,-1,1,0,0,0
588,2026-07-29 03:36:00,4026.3,1,0,1,-1,1,0,0,0
588,2026-07-29 03:36:00,4026.6,8,0,8,-8,1,0,0,0
588,2026-07-29 03:36:00,4026.8,1,0,2,-1,2,0,0,0
588,2026-07-29 03:36:00,4026.9,0,0,1,0,1,0,0,0
588,2026-07-29 03:36:00,4027.0,0,0,2,0,2,0,0,0
588,2026-07-29 03:36:00,4027.1,3,0,5,-3,3,0,0,0
588,2026-07-29 03:36:00,4027.2,0,0,3,0,1,0,0,0
589,2026-07-29 03:37:00,4025.6,0,0,1,0,1,0,0,0
589,2026-07-29 03:37:00,4025.9,1,0,1,-1,1,0,0,0
589,2026-07-29 03:37:00,4026.0,0,0,1,0,1,0,0,0
589,2026-07-29 03:37:00,4026.6,1,0,1,-1,1,0,0,0
589,2026-07-29 03:37:00,4027.7,0,0,5,0,1,0,0,0
589,2026-07-29 03:37:00,4027.8,0,0,3,0,1,0,0,0
590,2026-07-29 03:38:00,4025.6,0,0,1,0,1,0,0,0
591,2026-07-29 03:39:00,4025.4,0,1,1,1,1,0,0,0
591,2026-07-29 03:39:00,4025.5,0,0,1,0,1,0,0,0
591,2026-07-29 03:39:00,4025.6,0,0,1,0,1,0,0,0
591,2026-07-29 03:39:00,4026.4,14,1,21,-13,8,0,0,0
591,2026-07-29 03:39:00,4026.5,0,1,1,1,1,0,0,0
591,2026-07-29 03:39:00,4026.6,0,0,1,0,1,0,0,0
592,2026-07-29 03:40:00,4025.0,1,0,1,-1,1,0,0,0
593,2026-07-29 03:41:00,4023.8,2,0,2,-2,1,0,0,0
593,2026-07-29 03:41:00,4024.2,1,0,1,-1,1,0,0,0
593,2026-07-29 03:41:00,4024.8,0,0,1,0,1,0,0,0
593,2026-07-29 03:41:00,4024.9,1,0,1,-1,1,0,0,0
594,2026-07-29 03:42:00,4023.4,2,0,2,-2,2,0,0,0
594,2026-07-29 03:42:00,4023.5,1,0,1,-1,1,0,0,0
594,2026-07-29 03:42:00,4023.6,1,0,1,-1,1,0,0,0
594,2026-07-29 03:42:00,4023.7,3,0,3,-3,3,0,0,0
594,2026-07-29 03:42:00,4023.8,1,0,2,-1,2,0,0,0
594,2026-07-29 03:42:00,4023.9,1,0,1,-1,1,0,0,0
594,2026-07-29 03:42:00,4024.0,0,0,1,0,1,0,0,0
594,2026-07-29 03:42:00,4024.1,0,0,1,0,1,0,0,0
594,2026-07-29 03:42:00,4024.2,1,0,2,-1,2,0,0,0
594,2026-07-29 03:42:00,4024.3,1,0,2,-1,2,0,0,0
594,2026-07-29 03:42:00,4024.5,0,1,1,1,1,0,0,0
595,2026-07-29 03:43:00,4023.5,2,0,2,-2,2,0,0,0
595,2026-07-29 03:43:00,4023.7,0,0,2,0,2,0,0,0
595,2026-07-29 03:43:00,4023.8,0,0,1,0,1,0,0,0
595,2026-07-29 03:43:00,4023.9,1,0,4,-1,4,0,0,0
595,2026-07-29 03:43:00,4024.0,2,0,2,-2,2,0,0,0
595,2026-07-29 03:43:00,4024.1,0,0,1,0,1,0,0,0
595,2026-07-29 03:43:00,4024.2,0,1,2,1,2,0,0,0
595,2026-07-29 03:43:00,4024.3,0,1,1,1,1,0,0,0
596,2026-07-29 03:44:00,4023.6,2,0,2,-2,2,0,0,0
596,2026-07-29 03:44:00,4023.7,2,0,2,-2,2,0,0,0
596,2026-07-29 03:44:00,4023.9,1,0,1,-1,1,0,0,0
596,2026-07-29 03:44:00,4024.0,1,1,2,0,2,0,0,0
596,2026-07-29 03:44:00,4024.1,0,0,1,0,1,0,0,0
596,2026-07-29 03:44:00,4024.3,2,0,2,-2,2,0,0,0
596,2026-07-29 03:44:00,4024.4,0,1,1,1,1,0,0,0
596,2026-07-29 03:44:00,4024.5,0,1,1,1,1,0,0,0
596,2026-07-29 03:44:00,4024.6,0,2,2,2,2,0,0,0
597,2026-07-29 03:45:00,4023.9,1,0,1,-1,1,0,0,0
597,2026-07-29 03:45:00,4024.0,1,0,1,-1,1,0,0,0
597,2026-07-29 03:45:00,4024.1,3,0,3,-3,2,0,0,0
597,2026-07-29 03:45:00,4024.2,2,0,2,-2,2,0,0,0
597,2026-07-29 03:45:00,4024.3,4,0,7,-4,7,0,0,0
597,2026-07-29 03:45:00,4024.4,0,1,4,1,4,0,0,0
597,2026-07-29 03:45:00,4024.5,4,0,5,-4,5,0,0,0
597,2026-07-29 03:45:00,4024.6,0,2,2,2,2,0,0,0
598,2026-07-29 03:46:00,4024.2,0,0,1,0,1,0,0,0
598,2026-07-29 03:46:00,4024.3,0,0,1,0,1,0,0,0
599,2026-07-29 03:47:00,4024.6,0,2,2,2,1,0,0,0
599,2026-07-29 03:47:00,4024.9,0,1,1,1,1,0,0,0
599,2026-07-29 03:47:00,4025.1,1,0,1,-1,1,0,0,0
599,2026-07-29 03:47:00,4025.3,0,1,1,1,1,0,0,0
599,2026-07-29 03:47:00,4025.4,0,2,2,2,2,0,0,0
600,2026-07-29 03:48:00,4024.6,1,0,1,-1,1,0,0,0
600,2026-07-29 03:48:00,4024.7,4,0,11,-4,9,0,0,0
600,2026-07-29 03:48:00,4024.8,2,0,2,-2,2,0,0,0
600,2026-07-29 03:48:00,4025.0,0,2,2,2,2,0,0,0
601,2026-07-29 03:49:00,4024.7,0,0,10,0,10,0,0,0
601,2026-07-29 03:49:00,4025.0,0,0,1,0,1,0,0,0
601,2026-07-29 03:49:00,4025.1,0,1,1,1,1,0,0,0
602,2026-07-29 03:50:00,4024.0,2,0,3,-2,3,0,0,0
602,2026-07-29 03:50:00,4024.2,0,1,1,1,1,0,0,0
602,2026-07-29 03:50:00,4024.4,7,1,9,-6,9,0,0,0
602,2026-07-29 03:50:00,4024.5,1,0,3,-1,3,0,0,0
602,2026-07-29 03:50:00,4024.6,0,0,1,0,1,0,0,0
602,2026-07-29 03:50:00,4024.7,0,0,1,0,1,0,0,0
603,2026-07-29 03:51:00,4024.0,1,0,1,-1,1,0,0,0
603,2026-07-29 03:51:00,4024.1,0,1,1,1,1,0,0,0
603,2026-07-29 03:51:00,4024.2,1,0,1,-1,1,0,0,0
603,2026-07-29 03:51:00,4024.3,1,0,2,-1,2,0,0,0
603,2026-07-29 03:51:00,4024.4,0,1,1,1,1,0,0,0
603,2026-07-29 03:51:00,4024.5,0,3,3,3,3,0,0,0
604,2026-07-29 03:52:00,4023.6,1,0,1,-1,1,0,0,0
604,2026-07-29 03:52:00,4023.9,0,1,1,1,1,0,0,0
604,2026-07-29 03:52:00,4024.1,0,1,1,1,1,0,0,0
605,2026-07-29 03:53:00,4023.3,1,0,1,-1,1,0,0,0
605,2026-07-29 03:53:00,4023.5,1,0,1,-1,1,0,0,0
605,2026-07-29 03:53:00,4023.6,0,2,2,2,2,0,0,0
605,2026-07-29 03:53:00,4024.4,0,1,1,1,1,0,0,0
606,2026-07-29 03:54:00,4022.5,2,0,2,-2,2,0,0,0
606,2026-07-29 03:54:00,4022.7,1,0,1,-1,1,0,0,0
606,2026-07-29 03:54:00,4023.0,1,0,1,-1,1,0,0,0
606,2026-07-29 03:54:00,4023.2,0,3,3,3,1,0,0,0
607,2026-07-29 03:55:00,4022.4,0,3,3,3,1,0,0,0
607,2026-07-29 03:55:00,4022.7,0,1,1,1,1,0,0,0
608,2026-07-29 03:56:00,4022.0,0,0,1,0,1,0,0,0
608,2026-07-29 03:56:00,4022.2,0,0,1,0,1,0,0,0
609,2026-07-29 03:57:00,4022.0,0,0,2,0,2,0,0,0
609,2026-07-29 03:57:00,4022.5,0,0,1,0,1,0,0,0
609,2026-07-29 03:57:00,4022.8,0,0,1,0,1,0,0,0
610,2026-07-29 03:58:00,4021.5,2,0,3,-2,3,0,0,0
610,2026-07-29 03:58:00,4021.7,3,2,5,-1,2,0,0,0
610,2026-07-29 03:58:00,4021.9,3,1,4,-2,2,0,0,0
611,2026-07-29 03:59:00,4022.0,0,0,1,0,1,0,0,0
612,2026-07-29 04:00:00,4021.3,2,0,2,-2,2,0,0,0
612,2026-07-29 04:00:00,4021.4,1,0,1,-1,1,0,0,0
612,2026-07-29 04:00:00,4021.5,1,0,1,-1,1,0,0,0
612,2026-07-29 04:00:00,4021.6,1,0,1,-1,1,0,0,0
612,2026-07-29 04:00:00,4021.8,1,2,4,1,3,0,0,0
612,2026-07-29 04:00:00,4021.9,1,0,1,-1,1,0,0,0
612,2026-07-29 04:00:00,4022.0,0,18,33,18,7,0,0,0
612,2026-07-29 04:00:00,4023.1,6,0,6,-6,2,0,0,0
613,2026-07-29 04:01:00,4020.2,3,0,3,-3,3,0,0,0
613,2026-07-29 04:01:00,4020.3,3,0,3,-3,2,0,0,0
613,2026-07-29 04:01:00,4020.4,1,0,2,-1,2,0,0,0
613,2026-07-29 04:01:00,4020.5,2,3,6,1,4,0,0,0
613,2026-07-29 04:01:00,4020.6,2,0,2,-2,1,0,0,0
613,2026-07-29 04:01:00,4020.7,1,2,6,1,6,0,0,0
613,2026-07-29 04:01:00,4020.9,2,0,2,-2,2,0,0,0
613,2026-07-29 04:01:00,4021.0,0,0,1,0,1,0,0,0
613,2026-07-29 04:01:00,4021.1,1,0,1,-1,1,0,0,0
613,2026-07-29 04:01:00,4021.2,1,0,2,-1,2,0,0,0
614,2026-07-29 04:02:00,4021.2,0,0,1,0,1,0,0,0
614,2026-07-29 04:02:00,4021.3,0,2,2,2,2,0,0,0
614,2026-07-29 04:02:00,4021.6,0,0,1,0,1,0,0,0
614,2026-07-29 04:02:00,4021.8,0,1,1,1,1,0,0,0
615,2026-07-29 04:03:00,4019.8,0,0,1,0,1,0,0,0
615,2026-07-29 04:03:00,4020.3,1,0,1,-1,1,0,0,0
615,2026-07-29 04:03:00,4020.4,1,0,1,-1,1,0,0,0
615,2026-07-29 04:03:00,4020.9,1,0,1,-1,1,0,0,0
615,2026-07-29 04:03:00,4021.1,0,0,1,0,1,0,0,0
615,2026-07-29 04:03:00,4021.4,0,0,1,0,1,0,0,0
615,2026-07-29 04:03:00,4021.6,0,2,2,2,2,0,0,0
616,2026-07-29 04:04:00,4020.4,1,0,1,-1,1,0,0,0
616,2026-07-29 04:04:00,4020.5,0,0,1,0,1,0,0,0
616,2026-07-29 04:04:00,4020.6,0,1,1,1,1,0,0,0
616,2026-07-29 04:04:00,4020.7,0,1,1,1,1,0,0,0
617,2026-07-29 04:05:00,4020.2,2,0,2,-2,1,0,0,0
617,2026-07-29 04:05:00,4020.3,2,0,2,-2,1,0,0,0
617,2026-07-29 04:05:00,4020.4,1,1,2,0,2,0,0,0
617,2026-07-29 04:05:00,4020.6,1,1,2,0,2,0,0,0
617,2026-07-29 04:05:00,4020.9,0,1,1,1,1,0,0,0
618,2026-07-29 04:06:00,4019.8,1,0,1,-1,1,0,0,0
618,2026-07-29 04:06:00,4019.9,0,4,4,4,3,0,0,0
618,2026-07-29 04:06:00,4021.1,0,0,1,0,1,0,0,0
619,2026-07-29 04:07:00,4020.5,0,0,1,0,1,0,0,0
619,2026-07-29 04:07:00,4020.6,1,0,1,-1,1,0,0,0
619,2026-07-29 04:07:00,4020.8,0,1,1,1,1,0,0,0
619,2026-07-29 04:07:00,4021.0,0,0,2,0,2,0,0,0
620,2026-07-29 04:08:00,4021.1,2,1,3,-1,3,0,0,0
620,2026-07-29 04:08:00,4021.2,1,0,1,-1,1,0,0,0
621,2026-07-29 04:09:00,4020.8,0,1,1,1,1,0,0,0
622,2026-07-29 04:10:00,4021.3,0,1,1,1,1,0,0,0
622,2026-07-29 04:10:00,4021.4,0,1,1,1,1,0,0,0
623,2026-07-29 04:11:00,4020.7,0,1,1,1,1,0,0,0
624,2026-07-29 04:12:00,4020.0,0,2,2,2,2,0,0,0
624,2026-07-29 04:12:00,4020.5,4,0,4,-4,4,0,0,0
624,2026-07-29 04:12:00,4020.6,3,0,3,-3,2,0,0,0
624,2026-07-29 04:12:00,4020.8,0,1,1,1,1,0,0,0
624,2026-07-29 04:12:00,4020.9,0,1,1,1,1,0,0,0
625,2026-07-29 04:13:00,4021.0,0,4,4,4,2,0,0,0
625,2026-07-29 04:13:00,4021.1,0,3,3,3,2,0,0,0
625,2026-07-29 04:13:00,4021.2,0,4,4,4,1,0,0,0
625,2026-07-29 04:13:00,4021.3,0,3,3,3,1,0,0,0
625,2026-07-29 04:13:00,4021.4,0,5,5,5,1,0,0,0
626,2026-07-29 04:14:00,4020.0,3,0,3,-3,2,0,0,0
626,2026-07-29 04:14:00,4020.1,2,0,2,-2,1,0,0,0
626,2026-07-29 04:14:00,4020.2,4,2,6,-2,3,0,0,0
626,2026-07-29 04:14:00,4020.4,2,0,2,-2,1,0,0,0
627,2026-07-29 04:15:00,4019.3,1,0,1,-1,1,0,0,0
627,2026-07-29 04:15:00,4019.5,0,0,1,0,1,0,0,0
628,2026-07-29 04:16:00,4019.5,2,0,2,-2,2,0,0,0
628,2026-07-29 04:16:00,4019.8,0,0,2,0,2,0,0,0
629,2026-07-29 04:17:00,4019.8,0,2,4,2,4,0,0,0
629,2026-07-29 04:17:00,4020.0,2,0,2,-2,1,0,0,0
629,2026-07-29 04:17:00,4020.1,1,0,1,-1,1,0,0,0
629,2026-07-29 04:17:00,4020.2,1,0,1,-1,1,0,0,0
630,2026-07-29 04:18:00,4020.0,1,0,1,-1,1,0,0,0
630,2026-07-29 04:18:00,4020.5,0,2,2,2,2,0,0,0
631,2026-07-29 04:19:00,4019.3,0,0,1,0,1,0,0,0
631,2026-07-29 04:19:00,4019.6,0,2,2,2,2,0,0,0
632,2026-07-29 04:21:00,4021.0,1,0,1,-1,1,0,0,0
633,2026-07-29 04:22:00,4021.4,0,0,1,0,1,0,0,0
633,2026-07-29 04:22:00,4021.5,0,0,3,0,3,0,0,0
633,2026-07-29 04:22:00,4021.6,0,1,3,1,3,0,0,0
633,2026-07-29 04:22:00,4021.7,0,1,1,1,1,0,0,0
633,2026-07-29 04:22:00,4021.8,1,0,1,-1,1,0,0,0
634,2026-07-29 04:23:00,4021.6,0,3,3,3,3,0,0,0
634,2026-07-29 04:23:00,4021.7,0,0,1,0,1,0,0,0
634,2026-07-29 04:23:00,4021.8,0,1,1,1,1,0,0,0
634,2026-07-29 04:23:00,4022.0,0,1,1,1,1,0,0,0
635,2026-07-29 04:24:00,4021.6,1,0,1,-1,1,0,0,0
635,2026-07-29 04:24:00,4021.7,1,0,3,-1,3,0,0,0
635,2026-07-29 04:24:00,4021.8,0,2,2,2,2,0,0,0
635,2026-07-29 04:24:00,4021.9,0,3,3,3,3,0,0,0
635,2026-07-29 04:24:00,4022.0,0,3,3,3,3,0,0,0
635,2026-07-29 04:24:00,4022.1,0,3,3,3,3,0,0,0
635,2026-07-29 04:24:00,4022.2,0,2,3,2,3,0,0,0
635,2026-07-29 04:24:00,4022.3,0,1,2,1,2,0,0,0
635,2026-07-29 04:24:00,4022.4,0,2,2,2,2,0,0,0
635,2026-07-29 04:24:00,4022.5,0,0,1,0,1,0,0,0
635,2026-07-29 04:24:00,4022.6,0,0,1,0,1,0,0,0
636,2026-07-29 04:25:00,4022.8,1,0,2,-1,2,0,0,0
636,2026-07-29 04:25:00,4022.9,2,0,2,-2,2,0,0,0
636,2026-07-29 04:25:00,4023.0,0,0,1,0,1,0,0,0
636,2026-07-29 04:25:00,4023.1,0,0,1,0,1,0,0,0
636,2026-07-29 04:25:00,4023.2,2,0,3,-2,3,0,0,0
636,2026-07-29 04:25:00,4023.3,1,0,1,-1,1,0,0,0
636,2026-07-29 04:25:00,4023.4,1,0,1,-1,1,0,0,0
636,2026-07-29 04:25:00,4023.7,2,0,2,-2,2,0,0,0
637,2026-07-29 04:26:00,4023.6,0,1,1,1,1,0,0,0
638,2026-07-29 04:27:00,4022.5,11,0,11,-11,11,0,0,0
638,2026-07-29 04:27:00,4022.6,1,0,1,-1,1,0,0,0
638,2026-07-29 04:27:00,4022.7,4,1,5,-3,5,0,0,0
638,2026-07-29 04:27:00,4022.8,1,1,2,0,2,0,0,0
638,2026-07-29 04:27:00,4023.0,0,1,1,1,1,0,0,0
639,2026-07-29 04:29:00,4021.2,4,0,4,-4,4,0,0,0
639,2026-07-29 04:29:00,4021.3,2,0,2,-2,2,0,0,0
639,2026-07-29 04:29:00,4022.2,1,0,1,-1,1,0,0,0
639,2026-07-29 04:29:00,4022.3,1,0,1,-1,1,0,0,0
639,2026-07-29 04:29:00,4022.5,0,1,1,1,1,0,0,0
640,2026-07-29 04:30:00,4021.7,1,1,2,0,2,0,0,0
640,2026-07-29 04:30:00,4021.8,1,0,1,-1,1,0,0,0
640,2026-07-29 04:30:00,4021.9,1,1,2,0,2,0,0,0
640,2026-07-29 04:30:00,4022.0,2,1,3,-1,3,0,0,0
640,2026-07-29 04:30:00,4022.1,0,3,3,3,1,0,0,0
640,2026-07-29 04:30:00,4022.2,0,4,4,4,2,0,0,0
640,2026-07-29 04:30:00,4022.3,0,1,1,1,1,0,0,0
641,2026-07-29 04:31:00,4023.5,2,0,2,-2,2,0,0,0
641,2026-07-29 04:31:00,4023.6,0,1,1,1,1,0,0,0
641,2026-07-29 04:31:00,4023.7,1,0,1,-1,1,0,0,0
641,2026-07-29 04:31:00,4023.9,0,1,1,1,1,0,0,0
642,2026-07-29 04:32:00,4023.0,0,0,1,0,1,0,0,0
642,2026-07-29 04:32:00,4023.1,0,0,1,0,1,0,0,0
642,2026-07-29 04:32:00,4023.2,0,1,1,1,1,0,0,0
642,2026-07-29 04:32:00,4023.6,0,1,1,1,1,0,0,0
643,2026-07-29 04:33:00,4023.8,1,0,1,-1,1,0,0,0
643,2026-07-29 04:33:00,4025.0,0,1,1,1,1,0,0,0
643,2026-07-29 04:33:00,4025.1,0,2,2,2,2,0,0,0
643,2026-07-29 04:33:00,4025.3,0,1,1,1,1,0,0,0
644,2026-07-29 04:34:00,4024.2,1,0,1,-1,1,0,0,0
644,2026-07-29 04:34:00,4024.3,2,0,2,-2,1,0,0,0
644,2026-07-29 04:34:00,4024.4,0,0,1,0,1,0,0,0
644,2026-07-29 04:34:00,4024.7,0,1,1,1,1,0,0,0
644,2026-07-29 04:34:00,4024.9,2,0,2,-2,2,0,0,0
644,2026-07-29 04:34:00,4025.0,1,2,4,1,4,0,0,0
644,2026-07-29 04:34:00,4025.2,0,2,2,2,1,0,0,0
645,2026-07-29 04:35:00,4023.2,1,0,1,-1,1,0,0,0
645,2026-07-29 04:35:00,4023.3,1,0,1,-1,1,0,0,0
645,2026-07-29 04:35:00,4023.4,2,1,3,-1,3,0,0,0
645,2026-07-29 04:35:00,4023.7,0,1,1,1,1,0,0,0
645,2026-07-29 04:35:00,4023.8,0,2,2,2,2,0,0,0
646,2026-07-29 04:36:00,4023.7,1,0,1,-1,1,0,0,0
646,2026-07-29 04:36:00,4023.8,1,0,1,-1,1,0,0,0
646,2026-07-29 04:36:00,4023.9,2,0,2,-2,2,0,0,0
646,2026-07-29 04:36:00,4024.0,0,11,11,11,1,0,0,0
646,2026-07-29 04:36:00,4024.3,2,0,2,-2,1,0,0,0
647,2026-07-29 04:37:00,4023.5,1,0,1,-1,1,0,0,0
647,2026-07-29 04:37:00,4023.6,1,0,1,-1,1,0,0,0
647,2026-07-29 04:37:00,4023.7,1,0,1,-1,1,0,0,0
647,2026-07-29 04:37:00,4023.9,1,0,1,-1,1,0,0,0
648,2026-07-29 04:38:00,4023.8,1,0,1,-1,1,0,0,0
649,2026-07-29 04:39:00,4023.2,0,2,2,2,1,0,0,0
649,2026-07-29 04:39:00,4023.4,0,2,2,2,1,0,0,0
649,2026-07-29 04:39:00,4023.6,0,0,2,0,1,0,0,0
649,2026-07-29 04:39:00,4023.8,1,0,1,-1,1,0,0,0
650,2026-07-29 04:40:00,4023.7,0,1,1,1,1,0,0,0
650,2026-07-29 04:40:00,4024.6,0,1,1,1,1,0,0,0
651,2026-07-29 04:41:00,4024.2,1,0,1,-1,1,0,0,0
651,2026-07-29 04:41:00,4024.3,2,0,2,-2,1,0,0,0
651,2026-07-29 04:41:00,4024.4,2,1,3,-1,3,0,0,0
651,2026-07-29 04:41:00,4024.5,1,0,1,-1,1,0,0,0
651,2026-07-29 04:41:00,4024.6,0,3,3,3,3,0,0,0
651,2026-07-29 04:41:00,4024.7,0,0,1,0,1,0,0,0
651,2026-07-29 04:41:00,4025.1,0,5,5,5,1,0,0,0
651,2026-07-29 04:41:00,4025.2,0,3,3,3,2,0,0,0
652,2026-07-29 04:42:00,4024.8,1,0,1,-1,1,0,0,0
652,2026-07-29 04:42:00,4024.9,3,0,3,-3,3,0,0,0
652,2026-07-29 04:42:00,4025.1,1,0,1,-1,1,0,0,0
652,2026-07-29 04:42:00,4025.4,0,1,1,1,1,0,0,0
652,2026-07-29 04:42:00,4025.5,0,0,1,0,1,0,0,0
653,2026-07-29 04:44:00,4025.2,0,0,1,0,1,0,0,0
653,2026-07-29 04:44:00,4025.4,1,0,1,-1,1,0,0,0
654,2026-07-29 04:45:00,4024.5,1,0,1,-1,1,0,0,0
654,2026-07-29 04:45:00,4024.8,0,0,1,0,1,0,0,0
654,2026-07-29 04:45:00,4024.9,0,1,1,1,1,0,0,0
655,2026-07-29 04:46:00,4024.7,1,0,1,-1,1,0,0,0
655,2026-07-29 04:46:00,4024.8,1,0,1,-1,1,0,0,0
655,2026-07-29 04:46:00,4025.1,0,1,1,1,1,0,0,0
656,2026-07-29 04:47:00,4024.7,0,1,1,1,1,0,0,0
656,2026-07-29 04:47:00,4025.2,1,0,1,-1,1,0,0,0
656,2026-07-29 04:47:00,4025.7,0,1,1,1,1,0,0,0
657,2026-07-29 04:48:00,4022.8,0,2,4,2,4,0,0,0
657,2026-07-29 04:48:00,4022.9,2,0,2,-2,2,0,0,0
657,2026-07-29 04:48:00,4023.0,4,0,4,-4,4,0,0,0
657,2026-07-29 04:48:00,4023.1,2,1,5,-1,5,0,0,0
657,2026-07-29 04:48:00,4023.2,3,0,5,-3,5,0,0,0
657,2026-07-29 04:48:00,4023.3,5,1,8,-4,8,0,0,0
657,2026-07-29 04:48:00,4023.7,0,1,1,1,1,0,0,0
658,2026-07-29 04:49:00,4021.9,1,0,1,-1,1,0,0,0
658,2026-07-29 04:49:00,4022.0,1,0,1,-1,1,0,0,0
658,2026-07-29 04:49:00,4022.1,3,0,3,-3,3,0,0,0
658,2026-07-29 04:49:00,4022.3,3,0,4,-3,4,0,0,0
659,2026-07-29 04:50:00,4022.2,1,0,1,-1,1,0,0,0
659,2026-07-29 04:50:00,4023.6,0,2,2,2,2,0,0,0
659,2026-07-29 04:50:00,4023.7,0,0,1,0,1,0,0,0
659,2026-07-29 04:50:00,4023.8,0,2,2,2,2,0,0,0
659,2026-07-29 04:50:00,4024.4,1,2,3,1,3,0,0,0
659,2026-07-29 04:50:00,4024.5,0,1,1,1,1,0,0,0
659,2026-07-29 04:50:00,4024.6,0,1,1,1,1,0,0,0
660,2026-07-29 04:51:00,4024.2,1,0,2,-1,2,0,0,0
660,2026-07-29 04:51:00,4024.3,1,0,1,-1,1,0,0,0
660,2026-07-29 04:51:00,4024.4,0,8,9,8,9,0,0,0
660,2026-07-29 04:51:00,4024.5,1,0,1,-1,1,0,0,0
661,2026-07-29 04:52:00,4023.6,0,1,1,1,1,0,0,0
661,2026-07-29 04:52:00,4023.8,1,0,1,-1,1,0,0,0
661,2026-07-29 04:52:00,4024.0,4,0,6,-4,6,0,0,0
661,2026-07-29 04:52:00,4024.1,1,0,1,-1,1,0,0,0
661,2026-07-29 04:52:00,4024.2,2,0,2,-2,2,0,0,0
662,2026-07-29 04:53:00,4024.0,0,0,6,0,6,0,0,0
662,2026-07-29 04:53:00,4024.2,1,0,1,-1,1,0,0,0
662,2026-07-29 04:53:00,4024.3,1,0,1,-1,1,0,0,0
662,2026-07-29 04:53:00,4024.5,2,0,2,-2,2,0,0,0
663,2026-07-29 04:54:00,4023.7,0,1,1,1,1,0,0,0
663,2026-07-29 04:54:00,4024.3,0,2,2,2,2,0,0,0
663,2026-07-29 04:54:00,4024.4,0,0,1,0,1,0,0,0
663,2026-07-29 04:54:00,4024.5,2,0,2,-2,2,0,0,0
664,2026-07-29 04:55:00,4024.9,1,0,1,-1,1,0,0,0
664,2026-07-29 04:55:00,4025.0,2,0,2,-2,2,0,0,0
664,2026-07-29 04:55:00,4025.1,1,0,1,-1,1,0,0,0
664,2026-07-29 04:55:00,4025.2,0,0,3,0,1,0,0,0
664,2026-07-29 04:55:00,4025.4,0,1,1,1,1,0,0,0
665,2026-07-29 04:56:00,4025.0,0,0,1,0,1,0,0,0
665,2026-07-29 04:56:00,4025.1,2,0,2,-2,2,0,0,0
665,2026-07-29 04:56:00,4025.7,0,0,3,0,2,0,0,0
665,2026-07-29 04:56:00,4025.8,1,1,2,0,2,0,0,0
665,2026-07-29 04:56:00,4025.9,0,1,1,1,1,0,0,0
665,2026-07-29 04:56:00,4026.0,12,0,23,-12,20,0,0,0
666,2026-07-29 04:57:00,4024.5,1,0,1,-1,1,0,0,0
666,2026-07-29 04:57:00,4024.6,0,0,1,0,1,0,0,0
666,2026-07-29 04:57:00,4024.8,0,0,6,0,6,0,0,0
667,2026-07-29 04:58:00,4024.3,1,0,1,-1,1,0,0,0
667,2026-07-29 04:58:00,4024.4,0,0,1,0,1,0,0,0
667,2026-07-29 04:58:00,4024.5,2,0,2,-2,2,0,0,0
667,2026-07-29 04:58:00,4024.7,1,2,3,1,3,0,0,0
667,2026-07-29 04:58:00,4024.8,0,0,1,0,1,0,0,0
667,2026-07-29 04:58:00,4024.9,0,1,1,1,1,0,0,0
668,2026-07-29 04:59:00,4025.2,0,0,1,0,1,0,0,0
668,2026-07-29 04:59:00,4025.4,0,0,1,0,1,0,0,0
669,2026-07-29 05:00:00,4025.4,1,0,1,-1,1,0,0,0
669,2026-07-29 05:00:00,4025.9,0,1,1,1,1,0,0,0
670,2026-07-29 05:01:00,4025.5,0,1,1,1,1,0,0,0
670,2026-07-29 05:01:00,4026.0,0,2,2,2,2,0,0,0
670,2026-07-29 05:01:00,4027.0,1,0,1,-1,1,0,0,0
671,2026-07-29 05:02:00,4026.7,0,0,1,0,1,0,0,0
671,2026-07-29 05:02:00,4026.8,0,0,1,0,1,0,0,0
671,2026-07-29 05:02:00,4027.0,0,0,3,0,3,0,0,0
671,2026-07-29 05:02:00,4027.3,1,0,1,-1,1,0,0,0
671,2026-07-29 05:02:00,4027.4,0,0,1,0,1,0,0,0
671,2026-07-29 05:02:00,4027.5,0,1,1,1,1,0,0,0
672,2026-07-29 05:03:00,4026.7,2,0,3,-2,3,0,0,0
672,2026-07-29 05:03:00,4027.0,1,0,1,-1,1,0,0,0
672,2026-07-29 05:03:00,4027.2,0,1,1,1,1,0,0,0
672,2026-07-29 05:03:00,4027.3,0,0,1,0,1,0,0,0
673,2026-07-29 05:04:00,4026.9,1,0,1,-1,1,0,0,0
673,2026-07-29 05:04:00,4027.0,1,0,1,-1,1,0,0,0
673,2026-07-29 05:04:00,4027.1,0,1,1,1,1,0,0,0
673,2026-07-29 05:04:00,4027.2,0,1,1,1,1,0,0,0
673,2026-07-29 05:04:00,4027.3,1,0,1,-1,1,0,0,0
673,2026-07-29 05:04:00,4027.4,1,0,1,-1,1,0,0,0
674,2026-07-29 05:05:00,4025.4,4,1,5,-3,5,0,0,0
674,2026-07-29 05:05:00,4025.5,1,0,1,-1,1,0,0,0
674,2026-07-29 05:05:00,4025.7,0,0,10,0,10,0,0,0
674,2026-07-29 05:05:00,4025.9,1,0,1,-1,1,0,0,0
674,2026-07-29 05:05:00,4026.3,1,0,1,-1,1,0,0,0
674,2026-07-29 05:05:00,4026.6,0,2,5,2,5,0,0,0
674,2026-07-29 05:05:00,4026.8,0,0,1,0,1,0,0,0
675,2026-07-29 05:06:00,4026.7,0,1,1,1,1,0,0,0
676,2026-07-29 05:07:00,4025.6,1,0,1,-1,1,0,0,0
676,2026-07-29 05:07:00,4025.7,3,0,3,-3,3,0,0,0
676,2026-07-29 05:07:00,4025.9,0,0,1,0,1,0,0,0
676,2026-07-29 05:07:00,4026.0,0,2,2,2,2,0,0,0
676,2026-07-29 05:07:00,4026.2,0,0,1,0,1,0,0,0
677,2026-07-29 05:08:00,4026.4,2,0,3,-2,3,0,0,0
677,2026-07-29 05:08:00,4026.6,1,0,2,-1,2,0,0,0
677,2026-07-29 05:08:00,4026.7,0,0,1,0,1,0,0,0
678,2026-07-29 05:09:00,4025.9,7,0,7,-7,7,0,0,0
678,2026-07-29 05:09:00,4026.0,0,0,1,0,1,0,0,0
678,2026-07-29 05:09:00,4026.1,1,0,1,-1,1,0,0,0
678,2026-07-29 05:09:00,4026.2,1,0,1,-1,1,0,0,0
678,2026-07-29 05:09:00,4026.4,0,0,1,0,1,0,0,0
678,2026-07-29 05:09:00,4026.5,0,0,2,0,1,0,0,0
678,2026-07-29 05:09:00,4026.6,0,1,1,1,1,0,0,0
679,2026-07-29 05:10:00,4025.3,3,0,4,-3,4,0,0,0
679,2026-07-29 05:10:00,4025.4,1,0,1,-1,1,0,0,0
679,2026-07-29 05:10:00,4026.1,0,1,1,1,1,0,0,0
679,2026-07-29 05:10:00,4026.3,0,1,1,1,1,0,0,0
679,2026-07-29 05:10:00,4026.8,0,0,1,0,1,0,0,0
679,2026-07-29 05:10:00,4027.4,2,0,2,-2,1,0,0,0
679,2026-07-29 05:10:00,4027.5,3,0,3,-3,1,0,0,0
679,2026-07-29 05:10:00,4027.6,1,0,2,-1,2,0,0,0
679,2026-07-29 05:10:00,4027.7,1,1,2,0,2,0,0,0
679,2026-07-29 05:10:00,4027.8,0,1,1,1,1,0,0,0
679,2026-07-29 05:10:00,4028.0,0,0,1,0,1,0,0,0
679,2026-07-29 05:10:00,4028.1,1,0,2,-1,2,0,0,0
679,2026-07-29 05:10:00,4028.3,0,2,2,2,2,0,0,0
680,2026-07-29 05:11:00,4027.8,0,0,1,0,1,0,0,0
680,2026-07-29 05:11:00,4028.4,0,0,1,0,1,0,0,0
680,2026-07-29 05:11:00,4028.8,0,0,1,0,1,0,0,0
680,2026-07-29 05:11:00,4028.9,1,0,1,-1,1,0,0,0
680,2026-07-29 05:11:00,4029.0,2,0,2,-2,2,0,0,0
680,2026-07-29 05:11:00,4029.1,1,0,2,-1,2,0,0,0
680,2026-07-29 05:11:00,4029.5,2,0,2,-2,2,0,0,0
680,2026-07-29 05:11:00,4029.7,0,2,2,2,2,0,0,0
681,2026-07-29 05:12:00,4028.9,1,0,1,-1,1,0,0,0
681,2026-07-29 05:12:00,4029.0,3,0,4,-3,3,0,0,0
681,2026-07-29 05:12:00,4029.1,1,0,1,-1,1,0,0,0
681,2026-07-29 05:12:00,4029.2,0,1,1,1,1,0,0,0
681,2026-07-29 05:12:00,4029.6,1,1,2,0,2,0,0,0
681,2026-07-29 05:12:00,4029.8,0,1,1,1,1,0,0,0
682,2026-07-29 05:13:00,4028.6,2,0,2,-2,2,0,0,0
682,2026-07-29 05:13:00,4028.9,0,1,1,1,1,0,0,0
682,2026-07-29 05:13:00,4029.0,1,0,1,-1,1,0,0,0
682,2026-07-29 05:13:00,4029.1,0,1,1,1,1,0,0,0
682,2026-07-29 05:13:00,4029.2,1,0,1,-1,1,0,0,0
682,2026-07-29 05:13:00,4029.5,0,0,1,0,1,0,0,0
682,2026-07-29 05:13:00,4029.6,1,1,3,0,3,0,0,0
682,2026-07-29 05:13:00,4029.7,0,1,2,1,2,0,0,0
682,2026-07-29 05:13:00,4029.8,1,3,4,2,3,0,0,0
682,2026-07-29 05:13:00,4029.9,0,1,1,1,1,0,0,0
683,2026-07-29 05:14:00,4027.9,1,0,1,-1,1,0,0,0
683,2026-07-29 05:14:00,4028.0,1,0,1,-1,1,0,0,0
683,2026-07-29 05:14:00,4028.1,2,0,2,-2,2,0,0,0
683,2026-07-29 05:14:00,4028.2,0,0,1,0,1,0,0,0
683,2026-07-29 05:14:00,4028.3,1,0,2,-1,2,0,0,0
683,2026-07-29 05:14:00,4028.4,0,3,6,3,6,0,0,0
683,2026-07-29 05:14:00,4028.7,0,0,1,0,1,0,0,0
684,2026-07-29 05:15:00,4026.4,1,0,1,-1,1,0,0,0
684,2026-07-29 05:15:00,4026.5,2,0,3,-2,3,0,0,0
684,2026-07-29 05:15:00,4026.6,1,0,1,-1,1,0,0,0
684,2026-07-29 05:15:00,4026.8,1,0,1,-1,1,0,0,0
684,2026-07-29 05:15:00,4027.2,1,0,1,-1,1,0,0,0
684,2026-07-29 05:15:00,4027.3,0,3,3,3,3,0,0,0
684,2026-07-29 05:15:00,4027.7,0,0,1,0,1,0,0,0
684,2026-07-29 05:15:00,4027.9,0,0,1,0,1,0,0,0
685,2026-07-29 05:16:00,4026.0,2,0,2,-2,2,0,0,0
685,2026-07-29 05:16:00,4026.1,3,0,3,-3,3,0,0,0
685,2026-07-29 05:16:00,4026.2,0,1,3,1,3,0,0,0
685,2026-07-29 05:16:00,4026.3,3,0,3,-3,3,0,0,0
685,2026-07-29 05:16:00,4026.4,2,0,2,-2,2,0,0,0
685,2026-07-29 05:16:00,4026.5,2,2,4,0,3,0,0,0
685,2026-07-29 05:16:00,4026.6,0,0,3,0,3,0,0,0
685,2026-07-29 05:16:00,4026.8,0,1,1,1,1,0,0,0
686,2026-07-29 05:17:00,4026.0,3,2,5,-1,4,0,0,0
686,2026-07-29 05:17:00,4026.1,2,1,4,-1,4,0,0,0
686,2026-07-29 05:17:00,4026.2,1,1,2,0,2,0,0,0
686,2026-07-29 05:17:00,4026.3,2,1,5,-1,5,0,0,0
686,2026-07-29 05:17:00,4026.4,0,3,3,3,3,0,0,0
687,2026-07-29 05:18:00,4025.9,0,0,1,0,1,0,0,0
687,2026-07-29 05:18:00,4026.2,1,1,2,0,2,0,0,0
688,2026-07-29 05:19:00,4025.9,1,0,1,-1,1,0,0,0
688,2026-07-29 05:19:00,4026.0,0,0,1,0,1,0,0,0
688,2026-07-29 05:19:00,4026.1,0,1,1,1,1,0,0,0
689,2026-07-29 05:20:00,4026.1,0,25,25,25,25,0,0,0
689,2026-07-29 05:20:00,4026.8,0,0,1,0,1,0,0,0
690,2026-07-29 05:21:00,4026.0,1,0,1,-1,1,0,0,0
690,2026-07-29 05:21:00,4026.1,8,1,9,-7,9,0,0,0
690,2026-07-29 05:21:00,4026.7,1,0,1,-1,1,0,0,0
691,2026-07-29 05:22:00,4026.6,0,0,1,0,1,0,0,0
691,2026-07-29 05:22:00,4026.7,0,0,1,0,1,0,0,0
691,2026-07-29 05:22:00,4026.9,0,1,1,1,1,0,0,0
691,2026-07-29 05:22:00,4027.0,0,3,3,3,3,0,0,0
691,2026-07-29 05:22:00,4027.1,0,1,1,1,1,0,0,0
691,2026-07-29 05:22:00,4027.3,0,2,2,2,2,0,0,0
691,2026-07-29 05:22:00,4028.0,0,1,1,1,1,0,0,0
691,2026-07-29 05:22:00,4028.1,0,1,1,1,1,0,0,0
691,2026-07-29 05:22:00,4028.2,0,1,2,1,2,0,0,0
691,2026-07-29 05:22:00,4028.3,1,1,2,0,2,0,0,0
691,2026-07-29 05:22:00,4028.4,0,1,1,1,1,0,0,0
691,2026-07-29 05:22:00,4028.5,0,1,2,1,2,0,0,0
692,2026-07-29 05:23:00,4028.0,1,0,1,-1,1,0,0,0
692,2026-07-29 05:23:00,4028.3,0,0,1,0,1,0,0,0
692,2026-07-29 05:23:00,4028.4,0,1,1,1,1,0,0,0
692,2026-07-29 05:23:00,4028.7,1,0,1,-1,1,0,0,0
692,2026-07-29 05:23:00,4028.8,0,0,2,0,2,0,0,0
692,2026-07-29 05:23:00,4028.9,0,2,3,2,3,0,0,0
692,2026-07-29 05:23:00,4029.0,0,0,3,0,3,0,0,0
692,2026-07-29 05:23:00,4029.1,0,0,2,0,2,0,0,0
693,2026-07-29 05:24:00,4029.0,0,0,1,0,1,0,0,0
693,2026-07-29 05:24:00,4029.2,0,0,2,0,2,0,0,0
694,2026-07-29 05:25:00,4028.8,1,0,1,-1,1,0,0,0
694,2026-07-29 05:25:00,4028.9,1,0,1,-1,1,0,0,0
694,2026-07-29 05:25:00,4029.0,0,0,1,0,1,0,0,0
694,2026-07-29 05:25:00,4029.2,0,1,5,1,5,0,0,0
695,2026-07-29 05:26:00,4028.3,2,0,2,-2,2,0,0,0
695,2026-07-29 05:26:00,4028.7,0,0,1,0,1,0,0,0
695,2026-07-29 05:26:00,4028.8,2,0,2,-2,2,0,0,0
695,2026-07-29 05:26:00,4028.9,0,0,2,0,2,0,0,0
695,2026-07-29 05:26:00,4029.0,0,0,1,0,1,0,0,0
696,2026-07-29 05:27:00,4027.7,1,0,1,-1,1,0,0,0
696,2026-07-29 05:27:00,4027.8,1,0,1,-1,1,0,0,0
696,2026-07-29 05:27:00,4027.9,2,0,2,-2,2,0,0,0
696,2026-07-29 05:27:00,4028.0,1,0,1,-1,1,0,0,0
696,2026-07-29 05:27:00,4028.1,1,0,1,-1,1,0,0,0
696,2026-07-29 05:27:00,4028.2,0,0,2,0,2,0,0,0
696,2026-07-29 05:27:00,4028.3,0,0,1,0,1,0,0,0
696,2026-07-29 05:27:00,4028.4,0,0,1,0,1,0,0,0
696,2026-07-29 05:27:00,4028.5,0,1,1,1,1,0,0,0
697,2026-07-29 05:28:00,4028.0,2,0,2,-2,2,0,0,0
697,2026-07-29 05:28:00,4028.1,1,0,1,-1,1,0,0,0
697,2026-07-29 05:28:00,4028.5,1,0,1,-1,1,0,0,0
697,2026-07-29 05:28:00,4028.6,0,0,1,0,1,0,0,0
697,2026-07-29 05:28:00,4028.7,0,1,2,1,2,0,0,0
697,2026-07-29 05:28:00,4029.0,0,2,4,2,4,0,0,0
697,2026-07-29 05:28:00,4029.1,0,1,1,1,1,0,0,0
697,2026-07-29 05:28:00,4029.2,0,1,1,1,1,0,0,0
698,2026-07-29 05:29:00,4028.4,0,6,6,6,6,0,0,0
698,2026-07-29 05:29:00,4028.6,0,0,1,0,1,0,0,0
699,2026-07-29 05:30:00,4028.8,0,0,6,0,6,0,0,0
699,2026-07-29 05:30:00,4030.0,1,0,1,-1,1,0,0,0
699,2026-07-29 05:30:00,4030.1,0,0,2,0,2,0,0,0
699,2026-07-29 05:30:00,4030.3,2,0,2,-2,2,0,0,0
699,2026-07-29 05:30:00,4030.4,1,0,1,-1,1,0,0,0
699,2026-07-29 05:30:00,4030.5,5,0,7,-5,5,0,0,0
699,2026-07-29 05:30:00,4030.6,3,0,3,-3,1,0,0,0
699,2026-07-29 05:30:00,4030.7,3,0,3,-3,2,0,0,0
699,2026-07-29 05:30:00,4031.2,0,0,1,0,1,0,0,0
699,2026-07-29 05:30:00,4031.4,1,0,2,-1,2,0,0,0
699,2026-07-29 05:30:00,4031.6,0,0,1,0,1,0,0,0
699,2026-07-29 05:30:00,4032.0,0,0,6,0,2,0,0,0
699,2026-07-29 05:30:00,4032.2,0,0,1,0,1,0,0,0
699,2026-07-29 05:30:00,4032.4,1,0,2,-1,2,0,0,0
700,2026-07-29 05:31:00,4030.0,0,0,1,0,1,0,0,0
700,2026-07-29 05:31:00,4031.2,1,0,1,-1,1,0,0,0
701,2026-07-29 05:32:00,4028.3,1,0,1,-1,1,0,0,0
701,2026-07-29 05:32:00,4028.4,1,0,1,-1,1,0,0,0
701,2026-07-29 05:32:00,4028.6,1,0,1,-1,1,0,0,0
701,2026-07-29 05:32:00,4028.7,1,0,1,-1,1,0,0,0
701,2026-07-29 05:32:00,4029.0,0,1,1,1,1,0,0,0
701,2026-07-29 05:32:00,4029.1,2,0,3,-2,3,0,0,0
701,2026-07-29 05:32:00,4029.2,0,1,1,1,1,0,0,0
701,2026-07-29 05:32:00,4029.3,0,1,1,1,1,0,0,0
701,2026-07-29 05:32:00,4029.4,0,1,2,1,2,0,0,0
701,2026-07-29 05:32:00,4029.5,1,0,1,-1,1,0,0,0
701,2026-07-29 05:32:00,4029.6,0,1,1,1,1,0,0,0
701,2026-07-29 05:32:00,4029.7,0,0,1,0,1,0,0,0
701,2026-07-29 05:32:00,4029.8,1,0,1,-1,1,0,0,0
701,2026-07-29 05:32:00,4029.9,1,3,4,2,3,0,0,0
701,2026-07-29 05:32:00,4030.0,0,2,2,2,2,0,0,0
701,2026-07-29 05:32:00,4030.1,0,1,1,1,1,0,0,0
702,2026-07-29 05:33:00,4030.2,0,0,2,0,2,0,0,0
702,2026-07-29 05:33:00,4030.3,0,0,1,0,1,0,0,0
702,2026-07-29 05:33:00,4030.4,0,1,1,1,1,0,0,0
702,2026-07-29 05:33:00,4030.7,0,1,1,1,1,0,0,0
702,2026-07-29 05:33:00,4030.8,1,1,2,0,2,0,0,0
702,2026-07-29 05:33:00,4030.9,0,1,2,1,2,0,0,0
703,2026-07-29 05:34:00,4029.3,0,0,1,0,1,0,0,0
703,2026-07-29 05:34:00,4030.0,0,0,1,0,1,0,0,0
703,2026-07-29 05:34:00,4030.2,0,0,1,0,1,0,0,0
703,2026-07-29 05:34:00,4030.6,1,0,1,-1,1,0,0,0
703,2026-07-29 05:34:00,4030.8,0,2,2,2,2,0,0,0
703,2026-07-29 05:34:00,4030.9,0,1,1,1,1,0,0,0
704,2026-07-29 05:35:00,4029.7,1,0,1,-1,1,0,0,0
704,2026-07-29 05:35:00,4029.8,2,0,2,-2,2,0,0,0
704,2026-07-29 05:35:00,4029.9,0,0,2,0,2,0,0,0
704,2026-07-29 05:35:00,4030.0,3,0,3,-3,3,0,0,0
704,2026-07-29 05:35:00,4030.2,2,4,9,2,9,0,0,0
704,2026-07-29 05:35:00,4030.3,2,6,8,4,8,0,0,0
704,2026-07-29 05:35:00,4030.4,0,3,6,3,6,0,0,0
704,2026-07-29 05:35:00,4030.5,0,1,1,1,1,0,0,0
704,2026-07-29 05:35:00,4030.6,0,1,1,1,1,0,0,0
705,2026-07-29 05:36:00,4029.3,1,0,1,-1,1,0,0,0
705,2026-07-29 05:36:00,4029.4,2,0,2,-2,2,0,0,0
705,2026-07-29 05:36:00,4029.7,0,0,1,0,1,0,0,0
705,2026-07-29 05:36:00,4029.8,1,0,1,-1,1,0,0,0
705,2026-07-29 05:36:00,4030.0,0,0,1,0,1,0,0,0
705,2026-07-29 05:36:00,4030.1,3,0,3,-3,2,0,0,0
705,2026-07-29 05:36:00,4030.2,1,0,2,-1,2,0,0,0
705,2026-07-29 05:36:00,4030.3,0,0,1,0,1,0,0,0
705,2026-07-29 05:36:00,4030.4,0,0,1,0,1,0,0,0
705,2026-07-29 05:36:00,4030.6,1,0,3,-1,3,0,0,0
705,2026-07-29 05:36:00,4030.8,0,0,1,0,1,0,0,0
705,2026-07-29 05:36:00,4030.9,2,0,2,-2,1,0,0,0
705,2026-07-29 05:36:00,4031.0,0,1,12,1,12,0,0,0
705,2026-07-29 05:36:00,4031.5,0,0,1,0,1,0,0,0
706,2026-07-29 05:37:00,4028.8,1,0,1,-1,1,0,0,0
706,2026-07-29 05:37:00,4029.0,3,0,3,-3,3,0,0,0
706,2026-07-29 05:37:00,4029.2,2,0,7,-2,7,0,0,0
706,2026-07-29 05:37:00,4029.3,1,0,1,-1,1,0,0,0
707,2026-07-29 05:39:00,4029.6,2,0,2,-2,1,0,0,0
707,2026-07-29 05:39:00,4029.8,0,0,1,0,1,0,0,0
707,2026-07-29 05:39:00,4030.0,0,0,1,0,1,0,0,0
707,2026-07-29 05:39:00,4030.1,0,0,1,0,1,0,0,0
707,2026-07-29 05:39:00,4030.2,0,0,1,0,1,0,0,0
708,2026-07-29 05:40:00,4029.6,0,0,1,0,1,0,0,0
709,2026-07-29 05:41:00,4030.5,1,0,3,-1,3,0,0,0
709,2026-07-29 05:41:00,4030.6,1,0,1,-1,1,0,0,0
709,2026-07-29 05:41:00,4030.7,0,1,1,1,1,0,0,0
710,2026-07-29 05:42:00,4031.9,0,1,1,1,1,0,0,0
710,2026-07-29 05:42:00,4032.0,6,3,16,-3,15,0,0,0
710,2026-07-29 05:42:00,4032.1,2,0,2,-2,2,0,0,0
710,2026-07-29 05:42:00,4032.4,0,1,1,1,1,0,0,0
711,2026-07-29 05:43:00,4033.0,0,0,1,0,1,0,0,0
711,2026-07-29 05:43:00,4033.3,0,0,1,0,1,0,0,0
711,2026-07-29 05:43:00,4033.6,0,2,2,2,1,0,0,0
711,2026-07-29 05:43:00,4033.7,0,1,1,1,1,0,0,0
711,2026-07-29 05:43:00,4034.0,1,0,1,-1,1,0,0,0
711,2026-07-29 05:43:00,4034.2,1,0,1,-1,1,0,0,0
711,2026-07-29 05:43:00,4034.3,1,0,1,-1,1,0,0,0
711,2026-07-29 05:43:00,4034.5,14,2,26,-12,19,0,0,0
711,2026-07-29 05:43:00,4034.7,0,2,2,2,2,0,0,0
711,2026-07-29 05:43:00,4034.9,0,1,2,1,2,0,0,0
712,2026-07-29 05:44:00,4034.1,1,0,1,-1,1,0,0,0
712,2026-07-29 05:44:00,4034.4,1,0,1,-1,1,0,0,0
712,2026-07-29 05:44:00,4034.6,1,0,1,-1,1,0,0,0
712,2026-07-29 05:44:00,4034.9,0,2,2,2,2,0,0,0
712,2026-07-29 05:44:00,4035.4,0,3,4,3,2,0,0,0
712,2026-07-29 05:44:00,4035.6,0,0,1,0,1,0,0,0
712,2026-07-29 05:44:00,4035.7,0,0,1,0,1,0,0,0
712,2026-07-29 05:44:00,4036.0,0,1,8,1,8,0,0,0
712,2026-07-29 05:44:00,4036.2,1,0,1,-1,1,0,0,0
712,2026-07-29 05:44:00,4036.3,0,0,1,0,1,0,0,0
712,2026-07-29 05:44:00,4036.6,0,0,1,0,1,0,0,0
712,2026-07-29 05:44:00,4036.8,1,0,2,-1,2,0,0,0
712,2026-07-29 05:44:00,4036.9,1,1,2,0,2,0,0,0
712,2026-07-29 05:44:00,4037.0,0,1,1,1,1,0,0,0
712,2026-07-29 05:44:00,4037.1,2,3,6,1,5,0,0,0
712,2026-07-29 05:44:00,4037.2,0,4,7,4,2,0,0,0
712,2026-07-29 05:44:00,4037.4,1,0,2,-1,2,0,0,0
712,2026-07-29 05:44:00,4037.5,1,4,6,3,4,0,0,0
712,2026-07-29 05:44:00,4037.6,0,2,2,2,2,0,0,0
712,2026-07-29 05:44:00,4037.7,1,3,4,2,3,0,0,0
712,2026-07-29 05:44:00,4037.8,0,2,2,2,2,0,0,0
712,2026-07-29 05:44:00,4037.9,0,1,1,1,1,0,0,0
713,2026-07-29 05:45:00,4035.2,1,0,1,-1,1,0,0,0
713,2026-07-29 05:45:00,4035.4,0,0,1,0,1,0,0,0
713,2026-07-29 05:45:00,4035.7,1,0,1,-1,1,0,0,0
713,2026-07-29 05:45:00,4035.8,0,0,1,0,1,0,0,0
713,2026-07-29 05:45:00,4036.1,0,0,1,0,1,0,0,0
713,2026-07-29 05:45:00,4036.2,1,0,2,-1,2,0,0,0
713,2026-07-29 05:45:00,4036.3,4,0,4,-4,2,0,0,0
713,2026-07-29 05:45:00,4036.4,4,0,4,-4,3,0,0,0
713,2026-07-29 05:45:00,4036.5,2,0,2,-2,1,0,0,0
713,2026-07-29 05:45:00,4036.6,1,0,1,-1,1,0,0,0
713,2026-07-29 05:45:00,4036.8,1,0,1,-1,1,0,0,0
713,2026-07-29 05:45:00,4037.7,1,0,1,-1,1,0,0,0
713,2026-07-29 05:45:00,4037.8,0,3,3,3,1,0,0,0
713,2026-07-29 05:45:00,4037.9,0,2,3,2,2,0,0,0
713,2026-07-29 05:45:00,4038.2,0,0,1,0,1,0,0,0
714,2026-07-29 05:46:00,4034.5,1,0,1,-1,1,0,0,0
714,2026-07-29 05:46:00,4034.9,0,0,1,0,1,0,0,0
714,2026-07-29 05:46:00,4035.1,1,0,1,-1,1,0,0,0
714,2026-07-29 05:46:00,4035.4,0,1,1,1,1,0,0,0
715,2026-07-29 05:47:00,4034.0,0,0,2,0,2,0,0,0
715,2026-07-29 05:47:00,4034.2,1,0,1,-1,1,0,0,0
715,2026-07-29 05:47:00,4034.4,0,1,1,1,1,0,0,0
716,2026-07-29 05:48:00,4033.3,0,3,3,3,2,0,0,0
716,2026-07-29 05:48:00,4033.5,1,0,1,-1,1,0,0,0
717,2026-07-29 05:49:00,4031.7,2,0,2,-2,2,0,0,0
717,2026-07-29 05:49:00,4031.8,1,0,1,-1,1,0,0,0
717,2026-07-29 05:49:00,4031.9,1,0,1,-1,1,0,0,0
717,2026-07-29 05:49:00,4032.0,1,0,1,-1,1,0,0,0
717,2026-07-29 05:49:00,4032.1,0,0,1,0,1,0,0,0
717,2026-07-29 05:49:00,4032.7,4,0,4,-4,4,0,0,0
718,2026-07-29 05:50:00,4031.7,1,0,1,-1,1,0,0,0
718,2026-07-29 05:50:00,4031.8,0,0,2,0,2,0,0,0
718,2026-07-29 05:50:00,4031.9,1,0,2,-1,2,0,0,0
718,2026-07-29 05:50:00,4032.0,2,3,6,1,6,0,0,0
718,2026-07-29 05:50:00,4032.1,2,0,3,-2,3,0,0,0
718,2026-07-29 05:50:00,4032.2,0,1,1,1,1,0,0,0
718,2026-07-29 05:50:00,4032.3,0,3,3,3,2,0,0,0
718,2026-07-29 05:50:00,4032.4,0,2,4,2,4,0,0,0
718,2026-07-29 05:50:00,4032.5,0,0,2,0,2,0,0,0
718,2026-07-29 05:50:00,4032.7,0,0,1,0,1,0,0,0
719,2026-07-29 05:51:00,4033.1,0,0,1,0,1,0,0,0
719,2026-07-29 05:51:00,4033.2,0,0,1,0,1,0,0,0
719,2026-07-29 05:51:00,4033.4,2,0,2,-2,2,0,0,0
719,2026-07-29 05:51:00,4033.7,0,2,2,2,2,0,0,0
719,2026-07-29 05:51:00,4034.0,0,0,1,0,1,0,0,0
719,2026-07-29 05:51:00,4034.1,0,0,2,0,2,0,0,0
720,2026-07-29 05:52:00,4032.6,0,2,2,2,2,0,0,0
720,2026-07-29 05:52:00,4033.1,1,0,1,-1,1,0,0,0
720,2026-07-29 05:52:00,4033.2,0,1,1,1,1,0,0,0
720,2026-07-29 05:52:00,4033.5,11,0,21,-11,21,0,0,0
720,2026-07-29 05:52:00,4033.8,0,2,2,2,2,0,0,0
720,2026-07-29 05:52:00,4034.1,1,0,1,-1,1,0,0,0
721,2026-07-29 05:53:00,4032.5,3,0,3,-3,1,0,0,0
721,2026-07-29 05:53:00,4032.6,0,0,1,0,1,0,0,0
721,2026-07-29 05:53:00,4032.7,2,0,2,-2,2,0,0,0
721,2026-07-29 05:53:00,4032.8,0,3,3,3,3,0,0,0
722,2026-07-29 05:54:00,4033.0,0,1,1,1,1,0,0,0
723,2026-07-29 05:55:00,4031.1,1,0,1,-1,1,0,0,0
723,2026-07-29 05:55:00,4031.2,0,0,1,0,1,0,0,0
723,2026-07-29 05:55:00,4031.8,1,0,1,-1,1,0,0,0
723,2026-07-29 05:55:00,4032.4,0,1,2,1,2,0,0,0
723,2026-07-29 05:55:00,4032.5,3,1,4,-2,2,0,0,0
724,2026-07-29 05:56:00,4030.0,1,0,1,-1,1,0,0,0
724,2026-07-29 05:56:00,4030.2,0,2,2,2,1,0,0,0
724,2026-07-29 05:56:00,4030.3,0,0,2,0,2,0,0,0
724,2026-07-29 05:56:00,4030.5,0,2,2,2,2,0,0,0
724,2026-07-29 05:56:00,4030.6,1,2,3,1,2,0,0,0
724,2026-07-29 05:56:00,4030.7,0,0,1,0,1,0,0,0
724,2026-07-29 05:56:00,4030.8,0,1,2,1,2,0,0,0
724,2026-07-29 05:56:00,4030.9,0,0,1,0,1,0,0,0
724,2026-07-29 05:56:00,4031.0,0,0,1,0,1,0,0,0
724,2026-07-29 05:56:00,4031.1,0,1,1,1,1,0,0,0
724,2026-07-29 05:56:00,4031.3,0,0,1,0,1,0,0,0
725,2026-07-29 05:57:00,4030.4,0,0,1,0,1,0,0,0
725,2026-07-29 05:57:00,4031.1,0,0,1,0,1,0,0,0
725,2026-07-29 05:57:00,4031.7,0,1,1,1,1,0,0,0
725,2026-07-29 05:57:00,4032.1,0,1,1,1,1,0,0,0
726,2026-07-29 05:58:00,4030.5,0,0,1,0,1,0,0,0
726,2026-07-29 05:58:00,4030.6,0,4,4,4,4,0,0,0
726,2026-07-29 05:58:00,4030.7,2,0,2,-2,1,0,0,0
726,2026-07-29 05:58:00,4030.8,0,1,2,1,2,0,0,0
726,2026-07-29 05:58:00,4032.0,1,0,1,-1,1,0,0,0
727,2026-07-29 05:59:00,4031.3,2,0,2,-2,2,0,0,0
727,2026-07-29 05:59:00,4032.2,0,0,1,0,1,0,0,0
727,2026-07-29 05:59:00,4032.5,3,0,3,-3,2,0,0,0
727,2026-07-29 05:59:00,4032.6,10,0,10,-10,3,0,0,0
727,2026-07-29 05:59:00,4032.7,1,0,1,-1,1,0,0,0
727,2026-07-29 05:59:00,4032.9,3,0,3,-3,2,0,0,0
728,2026-07-29 06:00:00,4032.2,0,1,1,1,1,0,0,0
728,2026-07-29 06:00:00,4032.3,0,3,3,3,3,0,0,0
728,2026-07-29 06:00:00,4032.4,0,2,2,2,2,0,0,0
728,2026-07-29 06:00:00,4033.5,2,4,6,2,6,0,0,0
728,2026-07-29 06:00:00,4034.0,0,0,1,0,1,0,0,0
728,2026-07-29 06:00:00,4034.4,0,1,1,1,1,0,0,0
728,2026-07-29 06:00:00,4034.6,0,1,1,1,1,0,0,0
729,2026-07-29 06:01:00,4033.7,2,1,3,-1,2,0,0,0
729,2026-07-29 06:01:00,4033.8,3,0,3,-3,1,0,0,0
729,2026-07-29 06:01:00,4033.9,2,0,2,-2,1,0,0,0
729,2026-07-29 06:01:00,4034.0,1,0,1,-1,1,0,0,0
729,2026-07-29 06:01:00,4034.3,1,0,1,-1,1,0,0,0
729,2026-07-29 06:01:00,4034.4,3,0,3,-3,1,0,0,0
729,2026-07-29 06:01:00,4034.5,2,0,2,-2,1,0,0,0
729,2026-07-29 06:01:00,4034.8,1,0,1,-1,1,0,0,0
729,2026-07-29 06:01:00,4034.9,1,0,1,-1,1,0,0,0
729,2026-07-29 06:01:00,4035.0,0,0,4,0,4,0,0,0
729,2026-07-29 06:01:00,4035.1,0,0,1,0,1,0,0,0
730,2026-07-29 06:02:00,4032.9,0,0,1,0,1,0,0,0
730,2026-07-29 06:02:00,4033.0,1,0,1,-1,1,0,0,0
730,2026-07-29 06:02:00,4033.4,0,2,2,2,2,0,0,0
730,2026-07-29 06:02:00,4033.5,0,1,1,1,1,0,0,0
731,2026-07-29 06:03:00,4033.6,1,0,1,-1,1,0,0,0
731,2026-07-29 06:03:00,4033.9,0,1,1,1,1,0,0,0
731,2026-07-29 06:03:00,4034.1,1,0,1,-1,1,0,0,0
731,2026-07-29 06:03:00,4034.3,1,0,1,-1,1,0,0,0
731,2026-07-29 06:03:00,4034.4,0,0,1,0,1,0,0,0
731,2026-07-29 06:03:00,4034.7,1,0,1,-1,1,0,0,0
731,2026-07-29 06:03:00,4034.9,0,1,1,1,1,0,0,0
731,2026-07-29 06:03:00,4035.1,0,3,3,3,2,0,0,0
732,2026-07-29 06:04:00,4035.2,0,0,1,0,1,0,0,0
732,2026-07-29 06:04:00,4035.3,0,0,3,0,1,0,0,0
732,2026-07-29 06:04:00,4035.5,0,0,1,0,1,0,0,0
732,2026-07-29 06:04:00,4035.6,0,0,1,0,1,0,0,0
733,2026-07-29 06:05:00,4035.0,3,0,3,-3,1,0,0,0
733,2026-07-29 06:05:00,4035.1,2,0,2,-2,2,0,0,0
733,2026-07-29 06:05:00,4035.4,0,0,2,0,2,0,0,0
733,2026-07-29 06:05:00,4035.5,0,0,1,0,1,0,0,0
734,2026-07-29 06:06:00,4035.1,1,0,1,-1,1,0,0,0
734,2026-07-29 06:06:00,4035.3,1,0,1,-1,1,0,0,0
734,2026-07-29 06:06:00,4035.5,0,1,1,1,1,0,0,0
735,2026-07-29 06:07:00,4035.2,2,0,2,-2,1,0,0,0
736,2026-07-29 06:09:00,4033.3,1,0,1,-1,1,0,0,0
736,2026-07-29 06:09:00,4033.5,0,3,20,3,19,0,0,0
737,2026-07-29 06:10:00,4033.5,0,0,1,0,1,0,0,0
737,2026-07-29 06:10:00,4033.9,0,0,1,0,1,0,0,0
737,2026-07-29 06:10:00,4034.8,1,0,1,-1,1,0,0,0
737,2026-07-29 06:10:00,4035.3,0,0,1,0,1,0,0,0
738,2026-07-29 06:11:00,4035.3,1,0,1,-1,1,0,0,0
738,2026-07-29 06:11:00,4035.9,0,0,1,0,1,0,0,0
739,2026-07-29 06:12:00,4034.9,0,0,1,0,1,0,0,0
739,2026-07-29 06:12:00,4035.0,1,0,2,-1,2,0,0,0
739,2026-07-29 06:12:00,4035.6,0,0,1,0,1,0,0,0
740,2026-07-29 06:13:00,4034.6,0,0,1,0,1,0,0,0
741,2026-07-29 06:14:00,4036.1,0,3,3,3,1,0,0,0
741,2026-07-29 06:14:00,4036.5,0,1,1,1,1,0,0,0
742,2026-07-29 06:15:00,4036.5,1,0,1,-1,1,0,0,0
742,2026-07-29 06:15:00,4037.0,0,1,1,1,1,0,0,0
743,2026-07-29 06:16:00,4036.1,1,0,1,-1,1,0,0,0
743,2026-07-29 06:16:00,4036.4,1,0,1,-1,1,0,0,0
743,2026-07-29 06:16:00,4036.5,1,0,1,-1,1,0,0,0
743,2026-07-29 06:16:00,4036.7,2,0,2,-2,1,0,0,0
743,2026-07-29 06:16:00,4036.8,0,0,2,0,1,0,0,0
743,2026-07-29 06:16:00,4036.9,0,2,6,2,4,0,0,0
744,2026-07-29 06:17:00,4036.8,0,0,1,0,1,0,0,0
744,2026-07-29 06:17:00,4037.3,0,0,5,0,2,0,0,0
744,2026-07-29 06:17:00,4037.4,0,2,3,2,2,0,0,0
744,2026-07-29 06:17:00,4037.6,1,0,1,-1,1,0,0,0
744,2026-07-29 06:17:00,4037.7,0,1,1,1,1,0,0,0
745,2026-07-29 06:18:00,4037.6,1,0,1,-1,1,0,0,0
745,2026-07-29 06:18:00,4037.7,1,0,1,-1,1,0,0,0
745,2026-07-29 06:18:00,4038.0,0,0,2,0,2,0,0,0
746,2026-07-29 06:19:00,4036.4,0,0,1,0,1,0,0,0
746,2026-07-29 06:19:00,4036.9,2,0,2,-2,2,0,0,0
747,2026-07-29 06:20:00,4035.2,1,0,1,-1,1,0,0,0
747,2026-07-29 06:20:00,4035.5,1,0,1,-1,1,0,0,0
747,2026-07-29 06:20:00,4035.9,2,0,3,-2,2,0,0,0
747,2026-07-29 06:20:00,4036.2,1,0,1,-1,1,0,0,0
748,2026-07-29 06:21:00,4034.9,0,1,1,1,1,0,0,0
748,2026-07-29 06:21:00,4035.0,0,0,1,0,1,0,0,0
749,2026-07-29 06:22:00,4034.4,1,1,2,0,2,0,0,0
749,2026-07-29 06:22:00,4034.5,0,5,8,5,4,0,0,0
749,2026-07-29 06:22:00,4034.9,1,0,1,-1,1,0,0,0
750,2026-07-29 06:23:00,4034.1,1,3,4,2,2,0,0,0
750,2026-07-29 06:23:00,4034.7,0,3,3,3,1,0,0,0
750,2026-07-29 06:23:00,4035.5,0,0,1,0,1,0,0,0
750,2026-07-29 06:23:00,4035.8,0,1,1,1,1,0,0,0
750,2026-07-29 06:23:00,4036.1,0,0,1,0,1,0,0,0
750,2026-07-29 06:23:00,4036.8,1,0,1,-1,1,0,0,0
750,2026-07-29 06:23:00,4037.4,1,1,2,0,2,0,0,0
750,2026-07-29 06:23:00,4037.5,1,2,3,1,2,0,0,0
750,2026-07-29 06:23:00,4037.6,0,8,21,8,19,0,0,0
751,2026-07-29 06:24:00,4037.3,1,0,1,-1,1,0,0,0
751,2026-07-29 06:24:00,4038.5,0,0,1,0,1,0,0,0
751,2026-07-29 06:24:00,4038.8,0,1,1,1,1,0,0,0
751,2026-07-29 06:24:00,4039.3,0,0,5,0,2,0,0,0
751,2026-07-29 06:24:00,4039.7,2,0,2,-2,1,0,0,0
751,2026-07-29 06:24:00,4039.8,3,2,6,-1,4,0,0,0
751,2026-07-29 06:24:00,4039.9,1,2,5,1,4,0,0,0
751,2026-07-29 06:24:00,4040.0,0,0,5,0,4,0,0,0
751,2026-07-29 06:24:00,4040.2,1,0,1,-1,1,0,0,0
751,2026-07-29 06:24:00,4040.3,0,0,1,0,1,0,0,0
751,2026-07-29 06:24:00,4040.5,1,0,1,-1,1,0,0,0
751,2026-07-29 06:24:00,4040.6,1,0,1,-1,1,0,0,0
751,2026-07-29 06:24:00,4040.8,0,0,1,0,1,0,0,0
752,2026-07-29 06:25:00,4038.9,0,4,4,4,2,0,0,0
752,2026-07-29 06:25:00,4039.0,0,1,1,1,1,0,0,0
752,2026-07-29 06:25:00,4039.3,0,1,2,1,2,0,0,0
753,2026-07-29 06:26:00,4039.1,1,5,6,4,6,0,0,0
754,2026-07-29 06:27:00,4039.1,1,0,1,-1,1,0,0,0
754,2026-07-29 06:27:00,4039.3,0,2,4,2,3,0,0,0
754,2026-07-29 06:27:00,4039.4,0,0,1,0,1,0,0,0
755,2026-07-29 06:28:00,4039.0,0,3,3,3,2,0,0,0
755,2026-07-29 06:28:00,4039.1,1,0,1,-1,1,0,0,0
756,2026-07-29 06:29:00,4038.9,0,1,1,1,1,0,0,0
756,2026-07-29 06:29:00,4039.0,0,1,1,1,1,0,0,0
756,2026-07-29 06:29:00,4039.1,0,0,1,0,1,0,0,0
756,2026-07-29 06:29:00,4039.3,0,0,1,0,1,0,0,0
756,2026-07-29 06:29:00,4039.4,0,1,1,1,1,0,0,0
756,2026-07-29 06:29:00,4039.5,0,3,3,3,2,0,0,0
757,2026-07-29 06:30:00,4039.2,1,0,1,-1,1,0,0,0
757,2026-07-29 06:30:00,4039.8,0,1,1,1,1,0,0,0
757,2026-07-29 06:30:00,4039.9,0,1,1,1,1,0,0,0
757,2026-07-29 06:30:00,4040.0,0,3,3,3,2,0,0,0
757,2026-07-29 06:30:00,4040.2,1,0,1,-1,1,0,0,0
757,2026-07-29 06:30:00,4040.3,0,2,2,2,1,0,0,0
757,2026-07-29 06:30:00,4040.4,0,4,4,4,1,0,0,0
757,2026-07-29 06:30:00,4040.5,0,3,3,3,1,0,0,0
757,2026-07-29 06:30:00,4040.6,0,1,1,1,1,0,0,0
758,2026-07-29 06:31:00,4040.4,1,0,1,-1,1,0,0,0
758,2026-07-29 06:31:00,4040.6,2,0,2,-2,2,0,0,0
758,2026-07-29 06:31:00,4040.8,0,0,1,0,1,0,0,0
758,2026-07-29 06:31:00,4040.9,0,1,1,1,1,0,0,0
758,2026-07-29 06:31:00,4041.0,0,14,16,14,12,0,0,0
758,2026-07-29 06:31:00,4041.2,0,0,1,0,1,0,0,0
759,2026-07-29 06:32:00,4040.4,1,0,1,-1,1,0,0,0
759,2026-07-29 06:32:00,4040.5,0,2,2,2,1,0,0,0
759,2026-07-29 06:32:00,4040.6,0,4,4,4,2,0,0,0
759,2026-07-29 06:32:00,4041.2,0,5,5,5,1,0,0,0
760,2026-07-29 06:33:00,4040.8,3,1,4,-2,2,0,0,0
760,2026-07-29 06:33:00,4040.9,1,5,6,4,3,0,0,0
760,2026-07-29 06:33:00,4041.0,0,5,6,5,3,0,0,0
760,2026-07-29 06:33:00,4041.2,0,2,4,2,3,0,0,0
760,2026-07-29 06:33:00,4041.6,0,3,3,3,3,0,0,0
760,2026-07-29 06:33:00,4041.8,0,0,1,0,1,0,0,0
761,2026-07-29 06:34:00,4041.3,1,0,1,-1,1,0,0,0
761,2026-07-29 06:34:00,4041.7,2,0,2,-2,2,0,0,0
761,2026-07-29 06:34:00,4041.8,0,2,2,2,1,0,0,0
761,2026-07-29 06:34:00,4041.9,0,3,3,3,1,0,0,0
761,2026-07-29 06:34:00,4042.0,0,5,5,5,4,0,0,0
762,2026-07-29 06:35:00,4040.9,1,0,1,-1,1,0,0,0
762,2026-07-29 06:35:00,4041.0,1,0,1,-1,1,0,0,0
762,2026-07-29 06:35:00,4041.1,1,0,1,-1,1,0,0,0
762,2026-07-29 06:35:00,4041.4,3,0,3,-3,1,0,0,0
762,2026-07-29 06:35:00,4041.5,1,0,2,-1,2,0,0,0
762,2026-07-29 06:35:00,4041.6,1,0,1,-1,1,0,0,0
762,2026-07-29 06:35:00,4041.8,1,0,1,-1,1,0,0,0
762,2026-07-29 06:35:00,4041.9,0,0,1,0,1,0,0,0
762,2026-07-29 06:35:00,4042.0,0,5,5,5,4,0,0,0
762,2026-07-29 06:35:00,4042.4,0,0,1,0,1,0,0,0
762,2026-07-29 06:35:00,4042.5,0,1,1,1,1,0,0,0
762,2026-07-29 06:35:00,4042.7,2,1,3,-1,3,0,0,0
762,2026-07-29 06:35:00,4042.9,1,0,1,-1,1,0,0,0
762,2026-07-29 06:35:00,4043.0,0,4,4,4,1,0,0,0
762,2026-07-29 06:35:00,4043.2,0,1,1,1,1,0,0,0
763,2026-07-29 06:36:00,4042.0,0,0,1,0,1,0,0,0
763,2026-07-29 06:36:00,4042.4,0,1,1,1,1,0,0,0
763,2026-07-29 06:36:00,4042.7,1,0,1,-1,1,0,0,0
763,2026-07-29 06:36:00,4043.0,0,1,1,1,1,0,0,0
764,2026-07-29 06:37:00,4040.5,0,0,1,0,1,0,0,0
764,2026-07-29 06:37:00,4041.2,0,1,1,1,1,0,0,0
764,2026-07-29 06:37:00,4041.5,2,1,3,-1,2,0,0,0
764,2026-07-29 06:37:00,4041.6,0,1,1,1,1,0,0,0
764,2026-07-29 06:37:00,4041.8,0,1,2,1,2,0,0,0
765,2026-07-29 06:38:00,4041.1,0,0,1,0,1,0,0,0
765,2026-07-29 06:38:00,4041.5,0,0,1,0,1,0,0,0
765,2026-07-29 06:38:00,4041.6,0,0,1,0,1,0,0,0
765,2026-07-29 06:38:00,4041.8,2,0,2,-2,2,0,0,0
765,2026-07-29 06:38:00,4041.9,0,0,1,0,1,0,0,0
765,2026-07-29 06:38:00,4042.0,0,0,1,0,1,0,0,0
765,2026-07-29 06:38:00,4042.1,0,0,1,0,1,0,0,0
766,2026-07-29 06:39:00,4041.1,0,0,1,0,1,0,0,0
766,2026-07-29 06:39:00,4041.5,0,0,1,0,1,0,0,0
766,2026-07-29 06:39:00,4041.8,0,0,1,0,1,0,0,0
766,2026-07-29 06:39:00,4042.1,0,0,1,0,1,0,0,0
766,2026-07-29 06:39:00,4042.4,0,0,1,0,1,0,0,0
767,2026-07-29 06:40:00,4041.3,1,0,1,-1,1,0,0,0
767,2026-07-29 06:40:00,4041.4,3,0,3,-3,1,0,0,0
767,2026-07-29 06:40:00,4041.5,1,0,1,-1,1,0,0,0
767,2026-07-29 06:40:00,4041.6,3,0,3,-3,1,0,0,0
767,2026-07-29 06:40:00,4041.7,2,0,3,-2,2,0,0,0
767,2026-07-29 06:40:00,4041.8,0,0,1,0,1,0,0,0
767,2026-07-29 06:40:00,4041.9,2,0,2,-2,1,0,0,0
767,2026-07-29 06:40:00,4042.0,0,1,2,1,2,0,0,0
767,2026-07-29 06:40:00,4042.1,0,1,1,1,1,0,0,0
767,2026-07-29 06:40:00,4042.2,0,0,1,0,1,0,0,0
768,2026-07-29 06:41:00,4041.5,0,0,2,0,2,0,0,0
768,2026-07-29 06:41:00,4041.6,0,1,1,1,1,0,0,0
769,2026-07-29 06:42:00,4039.9,2,0,2,-2,2,0,0,0
769,2026-07-29 06:42:00,4040.1,1,0,1,-1,1,0,0,0
769,2026-07-29 06:42:00,4040.4,1,0,1,-1,1,0,0,0
769,2026-07-29 06:42:00,4040.6,0,0,1,0,1,0,0,0
769,2026-07-29 06:42:00,4040.8,1,0,1,-1,1,0,0,0
769,2026-07-29 06:42:00,4041.0,0,0,2,0,2,0,0,0
769,2026-07-29 06:42:00,4041.1,0,0,1,0,1,0,0,0
769,2026-07-29 06:42:00,4041.3,0,0,1,0,1,0,0,0
770,2026-07-29 06:43:00,4040.7,0,1,1,1,1,0,0,0
770,2026-07-29 06:43:00,4040.8,0,2,2,2,2,0,0,0
770,2026-07-29 06:43:00,4041.2,0,1,1,1,1,0,0,0
771,2026-07-29 06:44:00,4040.8,1,0,1,-1,1,0,0,0
771,2026-07-29 06:44:00,4040.9,2,0,2,-2,1,0,0,0
771,2026-07-29 06:44:00,4041.4,0,0,2,0,2,0,0,0
772,2026-07-29 06:45:00,4040.7,0,0,1,0,1,0,0,0
773,2026-07-29 06:46:00,4040.7,0,0,1,0,1,0,0,0
774,2026-07-29 06:47:00,4040.4,0,12,12,12,1,0,0,0
774,2026-07-29 06:47:00,4040.5,0,1,1,1,1,0,0,0
774,2026-07-29 06:47:00,4040.7,0,2,2,2,1,0,0,0
775,2026-07-29 06:48:00,4039.9,1,0,1,-1,1,0,0,0
775,2026-07-29 06:48:00,4040.0,1,0,1,-1,1,0,0,0
775,2026-07-29 06:48:00,4040.4,1,0,1,-1,1,0,0,0
775,2026-07-29 06:48:00,4040.8,0,0,1,0,1,0,0,0
776,2026-07-29 06:49:00,4038.4,3,0,3,-3,1,0,0,0
776,2026-07-29 06:49:00,4038.5,0,0,2,0,1,0,0,0
776,2026-07-29 06:49:00,4038.8,0,1,1,1,1,0,0,0
776,2026-07-29 06:49:00,4039.1,1,0,1,-1,1,0,0,0
776,2026-07-29 06:49:00,4039.3,1,0,1,-1,1,0,0,0
777,2026-07-29 06:50:00,4038.8,0,1,1,1,1,0,0,0
777,2026-07-29 06:50:00,4038.9,0,0,1,0,1,0,0,0
777,2026-07-29 06:50:00,4039.3,0,0,1,0,1,0,0,0
777,2026-07-29 06:50:00,4039.6,0,0,1,0,1,0,0,0
777,2026-07-29 06:50:00,4039.7,4,0,4,-4,2,0,0,0
777,2026-07-29 06:50:00,4039.9,0,0,1,0,1,0,0,0
777,2026-07-29 06:50:00,4040.0,0,2,4,2,2,0,0,0
777,2026-07-29 06:50:00,4040.1,0,0,1,0,1,0,0,0
777,2026-07-29 06:50:00,4040.3,1,0,1,-1,1,0,0,0
777,2026-07-29 06:50:00,4040.5,0,0,1,0,1,0,0,0
777,2026-07-29 06:50:00,4040.6,2,0,3,-2,3,0,0,0
778,2026-07-29 06:51:00,4040.1,0,0,1,0,1,0,0,0
779,2026-07-29 06:52:00,4040.2,1,0,1,-1,1,0,0,0
779,2026-07-29 06:52:00,4040.4,1,0,1,-1,1,0,0,0
779,2026-07-29 06:52:00,4040.5,0,1,1,1,1,0,0,0
780,2026-07-29 06:54:00,4039.7,3,0,3,-3,3,0,0,0
780,2026-07-29 06:54:00,4040.0,0,0,1,0,1,0,0,0
781,2026-07-29 06:55:00,4039.1,2,0,2,-2,1,0,0,0
781,2026-07-29 06:55:00,4039.7,0,0,1,0,1,0,0,0
782,2026-07-29 06:56:00,4039.5,1,1,2,0,2,0,0,0
782,2026-07-29 06:56:00,4039.8,0,0,2,0,2,0,0,0
783,2026-07-29 06:57:00,4038.9,0,0,1,0,1,0,0,0
783,2026-07-29 06:57:00,4039.6,0,0,1,0,1,0,0,0
783,2026-07-29 06:57:00,4039.8,1,0,1,-1,1,0,0,0
784,2026-07-29 06:58:00,4039.8,0,1,1,1,1,0,0,0
784,2026-07-29 06:58:00,4040.8,0,1,1,1,1,0,0,0
785,2026-07-29 06:59:00,4039.8,1,0,1,-1,1,0,0,0
786,2026-07-29 07:00:00,4039.9,0,1,1,1,1,0,0,0
786,2026-07-29 07:00:00,4040.6,1,1,2,0,2,0,0,0
786,2026-07-29 07:00:00,4040.7,0,3,4,3,2,0,0,0
786,2026-07-29 07:00:00,4040.8,11,2,17,-9,5,0,0,0
786,2026-07-29 07:00:00,4041.0,1,0,1,-1,1,0,0,0
786,2026-07-29 07:00:00,4041.1,0,1,1,1,1,0,0,0
787,2026-07-29 07:01:00,4040.0,1,0,1,-1,1,0,0,0
787,2026-07-29 07:01:00,4040.1,0,2,10,2,3,0,0,0
787,2026-07-29 07:01:00,4040.2,0,0,2,0,2,0,0,0
787,2026-07-29 07:01:00,4040.3,1,0,2,-1,2,0,0,0
787,2026-07-29 07:01:00,4040.5,0,1,3,1,3,0,0,0
787,2026-07-29 07:01:00,4040.6,1,0,1,-1,1,0,0,0
787,2026-07-29 07:01:00,4040.7,0,0,1,0,1,0,0,0
787,2026-07-29 07:01:00,4041.2,0,1,1,1,1,0,0,0
787,2026-07-29 07:01:00,4041.3,0,3,3,3,2,0,0,0
788,2026-07-29 07:02:00,4041.6,0,0,1,0,1,0,0,0
788,2026-07-29 07:02:00,4041.9,0,1,1,1,1,0,0,0
788,2026-07-29 07:02:00,4042.3,0,0,1,0,1,0,0,0
788,2026-07-29 07:02:00,4042.7,0,0,1,0,1,0,0,0
788,2026-07-29 07:02:00,4042.9,0,0,3,0,1,0,0,0
788,2026-07-29 07:02:00,4043.0,0,0,1,0,1,0,0,0
789,2026-07-29 07:03:00,4041.7,1,0,1,-1,1,0,0,0
789,2026-07-29 07:03:00,4042.0,15,0,21,-15,8,0,0,0
789,2026-07-29 07:03:00,4042.3,1,0,1,-1,1,0,0,0
789,2026-07-29 07:03:00,4042.9,0,1,1,1,1,0,0,0
790,2026-07-29 07:04:00,4041.4,0,1,1,1,1,0,0,0
790,2026-07-29 07:04:00,4041.6,0,1,1,1,1,0,0,0
791,2026-07-29 07:05:00,4040.8,2,0,2,-2,1,0,0,0
791,2026-07-29 07:05:00,4040.9,1,0,1,-1,1,0,0,0
791,2026-07-29 07:05:00,4041.0,1,0,1,-1,1,0,0,0
791,2026-07-29 07:05:00,4042.0,2,0,2,-2,1,0,0,0
791,2026-07-29 07:05:00,4042.7,1,0,1,-1,1,0,0,0
791,2026-07-29 07:05:00,4043.0,0,2,2,2,2,0,0,0
792,2026-07-29 07:06:00,4042.2,0,1,1,1,1,0,0,0
792,2026-07-29 07:06:00,4043.2,0,1,1,1,1,0,0,0
792,2026-07-29 07:06:00,4043.5,0,1,1,1,1,0,0,0
793,2026-07-29 07:07:00,4042.3,1,0,1,-1,1,0,0,0
793,2026-07-29 07:07:00,4042.4,16,0,24,-16,8,0,0,0
793,2026-07-29 07:07:00,4042.8,1,0,2,-1,2,0,0,0
793,2026-07-29 07:07:00,4043.1,1,0,1,-1,1,0,0,0
794,2026-07-29 07:08:00,4041.9,1,0,1,-1,1,0,0,0
794,2026-07-29 07:08:00,4042.0,1,0,1,-1,1,0,0,0
794,2026-07-29 07:08:00,4042.4,0,0,1,0,1,0,0,0
794,2026-07-29 07:08:00,4042.6,1,0,2,-1,2,0,0,0
794,2026-07-29 07:08:00,4042.7,1,0,1,-1,1,0,0,0
794,2026-07-29 07:08:00,4042.8,1,0,1,-1,1,0,0,0
794,2026-07-29 07:08:00,4042.9,1,0,1,-1,1,0,0,0
795,2026-07-29 07:09:00,4041.8,3,0,10,-3,4,0,0,0
795,2026-07-29 07:09:00,4042.0,0,1,1,1,1,0,0,0
795,2026-07-29 07:09:00,4042.1,0,0,1,0,1,0,0,0
795,2026-07-29 07:09:00,4042.5,0,1,1,1,1,0,0,0
795,2026-07-29 07:09:00,4043.1,0,3,3,3,1,0,0,0
795,2026-07-29 07:09:00,4043.2,0,1,1,1,1,0,0,0
795,2026-07-29 07:09:00,4043.3,0,4,4,4,2,0,0,0
795,2026-07-29 07:09:00,4043.4,0,2,2,2,1,0,0,0
796,2026-07-29 07:10:00,4043.4,2,0,3,-2,3,0,0,0
796,2026-07-29 07:10:00,4043.5,0,0,1,0,1,0,0,0
796,2026-07-29 07:10:00,4043.7,0,1,1,1,1,0,0,0
796,2026-07-29 07:10:00,4044.0,0,0,1,0,1,0,0,0
797,2026-07-29 07:11:00,4044.6,0,1,1,1,1,0,0,0
797,2026-07-29 07:11:00,4044.8,0,1,1,1,1,0,0,0
797,2026-07-29 07:11:00,4045.0,0,4,19,4,8,0,0,0
798,2026-07-29 07:12:00,4044.1,0,1,1,1,1,0,0,0
798,2026-07-29 07:12:00,4044.7,0,0,1,0,1,0,0,0
798,2026-07-29 07:12:00,4045.0,0,0,7,0,3,0,0,0
798,2026-07-29 07:12:00,4045.2,0,0,1,0,1,0,0,0
798,2026-07-29 07:12:00,4045.3,1,0,1,-1,1,0,0,0
799,2026-07-29 07:13:00,4043.3,1,0,1,-1,1,0,0,0
799,2026-07-29 07:13:00,4043.4,11,0,11,-11,2,0,0,0
799,2026-07-29 07:13:00,4043.5,5,0,5,-5,2,0,0,0
799,2026-07-29 07:13:00,4043.6,3,0,3,-3,1,0,0,0
799,2026-07-29 07:13:00,4043.7,3,0,3,-3,2,0,0,0
799,2026-07-29 07:13:00,4043.8,1,0,1,-1,1,0,0,0
799,2026-07-29 07:13:00,4043.9,2,0,2,-2,2,0,0,0
799,2026-07-29 07:13:00,4044.0,4,0,4,-4,4,0,0,0
799,2026-07-29 07:13:00,4044.2,0,0,1,0,1,0,0,0
799,2026-07-29 07:13:00,4044.3,0,1,1,1,1,0,0,0
799,2026-07-29 07:13:00,4044.4,4,0,4,-4,3,0,0,0
799,2026-07-29 07:13:00,4044.7,0,1,1,1,1,0,0,0
799,2026-07-29 07:13:00,4044.9,1,1,2,0,2,0,0,0
799,2026-07-29 07:13:00,4045.0,1,0,2,-1,2,0,0,0
800,2026-07-29 07:14:00,4044.4,1,1,3,0,3,0,0,0
800,2026-07-29 07:14:00,4044.5,0,1,1,1,1,0,0,0
800,2026-07-29 07:14:00,4044.8,0,0,1,0,1,0,0,0
800,2026-07-29 07:14:00,4045.0,1,0,2,-1,2,0,0,0
800,2026-07-29 07:14:00,4045.3,0,1,1,1,1,0,0,0
801,2026-07-29 07:15:00,4043.4,1,0,1,-1,1,0,0,0
801,2026-07-29 07:15:00,4044.0,0,2,2,2,2,0,0,0
802,2026-07-29 07:16:00,4043.2,0,0,1,0,1,0,0,0
802,2026-07-29 07:16:00,4043.3,0,0,1,0,1,0,0,0
802,2026-07-29 07:16:00,4043.5,0,0,1,0,1,0,0,0
802,2026-07-29 07:16:00,4043.7,0,2,2,2,2,0,0,0
802,2026-07-29 07:16:00,4043.8,0,1,2,1,2,0,0,0
802,2026-07-29 07:16:00,4044.0,0,1,1,1,1,0,0,0
803,2026-07-29 07:17:00,4043.1,1,2,3,1,2,0,0,0
803,2026-07-29 07:17:00,4043.2,0,7,7,7,3,0,0,0
803,2026-07-29 07:17:00,4043.3,0,4,4,4,2,0,0,0
803,2026-07-29 07:17:00,4043.5,0,1,1,1,1,0,0,0
803,2026-07-29 07:17:00,4043.6,0,1,1,1,1,0,0,0
803,2026-07-29 07:17:00,4044.2,0,1,1,1,1,0,0,0
804,2026-07-29 07:18:00,4043.8,2,0,2,-2,2,0,0,0
804,2026-07-29 07:18:00,4043.9,1,0,1,-1,1,0,0,0
804,2026-07-29 07:18:00,4044.0,0,0,1,0,1,0,0,0
804,2026-07-29 07:18:00,4044.1,1,0,1,-1,1,0,0,0
804,2026-07-29 07:18:00,4044.2,1,1,3,0,3,0,0,0
804,2026-07-29 07:18:00,4044.3,0,0,1,0,1,0,0,0
804,2026-07-29 07:18:00,4044.5,0,0,1,0,1,0,0,0
805,2026-07-29 07:19:00,4044.2,0,2,2,2,2,0,0,0
806,2026-07-29 07:20:00,4044.1,0,0,1,0,1,0,0,0
806,2026-07-29 07:20:00,4044.3,0,1,1,1,1,0,0,0
806,2026-07-29 07:20:00,4044.6,0,1,1,1,1,0,0,0
806,2026-07-29 07:20:00,4044.7,1,1,2,0,2,0,0,0
806,2026-07-29 07:20:00,4044.8,1,5,6,4,6,0,0,0
807,2026-07-29 07:21:00,4044.7,0,1,1,1,1,0,0,0
807,2026-07-29 07:21:00,4044.9,0,3,3,3,3,0,0,0
807,2026-07-29 07:21:00,4045.0,1,3,4,2,4,0,0,0
807,2026-07-29 07:21:00,4045.1,1,2,3,1,3,0,0,0
807,2026-07-29 07:21:00,4045.2,0,1,1,1,1,0,0,0
807,2026-07-29 07:21:00,4045.3,1,3,4,2,4,0,0,0
807,2026-07-29 07:21:00,4045.4,0,2,2,2,2,0,0,0
807,2026-07-29 07:21:00,4045.5,1,1,2,0,2,0,0,0
807,2026-07-29 07:21:00,4045.6,0,2,2,2,2,0,0,0
808,2026-07-29 07:22:00,4044.8,2,0,2,-2,2,0,0,0
808,2026-07-29 07:22:00,4044.9,3,0,3,-3,1,0,0,0
808,2026-07-29 07:22:00,4045.0,0,1,1,1,1,0,0,0
808,2026-07-29 07:22:00,4045.1,0,5,6,5,6,0,0,0
808,2026-07-29 07:22:00,4045.2,0,1,1,1,1,0,0,0
808,2026-07-29 07:22:00,4045.4,0,1,1,1,1,0,0,0
808,2026-07-29 07:22:00,4045.5,0,2,2,2,2,0,0,0
808,2026-07-29 07:22:00,4045.6,1,1,2,0,2,0,0,0
808,2026-07-29 07:22:00,4045.8,1,0,1,-1,1,0,0,0
808,2026-07-29 07:22:00,4045.9,1,0,3,-1,3,0,0,0
808,2026-07-29 07:22:00,4046.0,1,5,11,4,10,0,0,0
808,2026-07-29 07:22:00,4046.1,0,9,10,9,6,0,0,0
808,2026-07-29 07:22:00,4046.2,0,5,5,5,1,0,0,0
808,2026-07-29 07:22:00,4046.3,1,10,11,9,4,0,0,0
808,2026-07-29 07:22:00,4046.4,1,0,2,-1,2,0,0,0
808,2026-07-29 07:22:00,4046.5,1,1,2,0,2,0,0,0
808,2026-07-29 07:22:00,4046.7,0,2,2,2,2,0,0,0
809,2026-07-29 07:23:00,4045.4,1,2,3,1,3,0,0,0
809,2026-07-29 07:23:00,4045.6,0,3,3,3,3,0,0,0
809,2026-07-29 07:23:00,4045.8,1,2,3,1,3,0,0,0
809,2026-07-29 07:23:00,4046.0,27,11,38,-16,9,0,0,0
809,2026-07-29 07:23:00,4046.1,0,4,5,4,3,0,0,0
809,2026-07-29 07:23:00,4046.2,0,6,7,6,5,0,0,0
809,2026-07-29 07:23:00,4046.3,0,2,2,2,2,0,0,0
810,2026-07-29 07:24:00,4044.8,1,1,2,0,2,0,0,0
810,2026-07-29 07:24:00,4044.9,0,1,1,1,1,0,0,0
810,2026-07-29 07:24:00,4045.1,0,0,1,0,1,0,0,0
810,2026-07-29 07:24:00,4045.2,0,1,1,1,1,0,0,0
810,2026-07-29 07:24:00,4045.3,0,0,1,0,1,0,0,0
810,2026-07-29 07:24:00,4045.4,0,1,1,1,1,0,0,0
810,2026-07-29 07:24:00,4045.5,0,1,1,1,1,0,0,0
810,2026-07-29 07:24:00,4045.6,0,1,1,1,1,0,0,0
810,2026-07-29 07:24:00,4045.8,0,1,2,1,2,0,0,0
810,2026-07-29 07:24:00,4045.9,1,0,1,-1,1,0,0,0
810,2026-07-29 07:24:00,4046.0,0,1,1,1,1,0,0,0
810,2026-07-29 07:24:00,4046.1,0,2,2,2,2,0,0,0
811,2026-07-29 07:25:00,4045.2,2,1,3,-1,2,0,0,0
811,2026-07-29 07:25:00,4045.3,1,1,2,0,2,0,0,0
811,2026-07-29 07:25:00,4045.4,1,1,2,0,2,0,0,0
811,2026-07-29 07:25:00,4045.5,0,1,1,1,1,0,0,0
811,2026-07-29 07:25:00,4045.9,0,1,2,1,2,0,0,0
811,2026-07-29 07:25:00,4046.1,0,1,1,1,1,0,0,0
812,2026-07-29 07:26:00,4044.3,1,0,1,-1,1,0,0,0
812,2026-07-29 07:26:00,4044.4,0,1,1,1,1,0,0,0
812,2026-07-29 07:26:00,4044.5,0,1,1,1,1,0,0,0
812,2026-07-29 07:26:00,4044.7,1,0,1,-1,1,0,0,0
812,2026-07-29 07:26:00,4044.8,0,1,1,1,1,0,0,0
812,2026-07-29 07:26:00,4045.0,0,1,1,1,1,0,0,0
812,2026-07-29 07:26:00,4045.1,0,2,2,2,1,0,0,0
813,2026-07-29 07:27:00,4044.0,1,0,1,-1,1,0,0,0
813,2026-07-29 07:27:00,4044.1,0,1,11,1,3,0,0,0
813,2026-07-29 07:27:00,4044.2,0,1,1,1,1,0,0,0
813,2026-07-29 07:27:00,4044.3,0,0,1,0,1,0,0,0
813,2026-07-29 07:27:00,4044.7,0,1,1,1,1,0,0,0
813,2026-07-29 07:27:00,4044.9,0,1,1,1,1,0,0,0
813,2026-07-29 07:27:00,4045.0,1,0,1,-1,1,0,0,0
813,2026-07-29 07:27:00,4045.1,1,0,1,-1,1,0,0,0
814,2026-07-29 07:28:00,4044.0,1,0,1,-1,1,0,0,0
814,2026-07-29 07:28:00,4044.1,0,0,1,0,1,0,0,0
814,2026-07-29 07:28:00,4044.2,0,1,1,1,1,0,0,0
814,2026-07-29 07:28:00,4044.3,0,1,1,1,1,0,0,0
815,2026-07-29 07:29:00,4043.5,1,0,1,-1,1,0,0,0
815,2026-07-29 07:29:00,4043.8,0,0,2,0,2,0,0,0
815,2026-07-29 07:29:00,4044.1,0,1,1,1,1,0,0,0
815,2026-07-29 07:29:00,4044.2,0,0,2,0,2,0,0,0
815,2026-07-29 07:29:00,4044.3,0,1,1,1,1,0,0,0
815,2026-07-29 07:29:00,4044.7,0,1,1,1,1,0,0,0
815,2026-07-29 07:29:00,4044.8,1,1,2,0,2,0,0,0
815,2026-07-29 07:29:00,4045.0,1,1,2,0,2,0,0,0
815,2026-07-29 07:29:00,4045.1,0,1,1,1,1,0,0,0
816,2026-07-29 07:30:00,4044.6,0,4,4,4,4,0,0,0
816,2026-07-29 07:30:00,4044.7,2,1,3,-1,3,0,0,0
816,2026-07-29 07:30:00,4044.8,0,2,2,2,2,0,0,0
816,2026-07-29 07:30:00,4044.9,0,2,2,2,2,0,0,0
816,2026-07-29 07:30:00,4045.0,0,3,3,3,3,0,0,0
816,2026-07-29 07:30:00,4045.1,0,0,1,0,1,0,0,0
817,2026-07-29 07:31:00,4043.9,1,0,1,-1,1,0,0,0
817,2026-07-29 07:31:00,4044.0,0,1,1,1,1,0,0,0
817,2026-07-29 07:31:00,4044.1,0,2,2,2,2,0,0,0
817,2026-07-29 07:31:00,4044.2,0,1,1,1,1,0,0,0
817,2026-07-29 07:31:00,4044.6,0,1,1,1,1,0,0,0
817,2026-07-29 07:31:00,4044.8,0,1,1,1,1,0,0,0
818,2026-07-29 07:32:00,4044.4,1,0,1,-1,1,0,0,0
818,2026-07-29 07:32:00,4044.6,0,2,2,2,2,0,0,0
818,2026-07-29 07:32:00,4044.8,2,2,4,0,4,0,0,0
818,2026-07-29 07:32:00,4044.9,0,1,1,1,1,0,0,0
818,2026-07-29 07:32:00,4045.0,0,1,3,1,3,0,0,0
819,2026-07-29 07:33:00,4044.7,0,1,1,1,1,0,0,0
819,2026-07-29 07:33:00,4044.8,0,2,2,2,1,0,0,0
819,2026-07-29 07:33:00,4044.9,0,3,3,3,1,0,0,0
819,2026-07-29 07:33:00,4045.0,0,1,1,1,1,0,0,0
819,2026-07-29 07:33:00,4045.1,0,3,3,3,1,0,0,0
819,2026-07-29 07:33:00,4045.2,1,0,1,-1,1,0,0,0
819,2026-07-29 07:33:00,4045.3,2,0,4,-2,3,0,0,0
819,2026-07-29 07:33:00,4045.4,3,0,3,-3,3,0,0,0
819,2026-07-29 07:33:00,4045.5,0,2,2,2,2,0,0,0
819,2026-07-29 07:33:00,4045.6,0,2,2,2,2,0,0,0
819,2026-07-29 07:33:00,4045.7,1,1,2,0,2,0,0,0
820,2026-07-29 07:34:00,4044.5,0,0,2,0,2,0,0,0
820,2026-07-29 07:34:00,4044.7,1,0,2,-1,2,0,0,0
820,2026-07-29 07:34:00,4044.9,44,2,46,-42,4,0,0,0
820,2026-07-29 07:34:00,4045.0,1,0,1,-1,1,0,0,0
820,2026-07-29 07:34:00,4045.1,1,0,1,-1,1,0,0,0
820,2026-07-29 07:34:00,4045.3,0,1,1,1,1,0,0,0
820,2026-07-29 07:34:00,4045.4,0,1,1,1,1,0,0,0
821,2026-07-29 07:35:00,4044.9,0,0,1,0,1,0,0,0
821,2026-07-29 07:35:00,4045.1,0,2,2,2,2,0,0,0
821,2026-07-29 07:35:00,4045.3,0,1,2,1,2,0,0,0
821,2026-07-29 07:35:00,4045.4,0,1,1,1,1,0,0,0
822,2026-07-29 07:36:00,4045.3,1,0,1,-1,1,0,0,0
822,2026-07-29 07:36:00,4045.7,0,1,1,1,1,0,0,0
822,2026-07-29 07:36:00,4045.9,0,1,1,1,1,0,0,0
823,2026-07-29 07:37:00,4045.7,1,0,1,-1,1,0,0,0
823,2026-07-29 07:37:00,4045.9,1,1,2,0,2,0,0,0
823,2026-07-29 07:37:00,4046.0,0,0,1,0,1,0,0,0
823,2026-07-29 07:37:00,4046.2,4,1,7,-3,6,0,0,0
823,2026-07-29 07:37:00,4046.3,0,2,2,2,2,0,0,0
823,2026-07-29 07:37:00,4046.4,0,1,2,1,2,0,0,0
823,2026-07-29 07:37:00,4046.5,0,2,2,2,2,0,0,0
823,2026-07-29 07:37:00,4046.6,4,0,4,-4,2,0,0,0
824,2026-07-29 07:38:00,4045.8,1,0,1,-1,1,0,0,0
824,2026-07-29 07:38:00,4046.0,0,1,1,1,1,0,0,0
824,2026-07-29 07:38:00,4046.1,0,0,1,0,1,0,0,0
824,2026-07-29 07:38:00,4046.2,0,1,1,1,1,0,0,0
824,2026-07-29 07:38:00,4046.3,0,1,1,1,1,0,0,0
824,2026-07-29 07:38:00,4046.4,0,0,1,0,1,0,0,0
824,2026-07-29 07:38:00,4046.5,0,0,1,0,1,0,0,0
825,2026-07-29 07:39:00,4044.8,1,0,1,-1,1,0,0,0
825,2026-07-29 07:39:00,4045.5,1,0,3,-1,3,0,0,0
825,2026-07-29 07:39:00,4045.7,0,0,1,0,1,0,0,0
825,2026-07-29 07:39:00,4045.8,1,0,1,-1,1,0,0,0
825,2026-07-29 07:39:00,4046.4,0,1,1,1,1,0,0,0
826,2026-07-29 07:40:00,4044.8,0,0,1,0,1,0,0,0
826,2026-07-29 07:40:00,4044.9,0,1,2,1,2,0,0,0
826,2026-07-29 07:40:00,4045.1,1,0,1,-1,1,0,0,0
826,2026-07-29 07:40:00,4045.2,0,1,1,1,1,0,0,0
826,2026-07-29 07:40:00,4045.3,1,0,2,-1,2,0,0,0
826,2026-07-29 07:40:00,4046.2,0,1,1,1,1,0,0,0
826,2026-07-29 07:40:00,4046.5,0,1,1,1,1,0,0,0
826,2026-07-29 07:40:00,4046.6,0,2,2,2,2,0,0,0
826,2026-07-29 07:40:00,4046.7,9,4,18,-5,8,0,0,0
827,2026-07-29 07:41:00,4045.7,2,0,3,-2,3,0,0,0
827,2026-07-29 07:41:00,4045.8,1,0,1,-1,1,0,0,0
827,2026-07-29 07:41:00,4045.9,0,1,1,1,1,0,0,0
827,2026-07-29 07:41:00,4046.1,1,0,1,-1,1,0,0,0
827,2026-07-29 07:41:00,4046.2,1,0,1,-1,1,0,0,0
828,2026-07-29 07:42:00,4045.9,2,1,3,-1,3,0,0,0
828,2026-07-29 07:42:00,4046.0,0,1,2,1,2,0,0,0
828,2026-07-29 07:42:00,4046.1,0,1,1,1,1,0,0,0
829,2026-07-29 07:43:00,4045.4,1,0,1,-1,1,0,0,0
829,2026-07-29 07:43:00,4045.6,0,1,1,1,1,0,0,0
829,2026-07-29 07:43:00,4045.9,0,1,2,1,2,0,0,0
829,2026-07-29 07:43:00,4046.0,0,0,1,0,1,0,0,0
829,2026-07-29 07:43:00,4046.1,0,0,1,0,1,0,0,0
829,2026-07-29 07:43:00,4046.2,0,1,1,1,1,0,0,0
830,2026-07-29 07:44:00,4045.1,1,0,1,-1,1,0,0,0
830,2026-07-29 07:44:00,4045.2,0,1,2,1,2,0,0,0
830,2026-07-29 07:44:00,4045.3,0,1,1,1,1,0,0,0
830,2026-07-29 07:44:00,4045.4,0,1,1,1,1,0,0,0
830,2026-07-29 07:44:00,4045.5,0,0,1,0,1,0,0,0
831,2026-07-29 07:45:00,4045.1,0,1,1,1,1,0,0,0
831,2026-07-29 07:45:00,4045.3,3,0,3,-3,1,0,0,0
831,2026-07-29 07:45:00,4045.4,1,0,1,-1,1,0,0,0
831,2026-07-29 07:45:00,4045.5,3,2,6,-1,4,0,0,0
831,2026-07-29 07:45:00,4045.6,0,2,2,2,1,0,0,0
831,2026-07-29 07:45:00,4045.7,1,5,6,4,4,0,0,0
831,2026-07-29 07:45:00,4045.8,0,1,1,1,1,0,0,0
831,2026-07-29 07:45:00,4045.9,0,1,5,1,2,0,0,0
831,2026-07-29 07:45:00,4046.1,0,1,1,1,1,0,0,0
832,2026-07-29 07:46:00,4044.4,1,0,1,-1,1,0,0,0
832,2026-07-29 07:46:00,4044.6,1,3,4,2,4,0,0,0
832,2026-07-29 07:46:00,4044.7,1,2,6,1,5,0,0,0
832,2026-07-29 07:46:00,4044.8,0,0,1,0,1,0,0,0
832,2026-07-29 07:46:00,4044.9,1,0,1,-1,1,0,0,0
832,2026-07-29 07:46:00,4045.7,0,0,1,0,1,0,0,0
833,2026-07-29 07:47:00,4045.1,0,1,1,1,1,0,0,0
833,2026-07-29 07:47:00,4045.2,1,0,1,-1,1,0,0,0
833,2026-07-29 07:47:00,4045.3,2,0,2,-2,2,0,0,0
833,2026-07-29 07:47:00,4045.4,2,3,5,1,5,0,0,0
833,2026-07-29 07:47:00,4045.5,3,0,3,-3,3,0,0,0
833,2026-07-29 07:47:00,4045.6,2,1,3,-1,2,0,0,0
833,2026-07-29 07:47:00,4045.7,0,1,1,1,1,0,0,0
834,2026-07-29 07:48:00,4044.0,0,0,1,0,1,0,0,0
834,2026-07-29 07:48:00,4044.1,0,1,1,1,1,0,0,0
834,2026-07-29 07:48:00,4044.2,1,1,4,0,4,0,0,0
834,2026-07-29 07:48:00,4044.4,1,2,3,1,2,0,0,0
834,2026-07-29 07:48:00,4044.5,0,5,5,5,4,0,0,0
834,2026-07-29 07:48:00,4044.6,0,2,3,2,2,0,0,0
835,2026-07-29 07:49:00,4043.5,1,0,3,-1,3,0,0,0
835,2026-07-29 07:49:00,4043.6,0,1,1,1,1,0,0,0
835,2026-07-29 07:49:00,4043.8,0,0,1,0,1,0,0,0
835,2026-07-29 07:49:00,4043.9,0,0,1,0,1,0,0,0
835,2026-07-29 07:49:00,4044.0,1,0,1,-1,1,0,0,0
835,2026-07-29 07:49:00,4044.1,1,5,8,4,8,0,0,0
836,2026-07-29 07:50:00,4042.8,2,0,2,-2,1,0,0,0
836,2026-07-29 07:50:00,4043.2,3,0,13,-3,3,0,0,0
836,2026-07-29 07:50:00,4043.3,0,0,1,0,1,0,0,0
836,2026-07-29 07:50:00,4043.4,0,0,1,0,1,0,0,0
837,2026-07-29 07:51:00,4043.0,0,0,1,0,1,0,0,0
837,2026-07-29 07:51:00,4043.3,1,0,1,-1,1,0,0,0
837,2026-07-29 07:51:00,4043.4,1,0,2,-1,2,0,0,0
837,2026-07-29 07:51:00,4043.5,0,2,2,2,1,0,0,0
838,2026-07-29 07:52:00,4042.6,0,0,2,0,2,0,0,0
838,2026-07-29 07:52:00,4043.0,1,0,1,-1,1,0,0,0
838,2026-07-29 07:52:00,4043.5,8,0,8,-8,3,0,0,0
838,2026-07-29 07:52:00,4043.6,1,1,2,0,2,0,0,0
839,2026-07-29 07:53:00,4041.4,1,0,1,-1,1,0,0,0
839,2026-07-29 07:53:00,4041.7,0,0,1,0,1,0,0,0
839,2026-07-29 07:53:00,4042.1,0,1,2,1,2,0,0,0
839,2026-07-29 07:53:00,4042.2,0,0,2,0,2,0,0,0
840,2026-07-29 07:54:00,4042.1,0,0,1,0,1,0,0,0
840,2026-07-29 07:54:00,4042.2,1,1,2,0,2,0,0,0
840,2026-07-29 07:54:00,4042.3,2,0,2,-2,1,0,0,0
840,2026-07-29 07:54:00,4042.5,0,1,1,1,1,0,0,0
840,2026-07-29 07:54:00,4042.7,1,0,1,-1,1,0,0,0
841,2026-07-29 07:55:00,4042.7,0,0,1,0,1,0,0,0
841,2026-07-29 07:55:00,4042.8,0,1,1,1,1,0,0,0
842,2026-07-29 07:56:00,4042.3,1,0,3,-1,3,0,0,0
842,2026-07-29 07:56:00,4042.4,0,1,1,1,1,0,0,0
843,2026-07-29 07:57:00,4043.1,0,0,1,0,1,0,0,0
843,2026-07-29 07:57:00,4043.3,5,0,5,-5,1,0,0,0
844,2026-07-29 07:58:00,4041.8,0,1,1,1,1,0,0,0
844,2026-07-29 07:58:00,4042.7,1,0,1,-1,1,0,0,0
844,2026-07-29 07:58:00,4043.3,0,0,4,0,3,0,0,0
845,2026-07-29 08:00:00,4042.7,0,0,1,0,1,0,0,0
845,2026-07-29 08:00:00,4042.8,0,1,1,1,1,0,0,0
845,2026-07-29 08:00:00,4042.9,0,1,4,1,4,0,0,0
845,2026-07-29 08:00:00,4043.5,0,0,1,0,1,0,0,0
846,2026-07-29 08:01:00,4043.0,0,0,1,0,1,0,0,0
846,2026-07-29 08:01:00,4043.1,0,2,2,2,2,0,0,0
847,2026-07-29 08:02:00,4042.3,1,0,1,-1,1,0,0,0
848,2026-07-29 08:03:00,4041.5,1,0,1,-1,1,0,0,0
848,2026-07-29 08:03:00,4041.6,3,0,3,-3,2,0,0,0
848,2026-07-29 08:03:00,4042.0,0,1,2,1,2,0,0,0
849,2026-07-29 08:04:00,4042.4,0,1,1,1,1,0,0,0
849,2026-07-29 08:04:00,4042.5,0,20,20,20,2,0,0,0
849,2026-07-29 08:04:00,4042.6,0,1,1,1,1,0,0,0
849,2026-07-29 08:04:00,4042.8,0,0,2,0,2,0,0,0
849,2026-07-29 08:04:00,4042.9,0,1,2,1,2,0,0,0
849,2026-07-29 08:04:00,4043.1,2,0,2,-2,1,0,0,0
850,2026-07-29 08:05:00,4042.2,1,0,1,-1,1,0,0,0
850,2026-07-29 08:05:00,4042.6,0,0,2,0,2,0,0,0
851,2026-07-29 08:06:00,4042.1,1,0,1,-1,1,0,0,0
852,2026-07-29 08:07:00,4042.0,0,1,1,1,1,0,0,0
852,2026-07-29 08:07:00,4042.6,0,0,1,0,1,0,0,0
853,2026-07-29 08:08:00,4041.3,1,0,1,-1,1,0,0,0
853,2026-07-29 08:08:00,4041.4,4,0,5,-4,2,0,0,0
853,2026-07-29 08:08:00,4041.5,4,0,4,-4,2,0,0,0
853,2026-07-29 08:08:00,4041.6,2,0,2,-2,1,0,0,0
853,2026-07-29 08:08:00,4041.7,1,0,1,-1,1,0,0,0
853,2026-07-29 08:08:00,4042.2,0,1,1,1,1,0,0,0
853,2026-07-29 08:08:00,4042.5,2,0,2,-2,2,0,0,0
854,2026-07-29 08:09:00,4039.8,0,5,5,5,1,0,0,0
854,2026-07-29 08:09:00,4040.1,0,1,1,1,1,0,0,0
854,2026-07-29 08:09:00,4040.3,0,4,4,4,4,0,0,0
854,2026-07-29 08:09:00,4040.4,1,0,1,-1,1,0,0,0
854,2026-07-29 08:09:00,4040.5,7,0,7,-7,3,0,0,0
854,2026-07-29 08:09:00,4040.7,0,1,1,1,1,0,0,0
855,2026-07-29 08:10:00,4040.4,0,1,1,1,1,0,0,0
855,2026-07-29 08:10:00,4040.5,0,1,1,1,1,0,0,0
855,2026-07-29 08:10:00,4041.3,0,0,1,0,1,0,0,0
855,2026-07-29 08:10:00,4041.4,1,1,3,0,3,0,0,0
856,2026-07-29 08:11:00,4039.4,0,0,1,0,1,0,0,0
856,2026-07-29 08:11:00,4039.5,0,0,1,0,1,0,0,0
856,2026-07-29 08:11:00,4040.4,1,0,1,-1,1,0,0,0
856,2026-07-29 08:11:00,4040.9,6,1,10,-5,5,0,0,0
856,2026-07-29 08:11:00,4041.0,0,1,2,1,2,0,0,0
857,2026-07-29 08:12:00,4038.6,2,0,2,-2,2,0,0,0
857,2026-07-29 08:12:00,4038.9,0,1,1,1,1,0,0,0
857,2026-07-29 08:12:00,4039.2,0,0,1,0,1,0,0,0
857,2026-07-29 08:12:00,4039.3,0,1,1,1,1,0,0,0
858,2026-07-29 08:13:00,4039.1,0,1,1,1,1,0,0,0
858,2026-07-29 08:13:00,4039.5,0,0,1,0,1,0,0,0
858,2026-07-29 08:13:00,4039.7,1,0,2,-1,2,0,0,0
859,2026-07-29 08:14:00,4038.2,0,0,1,0,1,0,0,0
859,2026-07-29 08:14:00,4038.3,1,0,1,-1,1,0,0,0
859,2026-07-29 08:14:00,4038.5,1,1,8,0,6,0,0,0
859,2026-07-29 08:14:00,4038.7,0,1,1,1,1,0,0,0
860,2026-07-29 08:15:00,4039.5,0,0,1,0,1,0,0,0
860,2026-07-29 08:15:00,4040.0,2,0,3,-2,2,0,0,0
860,2026-07-29 08:15:00,4040.2,0,1,1,1,1,0,0,0
860,2026-07-29 08:15:00,4040.3,0,0,1,0,1,0,0,0
860,2026-07-29 08:15:00,4040.4,0,1,1,1,1,0,0,0
860,2026-07-29 08:15:00,4040.6,0,1,1,1,1,0,0,0
861,2026-07-29 08:16:00,4039.3,2,0,2,-2,2,0,0,0
861,2026-07-29 08:16:00,4039.4,2,0,2,-2,1,0,0,0
861,2026-07-29 08:16:00,4039.5,2,0,2,-2,1,0,0,0
861,2026-07-29 08:16:00,4040.0,0,1,1,1,1,0,0,0
862,2026-07-29 08:17:00,4040.2,0,1,1,1,1,0,0,0
862,2026-07-29 08:17:00,4040.5,0,2,2,2,2,0,0,0
862,2026-07-29 08:17:00,4040.6,0,1,1,1,1,0,0,0
862,2026-07-29 08:17:00,4040.8,1,0,1,-1,1,0,0,0
862,2026-07-29 08:17:00,4041.0,0,3,3,3,3,0,0,0
862,2026-07-29 08:17:00,4041.2,0,1,1,1,1,0,0,0
863,2026-07-29 08:18:00,4040.4,0,1,1,1,1,0,0,0
864,2026-07-29 08:19:00,4040.2,0,0,1,0,1,0,0,0
864,2026-07-29 08:19:00,4040.4,0,1,1,1,1,0,0,0
865,2026-07-29 08:20:00,4038.8,1,0,1,-1,1,0,0,0
865,2026-07-29 08:20:00,4039.0,0,2,2,2,1,0,0,0
865,2026-07-29 08:20:00,4039.3,0,1,1,1,1,0,0,0
866,2026-07-29 08:21:00,4038.2,1,0,2,-1,2,0,0,0
866,2026-07-29 08:21:00,4038.6,1,1,2,0,2,0,0,0
866,2026-07-29 08:21:00,4039.0,0,0,1,0,1,0,0,0
866,2026-07-29 08:21:00,4039.1,0,1,1,1,1,0,0,0
867,2026-07-29 08:22:00,4038.2,7,0,8,-7,4,0,0,0
867,2026-07-29 08:22:00,4038.3,1,0,1,-1,1,0,0,0
867,2026-07-29 08:22:00,4038.4,1,0,1,-1,1,0,0,0
868,2026-07-29 08:23:00,4038.2,1,1,2,0,2,0,0,0
869,2026-07-29 08:24:00,4036.5,1,0,1,-1,1,0,0,0
869,2026-07-29 08:24:00,4036.6,0,1,1,1,1,0,0,0
869,2026-07-29 08:24:00,4036.7,3,0,3,-3,3,0,0,0
869,2026-07-29 08:24:00,4036.8,0,3,4,3,3,0,0,0
869,2026-07-29 08:24:00,4037.3,2,0,2,-2,2,0,0,0
869,2026-07-29 08:24:00,4037.4,1,1,2,0,2,0,0,0
869,2026-07-29 08:24:00,4037.6,43,0,50,-43,5,0,0,0
869,2026-07-29 08:24:00,4037.7,4,0,6,-4,4,0,0,0
869,2026-07-29 08:24:00,4037.8,0,1,1,1,1,0,0,0
870,2026-07-29 08:25:00,4036.3,0,0,1,0,1,0,0,0
870,2026-07-29 08:25:00,4036.5,1,0,1,-1,1,0,0,0
870,2026-07-29 08:25:00,4036.8,0,2,2,2,2,0,0,0
870,2026-07-29 08:25:00,4037.0,0,0,2,0,2,0,0,0
870,2026-07-29 08:25:00,4037.1,0,3,3,3,2,0,0,0
870,2026-07-29 08:25:00,4037.2,0,1,1,1,1,0,0,0
871,2026-07-29 08:26:00,4035.2,0,4,4,4,2,0,0,0
871,2026-07-29 08:26:00,4035.3,0,0,1,0,1,0,0,0
871,2026-07-29 08:26:00,4035.4,1,0,1,-1,1,0,0,0
871,2026-07-29 08:26:00,4035.6,0,2,2,2,1,0,0,0
872,2026-07-29 08:27:00,4034.8,1,0,1,-1,1,0,0,0
872,2026-07-29 08:27:00,4035.0,0,1,1,1,1,0,0,0
872,2026-07-29 08:27:00,4035.1,1,0,1,-1,1,0,0,0
872,2026-07-29 08:27:00,4035.2,1,0,3,-1,3,0,0,0
872,2026-07-29 08:27:00,4035.4,0,3,3,3,3,0,0,0
872,2026-07-29 08:27:00,4035.5,0,2,2,2,2,0,0,0
872,2026-07-29 08:27:00,4035.8,0,2,2,2,2,0,0,0
873,2026-07-29 08:28:00,4036.5,1,0,1,-1,1,0,0,0
873,2026-07-29 08:28:00,4036.6,1,0,2,-1,2,0,0,0
874,2026-07-29 08:29:00,4036.1,1,0,1,-1,1,0,0,0
874,2026-07-29 08:29:00,4036.4,0,0,1,0,1,0,0,0
875,2026-07-29 08:30:00,4034.8,2,0,2,-2,1,0,0,0
875,2026-07-29 08:30:00,4035.0,0,0,1,0,1,0,0,0
875,2026-07-29 08:30:00,4035.2,0,1,1,1,1,0,0,0
875,2026-07-29 08:30:00,4035.3,0,1,1,1,1,0,0,0
875,2026-07-29 08:30:00,4035.4,0,3,4,3,3,0,0,0
875,2026-07-29 08:30:00,4035.5,0,0,1,0,1,0,0,0
875,2026-07-29 08:30:00,4036.0,4,0,5,-4,3,0,0,0
875,2026-07-29 08:30:00,4036.2,1,1,2,0,2,0,0,0
876,2026-07-29 08:31:00,4035.5,1,0,1,-1,1,0,0,0
876,2026-07-29 08:31:00,4035.7,0,1,1,1,1,0,0,0
876,2026-07-29 08:31:00,4035.8,0,1,1,1,1,0,0,0
876,2026-07-29 08:31:00,4035.9,0,1,1,1,1,0,0,0
876,2026-07-29 08:31:00,4036.2,0,1,1,1,1,0,0,0
876,2026-07-29 08:31:00,4036.8,0,1,1,1,1,0,0,0
877,2026-07-29 08:32:00,4035.9,0,1,1,1,1,0,0,0
877,2026-07-29 08:32:00,4036.9,0,1,1,1,1,0,0,0
878,2026-07-29 08:33:00,4035.7,0,1,1,1,1,0,0,0
878,2026-07-29 08:33:00,4036.5,0,1,1,1,1,0,0,0
879,2026-07-29 08:34:00,4035.2,3,0,4,-3,2,0,0,0
879,2026-07-29 08:34:00,4035.5,0,2,2,2,2,0,0,0
880,2026-07-29 08:35:00,4034.8,5,0,5,-5,1,0,0,0
880,2026-07-29 08:35:00,4034.9,4,0,4,-4,1,0,0,0
880,2026-07-29 08:35:00,4035.0,2,0,2,-2,2,0,0,0
880,2026-07-29 08:35:00,4035.1,2,0,2,-2,1,0,0,0
880,2026-07-29 08:35:00,4035.2,3,0,3,-3,1,0,0,0
880,2026-07-29 08:35:00,4035.3,1,2,3,1,3,0,0,0
880,2026-07-29 08:35:00,4035.5,0,1,1,1,1,0,0,0
880,2026-07-29 08:35:00,4035.7,0,1,1,1,1,0,0,0
881,2026-07-29 08:36:00,4036.5,0,1,1,1,1,0,0,0
881,2026-07-29 08:36:00,4036.6,2,0,2,-2,1,0,0,0
881,2026-07-29 08:36:00,4036.7,2,0,3,-2,2,0,0,0
882,2026-07-29 08:37:00,4036.1,1,0,1,-1,1,0,0,0
882,2026-07-29 08:37:00,4036.5,0,1,1,1,1,0,0,0
883,2026-07-29 08:38:00,4036.3,0,0,1,0,1,0,0,0
883,2026-07-29 08:38:00,4037.0,2,0,2,-2,2,0,0,0
883,2026-07-29 08:38:00,4037.4,0,0,1,0,1,0,0,0
884,2026-07-29 08:39:00,4036.6,0,1,1,1,1,0,0,0
884,2026-07-29 08:39:00,4036.9,0,0,1,0,1,0,0,0
885,2026-07-29 08:40:00,4036.6,1,1,2,0,2,0,0,0
885,2026-07-29 08:40:00,4037.0,0,0,1,0,1,0,0,0
885,2026-07-29 08:40:00,4037.3,0,0,1,0,1,0,0,0
886,2026-07-29 08:41:00,4036.8,0,0,1,0,1,0,0,0
887,2026-07-29 08:43:00,4037.6,4,0,4,-4,2,0,0,0
887,2026-07-29 08:43:00,4037.7,2,18,33,16,20,0,0,0
887,2026-07-29 08:43:00,4037.9,0,1,1,1,1,0,0,0
888,2026-07-29 08:44:00,4037.7,0,1,1,1,1,0,0,0
889,2026-07-29 08:45:00,4037.0,0,0,2,0,2,0,0,0
889,2026-07-29 08:45:00,4037.5,0,1,1,1,1,0,0,0
890,2026-07-29 08:46:00,4037.9,0,0,1,0,1,0,0,0
890,2026-07-29 08:46:00,4038.1,0,2,2,2,1,0,0,0
890,2026-07-29 08:46:00,4038.2,0,2,2,2,2,0,0,0
891,2026-07-29 08:47:00,4038.6,1,0,2,-1,2,0,0,0
891,2026-07-29 08:47:00,4038.8,0,1,1,1,1,0,0,0
892,2026-07-29 08:48:00,4037.9,4,0,4,-4,1,0,0,0
892,2026-07-29 08:48:00,4038.2,0,1,1,1,1,0,0,0
893,2026-07-29 08:49:00,4036.7,2,8,26,6,9,0,0,0
893,2026-07-29 08:49:00,4036.8,1,20,47,19,7,0,0,0
894,2026-07-29 08:50:00,4036.6,0,1,1,1,1,0,0,0
894,2026-07-29 08:50:00,4036.7,12,3,34,-9,5,0,0,0
895,2026-07-29 08:51:00,4037.0,0,0,1,0,1,0,0,0
895,2026-07-29 08:51:00,4037.1,1,0,1,-1,1,0,0,0
895,2026-07-29 08:51:00,4037.2,0,1,1,1,1,0,0,0
895,2026-07-29 08:51:00,4037.6,0,1,1,1,1,0,0,0
896,2026-07-29 08:52:00,4038.0,0,1,1,1,1,0,0,0
897,2026-07-29 08:53:00,4037.1,0,0,9,0,3,0,0,0
897,2026-07-29 08:53:00,4037.4,0,1,1,1,1,0,0,0
897,2026-07-29 08:53:00,4037.6,1,0,1,-1,1,0,0,0
897,2026-07-29 08:53:00,4037.8,0,2,2,2,2,0,0,0
898,2026-07-29 08:54:00,4037.9,1,3,6,2,3,0,0,0
898,2026-07-29 08:54:00,4039.1,0,1,3,1,2,0,0,0
899,2026-07-29 08:55:00,4038.3,0,1,1,1,1,0,0,0
899,2026-07-29 08:55:00,4038.6,0,1,1,1,1,0,0,0
899,2026-07-29 08:55:00,4038.8,0,1,1,1,1,0,0,0
900,2026-07-29 08:56:00,4037.9,2,1,3,-1,2,0,0,0
901,2026-07-29 08:57:00,4037.2,0,3,3,3,1,0,0,0
901,2026-07-29 08:57:00,4037.3,1,0,1,-1,1,0,0,0
901,2026-07-29 08:57:00,4037.4,0,1,1,1,1,0,0,0
901,2026-07-29 08:57:00,4038.1,0,1,1,1,1,0,0,0
901,2026-07-29 08:57:00,4038.2,1,0,1,-1,1,0,0,0
902,2026-07-29 08:58:00,4036.7,0,0,1,0,1,0,0,0
902,2026-07-29 08:58:00,4037.0,1,0,1,-1,1,0,0,0
902,2026-07-29 08:58:00,4037.4,1,2,3,1,2,0,0,0
903,2026-07-29 08:59:00,4036.3,0,0,1,0,1,0,0,0
904,2026-07-29 09:00:00,4035.7,0,1,1,1,1,0,0,0
904,2026-07-29 09:00:00,4035.9,0,0,1,0,1,0,0,0
904,2026-07-29 09:00:00,4036.0,6,0,10,-6,3,0,0,0
904,2026-07-29 09:00:00,4036.1,0,0,1,0,1,0,0,0
904,2026-07-29 09:00:00,4036.5,0,0,1,0,1,0,0,0
904,2026-07-29 09:00:00,4036.9,0,0,1,0,1,0,0,0
904,2026-07-29 09:00:00,4037.0,0,0,1,0,1,0,0,0
905,2026-07-29 09:01:00,4036.6,0,2,2,2,2,0,0,0
905,2026-07-29 09:01:00,4036.7,0,0,1,0,1,0,0,0
905,2026-07-29 09:01:00,4036.8,0,1,1,1,1,0,0,0
906,2026-07-29 09:02:00,4036.8,1,0,1,-1,1,0,0,0
906,2026-07-29 09:02:00,4037.0,0,0,5,0,2,0,0,0
907,2026-07-29 09:03:00,4036.2,0,1,1,1,1,0,0,0
908,2026-07-29 09:06:00,4035.7,3,1,5,-2,3,0,0,0
909,2026-07-29 09:07:00,4035.4,6,1,12,-5,6,0,0,0
909,2026-07-29 09:07:00,4035.6,1,0,1,-1,1,0,0,0
910,2026-07-29 09:09:00,4035.6,2,0,2,-2,2,0,0,0
910,2026-07-29 09:09:00,4035.9,0,1,1,1,1,0,0,0
910,2026-07-29 09:09:00,4036.0,2,0,2,-2,1,0,0,0
911,2026-07-29 09:11:00,4036.0,1,0,1,-1,1,0,0,0
912,2026-07-29 09:12:00,4035.5,0,0,5,0,1,0,0,0
913,2026-07-29 09:13:00,4035.4,1,0,1,-1,1,0,0,0
914,2026-07-29 09:14:00,4035.2,1,0,1,-1,1,0,0,0
915,2026-07-29 09:15:00,4035.3,0,1,1,1,1,0,0,0
915,2026-07-29 09:15:00,4036.1,0,4,4,4,1,0,0,0
915,2026-07-29 09:15:00,4036.2,0,2,2,2,2,0,0,0
916,2026-07-29 09:20:00,4035.0,5,0,5,-5,1,0,0,0
916,2026-07-29 09:20:00,4035.1,0,0,1,0,1,0,0,0
917,2026-07-29 09:21:00,4034.2,1,0,1,-1,1,0,0,0
917,2026-07-29 09:21:00,4034.3,1,0,1,-1,1,0,0,0
917,2026-07-29 09:21:00,4034.5,0,0,1,0,1,0,0,0
917,2026-07-29 09:21:00,4034.6,0,21,25,21,14,0,0,0
917,2026-07-29 09:21:00,4034.7,0,8,9,8,7,0,0,0
917,2026-07-29 09:21:00,4035.2,0,2,2,2,2,0,0,0
917,2026-07-29 09:21:00,4035.3,0,2,2,2,1,0,0,0
918,2026-07-29 09:22:00,4034.3,0,0,10,0,4,0,0,0
918,2026-07-29 09:22:00,4034.5,1,0,1,-1,1,0,0,0
918,2026-07-29 09:22:00,4035.0,1,0,1,-1,1,0,0,0
918,2026-07-29 09:22:00,4035.1,0,7,27,7,20,0,0,0
918,2026-07-29 09:22:00,4035.5,0,2,2,2,2,0,0,0
919,2026-07-29 09:23:00,4032.9,2,0,2,-2,2,0,0,0
919,2026-07-29 09:23:00,4033.0,2,8,16,6,8,0,0,0
919,2026-07-29 09:23:00,4033.3,0,0,1,0,1,0,0,0
919,2026-07-29 09:23:00,4034.2,23,0,23,-23,3,0,0,0
920,2026-07-29 09:24:00,4033.2,1,0,1,-1,1,0,0,0
920,2026-07-29 09:24:00,4033.6,2,0,2,-2,1,0,0,0
920,2026-07-29 09:24:00,4034.0,0,0,1,0,1,0,0,0
920,2026-07-29 09:24:00,4034.2,0,0,1,0,1,0,0,0
921,2026-07-29 09:25:00,4033.2,0,0,1,0,1,0,0,0
921,2026-07-29 09:25:00,4033.6,0,1,1,1,1,0,0,0
921,2026-07-29 09:25:00,4033.7,0,2,2,2,2,0,0,0
921,2026-07-29 09:25:00,4033.8,0,1,1,1,1,0,0,0
922,2026-07-29 09:29:00,4032.6,17,0,20,-17,10,0,0,0
922,2026-07-29 09:29:00,4032.7,2,1,3,-1,3,0,0,0
922,2026-07-29 09:29:00,4032.8,0,2,2,2,2,0,0,0
923,2026-07-29 09:30:00,4030.4,1,0,1,-1,1,0,0,0
923,2026-07-29 09:30:00,4030.6,2,0,2,-2,1,0,0,0
923,2026-07-29 09:30:00,4030.8,1,3,4,2,2,0,0,0
923,2026-07-29 09:30:00,4031.0,4,0,4,-4,2,0,0,0
923,2026-07-29 09:30:00,4031.1,1,0,1,-1,1,0,0,0
923,2026-07-29 09:30:00,4031.2,0,0,1,0,1,0,0,0
923,2026-07-29 09:30:00,4031.3,1,1,2,0,2,0,0,0
923,2026-07-29 09:30:00,4031.4,0,1,2,1,2,0,0,0
923,2026-07-29 09:30:00,4032.0,0,0,2,0,1,0,0,0
923,2026-07-29 09:30:00,4032.2,5,0,6,-5,3,0,0,0
923,2026-07-29 09:30:00,4032.3,6,0,6,-6,3,0,0,0
923,2026-07-29 09:30:00,4032.4,3,0,3,-3,3,0,0,0
923,2026-07-29 09:30:00,4032.5,3,0,3,-3,2,0,0,0
923,2026-07-29 09:30:00,4032.6,5,0,5,-5,5,0,0,0
923,2026-07-29 09:30:00,4032.7,3,1,4,-2,3,0,0,0
923,2026-07-29 09:30:00,4032.8,5,0,5,-5,1,0,0,0
923,2026-07-29 09:30:00,4032.9,1,0,1,-1,1,0,0,0
923,2026-07-29 09:30:00,4033.1,0,1,1,1,1,0,0,0
923,2026-07-29 09:30:00,4033.2,0,1,1,1,1,0,0,0
924,2026-07-29 09:31:00,4031.5,0,0,1,0,1,0,0,0
924,2026-07-29 09:31:00,4031.7,0,2,2,2,1,0,0,0
924,2026-07-29 09:31:00,4031.8,1,65,66,64,6,0,0,0
924,2026-07-29 09:31:00,4031.9,0,7,7,7,1,0,0,0
924,2026-07-29 09:31:00,4032.2,0,1,1,1,1,0,0,0
925,2026-07-29 09:32:00,4030.7,0,2,2,2,1,0,0,0
925,2026-07-29 09:32:00,4030.8,3,0,3,-3,1,0,0,0
925,2026-07-29 09:32:00,4030.9,2,0,2,-2,1,0,0,0
925,2026-07-29 09:32:00,4031.0,3,0,3,-3,1,0,0,0
925,2026-07-29 09:32:00,4031.1,3,0,3,-3,1,0,0,0
925,2026-07-29 09:32:00,4031.2,4,0,4,-4,1,0,0,0
925,2026-07-29 09:32:00,4031.3,4,0,4,-4,1,0,0,0
925,2026-07-29 09:32:00,4031.4,3,0,3,-3,1,0,0,0
925,2026-07-29 09:32:00,4031.5,1,0,1,-1,1,0,0,0
925,2026-07-29 09:32:00,4031.8,0,1,1,1,1,0,0,0
926,2026-07-29 09:33:00,4033.0,0,0,1,0,1,0,0,0
926,2026-07-29 09:33:00,4033.3,0,2,2,2,1,0,0,0
926,2026-07-29 09:33:00,4033.6,1,0,1,-1,1,0,0,0
927,2026-07-29 09:34:00,4033.0,1,0,1,-1,1,0,0,0
928,2026-07-29 09:35:00,4032.9,0,1,1,1,1,0,0,0
928,2026-07-29 09:35:00,4033.0,0,2,2,2,1,0,0,0
928,2026-07-29 09:35:00,4033.1,0,5,5,5,1,0,0,0
928,2026-07-29 09:35:00,4033.2,0,2,2,2,1,0,0,0
929,2026-07-29 09:36:00,4033.0,1,0,2,-1,2,0,0,0
929,2026-07-29 09:36:00,4033.1,0,0,1,0,1,0,0,0
929,2026-07-29 09:36:00,4033.3,0,2,2,2,2,0,0,0
930,2026-07-29 09:37:00,4033.1,0,0,1,0,1,0,0,0
930,2026-07-29 09:37:00,4033.3,2,0,2,-2,1,0,0,0
931,2026-07-29 09:38:00,4033.8,3,0,3,-3,1,0,0,0
931,2026-07-29 09:38:00,4033.9,0,1,1,1,1,0,0,0
931,2026-07-29 09:38:00,4034.0,0,2,2,2,2,0,0,0
931,2026-07-29 09:38:00,4034.1,0,1,1,1,1,0,0,0
932,2026-07-29 09:39:00,4031.8,1,0,1,-1,1,0,0,0
932,2026-07-29 09:39:00,4031.9,2,0,2,-2,2,0,0,0
932,2026-07-29 09:39:00,4032.1,0,0,2,0,2,0,0,0
932,2026-07-29 09:39:00,4032.2,7,1,8,-6,2,0,0,0
933,2026-07-29 09:41:00,4032.0,1,0,1,-1,1,0,0,0
933,2026-07-29 09:41:00,4032.1,0,0,1,0,1,0,0,0
933,2026-07-29 09:41:00,4032.2,0,1,1,1,1,0,0,0
933,2026-07-29 09:41:00,4033.6,3,0,3,-3,1,0,0,0
933,2026-07-29 09:41:00,4033.8,1,0,1,-1,1,0,0,0
934,2026-07-29 09:42:00,4033.3,4,0,4,-4,1,0,0,0
934,2026-07-29 09:42:00,4033.4,4,0,4,-4,2,0,0,0
934,2026-07-29 09:42:00,4033.5,2,0,2,-2,1,0,0,0
934,2026-07-29 09:42:00,4033.6,1,0,1,-1,1,0,0,0
934,2026-07-29 09:42:00,4033.7,2,1,3,-1,3,0,0,0
934,2026-07-29 09:42:00,4033.9,0,0,1,0,1,0,0,0
934,2026-07-29 09:42:00,4034.2,1,0,2,-1,2,0,0,0
935,2026-07-29 09:43:00,4033.5,2,0,2,-2,1,0,0,0
935,2026-07-29 09:43:00,4033.6,1,0,1,-1,1,0,0,0
935,2026-07-29 09:43:00,4033.7,1,0,1,-1,1,0,0,0
935,2026-07-29 09:43:00,4033.8,1,0,1,-1,1,0,0,0
935,2026-07-29 09:43:00,4034.1,0,1,1,1,1,0,0,0
936,2026-07-29 09:44:00,4033.6,0,2,2,2,2,0,0,0
937,2026-07-29 09:45:00,4034.0,0,2,2,2,2,0,0,0
938,2026-07-29 09:46:00,4033.7,0,1,1,1,1,0,0,0
938,2026-07-29 09:46:00,4034.0,0,0,3,0,3,0,0,0
938,2026-07-29 09:46:00,4034.1,0,1,1,1,1,0,0,0
938,2026-07-29 09:46:00,4034.7,1,0,1,-1,1,0,0,0
938,2026-07-29 09:46:00,4034.8,0,1,1,1,1,0,0,0
938,2026-07-29 09:46:00,4034.9,0,1,1,1,1,0,0,0
938,2026-07-29 09:46:00,4035.0,0,4,4,4,2,0,0,0
939,2026-07-29 09:49:00,4034.9,0,0,1,0,1,0,0,0
939,2026-07-29 09:49:00,4035.0,0,0,1,0,1,0,0,0
939,2026-07-29 09:49:00,4035.2,0,2,2,2,1,0,0,0
940,2026-07-29 09:51:00,4034.7,3,0,3,-3,2,0,0,0
940,2026-07-29 09:51:00,4035.1,0,1,1,1,1,0,0,0
940,2026-07-29 09:51:00,4035.2,0,1,1,1,1,0,0,0
941,2026-07-29 09:53:00,4034.5,1,0,1,-1,1,0,0,0
942,2026-07-29 09:55:00,4032.9,3,0,3,-3,1,0,0,0
942,2026-07-29 09:55:00,4033.0,1,0,1,-1,1,0,0,0
942,2026-07-29 09:55:00,4033.2,4,0,5,-4,3,0,0,0
942,2026-07-29 09:55:00,4033.3,0,0,2,0,2,0,0,0
942,2026-07-29 09:55:00,4033.7,0,2,2,2,1,0,0,0
942,2026-07-29 09:55:00,4033.8,0,3,3,3,1,0,0,0
942,2026-07-29 09:55:00,4033.9,0,1,1,1,1,0,0,0
942,2026-07-29 09:55:00,4034.0,0,1,1,1,1,0,0,0
943,2026-07-29 09:56:00,4033.5,0,1,1,1,1,0,0,0
944,2026-07-29 09:57:00,4031.5,2,0,2,-2,1,0,0,0
944,2026-07-29 09:57:00,4031.7,1,0,1,-1,1,0,0,0
944,2026-07-29 09:57:00,4032.0,0,0,1,0,1,0,0,0
945,2026-07-29 09:59:00,4031.0,1,0,1,-1,1,0,0,0
945,2026-07-29 09:59:00,4031.4,0,1,1,1,1,0,0,0
945,2026-07-29 09:59:00,4031.5,0,0,1,0,1,0,0,0
946,2026-07-29 10:00:00,4032.2,0,1,1,1,1,0,0,0
946,2026-07-29 10:00:00,4032.5,1,0,1,-1,1,0,0,0
946,2026-07-29 10:00:00,4032.6,0,0,2,0,2,0,0,0
946,2026-07-29 10:00:00,4032.7,1,0,1,-1,1,0,0,0
947,2026-07-29 10:01:00,4032.3,1,1,2,0,2,0,0,0
947,2026-07-29 10:01:00,4032.4,1,0,1,-1,1,0,0,0
948,2026-07-29 10:02:00,4032.9,0,0,1,0,1,0,0,0
949,2026-07-29 10:03:00,4032.6,0,1,1,1,1,0,0,0
949,2026-07-29 10:03:00,4032.7,0,1,1,1,1,0,0,0
949,2026-07-29 10:03:00,4033.0,0,0,1,0,1,0,0,0
950,2026-07-29 10:04:00,4031.2,3,0,3,-3,2,0,0,0
950,2026-07-29 10:04:00,4031.8,0,0,1,0,1,0,0,0
950,2026-07-29 10:04:00,4031.9,0,0,1,0,1,0,0,0
950,2026-07-29 10:04:00,4032.0,0,1,1,1,1,0,0,0
951,2026-07-29 10:05:00,4031.1,6,0,10,-6,5,0,0,0
951,2026-07-29 10:05:00,4031.2,0,0,1,0,1,0,0,0
951,2026-07-29 10:05:00,4032.2,0,1,1,1,1,0,0,0
951,2026-07-29 10:05:00,4032.3,0,0,1,0,1,0,0,0
951,2026-07-29 10:05:00,4032.4,1,0,1,-1,1,0,0,0
951,2026-07-29 10:05:00,4032.7,1,0,1,-1,1,0,0,0
951,2026-07-29 10:05:00,4033.1,0,1,1,1,1,0,0,0
952,2026-07-29 10:06:00,4030.3,5,0,5,-5,1,0,0,0
952,2026-07-29 10:06:00,4030.7,2,0,2,-2,1,0,0,0
952,2026-07-29 10:06:00,4030.8,0,0,1,0,1,0,0,0
952,2026-07-29 10:06:00,4030.9,1,0,1,-1,1,0,0,0
952,2026-07-29 10:06:00,4031.0,0,0,1,0,1,0,0,0
952,2026-07-29 10:06:00,4031.4,0,2,3,2,3,0,0,0
953,2026-07-29 10:07:00,4031.2,0,1,1,1,1,0,0,0
954,2026-07-29 10:08:00,4031.4,1,0,2,-1,2,0,0,0
954,2026-07-29 10:08:00,4031.5,1,0,7,-1,4,0,0,0
955,2026-07-29 10:09:00,4031.5,0,1,1,1,1,0,0,0
956,2026-07-29 10:11:00,4031.4,1,0,1,-1,1,0,0,0
956,2026-07-29 10:11:00,4031.5,0,0,1,0,1,0,0,0
956,2026-07-29 10:11:00,4031.9,1,0,1,-1,1,0,0,0
956,2026-07-29 10:11:00,4032.0,1,0,2,-1,2,0,0,0
957,2026-07-29 10:12:00,4031.5,0,0,2,0,1,0,0,0
958,2026-07-29 10:13:00,4030.5,5,0,10,-5,4,0,0,0
959,2026-07-29 10:14:00,4030.0,1,0,7,-1,5,0,0,0
959,2026-07-29 10:14:00,4030.2,2,0,2,-2,1,0,0,0
959,2026-07-29 10:14:00,4030.3,2,0,2,-2,1,0,0,0
959,2026-07-29 10:14:00,4030.7,0,2,3,2,2,0,0,0
960,2026-07-29 10:15:00,4030.0,0,0,3,0,1,0,0,0
960,2026-07-29 10:15:00,4030.1,1,0,1,-1,1,0,0,0
960,2026-07-29 10:15:00,4030.2,1,0,1,-1,1,0,0,0
960,2026-07-29 10:15:00,4030.3,0,1,1,1,1,0,0,0
960,2026-07-29 10:15:00,4030.5,1,0,1,-1,1,0,0,0
961,2026-07-29 10:16:00,4029.6,3,0,3,-3,2,0,0,0
961,2026-07-29 10:16:00,4029.7,2,0,2,-2,2,0,0,0
961,2026-07-29 10:16:00,4030.2,0,3,3,3,1,0,0,0
962,2026-07-29 10:17:00,4030.6,1,0,2,-1,2,0,0,0
962,2026-07-29 10:17:00,4030.7,0,2,2,2,2,0,0,0
963,2026-07-29 10:18:00,4029.5,0,1,1,1,1,0,0,0
963,2026-07-29 10:18:00,4030.7,0,0,1,0,1,0,0,0
964,2026-07-29 10:19:00,4030.1,1,0,1,-1,1,0,0,0
964,2026-07-29 10:19:00,4030.4,1,0,1,-1,1,0,0,0
964,2026-07-29 10:19:00,4031.2,0,0,1,0,1,0,0,0
965,2026-07-29 10:20:00,4031.1,1,0,1,-1,1,0,0,0
966,2026-07-29 10:21:00,4030.5,0,0,1,0,1,0,0,0
966,2026-07-29 10:21:00,4030.6,1,0,1,-1,1,0,0,0
966,2026-07-29 10:21:00,4030.7,1,0,1,-1,1,0,0,0
966,2026-07-29 10:21:00,4031.1,0,1,2,1,2,0,0,0
967,2026-07-29 10:22:00,4030.3,1,0,1,-1,1,0,0,0
967,2026-07-29 10:22:00,4030.8,0,1,1,1,1,0,0,0
968,2026-07-29 10:25:00,4030.3,8,0,10,-8,3,0,0,0
969,2026-07-29 10:27:00,4031.0,0,1,1,1,1,0,0,0
969,2026-07-29 10:27:00,4031.1,0,3,3,3,1,0,0,0
969,2026-07-29 10:27:00,4031.2,0,1,1,1,1,0,0,0
969,2026-07-29 10:27:00,4031.3,0,1,1,1,1,0,0,0
969,2026-07-29 10:27:00,4031.4,0,2,2,2,2,0,0,0
969,2026-07-29 10:27:00,4031.5,0,2,2,2,2,0,0,0
970,2026-07-29 10:29:00,4032.0,0,1,1,1,1,0,0,0
970,2026-07-29 10:29:00,4032.1,0,1,1,1,1,0,0,0
970,2026-07-29 10:29:00,4032.5,0,3,8,3,6,0,0,0
971,2026-07-29 10:30:00,4032.3,0,1,1,1,1,0,0,0
971,2026-07-29 10:30:00,4032.5,0,7,12,7,9,0,0,0
971,2026-07-29 10:30:00,4032.7,0,2,2,2,1,0,0,0
972,2026-07-29 10:31:00,4033.0,0,1,1,1,1,0,0,0
973,2026-07-29 10:32:00,4033.0,1,0,1,-1,1,0,0,0
973,2026-07-29 10:32:00,4033.1,1,0,1,-1,1,0,0,0
974,2026-07-29 10:33:00,4032.7,1,0,4,-1,4,0,0,0
974,2026-07-29 10:33:00,4032.8,0,0,1,0,1,0,0,0
974,2026-07-29 10:33:00,4033.0,0,1,1,1,1,0,0,0
975,2026-07-29 10:34:00,4031.3,3,0,3,-3,1,0,0,0
975,2026-07-29 10:34:00,4031.4,1,0,1,-1,1,0,0,0
975,2026-07-29 10:34:00,4031.5,1,0,1,-1,1,0,0,0
975,2026-07-29 10:34:00,4033.0,1,0,1,-1,1,0,0,0
975,2026-07-29 10:34:00,4033.4,1,0,1,-1,1,0,0,0
975,2026-07-29 10:34:00,4033.7,0,1,1,1,1,0,0,0
975,2026-07-29 10:34:00,4033.8,0,4,4,4,1,0,0,0
976,2026-07-29 10:35:00,4031.2,2,5,7,3,2,0,0,0
976,2026-07-29 10:35:00,4031.3,2,0,3,-2,2,0,0,0
976,2026-07-29 10:35:00,4031.6,3,0,3,-3,1,0,0,0
977,2026-07-29 10:36:00,4030.9,8,2,10,-6,3,0,0,0
977,2026-07-29 10:36:00,4031.0,6,0,6,-6,2,0,0,0
977,2026-07-29 10:36:00,4031.1,2,2,4,0,4,0,0,0
977,2026-07-29 10:36:00,4031.2,2,0,2,-2,2,0,0,0
977,2026-07-29 10:36:00,4031.3,0,0,1,0,1,0,0,0
978,2026-07-29 10:37:00,4031.0,0,1,1,1,1,0,0,0
979,2026-07-29 10:38:00,4028.8,1,0,1,-1,1,0,0,0
979,2026-07-29 10:38:00,4029.1,0,0,1,0,1,0,0,0
979,2026-07-29 10:38:00,4029.2,0,0,1,0,1,0,0,0
979,2026-07-29 10:38:00,4030.6,0,1,1,1,1,0,0,0
979,2026-07-29 10:38:00,4031.0,0,2,2,2,2,0,0,0
979,2026-07-29 10:38:00,4031.1,0,1,1,1,1,0,0,0
980,2026-07-29 10:39:00,4029.0,2,27,29,25,6,0,0,0
980,2026-07-29 10:39:00,4029.1,2,1,3,-1,2,0,0,0
981,2026-07-29 10:40:00,4028.2,1,2,7,1,6,0,0,0
981,2026-07-29 10:40:00,4028.3,2,4,12,2,11,0,0,0
981,2026-07-29 10:40:00,4028.4,0,1,1,1,1,0,0,0
981,2026-07-29 10:40:00,4028.5,3,2,5,-1,3,0,0,0
981,2026-07-29 10:40:00,4028.8,0,2,2,2,2,0,0,0
981,2026-07-29 10:40:00,4028.9,0,1,1,1,1,0,0,0
982,2026-07-29 10:41:00,4028.3,0,1,1,1,1,0,0,0
983,2026-07-29 10:42:00,4027.5,1,0,1,-1,1,0,0,0
984,2026-07-29 10:43:00,4025.9,3,0,3,-3,1,0,0,0
984,2026-07-29 10:43:00,4026.0,1,0,2,-1,2,0,0,0
984,2026-07-29 10:43:00,4026.1,0,1,1,1,1,0,0,0
984,2026-07-29 10:43:00,4026.3,0,1,6,1,5,0,0,0
984,2026-07-29 10:43:00,4026.4,0,2,2,2,2,0,0,0
984,2026-07-29 10:43:00,4026.5,6,2,8,-4,4,0,0,0
984,2026-07-29 10:43:00,4026.6,4,0,4,-4,1,0,0,0
984,2026-07-29 10:43:00,4026.7,6,0,7,-6,3,0,0,0
984,2026-07-29 10:43:00,4026.8,2,1,3,-1,2,0,0,0
984,2026-07-29 10:43:00,4026.9,5,0,5,-5,1,0,0,0
984,2026-07-29 10:43:00,4027.0,3,0,3,-3,1,0,0,0
984,2026-07-29 10:43:00,4027.1,2,0,2,-2,1,0,0,0
984,2026-07-29 10:43:00,4027.2,1,0,1,-1,1,0,0,0
985,2026-07-29 10:44:00,4026.9,0,0,2,0,2,0,0,0
985,2026-07-29 10:44:00,4027.1,1,0,1,-1,1,0,0,0
986,2026-07-29 10:45:00,4026.9,0,0,4,0,2,0,0,0
987,2026-07-29 10:46:00,4026.0,0,1,1,1,1,0,0,0
987,2026-07-29 10:46:00,4026.1,0,1,2,1,2,0,0,0
988,2026-07-29 10:47:00,4026.9,0,0,1,0,1,0,0,0
988,2026-07-29 10:47:00,4027.0,0,2,2,2,2,0,0,0
989,2026-07-29 10:48:00,4026.4,0,1,1,1,1,0,0,0
989,2026-07-29 10:48:00,4026.5,0,4,5,4,2,0,0,0
989,2026-07-29 10:48:00,4026.6,1,0,1,-1,1,0,0,0
990,2026-07-29 10:49:00,4026.5,0,0,1,0,1,0,0,0
990,2026-07-29 10:49:00,4027.3,0,1,1,1,1,0,0,0
990,2026-07-29 10:49:00,4027.5,7,2,10,-5,4,0,0,0
991,2026-07-29 10:50:00,4026.8,0,0,1,0,1,0,0,0
991,2026-07-29 10:50:00,4027.4,0,0,1,0,1,0,0,0
992,2026-07-29 10:51:00,4026.0,1,0,1,-1,1,0,0,0
992,2026-07-29 10:51:00,4026.1,1,0,3,-1,3,0,0,0
992,2026-07-29 10:51:00,4027.6,0,0,2,0,1,0,0,0
992,2026-07-29 10:51:00,4028.0,0,1,1,1,1,0,0,0
993,2026-07-29 10:52:00,4025.7,0,0,1,0,1,0,0,0
993,2026-07-29 10:52:00,4025.8,1,0,1,-1,1,0,0,0
993,2026-07-29 10:52:00,4025.9,0,2,2,2,1,0,0,0
994,2026-07-29 10:53:00,4026.2,0,1,1,1,1,0,0,0
995,2026-07-29 10:55:00,4025.7,2,2,9,0,6,0,0,0
995,2026-07-29 10:55:00,4025.8,3,0,3,-3,1,0,0,0
995,2026-07-29 10:55:00,4025.9,1,0,1,-1,1,0,0,0
995,2026-07-29 10:55:00,4026.0,1,0,1,-1,1,0,0,0
995,2026-07-29 10:55:00,4026.1,1,0,1,-1,1,0,0,0
996,2026-07-29 10:57:00,4025.9,1,0,1,-1,1,0,0,0
997,2026-07-29 10:59:00,4025.7,1,0,1,-1,1,0,0,0
998,2026-07-29 11:00:00,4026.8,2,0,2,-2,1,0,0,0
998,2026-07-29 11:00:00,4027.0,0,4,4,4,3,0,0,0
999,2026-07-29 11:01:00,4027.8,1,0,1,-1,1,0,0,0
1000,2026-07-29 11:02:00,4028.9,0,2,2,2,2,0,0,0
1000,2026-07-29 11:02:00,4029.0,0,1,1,1,1,0,0,0
1001,2026-07-29 11:03:00,4027.6,0,0,1,0,1,0,0,0
1002,2026-07-29 11:04:00,4027.2,0,1,1,1,1,0,0,0
1003,2026-07-29 11:05:00,4026.6,0,0,1,0,1,0,0,0
1003,2026-07-29 11:05:00,4027.0,2,0,2,-2,2,0,0,0
1004,2026-07-29 11:06:00,4026.5,0,0,1,0,1,0,0,0
1005,2026-07-29 11:07:00,4024.1,4,0,4,-4,2,0,0,0
1005,2026-07-29 11:07:00,4024.2,5,0,5,-5,4,0,0,0
1005,2026-07-29 11:07:00,4024.3,3,0,3,-3,2,0,0,0
1005,2026-07-29 11:07:00,4024.5,4,0,4,-4,3,0,0,0
1005,2026-07-29 11:07:00,4024.6,1,0,2,-1,2,0,0,0
1005,2026-07-29 11:07:00,4024.7,3,0,4,-3,4,0,0,0
1005,2026-07-29 11:07:00,4024.8,7,1,8,-6,5,0,0,0
1005,2026-07-29 11:07:00,4024.9,1,0,1,-1,1,0,0,0
1005,2026-07-29 11:07:00,4025.0,5,0,5,-5,1,0,0,0
1005,2026-07-29 11:07:00,4025.1,2,0,2,-2,2,0,0,0
1005,2026-07-29 11:07:00,4025.3,1,0,1,-1,1,0,0,0
1005,2026-07-29 11:07:00,4025.5,4,0,4,-4,4,0,0,0
1005,2026-07-29 11:07:00,4025.6,1,0,1,-1,1,0,0,0
1006,2026-07-29 11:08:00,4024.6,1,0,1,-1,1,0,0,0
1006,2026-07-29 11:08:00,4024.7,1,0,1,-1,1,0,0,0
1006,2026-07-29 11:08:00,4024.8,1,0,1,-1,1,0,0,0
1006,2026-07-29 11:08:00,4024.9,2,0,4,-2,4,0,0,0
1006,2026-07-29 11:08:00,4025.0,2,2,4,0,4,0,0,0
1006,2026-07-29 11:08:00,4025.1,15,2,18,-13,5,0,0,0
1006,2026-07-29 11:08:00,4025.2,0,3,3,3,3,0,0,0
1006,2026-07-29 11:08:00,4025.3,0,0,2,0,1,0,0,0
1006,2026-07-29 11:08:00,4025.4,0,0,1,0,1,0,0,0
1006,2026-07-29 11:08:00,4025.5,0,0,2,0,2,0,0,0
1006,2026-07-29 11:08:00,4025.6,0,0,1,0,1,0,0,0
1006,2026-07-29 11:08:00,4025.7,0,2,2,2,1,0,0,0
1006,2026-07-29 11:08:00,4025.8,0,1,1,1,1,0,0,0
1006,2026-07-29 11:08:00,4025.9,0,2,2,2,1,0,0,0
1006,2026-07-29 11:08:00,4026.0,0,3,3,3,2,0,0,0
1007,2026-07-29 11:09:00,4025.0,1,0,1,-1,1,0,0,0
1007,2026-07-29 11:09:00,4025.1,1,0,1,-1,1,0,0,0
1007,2026-07-29 11:09:00,4025.2,5,0,5,-5,5,0,0,0
1007,2026-07-29 11:09:00,4025.3,2,0,2,-2,2,0,0,0
1007,2026-07-29 11:09:00,4025.4,2,0,2,-2,2,0,0,0
1007,2026-07-29 11:09:00,4025.5,1,0,1,-1,1,0,0,0
1008,2026-07-29 11:10:00,4025.5,0,0,1,0,1,0,0,0
1008,2026-07-29 11:10:00,4025.6,0,1,1,1,1,0,0,0
1008,2026-07-29 11:10:00,4025.7,0,3,3,3,3,0,0,0
1008,2026-07-29 11:10:00,4025.8,0,4,4,4,4,0,0,0
1008,2026-07-29 11:10:00,4025.9,0,2,2,2,2,0,0,0
1008,2026-07-29 11:10:00,4026.0,1,3,4,2,4,0,0,0
1008,2026-07-29 11:10:00,4026.1,0,1,1,1,1,0,0,0
1008,2026-07-29 11:10:00,4026.2,0,1,1,1,1,0,0,0
1008,2026-07-29 11:10:00,4026.3,5,0,5,-5,2,0,0,0
1009,2026-07-29 11:11:00,4026.4,0,1,2,1,2,0,0,0
1009,2026-07-29 11:11:00,4026.5,0,1,2,1,2,0,0,0
1009,2026-07-29 11:11:00,4026.6,0,0,2,0,2,0,0,0
1009,2026-07-29 11:11:00,4026.7,0,0,3,0,3,0,0,0
1009,2026-07-29 11:11:00,4026.8,0,2,2,2,2,0,0,0
1009,2026-07-29 11:11:00,4027.3,1,0,1,-1,1,0,0,0
1010,2026-07-29 11:12:00,4027.3,0,0,1,0,1,0,0,0
1010,2026-07-29 11:12:00,4027.4,0,1,1,1,1,0,0,0
1010,2026-07-29 11:12:00,4027.5,0,0,1,0,1,0,0,0
1010,2026-07-29 11:12:00,4028.5,0,0,3,0,1,0,0,0
1011,2026-07-29 11:13:00,4028.1,1,0,1,-1,1,0,0,0
1011,2026-07-29 11:13:00,4028.3,2,0,2,-2,2,0,0,0
1011,2026-07-29 11:13:00,4028.4,0,1,1,1,1,0,0,0
1011,2026-07-29 11:13:00,4028.8,0,0,1,0,1,0,0,0
1012,2026-07-29 11:14:00,4028.3,0,1,2,1,2,0,0,0
1012,2026-07-29 11:14:00,4028.5,0,2,2,2,1,0,0,0
1012,2026-07-29 11:14:00,4029.0,0,2,2,2,2,0,0,0
1013,2026-07-29 11:16:00,4027.8,4,0,4,-4,2,0,0,0
1013,2026-07-29 11:16:00,4027.9,1,0,1,-1,1,0,0,0
1013,2026-07-29 11:16:00,4028.0,3,0,3,-3,1,0,0,0
1013,2026-07-29 11:16:00,4028.1,3,0,3,-3,1,0,0,0
1013,2026-07-29 11:16:00,4028.2,1,0,1,-1,1,0,0,0
1013,2026-07-29 11:16:00,4028.3,0,0,1,0,1,0,0,0
1014,2026-07-29 11:17:00,4027.8,1,0,1,-1,1,0,0,0
1014,2026-07-29 11:17:00,4027.9,2,0,2,-2,1,0,0,0
1014,2026-07-29 11:17:00,4028.0,3,0,3,-3,1,0,0,0
1014,2026-07-29 11:17:00,4028.1,1,0,1,-1,1,0,0,0
1014,2026-07-29 11:17:00,4028.2,8,0,8,-8,2,0,0,0
1014,2026-07-29 11:17:00,4028.3,2,0,2,-2,1,0,0,0
1014,2026-07-29 11:17:00,4028.4,2,0,2,-2,1,0,0,0
1014,2026-07-29 11:17:00,4028.5,1,0,1,-1,1,0,0,0
1014,2026-07-29 11:17:00,4028.6,0,1,1,1,1,0,0,0
1014,2026-07-29 11:17:00,4028.8,0,1,1,1,1,0,0,0
1015,2026-07-29 11:18:00,4029.4,0,0,1,0,1,0,0,0
1015,2026-07-29 11:18:00,4030.0,0,1,1,1,1,0,0,0
1015,2026-07-29 11:18:00,4030.3,0,0,1,0,1,0,0,0
1015,2026-07-29 11:18:00,4030.6,0,1,1,1,1,0,0,0
1015,2026-07-29 11:18:00,4030.7,0,2,2,2,2,0,0,0
1015,2026-07-29 11:18:00,4030.8,0,1,1,1,1,0,0,0
1015,2026-07-29 11:18:00,4031.5,0,1,1,1,1,0,0,0
1015,2026-07-29 11:18:00,4031.6,0,1,1,1,1,0,0,0
1015,2026-07-29 11:18:00,4031.7,0,1,1,1,1,0,0,0
1015,2026-07-29 11:18:00,4031.8,0,4,4,4,2,0,0,0
1015,2026-07-29 11:18:00,4031.9,0,4,4,4,1,0,0,0
1016,2026-07-29 11:19:00,4031.7,1,0,1,-1,1,0,0,0
1016,2026-07-29 11:19:00,4031.8,1,0,2,-1,2,0,0,0
1016,2026-07-29 11:19:00,4031.9,0,0,1,0,1,0,0,0
1016,2026-07-29 11:19:00,4032.0,2,2,6,0,5,0,0,0
1016,2026-07-29 11:19:00,4032.1,0,2,2,2,2,0,0,0
1017,2026-07-29 11:20:00,4031.1,1,0,1,-1,1,0,0,0
1017,2026-07-29 11:20:00,4031.2,2,0,2,-2,2,0,0,0
1017,2026-07-29 11:20:00,4031.6,0,10,10,10,2,0,0,0
1017,2026-07-29 11:20:00,4031.7,1,0,1,-1,1,0,0,0
1017,2026-07-29 11:20:00,4031.9,0,1,1,1,1,0,0,0
1017,2026-07-29 11:20:00,4032.0,0,1,1,1,1,0,0,0
1018,2026-07-29 11:21:00,4032.1,1,0,1,-1,1,0,0,0
1019,2026-07-29 11:22:00,4031.3,5,0,5,-5,1,0,0,0
1020,2026-07-29 11:23:00,4031.2,2,0,2,-2,2,0,0,0
1020,2026-07-29 11:23:00,4031.3,1,0,1,-1,1,0,0,0
1020,2026-07-29 11:23:00,4031.5,1,0,1,-1,1,0,0,0
1020,2026-07-29 11:23:00,4031.8,0,0,1,0,1,0,0,0
1020,2026-07-29 11:23:00,4031.9,0,0,1,0,1,0,0,0
1021,2026-07-29 11:25:00,4031.7,1,0,1,-1,1,0,0,0
1022,2026-07-29 11:27:00,4031.4,0,0,1,0,1,0,0,0
1023,2026-07-29 11:28:00,4031.5,1,0,1,-1,1,0,0,0
1024,2026-07-29 11:29:00,4031.8,1,0,1,-1,1,0,0,0
1024,2026-07-29 11:29:00,4031.9,1,0,1,-1,1,0,0,0
1024,2026-07-29 11:29:00,4032.6,0,0,3,0,2,0,0,0
1024,2026-07-29 11:29:00,4032.7,1,0,1,-1,1,0,0,0
1025,2026-07-29 11:32:00,4030.9,3,0,3,-3,1,0,0,0
1025,2026-07-29 11:32:00,4031.2,0,1,1,1,1,0,0,0
1025,2026-07-29 11:32:00,4031.4,3,0,3,-3,1,0,0,0
1026,2026-07-29 11:34:00,4031.6,0,0,1,0,1,0,0,0
1027,2026-07-29 11:35:00,4030.1,1,1,2,0,2,0,0,0
1027,2026-07-29 11:35:00,4030.3,10,0,10,-10,2,0,0,0
1027,2026-07-29 11:35:00,4030.6,2,0,2,-2,1,0,0,0
1027,2026-07-29 11:35:00,4030.8,1,0,1,-1,1,0,0,0
1027,2026-07-29 11:35:00,4031.3,1,0,1,-1,1,0,0,0
1028,2026-07-29 11:36:00,4029.7,1,0,1,-1,1,0,0,0
1028,2026-07-29 11:36:00,4029.8,2,0,2,-2,2,0,0,0
1028,2026-07-29 11:36:00,4029.9,1,0,1,-1,1,0,0,0
1028,2026-07-29 11:36:00,4030.0,0,1,2,1,2,0,0,0
1028,2026-07-29 11:36:00,4030.1,0,0,2,0,1,0,0,0
1029,2026-07-29 11:38:00,4030.4,1,0,1,-1,1,0,0,0
1030,2026-07-29 11:39:00,4030.9,0,1,1,1,1,0,0,0
1030,2026-07-29 11:39:00,4031.0,0,1,1,1,1,0,0,0
1030,2026-07-29 11:39:00,4031.2,0,1,1,1,1,0,0,0
1031,2026-07-29 11:41:00,4030.8,5,0,5,-5,1,0,0,0
1031,2026-07-29 11:41:00,4031.0,7,1,8,-6,3,0,0,0
1031,2026-07-29 11:41:00,4031.1,14,2,17,-12,6,0,0,0
1032,2026-07-29 11:42:00,4031.2,2,0,2,-2,1,0,0,0
1032,2026-07-29 11:42:00,4031.3,1,0,1,-1,1,0,0,0
1032,2026-07-29 11:42:00,4031.4,0,1,2,1,2,0,0,0
1032,2026-07-29 11:42:00,4031.5,0,1,1,1,1,0,0,0
1033,2026-07-29 11:44:00,4030.3,1,0,1,-1,1,0,0,0
1033,2026-07-29 11:44:00,4030.4,1,0,1,-1,1,0,0,0
1033,2026-07-29 11:44:00,4030.5,3,0,3,-3,1,0,0,0
1033,2026-07-29 11:44:00,4030.6,0,0,1,0,1,0,0,0
1034,2026-07-29 11:45:00,4030.3,0,1,2,1,2,0,0,0
1035,2026-07-29 11:46:00,4031.2,0,2,2,2,1,0,0,0
1036,2026-07-29 11:47:00,4031.6,0,0,1,0,1,0,0,0
1036,2026-07-29 11:47:00,4032.2,1,0,1,-1,1,0,0,0
1036,2026-07-29 11:47:00,4032.3,2,1,6,-1,5,0,0,0
1036,2026-07-29 11:47:00,4032.4,3,0,4,-3,2,0,0,0
1036,2026-07-29 11:47:00,4032.5,2,1,3,-1,2,0,0,0
1036,2026-07-29 11:47:00,4032.6,2,0,2,-2,1,0,0,0
1036,2026-07-29 11:47:00,4032.7,2,1,3,-1,2,0,0,0
1036,2026-07-29 11:47:00,4032.8,0,3,3,3,1,0,0,0
1036,2026-07-29 11:47:00,4032.9,0,0,1,0,1,0,0,0
1036,2026-07-29 11:47:00,4033.0,0,4,4,4,1,0,0,0
1037,2026-07-29 11:48:00,4033.2,1,0,1,-1,1,0,0,0
1037,2026-07-29 11:48:00,4033.5,0,4,4,4,1,0,0,0
1037,2026-07-29 11:48:00,4033.6,0,1,1,1,1,0,0,0
1037,2026-07-29 11:48:00,4033.7,0,2,2,2,1,0,0,0
1037,2026-07-29 11:48:00,4033.8,0,5,5,5,1,0,0,0
1037,2026-07-29 11:48:00,4034.4,0,1,1,1,1,0,0,0
1037,2026-07-29 11:48:00,4034.5,1,4,5,3,2,0,0,0
1037,2026-07-29 11:48:00,4034.6,0,4,4,4,2,0,0,0
1037,2026-07-29 11:48:00,4034.7,1,2,3,1,2,0,0,0
1037,2026-07-29 11:48:00,4034.8,0,6,6,6,1,0,0,0
1037,2026-07-29 11:48:00,4034.9,0,5,5,5,1,0,0,0
1037,2026-07-29 11:48:00,4035.0,0,3,3,3,1,0,0,0
1037,2026-07-29 11:48:00,4035.2,0,0,3,0,1,0,0,0
1037,2026-07-29 11:48:00,4035.3,1,0,1,-1,1,0,0,0
1037,2026-07-29 11:48:00,4035.5,0,1,1,1,1,0,0,0
1038,2026-07-29 11:49:00,4034.0,1,0,1,-1,1,0,0,0
1038,2026-07-29 11:49:00,4034.1,2,0,2,-2,1,0,0,0
1039,2026-07-29 11:50:00,4033.1,2,0,2,-2,1,0,0,0
1039,2026-07-29 11:50:00,4033.4,1,0,1,-1,1,0,0,0
1039,2026-07-29 11:50:00,4033.5,1,0,1,-1,1,0,0,0
1039,2026-07-29 11:50:00,4033.6,0,0,1,0,1,0,0,0
1040,2026-07-29 11:51:00,4032.3,1,0,1,-1,1,0,0,0
1040,2026-07-29 11:51:00,4032.5,2,0,4,-2,4,0,0,0
1040,2026-07-29 11:51:00,4032.7,1,0,1,-1,1,0,0,0
1040,2026-07-29 11:51:00,4033.0,0,0,1,0,1,0,0,0
1040,2026-07-29 11:51:00,4033.1,0,1,1,1,1,0,0,0
1041,2026-07-29 11:52:00,4032.2,2,0,2,-2,2,0,0,0
1041,2026-07-29 11:52:00,4032.3,3,0,3,-3,3,0,0,0
1041,2026-07-29 11:52:00,4032.4,3,0,3,-3,3,0,0,0
1041,2026-07-29 11:52:00,4032.5,7,0,7,-7,5,0,0,0
1041,2026-07-29 11:52:00,4032.6,4,0,5,-4,5,0,0,0
1041,2026-07-29 11:52:00,4032.7,1,0,1,-1,1,0,0,0
1041,2026-07-29 11:52:00,4032.8,3,0,3,-3,3,0,0,0
1041,2026-07-29 11:52:00,4033.1,1,0,1,-1,1,0,0,0
1042,2026-07-29 11:53:00,4031.2,1,0,1,-1,1,0,0,0
1042,2026-07-29 11:53:00,4031.3,2,0,2,-2,1,0,0,0
1042,2026-07-29 11:53:00,4031.4,1,0,1,-1,1,0,0,0
1042,2026-07-29 11:53:00,4032.5,0,0,1,0,1,0,0,0
1042,2026-07-29 11:53:00,4032.6,0,1,1,1,1,0,0,0
1043,2026-07-29 11:54:00,4032.0,1,0,1,-1,1,0,0,0
1043,2026-07-29 11:54:00,4032.1,0,0,1,0,1,0,0,0
1043,2026-07-29 11:54:00,4032.2,2,0,2,-2,2,0,0,0
1043,2026-07-29 11:54:00,4032.4,0,1,2,1,2,0,0,0
1043,2026-07-29 11:54:00,4032.5,0,0,1,0,1,0,0,0
1044,2026-07-29 11:56:00,4031.4,0,0,1,0,1,0,0,0
1044,2026-07-29 11:56:00,4031.5,2,1,3,-1,2,0,0,0
1045,2026-07-29 11:57:00,4030.9,5,0,5,-5,1,0,0,0
1045,2026-07-29 11:57:00,4031.0,2,0,2,-2,2,0,0,0
1045,2026-07-29 11:57:00,4031.1,1,0,1,-1,1,0,0,0
1045,2026-07-29 11:57:00,4031.3,0,1,1,1,1,0,0,0
1046,2026-07-29 11:58:00,4030.9,0,0,1,0,1,0,0,0
1047,2026-07-29 11:59:00,4031.2,1,0,1,-1,1,0,0,0
1047,2026-07-29 11:59:00,4031.4,0,0,1,0,1,0,0,0
1048,2026-07-29 12:00:00,4030.3,0,0,1,0,1,0,0,0
1048,2026-07-29 12:00:00,4031.0,1,0,1,-1,1,0,0,0
1048,2026-07-29 12:00:00,4032.1,0,1,1,1,1,0,0,0
1048,2026-07-29 12:00:00,4032.3,1,0,1,-1,1,0,0,0
1049,2026-07-29 12:01:00,4030.5,0,0,1,0,1,0,0,0
1049,2026-07-29 12:01:00,4030.9,0,1,1,1,1,0,0,0
1049,2026-07-29 12:01:00,4031.0,0,2,2,2,1,0,0,0
1049,2026-07-29 12:01:00,4031.1,0,1,1,1,1,0,0,0
1049,2026-07-29 12:01:00,4031.2,0,1,1,1,1,0,0,0
1050,2026-07-29 12:03:00,4029.8,4,0,4,-4,3,0,0,0
1050,2026-07-29 12:03:00,4030.0,0,0,6,0,2,0,0,0
1050,2026-07-29 12:03:00,4030.1,0,1,1,1,1,0,0,0
1051,2026-07-29 12:04:00,4029.5,1,0,1,-1,1,0,0,0
1051,2026-07-29 12:04:00,4029.7,1,0,1,-1,1,0,0,0
1051,2026-07-29 12:04:00,4029.8,1,0,1,-1,1,0,0,0
1051,2026-07-29 12:04:00,4029.9,1,0,1,-1,1,0,0,0
1051,2026-07-29 12:04:00,4030.1,0,1,2,1,2,0,0,0
1051,2026-07-29 12:04:00,4030.2,0,0,1,0,1,0,0,0
1052,2026-07-29 12:05:00,4029.4,1,0,1,-1,1,0,0,0
1052,2026-07-29 12:05:00,4029.6,0,5,6,5,3,0,0,0
1052,2026-07-29 12:05:00,4029.7,0,0,1,0,1,0,0,0
1052,2026-07-29 12:05:00,4030.3,0,0,1,0,1,0,0,0
1053,2026-07-29 12:06:00,4029.4,2,0,2,-2,2,0,0,0
1053,2026-07-29 12:06:00,4029.5,0,0,1,0,1,0,0,0
1054,2026-07-29 12:07:00,4029.5,0,1,1,1,1,0,0,0
1054,2026-07-29 12:07:00,4030.0,0,0,1,0,1,0,0,0
1054,2026-07-29 12:07:00,4030.4,0,1,1,1,1,0,0,0
1055,2026-07-29 12:08:00,4029.5,0,1,1,1,1,0,0,0
1055,2026-07-29 12:08:00,4029.9,0,1,1,1,1,0,0,0
1056,2026-07-29 12:09:00,4028.1,3,1,4,-2,2,0,0,0
1056,2026-07-29 12:09:00,4028.2,1,0,1,-1,1,0,0,0
1056,2026-07-29 12:09:00,4028.6,3,0,3,-3,2,0,0,0
1056,2026-07-29 12:09:00,4029.0,0,3,3,3,1,0,0,0
1057,2026-07-29 12:11:00,4028.5,10,0,10,-10,2,0,0,0
1058,2026-07-29 12:12:00,4027.1,1,0,1,-1,1,0,0,0
1058,2026-07-29 12:12:00,4027.2,1,0,1,-1,1,0,0,0
1058,2026-07-29 12:12:00,4027.4,0,0,1,0,1,0,0,0
1059,2026-07-29 12:14:00,4025.4,0,1,2,1,2,0,0,0
1059,2026-07-29 12:14:00,4025.5,0,0,3,0,1,0,0,0
1059,2026-07-29 12:14:00,4025.9,0,1,3,1,3,0,0,0
1059,2026-07-29 12:14:00,4026.3,0,0,4,0,3,0,0,0
1059,2026-07-29 12:14:00,4026.5,0,2,2,2,1,0,0,0
1059,2026-07-29 12:14:00,4026.6,0,3,3,3,1,0,0,0
1059,2026-07-29 12:14:00,4026.7,0,1,1,1,1,0,0,0
1059,2026-07-29 12:14:00,4026.8,1,0,1,-1,1,0,0,0
1060,2026-07-29 12:15:00,4025.1,0,0,1,0,1,0,0,0
1060,2026-07-29 12:15:00,4025.5,0,0,2,0,1,0,0,0
1060,2026-07-29 12:15:00,4025.6,0,0,1,0,1,0,0,0
1060,2026-07-29 12:15:00,4025.9,0,1,1,1,1,0,0,0
1061,2026-07-29 12:16:00,4021.6,1,0,2,-1,2,0,0,0
1061,2026-07-29 12:16:00,4021.7,0,3,3,3,1,0,0,0
1061,2026-07-29 12:16:00,4021.8,0,2,2,2,2,0,0,0
1061,2026-07-29 12:16:00,4022.9,0,1,3,1,2,0,0,0
1061,2026-07-29 12:16:00,4023.0,0,0,2,0,2,0,0,0
1061,2026-07-29 12:16:00,4023.3,0,0,1,0,1,0,0,0
1061,2026-07-29 12:16:00,4023.5,0,3,3,3,1,0,0,0
1061,2026-07-29 12:16:00,4023.6,1,0,1,-1,1,0,0,0
1061,2026-07-29 12:16:00,4023.7,1,0,1,-1,1,0,0,0
1061,2026-07-29 12:16:00,4024.0,0,0,1,0,1,0,0,0
1061,2026-07-29 12:16:00,4024.1,0,1,1,1,1,0,0,0
1061,2026-07-29 12:16:00,4024.2,0,0,1,0,1,0,0,0
1061,2026-07-29 12:16:00,4024.5,0,0,1,0,1,0,0,0
1061,2026-07-29 12:16:00,4024.8,0,0,1,0,1,0,0,0
1061,2026-07-29 12:16:00,4026.4,0,1,1,1,1,0,0,0
1062,2026-07-29 12:17:00,4018.5,1,0,1,-1,1,0,0,0
1062,2026-07-29 12:17:00,4018.8,2,1,3,-1,3,0,0,0
1062,2026-07-29 12:17:00,4018.9,1,0,1,-1,1,0,0,0
1062,2026-07-29 12:17:00,4019.2,1,0,1,-1,1,0,0,0
1062,2026-07-29 12:17:00,4019.6,1,0,1,-1,1,0,0,0
1062,2026-07-29 12:17:00,4019.7,1,1,2,0,2,0,0,0
1062,2026-07-29 12:17:00,4020.3,0,1,1,1,1,0,0,0
1062,2026-07-29 12:17:00,4020.5,1,0,1,-1,1,0,0,0
1062,2026-07-29 12:17:00,4020.7,0,2,2,2,2,0,0,0
1062,2026-07-29 12:17:00,4020.8,0,3,4,3,2,0,0,0
1062,2026-07-29 12:17:00,4020.9,0,0,1,0,1,0,0,0
1062,2026-07-29 12:17:00,4021.0,4,1,13,-3,9,0,0,0
1062,2026-07-29 12:17:00,4021.1,0,7,8,7,4,0,0,0
1062,2026-07-29 12:17:00,4021.2,0,1,1,1,1,0,0,0
1063,2026-07-29 12:18:00,4018.9,0,0,3,0,1,0,0,0
1063,2026-07-29 12:18:00,4019.7,0,2,2,2,2,0,0,0
1063,2026-07-29 12:18:00,4019.9,0,1,1,1,1,0,0,0
1063,2026-07-29 12:18:00,4020.2,0,2,2,2,1,0,0,0
1063,2026-07-29 12:18:00,4020.4,0,1,1,1,1,0,0,0
1063,2026-07-29 12:18:00,4020.9,0,1,1,1,1,0,0,0
1063,2026-07-29 12:18:00,4021.4,5,0,5,-5,1,0,0,0
1063,2026-07-29 12:18:00,4021.5,0,0,2,0,2,0,0,0
1063,2026-07-29 12:18:00,4021.7,0,2,2,2,2,0,0,0
1063,2026-07-29 12:18:00,4021.9,0,1,1,1,1,0,0,0
1063,2026-07-29 12:18:00,4022.0,0,1,1,1,1,0,0,0
1064,2026-07-29 12:19:00,4018.7,1,0,1,-1,1,0,0,0
1064,2026-07-29 12:19:00,4018.9,2,0,2,-2,1,0,0,0
1064,2026-07-29 12:19:00,4019.0,2,0,2,-2,1,0,0,0
1064,2026-07-29 12:19:00,4019.1,2,0,2,-2,1,0,0,0
1064,2026-07-29 12:19:00,4019.5,11,0,12,-11,4,0,0,0
1064,2026-07-29 12:19:00,4019.6,2,0,2,-2,2,0,0,0
1064,2026-07-29 12:19:00,4019.7,3,6,30,3,12,0,0,0
1064,2026-07-29 12:19:00,4019.8,6,1,7,-5,3,0,0,0
1064,2026-07-29 12:19:00,4019.9,0,1,1,1,1,0,0,0
1064,2026-07-29 12:19:00,4020.1,0,0,4,0,4,0,0,0
1064,2026-07-29 12:19:00,4020.2,0,0,1,0,1,0,0,0
1064,2026-07-29 12:19:00,4020.4,0,1,3,1,3,0,0,0
1064,2026-07-29 12:19:00,4020.6,0,0,1,0,1,0,0,0
1064,2026-07-29 12:19:00,4020.7,0,1,1,1,1,0,0,0
1064,2026-07-29 12:19:00,4020.8,0,0,1,0,1,0,0,0
1065,2026-07-29 12:20:00,4016.0,1,0,1,-1,1,0,0,0
1065,2026-07-29 12:20:00,4016.1,1,1,2,0,2,0,0,0
1065,2026-07-29 12:20:00,4016.5,0,0,1,0,1,0,0,0
1065,2026-07-29 12:20:00,4016.6,1,1,3,0,3,0,0,0
1065,2026-07-29 12:20:00,4016.7,0,2,2,2,2,0,0,0
1065,2026-07-29 12:20:00,4017.3,0,1,1,1,1,0,0,0
1065,2026-07-29 12:20:00,4017.4,2,0,2,-2,2,0,0,0
1065,2026-07-29 12:20:00,4017.6,1,0,1,-1,1,0,0,0
1065,2026-07-29 12:20:00,4017.7,1,0,1,-1,1,0,0,0
1065,2026-07-29 12:20:00,4017.8,0,1,2,1,2,0,0,0
1065,2026-07-29 12:20:00,4017.9,0,1,6,1,6,0,0,0
1065,2026-07-29 12:20:00,4018.0,0,1,1,1,1,0,0,0
1065,2026-07-29 12:20:00,4018.1,1,4,6,3,4,0,0,0
1065,2026-07-29 12:20:00,4018.2,0,0,2,0,2,0,0,0
1065,2026-07-29 12:20:00,4018.3,2,1,3,-1,2,0,0,0
1065,2026-07-29 12:20:00,4018.4,0,4,4,4,2,0,0,0
1065,2026-07-29 12:20:00,4018.5,0,3,3,3,2,0,0,0
1065,2026-07-29 12:20:00,4018.6,0,1,1,1,1,0,0,0
1065,2026-07-29 12:20:00,4018.8,0,1,1,1,1,0,0,0
1066,2026-07-29 12:21:00,4015.2,0,1,1,1,1,0,0,0
1066,2026-07-29 12:21:00,4015.5,3,0,3,-3,1,0,0,0
1066,2026-07-29 12:21:00,4015.6,5,0,5,-5,1,0,0,0
1066,2026-07-29 12:21:00,4015.8,0,6,8,6,5,0,0,0
1066,2026-07-29 12:21:00,4015.9,1,2,4,1,3,0,0,0
1066,2026-07-29 12:21:00,4016.2,0,0,1,0,1,0,0,0
1066,2026-07-29 12:21:00,4016.5,0,0,1,0,1,0,0,0
1066,2026-07-29 12:21:00,4017.0,0,0,1,0,1,0,0,0
1066,2026-07-29 12:21:00,4017.2,1,0,1,-1,1,0,0,0
1066,2026-07-29 12:21:00,4017.3,0,0,1,0,1,0,0,0
1066,2026-07-29 12:21:00,4017.6,0,2,2,2,1,0,0,0
1066,2026-07-29 12:21:00,4017.9,0,3,6,3,3,0,0,0
1067,2026-07-29 12:22:00,4013.2,0,1,1,1,1,0,0,0
1067,2026-07-29 12:22:00,4013.6,1,0,3,-1,3,0,0,0
1067,2026-07-29 12:22:00,4013.7,1,0,1,-1,1,0,0,0
1067,2026-07-29 12:22:00,4014.0,0,0,2,0,2,0,0,0
1067,2026-07-29 12:22:00,4014.1,0,1,2,1,2,0,0,0
1067,2026-07-29 12:22:00,4014.2,0,0,3,0,3,0,0,0
1067,2026-07-29 12:22:00,4014.3,0,4,8,4,5,0,0,0
1067,2026-07-29 12:22:00,4014.4,1,1,4,0,4,0,0,0
1067,2026-07-29 12:22:00,4014.5,0,0,1,0,1,0,0,0
1067,2026-07-29 12:22:00,4014.8,0,0,1,0,1,0,0,0
1067,2026-07-29 12:22:00,4014.9,0,0,1,0,1,0,0,0
1067,2026-07-29 12:22:00,4015.3,0,0,2,0,1,0,0,0
1067,2026-07-29 12:22:00,4015.6,0,1,2,1,2,0,0,0
1068,2026-07-29 12:23:00,4015.1,0,2,3,2,2,0,0,0
1068,2026-07-29 12:23:00,4015.3,1,0,2,-1,2,0,0,0
1068,2026-07-29 12:23:00,4015.6,0,0,1,0,1,0,0,0
1068,2026-07-29 12:23:00,4015.7,0,0,1,0,1,0,0,0
1068,2026-07-29 12:23:00,4015.9,1,0,2,-1,2,0,0,0
1068,2026-07-29 12:23:00,4016.0,0,0,1,0,1,0,0,0
1068,2026-07-29 12:23:00,4016.2,0,0,3,0,3,0,0,0
1068,2026-07-29 12:23:00,4016.4,0,0,1,0,1,0,0,0
1068,2026-07-29 12:23:00,4016.8,0,0,1,0,1,0,0,0
1069,2026-07-29 12:24:00,4014.5,1,0,1,-1,1,0,0,0
1069,2026-07-29 12:24:00,4015.1,0,1,1,1,1,0,0,0
1069,2026-07-29 12:24:00,4015.5,1,0,3,-1,3,0,0,0
1069,2026-07-29 12:24:00,4015.7,0,3,3,3,3,0,0,0
1069,2026-07-29 12:24:00,4015.8,0,0,3,0,3,0,0,0
1069,2026-07-29 12:24:00,4015.9,1,0,1,-1,1,0,0,0
1069,2026-07-29 12:24:00,4016.0,1,0,2,-1,2,0,0,0
1069,2026-07-29 12:24:00,4016.1,0,4,5,4,4,0,0,0
1069,2026-07-29 12:24:00,4016.3,0,0,1,0,1,0,0,0
1070,2026-07-29 12:25:00,4013.1,2,0,2,-2,1,0,0,0
1070,2026-07-29 12:25:00,4013.3,1,0,1,-1,1,0,0,0
1070,2026-07-29 12:25:00,4013.7,0,1,1,1,1,0,0,0
1070,2026-07-29 12:25:00,4014.5,0,1,1,1,1,0,0,0
1070,2026-07-29 12:25:00,4014.7,0,0,5,0,1,0,0,0
1070,2026-07-29 12:25:00,4014.8,2,0,2,-2,2,0,0,0
1070,2026-07-29 12:25:00,4014.9,1,0,4,-1,4,0,0,0
1070,2026-07-29 12:25:00,4015.0,0,0,1,0,1,0,0,0
1070,2026-07-29 12:25:00,4015.6,0,1,3,1,2,0,0,0
1070,2026-07-29 12:25:00,4015.9,0,0,1,0,1,0,0,0
1071,2026-07-29 12:26:00,4013.1,1,0,1,-1,1,0,0,0
1071,2026-07-29 12:26:00,4013.4,0,2,2,2,2,0,0,0
1071,2026-07-29 12:26:00,4013.5,0,0,2,0,2,0,0,0
1071,2026-07-29 12:26:00,4013.6,0,0,1,0,1,0,0,0
1071,2026-07-29 12:26:00,4013.7,1,0,1,-1,1,0,0,0
1071,2026-07-29 12:26:00,4014.0,0,0,1,0,1,0,0,0
1071,2026-07-29 12:26:00,4014.7,0,0,1,0,1,0,0,0
1071,2026-07-29 12:26:00,4014.9,0,0,1,0,1,0,0,0
1071,2026-07-29 12:26:00,4015.0,0,3,3,3,1,0,0,0
1071,2026-07-29 12:26:00,4015.3,0,0,1,0,1,0,0,0
1072,2026-07-29 12:27:00,4013.7,1,0,1,-1,1,0,0,0
1072,2026-07-29 12:27:00,4013.8,1,0,1,-1,1,0,0,0
1072,2026-07-29 12:27:00,4014.1,1,0,1,-1,1,0,0,0
1072,2026-07-29 12:27:00,4014.2,0,1,1,1,1,0,0,0
1072,2026-07-29 12:27:00,4014.5,5,1,6,-4,2,0,0,0
1072,2026-07-29 12:27:00,4014.6,1,1,2,0,2,0,0,0
1072,2026-07-29 12:27:00,4014.8,0,2,4,2,3,0,0,0
1072,2026-07-29 12:27:00,4015.0,0,0,1,0,1,0,0,0
1072,2026-07-29 12:27:00,4016.0,0,1,1,1,1,0,0,0
1073,2026-07-29 12:28:00,4013.8,0,3,4,3,3,0,0,0
1073,2026-07-29 12:28:00,4013.9,0,4,4,4,1,0,0,0
1073,2026-07-29 12:28:00,4014.0,0,2,5,2,3,0,0,0
1073,2026-07-29 12:28:00,4014.1,0,1,2,1,2,0,0,0
1073,2026-07-29 12:28:00,4014.7,0,0,1,0,1,0,0,0
1073,2026-07-29 12:28:00,4014.9,0,1,1,1,1,0,0,0
1073,2026-07-29 12:28:00,4015.0,0,1,1,1,1,0,0,0
1073,2026-07-29 12:28:00,4015.7,0,1,3,1,3,0,0,0
1074,2026-07-29 12:29:00,4011.1,0,1,2,1,2,0,0,0
1074,2026-07-29 12:29:00,4011.2,0,0,1,0,1,0,0,0
1074,2026-07-29 12:29:00,4011.3,0,4,4,4,2,0,0,0
1074,2026-07-29 12:29:00,4011.4,0,0,1,0,1,0,0,0
1074,2026-07-29 12:29:00,4011.6,0,0,1,0,1,0,0,0
1074,2026-07-29 12:29:00,4011.7,0,0,2,0,2,0,0,0
1074,2026-07-29 12:29:00,4011.9,0,1,1,1,1,0,0,0
1074,2026-07-29 12:29:00,4012.0,0,2,2,2,1,0,0,0
1074,2026-07-29 12:29:00,4012.1,1,0,1,-1,1,0,0,0
1074,2026-07-29 12:29:00,4012.2,1,1,2,0,2,0,0,0
1074,2026-07-29 12:29:00,4012.3,2,3,6,1,6,0,0,0
1074,2026-07-29 12:29:00,4012.4,3,0,12,-3,11,0,0,0
1074,2026-07-29 12:29:00,4012.5,0,0,2,0,2,0,0,0
1074,2026-07-29 12:29:00,4012.6,0,0,1,0,1,0,0,0
1074,2026-07-29 12:29:00,4012.7,1,0,1,-1,1,0,0,0
1074,2026-07-29 12:29:00,4012.9,0,0,3,0,1,0,0,0
1074,2026-07-29 12:29:00,4013.2,1,0,1,-1,1,0,0,0
1074,2026-07-29 12:29:00,4013.3,0,0,1,0,1,0,0,0
1074,2026-07-29 12:29:00,4013.5,1,0,1,-1,1,0,0,0
1074,2026-07-29 12:29:00,4014.3,5,0,5,-5,1,0,0,0
1074,2026-07-29 12:29:00,4014.7,0,0,1,0,1,0,0,0
1075,2026-07-29 12:30:00,4007.5,2,0,2,-2,1,0,0,0
1075,2026-07-29 12:30:00,4007.6,0,0,1,0,1,0,0,0
1075,2026-07-29 12:30:00,4007.7,0,0,2,0,2,0,0,0
1075,2026-07-29 12:30:00,4007.9,0,0,1,0,1,0,0,0
1075,2026-07-29 12:30:00,4008.0,1,0,2,-1,2,0,0,0
1075,2026-07-29 12:30:00,4008.2,0,2,2,2,2,0,0,0
1075,2026-07-29 12:30:00,4008.3,0,0,1,0,1,0,0,0
1075,2026-07-29 12:30:00,4008.4,0,0,3,0,3,0,0,0
1075,2026-07-29 12:30:00,4008.5,0,3,3,3,2,0,0,0
1075,2026-07-29 12:30:00,4008.6,1,0,1,-1,1,0,0,0
1075,2026-07-29 12:30:00,4008.8,1,0,1,-1,1,0,0,0
1075,2026-07-29 12:30:00,4008.9,1,0,1,-1,1,0,0,0
1075,2026-07-29 12:30:00,4009.0,0,0,2,0,2,0,0,0
1075,2026-07-29 12:30:00,4009.1,0,4,10,4,8,0,0,0
1075,2026-07-29 12:30:00,4009.2,5,3,15,-2,9,0,0,0
1075,2026-07-29 12:30:00,4009.3,0,10,14,10,10,0,0,0
1075,2026-07-29 12:30:00,4009.4,2,1,3,-1,3,0,0,0
1075,2026-07-29 12:30:00,4009.5,0,1,3,1,2,0,0,0
1075,2026-07-29 12:30:00,4009.7,0,0,3,0,1,0,0,0
1075,2026-07-29 12:30:00,4009.9,0,5,5,5,3,0,0,0
1075,2026-07-29 12:30:00,4010.0,1,2,12,1,4,0,0,0
1075,2026-07-29 12:30:00,4010.1,1,1,3,0,3,0,0,0
1075,2026-07-29 12:30:00,4010.2,0,0,1,0,1,0,0,0
1075,2026-07-29 12:30:00,4010.3,1,3,8,2,3,0,0,0
1075,2026-07-29 12:30:00,4010.5,1,0,1,-1,1,0,0,0
1075,2026-07-29 12:30:00,4010.6,0,0,1,0,1,0,0,0
1075,2026-07-29 12:30:00,4010.7,0,1,1,1,1,0,0,0
1075,2026-07-29 12:30:00,4010.8,0,0,1,0,1,0,0,0
1075,2026-07-29 12:30:00,4010.9,0,2,3,2,2,0,0,0
1075,2026-07-29 12:30:00,4011.0,0,6,8,6,6,0,0,0
1075,2026-07-29 12:30:00,4011.1,1,0,1,-1,1,0,0,0
1075,2026-07-29 12:30:00,4011.2,0,1,1,1,1,0,0,0
1075,2026-07-29 12:30:00,4011.3,0,3,3,3,1,0,0,0
1075,2026-07-29 12:30:00,4011.4,0,1,1,1,1,0,0,0
1075,2026-07-29 12:30:00,4011.5,0,0,1,0,1,0,0,0
1075,2026-07-29 12:30:00,4011.6,0,1,1,1,1,0,0,0
1075,2026-07-29 12:30:00,4011.9,0,0,1,0,1,0,0,0
1075,2026-07-29 12:30:00,4012.0,0,0,1,0,1,0,0,0
1075,2026-07-29 12:30:00,4012.4,0,3,3,3,1,0,0,0
1075,2026-07-29 12:30:00,4013.5,0,1,1,1,1,0,0,0
1076,2026-07-29 12:31:00,4013.1,0,0,1,0,1,0,0,0
1076,2026-07-29 12:31:00,4013.2,0,0,2,0,2,0,0,0
1076,2026-07-29 12:31:00,4013.5,1,0,3,-1,3,0,0,0
1076,2026-07-29 12:31:00,4013.6,0,1,2,1,2,0,0,0
1076,2026-07-29 12:31:00,4013.7,1,0,1,-1,1,0,0,0
1076,2026-07-29 12:31:00,4013.8,0,0,1,0,1,0,0,0
1076,2026-07-29 12:31:00,4014.6,0,0,2,0,2,0,0,0
1076,2026-07-29 12:31:00,4014.7,0,0,2,0,2,0,0,0
1076,2026-07-29 12:31:00,4014.8,0,1,1,1,1,0,0,0
1076,2026-07-29 12:31:00,4014.9,0,1,1,1,1,0,0,0
1076,2026-07-29 12:31:00,4015.0,0,2,2,2,1,0,0,0
1077,2026-07-29 12:32:00,4012.4,0,2,2,2,1,0,0,0
1077,2026-07-29 12:32:00,4012.6,1,0,1,-1,1,0,0,0
1077,2026-07-29 12:32:00,4012.7,0,0,1,0,1,0,0,0
1077,2026-07-29 12:32:00,4012.8,1,0,1,-1,1,0,0,0
1077,2026-07-29 12:32:00,4012.9,0,0,1,0,1,0,0,0
1077,2026-07-29 12:32:00,4013.1,0,1,1,1,1,0,0,0
1077,2026-07-29 12:32:00,4013.6,0,1,3,1,3,0,0,0
1077,2026-07-29 12:32:00,4013.7,0,0,1,0,1,0,0,0
1078,2026-07-29 12:33:00,4013.2,0,1,1,1,1,0,0,0
1078,2026-07-29 12:33:00,4013.4,0,2,2,2,1,0,0,0
1078,2026-07-29 12:33:00,4013.5,0,1,1,1,1,0,0,0
1078,2026-07-29 12:33:00,4013.8,0,1,2,1,2,0,0,0
1078,2026-07-29 12:33:00,4013.9,0,0,1,0,1,0,0,0
1078,2026-07-29 12:33:00,4014.1,0,1,1,1,1,0,0,0
1079,2026-07-29 12:34:00,4013.3,1,0,1,-1,1,0,0,0
1079,2026-07-29 12:34:00,4013.4,1,1,2,0,2,0,0,0
1079,2026-07-29 12:34:00,4013.5,1,0,1,-1,1,0,0,0
1079,2026-07-29 12:34:00,4013.6,0,1,1,1,1,0,0,0
1079,2026-07-29 12:34:00,4013.8,0,2,2,2,1,0,0,0
1079,2026-07-29 12:34:00,4013.9,0,2,2,2,2,0,0,0
1079,2026-07-29 12:34:00,4014.0,0,3,3,3,2,0,0,0
1079,2026-07-29 12:34:00,4014.1,0,1,1,1,1,0,0,0
1079,2026-07-29 12:34:00,4014.5,0,0,2,0,2,0,0,0
1079,2026-07-29 12:34:00,4014.6,0,1,1,1,1,0,0,0
1079,2026-07-29 12:34:00,4015.1,0,2,2,2,2,0,0,0
1079,2026-07-29 12:34:00,4015.2,0,1,1,1,1,0,0,0
1079,2026-07-29 12:34:00,4015.6,0,1,1,1,1,0,0,0
1079,2026-07-29 12:34:00,4015.8,0,1,1,1,1,0,0,0
1079,2026-07-29 12:34:00,4015.9,1,1,2,0,2,0,0,0
1079,2026-07-29 12:34:00,4016.0,0,0,1,0,1,0,0,0
1079,2026-07-29 12:34:00,4016.1,1,0,1,-1,1,0,0,0
1079,2026-07-29 12:34:00,4016.4,0,2,2,2,2,0,0,0
1079,2026-07-29 12:34:00,4016.5,0,1,2,1,2,0,0,0
1079,2026-07-29 12:34:00,4016.6,1,0,1,-1,1,0,0,0
1079,2026-07-29 12:34:00,4016.7,1,0,1,-1,1,0,0,0
1079,2026-07-29 12:34:00,4016.8,1,0,1,-1,1,0,0,0
1079,2026-07-29 12:34:00,4016.9,0,1,1,1,1,0,0,0
1079,2026-07-29 12:34:00,4017.0,0,1,1,1,1,0,0,0
1080,2026-07-29 12:35:00,4016.0,0,3,3,3,2,0,0,0
1080,2026-07-29 12:35:00,4016.1,0,1,1,1,1,0,0,0
1080,2026-07-29 12:35:00,4016.4,0,0,1,0,1,0,0,0
1080,2026-07-29 12:35:00,4016.5,0,1,1,1,1,0,0,0
1080,2026-07-29 12:35:00,4016.6,0,4,4,4,3,0,0,0
1080,2026-07-29 12:35:00,4016.7,0,4,4,4,3,0,0,0
1080,2026-07-29 12:35:00,4016.8,0,0,1,0,1,0,0,0
1080,2026-07-29 12:35:00,4016.9,0,2,3,2,3,0,0,0
1080,2026-07-29 12:35:00,4017.1,0,1,1,1,1,0,0,0
1080,2026-07-29 12:35:00,4017.7,0,1,1,1,1,0,0,0
1081,2026-07-29 12:36:00,4015.9,0,1,1,1,1,0,0,0
1081,2026-07-29 12:36:00,4016.0,0,1,1,1,1,0,0,0
1081,2026-07-29 12:36:00,4016.1,0,0,1,0,1,0,0,0
1081,2026-07-29 12:36:00,4016.3,0,2,2,2,1,0,0,0
1081,2026-07-29 12:36:00,4016.4,1,0,1,-1,1,0,0,0
1081,2026-07-29 12:36:00,4016.6,0,1,1,1,1,0,0,0
1082,2026-07-29 12:37:00,4016.5,0,1,1,1,1,0,0,0
1082,2026-07-29 12:37:00,4016.9,1,0,1,-1,1,0,0,0
1082,2026-07-29 12:37:00,4017.0,1,0,1,-1,1,0,0,0
1082,2026-07-29 12:37:00,4017.3,0,5,5,5,3,0,0,0
1082,2026-07-29 12:37:00,4017.4,0,1,1,1,1,0,0,0
1082,2026-07-29 12:37:00,4017.5,0,2,2,2,2,0,0,0
1083,2026-07-29 12:38:00,4017.5,0,1,1,1,1,0,0,0
1083,2026-07-29 12:38:00,4017.8,1,0,1,-1,1,0,0,0
1083,2026-07-29 12:38:00,4018.0,5,0,6,-5,3,0,0,0
1083,2026-07-29 12:38:00,4018.1,3,0,6,-3,3,0,0,0
1083,2026-07-29 12:38:00,4018.2,1,0,1,-1,1,0,0,0
1083,2026-07-29 12:38:00,4018.3,0,1,1,1,1,0,0,0
1084,2026-07-29 12:39:00,4018.6,0,0,1,0,1,0,0,0
1084,2026-07-29 12:39:00,4019.0,0,0,1,0,1,0,0,0
1084,2026-07-29 12:39:00,4019.5,0,4,4,4,2,0,0,0
1084,2026-07-29 12:39:00,4019.6,0,3,3,3,3,0,0,0
1084,2026-07-29 12:39:00,4020.2,0,0,1,0,1,0,0,0
1084,2026-07-29 12:39:00,4020.4,3,0,3,-3,1,0,0,0
1084,2026-07-29 12:39:00,4020.6,0,0,1,0,1,0,0,0
1085,2026-07-29 12:40:00,4017.3,0,1,1,1,1,0,0,0
1085,2026-07-29 12:40:00,4017.9,0,0,2,0,2,0,0,0
1085,2026-07-29 12:40:00,4018.0,1,0,1,-1,1,0,0,0
1085,2026-07-29 12:40:00,4018.2,5,0,5,-5,1,0,0,0
1085,2026-07-29 12:40:00,4020.2,0,1,2,1,2,0,0,0
1085,2026-07-29 12:40:00,4020.5,0,2,2,2,1,0,0,0
1086,2026-07-29 12:41:00,4016.6,8,0,8,-8,8,0,0,0
1086,2026-07-29 12:41:00,4016.7,7,1,8,-6,8,0,0,0
1086,2026-07-29 12:41:00,4016.8,1,2,3,1,3,0,0,0
1086,2026-07-29 12:41:00,4017.1,0,1,1,1,1,0,0,0
1086,2026-07-29 12:41:00,4017.2,0,2,7,2,5,0,0,0
1086,2026-07-29 12:41:00,4017.5,0,0,1,0,1,0,0,0
1087,2026-07-29 12:42:00,4017.5,1,0,1,-1,1,0,0,0
1087,2026-07-29 12:42:00,4017.8,0,5,9,5,4,0,0,0
1087,2026-07-29 12:42:00,4017.9,0,0,2,0,2,0,0,0
1087,2026-07-29 12:42:00,4018.1,0,1,1,1,1,0,0,0
1087,2026-07-29 12:42:00,4018.2,0,5,5,5,1,0,0,0
1087,2026-07-29 12:42:00,4018.3,0,2,3,2,2,0,0,0
1088,2026-07-29 12:43:00,4018.6,0,1,1,1,1,0,0,0
1089,2026-07-29 12:44:00,4019.0,2,0,2,-2,2,0,0,0
1089,2026-07-29 12:44:00,4019.1,1,0,1,-1,1,0,0,0
1089,2026-07-29 12:44:00,4019.2,0,3,3,3,3,0,0,0
1089,2026-07-29 12:44:00,4019.4,0,1,1,1,1,0,0,0
1089,2026-07-29 12:44:00,4019.5,0,0,1,0,1,0,0,0
1090,2026-07-29 12:45:00,4018.1,2,0,2,-2,1,0,0,0
1090,2026-07-29 12:45:00,4018.2,1,1,2,0,2,0,0,0
1090,2026-07-29 12:45:00,4018.5,5,1,6,-4,3,0,0,0
1090,2026-07-29 12:45:00,4018.6,2,0,2,-2,2,0,0,0
1090,2026-07-29 12:45:00,4018.8,0,2,2,2,2,0,0,0
1090,2026-07-29 12:45:00,4019.0,0,0,1,0,1,0,0,0
1091,2026-07-29 12:46:00,4019.7,0,1,1,1,1,0,0,0
1091,2026-07-29 12:46:00,4019.8,1,1,2,0,2,0,0,0
1091,2026-07-29 12:46:00,4019.9,0,0,1,0,1,0,0,0
1091,2026-07-29 12:46:00,4020.0,1,2,3,1,3,0,0,0
1091,2026-07-29 12:46:00,4020.1,0,1,1,1,1,0,0,0
1091,2026-07-29 12:46:00,4020.2,0,2,2,2,2,0,0,0
1091,2026-07-29 12:46:00,4020.3,0,1,1,1,1,0,0,0
1091,2026-07-29 12:46:00,4020.5,0,1,1,1,1,0,0,0
1091,2026-07-29 12:46:00,4020.7,1,0,1,-1,1,0,0,0
1092,2026-07-29 12:47:00,4020.3,1,3,4,2,4,0,0,0
1092,2026-07-29 12:47:00,4020.4,0,1,1,1,1,0,0,0
1092,2026-07-29 12:47:00,4020.5,1,4,6,3,6,0,0,0
1092,2026-07-29 12:47:00,4020.6,5,5,10,0,6,0,0,0
1092,2026-07-29 12:47:00,4020.7,2,7,9,5,9,0,0,0
1092,2026-07-29 12:47:00,4021.0,0,2,2,2,2,0,0,0
1092,2026-07-29 12:47:00,4021.2,0,1,1,1,1,0,0,0
1092,2026-07-29 12:47:00,4021.4,0,3,3,3,3,0,0,0
1092,2026-07-29 12:47:00,4021.7,1,0,1,-1,1,0,0,0
1093,2026-07-29 12:48:00,4020.4,3,0,3,-3,1,0,0,0
1093,2026-07-29 12:48:00,4020.5,1,0,1,-1,1,0,0,0
1093,2026-07-29 12:48:00,4020.6,0,2,2,2,2,0,0,0
1093,2026-07-29 12:48:00,4020.7,0,2,2,2,2,0,0,0
1093,2026-07-29 12:48:00,4020.8,0,9,10,9,4,0,0,0
1093,2026-07-29 12:48:00,4020.9,0,2,2,2,2,0,0,0
1093,2026-07-29 12:48:00,4021.0,0,4,4,4,4,0,0,0
1093,2026-07-29 12:48:00,4021.1,5,4,9,-1,5,0,0,0
1093,2026-07-29 12:48:00,4021.3,1,0,1,-1,1,0,0,0
1094,2026-07-29 12:49:00,4018.7,3,0,3,-3,1,0,0,0
1094,2026-07-29 12:49:00,4019.1,0,1,2,1,2,0,0,0
1094,2026-07-29 12:49:00,4019.3,0,1,1,1,1,0,0,0
1094,2026-07-29 12:49:00,4019.5,8,0,8,-8,2,0,0,0
1095,2026-07-29 12:50:00,4018.7,4,0,4,-4,1,0,0,0
1095,2026-07-29 12:50:00,4018.8,1,0,1,-1,1,0,0,0
1095,2026-07-29 12:50:00,4018.9,1,0,1,-1,1,0,0,0
1095,2026-07-29 12:50:00,4019.0,1,1,2,0,2,0,0,0
1095,2026-07-29 12:50:00,4019.1,7,0,7,-7,2,0,0,0
1095,2026-07-29 12:50:00,4019.2,4,0,4,-4,2,0,0,0
1095,2026-07-29 12:50:00,4019.3,4,0,4,-4,2,0,0,0
1095,2026-07-29 12:50:00,4019.5,1,0,1,-1,1,0,0,0
1095,2026-07-29 12:50:00,4019.6,4,0,5,-4,3,0,0,0
1095,2026-07-29 12:50:00,4020.0,1,0,1,-1,1,0,0,0
1096,2026-07-29 12:51:00,4017.8,0,2,2,2,2,0,0,0
1096,2026-07-29 12:51:00,4018.1,0,1,1,1,1,0,0,0
1096,2026-07-29 12:51:00,4018.5,0,3,3,3,1,0,0,0
1096,2026-07-29 12:51:00,4018.6,0,1,1,1,1,0,0,0
1096,2026-07-29 12:51:00,4018.8,0,2,2,2,2,0,0,0
1096,2026-07-29 12:51:00,4019.2,1,1,2,0,2,0,0,0
1097,2026-07-29 12:52:00,4018.0,0,1,1,1,1,0,0,0
1097,2026-07-29 12:52:00,4018.5,0,1,1,1,1,0,0,0
1097,2026-07-29 12:52:00,4018.9,5,0,5,-5,1,0,0,0
1097,2026-07-29 12:52:00,4019.0,0,1,1,1,1,0,0,0
1097,2026-07-29 12:52:00,4019.1,0,2,2,2,2,0,0,0
1097,2026-07-29 12:52:00,4019.6,1,0,1,-1,1,0,0,0
1097,2026-07-29 12:52:00,4019.9,0,1,1,1,1,0,0,0
1098,2026-07-29 12:53:00,4019.5,1,0,1,-1,1,0,0,0
1098,2026-07-29 12:53:00,4019.6,4,0,4,-4,1,0,0,0
1098,2026-07-29 12:53:00,4019.8,0,1,1,1,1,0,0,0
1098,2026-07-29 12:53:00,4019.9,0,1,2,1,2,0,0,0
1098,2026-07-29 12:53:00,4020.0,1,0,1,-1,1,0,0,0
1098,2026-07-29 12:53:00,4020.1,2,1,3,-1,2,0,0,0
1098,2026-07-29 12:53:00,4020.4,1,0,1,-1,1,0,0,0
1098,2026-07-29 12:53:00,4020.6,0,1,1,1,1,0,0,0
1099,2026-07-29 12:54:00,4019.1,1,0,1,-1,1,0,0,0
1099,2026-07-29 12:54:00,4019.2,1,0,1,-1,1,0,0,0
1099,2026-07-29 12:54:00,4019.5,0,1,1,1,1,0,0,0
1099,2026-07-29 12:54:00,4019.7,0,3,3,3,2,0,0,0
1099,2026-07-29 12:54:00,4019.8,0,1,1,1,1,0,0,0
1099,2026-07-29 12:54:00,4020.0,6,2,8,-4,3,0,0,0
1099,2026-07-29 12:54:00,4020.1,2,0,2,-2,2,0,0,0
1099,2026-07-29 12:54:00,4020.2,1,0,1,-1,1,0,0,0
1099,2026-07-29 12:54:00,4020.3,0,12,14,12,10,0,0,0
1099,2026-07-29 12:54:00,4020.4,0,1,1,1,1,0,0,0
1099,2026-07-29 12:54:00,4020.5,0,1,1,1,1,0,0,0
1100,2026-07-29 12:55:00,4020.0,1,3,5,2,4,0,0,0
1100,2026-07-29 12:55:00,4020.1,0,2,2,2,2,0,0,0
1100,2026-07-29 12:55:00,4020.2,0,1,1,1,1,0,0,0
1100,2026-07-29 12:55:00,4020.3,1,0,1,-1,1,0,0,0
1100,2026-07-29 12:55:00,4020.4,2,3,7,1,6,0,0,0
1100,2026-07-29 12:55:00,4020.5,0,2,2,2,2,0,0,0
1100,2026-07-29 12:55:00,4020.6,0,1,1,1,1,0,0,0
1101,2026-07-29 12:56:00,4021.0,0,0,2,0,2,0,0,0
1101,2026-07-29 12:56:00,4021.4,0,0,1,0,1,0,0,0
1101,2026-07-29 12:56:00,4021.5,1,0,1,-1,1,0,0,0
1101,2026-07-29 12:56:00,4021.9,0,0,2,0,2,0,0,0
1102,2026-07-29 12:57:00,4020.6,1,0,1,-1,1,0,0,0
1102,2026-07-29 12:57:00,4020.7,3,0,3,-3,1,0,0,0
1102,2026-07-29 12:57:00,4020.8,1,0,1,-1,1,0,0,0
1102,2026-07-29 12:57:00,4021.0,0,1,2,1,2,0,0,0
1102,2026-07-29 12:57:00,4021.1,0,0,1,0,1,0,0,0
1102,2026-07-29 12:57:00,4022.1,0,1,1,1,1,0,0,0
1102,2026-07-29 12:57:00,4022.2,0,1,1,1,1,0,0,0
1103,2026-07-29 12:58:00,4020.2,1,0,1,-1,1,0,0,0
1103,2026-07-29 12:58:00,4020.6,0,0,1,0,1,0,0,0
1103,2026-07-29 12:58:00,4020.9,0,1,1,1,1,0,0,0
1104,2026-07-29 12:59:00,4020.0,3,0,3,-3,2,0,0,0
1104,2026-07-29 12:59:00,4020.3,0,1,1,1,1,0,0,0
1104,2026-07-29 12:59:00,4020.4,1,2,3,1,2,0,0,0
1104,2026-07-29 12:59:00,4020.5,0,1,1,1,1,0,0,0
1104,2026-07-29 12:59:00,4020.7,0,0,1,0,1,0,0,0
1104,2026-07-29 12:59:00,4020.8,0,1,1,1,1,0,0,0
1104,2026-07-29 12:59:00,4020.9,1,0,1,-1,1,0,0,0
1104,2026-07-29 12:59:00,4021.0,0,1,1,1,1,0,0,0
1104,2026-07-29 12:59:00,4021.1,0,1,1,1,1,0,0,0
1104,2026-07-29 12:59:00,4021.2,0,2,2,2,1,0,0,0
1105,2026-07-29 13:00:00,4021.0,3,0,3,-3,1,0,0,0
1105,2026-07-29 13:00:00,4021.1,1,0,1,-1,1,0,0,0
1105,2026-07-29 13:00:00,4021.2,3,0,3,-3,1,0,0,0
1105,2026-07-29 13:00:00,4021.3,2,0,2,-2,2,0,0,0
1105,2026-07-29 13:00:00,4021.8,0,0,1,0,1,0,0,0
1105,2026-07-29 13:00:00,4021.9,2,0,2,-2,1,0,0,0
1105,2026-07-29 13:00:00,4022.0,1,0,1,-1,1,0,0,0
1105,2026-07-29 13:00:00,4022.1,1,0,1,-1,1,0,0,0
1105,2026-07-29 13:00:00,4022.4,1,0,1,-1,1,0,0,0
1105,2026-07-29 13:00:00,4022.5,1,0,1,-1,1,0,0,0
1105,2026-07-29 13:00:00,4022.8,8,0,8,-8,5,0,0,0
1105,2026-07-29 13:00:00,4022.9,1,0,2,-1,2,0,0,0
1105,2026-07-29 13:00:00,4023.0,1,1,3,0,3,0,0,0
1105,2026-07-29 13:00:00,4023.1,3,3,7,0,7,0,0,0
1105,2026-07-29 13:00:00,4023.2,0,4,4,4,1,0,0,0
1105,2026-07-29 13:00:00,4023.3,0,0,1,0,1,0,0,0
1105,2026-07-29 13:00:00,4023.5,0,1,1,1,1,0,0,0
1105,2026-07-29 13:00:00,4023.8,0,2,2,2,2,0,0,0
1105,2026-07-29 13:00:00,4023.9,0,2,2,2,1,0,0,0
1106,2026-07-29 13:01:00,4022.4,0,2,2,2,2,0,0,0
1106,2026-07-29 13:01:00,4022.6,1,0,1,-1,1,0,0,0
1106,2026-07-29 13:01:00,4022.7,1,0,1,-1,1,0,0,0
1106,2026-07-29 13:01:00,4022.8,1,0,1,-1,1,0,0,0
1106,2026-07-29 13:01:00,4023.2,1,1,2,0,2,0,0,0
1106,2026-07-29 13:01:00,4023.3,0,1,1,1,1,0,0,0
1106,2026-07-29 13:01:00,4023.4,1,0,1,-1,1,0,0,0
1106,2026-07-29 13:01:00,4023.5,0,2,2,2,2,0,0,0
1106,2026-07-29 13:01:00,4023.8,1,0,1,-1,1,0,0,0
1106,2026-07-29 13:01:00,4024.1,0,1,1,1,1,0,0,0
1106,2026-07-29 13:01:00,4024.8,0,2,5,2,4,0,0,0
1107,2026-07-29 13:02:00,4022.5,4,0,4,-4,3,0,0,0
1107,2026-07-29 13:02:00,4022.6,3,0,3,-3,2,0,0,0
1107,2026-07-29 13:02:00,4022.8,0,0,1,0,1,0,0,0
1107,2026-07-29 13:02:00,4022.9,0,1,1,1,1,0,0,0
1107,2026-07-29 13:02:00,4023.1,2,1,3,-1,3,0,0,0
1107,2026-07-29 13:02:00,4023.2,0,2,2,2,2,0,0,0
1107,2026-07-29 13:02:00,4023.3,2,0,2,-2,2,0,0,0
1107,2026-07-29 13:02:00,4023.4,0,1,1,1,1,0,0,0
1107,2026-07-29 13:02:00,4023.5,1,2,3,1,3,0,0,0
1107,2026-07-29 13:02:00,4023.6,0,1,1,1,1,0,0,0
1107,2026-07-29 13:02:00,4023.8,0,3,3,3,3,0,0,0
1107,2026-07-29 13:02:00,4023.9,0,1,1,1,1,0,0,0
1108,2026-07-29 13:03:00,4019.3,1,0,2,-1,2,0,0,0
1108,2026-07-29 13:03:00,4019.4,5,0,5,-5,1,0,0,0
1108,2026-07-29 13:03:00,4019.6,0,0,1,0,1,0,0,0
1108,2026-07-29 13:03:00,4019.7,1,0,1,-1,1,0,0,0
1108,2026-07-29 13:03:00,4019.8,1,0,1,-1,1,0,0,0
1108,2026-07-29 13:03:00,4019.9,2,0,3,-2,3,0,0,0
1108,2026-07-29 13:03:00,4020.0,0,1,2,1,2,0,0,0
1108,2026-07-29 13:03:00,4020.3,0,0,1,0,1,0,0,0
1108,2026-07-29 13:03:00,4022.0,0,1,1,1,1,0,0,0
1109,2026-07-29 13:04:00,4017.3,1,0,1,-1,1,0,0,0
1109,2026-07-29 13:04:00,4017.4,1,0,2,-1,2,0,0,0
1109,2026-07-29 13:04:00,4017.6,6,0,6,-6,3,0,0,0
1109,2026-07-29 13:04:00,4017.7,3,2,7,-1,7,0,0,0
1109,2026-07-29 13:04:00,4017.9,1,0,2,-1,2,0,0,0
1109,2026-07-29 13:04:00,4018.1,5,0,5,-5,2,0,0,0
1109,2026-07-29 13:04:00,4018.3,2,0,2,-2,1,0,0,0
1109,2026-07-29 13:04:00,4018.8,1,0,1,-1,1,0,0,0
1110,2026-07-29 13:05:00,4015.2,0,0,1,0,1,0,0,0
1110,2026-07-29 13:05:00,4015.3,1,0,1,-1,1,0,0,0
1110,2026-07-29 13:05:00,4015.5,0,1,1,1,1,0,0,0
1110,2026-07-29 13:05:00,4015.6,3,0,3,-3,2,0,0,0
1110,2026-07-29 13:05:00,4015.9,1,0,1,-1,1,0,0,0
1110,2026-07-29 13:05:00,4016.0,0,1,1,1,1,0,0,0
1110,2026-07-29 13:05:00,4016.2,0,3,3,3,3,0,0,0
1110,2026-07-29 13:05:00,4016.3,0,1,1,1,1,0,0,0
1110,2026-07-29 13:05:00,4016.5,0,1,1,1,1,0,0,0
1110,2026-07-29 13:05:00,4016.8,1,0,1,-1,1,0,0,0
1110,2026-07-29 13:05:00,4017.0,2,2,4,0,4,0,0,0
1110,2026-07-29 13:05:00,4017.1,3,0,3,-3,2,0,0,0
1110,2026-07-29 13:05:00,4017.3,1,0,1,-1,1,0,0,0
1110,2026-07-29 13:05:00,4017.4,0,1,1,1,1,0,0,0
1110,2026-07-29 13:05:00,4017.5,0,1,1,1,1,0,0,0
1110,2026-07-29 13:05:00,4017.6,0,1,1,1,1,0,0,0
1110,2026-07-29 13:05:00,4017.7,0,1,2,1,2,0,0,0
1111,2026-07-29 13:06:00,4015.5,2,0,2,-2,1,0,0,0
1111,2026-07-29 13:06:00,4015.7,1,0,1,-1,1,0,0,0
1111,2026-07-29 13:06:00,4015.8,0,1,1,1,1,0,0,0
1111,2026-07-29 13:06:00,4015.9,2,1,4,-1,3,0,0,0
1111,2026-07-29 13:06:00,4016.0,0,1,2,1,2,0,0,0
1111,2026-07-29 13:06:00,4016.2,1,0,1,-1,1,0,0,0
1111,2026-07-29 13:06:00,4016.4,0,2,2,2,2,0,0,0
1111,2026-07-29 13:06:00,4016.5,0,1,1,1,1,0,0,0
1111,2026-07-29 13:06:00,4016.6,0,1,1,1,1,0,0,0
1111,2026-07-29 13:06:00,4016.7,0,1,1,1,1,0,0,0
1112,2026-07-29 13:07:00,4015.3,1,0,1,-1,1,0,0,0
1112,2026-07-29 13:07:00,4015.4,2,0,2,-2,2,0,0,0
1112,2026-07-29 13:07:00,4015.5,2,8,13,6,12,0,0,0
1112,2026-07-29 13:07:00,4015.7,0,2,3,2,3,0,0,0
1112,2026-07-29 13:07:00,4015.9,1,1,2,0,2,0,0,0
1112,2026-07-29 13:07:00,4016.0,3,1,4,-2,4,0,0,0
1112,2026-07-29 13:07:00,4016.1,3,1,4,-2,2,0,0,0
1112,2026-07-29 13:07:00,4016.2,1,0,1,-1,1,0,0,0
1113,2026-07-29 13:08:00,4014.8,5,0,5,-5,1,0,0,0
1113,2026-07-29 13:08:00,4015.0,1,0,2,-1,2,0,0,0
1113,2026-07-29 13:08:00,4015.1,5,0,5,-5,2,0,0,0
1113,2026-07-29 13:08:00,4015.2,0,0,1,0,1,0,0,0
1113,2026-07-29 13:08:00,4015.4,1,0,1,-1,1,0,0,0
1113,2026-07-29 13:08:00,4015.5,1,0,1,-1,1,0,0,0
1113,2026-07-29 13:08:00,4015.6,0,1,1,1,1,0,0,0
1113,2026-07-29 13:08:00,4015.7,0,1,1,1,1,0,0,0
1113,2026-07-29 13:08:00,4015.8,0,4,4,4,4,0,0,0
1113,2026-07-29 13:08:00,4016.2,0,1,1,1,1,0,0,0
1113,2026-07-29 13:08:00,4016.3,0,1,1,1,1,0,0,0
1113,2026-07-29 13:08:00,4016.4,1,0,1,-1,1,0,0,0
1114,2026-07-29 13:09:00,4014.1,1,0,1,-1,1,0,0,0
1114,2026-07-29 13:09:00,4014.3,0,1,1,1,1,0,0,0
1114,2026-07-29 13:09:00,4014.4,1,2,3,1,3,0,0,0
1114,2026-07-29 13:09:00,4014.5,1,1,3,0,3,0,0,0
1114,2026-07-29 13:09:00,4014.6,1,1,2,0,2,0,0,0
1114,2026-07-29 13:09:00,4014.8,1,1,2,0,2,0,0,0
1114,2026-07-29 13:09:00,4014.9,0,2,2,2,2,0,0,0
1114,2026-07-29 13:09:00,4015.0,0,5,5,5,5,0,0,0
1114,2026-07-29 13:09:00,4015.3,0,1,1,1,1,0,0,0
1114,2026-07-29 13:09:00,4015.4,0,1,1,1,1,0,0,0
1115,2026-07-29 13:10:00,4014.5,1,0,1,-1,1,0,0,0
1115,2026-07-29 13:10:00,4015.1,0,1,1,1,1,0,0,0
1115,2026-07-29 13:10:00,4015.4,0,1,1,1,1,0,0,0
1115,2026-07-29 13:10:00,4015.7,0,1,1,1,1,0,0,0
1115,2026-07-29 13:10:00,4015.8,0,2,2,2,2,0,0,0
1115,2026-07-29 13:10:00,4016.1,0,1,1,1,1,0,0,0
1115,2026-07-29 13:10:00,4016.2,0,3,3,3,3,0,0,0
1115,2026-07-29 13:10:00,4016.3,1,1,2,0,2,0,0,0
1115,2026-07-29 13:10:00,4016.7,0,2,2,2,2,0,0,0
1115,2026-07-29 13:10:00,4016.8,0,1,1,1,1,0,0,0
1116,2026-07-29 13:11:00,4015.8,0,1,1,1,1,0,0,0
1116,2026-07-29 13:11:00,4015.9,1,0,1,-1,1,0,0,0
1116,2026-07-29 13:11:00,4016.1,0,1,1,1,1,0,0,0
1116,2026-07-29 13:11:00,4016.2,0,1,1,1,1,0,0,0
1116,2026-07-29 13:11:00,4016.3,0,0,1,0,1,0,0,0
1116,2026-07-29 13:11:00,4016.5,1,0,1,-1,1,0,0,0
1116,2026-07-29 13:11:00,4016.6,0,0,1,0,1,0,0,0
1116,2026-07-29 13:11:00,4016.7,0,2,2,2,2,0,0,0
1116,2026-07-29 13:11:00,4016.9,2,0,2,-2,2,0,0,0
1116,2026-07-29 13:11:00,4017.0,0,2,2,2,2,0,0,0
1116,2026-07-29 13:11:00,4017.1,0,1,2,1,2,0,0,0
1116,2026-07-29 13:11:00,4017.4,0,2,2,2,1,0,0,0
1117,2026-07-29 13:12:00,4015.0,0,0,4,0,4,0,0,0
1117,2026-07-29 13:12:00,4015.2,1,2,3,1,3,0,0,0
1117,2026-07-29 13:12:00,4015.3,0,4,4,4,4,0,0,0
1117,2026-07-29 13:12:00,4015.4,0,4,4,4,4,0,0,0
1117,2026-07-29 13:12:00,4015.5,1,0,1,-1,1,0,0,0
1117,2026-07-29 13:12:00,4015.6,0,1,1,1,1,0,0,0
1117,2026-07-29 13:12:00,4015.8,1,1,2,0,2,0,0,0
1118,2026-07-29 13:13:00,4013.7,5,0,5,-5,1,0,0,0
1118,2026-07-29 13:13:00,4013.8,1,0,1,-1,1,0,0,0
1118,2026-07-29 13:13:00,4013.9,1,0,1,-1,1,0,0,0
1118,2026-07-29 13:13:00,4014.1,0,5,5,5,5,0,0,0
1118,2026-07-29 13:13:00,4014.2,0,3,3,3,3,0,0,0
1118,2026-07-29 13:13:00,4014.4,0,1,1,1,1,0,0,0
1118,2026-07-29 13:13:00,4014.6,0,0,1,0,1,0,0,0
1118,2026-07-29 13:13:00,4014.7,0,1,1,1,1,0,0,0
1119,2026-07-29 13:14:00,4013.5,0,3,3,3,3,0,0,0
1119,2026-07-29 13:14:00,4013.9,0,1,1,1,1,0,0,0
1119,2026-07-29 13:14:00,4014.1,1,3,5,2,4,0,0,0
1119,2026-07-29 13:14:00,4014.2,0,3,3,3,3,0,0,0
1119,2026-07-29 13:14:00,4014.3,1,1,3,0,3,0,0,0
1119,2026-07-29 13:14:00,4014.4,1,1,2,0,2,0,0,0
1119,2026-07-29 13:14:00,4014.7,0,2,2,2,2,0,0,0
1119,2026-07-29 13:14:00,4014.9,0,1,1,1,1,0,0,0
1120,2026-07-29 13:15:00,4012.6,1,2,3,1,2,0,0,0
1120,2026-07-29 13:15:00,4012.8,0,0,1,0,1,0,0,0
1120,2026-07-29 13:15:00,4012.9,0,2,3,2,3,0,0,0
1120,2026-07-29 13:15:00,4013.2,0,0,1,0,1,0,0,0
1120,2026-07-29 13:15:00,4013.3,0,0,1,0,1,0,0,0
1120,2026-07-29 13:15:00,4013.4,2,0,4,-2,4,0,0,0
1120,2026-07-29 13:15:00,4013.5,0,0,2,0,2,0,0,0
1120,2026-07-29 13:15:00,4013.6,0,0,1,0,1,0,0,0
1120,2026-07-29 13:15:00,4013.8,0,5,7,5,7,0,0,0
1120,2026-07-29 13:15:00,4013.9,0,1,1,1,1,0,0,0
1120,2026-07-29 13:15:00,4014.1,0,1,1,1,1,0,0,0
1120,2026-07-29 13:15:00,4014.3,0,1,1,1,1,0,0,0
1121,2026-07-29 13:16:00,4014.2,1,0,1,-1,1,0,0,0
1121,2026-07-29 13:16:00,4014.3,2,0,2,-2,1,0,0,0
1121,2026-07-29 13:16:00,4014.5,1,0,1,-1,1,0,0,0
1121,2026-07-29 13:16:00,4014.6,1,0,2,-1,2,0,0,0
1121,2026-07-29 13:16:00,4014.8,1,0,2,-1,2,0,0,0
1121,2026-07-29 13:16:00,4014.9,0,3,3,3,3,0,0,0
1121,2026-07-29 13:16:00,4015.0,0,1,1,1,1,0,0,0
1121,2026-07-29 13:16:00,4015.1,1,1,2,0,2,0,0,0
1121,2026-07-29 13:16:00,4015.2,0,1,1,1,1,0,0,0
1121,2026-07-29 13:16:00,4015.4,0,2,2,2,2,0,0,0
1121,2026-07-29 13:16:00,4015.5,1,1,2,0,2,0,0,0
1121,2026-07-29 13:16:00,4015.7,0,1,1,1,1,0,0,0
1121,2026-07-29 13:16:00,4015.8,0,1,1,1,1,0,0,0
1121,2026-07-29 13:16:00,4015.9,0,2,2,2,2,0,0,0
1121,2026-07-29 13:16:00,4016.0,0,4,4,4,2,0,0,0
1122,2026-07-29 13:17:00,4015.2,1,0,2,-1,2,0,0,0
1122,2026-07-29 13:17:00,4015.3,1,0,1,-1,1,0,0,0
1122,2026-07-29 13:17:00,4015.5,0,1,1,1,1,0,0,0
1122,2026-07-29 13:17:00,4015.6,0,1,1,1,1,0,0,0
1122,2026-07-29 13:17:00,4015.7,1,1,2,0,2,0,0,0
1122,2026-07-29 13:17:00,4015.8,1,0,1,-1,1,0,0,0
1122,2026-07-29 13:17:00,4016.0,1,1,2,0,2,0,0,0
1122,2026-07-29 13:17:00,4016.3,1,0,1,-1,1,0,0,0
1122,2026-07-29 13:17:00,4016.4,1,0,2,-1,2,0,0,0
1122,2026-07-29 13:17:00,4016.5,1,2,3,1,3,0,0,0
1122,2026-07-29 13:17:00,4016.6,0,1,1,1,1,0,0,0
1122,2026-07-29 13:17:00,4016.7,0,1,1,1,1,0,0,0
1123,2026-07-29 13:18:00,4015.0,1,0,1,-1,1,0,0,0
1123,2026-07-29 13:18:00,4015.1,1,0,1,-1,1,0,0,0
1123,2026-07-29 13:18:00,4015.5,2,0,2,-2,1,0,0,0
1123,2026-07-29 13:18:00,4015.6,1,0,1,-1,1,0,0,0
1123,2026-07-29 13:18:00,4015.7,1,0,1,-1,1,0,0,0
1123,2026-07-29 13:18:00,4015.8,2,0,3,-2,3,0,0,0
1123,2026-07-29 13:18:00,4015.9,3,1,5,-2,5,0,0,0
1123,2026-07-29 13:18:00,4016.0,2,0,2,-2,2,0,0,0
1123,2026-07-29 13:18:00,4016.1,3,0,3,-3,3,0,0,0
1123,2026-07-29 13:18:00,4016.2,2,1,3,-1,3,0,0,0
1123,2026-07-29 13:18:00,4016.3,1,2,4,1,4,0,0,0
1123,2026-07-29 13:18:00,4016.4,1,1,2,0,2,0,0,0
1123,2026-07-29 13:18:00,4016.5,1,0,2,-1,2,0,0,0
1123,2026-07-29 13:18:00,4016.6,0,1,1,1,1,0,0,0
1123,2026-07-29 13:18:00,4016.8,1,0,1,-1,1,0,0,0
1123,2026-07-29 13:18:00,4016.9,1,1,2,0,2,0,0,0
1123,2026-07-29 13:18:00,4017.0,1,2,3,1,3,0,0,0
1124,2026-07-29 13:19:00,4015.3,2,0,8,-2,3,0,0,0
1124,2026-07-29 13:19:00,4015.4,4,0,4,-4,2,0,0,0
1124,2026-07-29 13:19:00,4015.5,1,1,2,0,2,0,0,0
1124,2026-07-29 13:19:00,4015.6,2,0,2,-2,2,0,0,0
1124,2026-07-29 13:19:00,4015.7,0,4,4,4,3,0,0,0
1124,2026-07-29 13:19:00,4015.8,0,1,1,1,1,0,0,0
1124,2026-07-29 13:19:00,4015.9,1,3,5,2,5,0,0,0
1124,2026-07-29 13:19:00,4016.0,3,0,3,-3,3,0,0,0
1124,2026-07-29 13:19:00,4016.1,2,0,2,-2,2,0,0,0
1124,2026-07-29 13:19:00,4016.2,1,1,2,0,2,0,0,0
1124,2026-07-29 13:19:00,4016.6,0,1,1,1,1,0,0,0
1125,2026-07-29 13:20:00,4014.4,0,0,1,0,1,0,0,0
1125,2026-07-29 13:20:00,4015.2,1,0,1,-1,1,0,0,0
1125,2026-07-29 13:20:00,4015.5,0,2,2,2,2,0,0,0
1125,2026-07-29 13:20:00,4015.6,1,0,2,-1,2,0,0,0
1125,2026-07-29 13:20:00,4015.8,2,3,5,1,3,0,0,0
1125,2026-07-29 13:20:00,4015.9,1,0,1,-1,1,0,0,0
1125,2026-07-29 13:20:00,4016.0,0,2,2,2,1,0,0,0
1126,2026-07-29 13:21:00,4015.7,0,2,2,2,1,0,0,0
1126,2026-07-29 13:21:00,4015.8,0,0,1,0,1,0,0,0
1126,2026-07-29 13:21:00,4015.9,2,0,2,-2,2,0,0,0
1126,2026-07-29 13:21:00,4016.0,1,0,1,-1,1,0,0,0
1126,2026-07-29 13:21:00,4016.1,0,1,1,1,1,0,0,0
1126,2026-07-29 13:21:00,4016.3,0,2,2,2,2,0,0,0
1126,2026-07-29 13:21:00,4016.4,0,1,1,1,1,0,0,0
1126,2026-07-29 13:21:00,4016.6,0,1,1,1,1,0,0,0
1126,2026-07-29 13:21:00,4016.8,0,1,1,1,1,0,0,0
1126,2026-07-29 13:21:00,4017.0,2,0,2,-2,2,0,0,0
1126,2026-07-29 13:21:00,4017.1,0,1,2,1,2,0,0,0
1126,2026-07-29 13:21:00,4017.2,5,2,7,-3,2,0,0,0
1126,2026-07-29 13:21:00,4017.3,0,1,1,1,1,0,0,0
1126,2026-07-29 13:21:00,4017.4,0,1,1,1,1,0,0,0
1126,2026-07-29 13:21:00,4017.5,1,0,2,-1,2,0,0,0
1126,2026-07-29 13:21:00,4017.6,1,1,4,0,4,0,0,0
1126,2026-07-29 13:21:00,4017.7,3,2,5,-1,5,0,0,0
1126,2026-07-29 13:21:00,4017.8,1,1,2,0,2,0,0,0
1126,2026-07-29 13:21:00,4017.9,1,2,3,1,3,0,0,0
1126,2026-07-29 13:21:00,4018.0,4,3,8,-1,7,0,0,0
1126,2026-07-29 13:21:00,4018.1,1,2,3,1,3,0,0,0
1126,2026-07-29 13:21:00,4018.2,0,3,4,3,4,0,0,0
1126,2026-07-29 13:21:00,4018.5,1,0,1,-1,1,0,0,0
1126,2026-07-29 13:21:00,4018.6,0,1,1,1,1,0,0,0
1127,2026-07-29 13:22:00,4017.9,1,0,1,-1,1,0,0,0
1127,2026-07-29 13:22:00,4018.0,1,0,1,-1,1,0,0,0
1127,2026-07-29 13:22:00,4018.1,2,3,5,1,4,0,0,0
1127,2026-07-29 13:22:00,4018.2,0,1,1,1,1,0,0,0
1127,2026-07-29 13:22:00,4018.3,3,1,4,-2,3,0,0,0
1127,2026-07-29 13:22:00,4018.4,1,1,2,0,2,0,0,0
1127,2026-07-29 13:22:00,4018.5,0,8,16,8,5,0,0,0
1127,2026-07-29 13:22:00,4018.9,0,1,1,1,1,0,0,0
1127,2026-07-29 13:22:00,4019.0,0,0,2,0,1,0,0,0
1127,2026-07-29 13:22:00,4019.2,7,1,8,-6,5,0,0,0
1127,2026-07-29 13:22:00,4019.3,9,4,14,-5,9,0,0,0
1127,2026-07-29 13:22:00,4019.4,2,1,3,-1,2,0,0,0
1127,2026-07-29 13:22:00,4019.5,0,0,3,0,2,0,0,0
1127,2026-07-29 13:22:00,4019.6,0,3,3,3,1,0,0,0
1127,2026-07-29 13:22:00,4019.7,1,0,1,-1,1,0,0,0
1127,2026-07-29 13:22:00,4019.8,1,2,3,1,2,0,0,0
1127,2026-07-29 13:22:00,4020.0,0,0,5,0,5,0,0,0
1127,2026-07-29 13:22:00,4020.1,0,0,4,0,4,0,0,0
1127,2026-07-29 13:22:00,4020.5,0,0,1,0,1,0,0,0
1128,2026-07-29 13:23:00,4019.7,1,0,1,-1,1,0,0,0
1128,2026-07-29 13:23:00,4019.8,1,0,1,-1,1,0,0,0
1128,2026-07-29 13:23:00,4020.0,1,2,3,1,3,0,0,0
1128,2026-07-29 13:23:00,4020.1,1,1,3,0,3,0,0,0
1128,2026-07-29 13:23:00,4020.2,0,2,3,2,3,0,0,0
1128,2026-07-29 13:23:00,4020.3,5,2,8,-3,4,0,0,0
1128,2026-07-29 13:23:00,4020.4,1,1,2,0,2,0,0,0
1128,2026-07-29 13:23:00,4020.5,3,0,6,-3,4,0,0,0
1128,2026-07-29 13:23:00,4020.6,2,2,4,0,3,0,0,0
1128,2026-07-29 13:23:00,4020.7,0,1,3,1,3,0,0,0
1128,2026-07-29 13:23:00,4020.8,0,2,2,2,2,0,0,0
1128,2026-07-29 13:23:00,4021.1,2,0,2,-2,2,0,0,0
1128,2026-07-29 13:23:00,4021.2,1,0,1,-1,1,0,0,0
1128,2026-07-29 13:23:00,4021.3,1,0,2,-1,2,0,0,0
1128,2026-07-29 13:23:00,4021.4,0,1,2,1,2,0,0,0
1128,2026-07-29 13:23:00,4021.5,0,1,1,1,1,0,0,0
1128,2026-07-29 13:23:00,4021.6,0,1,1,1,1,0,0,0
1128,2026-07-29 13:23:00,4021.8,4,0,4,-4,1,0,0,0
1129,2026-07-29 13:24:00,4018.9,2,0,2,-2,2,0,0,0
1129,2026-07-29 13:24:00,4019.1,3,0,3,-3,3,0,0,0
1129,2026-07-29 13:24:00,4019.2,1,1,2,0,2,0,0,0
1129,2026-07-29 13:24:00,4019.3,2,3,5,1,4,0,0,0
1129,2026-07-29 13:24:00,4019.4,0,3,3,3,2,0,0,0
1129,2026-07-29 13:24:00,4019.5,3,0,3,-3,2,0,0,0
1129,2026-07-29 13:24:00,4019.6,0,1,1,1,1,0,0,0
1129,2026-07-29 13:24:00,4019.7,0,1,2,1,2,0,0,0
1129,2026-07-29 13:24:00,4019.8,0,1,2,1,2,0,0,0
1129,2026-07-29 13:24:00,4019.9,2,0,2,-2,1,0,0,0
1129,2026-07-29 13:24:00,4020.0,5,0,5,-5,1,0,0,0
1129,2026-07-29 13:24:00,4020.1,5,0,5,-5,2,0,0,0
1129,2026-07-29 13:24:00,4020.2,6,1,7,-5,3,0,0,0
1129,2026-07-29 13:24:00,4020.3,5,0,6,-5,2,0,0,0
1129,2026-07-29 13:24:00,4020.4,3,0,3,-3,1,0,0,0
1129,2026-07-29 13:24:00,4020.5,1,0,1,-1,1,0,0,0
1130,2026-07-29 13:25:00,4018.0,2,0,2,-2,1,0,0,0
1130,2026-07-29 13:25:00,4018.1,1,0,1,-1,1,0,0,0
1130,2026-07-29 13:25:00,4018.2,3,0,3,-3,2,0,0,0
1130,2026-07-29 13:25:00,4018.3,5,0,5,-5,4,0,0,0
1130,2026-07-29 13:25:00,4018.4,6,1,7,-5,6,0,0,0
1130,2026-07-29 13:25:00,4018.5,2,0,3,-2,3,0,0,0
1130,2026-07-29 13:25:00,4018.6,7,0,7,-7,4,0,0,0
1130,2026-07-29 13:25:00,4018.7,2,3,5,1,4,0,0,0
1130,2026-07-29 13:25:00,4018.8,1,4,5,3,4,0,0,0
1130,2026-07-29 13:25:00,4018.9,0,3,5,3,4,0,0,0
1130,2026-07-29 13:25:00,4019.0,2,6,8,4,5,0,0,0
1130,2026-07-29 13:25:00,4019.1,4,0,4,-4,1,0,0,0
1130,2026-07-29 13:25:00,4019.2,5,1,6,-4,3,0,0,0
1130,2026-07-29 13:25:00,4019.4,0,0,1,0,1,0,0,0
1130,2026-07-29 13:25:00,4019.6,4,0,4,-4,2,0,0,0
1130,2026-07-29 13:25:00,4019.7,2,0,2,-2,2,0,0,0
1130,2026-07-29 13:25:00,4019.8,1,0,2,-1,2,0,0,0
1130,2026-07-29 13:25:00,4019.9,0,2,2,2,1,0,0,0
1130,2026-07-29 13:25:00,4020.0,0,3,3,3,1,0,0,0
1130,2026-07-29 13:25:00,4020.1,0,5,5,5,2,0,0,0
1131,2026-07-29 13:26:00,4018.0,5,0,5,-5,1,0,0,0
1131,2026-07-29 13:26:00,4018.1,3,0,3,-3,1,0,0,0
1131,2026-07-29 13:26:00,4018.2,5,0,5,-5,2,0,0,0
1131,2026-07-29 13:26:00,4018.3,2,1,3,-1,2,0,0,0
1131,2026-07-29 13:26:00,4018.4,5,1,6,-4,3,0,0,0
1131,2026-07-29 13:26:00,4018.5,4,0,4,-4,1,0,0,0
1131,2026-07-29 13:26:00,4018.6,4,0,4,-4,1,0,0,0
1131,2026-07-29 13:26:00,4018.7,4,2,6,-2,3,0,0,0
1131,2026-07-29 13:26:00,4018.8,1,0,1,-1,1,0,0,0
1131,2026-07-29 13:26:00,4020.2,0,1,1,1,1,0,0,0
1132,2026-07-29 13:27:00,4017.4,2,0,2,-2,2,0,0,0
1132,2026-07-29 13:27:00,4017.5,4,1,5,-3,5,0,0,0
1132,2026-07-29 13:27:00,4017.6,2,0,2,-2,2,0,0,0
1132,2026-07-29 13:27:00,4017.8,1,0,1,-1,1,0,0,0
1132,2026-07-29 13:27:00,4017.9,3,0,3,-3,3,0,0,0
1132,2026-07-29 13:27:00,4018.0,0,4,4,4,4,0,0,0
1132,2026-07-29 13:27:00,4018.1,1,2,3,1,3,0,0,0
1132,2026-07-29 13:27:00,4018.2,0,1,1,1,1,0,0,0
1132,2026-07-29 13:27:00,4018.3,2,0,2,-2,2,0,0,0
1132,2026-07-29 13:27:00,4018.4,4,2,6,-2,5,0,0,0
1132,2026-07-29 13:27:00,4018.5,6,0,6,-6,3,0,0,0
1132,2026-07-29 13:27:00,4018.6,4,0,4,-4,2,0,0,0
1132,2026-07-29 13:27:00,4018.7,2,1,4,-1,4,0,0,0
1132,2026-07-29 13:27:00,4018.8,0,2,2,2,2,0,0,0
1132,2026-07-29 13:27:00,4018.9,0,2,2,2,2,0,0,0
1132,2026-07-29 13:27:00,4019.0,95,0,95,-95,1,0,0,0
1132,2026-07-29 13:27:00,4019.1,4,0,4,-4,1,0,0,0
1132,2026-07-29 13:27:00,4019.2,1,0,1,-1,1,0,0,0
1132,2026-07-29 13:27:00,4019.5,1,0,1,-1,1,0,0,0
1132,2026-07-29 13:27:00,4019.6,0,2,2,2,2,0,0,0
1132,2026-07-29 13:27:00,4020.0,94,0,94,-94,1,0,0,0
1132,2026-07-29 13:27:00,4020.1,7,0,7,-7,2,0,0,0
1132,2026-07-29 13:27:00,4020.2,1,0,1,-1,1,0,0,0
1132,2026-07-29 13:27:00,4020.4,2,0,2,-2,2,0,0,0
1132,2026-07-29 13:27:00,4020.5,2,0,2,-2,2,0,0,0
1132,2026-07-29 13:27:00,4020.6,1,0,1,-1,1,0,0,0
1132,2026-07-29 13:27:00,4020.7,1,0,1,-1,1,0,0,0
1132,2026-07-29 13:27:00,4020.8,9,0,9,-9,3,0,0,0
1132,2026-07-29 13:27:00,4020.9,9,0,9,-9,3,0,0,0
1132,2026-07-29 13:27:00,4021.0,8,0,8,-8,5,0,0,0
1132,2026-07-29 13:27:00,4021.1,1,2,3,1,3,0,0,0
1132,2026-07-29 13:27:00,4021.2,5,0,5,-5,1,0,0,0
1132,2026-07-29 13:27:00,4021.3,1,0,1,-1,1,0,0,0
1133,2026-07-29 13:28:00,4015.6,1,0,1,-1,1,0,0,0
1133,2026-07-29 13:28:00,4015.8,1,0,1,-1,1,0,0,0
1133,2026-07-29 13:28:00,4016.0,4,4,8,0,6,0,0,0
1133,2026-07-29 13:28:00,4016.1,4,0,4,-4,1,0,0,0
1133,2026-07-29 13:28:00,4016.2,6,2,8,-4,4,0,0,0
1133,2026-07-29 13:28:00,4016.3,11,0,12,-11,6,0,0,0
1133,2026-07-29 13:28:00,4016.4,10,1,12,-9,5,0,0,0
1133,2026-07-29 13:28:00,4016.5,9,0,10,-9,5,0,0,0
1133,2026-07-29 13:28:00,4016.6,3,1,4,-2,2,0,0,0
1133,2026-07-29 13:28:00,4016.7,0,1,1,1,1,0,0,0
1133,2026-07-29 13:28:00,4016.8,1,0,1,-1,1,0,0,0
1133,2026-07-29 13:28:00,4016.9,0,1,1,1,1,0,0,0
1133,2026-07-29 13:28:00,4017.0,3,0,3,-3,1,0,0,0
1133,2026-07-29 13:28:00,4017.1,1,0,1,-1,1,0,0,0
1133,2026-07-29 13:28:00,4017.2,2,0,2,-2,2,0,0,0
1133,2026-07-29 13:28:00,4017.3,6,0,6,-6,5,0,0,0
1133,2026-07-29 13:28:00,4017.4,2,0,3,-2,3,0,0,0
1133,2026-07-29 13:28:00,4017.5,4,0,4,-4,4,0,0,0
1133,2026-07-29 13:28:00,4017.6,3,0,3,-3,3,0,0,0
1133,2026-07-29 13:28:00,4017.7,0,1,1,1,1,0,0,0
1133,2026-07-29 13:28:00,4017.8,3,0,3,-3,1,0,0,0
1133,2026-07-29 13:28:00,4017.9,2,0,2,-2,2,0,0,0
1133,2026-07-29 13:28:00,4018.1,1,0,1,-1,1,0,0,0
1133,2026-07-29 13:28:00,4018.2,1,0,1,-1,1,0,0,0
1133,2026-07-29 13:28:00,4018.3,1,0,1,-1,1,0,0,0
1133,2026-07-29 13:28:00,4018.4,1,0,1,-1,1,0,0,0
1134,2026-07-29 13:29:00,4012.0,3,2,5,-1,4,0,0,0
1134,2026-07-29 13:29:00,4012.3,1,0,2,-1,2,0,0,0
1134,2026-07-29 13:29:00,4012.4,1,0,1,-1,1,0,0,0
1134,2026-07-29 13:29:00,4012.5,2,0,2,-2,2,0,0,0
1134,2026-07-29 13:29:00,4012.6,2,0,2,-2,1,0,0,0
1134,2026-07-29 13:29:00,4012.7,0,0,1,0,1,0,0,0
1134,2026-07-29 13:29:00,4012.8,0,1,1,1,1,0,0,0
1134,2026-07-29 13:29:00,4012.9,0,1,1,1,1,0,0,0
1134,2026-07-29 13:29:00,4013.0,4,0,4,-4,2,0,0,0
1134,2026-07-29 13:29:00,4013.1,10,0,10,-10,3,0,0,0
1134,2026-07-29 13:29:00,4013.2,3,0,3,-3,2,0,0,0
1134,2026-07-29 13:29:00,4013.3,3,0,3,-3,2,0,0,0
1134,2026-07-29 13:29:00,4013.4,3,0,3,-3,1,0,0,0
1134,2026-07-29 13:29:00,4013.5,3,1,4,-2,2,0,0,0
1134,2026-07-29 13:29:00,4013.6,5,2,7,-3,5,0,0,0
1134,2026-07-29 13:29:00,4013.7,4,0,5,-4,3,0,0,0
1134,2026-07-29 13:29:00,4013.8,3,1,5,-2,3,0,0,0
1134,2026-07-29 13:29:00,4013.9,3,0,3,-3,2,0,0,0
1134,2026-07-29 13:29:00,4014.0,9,0,9,-9,2,0,0,0
1134,2026-07-29 13:29:00,4014.1,1,0,1,-1,1,0,0,0
1134,2026-07-29 13:29:00,4014.2,1,0,1,-1,1,0,0,0
1134,2026-07-29 13:29:00,4014.4,2,1,3,-1,2,0,0,0
1134,2026-07-29 13:29:00,4014.5,3,0,3,-3,1,0,0,0
1134,2026-07-29 13:29:00,4014.6,11,0,11,-11,2,0,0,0
1134,2026-07-29 13:29:00,4014.7,4,1,5,-3,2,0,0,0
1134,2026-07-29 13:29:00,4014.8,5,0,5,-5,1,0,0,0
1134,2026-07-29 13:29:00,4014.9,6,0,6,-6,2,0,0,0
1134,2026-07-29 13:29:00,4015.0,6,0,7,-6,3,0,0,0
1134,2026-07-29 13:29:00,4015.1,6,0,7,-6,2,0,0,0
1134,2026-07-29 13:29:00,4015.2,10,0,11,-10,3,0,0,0
1134,2026-07-29 13:29:00,4015.3,12,0,12,-12,2,0,0,0
1134,2026-07-29 13:29:00,4015.4,4,0,4,-4,2,0,0,0
1134,2026-07-29 13:29:00,4015.5,3,4,7,1,3,0,0,0
1134,2026-07-29 13:29:00,4015.6,3,0,3,-3,1,0,0,0
1134,2026-07-29 13:29:00,4015.7,4,0,4,-4,1,0,0,0
1134,2026-07-29 13:29:00,4015.8,3,0,3,-3,1,0,0,0
1134,2026-07-29 13:29:00,4015.9,4,0,4,-4,1,0,0,0
1134,2026-07-29 13:29:00,4016.0,6,0,6,-6,2,0,0,0
1134,2026-07-29 13:29:00,4016.1,8,0,8,-8,4,0,0,0
1134,2026-07-29 13:29:00,4016.2,2,0,2,-2,1,0,0,0
1134,2026-07-29 13:29:00,4016.3,5,0,5,-5,4,0,0,0
1134,2026-07-29 13:29:00,4016.4,2,0,2,-2,2,0,0,0
1134,2026-07-29 13:29:00,4016.5,2,0,2,-2,1,0,0,0
1134,2026-07-29 13:29:00,4016.7,2,0,2,-2,2,0,0,0
1134,2026-07-29 13:29:00,4016.8,1,2,3,1,2,0,0,0
1134,2026-07-29 13:29:00,4017.0,1,0,1,-1,1,0,0,0
1134,2026-07-29 13:29:00,4017.1,0,1,2,1,2,0,0,0
1135,2026-07-29 13:30:00,4009.8,2,0,2,-2,2,0,0,0
1135,2026-07-29 13:30:00,4009.9,1,0,1,-1,1,0,0,0
1135,2026-07-29 13:30:00,4010.0,19,0,19,-19,2,0,0,0
1135,2026-07-29 13:30:00,4010.1,4,0,4,-4,3,0,0,0
1135,2026-07-29 13:30:00,4010.2,4,0,8,-4,6,0,0,0
1135,2026-07-29 13:30:00,4010.3,10,0,11,-10,3,0,0,0
1135,2026-07-29 13:30:00,4010.4,4,1,5,-3,3,0,0,0
1135,2026-07-29 13:30:00,4010.5,4,1,5,-3,4,0,0,0
1135,2026-07-29 13:30:00,4010.6,10,0,10,-10,4,0,0,0
1135,2026-07-29 13:30:00,4010.7,6,0,6,-6,3,0,0,0
1135,2026-07-29 13:30:00,4010.8,11,4,15,-7,7,0,0,0
1135,2026-07-29 13:30:00,4010.9,17,0,17,-17,2,0,0,0
1135,2026-07-29 13:30:00,4011.0,9,0,9,-9,4,0,0,0
1135,2026-07-29 13:30:00,4011.1,6,0,7,-6,4,0,0,0
1135,2026-07-29 13:30:00,4011.2,8,0,8,-8,4,0,0,0
1135,2026-07-29 13:30:00,4011.3,3,1,4,-2,2,0,0,0
1135,2026-07-29 13:30:00,4011.4,6,0,6,-6,2,0,0,0
1135,2026-07-29 13:30:00,4011.5,7,0,7,-7,3,0,0,0
1135,2026-07-29 13:30:00,4011.6,10,0,10,-10,5,0,0,0
1135,2026-07-29 13:30:00,4011.7,6,0,6,-6,4,0,0,0
1135,2026-07-29 13:30:00,4011.8,7,3,11,-4,8,0,0,0
1135,2026-07-29 13:30:00,4011.9,3,0,3,-3,1,0,0,0
1135,2026-07-29 13:30:00,4012.0,7,0,7,-7,2,0,0,0
1135,2026-07-29 13:30:00,4012.1,7,0,7,-7,4,0,0,0
1135,2026-07-29 13:30:00,4012.2,7,1,8,-6,6,0,0,0
1135,2026-07-29 13:30:00,4012.3,9,3,12,-6,7,0,0,0
1135,2026-07-29 13:30:00,4012.4,7,0,7,-7,4,0,0,0
1135,2026-07-29 13:30:00,4012.5,3,0,3,-3,2,0,0,0
1135,2026-07-29 13:30:00,4012.6,2,0,2,-2,1,0,0,0
1135,2026-07-29 13:30:00,4012.7,5,0,5,-5,2,0,0,0
1135,2026-07-29 13:30:00,4012.8,1,0,2,-1,2,0,0,0
1135,2026-07-29 13:30:00,4012.9,0,1,1,1,1,0,0,0
1135,2026-07-29 13:30:00,4013.0,1,1,6,0,3,0,0,0
1135,2026-07-29 13:30:00,4013.1,0,0,1,0,1,0,0,0
1135,2026-07-29 13:30:00,4013.2,0,0,1,0,1,0,0,0
1135,2026-07-29 13:30:00,4013.3,0,1,2,1,2,0,0,0
1135,2026-07-29 13:30:00,4013.4,0,1,2,1,2,0,0,0
1135,2026-07-29 13:30:00,4013.8,0,1,1,1,1,0,0,0
1135,2026-07-29 13:30:00,4014.2,1,3,4,2,3,0,0,0
1135,2026-07-29 13:30:00,4014.3,1,1,2,0,2,0,0,0
1136,2026-07-29 13:31:00,4010.0,8,0,8,-8,1,0,0,0
1136,2026-07-29 13:31:00,4010.1,4,0,4,-4,2,0,0,0
1136,2026-07-29 13:31:00,4010.2,3,0,3,-3,2,0,0,0
1136,2026-07-29 13:31:00,4010.3,2,0,2,-2,1,0,0,0
1136,2026-07-29 13:31:00,4010.4,3,0,3,-3,1,0,0,0
1136,2026-07-29 13:31:00,4010.6,2,0,2,-2,2,0,0,0
1136,2026-07-29 13:31:00,4010.7,2,0,2,-2,1,0,0,0
1136,2026-07-29 13:31:00,4010.8,1,0,1,-1,1,0,0,0
1136,2026-07-29 13:31:00,4010.9,4,0,4,-4,1,0,0,0
1136,2026-07-29 13:31:00,4011.0,2,2,4,0,3,0,0,0
1136,2026-07-29 13:31:00,4011.1,1,0,1,-1,1,0,0,0
1136,2026-07-29 13:31:00,4011.3,2,0,2,-2,1,0,0,0
1136,2026-07-29 13:31:00,4011.4,5,0,6,-5,3,0,0,0
1136,2026-07-29 13:31:00,4011.5,9,1,10,-8,3,0,0,0
1136,2026-07-29 13:31:00,4011.6,4,0,4,-4,4,0,0,0
1136,2026-07-29 13:31:00,4011.7,5,0,5,-5,4,0,0,0
1136,2026-07-29 13:31:00,4011.8,8,0,8,-8,6,0,0,0
1136,2026-07-29 13:31:00,4011.9,4,0,4,-4,2,0,0,0
1136,2026-07-29 13:31:00,4012.0,4,0,4,-4,3,0,0,0
1136,2026-07-29 13:31:00,4012.1,5,0,6,-5,4,0,0,0
1136,2026-07-29 13:31:00,4012.2,5,0,5,-5,3,0,0,0
1136,2026-07-29 13:31:00,4012.3,5,0,5,-5,3,0,0,0
1136,2026-07-29 13:31:00,4012.4,6,0,6,-6,4,0,0,0
1136,2026-07-29 13:31:00,4012.5,2,1,3,-1,3,0,0,0
1136,2026-07-29 13:31:00,4012.6,5,0,5,-5,2,0,0,0
1136,2026-07-29 13:31:00,4012.7,2,0,2,-2,2,0,0,0
1136,2026-07-29 13:31:00,4012.8,2,0,3,-2,3,0,0,0
1136,2026-07-29 13:31:00,4012.9,1,0,1,-1,1,0,0,0
1136,2026-07-29 13:31:00,4013.1,0,2,2,2,2,0,0,0
1136,2026-07-29 13:31:00,4013.2,0,1,1,1,1,0,0,0
1136,2026-07-29 13:31:00,4013.3,0,3,3,3,1,0,0,0
1136,2026-07-29 13:31:00,4013.5,0,1,1,1,1,0,0,0
1137,2026-07-29 13:32:00,4010.2,8,4,12,-4,7,0,0,0
1137,2026-07-29 13:32:00,4010.3,5,0,6,-5,5,0,0,0
1137,2026-07-29 13:32:00,4010.4,7,0,8,-7,4,0,0,0
1137,2026-07-29 13:32:00,4010.5,13,0,13,-13,6,0,0,0
1137,2026-07-29 13:32:00,4010.6,3,1,4,-2,3,0,0,0
1137,2026-07-29 13:32:00,4010.7,6,0,6,-6,2,0,0,0
1137,2026-07-29 13:32:00,4010.8,4,0,4,-4,1,0,0,0
1137,2026-07-29 13:32:00,4010.9,3,0,6,-3,5,0,0,0
1137,2026-07-29 13:32:00,4011.0,3,0,3,-3,2,0,0,0
1137,2026-07-29 13:32:00,4011.1,2,0,2,-2,2,0,0,0
1137,2026-07-29 13:32:00,4011.2,2,0,2,-2,2,0,0,0
1137,2026-07-29 13:32:00,4011.3,2,0,3,-2,3,0,0,0
1137,2026-07-29 13:32:00,4011.4,3,0,3,-3,3,0,0,0
1137,2026-07-29 13:32:00,4011.5,2,0,2,-2,2,0,0,0
1137,2026-07-29 13:32:00,4011.6,6,0,8,-6,7,0,0,0
1137,2026-07-29 13:32:00,4011.7,4,1,6,-3,6,0,0,0
1137,2026-07-29 13:32:00,4011.8,8,2,10,-6,6,0,0,0
1137,2026-07-29 13:32:00,4011.9,2,1,3,-1,3,0,0,0
1137,2026-07-29 13:32:00,4012.1,1,0,1,-1,1,0,0,0
1137,2026-07-29 13:32:00,4012.3,0,0,1,0,1,0,0,0
1138,2026-07-29 13:33:00,4008.2,0,1,1,1,1,0,0,0
1138,2026-07-29 13:33:00,4008.4,2,0,2,-2,1,0,0,0
1138,2026-07-29 13:33:00,4008.5,3,0,3,-3,2,0,0,0
1138,2026-07-29 13:33:00,4008.6,5,0,5,-5,3,0,0,0
1138,2026-07-29 13:33:00,4008.7,1,0,1,-1,1,0,0,0
1138,2026-07-29 13:33:00,4009.0,3,0,3,-3,1,0,0,0
1138,2026-07-29 13:33:00,4009.1,0,2,2,2,2,0,0,0
1138,2026-07-29 13:33:00,4009.2,1,1,2,0,2,0,0,0
1138,2026-07-29 13:33:00,4009.4,0,1,1,1,1,0,0,0
1138,2026-07-29 13:33:00,4009.5,1,1,2,0,2,0,0,0
1138,2026-07-29 13:33:00,4009.6,3,0,3,-3,2,0,0,0
1138,2026-07-29 13:33:00,4009.7,2,0,2,-2,2,0,0,0
1138,2026-07-29 13:33:00,4009.8,1,0,1,-1,1,0,0,0
1138,2026-07-29 13:33:00,4010.0,2,1,3,-1,3,0,0,0
1138,2026-07-29 13:33:00,4010.1,5,0,5,-5,2,0,0,0
1138,2026-07-29 13:33:00,4010.2,7,0,7,-7,2,0,0,0
1138,2026-07-29 13:33:00,4010.3,3,0,3,-3,2,0,0,0
1138,2026-07-29 13:33:00,4010.4,3,3,7,0,5,0,0,0
1138,2026-07-29 13:33:00,4010.5,2,0,2,-2,2,0,0,0
1138,2026-07-29 13:33:00,4010.6,2,1,3,-1,3,0,0,0
1138,2026-07-29 13:33:00,4010.7,2,2,4,0,3,0,0,0
1138,2026-07-29 13:33:00,4010.8,1,0,1,-1,1,0,0,0
1138,2026-07-29 13:33:00,4011.2,3,2,5,-1,5,0,0,0
1138,2026-07-29 13:33:00,4011.3,4,1,5,-3,3,0,0,0
1138,2026-07-29 13:33:00,4011.4,3,0,4,-3,3,0,0,0
1138,2026-07-29 13:33:00,4011.5,0,1,1,1,1,0,0,0
1138,2026-07-29 13:33:00,4011.7,1,10,11,9,6,0,0,0
1138,2026-07-29 13:33:00,4011.8,0,3,3,3,3,0,0,0
1138,2026-07-29 13:33:00,4011.9,2,5,7,3,5,0,0,0
1138,2026-07-29 13:33:00,4012.0,0,0,1,0,1,0,0,0
1138,2026-07-29 13:33:00,4012.1,1,0,1,-1,1,0,0,0
1138,2026-07-29 13:33:00,4012.2,1,0,4,-1,3,0,0,0
1138,2026-07-29 13:33:00,4012.6,0,1,1,1,1,0,0,0
1139,2026-07-29 13:34:00,4012.8,6,0,6,-6,3,0,0,0
1139,2026-07-29 13:34:00,4012.9,4,0,4,-4,3,0,0,0
1139,2026-07-29 13:34:00,4013.0,0,0,1,0,1,0,0,0
1139,2026-07-29 13:34:00,4013.2,3,0,3,-3,3,0,0,0
1139,2026-07-29 13:34:00,4013.3,0,0,1,0,1,0,0,0
1139,2026-07-29 13:34:00,4013.4,2,0,2,-2,1,0,0,0
1139,2026-07-29 13:34:00,4013.5,2,1,3,-1,3,0,0,0
1139,2026-07-29 13:34:00,4013.6,1,2,7,1,7,0,0,0
1139,2026-07-29 13:34:00,4013.7,0,2,2,2,2,0,0,0
1139,2026-07-29 13:34:00,4013.8,0,1,1,1,1,0,0,0
1139,2026-07-29 13:34:00,4014.0,0,4,4,4,3,0,0,0
1139,2026-07-29 13:34:00,4014.2,0,0,1,0,1,0,0,0
1139,2026-07-29 13:34:00,4014.3,0,1,1,1,1,0,0,0
1139,2026-07-29 13:34:00,4014.4,0,1,1,1,1,0,0,0
1139,2026-07-29 13:34:00,4014.7,1,0,1,-1,1,0,0,0
1139,2026-07-29 13:34:00,4014.8,2,1,3,-1,3,0,0,0
1139,2026-07-29 13:34:00,4015.0,0,1,1,1,1,0,0,0
1139,2026-07-29 13:34:00,4015.1,0,7,8,7,8,0,0,0
1139,2026-07-29 13:34:00,4015.3,1,0,1,-1,1,0,0,0
1140,2026-07-29 13:35:00,4012.1,2,0,2,-2,1,0,0,0
1140,2026-07-29 13:35:00,4012.2,3,0,3,-3,2,0,0,0
1140,2026-07-29 13:35:00,4012.3,8,0,8,-8,2,0,0,0
1140,2026-07-29 13:35:00,4012.4,3,0,3,-3,1,0,0,0
1140,2026-07-29 13:35:00,4012.5,4,0,4,-4,1,0,0,0
1140,2026-07-29 13:35:00,4012.6,2,0,2,-2,1,0,0,0
1140,2026-07-29 13:35:00,4012.7,3,0,3,-3,1,0,0,0
1140,2026-07-29 13:35:00,4012.8,5,0,5,-5,1,0,0,0
1140,2026-07-29 13:35:00,4012.9,7,0,7,-7,4,0,0,0
1140,2026-07-29 13:35:00,4013.0,6,0,6,-6,3,0,0,0
1140,2026-07-29 13:35:00,4013.1,5,0,5,-5,3,0,0,0
1140,2026-07-29 13:35:00,4013.2,4,1,5,-3,3,0,0,0
1140,2026-07-29 13:35:00,4013.3,5,1,7,-4,3,0,0,0
1140,2026-07-29 13:35:00,4013.4,3,0,4,-3,3,0,0,0
1140,2026-07-29 13:35:00,4013.5,3,1,7,-2,7,0,0,0
1140,2026-07-29 13:35:00,4013.6,2,1,4,-1,4,0,0,0
1140,2026-07-29 13:35:00,4013.7,1,0,1,-1,1,0,0,0
1140,2026-07-29 13:35:00,4014.0,0,0,1,0,1,0,0,0
1140,2026-07-29 13:35:00,4014.1,3,0,5,-3,4,0,0,0
1140,2026-07-29 13:35:00,4014.2,0,0,1,0,1,0,0,0
1140,2026-07-29 13:35:00,4014.3,2,0,4,-2,4,0,0,0
1140,2026-07-29 13:35:00,4014.4,0,0,2,0,2,0,0,0
1140,2026-07-29 13:35:00,4014.6,0,3,3,3,3,0,0,0
1140,2026-07-29 13:35:00,4014.7,2,0,2,-2,2,0,0,0
1140,2026-07-29 13:35:00,4015.0,0,0,1,0,1,0,0,0
1140,2026-07-29 13:35:00,4015.2,1,0,2,-1,2,0,0,0
1141,2026-07-29 13:36:00,4013.9,1,0,1,-1,1,0,0,0
1141,2026-07-29 13:36:00,4014.0,1,0,1,-1,1,0,0,0
1141,2026-07-29 13:36:00,4014.1,3,0,4,-3,4,0,0,0
1141,2026-07-29 13:36:00,4014.2,2,0,2,-2,1,0,0,0
1141,2026-07-29 13:36:00,4014.3,4,0,4,-4,1,0,0,0
1141,2026-07-29 13:36:00,4014.4,5,0,5,-5,2,0,0,0
1141,2026-07-29 13:36:00,4014.5,4,1,5,-3,4,0,0,0
1141,2026-07-29 13:36:00,4014.6,3,1,4,-2,3,0,0,0
1141,2026-07-29 13:36:00,4014.7,2,0,2,-2,1,0,0,0
1141,2026-07-29 13:36:00,4014.9,0,0,2,0,2,0,0,0
1141,2026-07-29 13:36:00,4015.0,1,0,2,-1,2,0,0,0
1141,2026-07-29 13:36:00,4015.1,0,0,1,0,1,0,0,0
1141,2026-07-29 13:36:00,4015.2,1,0,4,-1,4,0,0,0
1141,2026-07-29 13:36:00,4015.4,2,0,2,-2,2,0,0,0
1141,2026-07-29 13:36:00,4015.7,0,3,5,3,3,0,0,0
1141,2026-07-29 13:36:00,4015.8,0,2,2,2,1,0,0,0
1142,2026-07-29 13:37:00,4012.8,0,1,1,1,1,0,0,0
1142,2026-07-29 13:37:00,4012.9,0,1,1,1,1,0,0,0
1142,2026-07-29 13:37:00,4013.0,0,1,1,1,1,0,0,0
1142,2026-07-29 13:37:00,4013.1,1,0,1,-1,1,0,0,0
1142,2026-07-29 13:37:00,4013.5,1,0,1,-1,1,0,0,0
1142,2026-07-29 13:37:00,4014.4,0,2,2,2,2,0,0,0
1143,2026-07-29 13:38:00,4011.6,5,0,5,-5,1,0,0,0
1143,2026-07-29 13:38:00,4011.7,2,0,2,-2,1,0,0,0
1143,2026-07-29 13:38:00,4011.8,2,0,2,-2,1,0,0,0
1143,2026-07-29 13:38:00,4011.9,3,0,3,-3,1,0,0,0
1143,2026-07-29 13:38:00,4012.0,11,0,11,-11,1,0,0,0
1143,2026-07-29 13:38:00,4012.1,3,0,3,-3,1,0,0,0
1143,2026-07-29 13:38:00,4012.2,2,1,3,-1,2,0,0,0
1143,2026-07-29 13:38:00,4012.3,5,0,5,-5,3,0,0,0
1143,2026-07-29 13:38:00,4012.6,0,0,5,0,3,0,0,0
1143,2026-07-29 13:38:00,4013.2,0,0,1,0,1,0,0,0
1143,2026-07-29 13:38:00,4013.3,0,0,1,0,1,0,0,0
1143,2026-07-29 13:38:00,4014.4,0,1,1,1,1,0,0,0
1143,2026-07-29 13:38:00,4014.8,0,0,1,0,1,0,0,0
1144,2026-07-29 13:39:00,4012.1,1,0,1,-1,1,0,0,0
1144,2026-07-29 13:39:00,4012.4,1,0,1,-1,1,0,0,0
1144,2026-07-29 13:39:00,4012.5,1,0,1,-1,1,0,0,0
1144,2026-07-29 13:39:00,4013.3,0,1,1,1,1,0,0,0
1145,2026-07-29 13:40:00,4010.8,0,0,3,0,1,0,0,0
1145,2026-07-29 13:40:00,4011.2,0,1,1,1,1,0,0,0
1145,2026-07-29 13:40:00,4011.3,2,0,2,-2,2,0,0,0
1145,2026-07-29 13:40:00,4011.5,0,1,4,1,3,0,0,0
1145,2026-07-29 13:40:00,4011.6,3,2,5,-1,3,0,0,0
1145,2026-07-29 13:40:00,4011.7,0,3,3,3,3,0,0,0
1145,2026-07-29 13:40:00,4011.8,0,1,1,1,1,0,0,0
1145,2026-07-29 13:40:00,4011.9,0,2,2,2,2,0,0,0
1145,2026-07-29 13:40:00,4012.0,0,2,2,2,2,0,0,0
1145,2026-07-29 13:40:00,4012.2,0,5,5,5,2,0,0,0
1145,2026-07-29 13:40:00,4012.8,0,2,2,2,1,0,0,0
1145,2026-07-29 13:40:00,4013.8,3,0,3,-3,1,0,0,0
1145,2026-07-29 13:40:00,4013.9,1,0,1,-1,1,0,0,0
1146,2026-07-29 13:41:00,4010.6,0,0,1,0,1,0,0,0
1146,2026-07-29 13:41:00,4010.8,0,0,3,0,3,0,0,0
1146,2026-07-29 13:41:00,4010.9,0,0,1,0,1,0,0,0
1146,2026-07-29 13:41:00,4011.0,0,3,4,3,2,0,0,0
1146,2026-07-29 13:41:00,4011.1,0,1,1,1,1,0,0,0
1146,2026-07-29 13:41:00,4011.5,2,0,3,-2,3,0,0,0
1146,2026-07-29 13:41:00,4011.7,0,1,1,1,1,0,0,0
1146,2026-07-29 13:41:00,4011.8,0,2,2,2,2,0,0,0
1146,2026-07-29 13:41:00,4012.0,0,3,4,3,2,0,0,0
1146,2026-07-29 13:41:00,4012.1,0,2,2,2,1,0,0,0
1146,2026-07-29 13:41:00,4012.7,0,1,1,1,1,0,0,0
1147,2026-07-29 13:42:00,4010.7,2,0,2,-2,1,0,0,0
1147,2026-07-29 13:42:00,4011.0,0,0,1,0,1,0,0,0
1147,2026-07-29 13:42:00,4011.8,1,0,1,-1,1,0,0,0
1148,2026-07-29 13:43:00,4011.8,0,1,1,1,1,0,0,0
1148,2026-07-29 13:43:00,4011.9,1,0,1,-1,1,0,0,0
1148,2026-07-29 13:43:00,4012.1,1,0,1,-1,1,0,0,0
1148,2026-07-29 13:43:00,4012.2,0,0,1,0,1,0,0,0
1148,2026-07-29 13:43:00,4012.3,0,0,6,0,2,0,0,0
1148,2026-07-29 13:43:00,4012.5,0,2,2,2,1,0,0,0
1148,2026-07-29 13:43:00,4012.6,1,0,1,-1,1,0,0,0
1148,2026-07-29 13:43:00,4012.7,0,0,1,0,1,0,0,0
1148,2026-07-29 13:43:00,4012.8,0,0,1,0,1,0,0,0
1149,2026-07-29 13:44:00,4010.5,0,1,1,1,1,0,0,0
1149,2026-07-29 13:44:00,4010.8,2,0,3,-2,2,0,0,0
1149,2026-07-29 13:44:00,4011.0,0,1,3,1,3,0,0,0
1149,2026-07-29 13:44:00,4011.1,0,0,1,0,1,0,0,0
1149,2026-07-29 13:44:00,4011.2,0,0,2,0,2,0,0,0
1149,2026-07-29 13:44:00,4011.3,0,0,2,0,2,0,0,0
1149,2026-07-29 13:44:00,4011.6,0,1,1,1,1,0,0,0
1149,2026-07-29 13:44:00,4011.7,0,1,1,1,1,0,0,0
1149,2026-07-29 13:44:00,4011.8,0,1,1,1,1,0,0,0
1149,2026-07-29 13:44:00,4011.9,0,4,4,4,1,0,0,0
1149,2026-07-29 13:44:00,4012.0,0,3,3,3,1,0,0,0
1150,2026-07-29 13:45:00,4010.5,2,1,8,-1,5,0,0,0
1150,2026-07-29 13:45:00,4010.7,0,0,2,0,2,0,0,0
1150,2026-07-29 13:45:00,4010.8,0,1,1,1,1,0,0,0
1150,2026-07-29 13:45:00,4010.9,0,2,2,2,2,0,0,0
1150,2026-07-29 13:45:00,4011.2,0,0,3,0,3,0,0,0
1150,2026-07-29 13:45:00,4011.3,0,0,1,0,1,0,0,0
1150,2026-07-29 13:45:00,4011.7,0,0,1,0,1,0,0,0
1151,2026-07-29 13:46:00,4009.8,0,0,5,0,2,0,0,0
1151,2026-07-29 13:46:00,4009.9,0,0,2,0,2,0,0,0
1151,2026-07-29 13:46:00,4010.2,0,1,1,1,1,0,0,0
1151,2026-07-29 13:46:00,4010.4,3,0,3,-3,1,0,0,0
1151,2026-07-29 13:46:00,4010.8,1,0,1,-1,1,0,0,0
1151,2026-07-29 13:46:00,4010.9,0,1,1,1,1,0,0,0
1151,2026-07-29 13:46:00,4011.4,1,0,1,-1,1,0,0,0
1151,2026-07-29 13:46:00,4011.8,1,2,4,1,3,0,0,0
1151,2026-07-29 13:46:00,4012.0,0,0,1,0,1,0,0,0
1152,2026-07-29 13:47:00,4008.9,0,3,3,3,1,0,0,0
1152,2026-07-29 13:47:00,4009.4,1,0,1,-1,1,0,0,0
1152,2026-07-29 13:47:00,4009.5,1,1,2,0,2,0,0,0
1152,2026-07-29 13:47:00,4009.6,0,1,1,1,1,0,0,0
1152,2026-07-29 13:47:00,4010.2,1,0,1,-1,1,0,0,0
1152,2026-07-29 13:47:00,4010.6,0,0,2,0,2,0,0,0
1152,2026-07-29 13:47:00,4010.7,0,0,1,0,1,0,0,0
1153,2026-07-29 13:48:00,4009.2,1,0,1,-1,1,0,0,0
1153,2026-07-29 13:48:00,4010.3,1,0,2,-1,2,0,0,0
1153,2026-07-29 13:48:00,4010.4,0,0,1,0,1,0,0,0
1153,2026-07-29 13:48:00,4010.5,0,1,1,1,1,0,0,0
1153,2026-07-29 13:48:00,4010.8,0,1,1,1,1,0,0,0
1153,2026-07-29 13:48:00,4010.9,0,2,2,2,2,0,0,0
1153,2026-07-29 13:48:00,4011.1,0,1,1,1,1,0,0,0
1153,2026-07-29 13:48:00,4011.3,0,1,1,1,1,0,0,0
1153,2026-07-29 13:48:00,4011.4,0,1,1,1,1,0,0,0
1153,2026-07-29 13:48:00,4011.9,0,5,5,5,3,0,0,0
1153,2026-07-29 13:48:00,4012.0,0,2,3,2,2,0,0,0
1153,2026-07-29 13:48:00,4012.1,0,3,3,3,3,0,0,0
1153,2026-07-29 13:48:00,4012.5,0,2,2,2,1,0,0,0
1154,2026-07-29 13:49:00,4012.0,0,1,1,1,1,0,0,0
1154,2026-07-29 13:49:00,4012.1,0,1,1,1,1,0,0,0
1154,2026-07-29 13:49:00,4012.4,0,2,2,2,1,0,0,0
1154,2026-07-29 13:49:00,4012.5,0,1,1,1,1,0,0,0
1154,2026-07-29 13:49:00,4012.9,0,1,1,1,1,0,0,0
1154,2026-07-29 13:49:00,4013.1,0,0,3,0,3,0,0,0
1155,2026-07-29 13:50:00,4009.1,1,0,2,-1,2,0,0,0
1155,2026-07-29 13:50:00,4009.2,1,5,6,4,2,0,0,0
1155,2026-07-29 13:50:00,4009.6,0,0,1,0,1,0,0,0
1155,2026-07-29 13:50:00,4010.1,0,0,1,0,1,0,0,0
1156,2026-07-29 13:51:00,4007.2,2,0,2,-2,2,0,0,0
1156,2026-07-29 13:51:00,4007.3,3,0,3,-3,2,0,0,0
1156,2026-07-29 13:51:00,4007.4,1,0,1,-1,1,0,0,0
1156,2026-07-29 13:51:00,4007.8,1,0,1,-1,1,0,0,0
1156,2026-07-29 13:51:00,4007.9,0,1,1,1,1,0,0,0
1156,2026-07-29 13:51:00,4008.3,0,0,5,0,1,0,0,0
1156,2026-07-29 13:51:00,4008.4,1,0,2,-1,2,0,0,0
1156,2026-07-29 13:51:00,4008.6,0,1,1,1,1,0,0,0
1156,2026-07-29 13:51:00,4008.7,0,1,1,1,1,0,0,0
1156,2026-07-29 13:51:00,4009.0,7,0,7,-7,3,0,0,0
1156,2026-07-29 13:51:00,4009.3,1,0,2,-1,2,0,0,0
1157,2026-07-29 13:52:00,4004.8,1,0,1,-1,1,0,0,0
1157,2026-07-29 13:52:00,4004.9,1,4,5,3,2,0,0,0
1157,2026-07-29 13:52:00,4005.0,12,0,30,-12,13,0,0,0
1157,2026-07-29 13:52:00,4005.1,1,1,2,0,2,0,0,0
1157,2026-07-29 13:52:00,4005.2,0,1,1,1,1,0,0,0
1157,2026-07-29 13:52:00,4005.3,1,1,2,0,2,0,0,0
1157,2026-07-29 13:52:00,4005.5,0,2,2,2,2,0,0,0
1157,2026-07-29 13:52:00,4005.6,1,1,2,0,2,0,0,0
1157,2026-07-29 13:52:00,4005.7,1,0,1,-1,1,0,0,0
1157,2026-07-29 13:52:00,4005.8,0,1,1,1,1,0,0,0
1157,2026-07-29 13:52:00,4005.9,0,1,1,1,1,0,0,0
1157,2026-07-29 13:52:00,4006.0,4,2,6,-2,4,0,0,0
1157,2026-07-29 13:52:00,4006.4,9,0,9,-9,2,0,0,0
1157,2026-07-29 13:52:00,4006.5,7,0,7,-7,3,0,0,0
1157,2026-07-29 13:52:00,4006.6,2,0,2,-2,2,0,0,0
1157,2026-07-29 13:52:00,4006.7,1,0,1,-1,1,0,0,0
1157,2026-07-29 13:52:00,4007.0,6,0,6,-6,3,0,0,0
1157,2026-07-29 13:52:00,4008.2,5,0,5,-5,1,0,0,0
1157,2026-07-29 13:52:00,4008.4,0,1,1,1,1,0,0,0
1158,2026-07-29 13:53:00,4005.6,1,0,1,-1,1,0,0,0
1158,2026-07-29 13:53:00,4005.7,0,0,1,0,1,0,0,0
1158,2026-07-29 13:53:00,4005.9,0,3,4,3,4,0,0,0
1158,2026-07-29 13:53:00,4006.2,0,2,2,2,2,0,0,0
1158,2026-07-29 13:53:00,4006.3,1,5,6,4,5,0,0,0
1158,2026-07-29 13:53:00,4006.4,0,2,3,2,2,0,0,0
1158,2026-07-29 13:53:00,4006.5,2,0,2,-2,1,0,0,0
1158,2026-07-29 13:53:00,4006.6,2,0,2,-2,1,0,0,0
1158,2026-07-29 13:53:00,4006.7,0,3,3,3,2,0,0,0
1158,2026-07-29 13:53:00,4006.8,0,1,1,1,1,0,0,0
1158,2026-07-29 13:53:00,4006.9,0,3,3,3,1,0,0,0
1159,2026-07-29 13:54:00,4004.5,0,0,2,0,2,0,0,0
1159,2026-07-29 13:54:00,4004.6,0,1,1,1,1,0,0,0
1159,2026-07-29 13:54:00,4004.7,5,0,5,-5,2,0,0,0
1159,2026-07-29 13:54:00,4004.8,0,0,1,0,1,0,0,0
1159,2026-07-29 13:54:00,4004.9,1,0,2,-1,2,0,0,0
1159,2026-07-29 13:54:00,4005.0,1,0,1,-1,1,0,0,0
1159,2026-07-29 13:54:00,4005.1,1,0,1,-1,1,0,0,0
1159,2026-07-29 13:54:00,4005.3,0,1,1,1,1,0,0,0
1159,2026-07-29 13:54:00,4005.4,0,5,5,5,2,0,0,0
1159,2026-07-29 13:54:00,4005.5,1,0,1,-1,1,0,0,0
1159,2026-07-29 13:54:00,4005.7,0,1,1,1,1,0,0,0
1159,2026-07-29 13:54:00,4005.8,0,1,1,1,1,0,0,0
1159,2026-07-29 13:54:00,4005.9,0,5,5,5,3,0,0,0
1159,2026-07-29 13:54:00,4006.0,0,1,1,1,1,0,0,0
1159,2026-07-29 13:54:00,4006.5,0,0,1,0,1,0,0,0
1159,2026-07-29 13:54:00,4006.6,0,1,1,1,1,0,0,0
1159,2026-07-29 13:54:00,4006.7,0,3,3,3,1,0,0,0
1159,2026-07-29 13:54:00,4006.9,0,1,1,1,1,0,0,0
1159,2026-07-29 13:54:00,4007.0,0,1,1,1,1,0,0,0
1159,2026-07-29 13:54:00,4007.1,0,1,2,1,2,0,0,0
1160,2026-07-29 13:55:00,4004.3,0,1,1,1,1,0,0,0
1160,2026-07-29 13:55:00,4004.4,1,0,1,-1,1,0,0,0
1160,2026-07-29 13:55:00,4004.5,2,0,2,-2,2,0,0,0
1160,2026-07-29 13:55:00,4004.6,1,0,1,-1,1,0,0,0
1160,2026-07-29 13:55:00,4004.9,4,4,9,0,8,0,0,0
1160,2026-07-29 13:55:00,4005.0,3,0,3,-3,3,0,0,0
1160,2026-07-29 13:55:00,4005.1,1,2,3,1,2,0,0,0
1160,2026-07-29 13:55:00,4005.2,1,1,2,0,2,0,0,0
1160,2026-07-29 13:55:00,4005.7,0,0,1,0,1,0,0,0
1161,2026-07-29 13:56:00,4002.8,1,1,2,0,2,0,0,0
1161,2026-07-29 13:56:00,4003.0,6,1,7,-5,3,0,0,0
1161,2026-07-29 13:56:00,4003.1,0,0,1,0,1,0,0,0
1161,2026-07-29 13:56:00,4003.2,0,0,1,0,1,0,0,0
1161,2026-07-29 13:56:00,4003.3,0,1,1,1,1,0,0,0
1161,2026-07-29 13:56:00,4003.5,0,1,3,1,2,0,0,0
1161,2026-07-29 13:56:00,4003.6,0,1,1,1,1,0,0,0
1161,2026-07-29 13:56:00,4004.0,0,0,1,0,1,0,0,0
1161,2026-07-29 13:56:00,4004.1,0,0,1,0,1,0,0,0
1161,2026-07-29 13:56:00,4005.2,1,1,2,0,2,0,0,0
1161,2026-07-29 13:56:00,4005.3,0,3,3,3,1,0,0,0
1161,2026-07-29 13:56:00,4005.4,1,2,7,1,5,0,0,0
1162,2026-07-29 13:57:00,4001.7,0,1,1,1,1,0,0,0
1162,2026-07-29 13:57:00,4001.8,0,0,2,0,1,0,0,0
1162,2026-07-29 13:57:00,4001.9,1,0,1,-1,1,0,0,0
1162,2026-07-29 13:57:00,4002.0,1,6,11,5,3,0,0,0
1162,2026-07-29 13:57:00,4002.3,0,1,1,1,1,0,0,0
1162,2026-07-29 13:57:00,4002.5,0,1,1,1,1,0,0,0
1162,2026-07-29 13:57:00,4002.6,0,1,1,1,1,0,0,0
1162,2026-07-29 13:57:00,4002.7,0,1,1,1,1,0,0,0
1162,2026-07-29 13:57:00,4002.8,1,0,1,-1,1,0,0,0
1162,2026-07-29 13:57:00,4002.9,0,0,2,0,2,0,0,0
1162,2026-07-29 13:57:00,4003.0,0,1,2,1,2,0,0,0
1162,2026-07-29 13:57:00,4003.1,0,2,2,2,1,0,0,0
1162,2026-07-29 13:57:00,4003.2,1,0,1,-1,1,0,0,0
1162,2026-07-29 13:57:00,4003.3,0,1,1,1,1,0,0,0
1162,2026-07-29 13:57:00,4003.5,1,0,1,-1,1,0,0,0
1162,2026-07-29 13:57:00,4003.6,1,0,1,-1,1,0,0,0
1162,2026-07-29 13:57:00,4003.7,1,0,1,-1,1,0,0,0
1162,2026-07-29 13:57:00,4003.8,4,0,4,-4,2,0,0,0
1162,2026-07-29 13:57:00,4003.9,4,0,4,-4,3,0,0,0
1162,2026-07-29 13:57:00,4004.0,1,0,2,-1,2,0,0,0
1162,2026-07-29 13:57:00,4004.1,1,0,1,-1,1,0,0,0
1162,2026-07-29 13:57:00,4004.2,0,1,1,1,1,0,0,0
1163,2026-07-29 13:58:00,4000.6,0,0,2,0,2,0,0,0
1163,2026-07-29 13:58:00,4000.9,0,0,1,0,1,0,0,0
1163,2026-07-29 13:58:00,4001.0,11,0,23,-11,9,0,0,0
1163,2026-07-29 13:58:00,4001.1,0,2,6,2,6,0,0,0
1163,2026-07-29 13:58:00,4001.2,0,3,3,3,3,0,0,0
1163,2026-07-29 13:58:00,4001.5,0,1,1,1,1,0,0,0
1163,2026-07-29 13:58:00,4001.7,0,1,1,1,1,0,0,0
1163,2026-07-29 13:58:00,4001.8,0,1,1,1,1,0,0,0
1163,2026-07-29 13:58:00,4001.9,0,1,1,1,1,0,0,0
1163,2026-07-29 13:58:00,4002.1,0,0,1,0,1,0,0,0
1163,2026-07-29 13:58:00,4002.2,0,1,1,1,1,0,0,0
1163,2026-07-29 13:58:00,4002.3,0,1,2,1,2,0,0,0
1163,2026-07-29 13:58:00,4002.5,0,1,1,1,1,0,0,0
1163,2026-07-29 13:58:00,4002.7,1,0,1,-1,1,0,0,0
1163,2026-07-29 13:58:00,4002.8,2,1,4,-1,4,0,0,0
1163,2026-07-29 13:58:00,4002.9,1,2,3,1,3,0,0,0
1163,2026-07-29 13:58:00,4003.0,0,1,2,1,2,0,0,0
1163,2026-07-29 13:58:00,4003.1,0,9,10,9,6,0,0,0
1163,2026-07-29 13:58:00,4003.2,0,2,2,2,2,0,0,0
1163,2026-07-29 13:58:00,4003.3,0,3,3,3,1,0,0,0
1163,2026-07-29 13:58:00,4003.4,1,0,1,-1,1,0,0,0
1163,2026-07-29 13:58:00,4003.5,0,0,1,0,1,0,0,0
1163,2026-07-29 13:58:00,4004.4,0,2,2,2,2,0,0,0
1163,2026-07-29 13:58:00,4004.6,0,1,1,1,1,0,0,0
1164,2026-07-29 13:59:00,4003.3,2,0,2,-2,2,0,0,0
1164,2026-07-29 13:59:00,4003.4,1,1,5,0,4,0,0,0
1164,2026-07-29 13:59:00,4003.6,5,2,92,-3,8,0,0,0
1164,2026-07-29 13:59:00,4003.7,7,0,7,-7,2,0,0,0
1164,2026-07-29 13:59:00,4003.8,1,0,1,-1,1,0,0,0
1164,2026-07-29 13:59:00,4003.9,0,1,1,1,1,0,0,0
1164,2026-07-29 13:59:00,4004.2,0,4,4,4,2,0,0,0
1164,2026-07-29 13:59:00,4004.3,0,2,3,2,3,0,0,0
1164,2026-07-29 13:59:00,4004.6,0,1,1,1,1,0,0,0
1164,2026-07-29 13:59:00,4004.7,1,0,1,-1,1,0,0,0
1164,2026-07-29 13:59:00,4004.8,1,0,1,-1,1,0,0,0
1164,2026-07-29 13:59:00,4005.5,1,0,1,-1,1,0,0,0
1164,2026-07-29 13:59:00,4005.8,0,1,1,1,1,0,0,0
1165,2026-07-29 14:00:00,3999.1,8,0,8,-8,2,0,0,0
1165,2026-07-29 14:00:00,3999.2,1,0,1,-1,1,0,0,0
1165,2026-07-29 14:00:00,3999.3,1,0,1,-1,1,0,0,0
1165,2026-07-29 14:00:00,4000.0,0,0,10,0,3,0,0,0
1165,2026-07-29 14:00:00,4000.1,0,0,1,0,1,0,0,0
1165,2026-07-29 14:00:00,4000.6,1,0,1,-1,1,0,0,0
1165,2026-07-29 14:00:00,4000.7,0,1,1,1,1,0,0,0
1165,2026-07-29 14:00:00,4000.8,1,0,1,-1,1,0,0,0
1165,2026-07-29 14:00:00,4001.0,1,0,1,-1,1,0,0,0
1165,2026-07-29 14:00:00,4001.1,0,0,1,0,1,0,0,0
1165,2026-07-29 14:00:00,4002.1,0,1,1,1,1,0,0,0
1165,2026-07-29 14:00:00,4002.3,1,0,1,-1,1,0,0,0
1165,2026-07-29 14:00:00,4002.4,1,0,1,-1,1,0,0,0
1165,2026-07-29 14:00:00,4002.5,1,0,3,-1,3,0,0,0
1165,2026-07-29 14:00:00,4002.7,0,1,1,1,1,0,0,0
1165,2026-07-29 14:00:00,4002.8,0,0,1,0,1,0,0,0
1165,2026-07-29 14:00:00,4003.2,2,0,2,-2,2,0,0,0
1165,2026-07-29 14:00:00,4003.3,6,0,6,-6,2,0,0,0
1165,2026-07-29 14:00:00,4003.4,4,0,4,-4,3,0,0,0
1165,2026-07-29 14:00:00,4003.7,1,0,1,-1,1,0,0,0
1165,2026-07-29 14:00:00,4004.1,0,1,1,1,1,0,0,0
1165,2026-07-29 14:00:00,4004.8,3,0,3,-3,1,0,0,0
1165,2026-07-29 14:00:00,4004.9,1,0,1,-1,1,0,0,0
1165,2026-07-29 14:00:00,4005.3,0,1,1,1,1,0,0,0
1165,2026-07-29 14:00:00,4005.5,0,1,1,1,1,0,0,0
1165,2026-07-29 14:00:00,4005.7,0,0,1,0,1,0,0,0
1165,2026-07-29 14:00:00,4006.3,0,2,2,2,1,0,0,0
1165,2026-07-29 14:00:00,4006.4,0,1,1,1,1,0,0,0
1166,2026-07-29 14:01:00,4001.2,1,0,1,-1,1,0,0,0
1166,2026-07-29 14:01:00,4001.3,1,0,1,-1,1,0,0,0
1166,2026-07-29 14:01:00,4001.4,11,0,11,-11,2,0,0,0
1166,2026-07-29 14:01:00,4001.6,1,1,3,0,3,0,0,0
1166,2026-07-29 14:01:00,4001.7,1,1,2,0,2,0,0,0
1166,2026-07-29 14:01:00,4001.8,0,1,1,1,1,0,0,0
1166,2026-07-29 14:01:00,4001.9,0,5,5,5,5,0,0,0
1166,2026-07-29 14:01:00,4002.0,0,3,6,3,6,0,0,0
1166,2026-07-29 14:01:00,4002.1,0,1,1,1,1,0,0,0
1166,2026-07-29 14:01:00,4002.3,0,1,1,1,1,0,0,0
1166,2026-07-29 14:01:00,4002.4,0,1,1,1,1,0,0,0
1166,2026-07-29 14:01:00,4002.5,0,1,1,1,1,0,0,0
1166,2026-07-29 14:01:00,4002.7,0,4,4,4,1,0,0,0
1166,2026-07-29 14:01:00,4002.8,0,0,1,0,1,0,0,0
1166,2026-07-29 14:01:00,4002.9,0,1,1,1,1,0,0,0
1166,2026-07-29 14:01:00,4003.0,0,5,5,5,1,0,0,0
1167,2026-07-29 14:02:00,4001.2,1,2,3,1,2,0,0,0
1167,2026-07-29 14:02:00,4001.4,9,0,10,-9,2,0,0,0
1167,2026-07-29 14:02:00,4001.5,1,1,2,0,2,0,0,0
1167,2026-07-29 14:02:00,4001.6,0,1,1,1,1,0,0,0
1167,2026-07-29 14:02:00,4001.7,3,3,6,0,5,0,0,0
1167,2026-07-29 14:02:00,4001.8,0,1,1,1,1,0,0,0
1167,2026-07-29 14:02:00,4001.9,1,0,3,-1,3,0,0,0
1167,2026-07-29 14:02:00,4002.1,0,1,2,1,2,0,0,0
1167,2026-07-29 14:02:00,4002.2,0,0,1,0,1,0,0,0
1167,2026-07-29 14:02:00,4002.3,0,0,1,0,1,0,0,0
1168,2026-07-29 14:03:00,3999.7,0,1,1,1,1,0,0,0
1168,2026-07-29 14:03:00,3999.9,2,2,4,0,2,0,0,0
1168,2026-07-29 14:03:00,4000.0,2,3,5,1,3,0,0,0
1168,2026-07-29 14:03:00,4000.1,0,5,5,5,1,0,0,0
1168,2026-07-29 14:03:00,4000.2,0,4,4,4,1,0,0,0
1168,2026-07-29 14:03:00,4000.3,0,5,5,5,2,0,0,0
1168,2026-07-29 14:03:00,4000.4,2,7,9,5,3,0,0,0
1168,2026-07-29 14:03:00,4000.5,0,2,2,2,1,0,0,0
1168,2026-07-29 14:03:00,4000.6,1,4,5,3,2,0,0,0
1168,2026-07-29 14:03:00,4000.7,0,5,10,5,2,0,0,0
1168,2026-07-29 14:03:00,4000.8,0,4,4,4,1,0,0,0
1168,2026-07-29 14:03:00,4000.9,0,1,1,1,1,0,0,0
1168,2026-07-29 14:03:00,4001.0,0,1,1,1,1,0,0,0
1168,2026-07-29 14:03:00,4001.1,0,2,3,2,2,0,0,0
1168,2026-07-29 14:03:00,4001.2,0,1,2,1,2,0,0,0
1168,2026-07-29 14:03:00,4001.5,2,0,2,-2,2,0,0,0
1168,2026-07-29 14:03:00,4001.8,0,3,3,3,1,0,0,0
1168,2026-07-29 14:03:00,4002.3,0,1,1,1,1,0,0,0
1168,2026-07-29 14:03:00,4002.4,0,3,3,3,1,0,0,0
1168,2026-07-29 14:03:00,4002.5,0,3,3,3,1,0,0,0
1168,2026-07-29 14:03:00,4002.6,0,5,5,5,1,0,0,0
1169,2026-07-29 14:04:00,4002.1,0,0,1,0,1,0,0,0
1169,2026-07-29 14:04:00,4002.2,0,1,1,1,1,0,0,0
1169,2026-07-29 14:04:00,4002.6,11,0,11,-11,4,0,0,0
1169,2026-07-29 14:04:00,4002.9,1,1,2,0,2,0,0,0
1169,2026-07-29 14:04:00,4003.0,0,3,3,3,3,0,0,0
1169,2026-07-29 14:04:00,4003.1,0,1,1,1,1,0,0,0
1169,2026-07-29 14:04:00,4003.2,0,5,5,5,1,0,0,0
1169,2026-07-29 14:04:00,4003.6,0,0,3,0,3,0,0,0
1169,2026-07-29 14:04:00,4003.7,0,0,1,0,1,0,0,0
1169,2026-07-29 14:04:00,4003.9,1,9,11,8,5,0,0,0
1169,2026-07-29 14:04:00,4004.0,0,0,2,0,2,0,0,0
1169,2026-07-29 14:04:00,4004.1,2,0,2,-2,1,0,0,0
1170,2026-07-29 14:05:00,4003.7,1,0,1,-1,1,0,0,0
1170,2026-07-29 14:05:00,4004.0,1,0,1,-1,1,0,0,0
1170,2026-07-29 14:05:00,4004.2,0,0,1,0,1,0,0,0
1170,2026-07-29 14:05:00,4004.5,0,0,1,0,1,0,0,0
1171,2026-07-29 14:06:00,4002.1,1,0,1,-1,1,0,0,0
1171,2026-07-29 14:06:00,4002.2,5,0,5,-5,1,0,0,0
1171,2026-07-29 14:06:00,4002.3,2,0,2,-2,1,0,0,0
1171,2026-07-29 14:06:00,4002.4,5,0,5,-5,2,0,0,0
1171,2026-07-29 14:06:00,4002.5,4,0,4,-4,1,0,0,0
1171,2026-07-29 14:06:00,4002.6,2,0,2,-2,1,0,0,0
1171,2026-07-29 14:06:00,4002.7,5,0,5,-5,1,0,0,0
1171,2026-07-29 14:06:00,4002.8,2,0,2,-2,1,0,0,0
1171,2026-07-29 14:06:00,4002.9,1,0,1,-1,1,0,0,0
1171,2026-07-29 14:06:00,4003.0,1,1,3,0,3,0,0,0
1171,2026-07-29 14:06:00,4003.1,6,1,10,-5,5,0,0,0
1171,2026-07-29 14:06:00,4003.2,2,0,2,-2,2,0,0,0
1171,2026-07-29 14:06:00,4003.3,0,1,1,1,1,0,0,0
1171,2026-07-29 14:06:00,4003.7,2,0,2,-2,1,0,0,0
1171,2026-07-29 14:06:00,4004.1,3,0,3,-3,2,0,0,0
1171,2026-07-29 14:06:00,4004.6,1,0,1,-1,1,0,0,0
1172,2026-07-29 14:07:00,3999.0,0,0,1,0,1,0,0,0
1172,2026-07-29 14:07:00,3999.1,0,0,1,0,1,0,0,0
1172,2026-07-29 14:07:00,3999.2,0,0,1,0,1,0,0,0
1172,2026-07-29 14:07:00,3999.3,0,0,1,0,1,0,0,0
1172,2026-07-29 14:07:00,3999.4,0,1,2,1,2,0,0,0
1172,2026-07-29 14:07:00,3999.6,0,1,1,1,1,0,0,0
1172,2026-07-29 14:07:00,3999.8,1,0,1,-1,1,0,0,0
1172,2026-07-29 14:07:00,3999.9,2,0,2,-2,2,0,0,0
1172,2026-07-29 14:07:00,4000.0,1,0,1,-1,1,0,0,0
1172,2026-07-29 14:07:00,4000.3,2,0,2,-2,1,0,0,0
1172,2026-07-29 14:07:00,4000.5,2,0,2,-2,1,0,0,0
1172,2026-07-29 14:07:00,4000.6,0,1,1,1,1,0,0,0
1172,2026-07-29 14:07:00,4001.5,1,0,1,-1,1,0,0,0
1173,2026-07-29 14:08:00,3996.8,3,0,3,-3,1,0,0,0
1173,2026-07-29 14:08:00,3997.0,0,1,3,1,2,0,0,0
1173,2026-07-29 14:08:00,3997.1,0,1,1,1,1,0,0,0
1173,2026-07-29 14:08:00,3997.2,1,0,1,-1,1,0,0,0
1173,2026-07-29 14:08:00,3997.3,8,0,8,-8,3,0,0,0
1173,2026-07-29 14:08:00,3997.4,8,0,8,-8,1,0,0,0
1173,2026-07-29 14:08:00,3997.5,4,0,4,-4,1,0,0,0
1173,2026-07-29 14:08:00,3997.6,4,0,4,-4,1,0,0,0
1173,2026-07-29 14:08:00,3997.7,1,0,1,-1,1,0,0,0
1173,2026-07-29 14:08:00,3997.8,1,1,2,0,2,0,0,0
1173,2026-07-29 14:08:00,3998.0,0,0,1,0,1,0,0,0
1173,2026-07-29 14:08:00,3998.8,1,0,10,-1,3,0,0,0
1173,2026-07-29 14:08:00,3998.9,0,0,1,0,1,0,0,0
1173,2026-07-29 14:08:00,3999.0,0,23,24,23,2,0,0,0
1173,2026-07-29 14:08:00,3999.1,1,1,2,0,2,0,0,0
1173,2026-07-29 14:08:00,3999.4,0,1,1,1,1,0,0,0
1173,2026-07-29 14:08:00,3999.5,1,1,2,0,2,0,0,0
1173,2026-07-29 14:08:00,4000.0,0,0,1,0,1,0,0,0
1174,2026-07-29 14:09:00,3997.5,1,0,2,-1,2,0,0,0
1174,2026-07-29 14:09:00,3997.6,0,1,1,1,1,0,0,0
1174,2026-07-29 14:09:00,3997.9,0,1,1,1,1,0,0,0
1174,2026-07-29 14:09:00,3998.0,1,3,4,2,3,0,0,0
1174,2026-07-29 14:09:00,3998.1,0,1,1,1,1,0,0,0
1174,2026-07-29 14:09:00,3998.2,0,2,2,2,1,0,0,0
1174,2026-07-29 14:09:00,3998.3,3,2,16,-1,4,0,0,0
1174,2026-07-29 14:09:00,3998.4,0,2,4,2,3,0,0,0
1174,2026-07-29 14:09:00,3998.6,1,0,1,-1,1,0,0,0
1174,2026-07-29 14:09:00,3998.7,0,1,2,1,2,0,0,0
1174,2026-07-29 14:09:00,3998.8,0,2,2,2,1,0,0,0
1174,2026-07-29 14:09:00,3998.9,1,3,4,2,4,0,0,0
1174,2026-07-29 14:09:00,3999.1,0,4,10,4,4,0,0,0
1175,2026-07-29 14:10:00,3996.3,0,0,2,0,2,0,0,0
1175,2026-07-29 14:10:00,3996.6,0,1,1,1,1,0,0,0
1175,2026-07-29 14:10:00,3997.4,1,0,1,-1,1,0,0,0
1175,2026-07-29 14:10:00,3997.9,0,4,4,4,2,0,0,0
1175,2026-07-29 14:10:00,3998.0,0,1,1,1,1,0,0,0
1175,2026-07-29 14:10:00,3998.1,0,2,2,2,1,0,0,0
1175,2026-07-29 14:10:00,3998.2,0,2,2,2,1,0,0,0
1175,2026-07-29 14:10:00,3998.3,0,2,2,2,1,0,0,0
1175,2026-07-29 14:10:00,3998.4,0,1,1,1,1,0,0,0
1175,2026-07-29 14:10:00,3998.8,0,1,1,1,1,0,0,0
1176,2026-07-29 14:11:00,3997.5,1,0,1,-1,1,0,0,0
1176,2026-07-29 14:11:00,3997.7,0,1,1,1,1,0,0,0
1176,2026-07-29 14:11:00,3997.8,3,0,4,-3,4,0,0,0
1176,2026-07-29 14:11:00,3997.9,1,0,2,-1,2,0,0,0
1176,2026-07-29 14:11:00,3998.0,0,2,3,2,3,0,0,0
1176,2026-07-29 14:11:00,3998.1,0,3,4,3,4,0,0,0
1176,2026-07-29 14:11:00,3998.4,1,1,2,0,2,0,0,0
1176,2026-07-29 14:11:00,3998.8,1,0,1,-1,1,0,0,0
1176,2026-07-29 14:11:00,3998.9,0,2,2,2,2,0,0,0
1176,2026-07-29 14:11:00,3999.0,0,1,1,1,1,0,0,0
1176,2026-07-29 14:11:00,3999.1,0,1,1,1,1,0,0,0
1176,2026-07-29 14:11:00,3999.2,0,2,2,2,2,0,0,0
1177,2026-07-29 14:12:00,3995.8,1,5,6,4,2,0,0,0
1177,2026-07-29 14:12:00,3995.9,4,0,4,-4,1,0,0,0
1177,2026-07-29 14:12:00,3996.0,2,0,2,-2,2,0,0,0
1177,2026-07-29 14:12:00,3997.3,1,0,1,-1,1,0,0,0
1177,2026-07-29 14:12:00,3997.4,0,1,1,1,1,0,0,0
1177,2026-07-29 14:12:00,3997.5,1,2,3,1,3,0,0,0
1177,2026-07-29 14:12:00,3997.6,1,5,6,4,5,0,0,0
1177,2026-07-29 14:12:00,3997.7,1,2,5,1,5,0,0,0
1177,2026-07-29 14:12:00,3997.8,0,1,1,1,1,0,0,0
1177,2026-07-29 14:12:00,3997.9,1,6,7,5,4,0,0,0
1177,2026-07-29 14:12:00,3998.0,0,4,4,4,3,0,0,0
1177,2026-07-29 14:12:00,3998.1,1,5,6,4,4,0,0,0
1177,2026-07-29 14:12:00,3998.2,0,4,4,4,1,0,0,0
1178,2026-07-29 14:13:00,3993.8,2,0,2,-2,2,0,0,0
1178,2026-07-29 14:13:00,3994.0,0,1,1,1,1,0,0,0
1178,2026-07-29 14:13:00,3994.1,0,1,4,1,4,0,0,0
1178,2026-07-29 14:13:00,3994.2,0,2,2,2,1,0,0,0
1178,2026-07-29 14:13:00,3994.3,0,3,5,3,5,0,0,0
1178,2026-07-29 14:13:00,3994.5,2,1,3,-1,3,0,0,0
1178,2026-07-29 14:13:00,3994.6,2,0,2,-2,1,0,0,0
1178,2026-07-29 14:13:00,3994.7,0,1,1,1,1,0,0,0
1178,2026-07-29 14:13:00,3994.8,2,0,2,-2,1,0,0,0
1178,2026-07-29 14:13:00,3994.9,0,3,4,3,3,0,0,0
1178,2026-07-29 14:13:00,3995.0,0,15,30,15,6,0,0,0
1178,2026-07-29 14:13:00,3995.8,0,1,1,1,1,0,0,0
1179,2026-07-29 14:14:00,3995.0,1,0,1,-1,1,0,0,0
1179,2026-07-29 14:14:00,3995.1,2,0,2,-2,1,0,0,0
1179,2026-07-29 14:14:00,3995.2,3,0,3,-3,1,0,0,0
1179,2026-07-29 14:14:00,3995.3,1,0,1,-1,1,0,0,0
1179,2026-07-29 14:14:00,3995.8,0,1,1,1,1,0,0,0
1179,2026-07-29 14:14:00,3996.1,0,1,1,1,1,0,0,0
1180,2026-07-29 14:15:00,3997.7,0,0,1,0,1,0,0,0
1180,2026-07-29 14:15:00,3998.3,0,1,1,1,1,0,0,0
1180,2026-07-29 14:15:00,3998.4,0,1,1,1,1,0,0,0
1180,2026-07-29 14:15:00,3998.6,0,0,1,0,1,0,0,0
1180,2026-07-29 14:15:00,3998.8,1,1,2,0,2,0,0,0
1180,2026-07-29 14:15:00,3999.0,0,3,3,3,1,0,0,0
1180,2026-07-29 14:15:00,3999.3,1,0,1,-1,1,0,0,0
1180,2026-07-29 14:15:00,3999.5,0,0,1,0,1,0,0,0
1181,2026-07-29 14:16:00,3998.7,2,0,2,-2,1,0,0,0
1181,2026-07-29 14:16:00,3998.8,3,0,3,-3,1,0,0,0
1181,2026-07-29 14:16:00,3998.9,1,0,1,-1,1,0,0,0
1181,2026-07-29 14:16:00,3999.2,1,0,1,-1,1,0,0,0
1181,2026-07-29 14:16:00,3999.3,1,3,4,2,2,0,0,0
1181,2026-07-29 14:16:00,3999.4,0,1,1,1,1,0,0,0
1181,2026-07-29 14:16:00,3999.8,0,3,3,3,2,0,0,0
1181,2026-07-29 14:16:00,4000.0,1,0,1,-1,1,0,0,0
1181,2026-07-29 14:16:00,4000.1,0,8,26,8,6,0,0,0
1181,2026-07-29 14:16:00,4000.3,0,0,2,0,1,0,0,0
1181,2026-07-29 14:16:00,4000.5,0,3,3,3,2,0,0,0
1181,2026-07-29 14:16:00,4000.7,6,0,8,-6,4,0,0,0
1181,2026-07-29 14:16:00,4000.8,1,2,4,1,4,0,0,0
1181,2026-07-29 14:16:00,4001.0,1,0,1,-1,1,0,0,0
1181,2026-07-29 14:16:00,4001.1,0,5,5,5,3,0,0,0
1181,2026-07-29 14:16:00,4001.2,0,2,3,2,3,0,0,0
1181,2026-07-29 14:16:00,4001.3,0,1,1,1,1,0,0,0
1181,2026-07-29 14:16:00,4001.5,0,1,1,1,1,0,0,0
1182,2026-07-29 14:17:00,3999.9,3,0,3,-3,1,0,0,0
1182,2026-07-29 14:17:00,4000.0,4,0,4,-4,1,0,0,0
1182,2026-07-29 14:17:00,4000.1,3,0,3,-3,1,0,0,0
1182,2026-07-29 14:17:00,4000.2,3,0,3,-3,1,0,0,0
1182,2026-07-29 14:17:00,4000.3,1,0,1,-1,1,0,0,0
1182,2026-07-29 14:17:00,4000.4,2,0,2,-2,2,0,0,0
1182,2026-07-29 14:17:00,4000.5,1,0,1,-1,1,0,0,0
1182,2026-07-29 14:17:00,4000.6,2,3,5,1,3,0,0,0
1182,2026-07-29 14:17:00,4000.7,1,2,3,1,3,0,0,0
1182,2026-07-29 14:17:00,4000.8,0,6,18,6,10,0,0,0
1182,2026-07-29 14:17:00,4000.9,0,4,4,4,3,0,0,0
1182,2026-07-29 14:17:00,4001.0,0,16,20,16,6,0,0,0
1182,2026-07-29 14:17:00,4001.2,10,1,11,-9,3,0,0,0
1182,2026-07-29 14:17:00,4001.3,1,1,2,0,2,0,0,0
1183,2026-07-29 14:18:00,4000.4,1,0,1,-1,1,0,0,0
1183,2026-07-29 14:18:00,4000.5,0,1,3,1,2,0,0,0
1183,2026-07-29 14:18:00,4000.6,0,0,1,0,1,0,0,0
1183,2026-07-29 14:18:00,4001.7,0,0,1,0,1,0,0,0
1183,2026-07-29 14:18:00,4002.1,0,1,1,1,1,0,0,0
1183,2026-07-29 14:18:00,4002.5,1,0,1,-1,1,0,0,0
1183,2026-07-29 14:18:00,4002.7,0,0,3,0,3,0,0,0
1183,2026-07-29 14:18:00,4003.0,0,3,3,3,1,0,0,0
1183,2026-07-29 14:18:00,4003.3,0,3,3,3,3,0,0,0
1183,2026-07-29 14:18:00,4003.8,1,0,2,-1,2,0,0,0
1183,2026-07-29 14:18:00,4004.2,0,1,2,1,2,0,0,0
1183,2026-07-29 14:18:00,4004.3,0,2,2,2,1,0,0,0
1183,2026-07-29 14:18:00,4004.4,0,6,6,6,3,0,0,0
1183,2026-07-29 14:18:00,4004.5,0,3,3,3,1,0,0,0
1183,2026-07-29 14:18:00,4004.9,0,0,1,0,1,0,0,0
1183,2026-07-29 14:18:00,4005.0,0,1,1,1,1,0,0,0
1183,2026-07-29 14:18:00,4005.7,0,1,1,1,1,0,0,0
1183,2026-07-29 14:18:00,4006.1,0,1,1,1,1,0,0,0
1184,2026-07-29 14:19:00,4004.9,1,0,1,-1,1,0,0,0
1184,2026-07-29 14:19:00,4005.7,2,0,2,-2,2,0,0,0
1184,2026-07-29 14:19:00,4005.9,0,1,1,1,1,0,0,0
1184,2026-07-29 14:19:00,4006.3,1,0,1,-1,1,0,0,0
1184,2026-07-29 14:19:00,4006.5,10,0,10,-10,1,0,0,0
1185,2026-07-29 14:20:00,4004.7,1,0,1,-1,1,0,0,0
1185,2026-07-29 14:20:00,4005.2,6,0,6,-6,1,0,0,0
1185,2026-07-29 14:20:00,4005.3,3,0,3,-3,1,0,0,0
1185,2026-07-29 14:20:00,4005.4,1,1,2,0,2,0,0,0
1185,2026-07-29 14:20:00,4005.7,1,0,1,-1,1,0,0,0
1185,2026-07-29 14:20:00,4005.8,0,0,10,0,2,0,0,0
1185,2026-07-29 14:20:00,4005.9,0,1,1,1,1,0,0,0
1185,2026-07-29 14:20:00,4006.0,3,1,4,-2,3,0,0,0
1185,2026-07-29 14:20:00,4006.1,0,5,7,5,4,0,0,0
1185,2026-07-29 14:20:00,4006.2,3,1,4,-2,2,0,0,0
1185,2026-07-29 14:20:00,4006.4,1,0,1,-1,1,0,0,0
1186,2026-07-29 14:21:00,4005.1,4,0,4,-4,1,0,0,0
1186,2026-07-29 14:21:00,4005.2,7,0,7,-7,2,0,0,0
1186,2026-07-29 14:21:00,4005.4,3,0,4,-3,2,0,0,0
1186,2026-07-29 14:21:00,4005.6,3,0,3,-3,2,0,0,0
1186,2026-07-29 14:21:00,4005.7,1,0,1,-1,1,0,0,0
1186,2026-07-29 14:21:00,4005.8,1,1,2,0,2,0,0,0
1186,2026-07-29 14:21:00,4005.9,0,0,3,0,2,0,0,0
1186,2026-07-29 14:21:00,4006.0,0,1,1,1,1,0,0,0
1186,2026-07-29 14:21:00,4006.1,1,0,1,-1,1,0,0,0
1186,2026-07-29 14:21:00,4006.2,0,6,6,6,1,0,0,0
1186,2026-07-29 14:21:00,4006.3,0,1,2,1,2,0,0,0
1186,2026-07-29 14:21:00,4006.4,0,1,1,1,1,0,0,0
1187,2026-07-29 14:22:00,4005.4,0,0,2,0,2,0,0,0
1187,2026-07-29 14:22:00,4005.9,1,2,3,1,2,0,0,0
1187,2026-07-29 14:22:00,4006.0,0,0,1,0,1,0,0,0
1187,2026-07-29 14:22:00,4006.2,0,3,3,3,1,0,0,0
1187,2026-07-29 14:22:00,4006.3,0,1,2,1,2,0,0,0
1187,2026-07-29 14:22:00,4006.4,8,0,11,-8,4,0,0,0
1187,2026-07-29 14:22:00,4006.6,0,2,2,2,2,0,0,0
1187,2026-07-29 14:22:00,4006.7,0,3,3,3,3,0,0,0
1187,2026-07-29 14:22:00,4006.8,0,2,2,2,1,0,0,0
1187,2026-07-29 14:22:00,4007.0,0,1,1,1,1,0,0,0
1188,2026-07-29 14:23:00,4006.2,1,0,1,-1,1,0,0,0
1188,2026-07-29 14:23:00,4006.4,0,0,2,0,1,0,0,0
1188,2026-07-29 14:23:00,4006.5,0,1,2,1,2,0,0,0
1188,2026-07-29 14:23:00,4006.7,0,3,3,3,1,0,0,0
1188,2026-07-29 14:23:00,4006.8,1,2,3,1,2,0,0,0
1188,2026-07-29 14:23:00,4006.9,0,4,6,4,3,0,0,0
1188,2026-07-29 14:23:00,4007.0,0,3,3,3,1,0,0,0
1188,2026-07-29 14:23:00,4007.5,0,1,1,1,1,0,0,0
1188,2026-07-29 14:23:00,4007.7,0,3,3,3,1,0,0,0
1188,2026-07-29 14:23:00,4007.8,0,2,2,2,2,0,0,0
1189,2026-07-29 14:24:00,4006.3,0,1,1,1,1,0,0,0
1189,2026-07-29 14:24:00,4006.6,0,3,3,3,1,0,0,0
1189,2026-07-29 14:24:00,4007.0,2,2,4,0,3,0,0,0
1189,2026-07-29 14:24:00,4007.1,0,1,1,1,1,0,0,0
1189,2026-07-29 14:24:00,4007.2,0,0,1,0,1,0,0,0
1189,2026-07-29 14:24:00,4007.3,0,1,1,1,1,0,0,0
1189,2026-07-29 14:24:00,4007.4,0,1,1,1,1,0,0,0
1189,2026-07-29 14:24:00,4007.6,0,0,1,0,1,0,0,0
1189,2026-07-29 14:24:00,4007.7,0,1,1,1,1,0,0,0
1189,2026-07-29 14:24:00,4007.8,0,1,1,1,1,0,0,0
1189,2026-07-29 14:24:00,4007.9,0,1,1,1,1,0,0,0
1189,2026-07-29 14:24:00,4008.0,0,1,1,1,1,0,0,0
1189,2026-07-29 14:24:00,4008.1,0,2,2,2,1,0,0,0
1190,2026-07-29 14:25:00,4006.3,0,0,2,0,2,0,0,0
1190,2026-07-29 14:25:00,4006.4,2,1,3,-1,2,0,0,0
1190,2026-07-29 14:25:00,4006.5,0,1,1,1,1,0,0,0
1190,2026-07-29 14:25:00,4006.6,0,1,1,1,1,0,0,0
1190,2026-07-29 14:25:00,4006.7,0,3,3,3,3,0,0,0
1190,2026-07-29 14:25:00,4006.8,0,2,2,2,1,0,0,0
1190,2026-07-29 14:25:00,4006.9,1,2,7,1,4,0,0,0
1190,2026-07-29 14:25:00,4007.0,0,2,2,2,1,0,0,0
1190,2026-07-29 14:25:00,4007.1,0,1,1,1,1,0,0,0
1191,2026-07-29 14:26:00,4003.7,1,0,1,-1,1,0,0,0
1191,2026-07-29 14:26:00,4003.8,1,0,1,-1,1,0,0,0
1191,2026-07-29 14:26:00,4004.1,1,0,1,-1,1,0,0,0
1191,2026-07-29 14:26:00,4004.5,0,1,1,1,1,0,0,0
1191,2026-07-29 14:26:00,4004.6,1,2,3,1,2,0,0,0
1191,2026-07-29 14:26:00,4004.8,0,0,3,0,3,0,0,0
1191,2026-07-29 14:26:00,4005.0,0,0,1,0,1,0,0,0
1191,2026-07-29 14:26:00,4005.1,1,2,3,1,3,0,0,0
1191,2026-07-29 14:26:00,4005.7,0,2,2,2,1,0,0,0
1192,2026-07-29 14:27:00,4001.5,1,0,1,-1,1,0,0,0
1192,2026-07-29 14:27:00,4001.6,1,0,1,-1,1,0,0,0
1192,2026-07-29 14:27:00,4001.7,1,0,1,-1,1,0,0,0
1192,2026-07-29 14:27:00,4001.8,3,2,6,-1,5,0,0,0
1192,2026-07-29 14:27:00,4001.9,2,0,2,-2,2,0,0,0
1192,2026-07-29 14:27:00,4002.0,5,1,6,-4,4,0,0,0
1192,2026-07-29 14:27:00,4002.2,3,1,4,-2,3,0,0,0
1192,2026-07-29 14:27:00,4002.3,2,0,2,-2,2,0,0,0
1192,2026-07-29 14:27:00,4002.8,0,1,1,1,1,0,0,0
1192,2026-07-29 14:27:00,4003.1,0,4,4,4,3,0,0,0
1192,2026-07-29 14:27:00,4003.2,1,3,4,2,2,0,0,0
1192,2026-07-29 14:27:00,4003.3,2,0,2,-2,1,0,0,0
1192,2026-07-29 14:27:00,4003.4,1,2,4,1,4,0,0,0
1192,2026-07-29 14:27:00,4004.1,0,1,1,1,1,0,0,0
1193,2026-07-29 14:28:00,4001.7,3,0,3,-3,2,0,0,0
1193,2026-07-29 14:28:00,4001.8,3,0,3,-3,3,0,0,0
1193,2026-07-29 14:28:00,4002.1,0,1,1,1,1,0,0,0
1193,2026-07-29 14:28:00,4002.3,0,0,1,0,1,0,0,0
1193,2026-07-29 14:28:00,4002.5,0,0,1,0,1,0,0,0
1193,2026-07-29 14:28:00,4002.9,0,1,1,1,1,0,0,0
1193,2026-07-29 14:28:00,4003.0,2,0,3,-2,3,0,0,0
1193,2026-07-29 14:28:00,4003.2,0,0,1,0,1,0,0,0
1194,2026-07-29 14:29:00,4004.0,6,4,10,-2,8,0,0,0
1194,2026-07-29 14:29:00,4004.1,0,1,1,1,1,0,0,0
1194,2026-07-29 14:29:00,4004.4,0,3,4,3,2,0,0,0
1194,2026-07-29 14:29:00,4004.6,1,0,2,-1,2,0,0,0
1194,2026-07-29 14:29:00,4004.9,1,0,1,-1,1,0,0,0
1194,2026-07-29 14:29:00,4005.1,0,1,1,1,1,0,0,0
1194,2026-07-29 14:29:00,4005.2,0,2,2,2,1,0,0,0
1194,2026-07-29 14:29:00,4005.3,0,1,1,1,1,0,0,0
1195,2026-07-29 14:30:00,4002.5,0,1,2,1,2,0,0,0
1195,2026-07-29 14:30:00,4002.9,4,0,4,-4,2,0,0,0
1195,2026-07-29 14:30:00,4003.0,2,1,3,-1,3,0,0,0
1195,2026-07-29 14:30:00,4004.4,0,1,1,1,1,0,0,0
1196,2026-07-29 14:31:00,4004.9,2,0,2,-2,1,0,0,0
1196,2026-07-29 14:31:00,4005.0,2,0,2,-2,2,0,0,0
1196,2026-07-29 14:31:00,4005.1,2,4,6,2,6,0,0,0
1196,2026-07-29 14:31:00,4005.2,1,2,3,1,3,0,0,0
1196,2026-07-29 14:31:00,4005.3,1,1,2,0,2,0,0,0
1196,2026-07-29 14:31:00,4005.4,0,1,1,1,1,0,0,0
1196,2026-07-29 14:31:00,4006.3,0,1,1,1,1,0,0,0
1197,2026-07-29 14:32:00,4005.2,0,1,1,1,1,0,0,0
1197,2026-07-29 14:32:00,4005.4,0,1,1,1,1,0,0,0
1197,2026-07-29 14:32:00,4005.5,0,0,1,0,1,0,0,0
1198,2026-07-29 14:33:00,4005.4,0,1,2,1,2,0,0,0
1198,2026-07-29 14:33:00,4006.6,0,2,2,2,1,0,0,0
1198,2026-07-29 14:33:00,4007.0,0,6,6,6,5,0,0,0
1198,2026-07-29 14:33:00,4007.2,0,1,1,1,1,0,0,0
1199,2026-07-29 14:34:00,4005.7,2,0,2,-2,2,0,0,0
1199,2026-07-29 14:34:00,4006.0,1,0,1,-1,1,0,0,0
1199,2026-07-29 14:34:00,4006.5,0,1,1,1,1,0,0,0
1199,2026-07-29 14:34:00,4006.6,2,0,2,-2,2,0,0,0
1199,2026-07-29 14:34:00,4006.8,1,0,1,-1,1,0,0,0
1199,2026-07-29 14:34:00,4006.9,0,3,3,3,2,0,0,0
1199,2026-07-29 14:34:00,4007.0,1,15,16,14,12,0,0,0
1199,2026-07-29 14:34:00,4007.1,0,2,2,2,1,0,0,0
1199,2026-07-29 14:34:00,4007.2,0,2,2,2,1,0,0,0
1199,2026-07-29 14:34:00,4007.4,0,1,1,1,1,0,0,0
1200,2026-07-29 14:35:00,4003.8,1,0,1,-1,1,0,0,0
1200,2026-07-29 14:35:00,4003.9,1,0,1,-1,1,0,0,0
1200,2026-07-29 14:35:00,4004.4,1,1,2,0,2,0,0,0
1200,2026-07-29 14:35:00,4004.6,0,1,1,1,1,0,0,0
1200,2026-07-29 14:35:00,4004.8,0,0,1,0,1,0,0,0
1200,2026-07-29 14:35:00,4004.9,0,1,1,1,1,0,0,0
1200,2026-07-29 14:35:00,4005.0,0,1,1,1,1,0,0,0
1200,2026-07-29 14:35:00,4005.3,1,0,1,-1,1,0,0,0
1200,2026-07-29 14:35:00,4005.6,1,0,1,-1,1,0,0,0
1200,2026-07-29 14:35:00,4005.9,0,0,1,0,1,0,0,0
1200,2026-07-29 14:35:00,4006.1,0,5,5,5,1,0,0,0
1201,2026-07-29 14:36:00,4004.2,3,1,5,-2,3,0,0,0
1201,2026-07-29 14:36:00,4004.3,0,0,2,0,2,0,0,0
1201,2026-07-29 14:36:00,4004.6,0,0,1,0,1,0,0,0
1201,2026-07-29 14:36:00,4004.7,1,0,1,-1,1,0,0,0
1202,2026-07-29 14:37:00,4004.3,0,0,1,0,1,0,0,0
1202,2026-07-29 14:37:00,4004.5,0,0,1,0,1,0,0,0
1203,2026-07-29 14:38:00,4003.8,1,0,1,-1,1,0,0,0
1203,2026-07-29 14:38:00,4004.2,0,1,1,1,1,0,0,0
1204,2026-07-29 14:39:00,4001.2,2,0,2,-2,1,0,0,0
1204,2026-07-29 14:39:00,4001.5,1,0,2,-1,2,0,0,0
1204,2026-07-29 14:39:00,4001.7,0,4,4,4,4,0,0,0
1204,2026-07-29 14:39:00,4001.8,0,2,2,2,2,0,0,0
1204,2026-07-29 14:39:00,4001.9,0,7,7,7,7,0,0,0
1204,2026-07-29 14:39:00,4003.1,0,1,1,1,1,0,0,0
1204,2026-07-29 14:39:00,4003.2,1,0,1,-1,1,0,0,0
1204,2026-07-29 14:39:00,4003.3,0,2,2,2,1,0,0,0
1204,2026-07-29 14:39:00,4003.4,0,2,2,2,2,0,0,0
1204,2026-07-29 14:39:00,4003.5,0,4,4,4,2,0,0,0
1204,2026-07-29 14:39:00,4003.6,0,7,7,7,1,0,0,0
1204,2026-07-29 14:39:00,4003.7,0,11,13,11,3,0,0,0
1204,2026-07-29 14:39:00,4003.8,0,6,6,6,4,0,0,0
1204,2026-07-29 14:39:00,4003.9,0,10,10,10,5,0,0,0
1204,2026-07-29 14:39:00,4004.0,0,2,2,2,2,0,0,0
1205,2026-07-29 14:40:00,4001.7,2,0,2,-2,1,0,0,0
1205,2026-07-29 14:40:00,4001.8,3,0,3,-3,2,0,0,0
1205,2026-07-29 14:40:00,4001.9,3,0,3,-3,2,0,0,0
1205,2026-07-29 14:40:00,4002.1,1,0,1,-1,1,0,0,0
1205,2026-07-29 14:40:00,4002.2,1,0,2,-1,2,0,0,0
1205,2026-07-29 14:40:00,4002.3,5,0,5,-5,2,0,0,0
1205,2026-07-29 14:40:00,4002.4,1,1,3,0,3,0,0,0
1205,2026-07-29 14:40:00,4002.6,0,0,1,0,1,0,0,0
1205,2026-07-29 14:40:00,4002.7,3,0,5,-3,4,0,0,0
1205,2026-07-29 14:40:00,4002.9,0,2,2,2,1,0,0,0
1206,2026-07-29 14:41:00,4002.8,0,1,1,1,1,0,0,0
1206,2026-07-29 14:41:00,4003.1,0,2,2,2,1,0,0,0
1206,2026-07-29 14:41:00,4004.0,1,0,1,-1,1,0,0,0
1206,2026-07-29 14:41:00,4004.6,0,1,1,1,1,0,0,0
1207,2026-07-29 14:42:00,4001.5,0,0,4,0,3,0,0,0
1207,2026-07-29 14:42:00,4001.7,0,1,1,1,1,0,0,0
1207,2026-07-29 14:42:00,4001.8,0,1,1,1,1,0,0,0
1207,2026-07-29 14:42:00,4002.1,0,0,1,0,1,0,0,0
1207,2026-07-29 14:42:00,4002.2,2,0,2,-2,1,0,0,0
1207,2026-07-29 14:42:00,4002.4,0,2,5,2,2,0,0,0
1207,2026-07-29 14:42:00,4002.6,1,0,1,-1,1,0,0,0
1207,2026-07-29 14:42:00,4003.1,1,0,1,-1,1,0,0,0
1208,2026-07-29 14:43:00,3996.7,0,1,1,1,1,0,0,0
1208,2026-07-29 14:43:00,3997.2,1,3,4,2,4,0,0,0
1208,2026-07-29 14:43:00,3997.4,1,2,3,1,2,0,0,0
1208,2026-07-29 14:43:00,3997.5,0,1,1,1,1,0,0,0
1208,2026-07-29 14:43:00,3997.6,0,2,2,2,1,0,0,0
1208,2026-07-29 14:43:00,3997.7,2,0,2,-2,1,0,0,0
1208,2026-07-29 14:43:00,3998.0,0,0,1,0,1,0,0,0
1208,2026-07-29 14:43:00,3998.8,0,2,2,2,1,0,0,0
1208,2026-07-29 14:43:00,3999.4,1,0,1,-1,1,0,0,0
1208,2026-07-29 14:43:00,3999.5,2,0,2,-2,1,0,0,0
1208,2026-07-29 14:43:00,3999.8,2,1,3,-1,2,0,0,0
1208,2026-07-29 14:43:00,3999.9,5,0,6,-5,3,0,0,0
1208,2026-07-29 14:43:00,4000.0,3,0,3,-3,1,0,0,0
1208,2026-07-29 14:43:00,4000.2,0,0,1,0,1,0,0,0
1208,2026-07-29 14:43:00,4000.4,1,0,1,-1,1,0,0,0
1208,2026-07-29 14:43:00,4000.7,1,0,1,-1,1,0,0,0
1208,2026-07-29 14:43:00,4001.0,2,0,10,-2,8,0,0,0
1208,2026-07-29 14:43:00,4001.2,0,1,1,1,1,0,0,0
1209,2026-07-29 14:44:00,3997.2,10,0,10,-10,1,0,0,0
1209,2026-07-29 14:44:00,3997.6,2,0,2,-2,1,0,0,0
1209,2026-07-29 14:44:00,3997.7,3,1,4,-2,2,0,0,0
1209,2026-07-29 14:44:00,3997.8,0,0,1,0,1,0,0,0
1209,2026-07-29 14:44:00,3998.1,0,2,2,2,1,0,0,0
1209,2026-07-29 14:44:00,3998.5,0,1,1,1,1,0,0,0
1209,2026-07-29 14:44:00,3998.6,0,2,2,2,1,0,0,0
1209,2026-07-29 14:44:00,3998.7,0,3,3,3,1,0,0,0
1210,2026-07-29 14:45:00,3998.2,0,1,1,1,1,0,0,0
1210,2026-07-29 14:45:00,3998.9,0,1,1,1,1,0,0,0
1210,2026-07-29 14:45:00,3999.1,0,0,1,0,1,0,0,0
1211,2026-07-29 14:46:00,3996.1,2,0,2,-2,1,0,0,0
1211,2026-07-29 14:46:00,3996.2,0,12,12,12,1,0,0,0
1211,2026-07-29 14:46:00,3996.7,2,0,3,-2,2,0,0,0
1211,2026-07-29 14:46:00,3997.0,0,1,2,1,2,0,0,0
1211,2026-07-29 14:46:00,3997.4,0,1,1,1,1,0,0,0
1211,2026-07-29 14:46:00,3997.6,0,1,1,1,1,0,0,0
1212,2026-07-29 14:47:00,3998.9,1,0,1,-1,1,0,0,0
1212,2026-07-29 14:47:00,3999.5,3,0,3,-3,2,0,0,0
1212,2026-07-29 14:47:00,3999.6,3,0,3,-3,3,0,0,0
1212,2026-07-29 14:47:00,3999.7,1,0,1,-1,1,0,0,0
1212,2026-07-29 14:47:00,3999.8,2,0,2,-2,1,0,0,0
1212,2026-07-29 14:47:00,3999.9,1,1,2,0,2,0,0,0
1212,2026-07-29 14:47:00,4000.0,5,1,6,-4,3,0,0,0
1212,2026-07-29 14:47:00,4000.1,2,0,2,-2,1,0,0,0
1212,2026-07-29 14:47:00,4000.2,3,0,3,-3,1,0,0,0
1213,2026-07-29 14:48:00,3996.1,5,0,5,-5,2,0,0,0
1213,2026-07-29 14:48:00,3996.2,1,0,1,-1,1,0,0,0
1213,2026-07-29 14:48:00,3996.6,0,0,3,0,1,0,0,0
1213,2026-07-29 14:48:00,3997.4,1,0,1,-1,1,0,0,0
1213,2026-07-29 14:48:00,3998.0,8,0,8,-8,3,0,0,0
1213,2026-07-29 14:48:00,3998.1,1,0,1,-1,1,0,0,0
1213,2026-07-29 14:48:00,3998.5,0,0,1,0,1,0,0,0
1213,2026-07-29 14:48:00,3999.0,1,0,1,-1,1,0,0,0
1213,2026-07-29 14:48:00,3999.2,1,0,1,-1,1,0,0,0
1213,2026-07-29 14:48:00,3999.8,1,0,1,-1,1,0,0,0
1213,2026-07-29 14:48:00,3999.9,0,0,1,0,1,0,0,0
1213,2026-07-29 14:48:00,4000.1,0,1,1,1,1,0,0,0
1214,2026-07-29 14:49:00,3997.2,2,0,2,-2,1,0,0,0
1214,2026-07-29 14:49:00,3997.3,2,0,2,-2,1,0,0,0
1214,2026-07-29 14:49:00,3997.4,2,0,2,-2,1,0,0,0
1214,2026-07-29 14:49:00,3997.7,1,0,1,-1,1,0,0,0
1214,2026-07-29 14:49:00,3997.9,0,0,1,0,1,0,0,0
1214,2026-07-29 14:49:00,3998.0,1,0,1,-1,1,0,0,0
1214,2026-07-29 14:49:00,3998.5,0,1,1,1,1,0,0,0
1214,2026-07-29 14:49:00,3999.2,0,1,1,1,1,0,0,0
1215,2026-07-29 14:50:00,3998.7,2,0,2,-2,2,0,0,0
1215,2026-07-29 14:50:00,3998.8,1,1,3,0,3,0,0,0
1215,2026-07-29 14:50:00,3998.9,2,1,4,-1,4,0,0,0
1215,2026-07-29 14:50:00,3999.8,1,0,1,-1,1,0,0,0
1215,2026-07-29 14:50:00,4000.0,0,1,1,1,1,0,0,0
1215,2026-07-29 14:50:00,4000.1,0,2,2,2,1,0,0,0
1215,2026-07-29 14:50:00,4000.3,0,0,1,0,1,0,0,0
1215,2026-07-29 14:50:00,4000.4,0,1,1,1,1,0,0,0
1215,2026-07-29 14:50:00,4000.5,2,0,2,-2,2,0,0,0
1216,2026-07-29 14:51:00,3999.7,1,0,1,-1,1,0,0,0
1216,2026-07-29 14:51:00,3999.8,0,1,1,1,1,0,0,0
1216,2026-07-29 14:51:00,3999.9,1,3,4,2,2,0,0,0
1216,2026-07-29 14:51:00,4000.0,0,1,1,1,1,0,0,0
1216,2026-07-29 14:51:00,4000.1,1,2,5,1,5,0,0,0
1216,2026-07-29 14:51:00,4000.2,1,3,4,2,2,0,0,0
1217,2026-07-29 14:52:00,3999.3,1,0,1,-1,1,0,0,0
1217,2026-07-29 14:52:00,3999.8,0,1,1,1,1,0,0,0
1217,2026-07-29 14:52:00,4000.5,0,0,1,0,1,0,0,0
1217,2026-07-29 14:52:00,4000.6,0,1,1,1,1,0,0,0
1217,2026-07-29 14:52:00,4001.1,0,1,1,1,1,0,0,0
1217,2026-07-29 14:52:00,4001.3,0,2,2,2,2,0,0,0
1218,2026-07-29 14:53:00,4001.3,1,0,1,-1,1,0,0,0
1218,2026-07-29 14:53:00,4002.3,0,3,3,3,3,0,0,0
1218,2026-07-29 14:53:00,4002.7,0,2,2,2,1,0,0,0
1218,2026-07-29 14:53:00,4002.8,0,0,1,0,1,0,0,0
1218,2026-07-29 14:53:00,4002.9,0,1,1,1,1,0,0,0
1218,2026-07-29 14:53:00,4003.0,0,1,1,1,1,0,0,0
1219,2026-07-29 14:54:00,4002.7,0,1,1,1,1,0,0,0
1219,2026-07-29 14:54:00,4002.9,1,0,1,-1,1,0,0,0
1219,2026-07-29 14:54:00,4003.0,2,0,2,-2,2,0,0,0
1220,2026-07-29 14:55:00,4002.4,1,0,5,-1,2,0,0,0
1221,2026-07-29 14:56:00,4002.2,0,2,2,2,2,0,0,0
1221,2026-07-29 14:56:00,4002.3,0,1,1,1,1,0,0,0
1221,2026-07-29 14:56:00,4002.4,0,1,1,1,1,0,0,0
1221,2026-07-29 14:56:00,4002.6,0,1,1,1,1,0,0,0
1222,2026-07-29 14:57:00,4000.4,1,0,1,-1,1,0,0,0
1222,2026-07-29 14:57:00,4000.5,3,0,3,-3,1,0,0,0
1222,2026-07-29 14:57:00,4000.6,4,0,4,-4,1,0,0,0
1222,2026-07-29 14:57:00,4000.7,4,0,4,-4,1,0,0,0
1222,2026-07-29 14:57:00,4000.8,2,0,2,-2,1,0,0,0
1222,2026-07-29 14:57:00,4000.9,6,0,6,-6,1,0,0,0
1222,2026-07-29 14:57:00,4001.0,4,0,4,-4,1,0,0,0
1222,2026-07-29 14:57:00,4001.1,3,0,3,-3,1,0,0,0
1222,2026-07-29 14:57:00,4001.2,3,0,3,-3,1,0,0,0
1222,2026-07-29 14:57:00,4001.7,1,0,1,-1,1,0,0,0
1222,2026-07-29 14:57:00,4001.8,1,0,1,-1,1,0,0,0
1222,2026-07-29 14:57:00,4002.0,2,0,2,-2,1,0,0,0
1222,2026-07-29 14:57:00,4002.3,5,0,10,-5,3,0,0,0
1222,2026-07-29 14:57:00,4003.0,0,0,1,0,1,0,0,0
1222,2026-07-29 14:57:00,4003.2,0,0,1,0,1,0,0,0
1222,2026-07-29 14:57:00,4003.4,0,1,2,1,2,0,0,0
1222,2026-07-29 14:57:00,4003.5,0,2,2,2,1,0,0,0
1223,2026-07-29 14:58:00,4001.1,0,1,1,1,1,0,0,0
1223,2026-07-29 14:58:00,4001.5,0,2,2,2,2,0,0,0
1223,2026-07-29 14:58:00,4001.6,1,3,4,2,4,0,0,0
1223,2026-07-29 14:58:00,4001.8,0,3,3,3,3,0,0,0
1223,2026-07-29 14:58:00,4001.9,0,1,1,1,1,0,0,0
1224,2026-07-29 14:59:00,4002.2,1,0,1,-1,1,0,0,0
1224,2026-07-29 14:59:00,4003.2,1,0,1,-1,1,0,0,0
1224,2026-07-29 14:59:00,4003.5,0,3,3,3,1,0,0,0
1224,2026-07-29 14:59:00,4003.6,0,2,2,2,1,0,0,0
1225,2026-07-29 15:00:00,4001.7,0,3,4,3,2,0,0,0
1225,2026-07-29 15:00:00,4003.2,0,3,3,3,2,0,0,0
1225,2026-07-29 15:00:00,4003.3,0,0,3,0,1,0,0,0
1225,2026-07-29 15:00:00,4003.6,0,1,1,1,1,0,0,0
1226,2026-07-29 15:01:00,4002.1,0,3,3,3,1,0,0,0
1226,2026-07-29 15:01:00,4002.3,0,1,1,1,1,0,0,0
1226,2026-07-29 15:01:00,4003.8,0,0,1,0,1,0,0,0
1226,2026-07-29 15:01:00,4004.0,0,2,2,2,2,0,0,0
1226,2026-07-29 15:01:00,4004.1,0,0,1,0,1,0,0,0
1226,2026-07-29 15:01:00,4004.2,0,0,1,0,1,0,0,0
1226,2026-07-29 15:01:00,4004.3,0,1,1,1,1,0,0,0
1226,2026-07-29 15:01:00,4004.4,0,1,1,1,1,0,0,0
1226,2026-07-29 15:01:00,4004.6,0,1,1,1,1,0,0,0
1226,2026-07-29 15:01:00,4005.1,1,0,1,-1,1,0,0,0
1226,2026-07-29 15:01:00,4005.3,2,0,2,-2,1,0,0,0
1227,2026-07-29 15:02:00,4004.8,0,1,1,1,1,0,0,0
1227,2026-07-29 15:02:00,4004.9,0,1,1,1,1,0,0,0
1227,2026-07-29 15:02:00,4005.0,0,1,1,1,1,0,0,0
1227,2026-07-29 15:02:00,4005.1,0,1,1,1,1,0,0,0
1227,2026-07-29 15:02:00,4005.4,0,4,4,4,4,0,0,0
1227,2026-07-29 15:02:00,4005.6,0,2,2,2,2,0,0,0
1227,2026-07-29 15:02:00,4005.8,0,1,1,1,1,0,0,0
1228,2026-07-29 15:03:00,4004.2,0,1,1,1,1,0,0,0
1228,2026-07-29 15:03:00,4006.0,0,5,5,5,1,0,0,0
1228,2026-07-29 15:03:00,4006.1,0,1,1,1,1,0,0,0
1228,2026-07-29 15:03:00,4006.2,1,0,1,-1,1,0,0,0
1228,2026-07-29 15:03:00,4006.4,0,2,2,2,2,0,0,0
1228,2026-07-29 15:03:00,4006.5,0,1,1,1,1,0,0,0
1228,2026-07-29 15:03:00,4006.6,1,1,2,0,2,0,0,0
1228,2026-07-29 15:03:00,4007.0,0,0,1,0,1,0,0,0
1229,2026-07-29 15:04:00,4006.2,4,0,4,-4,2,0,0,0
1229,2026-07-29 15:04:00,4006.3,0,0,1,0,1,0,0,0
1229,2026-07-29 15:04:00,4006.5,0,3,3,3,2,0,0,0
1229,2026-07-29 15:04:00,4006.6,0,2,2,2,2,0,0,0
1230,2026-07-29 15:05:00,4006.3,1,1,3,0,3,0,0,0
1230,2026-07-29 15:05:00,4006.4,1,0,1,-1,1,0,0,0
1230,2026-07-29 15:05:00,4006.6,0,1,1,1,1,0,0,0
1230,2026-07-29 15:05:00,4007.0,0,1,1,1,1,0,0,0
1231,2026-07-29 15:06:00,4004.3,5,0,5,-5,1,0,0,0
1231,2026-07-29 15:06:00,4004.4,4,0,4,-4,1,0,0,0
1231,2026-07-29 15:06:00,4004.5,3,0,3,-3,1,0,0,0
1231,2026-07-29 15:06:00,4004.6,4,0,4,-4,1,0,0,0
1231,2026-07-29 15:06:00,4004.7,3,0,3,-3,1,0,0,0
1231,2026-07-29 15:06:00,4004.8,1,0,1,-1,1,0,0,0
1231,2026-07-29 15:06:00,4004.9,6,0,6,-6,2,0,0,0
1231,2026-07-29 15:06:00,4005.0,1,0,1,-1,1,0,0,0
1231,2026-07-29 15:06:00,4006.3,1,0,1,-1,1,0,0,0
1231,2026-07-29 15:06:00,4006.6,1,0,1,-1,1,0,0,0
1231,2026-07-29 15:06:00,4006.7,0,0,1,0,1,0,0,0
1231,2026-07-29 15:06:00,4006.8,0,1,1,1,1,0,0,0
1231,2026-07-29 15:06:00,4006.9,0,2,2,2,2,0,0,0
1232,2026-07-29 15:07:00,4005.2,0,1,1,1,1,0,0,0
1233,2026-07-29 15:08:00,4005.7,1,0,1,-1,1,0,0,0
1233,2026-07-29 15:08:00,4006.6,0,1,1,1,1,0,0,0
1234,2026-07-29 15:09:00,4006.7,0,1,1,1,1,0,0,0
1234,2026-07-29 15:09:00,4007.0,1,0,1,-1,1,0,0,0
1234,2026-07-29 15:09:00,4007.5,0,0,1,0,1,0,0,0
1234,2026-07-29 15:09:00,4007.7,0,1,1,1,1,0,0,0
1234,2026-07-29 15:09:00,4007.8,0,1,1,1,1,0,0,0
1234,2026-07-29 15:09:00,4008.0,0,2,2,2,2,0,0,0
1235,2026-07-29 15:10:00,4007.0,2,0,2,-2,2,0,0,0
1235,2026-07-29 15:10:00,4007.3,0,0,1,0,1,0,0,0
1236,2026-07-29 15:11:00,4005.0,0,0,1,0,1,0,0,0
1236,2026-07-29 15:11:00,4005.1,0,2,2,2,1,0,0,0
1236,2026-07-29 15:11:00,4005.6,0,1,1,1,1,0,0,0
1237,2026-07-29 15:12:00,4004.3,0,2,2,2,1,0,0,0
1237,2026-07-29 15:12:00,4004.6,0,2,2,2,1,0,0,0
1237,2026-07-29 15:12:00,4004.7,1,0,1,-1,1,0,0,0
1237,2026-07-29 15:12:00,4004.8,1,0,1,-1,1,0,0,0
1237,2026-07-29 15:12:00,4004.9,0,1,1,1,1,0,0,0
1238,2026-07-29 15:13:00,4005.2,0,1,1,1,1,0,0,0
1238,2026-07-29 15:13:00,4005.3,0,1,1,1,1,0,0,0
1238,2026-07-29 15:13:00,4005.5,1,0,1,-1,1,0,0,0
1238,2026-07-29 15:13:00,4005.8,0,1,1,1,1,0,0,0
1238,2026-07-29 15:13:00,4005.9,0,2,2,2,1,0,0,0
1239,2026-07-29 15:14:00,4005.1,0,1,1,1,1,0,0,0
1239,2026-07-29 15:14:00,4005.2,0,2,2,2,1,0,0,0
1239,2026-07-29 15:14:00,4005.3,0,3,3,3,1,0,0,0
1239,2026-07-29 15:14:00,4005.4,0,4,4,4,2,0,0,0
1239,2026-07-29 15:14:00,4005.6,0,0,1,0,1,0,0,0
1240,2026-07-29 15:15:00,4005.4,0,1,1,1,1,0,0,0
1240,2026-07-29 15:15:00,4005.6,0,1,1,1,1,0,0,0
1240,2026-07-29 15:15:00,4005.7,0,2,2,2,1,0,0,0
1240,2026-07-29 15:15:00,4005.8,0,2,2,2,1,0,0,0
1240,2026-07-29 15:15:00,4005.9,0,3,3,3,1,0,0,0
1240,2026-07-29 15:15:00,4006.0,0,2,2,2,1,0,0,0
1241,2026-07-29 15:16:00,4005.6,1,0,1,-1,1,0,0,0
1241,2026-07-29 15:16:00,4006.2,0,1,1,1,1,0,0,0
1241,2026-07-29 15:16:00,4006.4,1,0,1,-1,1,0,0,0
1242,2026-07-29 15:17:00,4004.9,1,0,1,-1,1,0,0,0
1242,2026-07-29 15:17:00,4005.0,0,0,1,0,1,0,0,0
1242,2026-07-29 15:17:00,4005.1,0,1,1,1,1,0,0,0
1242,2026-07-29 15:17:00,4005.2,0,1,1,1,1,0,0,0
1243,2026-07-29 15:18:00,4004.7,0,1,1,1,1,0,0,0
1243,2026-07-29 15:18:00,4004.8,0,0,1,0,1,0,0,0
1243,2026-07-29 15:18:00,4005.2,0,4,5,4,2,0,0,0
1243,2026-07-29 15:18:00,4005.3,0,1,2,1,2,0,0,0
1243,2026-07-29 15:18:00,4005.5,0,1,1,1,1,0,0,0
1244,2026-07-29 15:19:00,4004.1,0,1,1,1,1,0,0,0
1244,2026-07-29 15:19:00,4004.7,0,0,1,0,1,0,0,0
1245,2026-07-29 15:20:00,4003.1,0,2,2,2,1,0,0,0
1245,2026-07-29 15:20:00,4003.2,0,1,1,1,1,0,0,0
1245,2026-07-29 15:20:00,4003.8,1,0,1,-1,1,0,0,0
1245,2026-07-29 15:20:00,4004.0,0,1,2,1,2,0,0,0
1245,2026-07-29 15:20:00,4004.1,2,0,2,-2,1,0,0,0
1246,2026-07-29 15:21:00,4002.9,0,1,1,1,1,0,0,0
1246,2026-07-29 15:21:00,4003.2,1,1,2,0,2,0,0,0
1246,2026-07-29 15:21:00,4003.5,0,1,1,1,1,0,0,0
1246,2026-07-29 15:21:00,4003.6,0,2,2,2,2,0,0,0
1247,2026-07-29 15:22:00,4003.3,0,0,1,0,1,0,0,0
1247,2026-07-29 15:22:00,4003.6,0,1,1,1,1,0,0,0
1247,2026-07-29 15:22:00,4003.9,0,0,1,0,1,0,0,0
1247,2026-07-29 15:22:00,4004.1,0,0,1,0,1,0,0,0
1247,2026-07-29 15:22:00,4004.3,1,2,3,1,3,0,0,0
1247,2026-07-29 15:22:00,4004.4,0,0,1,0,1,0,0,0
1247,2026-07-29 15:22:00,4004.6,1,0,1,-1,1,0,0,0
1247,2026-07-29 15:22:00,4004.7,1,0,1,-1,1,0,0,0
1247,2026-07-29 15:22:00,4004.9,0,2,2,2,2,0,0,0
1247,2026-07-29 15:22:00,4005.1,0,0,1,0,1,0,0,0
1247,2026-07-29 15:22:00,4005.3,0,1,1,1,1,0,0,0
1247,2026-07-29 15:22:00,4005.4,0,1,1,1,1,0,0,0
1247,2026-07-29 15:22:00,4005.5,0,1,1,1,1,0,0,0
1247,2026-07-29 15:22:00,4006.5,0,0,1,0,1,0,0,0
1247,2026-07-29 15:22:00,4006.6,1,0,1,-1,1,0,0,0
1247,2026-07-29 15:22:00,4006.7,0,1,1,1,1,0,0,0
1247,2026-07-29 15:22:00,4006.9,0,0,1,0,1,0,0,0
1248,2026-07-29 15:23:00,4006.9,3,0,3,-3,3,0,0,0
1248,2026-07-29 15:23:00,4007.0,0,1,1,1,1,0,0,0
1248,2026-07-29 15:23:00,4007.1,1,1,2,0,2,0,0,0
1248,2026-07-29 15:23:00,4007.2,2,2,4,0,3,0,0,0
1248,2026-07-29 15:23:00,4007.3,6,1,7,-5,2,0,0,0
1248,2026-07-29 15:23:00,4007.4,3,1,4,-2,3,0,0,0
1248,2026-07-29 15:23:00,4007.5,1,0,1,-1,1,0,0,0
1248,2026-07-29 15:23:00,4007.7,0,0,1,0,1,0,0,0
1248,2026-07-29 15:23:00,4007.8,0,1,1,1,1,0,0,0
1248,2026-07-29 15:23:00,4008.9,0,0,4,0,1,0,0,0
1249,2026-07-29 15:24:00,4007.2,2,0,2,-2,1,0,0,0
1249,2026-07-29 15:24:00,4007.3,2,0,2,-2,2,0,0,0
1249,2026-07-29 15:24:00,4007.4,0,0,1,0,1,0,0,0
1249,2026-07-29 15:24:00,4007.5,3,0,3,-3,3,0,0,0
1249,2026-07-29 15:24:00,4007.7,1,0,1,-1,1,0,0,0
1249,2026-07-29 15:24:00,4007.9,0,2,2,2,2,0,0,0
1250,2026-07-29 15:25:00,4006.8,1,0,1,-1,1,0,0,0
1250,2026-07-29 15:25:00,4006.9,0,0,1,0,1,0,0,0
1250,2026-07-29 15:25:00,4007.3,2,0,2,-2,1,0,0,0
1250,2026-07-29 15:25:00,4007.4,1,2,3,1,2,0,0,0
1250,2026-07-29 15:25:00,4007.5,2,2,4,0,2,0,0,0
1250,2026-07-29 15:25:00,4007.6,0,1,2,1,2,0,0,0
1250,2026-07-29 15:25:00,4007.7,1,0,1,-1,1,0,0,0
1250,2026-07-29 15:25:00,4007.8,0,1,1,1,1,0,0,0
1250,2026-07-29 15:25:00,4008.1,0,1,2,1,2,0,0,0
1250,2026-07-29 15:25:00,4008.2,0,0,1,0,1,0,0,0
1250,2026-07-29 15:25:00,4008.3,0,0,1,0,1,0,0,0
1250,2026-07-29 15:25:00,4008.5,0,0,2,0,2,0,0,0
1251,2026-07-29 15:26:00,4006.5,0,1,3,1,2,0,0,0
1251,2026-07-29 15:26:00,4008.1,0,1,1,1,1,0,0,0
1251,2026-07-29 15:26:00,4008.2,0,4,4,4,1,0,0,0
1252,2026-07-29 15:27:00,4006.8,0,1,1,1,1,0,0,0
1252,2026-07-29 15:27:00,4007.0,0,2,2,2,1,0,0,0
1252,2026-07-29 15:27:00,4007.1,0,2,2,2,1,0,0,0
1252,2026-07-29 15:27:00,4007.4,0,1,1,1,1,0,0,0
1252,2026-07-29 15:27:00,4008.0,0,1,1,1,1,0,0,0
1252,2026-07-29 15:27:00,4008.1,0,1,1,1,1,0,0,0
1253,2026-07-29 15:28:00,4008.8,0,2,2,2,2,0,0,0
1253,2026-07-29 15:28:00,4008.9,3,0,3,-3,3,0,0,0
1253,2026-07-29 15:28:00,4009.1,0,1,1,1,1,0,0,0
1253,2026-07-29 15:28:00,4009.2,0,2,2,2,1,0,0,0
1253,2026-07-29 15:28:00,4009.3,0,4,4,4,2,0,0,0
1253,2026-07-29 15:28:00,4009.4,0,3,3,3,2,0,0,0
1253,2026-07-29 15:28:00,4009.5,0,1,1,1,1,0,0,0
1254,2026-07-29 15:29:00,4008.3,1,0,1,-1,1,0,0,0
1254,2026-07-29 15:29:00,4008.4,2,0,2,-2,1,0,0,0
1254,2026-07-29 15:29:00,4008.5,4,0,4,-4,2,0,0,0
1254,2026-07-29 15:29:00,4008.6,0,1,1,1,1,0,0,0
1254,2026-07-29 15:29:00,4008.8,1,0,1,-1,1,0,0,0
1254,2026-07-29 15:29:00,4009.2,0,8,10,8,2,0,0,0
1255,2026-07-29 15:30:00,4007.8,5,0,5,-5,3,0,0,0
1255,2026-07-29 15:30:00,4007.9,13,0,13,-13,3,0,0,0
1255,2026-07-29 15:30:00,4008.0,8,0,13,-8,6,0,0,0
1255,2026-07-29 15:30:00,4008.1,3,0,4,-3,3,0,0,0
1255,2026-07-29 15:30:00,4008.2,1,0,1,-1,1,0,0,0
1255,2026-07-29 15:30:00,4008.3,1,1,2,0,2,0,0,0
1255,2026-07-29 15:30:00,4008.5,8,0,8,-8,1,0,0,0
1255,2026-07-29 15:30:00,4008.7,0,0,1,0,1,0,0,0
1255,2026-07-29 15:30:00,4009.1,1,0,1,-1,1,0,0,0
1255,2026-07-29 15:30:00,4009.3,0,0,1,0,1,0,0,0
1256,2026-07-29 15:31:00,4008.5,8,1,9,-7,7,0,0,0
1256,2026-07-29 15:31:00,4008.6,1,0,1,-1,1,0,0,0
1256,2026-07-29 15:31:00,4008.7,1,0,1,-1,1,0,0,0
1256,2026-07-29 15:31:00,4008.8,0,0,1,0,1,0,0,0
1256,2026-07-29 15:31:00,4008.9,1,1,2,0,2,0,0,0
1257,2026-07-29 15:32:00,4009.6,0,2,2,2,1,0,0,0
1257,2026-07-29 15:32:00,4009.7,0,2,2,2,1,0,0,0
1257,2026-07-29 15:32:00,4009.8,0,3,3,3,3,0,0,0
1257,2026-07-29 15:32:00,4009.9,0,6,6,6,3,0,0,0
1257,2026-07-29 15:32:00,4010.0,0,1,21,1,8,0,0,0
1258,2026-07-29 15:33:00,4009.4,0,0,2,0,1,0,0,0
1258,2026-07-29 15:33:00,4009.7,1,0,1,-1,1,0,0,0
1258,2026-07-29 15:33:00,4009.9,1,0,1,-1,1,0,0,0
1258,2026-07-29 15:33:00,4010.1,0,2,2,2,2,0,0,0
1258,2026-07-29 15:33:00,4010.2,0,3,3,3,1,0,0,0
1258,2026-07-29 15:33:00,4011.3,0,0,1,0,1,0,0,0
1258,2026-07-29 15:33:00,4011.7,0,1,1,1,1,0,0,0
1259,2026-07-29 15:34:00,4007.9,1,0,1,-1,1,0,0,0
1259,2026-07-29 15:34:00,4008.1,2,0,2,-2,1,0,0,0
1259,2026-07-29 15:34:00,4009.0,1,0,1,-1,1,0,0,0
1259,2026-07-29 15:34:00,4009.2,0,0,2,0,1,0,0,0
1259,2026-07-29 15:34:00,4010.7,1,0,1,-1,1,0,0,0
1260,2026-07-29 15:35:00,4009.5,3,0,3,-3,1,0,0,0
1261,2026-07-29 15:36:00,4009.1,0,1,1,1,1,0,0,0
1261,2026-07-29 15:36:00,4009.3,2,0,2,-2,2,0,0,0
1261,2026-07-29 15:36:00,4009.4,0,1,1,1,1,0,0,0
1261,2026-07-29 15:36:00,4009.5,1,1,2,0,2,0,0,0
1261,2026-07-29 15:36:00,4009.6,0,7,7,7,2,0,0,0
1261,2026-07-29 15:36:00,4009.7,0,1,1,1,1,0,0,0
1261,2026-07-29 15:36:00,4009.8,1,2,3,1,3,0,0,0
1261,2026-07-29 15:36:00,4009.9,0,1,1,1,1,0,0,0
1261,2026-07-29 15:36:00,4010.0,1,2,3,1,2,0,0,0
1261,2026-07-29 15:36:00,4010.3,0,2,2,2,1,0,0,0
1261,2026-07-29 15:36:00,4010.4,0,3,3,3,1,0,0,0
1262,2026-07-29 15:37:00,4009.5,0,0,5,0,1,0,0,0
1262,2026-07-29 15:37:00,4009.6,1,0,1,-1,1,0,0,0
1262,2026-07-29 15:37:00,4009.7,1,0,1,-1,1,0,0,0
1262,2026-07-29 15:37:00,4009.9,0,1,1,1,1,0,0,0
1262,2026-07-29 15:37:00,4010.0,2,2,4,0,4,0,0,0
1262,2026-07-29 15:37:00,4010.1,0,4,4,4,2,0,0,0
1262,2026-07-29 15:37:00,4010.2,0,2,2,2,1,0,0,0
1262,2026-07-29 15:37:00,4010.3,0,2,2,2,1,0,0,0
1262,2026-07-29 15:37:00,4010.4,0,1,1,1,1,0,0,0
1263,2026-07-29 15:38:00,4006.8,0,2,3,2,2,0,0,0
1263,2026-07-29 15:38:00,4006.9,0,1,1,1,1,0,0,0
1263,2026-07-29 15:38:00,4007.0,0,1,1,1,1,0,0,0
1263,2026-07-29 15:38:00,4007.4,0,1,1,1,1,0,0,0
1263,2026-07-29 15:38:00,4008.5,0,5,6,5,2,0,0,0
1264,2026-07-29 15:39:00,4006.3,2,0,3,-2,3,0,0,0
1264,2026-07-29 15:39:00,4006.4,5,1,6,-4,2,0,0,0
1264,2026-07-29 15:39:00,4006.5,0,3,3,3,1,0,0,0
1264,2026-07-29 15:39:00,4006.7,0,1,1,1,1,0,0,0
1264,2026-07-29 15:39:00,4006.8,0,1,1,1,1,0,0,0
1265,2026-07-29 15:40:00,4006.1,0,1,1,1,1,0,0,0
1266,2026-07-29 15:41:00,4006.0,0,0,1,0,1,0,0,0
1266,2026-07-29 15:41:00,4006.8,2,0,2,-2,2,0,0,0
1267,2026-07-29 15:42:00,4006.7,2,0,2,-2,2,0,0,0
1268,2026-07-29 15:43:00,4004.9,2,0,2,-2,1,0,0,0
1268,2026-07-29 15:43:00,4005.0,1,0,1,-1,1,0,0,0
1268,2026-07-29 15:43:00,4005.1,2,0,2,-2,1,0,0,0
1268,2026-07-29 15:43:00,4005.3,0,1,1,1,1,0,0,0
1268,2026-07-29 15:43:00,4005.4,0,1,1,1,1,0,0,0
1268,2026-07-29 15:43:00,4005.6,0,0,1,0,1,0,0,0
1268,2026-07-29 15:43:00,4005.7,1,0,1,-1,1,0,0,0
1268,2026-07-29 15:43:00,4005.9,0,1,1,1,1,0,0,0
1268,2026-07-29 15:43:00,4006.7,2,0,2,-2,1,0,0,0
1268,2026-07-29 15:43:00,4007.1,1,0,1,-1,1,0,0,0
1269,2026-07-29 15:44:00,4007.0,2,0,2,-2,1,0,0,0
1269,2026-07-29 15:44:00,4007.1,3,0,3,-3,1,0,0,0
1269,2026-07-29 15:44:00,4007.2,5,0,5,-5,3,0,0,0
1269,2026-07-29 15:44:00,4007.3,4,0,4,-4,1,0,0,0
1269,2026-07-29 15:44:00,4007.4,2,0,2,-2,1,0,0,0
1269,2026-07-29 15:44:00,4007.5,3,0,4,-3,3,0,0,0
1269,2026-07-29 15:44:00,4007.8,0,1,1,1,1,0,0,0
1269,2026-07-29 15:44:00,4008.0,10,1,11,-9,5,0,0,0
1269,2026-07-29 15:44:00,4008.3,0,1,1,1,1,0,0,0
1269,2026-07-29 15:44:00,4008.5,0,1,1,1,1,0,0,0
1270,2026-07-29 15:45:00,4008.6,1,2,3,1,3,0,0,0
1271,2026-07-29 15:46:00,4008.5,0,0,1,0,1,0,0,0
1271,2026-07-29 15:46:00,4008.6,1,0,1,-1,1,0,0,0
1271,2026-07-29 15:46:00,4008.7,0,1,1,1,1,0,0,0
1271,2026-07-29 15:46:00,4008.9,1,0,1,-1,1,0,0,0
1271,2026-07-29 15:46:00,4009.2,0,1,2,1,2,0,0,0
1272,2026-07-29 15:47:00,4008.2,1,0,1,-1,1,0,0,0
1273,2026-07-29 15:48:00,4008.3,1,1,2,0,2,0,0,0
1273,2026-07-29 15:48:00,4008.4,1,3,4,2,2,0,0,0
1273,2026-07-29 15:48:00,4008.9,0,1,1,1,1,0,0,0
1274,2026-07-29 15:49:00,4008.6,1,0,1,-1,1,0,0,0
1274,2026-07-29 15:49:00,4008.9,1,0,2,-1,2,0,0,0
1274,2026-07-29 15:49:00,4009.0,0,1,1,1,1,0,0,0
1274,2026-07-29 15:49:00,4009.1,0,1,1,1,1,0,0,0
1274,2026-07-29 15:49:00,4009.2,5,0,5,-5,1,0,0,0
1274,2026-07-29 15:49:00,4009.4,0,2,2,2,1,0,0,0
1274,2026-07-29 15:49:00,4009.5,0,5,5,5,3,0,0,0
1274,2026-07-29 15:49:00,4010.6,1,0,1,-1,1,0,0,0
1274,2026-07-29 15:49:00,4010.7,0,9,16,9,9,0,0,0
1275,2026-07-29 15:50:00,4010.1,2,0,2,-2,1,0,0,0
1275,2026-07-29 15:50:00,4010.2,1,1,2,0,2,0,0,0
1275,2026-07-29 15:50:00,4010.3,1,13,20,12,14,0,0,0
1275,2026-07-29 15:50:00,4010.5,5,7,12,2,6,0,0,0
1275,2026-07-29 15:50:00,4010.6,3,3,7,0,5,0,0,0
1275,2026-07-29 15:50:00,4010.7,0,6,7,6,5,0,0,0
1275,2026-07-29 15:50:00,4011.0,0,3,3,3,2,0,0,0
1275,2026-07-29 15:50:00,4011.2,1,0,1,-1,1,0,0,0
1275,2026-07-29 15:50:00,4011.4,1,0,1,-1,1,0,0,0
1275,2026-07-29 15:50:00,4011.5,0,1,1,1,1,0,0,0
1275,2026-07-29 15:50:00,4011.6,1,0,1,-1,1,0,0,0
1276,2026-07-29 15:51:00,4009.7,2,0,5,-2,2,0,0,0
1276,2026-07-29 15:51:00,4010.3,0,1,1,1,1,0,0,0
1277,2026-07-29 15:52:00,4009.9,0,1,1,1,1,0,0,0
1277,2026-07-29 15:52:00,4010.1,5,0,10,-5,3,0,0,0
1277,2026-07-29 15:52:00,4010.3,0,1,1,1,1,0,0,0
1277,2026-07-29 15:52:00,4010.4,0,1,1,1,1,0,0,0
1277,2026-07-29 15:52:00,4010.5,0,1,1,1,1,0,0,0
1277,2026-07-29 15:52:00,4010.6,2,2,4,0,2,0,0,0
1277,2026-07-29 15:52:00,4010.7,2,0,2,-2,1,0,0,0
1277,2026-07-29 15:52:00,4010.8,1,0,1,-1,1,0,0,0
1277,2026-07-29 15:52:00,4010.9,1,1,2,0,2,0,0,0
1278,2026-07-29 15:53:00,4008.9,2,0,2,-2,1,0,0,0
1278,2026-07-29 15:53:00,4009.0,3,0,5,-3,2,0,0,0
1278,2026-07-29 15:53:00,4009.2,1,0,1,-1,1,0,0,0
1278,2026-07-29 15:53:00,4009.3,2,0,2,-2,1,0,0,0
1278,2026-07-29 15:53:00,4009.5,4,2,17,-2,17,0,0,0
1278,2026-07-29 15:53:00,4009.7,0,1,1,1,1,0,0,0
1279,2026-07-29 15:54:00,4009.3,6,0,10,-6,8,0,0,0
1279,2026-07-29 15:54:00,4009.9,0,0,1,0,1,0,0,0
1279,2026-07-29 15:54:00,4010.0,1,0,2,-1,2,0,0,0
1279,2026-07-29 15:54:00,4010.1,1,0,1,-1,1,0,0,0
1279,2026-07-29 15:54:00,4010.3,7,0,11,-7,9,0,0,0
1279,2026-07-29 15:54:00,4010.4,0,1,1,1,1,0,0,0
1279,2026-07-29 15:54:00,4010.6,0,0,1,0,1,0,0,0
1279,2026-07-29 15:54:00,4010.7,0,1,1,1,1,0,0,0
1279,2026-07-29 15:54:00,4010.9,0,0,1,0,1,0,0,0
1280,2026-07-29 15:55:00,4008.2,6,0,6,-6,2,0,0,0
1280,2026-07-29 15:55:00,4008.3,4,0,4,-4,1,0,0,0
1280,2026-07-29 15:55:00,4008.4,2,0,4,-2,3,0,0,0
1280,2026-07-29 15:55:00,4008.5,0,1,1,1,1,0,0,0
1280,2026-07-29 15:55:00,4008.8,0,0,1,0,1,0,0,0
1280,2026-07-29 15:55:00,4009.0,0,1,1,1,1,0,0,0
1280,2026-07-29 15:55:00,4009.1,8,1,11,-7,11,0,0,0
1281,2026-07-29 15:56:00,4007.7,1,0,1,-1,1,0,0,0
1281,2026-07-29 15:56:00,4007.8,2,0,2,-2,1,0,0,0
1281,2026-07-29 15:56:00,4008.0,3,0,10,-3,5,0,0,0
1281,2026-07-29 15:56:00,4008.1,0,1,1,1,1,0,0,0
1281,2026-07-29 15:56:00,4008.3,1,0,2,-1,2,0,0,0
1281,2026-07-29 15:56:00,4008.6,0,1,1,1,1,0,0,0
1282,2026-07-29 15:57:00,4007.2,1,0,1,-1,1,0,0,0
1282,2026-07-29 15:57:00,4007.3,3,0,3,-3,1,0,0,0
1282,2026-07-29 15:57:00,4007.7,0,2,2,2,2,0,0,0
1282,2026-07-29 15:57:00,4007.8,0,1,1,1,1,0,0,0
1282,2026-07-29 15:57:00,4008.4,0,0,1,0,1,0,0,0
1283,2026-07-29 15:58:00,4006.5,0,5,5,5,2,0,0,0
1283,2026-07-29 15:58:00,4006.7,1,0,1,-1,1,0,0,0
1283,2026-07-29 15:58:00,4006.9,1,0,1,-1,1,0,0,0
1283,2026-07-29 15:58:00,4007.0,0,2,5,2,2,0,0,0
1284,2026-07-29 15:59:00,4006.9,1,0,1,-1,1,0,0,0
1284,2026-07-29 15:59:00,4007.0,1,0,1,-1,1,0,0,0
1284,2026-07-29 15:59:00,4007.3,0,1,2,1,2,0,0,0
1284,2026-07-29 15:59:00,4007.6,2,0,2,-2,2,0,0,0
1284,2026-07-29 15:59:00,4007.7,2,0,2,-2,1,0,0,0
1284,2026-07-29 15:59:00,4007.8,1,0,1,-1,1,0,0,0
1284,2026-07-29 15:59:00,4007.9,0,1,1,1,1,0,0,0
1284,2026-07-29 15:59:00,4008.0,0,1,2,1,2,0,0,0
1285,2026-07-29 16:00:00,4006.7,0,0,1,0,1,0,0,0
1285,2026-07-29 16:00:00,4007.0,0,0,1,0,1,0,0,0
1285,2026-07-29 16:00:00,4007.2,2,0,4,-2,3,0,0,0
1285,2026-07-29 16:00:00,4007.3,0,2,2,2,2,0,0,0
1285,2026-07-29 16:00:00,4007.9,1,1,2,0,2,0,0,0
1285,2026-07-29 16:00:00,4008.1,0,1,1,1,1,0,0,0
1285,2026-07-29 16:00:00,4008.2,0,3,3,3,1,0,0,0
1285,2026-07-29 16:00:00,4008.3,1,2,3,1,2,0,0,0
1285,2026-07-29 16:00:00,4008.4,0,1,2,1,2,0,0,0
1285,2026-07-29 16:00:00,4008.6,0,1,1,1,1,0,0,0
1285,2026-07-29 16:00:00,4008.9,0,0,1,0,1,0,0,0
1285,2026-07-29 16:00:00,4009.0,0,1,1,1,1,0,0,0
1286,2026-07-29 16:01:00,4006.3,2,0,2,-2,1,0,0,0
1286,2026-07-29 16:01:00,4006.4,1,1,2,0,2,0,0,0
1286,2026-07-29 16:01:00,4006.7,0,1,1,1,1,0,0,0
1286,2026-07-29 16:01:00,4007.1,0,1,1,1,1,0,0,0
1287,2026-07-29 16:02:00,4007.5,0,0,1,0,1,0,0,0
1287,2026-07-29 16:02:00,4007.7,0,1,1,1,1,0,0,0
1287,2026-07-29 16:02:00,4007.8,2,0,2,-2,2,0,0,0
1288,2026-07-29 16:03:00,4006.0,1,0,1,-1,1,0,0,0
1288,2026-07-29 16:03:00,4006.1,0,0,1,0,1,0,0,0
1288,2026-07-29 16:03:00,4006.8,1,0,1,-1,1,0,0,0
1288,2026-07-29 16:03:00,4007.0,0,0,2,0,2,0,0,0
1288,2026-07-29 16:03:00,4007.1,0,1,1,1,1,0,0,0
1289,2026-07-29 16:04:00,4007.0,1,0,1,-1,1,0,0,0
1289,2026-07-29 16:04:00,4007.1,1,0,4,-1,4,0,0,0
1289,2026-07-29 16:04:00,4007.2,3,0,3,-3,2,0,0,0
1289,2026-07-29 16:04:00,4007.3,0,4,4,4,2,0,0,0
1289,2026-07-29 16:04:00,4007.4,3,2,5,-1,5,0,0,0
1289,2026-07-29 16:04:00,4007.6,1,0,1,-1,1,0,0,0
1290,2026-07-29 16:05:00,4006.8,1,0,1,-1,1,0,0,0
1290,2026-07-29 16:05:00,4007.0,0,0,1,0,1,0,0,0
1290,2026-07-29 16:05:00,4007.2,0,0,2,0,2,0,0,0
1290,2026-07-29 16:05:00,4007.4,1,0,2,-1,2,0,0,0
1290,2026-07-29 16:05:00,4007.5,0,0,1,0,1,0,0,0
1290,2026-07-29 16:05:00,4007.9,0,0,1,0,1,0,0,0
1291,2026-07-29 16:06:00,4008.1,0,0,1,0,1,0,0,0
1291,2026-07-29 16:06:00,4008.3,1,0,1,-1,1,0,0,0
1291,2026-07-29 16:06:00,4008.4,0,3,3,3,1,0,0,0
1291,2026-07-29 16:06:00,4008.5,0,2,2,2,1,0,0,0
1291,2026-07-29 16:06:00,4008.8,0,1,2,1,2,0,0,0
1292,2026-07-29 16:07:00,4008.5,0,0,1,0,1,0,0,0
1292,2026-07-29 16:07:00,4008.7,0,1,1,1,1,0,0,0
1292,2026-07-29 16:07:00,4009.4,0,2,2,2,2,0,0,0
1292,2026-07-29 16:07:00,4009.5,0,2,2,2,2,0,0,0
1292,2026-07-29 16:07:00,4009.6,2,0,2,-2,1,0,0,0
1293,2026-07-29 16:08:00,4009.4,1,0,1,-1,1,0,0,0
1293,2026-07-29 16:08:00,4009.5,1,0,1,-1,1,0,0,0
1293,2026-07-29 16:08:00,4009.6,5,0,8,-5,4,0,0,0
1293,2026-07-29 16:08:00,4009.9,1,0,1,-1,1,0,0,0
1293,2026-07-29 16:08:00,4010.0,7,1,8,-6,4,0,0,0
1293,2026-07-29 16:08:00,4010.1,0,4,4,4,2,0,0,0
1293,2026-07-29 16:08:00,4010.2,1,4,5,3,4,0,0,0
1293,2026-07-29 16:08:00,4010.3,0,5,5,5,2,0,0,0
1293,2026-07-29 16:08:00,4010.4,1,4,5,3,3,0,0,0
1293,2026-07-29 16:08:00,4010.5,0,2,2,2,1,0,0,0
1293,2026-07-29 16:08:00,4010.6,3,2,5,-1,3,0,0,0
1293,2026-07-29 16:08:00,4010.7,2,0,2,-2,1,0,0,0
1293,2026-07-29 16:08:00,4011.4,0,1,1,1,1,0,0,0
1293,2026-07-29 16:08:00,4011.9,0,1,1,1,1,0,0,0
1293,2026-07-29 16:08:00,4012.0,2,3,14,1,9,0,0,0
1293,2026-07-29 16:08:00,4012.1,3,0,3,-3,2,0,0,0
1293,2026-07-29 16:08:00,4012.2,5,0,5,-5,2,0,0,0
1293,2026-07-29 16:08:00,4012.3,3,0,3,-3,1,0,0,0
1293,2026-07-29 16:08:00,4012.5,2,0,2,-2,1,0,0,0
1293,2026-07-29 16:08:00,4012.6,0,0,1,0,1,0,0,0
1293,2026-07-29 16:08:00,4012.7,0,4,4,4,2,0,0,0
1293,2026-07-29 16:08:00,4012.8,0,2,2,2,2,0,0,0
1294,2026-07-29 16:09:00,4012.7,3,1,30,-2,13,0,0,0
1294,2026-07-29 16:09:00,4012.8,0,2,2,2,2,0,0,0
1294,2026-07-29 16:09:00,4012.9,0,2,2,2,2,0,0,0
1294,2026-07-29 16:09:00,4013.0,1,0,1,-1,1,0,0,0
1294,2026-07-29 16:09:00,4013.4,0,3,3,3,1,0,0,0
1294,2026-07-29 16:09:00,4013.5,0,4,4,4,1,0,0,0
1294,2026-07-29 16:09:00,4013.6,0,1,1,1,1,0,0,0
1294,2026-07-29 16:09:00,4013.7,0,2,2,2,1,0,0,0
1294,2026-07-29 16:09:00,4013.8,0,4,4,4,1,0,0,0
1294,2026-07-29 16:09:00,4013.9,0,4,4,4,1,0,0,0
1294,2026-07-29 16:09:00,4014.0,2,4,21,2,11,0,0,0
1295,2026-07-29 16:10:00,4010.9,0,0,2,0,2,0,0,0
1295,2026-07-29 16:10:00,4011.2,16,0,40,-16,19,0,0,0
1295,2026-07-29 16:10:00,4011.3,0,5,5,5,4,0,0,0
1295,2026-07-29 16:10:00,4011.5,0,2,2,2,2,0,0,0
1295,2026-07-29 16:10:00,4011.7,0,3,3,3,2,0,0,0
1295,2026-07-29 16:10:00,4012.0,1,0,10,-1,5,0,0,0
1295,2026-07-29 16:10:00,4012.2,1,0,1,-1,1,0,0,0
1295,2026-07-29 16:10:00,4012.3,0,0,1,0,1,0,0,0
1295,2026-07-29 16:10:00,4012.5,1,0,1,-1,1,0,0,0
1295,2026-07-29 16:10:00,4012.8,8,0,11,-8,7,0,0,0
1295,2026-07-29 16:10:00,4012.9,0,1,2,1,2,0,0,0
1295,2026-07-29 16:10:00,4013.1,1,0,1,-1,1,0,0,0
1295,2026-07-29 16:10:00,4013.2,0,0,1,0,1,0,0,0
1295,2026-07-29 16:10:00,4013.5,1,2,3,1,2,0,0,0
1295,2026-07-29 16:10:00,4013.6,0,2,2,2,1,0,0,0
1296,2026-07-29 16:11:00,4009.3,0,0,3,0,2,0,0,0
1296,2026-07-29 16:11:00,4009.4,1,0,1,-1,1,0,0,0
1296,2026-07-29 16:11:00,4009.7,0,0,1,0,1,0,0,0
1296,2026-07-29 16:11:00,4009.8,1,1,6,0,3,0,0,0
1296,2026-07-29 16:11:00,4010.0,3,0,10,-3,10,0,0,0
1296,2026-07-29 16:11:00,4010.1,1,0,1,-1,1,0,0,0
1296,2026-07-29 16:11:00,4010.7,0,1,1,1,1,0,0,0
1297,2026-07-29 16:12:00,4009.3,3,0,9,-3,4,0,0,0
1297,2026-07-29 16:12:00,4009.6,2,0,2,-2,1,0,0,0
1298,2026-07-29 16:13:00,4008.6,10,1,24,-9,20,0,0,0
1298,2026-07-29 16:13:00,4008.7,1,1,2,0,2,0,0,0
1298,2026-07-29 16:13:00,4009.0,0,4,4,4,2,0,0,0
1298,2026-07-29 16:13:00,4009.1,0,1,1,1,1,0,0,0
1299,2026-07-29 16:14:00,4007.5,0,0,1,0,1,0,0,0
1299,2026-07-29 16:14:00,4008.4,0,1,1,1,1,0,0,0
1299,2026-07-29 16:14:00,4008.8,0,0,4,0,3,0,0,0
1299,2026-07-29 16:14:00,4008.9,0,2,2,2,2,0,0,0
1299,2026-07-29 16:14:00,4009.0,0,3,3,3,1,0,0,0
1299,2026-07-29 16:14:00,4009.2,0,1,1,1,1,0,0,0
1299,2026-07-29 16:14:00,4009.3,0,1,1,1,1,0,0,0
1300,2026-07-29 16:15:00,4006.6,1,0,1,-1,1,0,0,0
1300,2026-07-29 16:15:00,4006.8,1,3,4,2,2,0,0,0
1300,2026-07-29 16:15:00,4006.9,2,1,3,-1,2,0,0,0
1300,2026-07-29 16:15:00,4007.1,2,0,2,-2,1,0,0,0
1300,2026-07-29 16:15:00,4007.2,3,2,5,-1,4,0,0,0
1300,2026-07-29 16:15:00,4007.4,0,0,1,0,1,0,0,0
1301,2026-07-29 16:16:00,4006.2,3,0,3,-3,1,0,0,0
1301,2026-07-29 16:16:00,4006.3,1,0,1,-1,1,0,0,0
1301,2026-07-29 16:16:00,4006.7,0,4,4,4,2,0,0,0
1301,2026-07-29 16:16:00,4007.0,1,0,1,-1,1,0,0,0
1302,2026-07-29 16:17:00,4006.4,7,0,7,-7,4,0,0,0
1302,2026-07-29 16:17:00,4006.5,1,0,2,-1,2,0,0,0
1303,2026-07-29 16:18:00,4007.0,1,11,12,10,2,0,0,0
1303,2026-07-29 16:18:00,4007.5,4,0,4,-4,2,0,0,0
1303,2026-07-29 16:18:00,4008.0,0,0,2,0,2,0,0,0
1303,2026-07-29 16:18:00,4008.1,1,0,1,-1,1,0,0,0
1304,2026-07-29 16:19:00,4008.0,0,0,1,0,1,0,0,0
1304,2026-07-29 16:19:00,4008.2,0,2,2,2,2,0,0,0
1305,2026-07-29 16:20:00,4009.2,5,0,5,-5,4,0,0,0
1305,2026-07-29 16:20:00,4009.8,1,0,1,-1,1,0,0,0
1305,2026-07-29 16:20:00,4010.9,1,0,3,-1,3,0,0,0
1305,2026-07-29 16:20:00,4011.1,1,0,1,-1,1,0,0,0
1305,2026-07-29 16:20:00,4011.2,0,0,3,0,3,0,0,0
1305,2026-07-29 16:20:00,4011.5,1,0,1,-1,1,0,0,0
1305,2026-07-29 16:20:00,4011.6,0,0,1,0,1,0,0,0
1305,2026-07-29 16:20:00,4011.7,5,0,5,-5,1,0,0,0
1306,2026-07-29 16:21:00,4011.3,1,0,1,-1,1,0,0,0
1306,2026-07-29 16:21:00,4011.5,0,0,1,0,1,0,0,0
1306,2026-07-29 16:21:00,4011.8,5,0,5,-5,1,0,0,0
1306,2026-07-29 16:21:00,4011.9,4,0,4,-4,1,0,0,0
1306,2026-07-29 16:21:00,4012.0,4,0,4,-4,1,0,0,0
1306,2026-07-29 16:21:00,4012.1,5,0,5,-5,2,0,0,0
1306,2026-07-29 16:21:00,4012.2,3,0,3,-3,1,0,0,0
1306,2026-07-29 16:21:00,4013.0,13,0,20,-13,6,0,0,0
1307,2026-07-29 16:22:00,4011.9,2,2,4,0,4,0,0,0
1307,2026-07-29 16:22:00,4012.0,1,0,4,-1,3,0,0,0
1307,2026-07-29 16:22:00,4012.1,3,0,4,-3,3,0,0,0
1307,2026-07-29 16:22:00,4012.2,0,3,10,3,6,0,0,0
1307,2026-07-29 16:22:00,4012.4,1,0,1,-1,1,0,0,0
1307,2026-07-29 16:22:00,4012.5,0,0,1,0,1,0,0,0
1308,2026-07-29 16:23:00,4012.4,1,0,1,-1,1,0,0,0
1308,2026-07-29 16:23:00,4012.6,0,1,1,1,1,0,0,0
1308,2026-07-29 16:23:00,4012.8,0,15,16,15,3,0,0,0
1308,2026-07-29 16:23:00,4013.1,3,0,3,-3,1,0,0,0
1308,2026-07-29 16:23:00,4013.2,0,3,10,3,8,0,0,0
1308,2026-07-29 16:23:00,4013.4,2,0,2,-2,1,0,0,0
1308,2026-07-29 16:23:00,4013.5,1,5,6,4,2,0,0,0
1308,2026-07-29 16:23:00,4013.6,0,2,2,2,1,0,0,0
1308,2026-07-29 16:23:00,4013.7,3,0,3,-3,2,0,0,0
1308,2026-07-29 16:23:00,4014.1,2,0,2,-2,1,0,0,0
1308,2026-07-29 16:23:00,4014.2,1,0,1,-1,1,0,0,0
1308,2026-07-29 16:23:00,4014.8,2,0,2,-2,2,0,0,0
1308,2026-07-29 16:23:00,4014.9,1,0,1,-1,1,0,0,0
1308,2026-07-29 16:23:00,4015.0,3,0,3,-3,1,0,0,0
1308,2026-07-29 16:23:00,4015.1,1,0,3,-1,2,0,0,0
1308,2026-07-29 16:23:00,4015.2,3,0,3,-3,1,0,0,0
1309,2026-07-29 16:24:00,4012.2,4,0,4,-4,2,0,0,0
1309,2026-07-29 16:24:00,4012.3,2,1,3,-1,3,0,0,0
1309,2026-07-29 16:24:00,4013.0,0,2,2,2,2,0,0,0
1309,2026-07-29 16:24:00,4013.1,4,0,4,-4,1,0,0,0
1309,2026-07-29 16:24:00,4013.2,4,0,4,-4,1,0,0,0
1309,2026-07-29 16:24:00,4013.3,1,0,1,-1,1,0,0,0
1309,2026-07-29 16:24:00,4013.4,1,0,1,-1,1,0,0,0
1310,2026-07-29 16:25:00,4013.5,1,0,1,-1,1,0,0,0
1310,2026-07-29 16:25:00,4013.9,0,0,1,0,1,0,0,0
1311,2026-07-29 16:26:00,4013.1,0,0,10,0,1,0,0,0
1311,2026-07-29 16:26:00,4013.2,1,0,1,-1,1,0,0,0
1311,2026-07-29 16:26:00,4013.3,2,0,5,-2,2,0,0,0
1311,2026-07-29 16:26:00,4013.4,1,0,1,-1,1,0,0,0
1312,2026-07-29 16:27:00,4013.2,2,0,3,-2,2,0,0,0
1312,2026-07-29 16:27:00,4013.6,0,1,1,1,1,0,0,0
1312,2026-07-29 16:27:00,4013.9,1,0,1,-1,1,0,0,0
1313,2026-07-29 16:28:00,4013.7,1,0,1,-1,1,0,0,0
1313,2026-07-29 16:28:00,4013.9,0,0,1,0,1,0,0,0
1314,2026-07-29 16:29:00,4014.3,2,0,2,-2,2,0,0,0
1314,2026-07-29 16:29:00,4014.5,0,0,2,0,2,0,0,0
1314,2026-07-29 16:29:00,4014.7,1,1,2,0,2,0,0,0
1315,2026-07-29 16:30:00,4013.7,1,0,1,-1,1,0,0,0
1315,2026-07-29 16:30:00,4014.3,1,0,1,-1,1,0,0,0
1315,2026-07-29 16:30:00,4014.4,1,1,2,0,2,0,0,0
1315,2026-07-29 16:30:00,4014.6,1,0,2,-1,2,0,0,0
1315,2026-07-29 16:30:00,4014.9,0,2,2,2,1,0,0,0
1315,2026-07-29 16:30:00,4015.1,0,1,1,1,1,0,0,0
1316,2026-07-29 16:31:00,4012.9,1,0,1,-1,1,0,0,0
1316,2026-07-29 16:31:00,4013.2,0,2,3,2,2,0,0,0
1316,2026-07-29 16:31:00,4013.3,1,0,1,-1,1,0,0,0
1316,2026-07-29 16:31:00,4013.5,2,0,2,-2,1,0,0,0
1316,2026-07-29 16:31:00,4013.8,9,0,11,-9,8,0,0,0
1317,2026-07-29 16:32:00,4013.2,1,1,2,0,2,0,0,0
1317,2026-07-29 16:32:00,4013.3,0,1,1,1,1,0,0,0
1318,2026-07-29 16:33:00,4014.3,1,1,2,0,2,1,1,1
1318,2026-07-29 16:33:00,4014.4,0,1,1,1,1,1,0,1
1318,2026-07-29 16:33:00,4014.5,1,0,1,-1,1,0,1,1
1319,2026-07-29 16:34:00,4015.1,1,0,2,-1,2,0,1,1
1319,2026-07-29 16:34:00,4015.2,1,1,2,0,2,1,1,1
1319,2026-07-29 16:34:00,4015.3,0,1,1,1,1,1,0,1
1319,2026-07-29 16:34:00,4015.7,1,0,1,-1,1,0,1,1
1319,2026-07-29 16:34:00,4015.9,0,1,1,1,1,1,0,1
1319,2026-07-29 16:34:00,4016.0,0,3,3,3,2,2,0,2
1319,2026-07-29 16:34:00,4016.1,0,1,1,1,1,1,0,1
1319,2026-07-29 16:34:00,4016.2,1,2,3,1,3,2,1,1
1319,2026-07-29 16:34:00,4016.3,0,0,1,0,1,0,0,1
1319,2026-07-29 16:34:00,4016.4,1,0,1,-1,1,0,1,1
1319,2026-07-29 16:34:00,4016.5,1,1,4,0,4,1,1,1
1319,2026-07-29 16:34:00,4016.6,0,1,2,1,2,1,0,1
1319,2026-07-29 16:34:00,4016.7,0,1,1,1,1,1,0,1
1320,2026-07-29 16:35:00,4014.2,1,0,1,-1,1,0,1,1
1320,2026-07-29 16:35:00,4014.6,0,2,2,2,2,2,0,1
1320,2026-07-29 16:35:00,4014.7,0,1,1,1,1,1,0,1
1321,2026-07-29 16:36:00,4012.9,1,0,1,-1,1,0,1,1
1321,2026-07-29 16:36:00,4013.6,1,0,1,-1,1,0,1,1
1321,2026-07-29 16:36:00,4013.9,0,1,1,1,1,1,0,1
1321,2026-07-29 16:36:00,4014.0,0,1,1,1,1,1,0,1
1321,2026-07-29 16:36:00,4014.2,2,0,3,-2,2,0,1,2
1321,2026-07-29 16:36:00,4014.3,2,0,2,-2,1,0,1,2
1322,2026-07-29 16:37:00,4013.0,0,3,3,3,1,1,0,3
1322,2026-07-29 16:37:00,4013.1,1,0,1,-1,1,0,1,1
1322,2026-07-29 16:37:00,4013.2,0,1,1,1,1,1,0,1
1322,2026-07-29 16:37:00,4014.3,0,1,1,1,1,1,0,1
1322,2026-07-29 16:37:00,4014.8,0,1,35,1,2,1,0,34
1322,2026-07-29 16:37:00,4015.0,0,1,1,1,1,1,0,1
1322,2026-07-29 16:37:00,4015.2,2,0,3,-2,3,0,2,1
1322,2026-07-29 16:37:00,4015.5,0,1,1,1,1,1,0,1
1323,2026-07-29 16:38:00,4014.6,1,0,1,-1,1,0,1,1
1323,2026-07-29 16:38:00,4014.8,1,2,4,1,4,2,1,1
1323,2026-07-29 16:38:00,4014.9,0,9,13,9,2,1,0,9
1323,2026-07-29 16:38:00,4015.1,0,0,1,0,1,0,0,1
1323,2026-07-29 16:38:00,4015.2,1,0,1,-1,1,0,1,1
1323,2026-07-29 16:38:00,4015.4,0,1,1,1,1,1,0,1
1324,2026-07-29 16:39:00,4014.8,0,1,1,1,1,1,0,1
1325,2026-07-29 16:40:00,4014.4,1,0,1,-1,1,0,1,1
1325,2026-07-29 16:40:00,4014.5,4,0,4,-4,1,0,1,4
1325,2026-07-29 16:40:00,4014.6,0,0,1,0,1,0,0,1
1326,2026-07-29 16:41:00,4014.4,0,3,3,3,1,1,0,3
1326,2026-07-29 16:41:00,4014.5,1,1,2,0,2,1,1,1
1326,2026-07-29 16:41:00,4014.9,0,1,1,1,1,1,0,1
1327,2026-07-29 16:42:00,4014.4,1,0,2,-1,2,0,1,1
1327,2026-07-29 16:42:00,4014.9,1,0,1,-1,1,0,1,1
1328,2026-07-29 16:43:00,4013.5,0,5,5,5,2,2,0,4
1328,2026-07-29 16:43:00,4013.6,1,0,1,-1,1,0,1,1
1328,2026-07-29 16:43:00,4013.8,1,1,2,0,2,1,1,1
1328,2026-07-29 16:43:00,4014.4,7,0,10,-7,7,0,4,3
1328,2026-07-29 16:43:00,4014.5,0,3,3,3,3,3,0,1
1329,2026-07-29 16:44:00,4013.4,9,0,9,-9,2,0,2,5
1329,2026-07-29 16:44:00,4013.5,0,0,2,0,2,0,0,1
1329,2026-07-29 16:44:00,4013.7,0,1,1,1,1,1,0,1
1329,2026-07-29 16:44:00,4013.9,0,0,1,0,1,0,0,1
1329,2026-07-29 16:44:00,4014.0,2,1,3,-1,2,1,1,2
1329,2026-07-29 16:44:00,4014.2,0,1,1,1,1,1,0,1
1329,2026-07-29 16:44:00,4014.8,0,1,1,1,1,1,0,1
1329,2026-07-29 16:44:00,4014.9,0,1,1,1,1,1,0,1
1330,2026-07-29 16:45:00,4013.6,1,0,1,-1,1,0,1,1
1330,2026-07-29 16:45:00,4013.8,3,0,7,-3,3,0,2,4
1331,2026-07-29 16:46:00,4013.2,1,0,1,-1,1,0,1,1
1331,2026-07-29 16:46:00,4013.3,11,0,23,-11,13,0,5,4
1331,2026-07-29 16:46:00,4013.4,0,1,1,1,1,1,0,1
1331,2026-07-29 16:46:00,4013.5,0,0,2,0,1,0,0,2
1331,2026-07-29 16:46:00,4013.7,0,0,1,0,1,0,0,1
1331,2026-07-29 16:46:00,4013.8,0,1,1,1,1,1,0,1
1332,2026-07-29 16:47:00,4013.9,0,1,1,1,1,1,0,1
1333,2026-07-29 16:48:00,4013.9,1,0,1,-1,1,0,1,1
1333,2026-07-29 16:48:00,4014.3,0,0,1,0,1,0,0,1
1333,2026-07-29 16:48:00,4014.4,1,0,1,-1,1,0,1,1
1333,2026-07-29 16:48:00,4014.7,1,0,1,-1,1,0,1,1
1334,2026-07-29 16:49:00,4014.3,1,0,1,-1,1,0,1,1
1334,2026-07-29 16:49:00,4014.4,11,0,14,-11,10,0,7,4
1334,2026-07-29 16:49:00,4014.6,0,1,1,1,1,1,0,1
1334,2026-07-29 16:49:00,4014.7,0,1,1,1,1,1,0,1
1335,2026-07-29 16:50:00,4015.7,1,0,1,-1,1,0,1,1
1335,2026-07-29 16:50:00,4017.1,0,1,1,1,1,1,0,1
1336,2026-07-29 16:51:00,4016.8,8,1,11,-7,4,1,2,5
1336,2026-07-29 16:51:00,4016.9,0,9,9,9,1,1,0,9
1336,2026-07-29 16:51:00,4017.0,1,0,1,-1,1,0,1,1
1336,2026-07-29 16:51:00,4017.6,0,0,1,0,1,0,0,1
1336,2026-07-29 16:51:00,4018.1,0,1,1,1,1,1,0,1
1337,2026-07-29 16:52:00,4017.7,2,0,2,-2,1,0,1,2
1337,2026-07-29 16:52:00,4017.8,3,0,3,-3,1,0,1,3
1337,2026-07-29 16:52:00,4018.0,0,0,1,0,1,0,0,1
1337,2026-07-29 16:52:00,4018.4,0,1,1,1,1,1,0,1
1337,2026-07-29 16:52:00,4019.1,0,2,2,2,1,1,0,2
1337,2026-07-29 16:52:00,4019.3,0,2,2,2,2,2,0,1
1337,2026-07-29 16:52:00,4019.4,0,4,4,4,1,1,0,4
1337,2026-07-29 16:52:00,4020.0,0,0,12,0,6,0,0,5
1337,2026-07-29 16:52:00,4020.3,2,0,2,-2,1,0,1,2
1337,2026-07-29 16:52:00,4020.6,0,1,1,1,1,1,0,1
1337,2026-07-29 16:52:00,4020.7,0,2,2,2,2,2,0,1
1337,2026-07-29 16:52:00,4020.8,0,1,1,1,1,1,0,1
1337,2026-07-29 16:52:00,4021.1,0,2,2,2,1,1,0,2
1337,2026-07-29 16:52:00,4021.2,0,1,1,1,1,1,0,1
1337,2026-07-29 16:52:00,4021.3,0,2,2,2,1,1,0,2
1338,2026-07-29 16:53:00,4020.5,8,0,9,-8,6,0,5,4
1338,2026-07-29 16:53:00,4020.7,1,1,2,0,2,1,1,1
1338,2026-07-29 16:53:00,4020.8,0,6,6,6,3,3,0,2
1338,2026-07-29 16:53:00,4020.9,12,3,35,-9,9,3,3,18
1338,2026-07-29 16:53:00,4021.0,0,1,2,1,2,1,0,1
1339,2026-07-29 16:54:00,4021.1,0,1,1,1,1,1,0,1
1339,2026-07-29 16:54:00,4021.8,4,2,6,-2,2,1,1,4
1339,2026-07-29 16:54:00,4021.9,0,1,1,1,1,1,0,1
1339,2026-07-29 16:54:00,4022.0,0,5,5,5,2,2,0,4
1339,2026-07-29 16:54:00,4022.1,0,1,1,1,1,1,0,1
1339,2026-07-29 16:54:00,4022.2,0,2,2,2,2,2,0,1
1339,2026-07-29 16:54:00,4022.5,0,0,10,0,3,0,0,6
1339,2026-07-29 16:54:00,4022.8,0,16,16,16,2,2,0,11
1339,2026-07-29 16:54:00,4022.9,1,0,1,-1,1,0,1,1
1339,2026-07-29 16:54:00,4023.0,1,0,1,-1,1,0,1,1
1340,2026-07-29 16:55:00,4025.0,1,0,1,-1,1,0,1,1
1340,2026-07-29 16:55:00,4025.1,3,0,3,-3,2,0,2,2
1340,2026-07-29 16:55:00,4025.2,3,0,3,-3,2,0,2,2
1340,2026-07-29 16:55:00,4025.3,3,0,3,-3,1,0,1,3
1340,2026-07-29 16:55:00,4025.6,3,0,3,-3,2,0,2,2
1340,2026-07-29 16:55:00,4026.0,1,0,1,-1,1,0,1,1
1340,2026-07-29 16:55:00,4026.2,4,0,4,-4,3,0,3,2
1340,2026-07-29 16:55:00,4026.4,0,0,1,0,1,0,0,1
1340,2026-07-29 16:55:00,4026.5,1,0,1,-1,1,0,1,1
1340,2026-07-29 16:55:00,4026.6,0,1,1,1,1,1,0,1
1340,2026-07-29 16:55:00,4026.7,0,3,3,3,1,1,0,3
1340,2026-07-29 16:55:00,4027.0,1,0,1,-1,1,0,1,1
1340,2026-07-29 16:55:00,4027.8,0,1,1,1,1,1,0,1
1340,2026-07-29 16:55:00,4027.9,0,1,1,1,1,1,0,1
1340,2026-07-29 16:55:00,4028.0,0,1,1,1,1,1,0,1
1341,2026-07-29 16:56:00,4026.1,1,0,1,-1,1,0,1,1
1341,2026-07-29 16:56:00,4027.4,0,1,1,1,1,1,0,1
1341,2026-07-29 16:56:00,4027.5,0,2,2,2,1,1,0,2
1341,2026-07-29 16:56:00,4027.6,0,2,2,2,1,1,0,2
1341,2026-07-29 16:56:00,4027.8,1,0,1,-1,1,0,1,1
1341,2026-07-29 16:56:00,4027.9,2,0,2,-2,1,0,1,2
1341,2026-07-29 16:56:00,4028.1,1,0,1,-1,1,0,1,1
1341,2026-07-29 16:56:00,4028.4,1,0,1,-1,1,0,1,1
1341,2026-07-29 16:56:00,4028.5,3,0,3,-3,3,0,3,1
1341,2026-07-29 16:56:00,4028.7,1,0,1,-1,1,0,1,1
1341,2026-07-29 16:56:00,4028.8,3,1,4,-2,4,1,3,1
1341,2026-07-29 16:56:00,4028.9,4,0,4,-4,3,0,3,2
1341,2026-07-29 16:56:00,4029.4,2,0,2,-2,2,0,2,1
1341,2026-07-29 16:56:00,4029.5,1,2,3,1,2,1,1,2
1341,2026-07-29 16:56:00,4029.6,1,1,2,0,2,1,1,1
1341,2026-07-29 16:56:00,4029.7,0,1,1,1,1,1,0,1
1341,2026-07-29 16:56:00,4029.8,0,3,3,3,1,1,0,3
1341,2026-07-29 16:56:00,4029.9,0,2,2,2,1,1,0,2
1341,2026-07-29 16:56:00,4030.0,0,2,2,2,1,1,0,2
1342,2026-07-29 16:57:00,4028.0,1,0,1,-1,1,0,1,1
1342,2026-07-29 16:57:00,4028.2,1,0,1,-1,1,0,1,1
1342,2026-07-29 16:57:00,4029.2,1,0,1,-1,1,0,1,1
1342,2026-07-29 16:57:00,4029.7,1,0,1,-1,1,0,1,1
1342,2026-07-29 16:57:00,4029.8,2,0,2,-2,2,0,2,1
1342,2026-07-29 16:57:00,4030.5,1,0,1,-1,1,0,1,1
1343,2026-07-29 16:58:00,4024.3,1,0,1,-1,1,0,1,1
1343,2026-07-29 16:58:00,4024.5,1,0,1,-1,1,0,1,1
1343,2026-07-29 16:58:00,4025.1,0,1,1,1,1,1,0,1
1343,2026-07-29 16:58:00,4026.3,1,0,1,-1,1,0,1,1
1343,2026-07-29 16:58:00,4026.5,1,0,1,-1,1,0,1,1
1343,2026-07-29 16:58:00,4026.6,0,0,2,0,2,0,0,1
1343,2026-07-29 16:58:00,4026.7,0,0,1,0,1,0,0,1
1343,2026-07-29 16:58:00,4026.8,1,0,1,-1,1,0,1,1
1343,2026-07-29 16:58:00,4027.7,0,1,1,1,1,1,0,1
1344,2026-07-29 16:59:00,4024.8,0,2,2,2,2,2,0,1
1344,2026-07-29 16:59:00,4025.0,2,0,2,-2,2,0,2,1
1344,2026-07-29 16:59:00,4025.1,0,2,2,2,2,2,0,1
1344,2026-07-29 16:59:00,4025.2,1,0,1,-1,1,0,1,1
1344,2026-07-29 16:59:00,4025.4,4,0,4,-4,2,0,2,3
1344,2026-07-29 16:59:00,4025.5,0,1,1,1,1,1,0,1
1344,2026-07-29 16:59:00,4025.6,0,0,1,0,1,0,0,1
1345,2026-07-29 17:00:00,4025.2,3,0,3,-3,1,0,1,3
1345,2026-07-29 17:00:00,4025.3,1,0,1,-1,1,0,1,1
1345,2026-07-29 17:00:00,4025.5,1,2,4,1,4,2,1,1
1345,2026-07-29 17:00:00,4025.6,0,1,1,1,1,1,0,1
1345,2026-07-29 17:00:00,4025.7,0,2,2,2,1,1,0,2
1345,2026-07-29 17:00:00,4025.8,0,1,1,1,1,1,0,1
1345,2026-07-29 17:00:00,4025.9,1,0,1,-1,1,0,1,1
1345,2026-07-29 17:00:00,4026.1,1,0,1,-1,1,0,1,1
1345,2026-07-29 17:00:00,4026.2,2,1,3,-1,3,1,2,1
1345,2026-07-29 17:00:00,4026.4,1,0,1,-1,1,0,1,1
1345,2026-07-29 17:00:00,4026.5,0,0,1,0,1,0,0,1
1345,2026-07-29 17:00:00,4026.8,0,1,1,1,1,1,0,1
1345,2026-07-29 17:00:00,4027.0,0,1,1,1,1,1,0,1
1345,2026-07-29 17:00:00,4027.5,1,0,1,-1,1,0,1,1
1345,2026-07-29 17:00:00,4027.8,0,1,1,1,1,1,0,1
1345,2026-07-29 17:00:00,4027.9,3,0,3,-3,2,0,2,2
1345,2026-07-29 17:00:00,4028.0,0,1,1,1,1,1,0,1
1345,2026-07-29 17:00:00,4028.4,0,1,1,1,1,1,0,1
1345,2026-07-29 17:00:00,4029.0,0,1,1,1,1,1,0,1
1345,2026-07-29 17:00:00,4029.2,0,1,1,1,1,1,0,1
1346,2026-07-29 17:01:00,4028.1,3,0,3,-3,2,0,2,2
1346,2026-07-29 17:01:00,4028.6,1,0,1,-1,1,0,1,1
1346,2026-07-29 17:01:00,4028.7,0,2,2,2,2,2,0,1
1346,2026-07-29 17:01:00,4028.9,0,1,1,1,1,1,0,1
1346,2026-07-29 17:01:00,4029.0,1,0,1,-1,1,0,1,1
1346,2026-07-29 17:01:00,4029.1,0,3,3,3,3,3,0,1
1346,2026-07-29 17:01:00,4029.6,0,1,1,1,1,1,0,1
1346,2026-07-29 17:01:00,4030.0,0,1,1,1,1,1,0,1
1346,2026-07-29 17:01:00,4030.1,0,3,4,3,2,1,0,3
1346,2026-07-29 17:01:00,4030.2,0,3,3,3,3,3,0,1
1346,2026-07-29 17:01:00,4030.3,2,1,3,-1,3,1,2,1
1346,2026-07-29 17:01:00,4030.5,0,1,1,1,1,1,0,1
1346,2026-07-29 17:01:00,4030.6,0,2,2,2,2,2,0,1
1347,2026-07-29 17:02:00,4028.6,1,0,1,-1,1,0,1,1
1347,2026-07-29 17:02:00,4028.9,1,0,1,-1,1,0,1,1
1347,2026-07-29 17:02:00,4029.0,1,0,1,-1,1,0,1,1
1347,2026-07-29 17:02:00,4029.4,1,0,1,-1,1,0,1,1
1347,2026-07-29 17:02:00,4029.5,0,1,1,1,1,1,0,1
1348,2026-07-29 17:03:00,4028.5,0,1,1,1,1,1,0,1
1348,2026-07-29 17:03:00,4031.0,1,6,7,5,4,3,1,4
1349,2026-07-29 17:04:00,4031.2,1,0,1,-1,1,0,1,1
1349,2026-07-29 17:04:00,4031.9,1,0,1,-1,1,0,1,1
1349,2026-07-29 17:04:00,4032.0,0,2,4,2,3,1,0,2
1349,2026-07-29 17:04:00,4032.2,2,1,3,-1,2,1,1,2
1349,2026-07-29 17:04:00,4032.3,1,1,2,0,2,1,1,1
1349,2026-07-29 17:04:00,4032.4,0,2,3,2,3,2,0,1
1349,2026-07-29 17:04:00,4032.5,0,2,2,2,1,1,0,2
1349,2026-07-29 17:04:00,4032.6,0,5,5,5,3,3,0,2
1349,2026-07-29 17:04:00,4032.7,0,2,2,2,2,2,0,1
1349,2026-07-29 17:04:00,4032.8,2,3,5,1,2,1,1,3
1349,2026-07-29 17:04:00,4032.9,0,13,13,13,2,2,0,12
1349,2026-07-29 17:04:00,4033.0,1,0,1,-1,1,0,1,1
1349,2026-07-29 17:04:00,4033.1,1,0,1,-1,1,0,1,1
1349,2026-07-29 17:04:00,4033.2,0,2,3,2,3,2,0,1
1349,2026-07-29 17:04:00,4033.3,0,3,3,3,2,2,0,2
1349,2026-07-29 17:04:00,4033.4,0,3,3,3,2,2,0,2
1349,2026-07-29 17:04:00,4034.0,0,1,1,1,1,1,0,1
1349,2026-07-29 17:04:00,4034.7,0,2,2,2,2,2,0,1
1349,2026-07-29 17:04:00,4035.1,0,1,1,1,1,1,0,1
1350,2026-07-29 17:05:00,4033.2,0,2,2,2,1,1,0,2
1350,2026-07-29 17:05:00,4033.7,1,0,1,-1,1,0,1,1
1350,2026-07-29 17:05:00,4033.8,1,0,1,-1,1,0,1,1
1350,2026-07-29 17:05:00,4034.0,1,0,1,-1,1,0,1,1
1350,2026-07-29 17:05:00,4034.1,0,1,1,1,1,1,0,1
1350,2026-07-29 17:05:00,4034.3,1,0,2,-1,2,0,1,1
1350,2026-07-29 17:05:00,4034.4,0,3,3,3,3,3,0,1
1351,2026-07-29 17:06:00,4034.8,0,1,1,1,1,1,0,1
1351,2026-07-29 17:06:00,4034.9,0,5,5,5,1,1,0,5
1351,2026-07-29 17:06:00,4035.0,0,2,2,2,1,1,0,2
1351,2026-07-29 17:06:00,4035.2,0,3,3,3,1,1,0,3
1351,2026-07-29 17:06:00,4035.3,0,1,1,1,1,1,0,1
1351,2026-07-29 17:06:00,4036.9,1,1,2,0,2,1,1,1
1351,2026-07-29 17:06:00,4037.0,0,3,3,3,1,1,0,3
1351,2026-07-29 17:06:00,4037.1,0,4,4,4,2,2,0,2
1351,2026-07-29 17:06:00,4037.2,1,3,4,2,4,3,1,1
1351,2026-07-29 17:06:00,4037.3,0,6,6,6,5,5,0,2
1351,2026-07-29 17:06:00,4037.4,0,2,2,2,1,1,0,2
1351,2026-07-29 17:06:00,4037.7,1,0,1,-1,1,0,1,1
1351,2026-07-29 17:06:00,4038.0,0,5,5,5,3,3,0,2
1352,2026-07-29 17:07:00,4037.0,0,0,1,0,1,0,0,1
1352,2026-07-29 17:07:00,4037.3,0,1,1,1,1,1,0,1
1352,2026-07-29 17:07:00,4037.5,0,1,1,1,1,1,0,1
1352,2026-07-29 17:07:00,4037.6,0,3,3,3,3,3,0,1
1352,2026-07-29 17:07:00,4037.8,1,1,2,0,2,1,1,1
1352,2026-07-29 17:07:00,4038.0,0,4,6,4,5,4,0,2
1352,2026-07-29 17:07:00,4038.2,0,1,1,1,1,1,0,1
1352,2026-07-29 17:07:00,4038.3,0,3,3,3,2,2,0,2
1353,2026-07-29 17:08:00,4036.8,1,0,1,-1,1,0,1,1
1353,2026-07-29 17:08:00,4037.4,0,1,1,1,1,1,0,1
1353,2026-07-29 17:08:00,4037.5,0,1,2,1,2,1,0,1
1353,2026-07-29 17:08:00,4037.7,1,5,6,4,3,2,1,4
1353,2026-07-29 17:08:00,4038.1,2,0,2,-2,1,0,1,2
1354,2026-07-29 17:09:00,4036.4,1,1,2,0,2,1,1,1
1354,2026-07-29 17:09:00,4036.7,1,0,1,-1,1,0,1,1
1354,2026-07-29 17:09:00,4036.8,0,1,1,1,1,1,0,1
1354,2026-07-29 17:09:00,4036.9,0,0,1,0,1,0,0,1
1354,2026-07-29 17:09:00,4037.2,0,2,2,2,2,2,0,1
1354,2026-07-29 17:09:00,4037.3,2,5,7,3,5,3,2,3
1354,2026-07-29 17:09:00,4037.4,0,1,1,1,1,1,0,1
1354,2026-07-29 17:09:00,4037.5,0,1,1,1,1,1,0,1
1354,2026-07-29 17:09:00,4037.8,0,1,1,1,1,1,0,1
1354,2026-07-29 17:09:00,4037.9,0,4,4,4,1,1,0,4
1355,2026-07-29 17:10:00,4035.4,0,1,1,1,1,1,0,1
1355,2026-07-29 17:10:00,4035.6,1,3,4,2,4,3,1,1
1355,2026-07-29 17:10:00,4035.7,0,0,1,0,1,0,0,1
1355,2026-07-29 17:10:00,4036.3,1,0,1,-1,1,0,1,1
1355,2026-07-29 17:10:00,4037.1,0,0,1,0,1,0,0,1
1355,2026-07-29 17:10:00,4037.3,1,1,2,0,2,1,1,1
1355,2026-07-29 17:10:00,4037.6,1,0,1,-1,1,0,1,1
1355,2026-07-29 17:10:00,4037.7,0,1,1,1,1,1,0,1
1355,2026-07-29 17:10:00,4037.8,0,2,2,2,1,1,0,2
1355,2026-07-29 17:10:00,4037.9,0,1,1,1,1,1,0,1
1355,2026-07-29 17:10:00,4038.1,0,1,1,1,1,1,0,1
1355,2026-07-29 17:10:00,4038.2,2,0,2,-2,2,0,2,1
1355,2026-07-29 17:10:00,4038.3,3,0,3,-3,3,0,3,1
1355,2026-07-29 17:10:00,4038.4,0,1,1,1,1,1,0,1
1355,2026-07-29 17:10:00,4038.6,0,1,1,1,1,1,0,1
1355,2026-07-29 17:10:00,4038.8,0,3,3,3,1,1,0,3
1356,2026-07-29 17:11:00,4037.4,1,0,1,-1,1,0,1,1
1356,2026-07-29 17:11:00,4037.7,0,1,1,1,1,1,0,1
1356,2026-07-29 17:11:00,4037.8,0,1,1,1,1,1,0,1
1356,2026-07-29 17:11:00,4037.9,0,6,6,6,1,1,0,6
1356,2026-07-29 17:11:00,4038.0,1,6,7,5,7,6,1,1
1356,2026-07-29 17:11:00,4038.1,0,3,4,3,3,2,0,2
1356,2026-07-29 17:11:00,4038.2,0,4,4,4,3,3,0,2
1356,2026-07-29 17:11:00,4038.3,0,4,4,4,4,4,0,1
1356,2026-07-29 17:11:00,4038.4,1,0,1,-1,1,0,1,1
1356,2026-07-29 17:11:00,4038.5,1,1,2,0,2,1,1,1
1356,2026-07-29 17:11:00,4038.6,0,1,1,1,1,1,0,1
1356,2026-07-29 17:11:00,4038.7,0,3,3,3,1,1,0,3
1356,2026-07-29 17:11:00,4039.1,1,0,1,-1,1,0,1,1
1356,2026-07-29 17:11:00,4039.2,0,2,2,2,2,2,0,1
1356,2026-07-29 17:11:00,4039.3,0,3,3,3,3,3,0,1
1356,2026-07-29 17:11:00,4039.4,0,3,3,3,2,2,0,2
1356,2026-07-29 17:11:00,4039.5,0,2,2,2,1,1,0,2
1357,2026-07-29 17:12:00,4038.5,2,0,2,-2,1,0,1,2
1357,2026-07-29 17:12:00,4038.8,1,1,2,0,2,1,1,1
1357,2026-07-29 17:12:00,4038.9,1,0,1,-1,1,0,1,1
1357,2026-07-29 17:12:00,4039.0,5,1,6,-4,3,1,2,3
1357,2026-07-29 17:12:00,4039.2,0,1,1,1,1,1,0,1
1357,2026-07-29 17:12:00,4039.4,0,1,1,1,1,1,0,1
1357,2026-07-29 17:12:00,4039.5,0,1,1,1,1,1,0,1
1357,2026-07-29 17:12:00,4040.0,0,3,3,3,3,3,0,1
1357,2026-07-29 17:12:00,4040.1,0,3,3,3,3,3,0,1
1357,2026-07-29 17:12:00,4040.2,0,1,1,1,1,1,0,1
1357,2026-07-29 17:12:00,4040.3,0,7,7,7,2,2,0,6
1357,2026-07-29 17:12:00,4040.4,1,0,1,-1,1,0,1,1
1357,2026-07-29 17:12:00,4040.6,0,4,4,4,2,2,0,3
1357,2026-07-29 17:12:00,4040.8,0,2,2,2,2,2,0,1
1357,2026-07-29 17:12:00,4041.1,0,2,2,2,2,2,0,1
1357,2026-07-29 17:12:00,4041.4,0,1,1,1,1,1,0,1
1358,2026-07-29 17:13:00,4041.7,1,0,1,-1,1,0,1,1
1358,2026-07-29 17:13:00,4041.8,0,2,2,2,2,2,0,1
1358,2026-07-29 17:13:00,4042.7,0,1,1,1,1,1,0,1
1358,2026-07-29 17:13:00,4043.2,1,0,4,-1,2,0,1,3
1358,2026-07-29 17:13:00,4043.4,0,2,2,2,1,1,0,2
1358,2026-07-29 17:13:00,4043.5,0,1,1,1,1,1,0,1
1358,2026-07-29 17:13:00,4043.7,0,1,1,1,1,1,0,1
1358,2026-07-29 17:13:00,4043.8,0,2,2,2,2,2,0,1
1358,2026-07-29 17:13:00,4044.3,0,1,1,1,1,1,0,1
1358,2026-07-29 17:13:00,4044.5,0,2,5,2,4,1,0,2
1358,2026-07-29 17:13:00,4044.6,0,1,1,1,1,1,0,1
1358,2026-07-29 17:13:00,4044.7,0,0,1,0,1,0,0,1
1358,2026-07-29 17:13:00,4045.0,0,0,1,0,1,0,0,1
1358,2026-07-29 17:13:00,4045.2,1,0,1,-1,1,0,1,1
1358,2026-07-29 17:13:00,4045.3,2,0,2,-2,2,0,2,1
1358,2026-07-29 17:13:00,4045.4,1,0,2,-1,2,0,1,1
1358,2026-07-29 17:13:00,4045.5,1,0,1,-1,1,0,1,1
1358,2026-07-29 17:13:00,4045.6,1,3,4,2,3,2,1,2
1358,2026-07-29 17:13:00,4045.7,1,0,1,-1,1,0,1,1
1358,2026-07-29 17:13:00,4045.9,0,1,1,1,1,1,0,1
1358,2026-07-29 17:13:00,4046.1,0,1,1,1,1,1,0,1
1358,2026-07-29 17:13:00,4046.2,1,0,1,-1,1,0,1,1
1358,2026-07-29 17:13:00,4046.3,6,0,6,-6,3,0,3,3
1358,2026-07-29 17:13:00,4046.4,1,1,2,0,2,1,1,1
1358,2026-07-29 17:13:00,4046.5,2,8,10,6,4,3,1,5
1358,2026-07-29 17:13:00,4046.6,1,1,2,0,2,1,1,1
1358,2026-07-29 17:13:00,4046.7,1,0,3,-1,2,0,1,2
1358,2026-07-29 17:13:00,4046.8,1,10,12,9,5,3,1,5
1358,2026-07-29 17:13:00,4046.9,0,6,6,6,2,2,0,5
1358,2026-07-29 17:13:00,4047.2,1,1,2,0,2,1,1,1
1358,2026-07-29 17:13:00,4047.5,0,1,1,1,1,1,0,1
1358,2026-07-29 17:13:00,4047.7,0,0,1,0,1,0,0,1
1358,2026-07-29 17:13:00,4047.9,0,0,8,0,2,0,0,7
1359,2026-07-29 17:14:00,4039.2,2,0,2,-2,2,0,2,1
1359,2026-07-29 17:14:00,4039.4,0,4,4,4,4,4,0,1
1359,2026-07-29 17:14:00,4039.5,0,2,2,2,2,2,0,1
1359,2026-07-29 17:14:00,4039.7,0,2,2,2,2,2,0,1
1359,2026-07-29 17:14:00,4039.8,3,0,3,-3,2,0,2,2
1359,2026-07-29 17:14:00,4039.9,1,0,1,-1,1,0,1,1
1359,2026-07-29 17:14:00,4040.0,1,0,2,-1,2,0,1,1
1359,2026-07-29 17:14:00,4040.1,1,1,6,0,5,1,1,2
1359,2026-07-29 17:14:00,4040.3,1,2,3,1,3,2,1,1
1359,2026-07-29 17:14:00,4040.4,5,1,9,-4,6,1,3,3
1359,2026-07-29 17:14:00,4040.5,0,3,3,3,2,2,0,2
1359,2026-07-29 17:14:00,4040.6,1,1,2,0,2,1,1,1
1359,2026-07-29 17:14:00,4040.9,2,0,3,-2,2,0,1,2
1359,2026-07-29 17:14:00,4041.0,1,0,2,-1,2,0,1,1
1359,2026-07-29 17:14:00,4041.1,0,1,1,1,1,1,0,1
1359,2026-07-29 17:14:00,4041.5,0,0,1,0,1,0,0,1
1359,2026-07-29 17:14:00,4041.6,0,1,1,1,1,1,0,1
1359,2026-07-29 17:14:00,4041.7,0,5,5,5,3,3,0,3
1359,2026-07-29 17:14:00,4041.8,0,1,1,1,1,1,0,1
1359,2026-07-29 17:14:00,4042.0,0,0,1,0,1,0,0,1
1359,2026-07-29 17:14:00,4042.1,1,0,2,-1,2,0,1,1
1359,2026-07-29 17:14:00,4042.3,0,0,1,0,1,0,0,1
1359,2026-07-29 17:14:00,4042.4,1,0,1,-1,1,0,1,1
1359,2026-07-29 17:14:00,4042.6,0,1,1,1,1,1,0,1
1359,2026-07-29 17:14:00,4044.5,1,0,1,-1,1,0,1,1
1359,2026-07-29 17:14:00,4045.4,0,1,1,1,1,1,0,1
1360,2026-07-29 17:15:00,4038.8,0,1,1,1,1,1,0,1
1360,2026-07-29 17:15:00,4038.9,2,0,2,-2,1,0,1,2
1360,2026-07-29 17:15:00,4039.0,0,1,1,1,1,1,0,1
1360,2026-07-29 17:15:00,4039.1,0,1,1,1,1,1,0,1
1360,2026-07-29 17:15:00,4039.2,0,1,1,1,1,1,0,1
1360,2026-07-29 17:15:00,4039.4,0,1,1,1,1,1,0,1
1360,2026-07-29 17:15:00,4039.5,0,3,3,3,3,3,0,1
1360,2026-07-29 17:15:00,4039.6,2,0,2,-2,1,0,1,2
1360,2026-07-29 17:15:00,4039.8,0,1,1,1,1,1,0,1
1360,2026-07-29 17:15:00,4040.0,0,1,1,1,1,1,0,1
1360,2026-07-29 17:15:00,4040.3,1,0,2,-1,2,0,1,1
1360,2026-07-29 17:15:00,4040.6,1,1,2,0,2,1,1,1
1360,2026-07-29 17:15:00,4040.8,2,0,2,-2,2,0,2,1
1360,2026-07-29 17:15:00,4040.9,2,0,3,-2,3,0,2,1
1360,2026-07-29 17:15:00,4041.0,0,1,1,1,1,1,0,1
1360,2026-07-29 17:15:00,4041.1,0,1,1,1,1,1,0,1
1360,2026-07-29 17:15:00,4041.2,0,1,1,1,1,1,0,1
1360,2026-07-29 17:15:00,4041.4,0,3,3,3,3,3,0,1
1361,2026-07-29 17:16:00,4041.7,0,0,2,0,2,0,0,1
1361,2026-07-29 17:16:00,4041.8,0,1,1,1,1,1,0,1
1361,2026-07-29 17:16:00,4042.2,0,1,1,1,1,1,0,1
1361,2026-07-29 17:16:00,4042.3,0,3,6,3,3,2,0,3
1361,2026-07-29 17:16:00,4042.5,1,1,3,0,3,1,1,1
1361,2026-07-29 17:16:00,4042.6,0,1,1,1,1,1,0,1
1361,2026-07-29 17:16:00,4042.7,0,1,2,1,2,1,0,1
1361,2026-07-29 17:16:00,4042.8,0,1,1,1,1,1,0,1
1361,2026-07-29 17:16:00,4043.1,2,0,2,-2,2,0,2,1
1361,2026-07-29 17:16:00,4043.2,1,0,1,-1,1,0,1,1
1361,2026-07-29 17:16:00,4043.3,1,0,1,-1,1,0,1,1
1361,2026-07-29 17:16:00,4043.4,0,4,4,4,4,4,0,1
1361,2026-07-29 17:16:00,4043.5,1,0,1,-1,1,0,1,1
1361,2026-07-29 17:16:00,4043.6,0,3,3,3,2,2,0,2
1361,2026-07-29 17:16:00,4043.7,4,0,4,-4,2,0,2,3
1361,2026-07-29 17:16:00,4043.8,1,0,1,-1,1,0,1,1
1361,2026-07-29 17:16:00,4043.9,1,0,1,-1,1,0,1,1
1361,2026-07-29 17:16:00,4044.0,0,3,3,3,3,3,0,1
1361,2026-07-29 17:16:00,4044.1,0,1,1,1,1,1,0,1
1361,2026-07-29 17:16:00,4044.2,0,3,3,3,2,2,0,2
1362,2026-07-29 17:17:00,4042.8,1,0,1,-1,1,0,1,1
1362,2026-07-29 17:17:00,4043.3,0,2,2,2,2,2,0,1
1362,2026-07-29 17:17:00,4043.5,1,0,1,-1,1,0,1,1
1362,2026-07-29 17:17:00,4043.6,1,0,1,-1,1,0,1,1
1362,2026-07-29 17:17:00,4043.7,1,0,1,-1,1,0,1,1
1362,2026-07-29 17:17:00,4043.8,1,0,1,-1,1,0,1,1
1362,2026-07-29 17:17:00,4043.9,2,0,2,-2,1,0,1,2
1362,2026-07-29 17:17:00,4044.0,0,1,1,1,1,1,0,1
1362,2026-07-29 17:17:00,4044.1,0,1,1,1,1,1,0,1
1362,2026-07-29 17:17:00,4044.2,1,0,1,-1,1,0,1,1
1362,2026-07-29 17:17:00,4044.4,0,1,1,1,1,1,0,1
1362,2026-07-29 17:17:00,4044.6,0,4,4,4,4,4,0,1
1362,2026-07-29 17:17:00,4044.9,0,0,1,0,1,0,0,1
1362,2026-07-29 17:17:00,4045.1,0,1,1,1,1,1,0,1
1362,2026-07-29 17:17:00,4045.3,0,1,1,1,1,1,0,1
1362,2026-07-29 17:17:00,4045.4,0,1,1,1,1,1,0,1
1363,2026-07-29 17:18:00,4042.2,0,1,1,1,1,1,0,1
1363,2026-07-29 17:18:00,4042.4,1,0,1,-1,1,0,1,1
1363,2026-07-29 17:18:00,4042.5,2,0,2,-2,2,0,2,1
1363,2026-07-29 17:18:00,4042.6,0,1,1,1,1,1,0,1
1363,2026-07-29 17:18:00,4042.8,1,0,1,-1,1,0,1,1
1363,2026-07-29 17:18:00,4043.0,1,1,2,0,2,1,1,1
1363,2026-07-29 17:18:00,4043.2,2,0,2,-2,1,0,1,2
1363,2026-07-29 17:18:00,4043.4,1,0,1,-1,1,0,1,1
1363,2026-07-29 17:18:00,4043.6,3,1,4,-2,2,1,1,3
1363,2026-07-29 17:18:00,4043.7,2,0,2,-2,1,0,1,2
1363,2026-07-29 17:18:00,4043.8,0,1,1,1,1,1,0,1
1363,2026-07-29 17:18:00,4043.9,2,2,5,0,5,2,2,1
1363,2026-07-29 17:18:00,4044.1,0,1,1,1,1,1,0,1
1363,2026-07-29 17:18:00,4044.3,0,1,1,1,1,1,0,1
1364,2026-07-29 17:19:00,4041.5,1,0,1,-1,1,0,1,1
1364,2026-07-29 17:19:00,4041.6,2,0,2,-2,2,0,2,1
1364,2026-07-29 17:19:00,4041.8,2,0,2,-2,1,0,1,2
1364,2026-07-29 17:19:00,4041.9,1,0,1,-1,1,0,1,1
1364,2026-07-29 17:19:00,4042.1,0,1,3,1,3,1,0,1
1364,2026-07-29 17:19:00,4042.2,1,1,3,0,3,1,1,1
1364,2026-07-29 17:19:00,4042.3,1,0,1,-1,1,0,1,1
1364,2026-07-29 17:19:00,4042.4,3,3,6,0,4,2,2,2
1364,2026-07-29 17:19:00,4042.5,0,1,1,1,1,1,0,1
1364,2026-07-29 17:19:00,4042.6,1,1,2,0,2,1,1,1
1364,2026-07-29 17:19:00,4043.0,1,0,1,-1,1,0,1,1
1364,2026-07-29 17:19:00,4043.1,0,4,4,4,1,1,0,4
1364,2026-07-29 17:19:00,4043.2,0,1,1,1,1,1,0,1
1365,2026-07-29 17:20:00,4044.0,2,2,4,0,3,1,2,2
1365,2026-07-29 17:20:00,4044.1,0,6,7,6,4,3,0,3
1365,2026-07-29 17:20:00,4044.2,0,5,5,5,2,2,0,4
1365,2026-07-29 17:20:00,4044.3,0,2,2,2,1,1,0,2
1365,2026-07-29 17:20:00,4044.8,1,0,1,-1,1,0,1,1
1365,2026-07-29 17:20:00,4045.0,0,2,2,2,1,1,0,2
1365,2026-07-29 17:20:00,4045.4,1,0,1,-1,1,0,1,1
1365,2026-07-29 17:20:00,4045.7,0,1,1,1,1,1,0,1
1365,2026-07-29 17:20:00,4045.8,0,0,1,0,1,0,0,1
1365,2026-07-29 17:20:00,4046.2,0,1,1,1,1,1,0,1
1366,2026-07-29 17:21:00,4044.3,3,0,3,-3,1,0,1,3
1366,2026-07-29 17:21:00,4044.4,3,0,3,-3,2,0,2,2
1366,2026-07-29 17:21:00,4044.5,1,1,2,0,2,1,1,1
1366,2026-07-29 17:21:00,4044.8,0,1,1,1,1,1,0,1
1366,2026-07-29 17:21:00,4045.0,0,1,3,1,3,1,0,1
1366,2026-07-29 17:21:00,4045.1,0,1,1,1,1,1,0,1
1366,2026-07-29 17:21:00,4045.3,0,1,1,1,1,1,0,1
1366,2026-07-29 17:21:00,4045.4,0,1,1,1,1,1,0,1
1367,2026-07-29 17:22:00,4045.8,1,0,4,-1,2,0,1,3
1367,2026-07-29 17:22:00,4046.0,0,6,7,6,4,3,0,4
1367,2026-07-29 17:22:00,4046.1,0,2,2,2,1,1,0,2
1367,2026-07-29 17:22:00,4046.2,0,5,8,5,4,2,0,3
1367,2026-07-29 17:22:00,4046.3,0,2,2,2,1,1,0,2
1367,2026-07-29 17:22:00,4046.4,0,7,7,7,5,5,0,2
1367,2026-07-29 17:22:00,4046.5,0,4,4,4,2,2,0,3
1367,2026-07-29 17:22:00,4046.7,0,1,1,1,1,1,0,1
1367,2026-07-29 17:22:00,4046.8,0,2,2,2,1,1,0,2
1367,2026-07-29 17:22:00,4046.9,0,3,3,3,1,1,0,3
1367,2026-07-29 17:22:00,4047.0,0,2,2,2,1,1,0,2
1367,2026-07-29 17:22:00,4047.1,0,2,2,2,2,2,0,1
1367,2026-07-29 17:22:00,4047.7,0,1,1,1,1,1,0,1
1368,2026-07-29 17:23:00,4045.4,4,0,4,-4,2,0,2,3
1368,2026-07-29 17:23:00,4045.5,1,0,1,-1,1,0,1,1
1368,2026-07-29 17:23:00,4045.6,1,0,1,-1,1,0,1,1
1368,2026-07-29 17:23:00,4046.2,0,2,3,2,3,2,0,1
1368,2026-07-29 17:23:00,4046.6,0,2,2,2,1,1,0,2
1368,2026-07-29 17:23:00,4046.8,1,0,2,-1,2,0,1,1
1368,2026-07-29 17:23:00,4047.0,0,1,5,1,4,1,0,2
1368,2026-07-29 17:23:00,4047.3,3,0,5,-3,2,0,1,3
1368,2026-07-29 17:23:00,4047.4,1,0,1,-1,1,0,1,1
1368,2026-07-29 17:23:00,4047.5,0,1,5,1,2,1,0,4
1368,2026-07-29 17:23:00,4047.6,0,1,1,1,1,1,0,1
1368,2026-07-29 17:23:00,4047.9,0,1,1,1,1,1,0,1
1368,2026-07-29 17:23:00,4048.0,0,1,1,1,1,1,0,1
1368,2026-07-29 17:23:00,4048.1,0,1,1,1,1,1,0,1
1368,2026-07-29 17:23:00,4048.2,1,0,1,-1,1,0,1,1
1368,2026-07-29 17:23:00,4048.3,4,1,6,-3,4,1,2,3
1369,2026-07-29 17:24:00,4043.9,1,0,2,-1,2,0,1,1
1369,2026-07-29 17:24:00,4044.4,0,1,2,1,2,1,0,1
1369,2026-07-29 17:24:00,4044.5,1,0,1,-1,1,0,1,1
1369,2026-07-29 17:24:00,4044.6,1,1,2,0,2,1,1,1
1369,2026-07-29 17:24:00,4044.7,1,0,1,-1,1,0,1,1
1369,2026-07-29 17:24:00,4044.8,3,0,3,-3,2,0,2,2
1369,2026-07-29 17:24:00,4044.9,3,0,3,-3,1,0,1,3
1369,2026-07-29 17:24:00,4045.0,1,0,4,-1,2,0,1,3
1369,2026-07-29 17:24:00,4045.2,2,1,3,-1,2,1,1,2
1369,2026-07-29 17:24:00,4045.3,0,1,1,1,1,1,0,1
1369,2026-07-29 17:24:00,4046.0,0,1,1,1,1,1,0,1
1370,2026-07-29 17:25:00,4040.4,1,0,1,-1,1,0,1,1
1370,2026-07-29 17:25:00,4040.5,4,0,4,-4,3,0,3,2
1370,2026-07-29 17:25:00,4040.6,3,0,3,-3,1,0,1,3
1370,2026-07-29 17:25:00,4040.7,2,0,2,-2,1,0,1,2
1370,2026-07-29 17:25:00,4040.8,3,0,3,-3,1,0,1,3
1370,2026-07-29 17:25:00,4040.9,3,0,3,-3,2,0,2,2
1370,2026-07-29 17:25:00,4041.0,3,0,3,-3,2,0,2,2
1370,2026-07-29 17:25:00,4041.1,1,0,1,-1,1,0,1,1
1370,2026-07-29 17:25:00,4041.2,1,0,1,-1,1,0,1,1
1370,2026-07-29 17:25:00,4041.3,5,0,6,-5,5,0,4,2
1370,2026-07-29 17:25:00,4041.4,9,1,12,-8,5,1,3,3
1370,2026-07-29 17:25:00,4041.5,1,2,3,1,3,2,1,1
1370,2026-07-29 17:25:00,4041.7,0,0,2,0,1,0,0,2
1370,2026-07-29 17:25:00,4042.5,0,0,2,0,1,0,0,2
1370,2026-07-29 17:25:00,4043.2,0,0,1,0,1,0,0,1
1370,2026-07-29 17:25:00,4045.2,0,2,2,2,2,2,0,1
1370,2026-07-29 17:25:00,4045.3,1,0,2,-1,2,0,1,1
1370,2026-07-29 17:25:00,4045.5,1,0,1,-1,1,0,1,1
1371,2026-07-29 17:26:00,4040.4,2,0,2,-2,1,0,1,2
1371,2026-07-29 17:26:00,4040.5,1,0,1,-1,1,0,1,1
1371,2026-07-29 17:26:00,4040.7,0,1,1,1,1,1,0,1
1371,2026-07-29 17:26:00,4040.9,1,0,1,-1,1,0,1,1
1371,2026-07-29 17:26:00,4041.0,1,0,1,-1,1,0,1,1
1371,2026-07-29 17:26:00,4041.2,1,0,3,-1,2,0,1,2
1371,2026-07-29 17:26:00,4041.3,0,0,1,0,1,0,0,1
1371,2026-07-29 17:26:00,4041.4,0,1,1,1,1,1,0,1
1371,2026-07-29 17:26:00,4041.6,0,2,2,2,2,2,0,1
1371,2026-07-29 17:26:00,4041.7,0,2,2,2,1,1,0,2
1371,2026-07-29 17:26:00,4041.8,0,3,3,3,1,1,0,3
1371,2026-07-29 17:26:00,4041.9,0,8,8,8,1,1,0,8
1371,2026-07-29 17:26:00,4042.0,0,1,1,1,1,1,0,1
1371,2026-07-29 17:26:00,4042.1,0,2,2,2,1,1,0,2
1372,2026-07-29 17:27:00,4040.1,1,0,1,-1,1,0,1,1
1372,2026-07-29 17:27:00,4040.3,3,0,3,-3,1,0,1,3
1372,2026-07-29 17:27:00,4040.5,1,1,2,0,2,1,1,1
1372,2026-07-29 17:27:00,4040.6,0,2,2,2,2,2,0,1
1372,2026-07-29 17:27:00,4040.8,3,4,7,1,5,2,3,3
1372,2026-07-29 17:27:00,4040.9,0,0,2,0,1,0,0,2
1372,2026-07-29 17:27:00,4041.0,0,1,1,1,1,1,0,1
1372,2026-07-29 17:27:00,4041.2,1,1,2,0,2,1,1,1
1372,2026-07-29 17:27:00,4041.8,0,1,1,1,1,1,0,1
1373,2026-07-29 17:28:00,4036.4,0,0,1,0,1,0,0,1
1373,2026-07-29 17:28:00,4036.6,3,0,3,-3,3,0,3,1
1373,2026-07-29 17:28:00,4036.7,3,0,3,-3,1,0,1,3
1373,2026-07-29 17:28:00,4036.8,3,0,3,-3,1,0,1,3
1373,2026-07-29 17:28:00,4036.9,7,0,7,-7,1,0,1,7
1373,2026-07-29 17:28:00,4037.0,3,0,3,-3,2,0,2,2
1373,2026-07-29 17:28:00,4037.1,1,0,1,-1,1,0,1,1
1373,2026-07-29 17:28:00,4037.2,1,0,1,-1,1,0,1,1
1373,2026-07-29 17:28:00,4037.7,2,0,2,-2,1,0,1,2
1373,2026-07-29 17:28:00,4037.9,2,0,2,-2,1,0,1,2
1373,2026-07-29 17:28:00,4038.0,2,0,2,-2,2,0,2,1
1373,2026-07-29 17:28:00,4038.1,1,0,1,-1,1,0,1,1
1373,2026-07-29 17:28:00,4038.2,2,0,3,-2,3,0,2,1
1373,2026-07-29 17:28:00,4038.4,0,1,1,1,1,1,0,1
1373,2026-07-29 17:28:00,4038.5,1,1,2,0,2,1,1,1
1373,2026-07-29 17:28:00,4038.7,0,2,5,2,4,2,0,2
1373,2026-07-29 17:28:00,4038.8,0,1,1,1,1,1,0,1
1373,2026-07-29 17:28:00,4038.9,0,1,1,1,1,1,0,1
1373,2026-07-29 17:28:00,4039.3,0,0,1,0,1,0,0,1
1373,2026-07-29 17:28:00,4040.0,1,0,1,-1,1,0,1,1
1373,2026-07-29 17:28:00,4040.4,0,2,6,2,4,2,0,3
1373,2026-07-29 17:28:00,4040.8,0,1,1,1,1,1,0,1
1374,2026-07-29 17:29:00,4034.9,1,0,2,-1,2,0,1,1
1374,2026-07-29 17:29:00,4035.0,2,0,4,-2,4,0,2,1
1374,2026-07-29 17:29:00,4035.1,2,2,5,0,4,1,2,2
1374,2026-07-29 17:29:00,4035.2,2,2,8,0,8,2,2,1
1374,2026-07-29 17:29:00,4035.3,2,2,6,0,6,2,2,1
1374,2026-07-29 17:29:00,4035.4,1,4,5,3,5,4,1,1
1374,2026-07-29 17:29:00,4035.5,1,5,7,4,6,4,1,2
1374,2026-07-29 17:29:00,4035.6,1,4,10,3,10,4,1,1
1374,2026-07-29 17:29:00,4035.7,1,13,15,12,13,11,1,3
1374,2026-07-29 17:29:00,4035.8,5,4,11,-1,11,4,5,1
1374,2026-07-29 17:29:00,4035.9,0,8,10,8,8,6,0,2
1374,2026-07-29 17:29:00,4036.0,15,1,24,-14,7,1,5,8
1374,2026-07-29 17:29:00,4036.1,2,5,9,3,9,5,2,1
1374,2026-07-29 17:29:00,4036.2,6,6,13,0,7,4,2,4
1374,2026-07-29 17:29:00,4036.3,6,3,10,-3,8,3,4,3
1374,2026-07-29 17:29:00,4036.4,2,0,2,-2,2,0,2,1
1374,2026-07-29 17:29:00,4036.5,4,8,12,4,4,2,2,7
1374,2026-07-29 17:29:00,4036.6,5,4,10,-1,7,2,4,2
1374,2026-07-29 17:29:00,4036.7,2,7,12,5,10,5,2,2
1374,2026-07-29 17:29:00,4036.8,5,5,11,0,8,4,3,3
1374,2026-07-29 17:29:00,4036.9,1,3,5,2,5,3,1,1
1374,2026-07-29 17:29:00,4037.0,1,5,7,4,6,4,1,2
1374,2026-07-29 17:29:00,4037.1,0,1,2,1,2,1,0,1
1374,2026-07-29 17:29:00,4037.2,3,4,9,1,7,2,3,3
1374,2026-07-29 17:29:00,4037.3,7,3,13,-4,8,2,4,3
1374,2026-07-29 17:29:00,4037.4,3,4,11,1,10,4,3,2
1374,2026-07-29 17:29:00,4037.5,0,2,5,2,4,2,0,2
1374,2026-07-29 17:29:00,4037.6,1,5,8,4,6,3,1,3
1374,2026-07-29 17:29:00,4037.7,3,2,5,-1,5,2,3,1
1375,2026-07-29 17:30:00,4035.5,0,0,1,0,1,0,0,1
1375,2026-07-29 17:30:00,4035.8,1,0,1,-1,1,0,1,1
1375,2026-07-29 17:30:00,4035.9,1,0,1,-1,1,0,1,1
1375,2026-07-29 17:30:00,4036.3,1,0,1,-1,1,0,1,1
1375,2026-07-29 17:30:00,4036.4,1,0,1,-1,1,0,1,1
1375,2026-07-29 17:30:00,4036.5,1,0,1,-1,1,0,1,1
1375,2026-07-29 17:30:00,4036.6,4,0,4,-4,1,0,1,4
1375,2026-07-29 17:30:00,4036.7,1,0,1,-1,1,0,1,1
1375,2026-07-29 17:30:00,4036.9,0,0,1,0,1,0,0,1
1375,2026-07-29 17:30:00,4037.0,3,0,3,-3,3,0,3,1
1375,2026-07-29 17:30:00,4037.5,1,0,1,-1,1,0,1,1
1375,2026-07-29 17:30:00,4038.2,0,0,1,0,1,0,0,1
1376,2026-07-29 17:31:00,4037.2,0,1,1,1,1,1,0,1
1376,2026-07-29 17:31:00,4037.4,0,1,1,1,1,1,0,1
1376,2026-07-29 17:31:00,4037.8,1,0,1,-1,1,0,1,1
1377,2026-07-29 17:32:00,4038.5,0,0,1,0,1,0,0,1
1377,2026-07-29 17:32:00,4038.6,0,0,1,0,1,0,0,1
1377,2026-07-29 17:32:00,4038.7,0,0,5,0,4,0,0,2
1377,2026-07-29 17:32:00,4039.1,2,0,2,-2,1,0,1,2
1377,2026-07-29 17:32:00,4039.2,4,0,4,-4,1,0,1,4
1377,2026-07-29 17:32:00,4039.3,2,0,2,-2,1,0,1,2
1377,2026-07-29 17:32:00,4039.5,0,1,1,1,1,1,0,1
1378,2026-07-29 17:33:00,4038.2,0,1,1,1,1,1,0,1
1379,2026-07-29 17:34:00,4037.2,0,1,1,1,1,1,0,1
1379,2026-07-29 17:34:00,4037.4,0,1,1,1,1,1,0,1
1379,2026-07-29 17:34:00,4037.6,0,1,1,1,1,1,0,1
1379,2026-07-29 17:34:00,4037.8,0,1,1,1,1,1,0,1
1380,2026-07-29 17:35:00,4034.3,0,0,1,0,1,0,0,1
1380,2026-07-29 17:35:00,4034.8,0,0,1,0,1,0,0,1
1380,2026-07-29 17:35:00,4034.9,0,0,1,0,1,0,0,1
1380,2026-07-29 17:35:00,4035.1,0,1,1,1,1,1,0,1
1380,2026-07-29 17:35:00,4035.2,1,0,1,-1,1,0,1,1
1380,2026-07-29 17:35:00,4035.3,2,0,2,-2,2,0,2,1
1380,2026-07-29 17:35:00,4035.8,1,1,2,0,2,1,1,1
1380,2026-07-29 17:35:00,4036.0,1,0,1,-1,1,0,1,1
1380,2026-07-29 17:35:00,4036.1,2,0,2,-2,2,0,2,1
1380,2026-07-29 17:35:00,4036.6,3,0,4,-3,2,0,1,3
