bar_idx,datetime,open,high,low,close,bar_volume,bar_ticks,bid_vol,ask_vol,volume,delta,delta_finish,max_delta,min_delta,cum_delta,trades,buy_trades,sell_trades,max_one_trade,avg_size,avg_buy_size,avg_sell_size,levels,poc_price,poc_volume,open_interest
0,2026-07-28 16:32:00,4041.5,4044.1,4041.3,4043.8,172,134,78,90,172,12,12,12,12,12,134,0,0,0,1.2836,0,0,24,4043.7,48,109686
1,2026-07-28 16:33:00,4043.8,4044.0,4043.2,4043.6,28,27,16,12,28,-4,-4,-4,-4,8,27,0,0,0,1.037,0,0,8,4043.7,9,109686
2,2026-07-28 16:34:00,4043.6,4044.0,4043.0,4043.0,66,60,40,23,66,-17,-17,-17,-17,-9,60,0,0,0,1.1,0,0,11,4043.5,17,109686
3,2026-07-28 16:35:00,4043.1,4043.9,4043.0,4043.9,41,35,14,23,41,9,9,9,9,0,35,0,0,0,1.1714,0,0,10,4043.2,11,109686
4,2026-07-28 16:36:00,4044.0,4044.0,4042.4,4042.7,67,65,37,24,67,-13,-13,-13,-13,-13,65,0,0,0,1.0308,0,0,16,4042.7,12,109686
5,2026-07-28 16:37:00,4042.6,4042.6,4041.6,4042.3,43,41,27,16,43,-11,-11,-11,-11,-24,41,0,0,0,1.0488,0,0,10,4041.8,12,109686
6,2026-07-28 16:38:00,4042.4,4043.1,4042.2,4043.1,30,24,10,17,30,7,7,7,7,-17,24,0,0,0,1.25,0,0,9,4042.5,11,109686
7,2026-07-28 16:39:00,4042.9,4043.2,4042.1,4042.1,18,18,10,6,18,-4,-4,-4,-4,-21,18,0,0,0,1,0,0,9,4043.0,4,109686
8,2026-07-28 16:40:00,4042.3,4043.5,4042.2,4042.6,37,37,8,21,37,13,13,13,13,-8,37,0,0,0,1,0,0,14,4043.0,8,109686
9,2026-07-28 16:41:00,4042.4,4042.4,4041.3,4041.8,36,35,23,11,36,-12,-12,-12,-12,-20,35,0,0,0,1.0286,0,0,8,4041.5,13,109686
10,2026-07-28 16:42:00,4041.6,4042.0,4041.1,4041.6,46,34,14,31,46,17,17,17,17,-3,34,0,0,0,1.3529,0,0,10,4041.6,21,109686
11,2026-07-28 16:43:00,4041.7,4042.4,4041.7,4042.3,20,17,7,9,20,2,2,2,2,-1,17,0,0,0,1.1765,0,0,7,4042.2,6,109686
12,2026-07-28 16:44:00,4042.1,4042.2,4040.4,4041.0,64,60,40,20,64,-20,-20,-20,-20,-21,60,0,0,0,1.0667,0,0,19,4041.0,7,109686
13,2026-07-28 16:45:00,4040.7,4041.7,4039.8,4039.9,122,119,57,52,122,-5,-5,-5,-5,-26,119,0,0,0,1.0252,0,0,20,4041.0,15,109686
14,2026-07-28 16:46:00,4040.0,4040.3,4038.1,4038.4,131,99,52,65,131,13,13,13,13,-13,99,0,0,0,1.3232,0,0,22,4040.0,36,109686
15,2026-07-28 16:47:00,4038.3,4040.5,4038.0,4039.5,158,126,81,69,158,-12,-12,-12,-12,-25,126,0,0,0,1.254,0,0,26,4039.9,31,109686
16,2026-07-28 16:48:00,4039.6,4039.8,4038.2,4038.4,94,78,59,29,94,-30,-30,-30,-30,-55,78,0,0,0,1.2051,0,0,17,4038.6,17,109686
17,2026-07-28 16:49:00,4038.5,4039.0,4037.7,4038.1,117,89,54,54,117,0,0,0,0,-55,89,0,0,0,1.3146,0,0,13,4037.9,47,109686
18,2026-07-28 16:50:00,4038.1,4038.7,4037.8,4037.8,68,63,35,21,68,-14,-14,-14,-14,-69,63,0,0,0,1.0794,0,0,10,4038.3,16,109686
19,2026-07-28 16:51:00,4037.6,4038.7,4037.6,4038.7,37,29,16,15,37,-1,-1,-1,-1,-70,29,0,0,0,1.2759,0,0,12,4037.6,8,109686
20,2026-07-28 16:52:00,4038.3,4038.5,4037.3,4037.3,50,44,34,14,50,-20,-20,-20,-20,-90,44,0,0,0,1.1364,0,0,12,4038.3,9,109686
21,2026-07-28 16:53:00,4037.7,4038.3,4036.9,4037.9,40,40,25,11,40,-14,-14,-14,-14,-104,40,0,0,0,1,0,0,15,4037.9,7,109686
22,2026-07-28 16:54:00,4037.9,4038.6,4037.9,4038.6,19,16,2,16,19,14,14,14,14,-90,16,0,0,0,1.1875,0,0,7,4038.2,6,109686
23,2026-07-28 16:55:00,4038.5,4038.5,4037.8,4037.8,27,25,14,10,27,-4,-4,-4,-4,-94,25,0,0,0,1.08,0,0,8,4038.0,8,109686
24,2026-07-28 16:56:00,4037.7,4037.7,4036.6,4037.2,57,44,43,8,57,-35,-35,-35,-35,-129,44,0,0,0,1.2955,0,0,11,4037.7,8,109686
25,2026-07-28 16:57:00,4037.0,4037.4,4037.0,4037.2,14,12,8,3,14,-5,-5,-5,-5,-134,12,0,0,0,1.1667,0,0,4,4037.2,8,109686
26,2026-07-28 16:58:00,4037.2,4037.5,4037.0,4037.0,17,16,6,11,17,5,5,5,5,-129,16,0,0,0,1.0625,0,0,5,4037.3,10,109686
27,2026-07-28 16:59:00,4037.6,4038.3,4037.0,4037.6,90,67,10,73,90,63,63,63,63,-66,67,0,0,0,1.3433,0,0,14,4038.0,24,109686
28,2026-07-28 17:00:00,4037.9,4039.0,4037.7,4038.4,36,34,23,7,36,-16,-16,-16,-16,-16,34,0,0,0,1.0588,0,0,12,4038.5,6,109686
29,2026-07-28 17:01:00,4038.3,4039.4,4038.3,4039.1,31,25,14,14,31,0,0,0,0,-16,25,0,0,0,1.24,0,0,10,4039.0,9,109686
30,2026-07-28 17:02:00,4038.7,4039.5,4037.6,4038.2,59,54,21,33,59,12,12,12,12,-4,54,0,0,0,1.0926,0,0,17,4039.4,11,109686
31,2026-07-28 17:03:00,4037.9,4039.0,4037.7,4037.8,69,59,32,20,69,-12,-12,-12,-12,-16,59,0,0,0,1.1695,0,0,14,4037.9,14,109686
32,2026-07-28 17:04:00,4038.0,4040.4,4038.0,4040.0,77,74,9,64,77,55,55,55,55,39,74,0,0,0,1.0405,0,0,21,4040.0,32,109686
33,2026-07-28 17:05:00,4040.2,4041.5,4039.8,4040.6,68,60,36,29,68,-7,-7,-7,-7,32,60,0,0,0,1.1333,0,0,15,4041.0,14,109686
34,2026-07-28 17:06:00,4040.3,4040.7,4038.4,4039.7,96,83,57,30,96,-27,-27,-27,-27,5,83,0,0,0,1.1566,0,0,22,4040.0,15,109686
35,2026-07-28 17:07:00,4039.7,4040.5,4039.7,4040.1,16,16,12,4,16,-8,-8,-8,-8,-3,16,0,0,0,1,0,0,8,4040.2,4,109686
36,2026-07-28 17:08:00,4040.0,4040.4,4039.4,4039.6,78,56,49,23,78,-26,-26,-26,-26,-29,56,0,0,0,1.3929,0,0,11,4040.0,30,109686
37,2026-07-28 17:09:00,4039.4,4039.7,4038.5,4038.7,38,34,25,9,38,-16,-16,-16,-16,-45,34,0,0,0,1.1176,0,0,11,4038.7,10,109686
38,2026-07-28 17:10:00,4038.5,4039.0,4037.8,4039.0,69,47,25,41,69,16,16,16,16,-29,47,0,0,0,1.4681,0,0,12,4039.0,20,109686
39,2026-07-28 17:11:00,4038.9,4038.9,4037.3,4038.0,32,32,11,11,32,0,0,0,0,-29,32,0,0,0,1,0,0,13,4037.6,9,109686
40,2026-07-28 17:12:00,4038.1,4038.2,4035.6,4036.8,231,157,102,124,231,22,22,22,22,-7,157,0,0,0,1.4713,0,0,24,4037.0,99,109686
41,2026-07-28 17:13:00,4036.9,4037.1,4035.9,4036.5,56,39,24,30,56,6,6,6,6,-1,39,0,0,0,1.4359,0,0,12,4037.0,21,109686
42,2026-07-28 17:14:00,4036.5,4037.4,4036.2,4037.4,38,34,19,13,38,-6,-6,-6,-6,-7,34,0,0,0,1.1176,0,0,11,4036.6,8,109686
43,2026-07-28 17:15:00,4037.3,4037.3,4035.9,4036.0,100,78,48,45,100,-3,-3,-3,-3,-10,78,0,0,0,1.2821,0,0,15,4036.6,42,109686
44,2026-07-28 17:16:00,4036.1,4036.3,4035.7,4036.1,17,16,10,4,17,-6,-6,-6,-6,-16,16,0,0,0,1.0625,0,0,7,4036.2,4,109686
45,2026-07-28 17:17:00,4036.4,4036.5,4035.7,4036.1,19,19,5,4,19,-1,-1,-1,-1,-17,19,0,0,0,1,0,0,7,4036.0,5,109686
46,2026-07-28 17:18:00,4036.2,4037.1,4036.0,4036.5,68,55,37,26,68,-11,-11,-11,-11,-28,55,0,0,0,1.2364,0,0,11,4036.6,19,109686
47,2026-07-28 17:19:00,4036.4,4036.7,4035.6,4035.6,30,26,14,15,30,1,1,1,1,-27,26,0,0,0,1.1538,0,0,10,4036.7,10,109686
48,2026-07-28 17:20:00,4035.7,4041.9,4035.3,4041.0,461,397,196,237,461,41,41,41,41,14,397,0,0,0,1.1612,0,0,59,4039.5,37,109686
49,2026-07-28 17:21:00,4040.8,4041.8,4038.0,4038.6,175,160,90,66,175,-24,-24,-24,-24,-10,160,0,0,0,1.0938,0,0,38,4040.9,14,109686
50,2026-07-28 17:22:00,4038.9,4039.0,4037.9,4038.4,55,38,29,22,55,-7,-7,-7,-7,-17,38,0,0,0,1.4474,0,0,12,4038.4,20,109686
51,2026-07-28 17:23:00,4038.4,4038.6,4036.4,4037.3,135,119,65,48,135,-17,-17,-17,-17,-34,119,0,0,0,1.1345,0,0,23,4037.0,35,109686
52,2026-07-28 17:24:00,4037.2,4037.3,4036.5,4036.9,51,48,22,27,51,5,5,5,5,-29,48,0,0,0,1.0625,0,0,8,4037.0,17,109686
53,2026-07-28 17:25:00,4036.6,4037.4,4036.2,4037.4,35,34,20,11,35,-9,-9,-9,-9,-38,34,0,0,0,1.0294,0,0,12,4036.7,6,109686
54,2026-07-28 17:26:00,4037.4,4038.5,4037.2,4038.3,129,91,58,50,129,-8,-8,-8,-8,-46,91,0,0,0,1.4176,0,0,13,4038.0,58,109686
55,2026-07-28 17:27:00,4038.5,4040.0,4038.5,4039.7,85,68,33,44,85,11,11,11,11,-35,68,0,0,0,1.25,0,0,15,4039.5,20,109686
56,2026-07-28 17:28:00,4039.4,4039.7,4037.4,4037.7,104,96,80,15,104,-65,-65,-65,-65,-100,96,0,0,0,1.0833,0,0,24,4037.8,10,109686
57,2026-07-28 17:29:00,4037.8,4040.0,4037.4,4037.9,675,573,378,196,675,-182,-182,-182,-182,-282,573,0,0,0,1.178,0,0,27,4038.8,52,109686
58,2026-07-28 17:30:00,4038.1,4038.1,4036.5,4037.2,81,74,37,35,81,-2,-2,-2,-2,-284,74,0,0,0,1.0946,0,0,16,4037.5,17,109686
59,2026-07-28 17:31:00,4036.6,4036.9,4034.9,4035.5,111,101,58,45,111,-13,-13,-13,-13,-297,101,0,0,0,1.099,0,0,19,4035.3,14,109686
60,2026-07-28 17:32:00,4035.5,4035.7,4034.4,4034.8,115,87,50,53,115,3,3,3,3,-294,87,0,0,0,1.3218,0,0,13,4034.9,36,109686
61,2026-07-28 17:33:00,4034.6,4035.3,4034.6,4034.9,62,60,29,25,62,-4,-4,-4,-4,-298,60,0,0,0,1.0333,0,0,8,4035.0,20,109686
62,2026-07-28 17:34:00,4034.7,4035.8,4034.7,4035.2,34,29,25,8,34,-17,-17,-17,-17,-315,29,0,0,0,1.1724,0,0,9,4035.5,16,109686
63,2026-07-28 17:35:00,4035.2,4035.3,4033.7,4034.3,106,81,34,69,106,35,35,35,35,-280,81,0,0,0,1.3086,0,0,17,4034.3,30,109686
64,2026-07-28 17:36:00,4033.8,4033.8,4032.6,4032.8,161,117,66,77,161,11,11,11,11,-269,117,0,0,0,1.3761,0,0,13,4033.0,61,109686
65,2026-07-28 17:37:00,4032.7,4033.2,4032.1,4032.6,70,62,24,36,70,12,12,12,12,-257,62,0,0,0,1.129,0,0,11,4032.4,13,109686
66,2026-07-28 17:38:00,4032.6,4033.0,4031.7,4032.0,26,26,9,10,26,1,1,1,1,-256,26,0,0,0,1,0,0,13,4032.9,5,109686
67,2026-07-28 17:39:00,4032.3,4032.5,4031.1,4031.3,64,42,31,21,64,-10,-10,-10,-10,-266,42,0,0,0,1.5238,0,0,13,4031.2,19,109686
68,2026-07-28 17:40:00,4031.1,4031.6,4030.3,4030.4,58,54,30,22,58,-8,-8,-8,-8,-274,54,0,0,0,1.0741,0,0,13,4030.8,12,109686
69,2026-07-28 17:41:00,4030.1,4030.7,4029.8,4030.3,67,41,47,14,67,-33,-33,-33,-33,-307,41,0,0,0,1.6341,0,0,10,4030.0,26,109686
70,2026-07-28 17:42:00,4030.0,4030.4,4029.1,4029.6,33,32,20,9,33,-11,-11,-11,-11,-318,32,0,0,0,1.0313,0,0,12,4029.7,5,109686
71,2026-07-28 17:43:00,4029.3,4029.3,4028.0,4028.4,73,64,24,37,73,13,13,13,13,-305,64,0,0,0,1.1406,0,0,12,4028.3,11,109686
72,2026-07-28 17:44:00,4028.3,4028.6,4027.5,4028.4,51,47,13,13,51,0,0,0,0,-305,47,0,0,0,1.0851,0,0,12,4028.0,10,109686
73,2026-07-28 17:45:00,4028.7,4029.4,4028.4,4028.6,37,36,12,17,37,5,5,5,5,-300,36,0,0,0,1.0278,0,0,10,4029.0,8,109686
74,2026-07-28 17:46:00,4028.4,4028.9,4028.0,4028.0,15,14,9,6,15,-3,-3,-3,-3,-303,14,0,0,0,1.0714,0,0,9,4028.1,3,109686
75,2026-07-28 17:47:00,4027.7,4027.8,4025.3,4026.5,126,119,64,26,126,-38,-38,-38,-38,-341,119,0,0,0,1.0588,0,0,25,4026.6,12,109686
76,2026-07-28 17:48:00,4026.4,4028.8,4026.4,4028.5,94,81,31,43,94,12,12,12,12,-329,81,0,0,0,1.1605,0,0,25,4027.3,25,109686
77,2026-07-28 17:49:00,4028.7,4029.8,4028.0,4029.8,50,46,15,29,50,14,14,14,14,-315,46,0,0,0,1.087,0,0,16,4029.4,6,109686
78,2026-07-28 17:50:00,4029.1,4029.3,4028.3,4028.3,22,18,13,3,22,-10,-10,-10,-10,-325,18,0,0,0,1.2222,0,0,7,4028.3,6,109686
79,2026-07-28 17:51:00,4028.3,4028.7,4027.8,4028.1,32,31,14,13,32,-1,-1,-1,-1,-326,31,0,0,0,1.0323,0,0,10,4027.8,5,109686
80,2026-07-28 17:52:00,4028.3,4028.7,4027.6,4027.6,22,21,9,13,22,4,4,4,4,-322,21,0,0,0,1.0476,0,0,9,4028.5,5,109686
81,2026-07-28 17:53:00,4027.6,4028.2,4027.5,4028.1,30,25,12,16,30,4,4,4,4,-318,25,0,0,0,1.2,0,0,8,4028.0,7,109686
82,2026-07-28 17:54:00,4028.2,4028.4,4026.0,4026.6,52,46,19,31,52,12,12,12,12,-306,46,0,0,0,1.1304,0,0,19,4026.8,7,109686
83,2026-07-28 17:55:00,4026.8,4027.3,4025.9,4026.4,64,63,12,33,64,21,21,21,21,-285,63,0,0,0,1.0159,0,0,15,4026.5,9,109686
84,2026-07-28 17:56:00,4026.2,4028.0,4026.0,4027.6,46,41,25,15,46,-10,-10,-10,-10,-295,41,0,0,0,1.122,0,0,13,4026.0,9,109686
85,2026-07-28 17:57:00,4027.8,4028.1,4027.3,4028.1,34,31,13,11,34,-2,-2,-2,-2,-297,31,0,0,0,1.0968,0,0,9,4027.4,10,109686
86,2026-07-28 17:58:00,4027.9,4028.1,4027.4,4027.7,26,24,15,5,26,-10,-10,-10,-10,-307,24,0,0,0,1.0833,0,0,8,4027.7,7,109686
87,2026-07-28 17:59:00,4027.7,4028.3,4027.7,4028.0,14,12,6,7,14,1,1,1,1,-306,12,0,0,0,1.1667,0,0,6,4027.8,4,109686
88,2026-07-28 18:00:00,4028.1,4028.9,4027.4,4028.9,57,51,21,28,57,7,7,7,7,-299,51,0,0,0,1.1176,0,0,16,4028.6,6,109686
89,2026-07-28 18:01:00,4028.5,4029.2,4027.9,4028.4,27,23,14,13,27,-1,-1,-1,-1,-300,23,0,0,0,1.1739,0,0,13,4028.2,5,109686
90,2026-07-28 18:02:00,4028.6,4028.7,4028.0,4028.4,11,11,1,6,11,5,5,5,5,-295,11,0,0,0,1,0,0,6,4028.4,4,109686
91,2026-07-28 18:03:00,4028.5,4029.3,4028.0,4029.3,27,22,14,9,27,-5,-5,-5,-5,-300,22,0,0,0,1.2273,0,0,9,4029.2,10,109686
92,2026-07-28 18:04:00,4029.3,4029.8,4028.9,4029.8,20,20,7,9,20,2,2,2,2,-298,20,0,0,0,1,0,0,7,4029.3,5,109686
93,2026-07-28 18:05:00,4029.4,4030.5,4029.1,4030.1,62,53,25,34,62,9,9,9,9,-289,53,0,0,0,1.1698,0,0,14,4030.1,14,109686
94,2026-07-28 18:06:00,4029.7,4029.8,4029.6,4029.7,17,9,11,5,17,-6,-6,-6,-6,-295,9,0,0,0,1.8889,0,0,3,4029.7,15,109686
95,2026-07-28 18:07:00,4029.6,4030.0,4029.4,4029.8,20,19,5,8,20,3,3,3,3,-292,19,0,0,0,1.0526,0,0,7,4029.6,7,109686
96,2026-07-28 18:08:00,4029.9,4030.3,4029.5,4029.6,16,14,12,2,16,-10,-10,-10,-10,-302,14,0,0,0,1.1429,0,0,7,4029.9,7,109686
97,2026-07-28 18:09:00,4029.2,4029.9,4029.2,4029.9,6,6,3,3,6,0,0,0,0,-302,6,0,0,0,1,0,0,5,4029.9,2,109686
98,2026-07-28 18:10:00,4029.9,4029.9,4028.3,4028.6,26,22,22,3,26,-19,-19,-19,-19,-321,22,0,0,0,1.1818,0,0,12,4029.2,5,109686
99,2026-07-28 18:11:00,4028.8,4028.8,4027.8,4027.8,11,10,6,4,11,-2,-2,-2,-2,-323,10,0,0,0,1.1,0,0,5,4028.0,3,109686
100,2026-07-28 18:12:00,4028.5,4028.7,4028.4,4028.7,4,4,1,2,4,1,1,1,1,-322,4,0,0,0,1,0,0,3,4028.5,2,109686
101,2026-07-28 18:13:00,4028.4,4029.7,4028.0,4029.2,14,14,6,6,14,0,0,0,0,-322,14,0,0,0,1,0,0,9,4028.4,3,109686
102,2026-07-28 18:14:00,4028.9,4028.9,4028.4,4028.4,5,4,3,2,5,-1,-1,-1,-1,-323,4,0,0,0,1.25,0,0,2,4028.4,4,109686
103,2026-07-28 18:15:00,4028.3,4030.1,4028.2,4030.1,39,28,5,31,39,26,26,26,26,-297,28,0,0,0,1.3929,0,0,14,4030.0,13,109686
104,2026-07-28 18:16:00,4029.9,4030.1,4029.5,4030.1,15,13,8,6,15,-2,-2,-2,-2,-299,13,0,0,0,1.1538,0,0,6,4029.7,6,109686
105,2026-07-28 18:17:00,4029.8,4030.1,4028.9,4029.1,18,13,11,5,18,-6,-6,-6,-6,-305,13,0,0,0,1.3846,0,0,6,4030.1,6,109686
106,2026-07-28 18:18:00,4028.8,4029.3,4028.7,4029.0,10,9,1,7,10,6,6,6,6,-299,9,0,0,0,1.1111,0,0,7,4029.0,2,109686
107,2026-07-28 18:19:00,4028.8,4029.0,4028.5,4029.0,10,10,3,6,10,3,3,3,3,-296,10,0,0,0,1,0,0,5,4028.8,3,109686
108,2026-07-28 18:20:00,4028.7,4029.0,4028.7,4028.8,9,8,3,5,9,2,2,2,2,-294,8,0,0,0,1.125,0,0,4,4028.7,3,109686
109,2026-07-28 18:21:00,4028.4,4028.5,4028.2,4028.5,6,4,4,1,6,-3,-3,-3,-3,-297,4,0,0,0,1.5,0,0,3,4028.4,3,109686
110,2026-07-28 18:22:00,4028.6,4028.6,4028.1,4028.1,4,4,2,2,4,0,0,0,0,-297,4,0,0,0,1,0,0,4,4028.1,1,109686
111,2026-07-28 18:23:00,4028.0,4028.0,4026.7,4027.3,53,37,20,30,53,10,10,10,10,-287,37,0,0,0,1.4324,0,0,10,4027.2,20,109686
112,2026-07-28 18:24:00,4026.9,4027.0,4026.6,4026.9,21,18,15,5,21,-10,-10,-10,-10,-297,18,0,0,0,1.1667,0,0,5,4026.7,7,109686
113,2026-07-28 18:25:00,4026.9,4027.4,4026.5,4027.0,15,15,7,6,15,-1,-1,-1,-1,-298,15,0,0,0,1,0,0,5,4026.9,5,109686
114,2026-07-28 18:26:00,4026.9,4026.9,4026.5,4026.7,5,5,0,3,5,3,3,3,3,-295,5,0,0,0,1,0,0,4,4026.9,2,109686
115,2026-07-28 18:27:00,4026.5,4026.8,4026.0,4026.8,52,45,27,22,52,-5,-5,-5,-5,-300,45,0,0,0,1.1556,0,0,9,4026.6,13,109686
116,2026-07-28 18:28:00,4027.0,4027.0,4026.2,4026.2,41,38,18,12,41,-6,-6,-6,-6,-306,38,0,0,0,1.0789,0,0,9,4026.5,16,109686
117,2026-07-28 18:29:00,4026.7,4027.8,4026.3,4027.2,80,62,35,26,80,-9,-9,-9,-9,-315,62,0,0,0,1.2903,0,0,15,4026.8,18,109686
118,2026-07-28 18:30:00,4027.4,4027.7,4026.4,4026.4,63,50,23,20,63,-3,-3,-3,-3,-318,50,0,0,0,1.26,0,0,13,4027.4,16,109686
119,2026-07-28 18:31:00,4026.4,4027.1,4024.8,4024.8,61,53,21,29,61,8,8,8,8,-310,53,0,0,0,1.1509,0,0,16,4026.4,11,109686
120,2026-07-28 18:32:00,4025.0,4025.5,4024.9,4025.0,24,22,7,12,24,5,5,5,5,-305,22,0,0,0,1.0909,0,0,7,4025.0,4,109686
121,2026-07-28 18:33:00,4025.0,4025.3,4023.9,4024.4,61,57,37,12,61,-25,-25,-25,-25,-330,57,0,0,0,1.0702,0,0,14,4024.1,9,109686
122,2026-07-28 18:34:00,4024.5,4024.9,4024.1,4024.5,23,19,5,10,23,5,5,5,5,-325,19,0,0,0,1.2105,0,0,8,4024.6,6,109686
123,2026-07-28 18:35:00,4024.5,4024.5,4023.4,4024.4,51,46,17,24,51,7,7,7,7,-318,46,0,0,0,1.1087,0,0,12,4024.2,9,109686
124,2026-07-28 18:36:00,4024.4,4024.8,4023.3,4023.7,37,37,18,12,37,-6,-6,-6,-6,-324,37,0,0,0,1,0,0,15,4024.4,7,109686
125,2026-07-28 18:37:00,4023.5,4024.3,4023.5,4024.3,21,21,4,6,21,2,2,2,2,-322,21,0,0,0,1,0,0,8,4023.8,5,109686
126,2026-07-28 18:38:00,4024.1,4024.7,4023.9,4023.9,30,29,11,9,30,-2,-2,-2,-2,-324,29,0,0,0,1.0345,0,0,8,4023.9,7,109686
127,2026-07-28 18:39:00,4023.7,4023.9,4023.1,4023.7,32,31,10,10,32,0,0,0,0,-324,31,0,0,0,1.0323,0,0,8,4023.4,9,109686
128,2026-07-28 18:40:00,4023.9,4024.1,4023.1,4023.1,19,16,8,5,19,-3,-3,-3,-3,-327,16,0,0,0,1.1875,0,0,7,4023.9,5,109686
129,2026-07-28 18:41:00,4023.2,4024.3,4023.1,4023.6,44,38,20,19,44,-1,-1,-1,-1,-328,38,0,0,0,1.1579,0,0,13,4024.0,16,109686
130,2026-07-28 18:42:00,4023.2,4024.8,4023.0,4024.1,46,41,17,21,46,4,4,4,4,-324,41,0,0,0,1.122,0,0,17,4024.1,8,109686
131,2026-07-28 18:43:00,4024.4,4024.7,4024.1,4024.7,29,29,4,18,29,14,14,14,14,-310,29,0,0,0,1,0,0,7,4024.4,9,109686
132,2026-07-28 18:44:00,4024.6,4024.7,4023.3,4023.6,44,44,18,10,44,-8,-8,-8,-8,-318,44,0,0,0,1,0,0,14,4024.0,6,109686
133,2026-07-28 18:45:00,4023.1,4024.8,4023.1,4024.8,20,20,4,11,20,7,7,7,7,-311,20,0,0,0,1,0,0,11,4023.9,4,109686
134,2026-07-28 18:46:00,4024.8,4025.3,4024.7,4025.3,33,29,7,20,33,13,13,13,13,-298,29,0,0,0,1.1379,0,0,7,4025.1,14,109686
135,2026-07-28 18:47:00,4025.3,4025.9,4024.3,4024.5,25,25,9,6,25,-3,-3,-3,-3,-301,25,0,0,0,1,0,0,12,4025.6,5,109686
136,2026-07-28 18:48:00,4024.4,4024.5,4023.4,4023.4,23,22,12,9,23,-3,-3,-3,-3,-304,22,0,0,0,1.0455,0,0,11,4023.9,4,109686
137,2026-07-28 18:49:00,4023.3,4024.0,4023.1,4023.8,42,42,7,15,42,8,8,8,8,-296,42,0,0,0,1,0,0,10,4023.4,8,109686
138,2026-07-28 18:50:00,4023.9,4024.1,4023.6,4023.9,30,30,12,14,30,2,2,2,2,-294,30,0,0,0,1,0,0,6,4023.9,10,109686
139,2026-07-28 18:51:00,4024.0,4024.1,4023.6,4023.6,11,11,1,7,11,6,6,6,6,-288,11,0,0,0,1,0,0,6,4024.0,4,109686
140,2026-07-28 18:52:00,4023.9,4024.3,4023.3,4023.7,53,42,22,26,53,4,4,4,4,-284,42,0,0,0,1.2619,0,0,10,4024.3,15,109686
141,2026-07-28 18:53:00,4023.9,4024.2,4023.0,4023.0,30,26,16,10,30,-6,-6,-6,-6,-290,26,0,0,0,1.1538,0,0,12,4024.0,8,109686
142,2026-07-28 18:54:00,4023.2,4023.4,4022.0,4022.7,77,67,34,39,77,5,5,5,5,-285,67,0,0,0,1.1493,0,0,15,4022.9,13,109686
143,2026-07-28 18:55:00,4022.6,4022.7,4021.4,4021.8,52,52,13,14,52,1,1,1,1,-284,52,0,0,0,1,0,0,13,4022.2,10,109686
144,2026-07-28 18:56:00,4022.1,4022.7,4021.5,4022.7,43,40,11,23,43,12,12,12,12,-272,40,0,0,0,1.075,0,0,8,4022.0,15,109686
145,2026-07-28 18:57:00,4022.7,4023.3,4022.5,4022.8,18,17,4,9,18,5,5,5,5,-267,17,0,0,0,1.0588,0,0,9,4022.8,5,109686
146,2026-07-28 18:58:00,4022.8,4022.9,4022.3,4022.5,14,14,4,6,14,2,2,2,2,-265,14,0,0,0,1,0,0,7,4022.5,4,109686
147,2026-07-28 18:59:00,4022.6,4023.1,4022.3,4023.1,17,17,4,5,17,1,1,1,1,-264,17,0,0,0,1,0,0,7,4022.7,4,109686
148,2026-07-28 19:00:00,4022.8,4023.2,4022.4,4022.4,46,40,18,23,46,5,5,5,5,-259,40,0,0,0,1.15,0,0,9,4023.1,16,109686
149,2026-07-28 19:01:00,4022.8,4023.1,4022.4,4022.7,21,21,7,8,21,1,1,1,1,-258,21,0,0,0,1,0,0,7,4022.6,6,109686
150,2026-07-28 19:02:00,4022.7,4023.4,4022.3,4023.4,27,23,9,13,27,4,4,4,4,-254,23,0,0,0,1.1739,0,0,9,4022.3,7,109686
151,2026-07-28 19:03:00,4023.6,4024.5,4023.4,4024.5,36,32,4,25,36,21,21,21,21,-233,32,0,0,0,1.125,0,0,12,4024.1,7,109686
152,2026-07-28 19:04:00,4024.7,4024.7,4024.2,4024.2,25,23,12,7,25,-5,-5,-5,-5,-238,23,0,0,0,1.087,0,0,6,4024.3,10,109686
153,2026-07-28 19:05:00,4024.3,4025.5,4023.6,4024.9,72,58,23,29,72,6,6,6,6,-232,58,0,0,0,1.2414,0,0,19,4024.8,13,109686
154,2026-07-28 19:06:00,4025.2,4025.6,4024.8,4025.2,51,40,21,21,51,0,0,0,0,-232,40,0,0,0,1.275,0,0,8,4025.5,17,109686
155,2026-07-28 19:07:00,4025.2,4025.4,4024.2,4024.3,32,32,11,7,32,-4,-4,-4,-4,-236,32,0,0,0,1,0,0,12,4024.7,6,109686
156,2026-07-28 19:08:00,4024.2,4025.3,4024.0,4025.0,35,30,13,16,35,3,3,3,3,-233,30,0,0,0,1.1667,0,0,11,4025.0,8,109686
157,2026-07-28 19:09:00,4024.9,4025.2,4024.4,4024.4,16,16,3,5,16,2,2,2,2,-231,16,0,0,0,1,0,0,7,4024.4,3,109686
158,2026-07-28 19:10:00,4024.2,4024.6,4023.7,4023.9,32,26,8,16,32,8,8,8,8,-223,26,0,0,0,1.2308,0,0,10,4024.0,6,109686
159,2026-07-28 19:11:00,4023.8,4024.1,4023.5,4024.0,19,17,7,5,19,-2,-2,-2,-2,-225,17,0,0,0,1.1176,0,0,7,4023.9,5,109686
160,2026-07-28 19:12:00,4024.0,4024.3,4023.5,4023.6,21,21,4,6,21,2,2,2,2,-223,21,0,0,0,1,0,0,9,4023.8,4,109686
161,2026-07-28 19:13:00,4023.7,4024.4,4023.6,4024.0,25,25,6,10,25,4,4,4,4,-219,25,0,0,0,1,0,0,9,4024.1,7,109686
162,2026-07-28 19:14:00,4024.3,4024.3,4023.7,4023.7,11,11,3,1,11,-2,-2,-2,-2,-221,11,0,0,0,1,0,0,4,4023.8,5,109686
163,2026-07-28 19:15:00,4023.6,4024.7,4023.6,4024.5,30,29,5,21,30,16,16,16,16,-205,29,0,0,0,1.0345,0,0,11,4024.5,7,109686
164,2026-07-28 19:16:00,4024.3,4024.7,4023.8,4024.3,49,37,17,28,49,11,11,11,11,-194,37,0,0,0,1.3243,0,0,9,4024.7,16,109686
165,2026-07-28 19:17:00,4024.3,4024.7,4024.0,4024.5,48,38,35,8,48,-27,-27,-27,-27,-221,38,0,0,0,1.2632,0,0,8,4024.1,14,109686
166,2026-07-28 19:18:00,4024.5,4024.5,4023.5,4023.9,31,29,17,7,31,-10,-10,-10,-10,-231,29,0,0,0,1.069,0,0,9,4023.8,9,109686
167,2026-07-28 19:19:00,4023.6,4023.9,4023.4,4023.4,13,13,4,5,13,1,1,1,1,-230,13,0,0,0,1,0,0,6,4023.7,4,109686
168,2026-07-28 19:20:00,4023.5,4023.9,4023.0,4023.1,21,21,2,10,21,8,8,8,8,-222,21,0,0,0,1,0,0,10,4023.5,4,109686
169,2026-07-28 19:21:00,4023.3,4023.3,4022.8,4023.0,21,21,3,9,21,6,6,6,6,-216,21,0,0,0,1,0,0,6,4022.9,6,109686
170,2026-07-28 19:22:00,4022.8,4023.0,4022.6,4022.6,27,19,8,10,27,2,2,2,2,-214,19,0,0,0,1.4211,0,0,5,4022.8,15,109686
171,2026-07-28 19:23:00,4023.2,4023.2,4022.5,4022.7,28,20,10,9,28,-1,-1,-1,-1,-215,20,0,0,0,1.4,0,0,6,4022.6,8,109686
172,2026-07-28 19:24:00,4023.0,4023.0,4022.0,4022.8,25,23,6,12,25,6,6,6,6,-209,23,0,0,0,1.087,0,0,10,4022.6,5,109686
173,2026-07-28 19:25:00,4022.4,4023.0,4022.4,4022.7,22,22,2,7,22,5,5,5,5,-204,22,0,0,0,1,0,0,7,4022.8,6,109686
174,2026-07-28 19:26:00,4022.9,4022.9,4021.5,4022.0,51,48,24,19,51,-5,-5,-5,-5,-209,48,0,0,0,1.0625,0,0,13,4021.7,11,109686
175,2026-07-28 19:27:00,4021.8,4022.1,4021.5,4022.1,25,24,7,11,25,4,4,4,4,-205,24,0,0,0,1.0417,0,0,6,4021.8,9,109686
176,2026-07-28 19:28:00,4021.7,4023.3,4021.7,4023.1,22,22,5,10,22,5,5,5,5,-200,22,0,0,0,1,0,0,13,4022.1,3,109686
177,2026-07-28 19:29:00,4023.2,4023.2,4022.2,4022.6,31,29,17,3,31,-14,-14,-14,-14,-214,29,0,0,0,1.069,0,0,9,4022.6,9,109686
178,2026-07-28 19:30:00,4023.1,4025.5,4022.3,4025.3,108,101,35,57,108,22,22,22,22,-192,101,0,0,0,1.0693,0,0,29,4023.1,8,109686
179,2026-07-28 19:31:00,4025.3,4025.7,4025.1,4025.7,14,14,5,4,14,-1,-1,-1,-1,-193,14,0,0,0,1,0,0,6,4025.2,4,109686
180,2026-07-28 19:32:00,4025.5,4025.7,4025.3,4025.4,33,20,9,21,33,12,12,12,12,-181,20,0,0,0,1.65,0,0,4,4025.7,18,109686
181,2026-07-28 19:33:00,4025.2,4027.1,4025.0,4026.7,60,56,16,38,60,22,22,22,22,-159,56,0,0,0,1.0714,0,0,17,4026.8,11,109686
182,2026-07-28 19:34:00,4026.6,4027.6,4026.6,4027.4,90,75,33,53,90,20,20,20,20,-139,75,0,0,0,1.2,0,0,11,4027.4,20,109686
183,2026-07-28 19:35:00,4027.4,4027.4,4025.5,4025.8,37,27,15,17,37,2,2,2,2,-137,27,0,0,0,1.3704,0,0,15,4027.0,10,109686
184,2026-07-28 19:36:00,4026.0,4026.1,4025.1,4025.3,29,29,14,13,29,-1,-1,-1,-1,-138,29,0,0,0,1,0,0,10,4025.4,12,109686
185,2026-07-28 19:37:00,4025.4,4025.4,4024.6,4024.9,8,8,3,4,8,1,1,1,1,-137,8,0,0,0,1,0,0,4,4024.9,3,109686
186,2026-07-28 19:38:00,4025.0,4025.0,4023.9,4024.3,44,39,14,13,44,-1,-1,-1,-1,-138,39,0,0,0,1.1282,0,0,12,4024.4,10,109686
187,2026-07-28 19:39:00,4024.4,4024.5,4024.0,4024.4,10,10,2,8,10,6,6,6,6,-132,10,0,0,0,1,0,0,4,4024.4,6,109686
188,2026-07-28 19:40:00,4024.6,4025.2,4024.3,4024.5,21,21,8,7,21,-1,-1,-1,-1,-133,21,0,0,0,1,0,0,9,4024.5,4,109686
189,2026-07-28 19:41:00,4024.8,4025.0,4024.6,4024.8,7,7,2,4,7,2,2,2,2,-131,7,0,0,0,1,0,0,4,4024.8,3,109686
190,2026-07-28 19:42:00,4025.2,4025.6,4024.6,4024.9,22,21,9,8,22,-1,-1,-1,-1,-132,21,0,0,0,1.0476,0,0,10,4024.9,4,109686
191,2026-07-28 19:43:00,4024.4,4024.8,4024.3,4024.8,9,9,6,3,9,-3,-3,-3,-3,-135,9,0,0,0,1,0,0,6,4024.4,4,109686
192,2026-07-28 19:44:00,4025.0,4025.7,4024.5,4025.7,13,13,2,6,13,4,4,4,4,-131,13,0,0,0,1,0,0,7,4024.8,4,109686
193,2026-07-28 19:45:00,4026.0,4027.2,4025.9,4026.7,99,90,41,52,99,11,11,11,11,-120,90,0,0,0,1.1,0,0,14,4026.2,17,109686
194,2026-07-28 19:46:00,4026.2,4026.2,4025.8,4025.8,16,14,5,8,16,3,3,3,3,-117,14,0,0,0,1.1429,0,0,4,4026.1,6,109686
195,2026-07-28 19:47:00,4025.8,4026.5,4025.7,4026.3,31,29,10,18,31,8,8,8,8,-109,29,0,0,0,1.069,0,0,9,4026.0,7,109686
196,2026-07-28 19:48:00,4026.2,4027.1,4026.1,4026.6,25,22,6,17,25,11,11,11,11,-98,22,0,0,0,1.1364,0,0,8,4027.0,7,109686
197,2026-07-28 19:49:00,4026.8,4027.0,4026.3,4026.4,9,9,3,2,9,-1,-1,-1,-1,-99,9,0,0,0,1,0,0,5,4026.3,3,109686
198,2026-07-28 19:50:00,4026.3,4026.6,4025.1,4025.2,39,27,19,13,39,-6,-6,-6,-6,-105,27,0,0,0,1.4444,0,0,12,4026.0,11,109686
199,2026-07-28 19:51:00,4025.3,4025.5,4025.2,4025.4,8,8,2,4,8,2,2,2,2,-103,8,0,0,0,1,0,0,4,4025.3,3,109686
200,2026-07-28 19:52:00,4025.5,4026.2,4025.3,4025.9,24,24,5,10,24,5,5,5,5,-98,24,0,0,0,1,0,0,8,4025.9,5,109686
201,2026-07-28 19:53:00,4025.6,4026.9,4025.6,4026.8,42,36,13,24,42,11,11,11,11,-87,36,0,0,0,1.1667,0,0,11,4026.2,10,109686
202,2026-07-28 19:54:00,4026.8,4027.5,4026.5,4027.0,59,48,13,38,59,25,25,25,25,-62,48,0,0,0,1.2292,0,0,11,4027.0,14,109686
203,2026-07-28 19:55:00,4026.7,4027.0,4025.9,4026.2,70,69,38,22,70,-16,-16,-16,-16,-78,69,0,0,0,1.0145,0,0,12,4026.5,13,109686
204,2026-07-28 19:56:00,4026.3,4027.1,4026.0,4027.1,40,40,18,18,40,0,0,0,0,-78,40,0,0,0,1,0,0,11,4026.4,7,109686
205,2026-07-28 19:57:00,4026.9,4027.1,4026.2,4026.6,72,58,33,25,72,-8,-8,-8,-8,-86,58,0,0,0,1.2414,0,0,10,4026.8,24,109686
206,2026-07-28 19:58:00,4026.5,4027.5,4026.4,4026.4,88,83,31,31,88,0,0,0,0,-86,83,0,0,0,1.0602,0,0,12,4027.3,15,109686
207,2026-07-28 19:59:00,4026.4,4026.4,4025.5,4025.9,119,113,50,45,119,-5,-5,-5,-5,-91,113,0,0,0,1.0531,0,0,10,4025.9,24,109686
208,2026-07-28 20:00:00,4025.8,4025.8,4023.8,4024.0,54,51,30,12,54,-18,-18,-18,-18,-109,51,0,0,0,1.0588,0,0,20,4024.2,6,109686
209,2026-07-28 20:01:00,4023.9,4024.4,4023.9,4023.9,13,11,3,8,13,5,5,5,5,-104,11,0,0,0,1.1818,0,0,5,4024.0,4,109686
210,2026-07-28 20:02:00,4024.1,4024.3,4023.7,4023.9,11,10,8,1,11,-7,-7,-7,-7,-111,10,0,0,0,1.1,0,0,5,4023.9,4,109686
211,2026-07-28 20:03:00,4024.2,4024.2,4023.2,4023.2,16,15,9,2,16,-7,-7,-7,-7,-118,15,0,0,0,1.0667,0,0,8,4023.5,3,109686
212,2026-07-28 20:04:00,4023.4,4023.4,4022.6,4023.0,33,27,20,9,33,-11,-11,-11,-11,-129,27,0,0,0,1.2222,0,0,8,4023.1,10,109686
213,2026-07-28 20:05:00,4023.0,4023.8,4022.2,4023.2,40,37,21,19,40,-2,-2,-2,-2,-131,37,0,0,0,1.0811,0,0,15,4022.8,6,109686
214,2026-07-28 20:06:00,4022.9,4023.0,4022.8,4023.0,7,6,3,4,7,1,1,1,1,-130,6,0,0,0,1.1667,0,0,3,4022.9,3,109686
215,2026-07-28 20:07:00,4022.8,4023.0,4022.5,4022.7,8,8,3,2,8,-1,-1,-1,-1,-131,8,0,0,0,1,0,0,5,4022.8,3,109686
216,2026-07-28 20:08:00,4022.8,4023.0,4022.6,4023.0,6,6,0,6,6,6,6,6,6,-125,6,0,0,0,1,0,0,4,4023.0,3,109686
217,2026-07-28 20:09:00,4023.0,4023.0,4022.5,4022.8,14,11,7,6,14,-1,-1,-1,-1,-126,11,0,0,0,1.2727,0,0,6,4022.9,4,109686
218,2026-07-28 20:10:00,4022.6,4023.1,4022.6,4023.1,3,3,2,1,3,-1,-1,-1,-1,-127,3,0,0,0,1,0,0,3,4022.6,1,109686
219,2026-07-28 20:11:00,4023.3,4023.7,4023.2,4023.6,10,10,7,3,10,-4,-4,-4,-4,-131,10,0,0,0,1,0,0,6,4023.3,3,109686
220,2026-07-28 20:12:00,4023.6,4023.6,4023.5,4023.5,3,3,2,1,3,-1,-1,-1,-1,-132,3,0,0,0,1,0,0,2,4023.6,2,109686
221,2026-07-28 20:13:00,4023.8,4023.9,4023.4,4023.6,9,9,4,5,9,1,1,1,1,-131,9,0,0,0,1,0,0,6,4023.6,2,109686
222,2026-07-28 20:14:00,4023.6,4024.5,4023.4,4023.4,29,26,17,12,29,-5,-5,-5,-5,-136,26,0,0,0,1.1154,0,0,10,4024.4,7,109686
223,2026-07-28 20:15:00,4023.4,4024.4,4023.4,4024.4,22,21,4,18,22,14,14,14,14,-122,21,0,0,0,1.0476,0,0,10,4023.7,5,109686
224,2026-07-28 20:16:00,4024.5,4024.6,4024.2,4024.6,12,12,7,5,12,-2,-2,-2,-2,-124,12,0,0,0,1,0,0,5,4024.3,4,109686
225,2026-07-28 20:17:00,4025.0,4025.3,4024.7,4024.7,16,16,7,9,16,2,2,2,2,-122,16,0,0,0,1,0,0,6,4025.0,7,109686
226,2026-07-28 20:18:00,4025.4,4025.9,4025.4,4025.8,7,7,3,3,7,0,0,0,0,-122,7,0,0,0,1,0,0,3,4025.4,3,109686
227,2026-07-28 20:19:00,4025.7,4026.4,4025.7,4026.3,23,14,5,14,23,9,9,9,9,-113,14,0,0,0,1.6429,0,0,7,4026.0,12,109686
228,2026-07-28 20:20:00,4026.3,4026.3,4025.8,4026.3,10,10,4,3,10,-1,-1,-1,-1,-114,10,0,0,0,1,0,0,5,4026.0,3,109686
229,2026-07-28 20:21:00,4026.1,4026.3,4025.6,4025.8,16,16,10,5,16,-5,-5,-5,-5,-119,16,0,0,0,1,0,0,8,4025.6,3,109686
230,2026-07-28 20:22:00,4025.6,4026.3,4025.5,4026.0,19,19,10,7,19,-3,-3,-3,-3,-122,19,0,0,0,1,0,0,8,4025.9,5,109686
231,2026-07-28 20:23:00,4025.8,4026.1,4025.4,4025.4,13,13,9,4,13,-5,-5,-5,-5,-127,13,0,0,0,1,0,0,5,4025.8,7,109686
232,2026-07-28 20:24:00,4025.5,4025.7,4025.5,4025.7,3,3,0,3,3,3,3,3,3,-124,3,0,0,0,1,0,0,3,4025.5,1,109686
233,2026-07-28 20:25:00,4025.9,4026.2,4025.9,4026.1,12,11,2,8,12,6,6,6,6,-118,11,0,0,0,1.0909,0,0,4,4025.9,5,109686
234,2026-07-28 20:26:00,4026.3,4026.5,4025.5,4025.6,26,26,19,6,26,-13,-13,-13,-13,-131,26,0,0,0,1,0,0,11,4025.8,7,109686
235,2026-07-28 20:27:00,4026.0,4027.1,4025.8,4027.1,23,23,4,10,23,6,6,6,6,-125,23,0,0,0,1,0,0,11,4026.4,4,109686
236,2026-07-28 20:28:00,4027.1,4027.5,4026.9,4027.0,37,24,9,20,37,11,11,11,11,-114,24,0,0,0,1.5417,0,0,6,4027.5,16,109686
237,2026-07-28 20:29:00,4027.2,4027.4,4026.9,4027.1,19,13,4,14,19,10,10,10,10,-104,13,0,0,0,1.4615,0,0,5,4027.1,13,109686
238,2026-07-28 20:30:00,4027.1,4027.9,4027.1,4027.6,25,24,7,14,25,7,7,7,7,-97,24,0,0,0,1.0417,0,0,9,4027.7,5,109686
239,2026-07-28 20:31:00,4027.5,4027.8,4027.4,4027.7,14,14,8,5,14,-3,-3,-3,-3,-100,14,0,0,0,1,0,0,5,4027.7,6,109686
240,2026-07-28 20:32:00,4027.6,4027.7,4027.2,4027.3,13,12,4,5,13,1,1,1,1,-99,12,0,0,0,1.0833,0,0,6,4027.3,4,109686
241,2026-07-28 20:33:00,4027.5,4028.0,4027.5,4028.0,13,13,3,9,13,6,6,6,6,-93,13,0,0,0,1,0,0,4,4027.7,5,109686
242,2026-07-28 20:34:00,4028.0,4028.3,4027.8,4028.0,19,19,10,7,19,-3,-3,-3,-3,-96,19,0,0,0,1,0,0,5,4028.0,10,109686
243,2026-07-28 20:35:00,4028.1,4028.6,4028.0,4028.6,15,15,5,8,15,3,3,3,3,-93,15,0,0,0,1,0,0,6,4028.1,6,109686
244,2026-07-28 20:36:00,4028.8,4029.1,4028.8,4029.1,15,15,2,13,15,11,11,11,11,-82,15,0,0,0,1,0,0,4,4028.9,6,109686
245,2026-07-28 20:37:00,4029.4,4029.7,4027.0,4027.5,114,109,51,50,114,-1,-1,-1,-1,-83,109,0,0,0,1.0459,0,0,25,4028.2,15,109686
246,2026-07-28 20:38:00,4027.6,4028.0,4027.2,4027.2,18,18,6,7,18,1,1,1,1,-82,18,0,0,0,1,0,0,8,4027.7,4,109686
247,2026-07-28 20:39:00,4027.6,4027.6,4027.3,4027.6,6,6,1,4,6,3,3,3,3,-79,6,0,0,0,1,0,0,4,4027.3,2,109686
248,2026-07-28 20:40:00,4028.0,4028.7,4028.0,4028.6,18,18,4,12,18,8,8,8,8,-71,18,0,0,0,1,0,0,8,4028.3,4,109686
249,2026-07-28 20:41:00,4029.0,4029.6,4028.6,4028.6,14,12,5,8,14,3,3,3,3,-68,12,0,0,0,1.1667,0,0,7,4029.2,6,109686
250,2026-07-28 20:42:00,4028.6,4029.2,4028.4,4029.2,11,11,5,6,11,1,1,1,1,-67,11,0,0,0,1,0,0,7,4028.6,3,109686
251,2026-07-28 20:43:00,4029.0,4030.1,4029.0,4029.7,30,24,19,9,30,-10,-10,-10,-10,-77,24,0,0,0,1.25,0,0,10,4029.9,7,109686
252,2026-07-28 20:44:00,4029.9,4030.0,4029.4,4030.0,14,14,8,5,14,-3,-3,-3,-3,-80,14,0,0,0,1,0,0,7,4029.6,5,109686
253,2026-07-28 20:45:00,4029.9,4030.2,4029.1,4029.6,34,32,8,26,34,18,18,18,18,-62,32,0,0,0,1.0625,0,0,11,4030.1,7,109686
254,2026-07-28 20:46:00,4029.5,4029.7,4029.4,4029.7,7,7,2,4,7,2,2,2,2,-60,7,0,0,0,1,0,0,3,4029.7,3,109686
255,2026-07-28 20:47:00,4030.0,4030.6,4029.7,4030.1,19,19,11,6,19,-5,-5,-5,-5,-65,19,0,0,0,1,0,0,8,4029.9,5,109686
256,2026-07-28 20:48:00,4029.7,4030.0,4029.4,4029.4,13,13,9,3,13,-6,-6,-6,-6,-71,13,0,0,0,1,0,0,6,4029.8,5,109686
257,2026-07-28 20:49:00,4029.3,4029.6,4027.7,4027.7,30,26,21,4,30,-17,-17,-17,-17,-88,26,0,0,0,1.1538,0,0,12,4027.7,5,109686
258,2026-07-28 20:50:00,4027.0,4027.3,4026.5,4027.0,56,24,19,37,56,18,18,18,18,-70,24,0,0,0,2.3333,0,0,7,4026.7,29,109686
259,2026-07-28 20:51:00,4027.3,4027.7,4026.7,4026.9,13,13,5,6,13,1,1,1,1,-69,13,0,0,0,1,0,0,9,4027.1,2,109686
260,2026-07-28 20:52:00,4026.7,4027.9,4026.7,4027.5,4,4,3,0,4,-3,-3,-3,-3,-72,4,0,0,0,1,0,0,4,4026.7,1,109686
261,2026-07-28 20:53:00,4027.4,4027.4,4027.3,4027.3,4,4,4,0,4,-4,-4,-4,-4,-76,4,0,0,0,1,0,0,2,4027.4,3,109686
262,2026-07-28 20:54:00,4028.1,4028.5,4028.0,4028.5,8,7,0,8,8,8,8,8,8,-68,7,0,0,0,1.1429,0,0,5,4028.2,3,109686
263,2026-07-28 20:55:00,4028.0,4029.0,4027.9,4029.0,20,16,5,13,20,8,8,8,8,-60,16,0,0,0,1.25,0,0,7,4028.7,7,109686
264,2026-07-28 20:56:00,4028.9,4028.9,4028.6,4028.9,8,4,2,6,8,4,4,4,4,-56,4,0,0,0,2,0,0,3,4028.9,6,109686
265,2026-07-28 20:57:00,4028.7,4028.7,4028.7,4028.7,7,2,7,0,7,-7,-7,-7,-7,-63,2,0,0,0,3.5,0,0,1,4028.7,7,109686
266,2026-07-28 20:58:00,4028.4,4028.7,4028.2,4028.3,21,17,12,7,21,-5,-5,-5,-5,-68,17,0,0,0,1.2353,0,0,5,4028.3,6,109686
267,2026-07-28 20:59:00,4028.6,4028.8,4028.1,4028.8,22,18,13,8,22,-5,-5,-5,-5,-73,18,0,0,0,1.2222,0,0,7,4028.3,8,109686
268,2026-07-28 22:00:00,4020.9,4034.0,4020.9,4027.9,58,41,17,21,58,4,4,4,4,-69,41,0,0,0,1.4146,0,0,24,4020.9,10,109686
269,2026-07-28 22:01:00,4027.1,4027.1,4025.5,4026.2,28,25,9,3,28,-6,-6,-6,-6,-75,25,0,0,0,1.12,0,0,9,4026.8,6,109686
270,2026-07-28 22:02:00,4025.5,4026.0,4025.5,4025.8,13,11,2,8,13,6,6,6,6,-69,11,0,0,0,1.1818,0,0,6,4026.0,6,109686
271,2026-07-28 22:03:00,4026.3,4026.9,4025.3,4025.8,14,14,7,5,14,-2,-2,-2,-2,-71,14,0,0,0,1,0,0,8,4026.3,3,109686
272,2026-07-28 22:04:00,4025.5,4025.8,4025.5,4025.8,3,3,1,0,3,-1,-1,-1,-1,-72,3,0,0,0,1,0,0,2,4025.5,2,109686
273,2026-07-28 22:05:00,4026.8,4026.8,4025.7,4026.4,8,8,0,2,8,2,2,2,2,-70,8,0,0,0,1,0,0,7,4026.4,2,109686
274,2026-07-28 22:06:00,4025.6,4026.3,4025.5,4026.3,6,6,1,3,6,2,2,2,2,-68,6,0,0,0,1,0,0,5,4026.0,2,109686
275,2026-07-28 22:07:00,4026.3,4026.3,4026.3,4026.3,1,1,1,0,1,-1,-1,-1,-1,-69,1,0,0,0,1,0,0,1,4026.3,1,109686
276,2026-07-28 22:09:00,4026.3,4026.7,4026.3,4026.7,3,3,0,3,3,3,3,3,3,-66,3,0,0,0,1,0,0,3,4026.3,1,109686
277,2026-07-28 22:10:00,4026.8,4026.9,4026.6,4026.6,3,3,1,1,3,0,0,0,0,-66,3,0,0,0,1,0,0,3,4026.6,1,109686
278,2026-07-28 22:11:00,4026.3,4026.6,4025.9,4025.9,15,13,11,0,15,-11,-11,-11,-11,-77,13,0,0,0,1.1538,0,0,7,4025.9,5,109686
279,2026-07-28 22:12:00,4026.5,4026.5,4026.5,4026.5,1,1,0,1,1,1,1,1,1,-76,1,0,0,0,1,0,0,1,4026.5,1,109686
280,2026-07-28 22:13:00,4026.0,4026.6,4025.0,4025.0,43,42,28,14,43,-14,-14,-14,-14,-90,42,0,0,0,1.0238,0,0,17,4025.8,9,109686
281,2026-07-28 22:14:00,4025.3,4025.8,4024.2,4024.2,27,26,9,10,27,1,1,1,1,-89,26,0,0,0,1.0385,0,0,13,4025.3,5,109686
282,2026-07-28 22:15:00,4024.2,4024.4,4023.6,4023.6,16,15,8,3,16,-5,-5,-5,-5,-94,15,0,0,0,1.0667,0,0,9,4024.0,5,109686
283,2026-07-28 22:16:00,4023.5,4024.0,4023.5,4023.6,4,4,0,1,4,1,1,1,1,-93,4,0,0,0,1,0,0,4,4023.5,1,109686
284,2026-07-28 22:17:00,4023.7,4023.7,4023.0,4023.0,12,12,7,0,12,-7,-7,-7,-7,-100,12,0,0,0,1,0,0,8,4023.1,3,109686
285,2026-07-28 22:18:00,4022.9,4022.9,4022.0,4022.3,23,22,14,4,23,-10,-10,-10,-10,-110,22,0,0,0,1.0455,0,0,10,4022.9,5,109686
286,2026-07-28 22:19:00,4022.2,4022.7,4021.8,4022.0,16,14,11,2,16,-9,-9,-9,-9,-119,14,0,0,0,1.1429,0,0,6,4021.9,5,109686
287,2026-07-28 22:20:00,4022.4,4022.5,4020.0,4020.0,53,41,26,16,53,-10,-10,-10,-10,-129,41,0,0,0,1.2927,0,0,20,4020.0,8,109686
288,2026-07-28 22:21:00,4020.0,4020.3,4019.9,4019.9,8,6,5,3,8,-2,-2,-2,-2,-131,6,0,0,0,1.3333,0,0,3,4020.0,4,109686
289,2026-07-28 22:22:00,4019.9,4020.3,4019.5,4019.8,17,17,6,8,17,2,2,2,2,-129,17,0,0,0,1,0,0,7,4019.9,5,109686
290,2026-07-28 22:23:00,4019.6,4019.6,4016.1,4018.3,82,61,73,7,82,-66,-66,-66,-66,-195,61,0,0,0,1.3443,0,0,27,4016.9,13,109686
291,2026-07-28 22:24:00,4017.7,4017.8,4016.8,4016.8,42,32,10,20,42,10,10,10,10,-185,32,0,0,0,1.3125,0,0,10,4017.0,16,109686
292,2026-07-28 22:25:00,4017.1,4017.7,4016.8,4017.0,23,22,6,9,23,3,3,3,3,-182,22,0,0,0,1.0455,0,0,10,4016.8,6,109686
293,2026-07-28 22:26:00,4017.3,4018.2,4017.3,4018.2,15,11,0,4,15,4,4,4,4,-178,11,0,0,0,1.3636,0,0,6,4018.0,8,109686
294,2026-07-28 22:27:00,4018.3,4020.3,4018.3,4019.6,33,26,7,20,33,13,13,13,13,-165,26,0,0,0,1.2692,0,0,16,4018.4,8,109686
295,2026-07-28 22:28:00,4019.1,4020.0,4018.8,4020.0,17,15,7,2,17,-5,-5,-5,-5,-170,15,0,0,0,1.1333,0,0,7,4018.8,6,109686
296,2026-07-28 22:29:00,4019.5,4020.4,4019.3,4020.4,13,9,5,7,13,2,2,2,2,-168,9,0,0,0,1.4444,0,0,6,4020.4,6,109686
297,2026-07-28 22:30:00,4020.1,4020.5,4019.9,4019.9,5,5,2,1,5,-1,-1,-1,-1,-169,5,0,0,0,1,0,0,4,4020.0,2,109686
298,2026-07-28 22:31:00,4019.8,4019.9,4017.6,4017.6,18,18,7,0,18,-7,-7,-7,-7,-176,18,0,0,0,1,0,0,15,4019.0,4,109686
299,2026-07-28 22:32:00,4017.4,4017.4,4013.2,4013.6,98,71,56,18,98,-38,-38,-38,-38,-214,71,0,0,0,1.3803,0,0,35,4015.0,16,109686
300,2026-07-28 22:33:00,4015.0,4015.2,4013.2,4014.0,37,28,11,22,37,11,11,11,11,-203,28,0,0,0,1.3214,0,0,16,4014.0,13,109686
301,2026-07-28 22:34:00,4014.0,4016.9,4014.0,4016.6,26,25,7,13,26,6,6,6,6,-197,25,0,0,0,1.04,0,0,11,4015.5,10,109686
302,2026-07-28 22:35:00,4016.6,4016.6,4014.4,4014.5,23,22,8,10,23,2,2,2,2,-195,22,0,0,0,1.0455,0,0,13,4014.8,7,109686
303,2026-07-28 22:36:00,4014.9,4016.1,4014.5,4015.6,35,24,27,8,35,-19,-19,-19,-19,-214,24,0,0,0,1.4583,0,0,13,4014.6,5,109686
304,2026-07-28 22:37:00,4015.6,4015.6,4015.4,4015.4,8,4,7,0,8,-7,-7,-7,-7,-221,4,0,0,0,2,0,0,3,4015.6,6,109686
305,2026-07-28 22:38:00,4015.1,4015.1,4013.5,4014.3,10,9,2,3,10,1,1,1,1,-220,9,0,0,0,1.1111,0,0,8,4013.5,2,109686
306,2026-07-28 22:39:00,4013.9,4014.9,4013.5,4013.9,25,17,15,9,25,-6,-6,-6,-6,-226,17,0,0,0,1.4706,0,0,9,4014.0,9,109686
307,2026-07-28 22:40:00,4015.5,4017.5,4015.5,4016.4,60,49,20,31,60,11,11,11,11,-215,49,0,0,0,1.2245,0,0,16,4016.7,11,109686
308,2026-07-28 22:41:00,4016.3,4016.3,4016.3,4016.3,1,1,0,0,1,0,0,0,0,-215,1,0,0,0,1,0,0,1,4016.3,1,109686
309,2026-07-28 22:42:00,4016.9,4018.2,4016.9,4018.1,27,18,2,22,27,20,20,20,20,-195,18,0,0,0,1.5,0,0,11,4017.5,6,109686
310,2026-07-28 22:43:00,4017.5,4017.7,4017.4,4017.7,3,3,2,1,3,-1,-1,-1,-1,-196,3,0,0,0,1,0,0,3,4017.4,1,109686
311,2026-07-28 22:44:00,4017.5,4017.7,4017.3,4017.7,39,12,14,3,39,-11,-11,-11,-11,-207,12,0,0,0,3.25,0,0,4,4017.5,35,109686
312,2026-07-28 22:45:00,4017.3,4017.3,4016.2,4016.2,15,15,10,1,15,-9,-9,-9,-9,-216,15,0,0,0,1,0,0,12,4016.4,3,109686
313,2026-07-28 22:46:00,4015.1,4015.3,4014.3,4014.3,12,12,7,3,12,-4,-4,-4,-4,-220,12,0,0,0,1,0,0,7,4014.9,4,109686
314,2026-07-28 22:47:00,4014.4,4015.1,4014.3,4015.1,4,4,2,1,4,-1,-1,-1,-1,-221,4,0,0,0,1,0,0,4,4014.3,1,109686
315,2026-07-28 22:48:00,4016.0,4017.1,4016.0,4016.8,6,4,2,3,6,1,1,1,1,-220,4,0,0,0,1.5,0,0,4,4017.0,3,109686
316,2026-07-28 22:49:00,4017.0,4017.0,4015.9,4015.9,19,11,8,8,19,0,0,0,0,-220,11,0,0,0,1.7273,0,0,5,4016.0,14,109686
317,2026-07-28 22:50:00,4015.8,4015.8,4015.8,4015.8,1,1,0,0,1,0,0,0,0,-220,1,0,0,0,1,0,0,1,4015.8,1,109686
318,2026-07-28 22:52:00,4018.1,4018.1,4018.1,4018.1,7,3,7,0,7,-7,-7,-7,-7,-227,3,0,0,0,2.3333,0,0,1,4018.1,7,109686
319,2026-07-28 22:53:00,4017.3,4017.3,4016.0,4016.1,12,6,9,0,12,-9,-9,-9,-9,-236,6,0,0,0,2,0,0,6,4017.0,7,109686
320,2026-07-28 22:54:00,4016.7,4017.4,4016.0,4017.4,15,8,6,7,15,1,1,1,1,-235,8,0,0,0,1.875,0,0,5,4016.0,8,109686
321,2026-07-28 22:55:00,4017.3,4017.3,4017.0,4017.1,3,3,1,1,3,0,0,0,0,-235,3,0,0,0,1,0,0,3,4017.0,1,109686
322,2026-07-28 22:56:00,4017.3,4017.6,4017.3,4017.6,12,3,1,11,12,10,10,10,10,-225,3,0,0,0,4,0,0,3,4017.6,10,109686
323,2026-07-28 22:57:00,4018.3,4018.7,4018.0,4018.7,7,7,1,4,7,3,3,3,3,-222,7,0,0,0,1,0,0,5,4018.3,2,109686
324,2026-07-28 22:58:00,4019.2,4019.2,4018.0,4018.0,13,9,1,7,13,6,6,6,6,-216,9,0,0,0,1.4444,0,0,5,4018.0,9,109686
325,2026-07-28 22:59:00,4017.9,4017.9,4017.9,4017.9,3,3,0,0,3,0,0,0,0,-216,3,0,0,0,1,0,0,1,4017.9,3,109686
326,2026-07-28 23:00:00,4017.4,4017.7,4017.2,4017.5,5,4,1,3,5,2,2,2,2,-214,4,0,0,0,1.25,0,0,4,4017.5,2,109686
327,2026-07-28 23:01:00,4017.5,4017.9,4017.5,4017.9,4,4,0,4,4,4,4,4,4,-210,4,0,0,0,1,0,0,3,4017.8,2,109686
328,2026-07-28 23:02:00,4017.0,4017.9,4016.9,4017.9,15,15,7,6,15,-1,-1,-1,-1,-211,15,0,0,0,1,0,0,9,4017.0,4,109686
329,2026-07-28 23:03:00,4017.1,4017.1,4015.5,4016.7,24,22,15,4,24,-11,-11,-11,-11,-222,22,0,0,0,1.0909,0,0,13,4016.3,5,109686
330,2026-07-28 23:04:00,4016.5,4016.6,4015.6,4015.9,7,6,2,4,7,2,2,2,2,-220,6,0,0,0,1.1667,0,0,4,4016.6,3,109686
331,2026-07-28 23:05:00,4016.5,4017.2,4016.0,4016.0,17,17,2,14,17,12,12,12,12,-208,17,0,0,0,1,0,0,9,4016.5,3,109686
332,2026-07-28 23:06:00,4016.3,4016.3,4016.3,4016.3,1,1,0,1,1,1,1,1,1,-207,1,0,0,0,1,0,0,1,4016.3,1,109686
333,2026-07-28 23:07:00,4016.2,4017.0,4016.2,4017.0,7,7,0,7,7,7,7,7,7,-200,7,0,0,0,1,0,0,3,4016.2,3,109686
334,2026-07-28 23:08:00,4018.0,4018.4,4018.0,4018.4,13,8,7,6,13,-1,-1,-1,-1,-201,8,0,0,0,1.625,0,0,4,4018.0,8,109686
335,2026-07-28 23:09:00,4018.5,4018.7,4017.7,4017.7,13,11,3,7,13,4,4,4,4,-197,11,0,0,0,1.1818,0,0,7,4018.5,3,109686
336,2026-07-28 23:10:00,4017.4,4019.4,4017.4,4019.4,11,11,0,10,11,10,10,10,10,-187,11,0,0,0,1,0,0,9,4017.9,2,109686
337,2026-07-28 23:11:00,4018.9,4020.8,4018.3,4020.8,16,15,3,13,16,10,10,10,10,-177,15,0,0,0,1.0667,0,0,13,4019.1,3,109686
338,2026-07-28 23:12:00,4021.0,4021.3,4020.3,4020.6,12,12,4,8,12,4,4,4,4,-173,12,0,0,0,1,0,0,8,4020.8,3,109686
339,2026-07-28 23:13:00,4021.4,4022.4,4020.8,4022.4,9,9,1,7,9,6,6,6,6,-167,9,0,0,0,1,0,0,8,4021.3,2,109686
340,2026-07-28 23:14:00,4022.4,4022.4,4021.6,4022.1,8,7,0,5,8,5,5,5,5,-162,7,0,0,0,1.1429,0,0,5,4021.9,3,109686
341,2026-07-28 23:15:00,4021.5,4021.5,4017.8,4018.2,20,20,11,5,20,-6,-6,-6,-6,-168,20,0,0,0,1,0,0,16,4017.9,2,109686
342,2026-07-28 23:16:00,4017.4,4017.8,4017.2,4017.7,14,10,2,9,14,7,7,7,7,-161,10,0,0,0,1.4,0,0,6,4017.8,6,109686
343,2026-07-28 23:17:00,4017.0,4018.3,4016.8,4018.3,14,13,4,8,14,4,4,4,4,-157,13,0,0,0,1.0769,0,0,9,4016.8,3,109686
344,2026-07-28 23:18:00,4017.6,4017.6,4016.3,4016.3,9,8,1,4,9,3,3,3,3,-154,8,0,0,0,1.125,0,0,5,4016.3,4,109686
345,2026-07-28 23:19:00,4015.1,4015.1,4015.0,4015.0,7,6,2,0,7,-2,-2,-2,-2,-156,6,0,0,0,1.1667,0,0,2,4015.0,4,109686
346,2026-07-28 23:20:00,4016.4,4016.8,4015.9,4015.9,7,6,0,7,7,7,7,7,7,-149,6,0,0,0,1.1667,0,0,6,4016.4,2,109686
347,2026-07-28 23:21:00,4016.3,4017.1,4016.3,4017.0,3,3,0,2,3,2,2,2,2,-147,3,0,0,0,1,0,0,3,4016.3,1,109686
348,2026-07-28 23:22:00,4017.9,4017.9,4017.7,4017.7,2,2,0,1,2,1,1,1,1,-146,2,0,0,0,1,0,0,2,4017.7,1,109686
349,2026-07-28 23:23:00,4018.0,4018.0,4018.0,4018.0,4,2,2,2,4,0,0,0,0,-146,2,0,0,0,2,0,0,1,4018.0,4,109686
350,2026-07-28 23:24:00,4018.5,4018.8,4017.1,4017.1,8,8,2,3,8,1,1,1,1,-145,8,0,0,0,1,0,0,6,4018.5,2,109686
351,2026-07-28 23:25:00,4018.3,4018.3,4015.0,4016.3,26,22,5,5,26,0,0,0,0,-145,22,0,0,0,1.1818,0,0,14,4015.0,8,109686
352,2026-07-28 23:26:00,4017.1,4017.8,4016.9,4016.9,3,3,2,1,3,-1,-1,-1,-1,-146,3,0,0,0,1,0,0,3,4016.9,1,109686
353,2026-07-28 23:27:00,4017.8,4018.5,4017.5,4017.5,4,4,0,1,4,1,1,1,1,-145,4,0,0,0,1,0,0,4,4017.5,1,109686
354,2026-07-28 23:28:00,4017.1,4017.9,4017.1,4017.9,2,2,0,2,2,2,2,2,2,-143,2,0,0,0,1,0,0,2,4017.1,1,109686
355,2026-07-28 23:29:00,4018.2,4018.8,4017.4,4017.4,5,5,0,4,5,4,4,4,4,-139,5,0,0,0,1,0,0,5,4017.4,1,109686
356,2026-07-28 23:30:00,4018.7,4018.7,4017.8,4017.8,2,2,0,1,2,1,1,1,1,-138,2,0,0,0,1,0,0,2,4017.8,1,109686
357,2026-07-28 23:31:00,4018.4,4018.4,4017.6,4017.6,3,3,1,0,3,-1,-1,-1,-1,-139,3,0,0,0,1,0,0,3,4017.6,1,109686
358,2026-07-28 23:32:00,4018.1,4018.3,4017.8,4017.8,5,5,1,2,5,1,1,1,1,-138,5,0,0,0,1,0,0,5,4017.8,1,109686
359,2026-07-28 23:33:00,4017.5,4017.5,4017.4,4017.4,3,3,1,0,3,-1,-1,-1,-1,-139,3,0,0,0,1,0,0,2,4017.5,2,109686
360,2026-07-28 23:34:00,4017.1,4018.0,4017.1,4018.0,5,5,0,3,5,3,3,3,3,-136,5,0,0,0,1,0,0,4,4017.1,2,109686
361,2026-07-28 23:35:00,4018.6,4018.6,4018.6,4018.6,1,1,0,1,1,1,1,1,1,-135,1,0,0,0,1,0,0,1,4018.6,1,109686
362,2026-07-28 23:37:00,4019.1,4019.1,4019.0,4019.0,2,2,1,1,2,0,0,0,0,-135,2,0,0,0,1,0,0,2,4019.0,1,109686
363,2026-07-28 23:38:00,4019.6,4019.7,4019.1,4019.7,5,5,0,4,5,4,4,4,4,-131,5,0,0,0,1,0,0,5,4019.1,1,109686
364,2026-07-28 23:39:00,4019.4,4019.4,4018.8,4018.8,7,7,2,0,7,-2,-2,-2,-2,-133,7,0,0,0,1,0,0,6,4019.0,2,109686
365,2026-07-28 23:40:00,4019.0,4019.0,4019.0,4019.0,1,1,0,1,1,1,1,1,1,-132,1,0,0,0,1,0,0,1,4019.0,1,109686
366,2026-07-28 23:41:00,4018.4,4018.9,4017.9,4017.9,5,5,3,0,5,-3,-3,-3,-3,-135,5,0,0,0,1,0,0,5,4017.9,1,109686
367,2026-07-28 23:42:00,4017.7,4018.0,4017.6,4018.0,3,3,0,1,3,1,1,1,1,-134,3,0,0,0,1,0,0,3,4017.6,1,109686
368,2026-07-28 23:43:00,4019.0,4019.0,4019.0,4019.0,7,3,0,7,7,7,7,7,7,-127,3,0,0,0,2.3333,0,0,1,4019.0,7,109686
369,2026-07-28 23:44:00,4019.4,4022.6,4019.4,4022.4,21,19,3,16,21,13,13,13,13,-114,19,0,0,0,1.1053,0,0,11,4019.4,4,109686
370,2026-07-28 23:45:00,4021.8,4021.8,4019.6,4020.0,10,10,0,3,10,3,3,3,3,-111,10,0,0,0,1,0,0,8,4020.7,2,109686
371,2026-07-28 23:46:00,4020.7,4020.8,4019.8,4019.8,7,5,5,0,7,-5,-5,-5,-5,-116,5,0,0,0,1.4,0,0,5,4019.8,2,109686
372,2026-07-28 23:47:00,4019.6,4020.8,4019.6,4020.6,25,12,9,14,25,5,5,5,5,-111,12,0,0,0,2.0833,0,0,4,4019.6,14,109686
373,2026-07-28 23:48:00,4019.6,4019.6,4019.1,4019.1,7,7,3,2,7,-1,-1,-1,-1,-112,7,0,0,0,1,0,0,5,4019.4,2,109686
374,2026-07-28 23:49:00,4019.4,4021.8,4019.4,4021.7,10,8,2,8,10,6,6,6,6,-106,8,0,0,0,1.25,0,0,5,4021.7,6,109686
375,2026-07-28 23:50:00,4022.0,4022.6,4021.5,4021.8,6,6,2,1,6,-1,-1,-1,-1,-107,6,0,0,0,1,0,0,6,4021.5,1,109686
376,2026-07-28 23:51:00,4021.6,4021.6,4021.1,4021.3,7,7,3,0,7,-3,-3,-3,-3,-110,7,0,0,0,1,0,0,4,4021.3,3,109686
377,2026-07-28 23:52:00,4021.9,4023.4,4021.9,4023.4,24,17,10,3,24,-7,-7,-7,-7,-117,17,0,0,0,1.4118,0,0,9,4023.3,10,109686
378,2026-07-28 23:53:00,4023.1,4023.3,4023.1,4023.3,3,3,1,1,3,0,0,0,0,-117,3,0,0,0,1,0,0,2,4023.1,2,109686
379,2026-07-28 23:54:00,4023.0,4023.0,4022.9,4023.0,9,7,7,0,9,-7,-7,-7,-7,-124,7,0,0,0,1.2857,0,0,2,4023.0,6,109686
380,2026-07-28 23:55:00,4022.5,4023.4,4022.5,4023.4,2,2,1,0,2,-1,-1,-1,-1,-125,2,0,0,0,1,0,0,2,4022.5,1,109686
381,2026-07-28 23:56:00,4024.1,4024.4,4023.3,4023.3,5,5,3,1,5,-2,-2,-2,-2,-127,5,0,0,0,1,0,0,5,4023.3,1,109686
382,2026-07-28 23:57:00,4024.1,4024.9,4024.1,4024.9,6,6,0,4,6,4,4,4,4,-123,6,0,0,0,1,0,0,5,4024.9,2,109686
383,2026-07-28 23:58:00,4025.2,4026.0,4024.5,4025.4,39,25,10,24,39,14,14,14,14,-109,25,0,0,0,1.56,0,0,13,4025.0,18,109686
384,2026-07-28 23:59:00,4024.9,4025.0,4024.3,4024.3,8,7,0,2,8,2,2,2,2,-107,7,0,0,0,1.1429,0,0,6,4025.0,3,109686
385,2026-07-29 00:00:00,4025.0,4025.5,4017.8,4018.4,87,69,33,29,87,-4,-4,-4,-4,-111,69,0,0,0,1.2609,0,0,33,4019.0,19,109686
386,2026-07-29 00:01:00,4017.2,4020.2,4017.1,4019.8,59,22,10,11,59,1,1,1,1,-110,22,0,0,0,2.6818,0,0,12,4019.0,40,109686
387,2026-07-29 00:02:00,4020.0,4021.1,4019.1,4019.1,23,16,15,1,23,-14,-14,-14,-14,-124,16,0,0,0,1.4375,0,0,10,4020.8,10,109686
388,2026-07-29 00:03:00,4020.3,4020.6,4020.0,4020.5,8,8,7,1,8,-6,-6,-6,-6,-130,8,0,0,0,1,0,0,6,4020.0,3,109686
389,2026-07-29 00:04:00,4022.0,4022.1,4022.0,4022.1,2,2,0,1,2,1,1,1,1,-129,2,0,0,0,1,0,0,2,4022.0,1,109686
390,2026-07-29 00:05:00,4021.4,4021.4,4020.8,4020.8,6,6,0,0,6,0,0,0,0,-129,6,0,0,0,1,0,0,4,4020.8,2,109686
391,2026-07-29 00:06:00,4021.4,4023.3,4021.2,4021.2,15,15,7,0,15,-7,-7,-7,-7,-136,15,0,0,0,1,0,0,12,4021.4,2,109686
392,2026-07-29 00:07:00,4022.0,4024.0,4022.0,4023.4,12,10,7,3,12,-4,-4,-4,-4,-140,10,0,0,0,1.2,0,0,8,4023.1,3,109686
393,2026-07-29 00:08:00,4023.5,4023.5,4019.8,4020.0,8,8,1,1,8,0,0,0,0,-140,8,0,0,0,1,0,0,7,4019.8,2,109686
394,2026-07-29 00:09:00,4019.4,4019.4,4018.0,4018.0,4,4,1,1,4,0,0,0,0,-140,4,0,0,0,1,0,0,4,4018.0,1,109686
395,2026-07-29 00:10:00,4018.3,4019.9,4018.3,4019.6,9,8,0,6,9,6,6,6,6,-134,8,0,0,0,1.125,0,0,6,4019.5,4,109686
396,2026-07-29 00:11:00,4019.7,4019.7,4019.4,4019.4,3,3,0,0,3,0,0,0,0,-134,3,0,0,0,1,0,0,3,4019.4,1,109686
397,2026-07-29 00:12:00,4020.6,4020.6,4020.0,4020.0,2,2,0,0,2,0,0,0,0,-134,2,0,0,0,1,0,0,2,4020.0,1,109686
398,2026-07-29 00:14:00,4021.6,4022.0,4019.8,4019.8,13,12,7,2,13,-5,-5,-5,-5,-139,12,0,0,0,1.0833,0,0,12,4019.9,2,109686
399,2026-07-29 00:15:00,4022.7,4023.4,4021.7,4023.4,12,9,4,8,12,4,4,4,4,-135,9,0,0,0,1.3333,0,0,6,4023.0,4,109686
400,2026-07-29 00:16:00,4022.4,4023.8,4022.4,4023.8,4,4,1,0,4,-1,-1,-1,-1,-136,4,0,0,0,1,0,0,3,4023.8,2,109686
401,2026-07-29 00:17:00,4024.2,4024.8,4024.2,4024.2,5,5,2,0,5,-2,-2,-2,-2,-138,5,0,0,0,1,0,0,4,4024.2,2,109686
402,2026-07-29 00:18:00,4024.7,4025.1,4024.5,4025.1,5,5,1,4,5,3,3,3,3,-135,5,0,0,0,1,0,0,3,4025.1,3,109686
403,2026-07-29 00:19:00,4026.0,4026.2,4025.8,4025.8,3,3,0,2,3,2,2,2,2,-133,3,0,0,0,1,0,0,3,4025.8,1,109686
404,2026-07-29 00:20:00,4024.8,4025.1,4024.1,4025.0,48,21,38,6,48,-32,-32,-32,-32,-165,21,0,0,0,2.2857,0,0,11,4025.0,25,109686
405,2026-07-29 00:21:00,4025.1,4030.7,4025.1,4028.9,67,39,1,31,67,30,30,30,30,-135,39,0,0,0,1.7179,0,0,21,4029.6,23,109686
406,2026-07-29 00:22:00,4028.6,4028.6,4024.5,4024.5,38,23,17,9,38,-8,-8,-8,-8,-143,23,0,0,0,1.6522,0,0,8,4028.0,25,109686
407,2026-07-29 00:23:00,4025.1,4025.1,4024.3,4024.3,7,6,5,1,7,-4,-4,-4,-4,-147,6,0,0,0,1.1667,0,0,5,4024.3,2,109686
408,2026-07-29 00:24:00,4024.1,4024.4,4023.9,4023.9,11,6,1,5,11,4,4,4,4,-143,6,0,0,0,1.8333,0,0,5,4024.3,5,109686
409,2026-07-29 00:25:00,4024.2,4026.5,4024.2,4026.5,4,4,1,2,4,1,1,1,1,-142,4,0,0,0,1,0,0,3,4025.4,2,109686
410,2026-07-29 00:26:00,4026.1,4026.5,4023.9,4023.9,11,9,2,4,11,2,2,2,2,-140,9,0,0,0,1.2222,0,0,6,4025.3,4,109686
411,2026-07-29 00:27:00,4023.8,4023.8,4023.2,4023.8,6,5,4,1,6,-3,-3,-3,-3,-143,5,0,0,0,1.2,0,0,4,4023.5,2,109686
412,2026-07-29 00:28:00,4023.6,4023.6,4021.5,4022.5,11,10,7,3,11,-4,-4,-4,-4,-147,10,0,0,0,1.1,0,0,10,4022.1,2,109686
413,2026-07-29 00:29:00,4021.8,4022.5,4021.8,4022.4,11,8,8,3,11,-5,-5,-5,-5,-152,8,0,0,0,1.375,0,0,4,4021.8,7,109686
414,2026-07-29 00:30:00,4022.9,4022.9,4021.6,4021.6,8,8,1,4,8,3,3,3,3,-149,8,0,0,0,1,0,0,6,4022.1,2,109686
415,2026-07-29 00:31:00,4021.5,4022.5,4021.4,4022.5,14,8,5,6,14,1,1,1,1,-148,8,0,0,0,1.75,0,0,5,4021.4,8,109686
416,2026-07-29 00:32:00,4021.8,4022.1,4021.0,4022.1,6,6,1,2,6,1,1,1,1,-147,6,0,0,0,1,0,0,4,4021.0,2,109686
417,2026-07-29 00:33:00,4022.8,4023.6,4022.8,4023.6,6,6,1,4,6,3,3,3,3,-144,6,0,0,0,1,0,0,5,4023.3,2,109686
418,2026-07-29 00:34:00,4024.7,4024.7,4023.8,4023.8,2,2,1,1,2,0,0,0,0,-144,2,0,0,0,1,0,0,2,4023.8,1,109686
419,2026-07-29 00:35:00,4023.5,4023.5,4023.3,4023.3,2,2,1,0,2,-1,-1,-1,-1,-145,2,0,0,0,1,0,0,2,4023.3,1,109686
420,2026-07-29 00:36:00,4023.5,4024.2,4023.5,4024.2,2,2,0,2,2,2,2,2,2,-143,2,0,0,0,1,0,0,2,4023.5,1,109686
421,2026-07-29 00:37:00,4024.2,4026.2,4024.2,4026.2,4,4,1,2,4,1,1,1,1,-142,4,0,0,0,1,0,0,4,4024.2,1,109686
422,2026-07-29 00:38:00,4027.4,4027.7,4025.1,4025.2,16,12,11,4,16,-7,-7,-7,-7,-149,12,0,0,0,1.3333,0,0,9,4025.6,4,109686
423,2026-07-29 00:39:00,4026.3,4026.3,4025.6,4025.6,4,4,3,1,4,-2,-2,-2,-2,-151,4,0,0,0,1,0,0,4,4025.6,1,109686
424,2026-07-29 00:40:00,4024.9,4024.9,4024.3,4024.3,2,2,0,1,2,1,1,1,1,-150,2,0,0,0,1,0,0,2,4024.3,1,109686
425,2026-07-29 00:41:00,4024.1,4024.1,4024.1,4024.1,1,1,0,0,1,0,0,0,0,-150,1,0,0,0,1,0,0,1,4024.1,1,109686
426,2026-07-29 00:43:00,4024.8,4024.8,4024.3,4024.3,2,2,1,1,2,0,0,0,0,-150,2,0,0,0,1,0,0,2,4024.3,1,109686
427,2026-07-29 00:44:00,4025.5,4026.1,4024.7,4026.1,14,10,2,10,14,8,8,8,8,-142,10,0,0,0,1.4,0,0,8,4025.5,3,109686
428,2026-07-29 00:45:00,4025.3,4025.7,4024.9,4024.9,9,6,2,0,9,-2,-2,-2,-2,-144,6,0,0,0,1.5,0,0,4,4025.3,6,109686
429,2026-07-29 00:46:00,4023.9,4023.9,4022.6,4022.6,6,6,2,1,6,-1,-1,-1,-1,-145,6,0,0,0,1,0,0,6,4022.6,1,109686
430,2026-07-29 00:47:00,4023.1,4023.6,4022.4,4023.6,5,5,0,3,5,3,3,3,3,-142,5,0,0,0,1,0,0,5,4022.4,1,109686
431,2026-07-29 00:49:00,4022.4,4022.4,4020.8,4020.8,16,10,8,3,16,-5,-5,-5,-5,-147,10,0,0,0,1.6,0,0,5,4022.0,10,109686
432,2026-07-29 00:50:00,4020.9,4022.3,4020.9,4022.3,3,3,0,0,3,0,0,0,0,-147,3,0,0,0,1,0,0,2,4022.3,2,109686
433,2026-07-29 00:51:00,4022.8,4022.8,4022.7,4022.7,2,2,0,0,2,0,0,0,0,-147,2,0,0,0,1,0,0,2,4022.7,1,109686
434,2026-07-29 00:52:00,4022.7,4022.7,4022.7,4022.7,1,1,0,0,1,0,0,0,0,-147,1,0,0,0,1,0,0,1,4022.7,1,109686
435,2026-07-29 00:53:00,4022.1,4022.1,4022.1,4022.1,1,1,1,0,1,-1,-1,-1,-1,-148,1,0,0,0,1,0,0,1,4022.1,1,109686
436,2026-07-29 00:54:00,4022.1,4022.1,4022.1,4022.1,1,1,0,0,1,0,0,0,0,-148,1,0,0,0,1,0,0,1,4022.1,1,109686
437,2026-07-29 00:56:00,4020.2,4020.2,4020.0,4020.0,2,2,0,0,2,0,0,0,0,-148,2,0,0,0,1,0,0,2,4020.0,1,73110
438,2026-07-29 00:57:00,4020.6,4020.9,4020.0,4020.9,14,11,2,11,14,9,9,9,9,-139,11,0,0,0,1.2727,0,0,6,4020.5,7,73110
439,2026-07-29 00:58:00,4020.7,4021.9,4020.3,4020.5,27,18,14,8,27,-6,-6,-6,-6,-145,18,0,0,0,1.5,0,0,11,4021.3,6,73110
440,2026-07-29 00:59:00,4020.8,4021.7,4020.8,4021.3,6,4,0,2,6,2,2,2,2,-143,4,0,0,0,1.5,0,0,3,4020.8,3,73110
441,2026-07-29 01:00:00,4021.0,4021.0,4017.0,4018.7,67,47,42,18,67,-24,-24,-24,-24,-167,47,0,0,0,1.4255,0,0,26,4017.5,18,73110
442,2026-07-29 01:01:00,4018.2,4018.6,4015.5,4015.5,36,28,19,4,36,-15,-15,-15,-15,-182,28,0,0,0,1.2857,0,0,14,4016.0,10,73110
443,2026-07-29 01:02:00,4017.7,4018.3,4015.0,4015.0,25,19,6,4,25,-2,-2,-2,-2,-184,19,0,0,0,1.3158,0,0,7,4015.0,11,73110
444,2026-07-29 01:03:00,4014.9,4015.0,4014.2,4014.2,12,12,3,2,12,-1,-1,-1,-1,-185,12,0,0,0,1,0,0,6,4014.9,4,73110
445,2026-07-29 01:04:00,4014.2,4014.2,4009.3,4011.2,188,118,113,36,188,-77,-77,-77,-77,-262,118,0,0,0,1.5932,0,0,38,4010.0,18,73110
446,2026-07-29 01:05:00,4010.3,4011.8,4010.0,4011.8,7,7,0,3,7,3,3,3,3,-259,7,0,0,0,1,0,0,6,4010.3,2,73110
447,2026-07-29 01:06:00,4012.1,4014.7,4012.1,4013.0,33,25,10,20,33,10,10,10,10,-249,25,0,0,0,1.32,0,0,13,4013.4,5,73110
448,2026-07-29 01:07:00,4013.8,4014.0,4010.8,4013.8,31,23,18,5,31,-13,-13,-13,-13,-262,23,0,0,0,1.3478,0,0,17,4012.1,8,73110
449,2026-07-29 01:08:00,4013.7,4013.7,4011.9,4012.6,7,6,3,2,7,-1,-1,-1,-1,-263,6,0,0,0,1.1667,0,0,6,4013.2,2,73110
450,2026-07-29 01:09:00,4012.5,4014.4,4012.5,4014.4,4,4,0,2,4,2,2,2,2,-261,4,0,0,0,1,0,0,4,4012.5,1,73110
451,2026-07-29 01:10:00,4015.0,4016.8,4015.0,4016.4,22,17,4,15,22,11,11,11,11,-250,17,0,0,0,1.2941,0,0,11,4016.2,7,73110
452,2026-07-29 01:11:00,4016.1,4016.4,4013.8,4014.2,25,23,14,4,25,-10,-10,-10,-10,-260,23,0,0,0,1.087,0,0,15,4014.8,4,73110
453,2026-07-29 01:12:00,4014.4,4014.4,4012.8,4013.5,10,5,2,6,10,4,4,4,4,-256,5,0,0,0,2,0,0,5,4012.8,5,73110
454,2026-07-29 01:13:00,4012.7,4012.9,4011.8,4012.1,25,19,2,16,25,14,14,14,14,-242,19,0,0,0,1.3158,0,0,10,4012.1,11,73110
455,2026-07-29 01:14:00,4012.4,4012.4,4011.0,4012.2,19,11,12,4,19,-8,-8,-8,-8,-250,11,0,0,0,1.7273,0,0,6,4011.1,12,73110
456,2026-07-29 01:15:00,4011.7,4011.9,4011.2,4011.4,22,10,4,18,22,14,14,14,14,-236,10,0,0,0,2.2,0,0,7,4011.7,6,73110
457,2026-07-29 01:16:00,4012.4,4013.5,4011.8,4012.3,11,10,1,7,11,6,6,6,6,-230,10,0,0,0,1.1,0,0,6,4012.4,3,73110
458,2026-07-29 01:17:00,4012.7,4015.2,4012.7,4015.2,11,11,1,7,11,6,6,6,6,-224,11,0,0,0,1,0,0,11,4012.7,1,73110
459,2026-07-29 01:18:00,4014.5,4015.4,4013.6,4015.2,8,8,5,0,8,-5,-5,-5,-5,-229,8,0,0,0,1,0,0,7,4013.8,2,73110
460,2026-07-29 01:19:00,4015.2,4015.7,4015.2,4015.7,2,2,1,0,2,-1,-1,-1,-1,-230,2,0,0,0,1,0,0,2,4015.2,1,73110
461,2026-07-29 01:20:00,4015.8,4016.5,4014.9,4016.0,9,8,7,2,9,-5,-5,-5,-5,-235,8,0,0,0,1.125,0,0,6,4014.9,2,73110
462,2026-07-29 01:21:00,4015.1,4015.1,4014.4,4014.4,5,5,5,0,5,-5,-5,-5,-5,-240,5,0,0,0,1,0,0,4,4014.4,2,73110
463,2026-07-29 01:22:00,4014.6,4014.6,4014.6,4014.6,12,8,2,3,12,1,1,1,1,-239,8,0,0,0,1.5,0,0,1,4014.6,12,73110
464,2026-07-29 01:23:00,4013.9,4015.0,4013.1,4013.2,24,20,8,8,24,0,0,0,0,-239,20,0,0,0,1.2,0,0,7,4013.2,14,73110
465,2026-07-29 01:25:00,4014.4,4014.4,4014.4,4014.4,1,1,0,1,1,1,1,1,1,-238,1,0,0,0,1,0,0,1,4014.4,1,73110
466,2026-07-29 01:26:00,4016.0,4016.5,4015.9,4015.9,28,14,11,3,28,-8,-8,-8,-8,-246,14,0,0,0,2,0,0,4,4016.5,20,73110
467,2026-07-29 01:27:00,4015.9,4017.0,4015.9,4016.4,5,5,4,0,5,-4,-4,-4,-4,-250,5,0,0,0,1,0,0,3,4015.9,3,73110
468,2026-07-29 01:28:00,4017.5,4017.7,4017.5,4017.7,3,2,0,1,3,1,1,1,1,-249,2,0,0,0,1.5,0,0,2,4017.5,2,73110
469,2026-07-29 01:29:00,4019.0,4019.0,4017.7,4017.7,4,4,1,2,4,1,1,1,1,-248,4,0,0,0,1,0,0,4,4017.7,1,73110
470,2026-07-29 01:30:00,4016.0,4016.0,4014.4,4015.8,14,13,2,4,14,2,2,2,2,-246,13,0,0,0,1.0769,0,0,9,4015.4,3,73110
471,2026-07-29 01:31:00,4017.3,4020.5,4017.3,4019.7,15,14,3,11,15,8,8,8,8,-238,14,0,0,0,1.0714,0,0,12,4019.0,2,73110
472,2026-07-29 01:32:00,4019.4,4020.5,4019.4,4020.5,4,4,1,0,4,-1,-1,-1,-1,-239,4,0,0,0,1,0,0,2,4019.4,2,73110
473,2026-07-29 01:33:00,4019.3,4019.3,4017.6,4017.6,9,9,2,2,9,0,0,0,0,-239,9,0,0,0,1,0,0,6,4019.3,3,73110
474,2026-07-29 01:34:00,4019.0,4023.4,4019.0,4023.4,28,18,2,25,28,23,23,23,23,-216,18,0,0,0,1.5556,0,0,14,4022.1,6,73110
475,2026-07-29 01:35:00,4023.6,4024.0,4021.8,4023.6,20,20,4,6,20,2,2,2,2,-214,20,0,0,0,1,0,0,12,4022.4,3,73110
476,2026-07-29 01:36:00,4023.1,4025.0,4022.7,4024.3,14,13,3,8,14,5,5,5,5,-209,13,0,0,0,1.0769,0,0,11,4023.1,2,73110
477,2026-07-29 01:37:00,4025.0,4026.8,4025.0,4026.0,17,17,12,2,17,-10,-10,-10,-10,-219,17,0,0,0,1,0,0,9,4026.0,4,73110
478,2026-07-29 01:38:00,4026.7,4027.8,4025.9,4026.5,53,34,7,40,53,33,33,33,33,-186,34,0,0,0,1.5588,0,0,16,4026.5,6,73110
479,2026-07-29 01:39:00,4026.4,4030.0,4026.4,4028.6,48,25,7,37,48,30,30,30,30,-156,25,0,0,0,1.92,0,0,17,4028.0,19,73110
480,2026-07-29 01:40:00,4028.4,4029.3,4028.3,4028.7,11,9,2,9,11,7,7,7,7,-149,9,0,0,0,1.2222,0,0,6,4028.7,4,73110
481,2026-07-29 01:41:00,4028.0,4028.0,4026.8,4027.5,15,11,10,1,15,-9,-9,-9,-9,-158,11,0,0,0,1.3636,0,0,7,4026.8,7,73110
482,2026-07-29 01:42:00,4027.0,4028.0,4026.8,4027.7,14,13,5,4,14,-1,-1,-1,-1,-159,13,0,0,0,1.0769,0,0,7,4027.0,5,73110
483,2026-07-29 01:43:00,4026.9,4026.9,4025.0,4025.7,10,9,7,3,10,-4,-4,-4,-4,-163,9,0,0,0,1.1111,0,0,7,4025.0,2,73110
484,2026-07-29 01:45:00,4026.9,4027.0,4026.0,4026.0,11,10,4,6,11,2,2,2,2,-161,10,0,0,0,1.1,0,0,7,4027.0,3,73110
485,2026-07-29 01:46:00,4026.3,4027.1,4026.0,4027.1,3,3,1,2,3,1,1,1,1,-160,3,0,0,0,1,0,0,3,4026.0,1,73110
486,2026-07-29 01:47:00,4025.2,4025.3,4023.4,4024.6,18,15,5,12,18,7,7,7,7,-153,15,0,0,0,1.2,0,0,9,4025.1,4,73110
487,2026-07-29 01:48:00,4024.4,4025.5,4024.4,4025.5,2,2,0,1,2,1,1,1,1,-152,2,0,0,0,1,0,0,2,4024.4,1,73110
488,2026-07-29 01:49:00,4023.9,4023.9,4023.9,4023.9,1,1,1,0,1,-1,-1,-1,-1,-153,1,0,0,0,1,0,0,1,4023.9,1,73110
489,2026-07-29 01:50:00,4023.3,4024.4,4023.3,4024.4,12,10,7,1,12,-6,-6,-6,-6,-159,10,0,0,0,1.2,0,0,3,4023.3,9,73110
490,2026-07-29 01:51:00,4024.0,4024.0,4022.0,4022.4,7,7,4,2,7,-2,-2,-2,-2,-161,7,0,0,0,1,0,0,4,4023.5,3,73110
491,2026-07-29 01:52:00,4022.7,4023.4,4022.7,4023.0,7,4,0,6,7,6,6,6,6,-155,4,0,0,0,1.75,0,0,4,4023.4,3,73110
492,2026-07-29 01:53:00,4022.3,4022.4,4021.0,4021.1,24,19,13,11,24,-2,-2,-2,-2,-157,19,0,0,0,1.2632,0,0,11,4022.4,8,73110
493,2026-07-29 01:54:00,4022.1,4022.1,4022.0,4022.1,3,3,0,2,3,2,2,2,2,-155,3,0,0,0,1,0,0,2,4022.1,2,73110
494,2026-07-29 01:55:00,4022.5,4024.6,4022.5,4024.1,5,5,1,4,5,3,3,3,3,-152,5,0,0,0,1,0,0,4,4024.6,2,73110
495,2026-07-29 01:57:00,4023.4,4023.4,4023.4,4023.4,1,1,0,1,1,1,1,1,1,-151,1,0,0,0,1,0,0,1,4023.4,1,73110
496,2026-07-29 01:58:00,4023.5,4024.4,4023.5,4023.7,3,3,1,0,3,-1,-1,-1,-1,-152,3,0,0,0,1,0,0,3,4023.5,1,73110
497,2026-07-29 01:59:00,4023.5,4025.0,4023.5,4025.0,5,5,1,0,5,-1,-1,-1,-1,-153,5,0,0,0,1,0,0,4,4023.5,2,73110
498,2026-07-29 02:00:00,4025.0,4025.5,4024.6,4024.9,12,11,4,7,12,3,3,3,3,-150,11,0,0,0,1.0909,0,0,7,4025.0,3,73110
499,2026-07-29 02:01:00,4025.3,4027.5,4025.1,4027.1,19,15,5,7,19,2,2,2,2,-148,15,0,0,0,1.2667,0,0,11,4025.4,4,73110
500,2026-07-29 02:02:00,4027.6,4027.6,4026.7,4027.4,12,9,5,4,12,-1,-1,-1,-1,-149,9,0,0,0,1.3333,0,0,6,4027.4,5,73110
501,2026-07-29 02:03:00,4026.9,4028.2,4026.9,4028.2,3,3,2,1,3,-1,-1,-1,-1,-150,3,0,0,0,1,0,0,3,4026.9,1,73110
502,2026-07-29 02:04:00,4027.5,4027.6,4027.5,4027.6,2,2,1,0,2,-1,-1,-1,-1,-151,2,0,0,0,1,0,0,2,4027.5,1,73110
503,2026-07-29 02:05:00,4026.9,4026.9,4025.6,4025.6,3,3,1,1,3,0,0,0,0,-151,3,0,0,0,1,0,0,3,4025.6,1,73110
504,2026-07-29 02:06:00,4025.6,4025.6,4025.6,4025.6,1,1,0,0,1,0,0,0,0,-151,1,0,0,0,1,0,0,1,4025.6,1,73110
505,2026-07-29 02:07:00,4025.8,4025.8,4022.6,4022.6,5,5,4,0,5,-4,-4,-4,-4,-155,5,0,0,0,1,0,0,5,4022.6,1,73110
506,2026-07-29 02:08:00,4022.6,4022.6,4022.3,4022.3,3,3,1,1,3,0,0,0,0,-155,3,0,0,0,1,0,0,2,4022.6,2,73110
507,2026-07-29 02:09:00,4022.9,4023.9,4022.9,4023.9,5,5,2,3,5,1,1,1,1,-154,5,0,0,0,1,0,0,4,4023.8,2,73110
508,2026-07-29 02:10:00,4025.1,4025.5,4025.1,4025.2,3,3,0,1,3,1,1,1,1,-153,3,0,0,0,1,0,0,3,4025.1,1,73110
509,2026-07-29 02:11:00,4025.1,4025.6,4024.7,4025.6,8,8,1,4,8,3,3,3,3,-150,8,0,0,0,1,0,0,6,4024.8,2,73110
510,2026-07-29 02:12:00,4025.9,4026.3,4025.9,4026.1,5,5,0,3,5,3,3,3,3,-147,5,0,0,0,1,0,0,4,4025.9,2,73110
511,2026-07-29 02:13:00,4027.1,4027.2,4026.9,4026.9,3,3,0,2,3,2,2,2,2,-145,3,0,0,0,1,0,0,3,4026.9,1,73110
512,2026-07-29 02:15:00,4027.1,4029.0,4027.1,4028.4,30,15,13,7,30,-6,-6,-6,-6,-151,15,0,0,0,2,0,0,12,4028.5,6,73110
513,2026-07-29 02:16:00,4027.6,4027.6,4027.4,4027.4,5,5,5,0,5,-5,-5,-5,-5,-156,5,0,0,0,1,0,0,2,4027.6,3,73110
514,2026-07-29 02:17:00,4027.7,4027.9,4026.4,4026.4,8,8,6,0,8,-6,-6,-6,-6,-162,8,0,0,0,1,0,0,7,4026.4,2,73110
515,2026-07-29 02:18:00,4026.6,4026.6,4025.0,4025.4,9,9,6,1,9,-5,-5,-5,-5,-167,9,0,0,0,1,0,0,7,4025.2,2,73110
516,2026-07-29 02:19:00,4024.9,4026.1,4024.8,4026.1,10,5,5,4,10,-1,-1,-1,-1,-168,5,0,0,0,2,0,0,5,4024.8,4,73110
517,2026-07-29 02:20:00,4025.6,4025.8,4025.4,4025.8,6,6,5,0,6,-5,-5,-5,-5,-173,6,0,0,0,1,0,0,4,4025.5,3,73110
518,2026-07-29 02:21:00,4026.3,4028.8,4026.1,4028.8,8,6,6,1,8,-5,-5,-5,-5,-178,6,0,0,0,1.3333,0,0,4,4026.2,3,73110
519,2026-07-29 02:22:00,4028.9,4032.4,4028.8,4032.4,29,27,0,16,29,16,16,16,16,-162,27,0,0,0,1.0741,0,0,15,4030.0,7,73110
520,2026-07-29 02:23:00,4031.7,4031.8,4030.6,4031.8,15,13,13,1,15,-12,-12,-12,-12,-174,13,0,0,0,1.1538,0,0,10,4031.6,3,73110
521,2026-07-29 02:24:00,4032.8,4034.3,4032.6,4033.3,46,31,6,23,46,17,17,17,17,-157,31,0,0,0,1.4839,0,0,13,4033.5,19,73110
522,2026-07-29 02:25:00,4032.0,4033.6,4032.0,4033.4,7,7,1,1,7,0,0,0,0,-157,7,0,0,0,1,0,0,7,4032.0,1,73110
523,2026-07-29 02:26:00,4032.3,4032.7,4030.8,4030.8,17,13,8,7,17,-1,-1,-1,-1,-158,13,0,0,0,1.3077,0,0,10,4031.3,5,73110
524,2026-07-29 02:27:00,4031.2,4031.2,4030.1,4030.3,8,8,5,1,8,-4,-4,-4,-4,-162,8,0,0,0,1,0,0,6,4030.3,3,73110
525,2026-07-29 02:28:00,4030.5,4030.5,4030.5,4030.5,1,1,1,0,1,-1,-1,-1,-1,-163,1,0,0,0,1,0,0,1,4030.5,1,73110
526,2026-07-29 02:29:00,4030.9,4032.0,4030.9,4032.0,3,3,0,1,3,1,1,1,1,-162,3,0,0,0,1,0,0,3,4030.9,1,73110
527,2026-07-29 02:30:00,4032.3,4035.2,4031.8,4034.9,39,35,8,8,39,0,0,0,0,-162,35,0,0,0,1.1143,0,0,12,4035.0,20,73110
528,2026-07-29 02:31:00,4033.5,4033.5,4031.2,4031.4,18,12,15,2,18,-13,-13,-13,-13,-175,12,0,0,0,1.5,0,0,9,4031.3,4,73110
529,2026-07-29 02:32:00,4030.9,4030.9,4030.1,4030.7,10,8,3,5,10,2,2,2,2,-173,8,0,0,0,1.25,0,0,7,4030.1,2,73110
530,2026-07-29 02:33:00,4030.7,4030.7,4030.0,4030.0,4,2,2,2,4,0,0,0,0,-173,2,0,0,0,2,0,0,2,4030.0,2,73110
531,2026-07-29 02:34:00,4030.3,4030.8,4030.1,4030.1,5,4,2,2,5,0,0,0,0,-173,4,0,0,0,1.25,0,0,3,4030.3,3,73110
532,2026-07-29 02:35:00,4030.7,4030.9,4030.6,4030.9,4,4,0,2,4,2,2,2,2,-171,4,0,0,0,1,0,0,4,4030.6,1,73110
533,2026-07-29 02:36:00,4031.3,4031.4,4030.9,4031.4,3,3,2,1,3,-1,-1,-1,-1,-172,3,0,0,0,1,0,0,3,4030.9,1,73110
534,2026-07-29 02:37:00,4031.1,4032.2,4031.1,4032.2,5,5,1,3,5,2,2,2,2,-170,5,0,0,0,1,0,0,5,4031.1,1,73110
535,2026-07-29 02:39:00,4032.8,4034.0,4032.8,4034.0,17,10,4,10,17,6,6,6,6,-164,10,0,0,0,1.7,0,0,7,4034.0,5,73110
536,2026-07-29 02:40:00,4034.2,4035.1,4034.2,4035.1,7,5,2,2,7,0,0,0,0,-164,5,0,0,0,1.4,0,0,4,4034.5,3,73110
537,2026-07-29 02:41:00,4035.9,4036.8,4035.7,4035.7,8,7,3,3,8,0,0,0,0,-164,7,0,0,0,1.1429,0,0,5,4035.9,3,73110
538,2026-07-29 02:42:00,4035.2,4035.2,4035.1,4035.1,3,3,2,1,3,-1,-1,-1,-1,-165,3,0,0,0,1,0,0,2,4035.2,2,73110
539,2026-07-29 02:43:00,4033.7,4033.7,4033.4,4033.5,4,4,3,1,4,-2,-2,-2,-2,-167,4,0,0,0,1,0,0,3,4033.5,2,73110
540,2026-07-29 02:44:00,4033.8,4034.3,4033.8,4034.3,7,7,0,7,7,7,7,7,7,-160,7,0,0,0,1,0,0,5,4034.2,3,73110
541,2026-07-29 02:45:00,4033.5,4034.2,4031.7,4031.9,18,14,10,6,18,-4,-4,-4,-4,-164,14,0,0,0,1.2857,0,0,11,4031.9,3,73110
542,2026-07-29 02:46:00,4032.3,4032.3,4032.3,4032.3,1,1,0,1,1,1,1,1,1,-163,1,0,0,0,1,0,0,1,4032.3,1,73110
543,2026-07-29 02:47:00,4031.9,4032.9,4031.9,4032.5,4,4,3,0,4,-3,-3,-3,-3,-166,4,0,0,0,1,0,0,3,4031.9,2,73110
544,2026-07-29 02:48:00,4031.6,4032.0,4031.0,4032.0,11,10,4,4,11,0,0,0,0,-166,10,0,0,0,1.1,0,0,7,4031.8,3,73110
545,2026-07-29 02:49:00,4031.6,4031.6,4031.6,4031.6,1,1,1,0,1,-1,-1,-1,-1,-167,1,0,0,0,1,0,0,1,4031.6,1,73110
546,2026-07-29 02:50:00,4031.6,4031.6,4031.6,4031.6,1,1,0,0,1,0,0,0,0,-167,1,0,0,0,1,0,0,1,4031.6,1,73110
547,2026-07-29 02:51:00,4031.6,4031.6,4029.7,4030.3,9,9,5,2,9,-3,-3,-3,-3,-170,9,0,0,0,1,0,0,6,4031.6,3,73110
548,2026-07-29 02:52:00,4029.5,4029.7,4029.5,4029.7,4,2,2,2,4,0,0,0,0,-170,2,0,0,0,2,0,0,2,4029.5,2,73110
549,2026-07-29 02:53:00,4028.5,4029.0,4028.5,4029.0,3,3,0,1,3,1,1,1,1,-169,3,0,0,0,1,0,0,2,4029.0,2,73110
550,2026-07-29 02:54:00,4029.5,4029.5,4029.5,4029.5,1,1,0,1,1,1,1,1,1,-168,1,0,0,0,1,0,0,1,4029.5,1,73110
551,2026-07-29 02:55:00,4029.7,4030.0,4029.7,4030.0,4,4,2,2,4,0,0,0,0,-168,4,0,0,0,1,0,0,2,4029.7,2,73110
552,2026-07-29 02:57:00,4030.3,4030.7,4030.3,4030.6,5,5,4,1,5,-3,-3,-3,-3,-171,5,0,0,0,1,0,0,5,4030.3,1,73110
553,2026-07-29 02:58:00,4030.7,4030.9,4029.7,4029.7,13,11,7,2,13,-5,-5,-5,-5,-176,11,0,0,0,1.1818,0,0,8,4030.6,3,73110
554,2026-07-29 02:59:00,4029.4,4029.5,4028.3,4028.3,15,14,2,8,15,6,6,6,6,-170,14,0,0,0,1.0714,0,0,7,4028.5,7,73110
555,2026-07-29 03:00:00,4028.2,4029.5,4028.2,4029.4,21,21,7,7,21,0,0,0,0,-170,21,0,0,0,1,0,0,7,4028.5,13,73110
556,2026-07-29 03:01:00,4029.4,4029.4,4029.4,4029.4,1,1,1,0,1,-1,-1,-1,-1,-171,1,0,0,0,1,0,0,1,4029.4,1,73110
557,2026-07-29 03:03:00,4028.2,4028.2,4027.4,4027.7,6,6,1,4,6,3,3,3,3,-168,6,0,0,0,1,0,0,5,4028.2,2,73110
558,2026-07-29 03:04:00,4027.5,4027.5,4027.3,4027.4,3,3,1,1,3,0,0,0,0,-168,3,0,0,0,1,0,0,3,4027.3,1,73110
559,2026-07-29 03:05:00,4027.4,4029.1,4027.4,4029.1,4,4,1,0,4,-1,-1,-1,-1,-169,4,0,0,0,1,0,0,4,4027.4,1,73110
560,2026-07-29 03:06:00,4028.8,4029.9,4028.8,4029.5,7,7,4,0,7,-4,-4,-4,-4,-173,7,0,0,0,1,0,0,6,4029.7,2,73110
561,2026-07-29 03:07:00,4029.0,4029.2,4029.0,4029.2,2,2,1,1,2,0,0,0,0,-173,2,0,0,0,1,0,0,2,4029.0,1,73110
562,2026-07-29 03:08:00,4029.9,4031.4,4029.9,4031.4,5,5,2,2,5,0,0,0,0,-173,5,0,0,0,1,0,0,4,4031.2,2,73110
563,2026-07-29 03:09:00,4029.4,4029.4,4028.6,4028.6,6,3,0,4,6,4,4,4,4,-169,3,0,0,0,2,0,0,2,4029.4,4,73110
564,2026-07-29 03:10:00,4029.3,4029.3,4029.3,4029.3,1,1,0,0,1,0,0,0,0,-169,1,0,0,0,1,0,0,1,4029.3,1,73110
565,2026-07-29 03:11:00,4028.3,4028.3,4027.9,4028.2,5,5,2,2,5,0,0,0,0,-169,5,0,0,0,1,0,0,3,4028.2,3,73110
566,2026-07-29 03:12:00,4027.7,4028.1,4027.7,4028.1,10,7,2,6,10,4,4,4,4,-165,7,0,0,0,1.4286,0,0,4,4027.8,6,73110
567,2026-07-29 03:13:00,4027.5,4027.5,4026.4,4026.6,6,5,0,4,6,4,4,4,4,-161,5,0,0,0,1.2,0,0,5,4026.6,2,73110
568,2026-07-29 03:14:00,4026.5,4026.9,4026.2,4026.9,5,5,3,2,5,-1,-1,-1,-1,-162,5,0,0,0,1,0,0,4,4026.2,2,73110
569,2026-07-29 03:15:00,4026.7,4027.1,4026.2,4026.2,11,6,1,10,11,9,9,9,9,-153,6,0,0,0,1.8333,0,0,6,4026.9,3,73110
570,2026-07-29 03:16:00,4026.0,4026.3,4026.0,4026.1,3,3,2,0,3,-2,-2,-2,-2,-155,3,0,0,0,1,0,0,3,4026.0,1,73110
571,2026-07-29 03:17:00,4026.3,4026.3,4026.3,4026.3,1,1,0,1,1,1,1,1,1,-154,1,0,0,0,1,0,0,1,4026.3,1,73110
572,2026-07-29 03:18:00,4026.6,4027.5,4026.1,4027.5,12,8,3,3,12,0,0,0,0,-154,8,0,0,0,1.5,0,0,7,4026.6,5,73110
573,2026-07-29 03:19:00,4027.5,4027.5,4026.8,4026.8,4,4,2,1,4,-1,-1,-1,-1,-155,4,0,0,0,1,0,0,4,4026.8,1,73110
574,2026-07-29 03:20:00,4026.8,4026.9,4026.8,4026.9,2,2,0,0,2,0,0,0,0,-155,2,0,0,0,1,0,0,2,4026.8,1,73110
575,2026-07-29 03:21:00,4026.1,4026.1,4026.1,4026.1,1,1,0,0,1,0,0,0,0,-155,1,0,0,0,1,0,0,1,4026.1,1,73110
576,2026-07-29 03:22:00,4026.0,4026.0,4026.0,4026.0,2,2,1,1,2,0,0,0,0,-155,2,0,0,0,1,0,0,1,4026.0,2,73110
577,2026-07-29 03:23:00,4025.8,4025.8,4025.8,4025.8,1,1,0,0,1,0,0,0,0,-155,1,0,0,0,1,0,0,1,4025.8,1,73110
578,2026-07-29 03:24:00,4024.8,4025.4,4024.8,4025.4,4,4,0,2,4,2,2,2,2,-153,4,0,0,0,1,0,0,2,4024.8,2,73110
579,2026-07-29 03:25:00,4024.8,4024.8,4024.7,4024.7,4,3,4,0,4,-4,-4,-4,-4,-157,3,0,0,0,1.3333,0,0,2,4024.7,3,73110
580,2026-07-29 03:26:00,4026.8,4026.8,4025.5,4025.5,7,5,1,4,7,3,3,3,3,-154,5,0,0,0,1.4,0,0,5,4025.5,2,73110
581,2026-07-29 03:28:00,4025.1,4025.4,4025.0,4025.1,15,9,15,0,15,-15,-15,-15,-15,-169,9,0,0,0,1.6667,0,0,5,4025.0,4,73110
582,2026-07-29 03:30:00,4024.9,4025.1,4024.3,4024.3,9,7,3,5,9,2,2,2,2,-167,7,0,0,0,1.2857,0,0,6,4024.9,3,73110
583,2026-07-29 03:31:00,4024.0,4024.3,4023.6,4024.0,9,9,3,5,9,2,2,2,2,-165,9,0,0,0,1,0,0,5,4023.8,3,73110
584,2026-07-29 03:32:00,4024.1,4024.1,4022.9,4022.9,11,10,2,4,11,2,2,2,2,-163,10,0,0,0,1.1,0,0,6,4023.8,4,73110
585,2026-07-29 03:33:00,4024.0,4024.1,4023.7,4023.7,13,5,12,0,13,-12,-12,-12,-12,-175,5,0,0,0,2.6,0,0,4,4023.8,5,73110
586,2026-07-29 03:34:00,4024.6,4025.0,4024.2,4025.0,4,4,0,3,4,3,3,3,3,-172,4,0,0,0,1,0,0,4,4024.2,1,73110
587,2026-07-29 03:35:00,4025.0,4026.5,4025.0,4026.5,5,5,2,1,5,-1,-1,-1,-1,-173,5,0,0,0,1,0,0,5,4025.0,1,73110
588,2026-07-29 03:36:00,4026.8,4027.2,4026.3,4027.1,22,11,13,0,22,-13,-13,-13,-13,-186,11,0,0,0,2,0,0,7,4026.6,8,73110
589,2026-07-29 03:37:00,4027.7,4027.8,4025.6,4025.6,12,6,2,0,12,-2,-2,-2,-2,-188,6,0,0,0,2,0,0,6,4027.7,5,73110
590,2026-07-29 03:38:00,4025.6,4025.6,4025.6,4025.6,1,1,0,0,1,0,0,0,0,-188,1,0,0,0,1,0,0,1,4025.6,1,73110
591,2026-07-29 03:39:00,4026.4,4026.6,4025.4,4025.4,26,13,14,3,26,-11,-11,-11,-11,-199,13,0,0,0,2,0,0,6,4026.4,21,73110
592,2026-07-29 03:40:00,4025.0,4025.0,4025.0,4025.0,1,1,1,0,1,-1,-1,-1,-1,-200,1,0,0,0,1,0,0,1,4025.0,1,73110
593,2026-07-29 03:41:00,4024.9,4024.9,4023.8,4024.2,5,4,4,0,5,-4,-4,-4,-4,-204,4,0,0,0,1.25,0,0,4,4023.8,2,73110
594,2026-07-29 03:42:00,4023.8,4024.5,4023.4,4023.8,17,17,11,1,17,-10,-10,-10,-10,-214,17,0,0,0,1,0,0,11,4023.7,3,73110
595,2026-07-29 03:43:00,4023.7,4024.3,4023.5,4023.5,15,15,5,2,15,-3,-3,-3,-3,-217,15,0,0,0,1,0,0,8,4023.9,4,73110
596,2026-07-29 03:44:00,4024.0,4024.6,4023.6,4024.3,14,14,8,5,14,-3,-3,-3,-3,-220,14,0,0,0,1,0,0,9,4023.6,2,73110
597,2026-07-29 03:45:00,4024.4,4024.6,4023.9,4024.3,25,24,15,3,25,-12,-12,-12,-12,-232,24,0,0,0,1.0417,0,0,8,4024.3,7,73110
598,2026-07-29 03:46:00,4024.3,4024.3,4024.2,4024.2,2,2,0,0,2,0,0,0,0,-232,2,0,0,0,1,0,0,2,4024.2,1,73110
599,2026-07-29 03:47:00,4024.6,4025.4,4024.6,4024.9,7,6,1,6,7,5,5,5,5,-227,6,0,0,0,1.1667,0,0,5,4024.6,2,73110
600,2026-07-29 03:48:00,4024.8,4025.0,4024.6,4024.6,16,14,7,2,16,-5,-5,-5,-5,-232,14,0,0,0,1.1429,0,0,4,4024.7,11,73110
601,2026-07-29 03:49:00,4025.1,4025.1,4024.7,4025.0,12,12,0,1,12,1,1,1,1,-231,12,0,0,0,1,0,0,3,4024.7,10,73110
602,2026-07-29 03:50:00,4024.0,4024.7,4024.0,4024.5,18,18,10,2,18,-8,-8,-8,-8,-239,18,0,0,0,1,0,0,6,4024.4,9,73110
603,2026-07-29 03:51:00,4024.0,4024.5,4024.0,4024.3,9,9,3,5,9,2,2,2,2,-237,9,0,0,0,1,0,0,6,4024.5,3,73110
604,2026-07-29 03:52:00,4024.1,4024.1,4023.6,4023.6,3,3,1,2,3,1,1,1,1,-236,3,0,0,0,1,0,0,3,4023.6,1,73110
605,2026-07-29 03:53:00,4024.4,4024.4,4023.3,4023.6,5,5,2,3,5,1,1,1,1,-235,5,0,0,0,1,0,0,4,4023.6,2,73110
606,2026-07-29 03:54:00,4023.2,4023.2,4022.5,4022.5,7,5,4,3,7,-1,-1,-1,-1,-236,5,0,0,0,1.4,0,0,4,4023.2,3,73110
607,2026-07-29 03:55:00,4022.4,4022.7,4022.4,4022.7,4,2,0,4,4,4,4,4,4,-232,2,0,0,0,2,0,0,2,4022.4,3,73110
608,2026-07-29 03:56:00,4022.2,4022.2,4022.0,4022.0,2,2,0,0,2,0,0,0,0,-232,2,0,0,0,1,0,0,2,4022.0,1,73110
609,2026-07-29 03:57:00,4022.0,4022.8,4022.0,4022.0,4,4,0,0,4,0,0,0,0,-232,4,0,0,0,1,0,0,3,4022.0,2,73110
610,2026-07-29 03:58:00,4021.9,4021.9,4021.5,4021.5,12,7,8,3,12,-5,-5,-5,-5,-237,7,0,0,0,1.7143,0,0,3,4021.7,5,73110
611,2026-07-29 03:59:00,4022.0,4022.0,4022.0,4022.0,1,1,0,0,1,0,0,0,0,-237,1,0,0,0,1,0,0,1,4022.0,1,73110
612,2026-07-29 04:00:00,4022.0,4023.1,4021.3,4021.3,49,18,13,20,49,7,7,7,7,-230,18,0,0,0,2.7222,0,0,8,4022.0,33,73110
613,2026-07-29 04:01:00,4021.1,4021.2,4020.2,4020.9,28,24,16,5,28,-11,-11,-11,-11,-241,24,0,0,0,1.1667,0,0,10,4020.5,6,73110
614,2026-07-29 04:02:00,4021.3,4021.8,4021.2,4021.2,5,5,0,3,5,3,3,3,3,-238,5,0,0,0,1,0,0,4,4021.3,2,73110
615,2026-07-29 04:03:00,4021.6,4021.6,4019.8,4019.8,8,8,3,2,8,-1,-1,-1,-1,-239,8,0,0,0,1,0,0,7,4021.6,2,73110
616,2026-07-29 04:04:00,4020.7,4020.7,4020.4,4020.4,4,4,1,2,4,1,1,1,1,-238,4,0,0,0,1,0,0,4,4020.4,1,73110
617,2026-07-29 04:05:00,4020.4,4020.9,4020.2,4020.2,9,7,6,3,9,-3,-3,-3,-3,-241,7,0,0,0,1.2857,0,0,5,4020.2,2,73110
618,2026-07-29 04:06:00,4019.8,4021.1,4019.8,4021.1,6,5,1,4,6,3,3,3,3,-238,5,0,0,0,1.2,0,0,3,4019.9,4,73110
619,2026-07-29 04:07:00,4020.8,4021.0,4020.5,4021.0,5,5,1,1,5,0,0,0,0,-238,5,0,0,0,1,0,0,4,4021.0,2,73110
620,2026-07-29 04:08:00,4021.1,4021.2,4021.1,4021.1,4,4,3,1,4,-2,-2,-2,-2,-240,4,0,0,0,1,0,0,2,4021.1,3,73110
621,2026-07-29 04:09:00,4020.8,4020.8,4020.8,4020.8,1,1,0,1,1,1,1,1,1,-239,1,0,0,0,1,0,0,1,4020.8,1,73110
622,2026-07-29 04:10:00,4021.3,4021.4,4021.3,4021.4,2,2,0,2,2,2,2,2,2,-237,2,0,0,0,1,0,0,2,4021.3,1,73110
623,2026-07-29 04:11:00,4020.7,4020.7,4020.7,4020.7,1,1,0,1,1,1,1,1,1,-236,1,0,0,0,1,0,0,1,4020.7,1,73110
624,2026-07-29 04:12:00,4020.0,4020.9,4020.0,4020.9,11,10,7,4,11,-3,-3,-3,-3,-239,10,0,0,0,1.1,0,0,5,4020.5,4,73110
625,2026-07-29 04:13:00,4021.0,4021.4,4021.0,4021.4,19,7,0,19,19,19,19,19,19,-220,7,0,0,0,2.7143,0,0,5,4021.4,5,73110
626,2026-07-29 04:14:00,4020.2,4020.4,4020.0,4020.0,13,7,11,2,13,-9,-9,-9,-9,-229,7,0,0,0,1.8571,0,0,4,4020.2,6,73110
627,2026-07-29 04:15:00,4019.5,4019.5,4019.3,4019.3,2,2,1,0,2,-1,-1,-1,-1,-230,2,0,0,0,1,0,0,2,4019.3,1,73110
628,2026-07-29 04:16:00,4019.5,4019.8,4019.5,4019.5,4,4,2,0,4,-2,-2,-2,-2,-232,4,0,0,0,1,0,0,2,4019.5,2,73110
629,2026-07-29 04:17:00,4019.8,4020.2,4019.8,4020.0,8,7,4,2,8,-2,-2,-2,-2,-234,7,0,0,0,1.1429,0,0,4,4019.8,4,73110
630,2026-07-29 04:18:00,4020.5,4020.5,4020.0,4020.0,3,3,1,2,3,1,1,1,1,-233,3,0,0,0,1,0,0,2,4020.5,2,73110
631,2026-07-29 04:19:00,4019.6,4019.6,4019.3,4019.3,3,3,0,2,3,2,2,2,2,-231,3,0,0,0,1,0,0,2,4019.6,2,73110
632,2026-07-29 04:21:00,4021.0,4021.0,4021.0,4021.0,1,1,1,0,1,-1,-1,-1,-1,-232,1,0,0,0,1,0,0,1,4021.0,1,73110
633,2026-07-29 04:22:00,4021.4,4021.8,4021.4,4021.8,9,9,1,2,9,1,1,1,1,-231,9,0,0,0,1,0,0,5,4021.5,3,73110
634,2026-07-29 04:23:00,4021.6,4022.0,4021.6,4021.6,6,6,0,5,6,5,5,5,5,-226,6,0,0,0,1,0,0,4,4021.6,3,73110
635,2026-07-29 04:24:00,4021.7,4022.6,4021.6,4022.2,24,24,2,16,24,14,14,14,14,-212,24,0,0,0,1,0,0,11,4021.7,3,73110
636,2026-07-29 04:25:00,4022.9,4023.7,4022.8,4023.7,13,13,9,0,13,-9,-9,-9,-9,-221,13,0,0,0,1,0,0,8,4023.2,3,73110
637,2026-07-29 04:26:00,4023.6,4023.6,4023.6,4023.6,1,1,0,1,1,1,1,1,1,-220,1,0,0,0,1,0,0,1,4023.6,1,73110
638,2026-07-29 04:27:00,4022.5,4023.0,4022.5,4022.7,20,20,17,3,20,-14,-14,-14,-14,-234,20,0,0,0,1,0,0,5,4022.5,11,73110
639,2026-07-29 04:29:00,4022.5,4022.5,4021.2,4021.3,9,9,8,1,9,-7,-7,-7,-7,-241,9,0,0,0,1,0,0,5,4021.2,4,73110
640,2026-07-29 04:30:00,4021.7,4022.3,4021.7,4021.8,16,12,5,11,16,6,6,6,6,-235,12,0,0,0,1.3333,0,0,7,4022.2,4,73110
641,2026-07-29 04:31:00,4023.6,4023.9,4023.5,4023.5,5,5,3,2,5,-1,-1,-1,-1,-236,5,0,0,0,1,0,0,4,4023.5,2,73110
642,2026-07-29 04:32:00,4023.6,4023.6,4023.0,4023.2,4,4,0,2,4,2,2,2,2,-234,4,0,0,0,1,0,0,4,4023.0,1,73110
643,2026-07-29 04:33:00,4023.8,4025.3,4023.8,4025.3,5,5,1,4,5,3,3,3,3,-231,5,0,0,0,1,0,0,4,4025.1,2,73110
644,2026-07-29 04:34:00,4025.2,4025.2,4024.2,4025.0,13,11,6,5,13,-1,-1,-1,-1,-232,11,0,0,0,1.1818,0,0,7,4025.0,4,73110
645,2026-07-29 04:35:00,4023.4,4023.8,4023.2,4023.8,8,8,4,4,8,0,0,0,0,-232,8,0,0,0,1,0,0,5,4023.4,3,73110
646,2026-07-29 04:36:00,4024.3,4024.3,4023.7,4024.0,17,6,6,11,17,5,5,5,5,-227,6,0,0,0,2.8333,0,0,5,4024.0,11,73110
647,2026-07-29 04:37:00,4023.9,4023.9,4023.5,4023.5,4,4,4,0,4,-4,-4,-4,-4,-231,4,0,0,0,1,0,0,4,4023.5,1,73110
648,2026-07-29 04:38:00,4023.8,4023.8,4023.8,4023.8,1,1,1,0,1,-1,-1,-1,-1,-232,1,0,0,0,1,0,0,1,4023.8,1,73110
649,2026-07-29 04:39:00,4023.8,4023.8,4023.2,4023.6,7,4,1,4,7,3,3,3,3,-229,4,0,0,0,1.75,0,0,4,4023.2,2,73110
650,2026-07-29 04:40:00,4023.7,4024.6,4023.7,4024.6,2,2,0,2,2,2,2,2,2,-227,2,0,0,0,1,0,0,2,4023.7,1,73110
651,2026-07-29 04:41:00,4024.6,4025.2,4024.2,4024.4,19,13,6,12,19,6,6,6,6,-221,13,0,0,0,1.4615,0,0,8,4025.1,5,73110
652,2026-07-29 04:42:00,4024.9,4025.5,4024.8,4024.8,7,7,5,1,7,-4,-4,-4,-4,-225,7,0,0,0,1,0,0,5,4024.9,3,73110
653,2026-07-29 04:44:00,4025.4,4025.4,4025.2,4025.2,2,2,1,0,2,-1,-1,-1,-1,-226,2,0,0,0,1,0,0,2,4025.2,1,73110
654,2026-07-29 04:45:00,4024.8,4024.9,4024.5,4024.9,3,3,1,1,3,0,0,0,0,-226,3,0,0,0,1,0,0,3,4024.5,1,73110
655,2026-07-29 04:46:00,4025.1,4025.1,4024.7,4024.7,3,3,2,1,3,-1,-1,-1,-1,-227,3,0,0,0,1,0,0,3,4024.7,1,73110
656,2026-07-29 04:47:00,4024.7,4025.7,4024.7,4025.2,3,3,1,2,3,1,1,1,1,-226,3,0,0,0,1,0,0,3,4024.7,1,73110
657,2026-07-29 04:48:00,4023.3,4023.7,4022.8,4022.8,29,29,16,5,29,-11,-11,-11,-11,-237,29,0,0,0,1,0,0,7,4023.3,8,73110
658,2026-07-29 04:49:00,4022.3,4022.3,4021.9,4022.3,9,9,8,0,9,-8,-8,-8,-8,-245,9,0,0,0,1,0,0,4,4022.3,4,73110
659,2026-07-29 04:50:00,4022.2,4024.6,4022.2,4024.4,11,11,2,8,11,6,6,6,6,-239,11,0,0,0,1,0,0,7,4024.4,3,73110
660,2026-07-29 04:51:00,4024.2,4024.5,4024.2,4024.3,13,13,3,8,13,5,5,5,5,-234,13,0,0,0,1,0,0,4,4024.4,9,73110
661,2026-07-29 04:52:00,4024.2,4024.2,4023.6,4024.0,11,11,8,1,11,-7,-7,-7,-7,-241,11,0,0,0,1,0,0,5,4024.0,6,73110
662,2026-07-29 04:53:00,4024.5,4024.5,4024.0,4024.0,10,10,4,0,10,-4,-4,-4,-4,-245,10,0,0,0,1,0,0,4,4024.0,6,73110
663,2026-07-29 04:54:00,4023.7,4024.5,4023.7,4024.5,6,6,2,3,6,1,1,1,1,-244,6,0,0,0,1,0,0,4,4024.3,2,73110
664,2026-07-29 04:55:00,4025.4,4025.4,4024.9,4024.9,8,6,4,1,8,-3,-3,-3,-3,-247,6,0,0,0,1.3333,0,0,5,4025.2,3,73110
665,2026-07-29 04:56:00,4025.1,4026.0,4025.0,4025.0,32,28,15,2,32,-13,-13,-13,-13,-260,28,0,0,0,1.1429,0,0,6,4026.0,23,73110
666,2026-07-29 04:57:00,4024.8,4024.8,4024.5,4024.5,8,8,1,0,8,-1,-1,-1,-1,-261,8,0,0,0,1,0,0,3,4024.8,6,73110
667,2026-07-29 04:58:00,4024.4,4024.9,4024.3,4024.5,9,9,4,3,9,-1,-1,-1,-1,-262,9,0,0,0,1,0,0,6,4024.7,3,73110
668,2026-07-29 04:59:00,4025.2,4025.4,4025.2,4025.4,2,2,0,0,2,0,0,0,0,-262,2,0,0,0,1,0,0,2,4025.2,1,73110
669,2026-07-29 05:00:00,4025.9,4025.9,4025.4,4025.4,2,2,1,1,2,0,0,0,0,-262,2,0,0,0,1,0,0,2,4025.4,1,73110
670,2026-07-29 05:01:00,4025.5,4027.0,4025.5,4027.0,4,4,1,3,4,2,2,2,2,-260,4,0,0,0,1,0,0,3,4026.0,2,73110
671,2026-07-29 05:02:00,4027.0,4027.5,4026.7,4026.7,8,8,1,1,8,0,0,0,0,-260,8,0,0,0,1,0,0,6,4027.0,3,73110
672,2026-07-29 05:03:00,4027.3,4027.3,4026.7,4027.0,6,6,3,1,6,-2,-2,-2,-2,-262,6,0,0,0,1,0,0,4,4026.7,3,73110
673,2026-07-29 05:04:00,4027.2,4027.4,4026.9,4026.9,6,6,4,2,6,-2,-2,-2,-2,-264,6,0,0,0,1,0,0,6,4026.9,1,73110
674,2026-07-29 05:05:00,4026.8,4026.8,4025.4,4025.4,24,24,7,3,24,-4,-4,-4,-4,-268,24,0,0,0,1,0,0,7,4025.7,10,73110
675,2026-07-29 05:06:00,4026.7,4026.7,4026.7,4026.7,1,1,0,1,1,1,1,1,1,-267,1,0,0,0,1,0,0,1,4026.7,1,73110
676,2026-07-29 05:07:00,4026.0,4026.2,4025.6,4025.7,8,8,4,2,8,-2,-2,-2,-2,-269,8,0,0,0,1,0,0,5,4025.7,3,73110
677,2026-07-29 05:08:00,4026.7,4026.7,4026.4,4026.4,6,6,3,0,6,-3,-3,-3,-3,-272,6,0,0,0,1,0,0,3,4026.4,3,73110
678,2026-07-29 05:09:00,4026.4,4026.6,4025.9,4025.9,14,13,9,1,14,-8,-8,-8,-8,-280,13,0,0,0,1.0769,0,0,7,4025.9,7,73110
679,2026-07-29 05:10:00,4025.3,4028.3,4025.3,4027.4,23,20,12,6,23,-6,-6,-6,-6,-286,20,0,0,0,1.15,0,0,13,4025.3,4,73110
680,2026-07-29 05:11:00,4027.8,4029.7,4027.8,4029.5,12,12,6,2,12,-4,-4,-4,-4,-290,12,0,0,0,1,0,0,8,4029.0,2,73110
681,2026-07-29 05:12:00,4029.1,4029.8,4028.9,4029.6,10,9,6,3,10,-3,-3,-3,-3,-293,9,0,0,0,1.1111,0,0,6,4029.0,4,73110
682,2026-07-29 05:13:00,4029.6,4029.9,4028.6,4028.9,17,16,6,8,17,2,2,2,2,-291,16,0,0,0,1.0625,0,0,10,4029.8,4,73110
683,2026-07-29 05:14:00,4028.7,4028.7,4027.9,4028.3,14,14,5,3,14,-2,-2,-2,-2,-293,14,0,0,0,1,0,0,7,4028.4,6,73110
684,2026-07-29 05:15:00,4027.9,4027.9,4026.4,4026.5,12,12,6,3,12,-3,-3,-3,-3,-296,12,0,0,0,1,0,0,8,4026.5,3,73110
685,2026-07-29 05:16:00,4026.5,4026.8,4026.0,4026.1,21,20,12,4,21,-8,-8,-8,-8,-304,20,0,0,0,1.05,0,0,8,4026.5,4,73110
686,2026-07-29 05:17:00,4026.0,4026.4,4026.0,4026.3,19,18,8,8,19,0,0,0,0,-304,18,0,0,0,1.0556,0,0,5,4026.0,5,73110
687,2026-07-29 05:18:00,4025.9,4026.2,4025.9,4026.2,3,3,1,1,3,0,0,0,0,-304,3,0,0,0,1,0,0,2,4026.2,2,73110
688,2026-07-29 05:19:00,4026.1,4026.1,4025.9,4025.9,3,3,1,1,3,0,0,0,0,-304,3,0,0,0,1,0,0,3,4025.9,1,73110
689,2026-07-29 05:20:00,4026.1,4026.8,4026.1,4026.8,26,26,0,25,26,25,25,25,25,-279,26,0,0,0,1,0,0,2,4026.1,25,73110
690,2026-07-29 05:21:00,4026.7,4026.7,4026.0,4026.1,11,11,10,1,11,-9,-9,-9,-9,-288,11,0,0,0,1,0,0,3,4026.1,9,73110
691,2026-07-29 05:22:00,4026.6,4028.5,4026.6,4028.5,18,18,1,13,18,12,12,12,12,-276,18,0,0,0,1,0,0,12,4027.0,3,73110
692,2026-07-29 05:23:00,4028.3,4029.1,4028.0,4029.1,14,14,2,3,14,1,1,1,1,-275,14,0,0,0,1,0,0,8,4028.9,3,73110
693,2026-07-29 05:24:00,4029.2,4029.2,4029.0,4029.0,3,3,0,0,3,0,0,0,0,-275,3,0,0,0,1,0,0,2,4029.2,2,73110
694,2026-07-29 05:25:00,4029.0,4029.2,4028.8,4028.8,8,8,2,1,8,-1,-1,-1,-1,-276,8,0,0,0,1,0,0,4,4029.2,5,73110
695,2026-07-29 05:26:00,4028.3,4029.0,4028.3,4028.7,8,8,4,0,8,-4,-4,-4,-4,-280,8,0,0,0,1,0,0,5,4028.3,2,73110
696,2026-07-29 05:27:00,4028.1,4028.5,4027.7,4028.2,11,11,6,1,11,-5,-5,-5,-5,-285,11,0,0,0,1,0,0,9,4027.9,2,73110
697,2026-07-29 05:28:00,4028.1,4029.2,4028.0,4028.5,13,13,4,5,13,1,1,1,1,-284,13,0,0,0,1,0,0,8,4029.0,4,73110
698,2026-07-29 05:29:00,4028.4,4028.6,4028.4,4028.6,7,7,0,6,7,6,6,6,6,-278,7,0,0,0,1,0,0,2,4028.4,6,73110
699,2026-07-29 05:30:00,4028.8,4032.4,4028.8,4031.2,38,29,17,0,38,-17,-17,-17,-17,-295,29,0,0,0,1.3103,0,0,14,4030.5,7,73110
700,2026-07-29 05:31:00,4031.2,4031.2,4030.0,4030.0,2,2,1,0,2,-1,-1,-1,-1,-296,2,0,0,0,1,0,0,2,4030.0,1,73110
701,2026-07-29 05:32:00,4029.1,4030.1,4028.3,4029.0,23,22,9,11,23,2,2,2,2,-294,22,0,0,0,1.0455,0,0,16,4029.9,4,73110
702,2026-07-29 05:33:00,4030.7,4030.9,4030.2,4030.2,9,9,1,4,9,3,3,3,3,-291,9,0,0,0,1,0,0,6,4030.2,2,73110
703,2026-07-29 05:34:00,4030.2,4030.9,4029.3,4029.3,7,7,1,3,7,2,2,2,2,-289,7,0,0,0,1,0,0,6,4030.8,2,73110
704,2026-07-29 05:35:00,4030.6,4030.6,4029.7,4030.0,33,33,10,15,33,5,5,5,5,-284,33,0,0,0,1,0,0,9,4030.2,9,73110
705,2026-07-29 05:36:00,4030.3,4031.5,4029.3,4029.3,32,30,11,1,32,-10,-10,-10,-10,-294,30,0,0,0,1.0667,0,0,14,4031.0,12,73110
706,2026-07-29 05:37:00,4029.0,4029.3,4028.8,4029.2,12,12,7,0,12,-7,-7,-7,-7,-301,12,0,0,0,1,0,0,4,4029.2,7,73110
707,2026-07-29 05:39:00,4030.0,4030.2,4029.6,4030.2,6,5,2,0,6,-2,-2,-2,-2,-303,5,0,0,0,1.2,0,0,5,4029.6,2,73110
708,2026-07-29 05:40:00,4029.6,4029.6,4029.6,4029.6,1,1,0,0,1,0,0,0,0,-303,1,0,0,0,1,0,0,1,4029.6,1,73110
709,2026-07-29 05:41:00,4030.5,4030.7,4030.5,4030.6,5,5,2,1,5,-1,-1,-1,-1,-304,5,0,0,0,1,0,0,3,4030.5,3,73110
710,2026-07-29 05:42:00,4031.9,4032.4,4031.9,4032.1,20,19,8,5,20,-3,-3,-3,-3,-307,19,0,0,0,1.0526,0,0,4,4032.0,16,73110
711,2026-07-29 05:43:00,4033.0,4034.9,4033.0,4034.9,38,30,17,8,38,-9,-9,-9,-9,-316,30,0,0,0,1.2667,0,0,10,4034.5,26,73110
712,2026-07-29 05:44:00,4034.1,4037.9,4034.1,4037.7,57,46,11,27,57,16,16,16,16,-300,46,0,0,0,1.2391,0,0,22,4036.0,8,73110
713,2026-07-29 05:45:00,4037.8,4038.2,4035.2,4035.2,27,20,16,5,27,-11,-11,-11,-11,-311,20,0,0,0,1.35,0,0,15,4036.3,4,73110
714,2026-07-29 05:46:00,4035.4,4035.4,4034.5,4034.5,4,4,2,1,4,-1,-1,-1,-1,-312,4,0,0,0,1,0,0,4,4034.5,1,73110
715,2026-07-29 05:47:00,4034.4,4034.4,4034.0,4034.0,4,4,1,1,4,0,0,0,0,-312,4,0,0,0,1,0,0,3,4034.0,2,73110
716,2026-07-29 05:48:00,4033.3,4033.5,4033.3,4033.5,4,3,1,3,4,2,2,2,2,-310,3,0,0,0,1.3333,0,0,2,4033.3,3,73110
717,2026-07-29 05:49:00,4032.7,4032.7,4031.7,4032.1,10,10,9,0,10,-9,-9,-9,-9,-319,10,0,0,0,1,0,0,6,4032.7,4,73110
718,2026-07-29 05:50:00,4032.2,4032.7,4031.7,4032.4,25,24,6,9,25,3,3,3,3,-316,24,0,0,0,1.0417,0,0,10,4032.0,6,73110
719,2026-07-29 05:51:00,4033.1,4034.1,4033.1,4034.1,9,9,2,2,9,0,0,0,0,-316,9,0,0,0,1,0,0,6,4033.4,2,73110
720,2026-07-29 05:52:00,4033.5,4034.1,4032.6,4032.6,28,28,13,5,28,-8,-8,-8,-8,-324,28,0,0,0,1,0,0,6,4033.5,21,73110
721,2026-07-29 05:53:00,4032.8,4032.8,4032.5,4032.7,9,7,5,3,9,-2,-2,-2,-2,-326,7,0,0,0,1.2857,0,0,4,4032.5,3,73110
722,2026-07-29 05:54:00,4033.0,4033.0,4033.0,4033.0,1,1,0,1,1,1,1,1,1,-325,1,0,0,0,1,0,0,1,4033.0,1,73110
723,2026-07-29 05:55:00,4032.4,4032.5,4031.1,4031.1,9,7,5,2,9,-3,-3,-3,-3,-328,7,0,0,0,1.2857,0,0,5,4032.5,4,73110
724,2026-07-29 05:56:00,4031.0,4031.3,4030.0,4030.0,17,15,2,8,17,6,6,6,6,-322,15,0,0,0,1.1333,0,0,11,4030.6,3,73110
725,2026-07-29 05:57:00,4030.4,4032.1,4030.4,4032.1,4,4,0,2,4,2,2,2,2,-320,4,0,0,0,1,0,0,4,4030.4,1,73110
726,2026-07-29 05:58:00,4030.7,4032.0,4030.5,4032.0,10,9,3,5,10,2,2,2,2,-318,9,0,0,0,1.1111,0,0,5,4030.6,4,73110
727,2026-07-29 05:59:00,4032.7,4032.9,4031.3,4031.3,20,11,19,0,20,-19,-19,-19,-19,-337,11,0,0,0,1.8182,0,0,6,4032.6,10,73110
728,2026-07-29 06:00:00,4032.2,4034.6,4032.2,4034.6,15,15,2,12,15,10,10,10,10,-327,15,0,0,0,1,0,0,7,4033.5,6,73110
729,2026-07-29 06:01:00,4034.9,4035.1,4033.7,4033.7,22,15,16,1,22,-15,-15,-15,-15,-342,15,0,0,0,1.4667,0,0,11,4035.0,4,73110
730,2026-07-29 06:02:00,4033.0,4033.5,4032.9,4033.4,5,5,1,3,5,2,2,2,2,-340,5,0,0,0,1,0,0,4,4033.4,2,73110
731,2026-07-29 06:03:00,4033.6,4035.1,4033.6,4034.3,10,9,4,5,10,1,1,1,1,-339,9,0,0,0,1.1111,0,0,8,4035.1,3,73110
732,2026-07-29 06:04:00,4035.2,4035.6,4035.2,4035.6,6,4,0,0,6,0,0,0,0,-339,4,0,0,0,1.5,0,0,4,4035.3,3,73110
733,2026-07-29 06:05:00,4035.5,4035.5,4035.0,4035.0,8,6,5,0,8,-5,-5,-5,-5,-344,6,0,0,0,1.3333,0,0,4,4035.0,3,73110
734,2026-07-29 06:06:00,4035.3,4035.5,4035.1,4035.5,3,3,2,1,3,-1,-1,-1,-1,-345,3,0,0,0,1,0,0,3,4035.1,1,73110
735,2026-07-29 06:07:00,4035.2,4035.2,4035.2,4035.2,2,1,2,0,2,-2,-2,-2,-2,-347,1,0,0,0,2,0,0,1,4035.2,2,73110
736,2026-07-29 06:09:00,4033.5,4033.5,4033.3,4033.5,21,20,1,3,21,2,2,2,2,-345,20,0,0,0,1.05,0,0,2,4033.5,20,73110
737,2026-07-29 06:10:00,4033.5,4035.3,4033.5,4035.3,4,4,1,0,4,-1,-1,-1,-1,-346,4,0,0,0,1,0,0,4,4033.5,1,73110
738,2026-07-29 06:11:00,4035.9,4035.9,4035.3,4035.3,2,2,1,0,2,-1,-1,-1,-1,-347,2,0,0,0,1,0,0,2,4035.3,1,73110
739,2026-07-29 06:12:00,4035.6,4035.6,4034.9,4034.9,4,4,1,0,4,-1,-1,-1,-1,-348,4,0,0,0,1,0,0,3,4035.0,2,73110
740,2026-07-29 06:13:00,4034.6,4034.6,4034.6,4034.6,1,1,0,0,1,0,0,0,0,-348,1,0,0,0,1,0,0,1,4034.6,1,73110
741,2026-07-29 06:14:00,4036.1,4036.5,4036.1,4036.5,4,2,0,4,4,4,4,4,4,-344,2,0,0,0,2,0,0,2,4036.1,3,73110
742,2026-07-29 06:15:00,4036.5,4037.0,4036.5,4037.0,2,2,1,1,2,0,0,0,0,-344,2,0,0,0,1,0,0,2,4036.5,1,73110
743,2026-07-29 06:16:00,4036.9,4036.9,4036.1,4036.1,13,9,5,2,13,-3,-3,-3,-3,-347,9,0,0,0,1.4444,0,0,6,4036.9,6,73110
744,2026-07-29 06:17:00,4036.8,4037.7,4036.8,4037.3,11,7,1,3,11,2,2,2,2,-345,7,0,0,0,1.5714,0,0,5,4037.3,5,73110
745,2026-07-29 06:18:00,4037.7,4038.0,4037.6,4037.6,4,4,2,0,4,-2,-2,-2,-2,-347,4,0,0,0,1,0,0,3,4038.0,2,73110
746,2026-07-29 06:19:00,4036.9,4036.9,4036.4,4036.4,3,3,2,0,3,-2,-2,-2,-2,-349,3,0,0,0,1,0,0,2,4036.9,2,73110
747,2026-07-29 06:20:00,4036.2,4036.2,4035.2,4035.2,6,5,5,0,6,-5,-5,-5,-5,-354,5,0,0,0,1.2,0,0,4,4035.9,3,73110
748,2026-07-29 06:21:00,4034.9,4035.0,4034.9,4035.0,2,2,0,1,2,1,1,1,1,-353,2,0,0,0,1,0,0,2,4034.9,1,73110
749,2026-07-29 06:22:00,4034.9,4034.9,4034.4,4034.4,11,7,2,6,11,4,4,4,4,-349,7,0,0,0,1.5714,0,0,3,4034.5,8,73110
750,2026-07-29 06:23:00,4034.1,4037.6,4034.1,4037.6,37,30,4,18,37,14,14,14,14,-335,30,0,0,0,1.2333,0,0,9,4037.6,21,73110
751,2026-07-29 06:24:00,4037.3,4040.8,4037.3,4040.2,31,23,10,5,31,-5,-5,-5,-5,-340,23,0,0,0,1.3478,0,0,13,4039.8,6,73110
752,2026-07-29 06:25:00,4038.9,4039.3,4038.9,4039.3,7,5,0,6,7,6,6,6,6,-334,5,0,0,0,1.4,0,0,3,4038.9,4,73110
753,2026-07-29 06:26:00,4039.1,4039.1,4039.1,4039.1,6,6,1,5,6,4,4,4,4,-330,6,0,0,0,1,0,0,1,4039.1,6,73110
754,2026-07-29 06:27:00,4039.1,4039.4,4039.1,4039.4,6,5,1,2,6,1,1,1,1,-329,5,0,0,0,1.2,0,0,3,4039.3,4,73110
755,2026-07-29 06:28:00,4039.1,4039.1,4039.0,4039.0,4,3,1,3,4,2,2,2,2,-327,3,0,0,0,1.3333,0,0,2,4039.0,3,73110
756,2026-07-29 06:29:00,4039.1,4039.5,4038.9,4039.0,8,7,0,6,8,6,6,6,6,-321,7,0,0,0,1.1429,0,0,6,4039.5,3,73110
757,2026-07-29 06:30:00,4039.2,4040.6,4039.2,4040.6,17,10,2,15,17,13,13,13,13,-308,10,0,0,0,1.7,0,0,9,4040.4,4,73110
758,2026-07-29 06:31:00,4040.6,4041.2,4040.4,4041.2,22,18,3,15,22,12,12,12,12,-296,18,0,0,0,1.2222,0,0,6,4041.0,16,73110
759,2026-07-29 06:32:00,4041.2,4041.2,4040.4,4040.6,12,5,1,11,12,10,10,10,10,-286,5,0,0,0,2.4,0,0,4,4041.2,5,73110
760,2026-07-29 06:33:00,4040.8,4041.8,4040.8,4041.6,24,15,4,16,24,12,12,12,12,-274,15,0,0,0,1.6,0,0,6,4040.9,6,73110
761,2026-07-29 06:34:00,4041.8,4042.0,4041.3,4042.0,13,9,3,10,13,7,7,7,7,-267,9,0,0,0,1.4444,0,0,5,4042.0,5,73110
762,2026-07-29 06:35:00,4041.8,4043.2,4040.9,4041.9,27,21,12,12,27,0,0,0,0,-267,21,0,0,0,1.2857,0,0,15,4042.0,5,73110
763,2026-07-29 06:36:00,4042.0,4043.0,4042.0,4043.0,4,4,1,2,4,1,1,1,1,-266,4,0,0,0,1,0,0,4,4042.0,1,73110
764,2026-07-29 06:37:00,4041.6,4041.8,4040.5,4041.2,8,7,2,4,8,2,2,2,2,-264,7,0,0,0,1.1429,0,0,5,4041.5,3,73110
765,2026-07-29 06:38:00,4041.1,4042.1,4041.1,4041.9,8,8,2,0,8,-2,-2,-2,-2,-266,8,0,0,0,1,0,0,7,4041.8,2,73110
766,2026-07-29 06:39:00,4041.5,4042.4,4041.1,4041.8,5,5,0,0,5,0,0,0,0,-266,5,0,0,0,1,0,0,5,4041.1,1,73110
767,2026-07-29 06:40:00,4041.8,4042.2,4041.3,4042.2,18,12,12,2,18,-10,-10,-10,-10,-276,12,0,0,0,1.5,0,0,10,4041.4,3,73110
768,2026-07-29 06:41:00,4041.5,4041.6,4041.5,4041.5,3,3,0,1,3,1,1,1,1,-275,3,0,0,0,1,0,0,2,4041.5,2,73110
769,2026-07-29 06:42:00,4041.1,4041.3,4039.9,4040.8,10,10,5,0,10,-5,-5,-5,-5,-280,10,0,0,0,1,0,0,8,4039.9,2,73110
770,2026-07-29 06:43:00,4041.2,4041.2,4040.7,4040.8,4,4,0,4,4,4,4,4,4,-276,4,0,0,0,1,0,0,3,4040.8,2,73110
771,2026-07-29 06:44:00,4040.9,4041.4,4040.8,4041.4,5,4,3,0,5,-3,-3,-3,-3,-279,4,0,0,0,1.25,0,0,3,4040.9,2,73110
772,2026-07-29 06:45:00,4040.7,4040.7,4040.7,4040.7,1,1,0,0,1,0,0,0,0,-279,1,0,0,0,1,0,0,1,4040.7,1,73110
773,2026-07-29 06:46:00,4040.7,4040.7,4040.7,4040.7,1,1,0,0,1,0,0,0,0,-279,1,0,0,0,1,0,0,1,4040.7,1,73110
774,2026-07-29 06:47:00,4040.5,4040.7,4040.4,4040.4,15,3,0,15,15,15,15,15,15,-264,3,0,0,0,5,0,0,3,4040.4,12,73110
775,2026-07-29 06:48:00,4040.4,4040.8,4039.9,4039.9,4,4,3,0,4,-3,-3,-3,-3,-267,4,0,0,0,1,0,0,4,4039.9,1,73110
776,2026-07-29 06:49:00,4039.1,4039.3,4038.4,4038.5,8,5,5,1,8,-4,-4,-4,-4,-271,5,0,0,0,1.6,0,0,5,4038.4,3,73110
777,2026-07-29 06:50:00,4038.8,4040.6,4038.8,4039.9,19,15,7,3,19,-4,-4,-4,-4,-275,15,0,0,0,1.2667,0,0,11,4039.7,4,73110
778,2026-07-29 06:51:00,4040.1,4040.1,4040.1,4040.1,1,1,0,0,1,0,0,0,0,-275,1,0,0,0,1,0,0,1,4040.1,1,73110
779,2026-07-29 06:52:00,4040.2,4040.5,4040.2,4040.4,3,3,2,1,3,-1,-1,-1,-1,-276,3,0,0,0,1,0,0,3,4040.2,1,73110
780,2026-07-29 06:54:00,4040.0,4040.0,4039.7,4039.7,4,4,3,0,4,-3,-3,-3,-3,-279,4,0,0,0,1,0,0,2,4039.7,3,73110
781,2026-07-29 06:55:00,4039.7,4039.7,4039.1,4039.1,3,2,2,0,3,-2,-2,-2,-2,-281,2,0,0,0,1.5,0,0,2,4039.1,2,73110
782,2026-07-29 06:56:00,4039.5,4039.8,4039.5,4039.8,4,4,1,1,4,0,0,0,0,-281,4,0,0,0,1,0,0,2,4039.5,2,73110
783,2026-07-29 06:57:00,4038.9,4039.8,4038.9,4039.8,3,3,1,0,3,-1,-1,-1,-1,-282,3,0,0,0,1,0,0,3,4038.9,1,73110
784,2026-07-29 06:58:00,4040.8,4040.8,4039.8,4039.8,2,2,0,2,2,2,2,2,2,-280,2,0,0,0,1,0,0,2,4039.8,1,73110
785,2026-07-29 06:59:00,4039.8,4039.8,4039.8,4039.8,1,1,1,0,1,-1,-1,-1,-1,-281,1,0,0,0,1,0,0,1,4039.8,1,73110
786,2026-07-29 07:00:00,4039.9,4041.1,4039.9,4040.6,26,12,13,8,26,-5,-5,-5,-5,-286,12,0,0,0,2.1667,0,0,6,4040.8,17,73110
787,2026-07-29 07:01:00,4040.7,4041.3,4040.0,4041.3,24,16,3,7,24,4,4,4,4,-282,16,0,0,0,1.5,0,0,9,4040.1,10,73110
788,2026-07-29 07:02:00,4041.6,4043.0,4041.6,4042.7,8,6,0,1,8,1,1,1,1,-281,6,0,0,0,1.3333,0,0,6,4042.9,3,73110
789,2026-07-29 07:03:00,4042.3,4042.9,4041.7,4041.7,24,11,17,1,24,-16,-16,-16,-16,-297,11,0,0,0,2.1818,0,0,4,4042.0,21,73110
790,2026-07-29 07:04:00,4041.4,4041.6,4041.4,4041.6,2,2,0,2,2,2,2,2,2,-295,2,0,0,0,1,0,0,2,4041.4,1,73110
791,2026-07-29 07:05:00,4041.0,4043.0,4040.8,4042.7,9,7,7,2,9,-5,-5,-5,-5,-300,7,0,0,0,1.2857,0,0,6,4040.8,2,73110
792,2026-07-29 07:06:00,4042.2,4043.5,4042.2,4043.5,3,3,0,3,3,3,3,3,3,-297,3,0,0,0,1,0,0,3,4042.2,1,73110
793,2026-07-29 07:07:00,4043.1,4043.1,4042.3,4042.4,28,12,19,0,28,-19,-19,-19,-19,-316,12,0,0,0,2.3333,0,0,4,4042.4,24,73110
794,2026-07-29 07:08:00,4042.4,4042.9,4041.9,4041.9,8,8,6,0,8,-6,-6,-6,-6,-322,8,0,0,0,1,0,0,7,4042.6,2,73110
795,2026-07-29 07:09:00,4042.0,4043.4,4041.8,4043.4,23,12,3,12,23,9,9,9,9,-313,12,0,0,0,1.9167,0,0,8,4041.8,10,73110
796,2026-07-29 07:10:00,4043.7,4044.0,4043.4,4043.4,6,6,2,1,6,-1,-1,-1,-1,-314,6,0,0,0,1,0,0,4,4043.4,3,73110
797,2026-07-29 07:11:00,4044.6,4045.0,4044.6,4045.0,21,10,0,6,21,6,6,6,6,-308,10,0,0,0,2.1,0,0,3,4045.0,19,73110
798,2026-07-29 07:12:00,4044.7,4045.3,4044.1,4045.3,11,7,1,1,11,0,0,0,0,-308,7,0,0,0,1.5714,0,0,5,4045.0,7,73110
799,2026-07-29 07:13:00,4045.0,4045.0,4043.3,4044.3,41,25,36,3,41,-33,-33,-33,-33,-341,25,0,0,0,1.64,0,0,14,4043.4,11,73110
800,2026-07-29 07:14:00,4044.4,4045.3,4044.4,4044.4,8,8,2,3,8,1,1,1,1,-340,8,0,0,0,1,0,0,5,4044.4,3,73110
801,2026-07-29 07:15:00,4043.4,4044.0,4043.4,4044.0,3,3,1,2,3,1,1,1,1,-339,3,0,0,0,1,0,0,2,4044.0,2,73110
802,2026-07-29 07:16:00,4043.3,4044.0,4043.2,4043.7,8,8,0,4,8,4,4,4,4,-335,8,0,0,0,1,0,0,6,4043.7,2,73110
803,2026-07-29 07:17:00,4043.3,4044.2,4043.1,4044.2,17,10,1,16,17,15,15,15,15,-320,10,0,0,0,1.7,0,0,6,4043.2,7,73110
804,2026-07-29 07:18:00,4044.0,4044.5,4043.8,4044.2,10,10,5,1,10,-4,-4,-4,-4,-324,10,0,0,0,1,0,0,7,4044.2,3,73110
805,2026-07-29 07:19:00,4044.2,4044.2,4044.2,4044.2,2,2,0,2,2,2,2,2,2,-322,2,0,0,0,1,0,0,1,4044.2,2,73110
806,2026-07-29 07:20:00,4044.3,4044.8,4044.1,4044.8,11,11,2,8,11,6,6,6,6,-316,11,0,0,0,1,0,0,5,4044.8,6,73110
807,2026-07-29 07:21:00,4044.9,4045.6,4044.7,4045.3,22,22,4,18,22,14,14,14,14,-302,22,0,0,0,1,0,0,9,4045.0,4,73110
808,2026-07-29 07:22:00,4045.5,4046.7,4044.8,4046.1,65,47,12,43,65,31,31,31,31,-271,47,0,0,0,1.383,0,0,17,4046.0,11,73110
809,2026-07-29 07:23:00,4046.0,4046.3,4045.4,4045.4,61,28,29,30,61,1,1,1,1,-270,28,0,0,0,2.1786,0,0,7,4046.0,38,73110
810,2026-07-29 07:24:00,4045.5,4046.1,4044.8,4045.8,15,15,2,10,15,8,8,8,8,-262,15,0,0,0,1,0,0,12,4044.8,2,73110
811,2026-07-29 07:25:00,4045.5,4046.1,4045.2,4046.1,11,10,4,6,11,2,2,2,2,-260,10,0,0,0,1.1,0,0,6,4045.2,3,73110
812,2026-07-29 07:26:00,4044.3,4045.1,4044.3,4044.7,8,7,2,6,8,4,4,4,4,-256,7,0,0,0,1.1429,0,0,7,4045.1,2,73110
813,2026-07-29 07:27:00,4044.9,4045.1,4044.0,4044.2,18,10,3,4,18,1,1,1,1,-255,10,0,0,0,1.8,0,0,8,4044.1,11,73110
814,2026-07-29 07:28:00,4044.1,4044.3,4044.0,4044.3,4,4,1,2,4,1,1,1,1,-254,4,0,0,0,1,0,0,4,4044.0,1,73110
815,2026-07-29 07:29:00,4043.5,4045.1,4043.5,4045.1,13,13,3,6,13,3,3,3,3,-251,13,0,0,0,1,0,0,9,4043.8,2,73110
816,2026-07-29 07:30:00,4045.1,4045.1,4044.6,4045.0,15,15,2,12,15,10,10,10,10,-241,15,0,0,0,1,0,0,6,4044.6,4,73110
817,2026-07-29 07:31:00,4044.1,4044.8,4043.9,4044.8,7,7,1,6,7,5,5,5,5,-236,7,0,0,0,1,0,0,6,4044.1,2,73110
818,2026-07-29 07:32:00,4045.0,4045.0,4044.4,4044.4,11,11,3,6,11,3,3,3,3,-233,11,0,0,0,1,0,0,5,4044.8,4,73110
819,2026-07-29 07:33:00,4044.7,4045.7,4044.7,4045.7,24,18,7,15,24,8,8,8,8,-225,18,0,0,0,1.3333,0,0,11,4045.3,4,73110
820,2026-07-29 07:34:00,4045.3,4045.4,4044.5,4044.9,54,12,47,4,54,-43,-43,-43,-43,-268,12,0,0,0,4.5,0,0,7,4044.9,46,73110
821,2026-07-29 07:35:00,4045.1,4045.4,4044.9,4045.4,6,6,0,4,6,4,4,4,4,-264,6,0,0,0,1,0,0,4,4045.1,2,73110
822,2026-07-29 07:36:00,4045.3,4045.9,4045.3,4045.9,3,3,1,2,3,1,1,1,1,-263,3,0,0,0,1,0,0,3,4045.3,1,73110
823,2026-07-29 07:37:00,4045.9,4046.6,4045.7,4046.3,21,18,10,7,21,-3,-3,-3,-3,-266,18,0,0,0,1.1667,0,0,8,4046.2,7,73110
824,2026-07-29 07:38:00,4046.5,4046.5,4045.8,4046.1,7,7,1,3,7,2,2,2,2,-264,7,0,0,0,1,0,0,7,4045.8,1,73110
825,2026-07-29 07:39:00,4046.4,4046.4,4044.8,4044.8,7,7,3,1,7,-2,-2,-2,-2,-266,7,0,0,0,1,0,0,5,4045.5,3,73110
826,2026-07-29 07:40:00,4045.2,4046.7,4044.8,4046.7,29,19,11,10,29,-1,-1,-1,-1,-267,19,0,0,0,1.5263,0,0,9,4046.7,18,73110
827,2026-07-29 07:41:00,4046.2,4046.2,4045.7,4045.9,7,7,5,1,7,-4,-4,-4,-4,-271,7,0,0,0,1,0,0,5,4045.7,3,73110
828,2026-07-29 07:42:00,4045.9,4046.1,4045.9,4045.9,6,6,2,3,6,1,1,1,1,-270,6,0,0,0,1,0,0,3,4045.9,3,73110
829,2026-07-29 07:43:00,4045.9,4046.2,4045.4,4046.1,7,7,1,3,7,2,2,2,2,-268,7,0,0,0,1,0,0,6,4045.9,2,73110
830,2026-07-29 07:44:00,4045.5,4045.5,4045.1,4045.3,6,6,1,3,6,2,2,2,2,-266,6,0,0,0,1,0,0,5,4045.2,2,73110
831,2026-07-29 07:45:00,4045.1,4046.1,4045.1,4045.9,26,16,8,13,26,5,5,5,5,-261,16,0,0,0,1.625,0,0,9,4045.5,6,73110
832,2026-07-29 07:46:00,4045.7,4045.7,4044.4,4044.6,14,13,4,5,14,1,1,1,1,-260,13,0,0,0,1.0769,0,0,6,4044.7,6,73110
833,2026-07-29 07:47:00,4045.1,4045.7,4045.1,4045.3,16,15,10,6,16,-4,-4,-4,-4,-264,15,0,0,0,1.0667,0,0,7,4045.4,5,73110
834,2026-07-29 07:48:00,4044.6,4044.6,4044.0,4044.4,17,14,2,11,17,9,9,9,9,-255,14,0,0,0,1.2143,0,0,6,4044.5,5,73110
835,2026-07-29 07:49:00,4044.1,4044.1,4043.5,4043.6,15,15,3,6,15,3,3,3,3,-252,15,0,0,0,1,0,0,6,4044.1,8,73110
836,2026-07-29 07:50:00,4043.4,4043.4,4042.8,4042.8,17,6,5,0,17,-5,-5,-5,-5,-257,6,0,0,0,2.8333,0,0,4,4043.2,13,73110
837,2026-07-29 07:51:00,4043.0,4043.5,4043.0,4043.5,6,5,2,2,6,0,0,0,0,-257,5,0,0,0,1.2,0,0,4,4043.4,2,73110
838,2026-07-29 07:52:00,4043.6,4043.6,4042.6,4042.6,13,8,10,1,13,-9,-9,-9,-9,-266,8,0,0,0,1.625,0,0,4,4043.5,8,73110
839,2026-07-29 07:53:00,4042.1,4042.2,4041.4,4042.1,6,6,1,1,6,0,0,0,0,-266,6,0,0,0,1,0,0,4,4042.1,2,73110
840,2026-07-29 07:54:00,4042.1,4042.7,4042.1,4042.3,7,6,4,2,7,-2,-2,-2,-2,-268,6,0,0,0,1.1667,0,0,5,4042.2,2,73110
841,2026-07-29 07:55:00,4042.7,4042.8,4042.7,4042.8,2,2,0,1,2,1,1,1,1,-267,2,0,0,0,1,0,0,2,4042.7,1,73110
842,2026-07-29 07:56:00,4042.4,4042.4,4042.3,4042.3,4,4,1,1,4,0,0,0,0,-267,4,0,0,0,1,0,0,2,4042.3,3,73110
843,2026-07-29 07:57:00,4043.1,4043.3,4043.1,4043.3,6,2,5,0,6,-5,-5,-5,-5,-272,2,0,0,0,3,0,0,2,4043.3,5,73110
844,2026-07-29 07:58:00,4043.3,4043.3,4041.8,4041.8,6,5,1,1,6,0,0,0,0,-272,5,0,0,0,1.2,0,0,3,4043.3,4,73110
845,2026-07-29 08:00:00,4042.9,4043.5,4042.7,4042.7,7,7,0,2,7,2,2,2,2,-270,7,0,0,0,1,0,0,4,4042.9,4,73110
846,2026-07-29 08:01:00,4043.1,4043.1,4043.0,4043.1,3,3,0,2,3,2,2,2,2,-268,3,0,0,0,1,0,0,2,4043.1,2,73110
847,2026-07-29 08:02:00,4042.3,4042.3,4042.3,4042.3,1,1,1,0,1,-1,-1,-1,-1,-269,1,0,0,0,1,0,0,1,4042.3,1,73110
848,2026-07-29 08:03:00,4041.6,4042.0,4041.5,4042.0,6,5,4,1,6,-3,-3,-3,-3,-272,5,0,0,0,1.2,0,0,3,4041.6,3,73110
849,2026-07-29 08:04:00,4042.4,4043.1,4042.4,4042.9,28,9,2,23,28,21,21,21,21,-251,9,0,0,0,3.1111,0,0,6,4042.5,20,73110
850,2026-07-29 08:05:00,4042.6,4042.6,4042.2,4042.2,3,3,1,0,3,-1,-1,-1,-1,-252,3,0,0,0,1,0,0,2,4042.6,2,73110
851,2026-07-29 08:06:00,4042.1,4042.1,4042.1,4042.1,1,1,1,0,1,-1,-1,-1,-1,-253,1,0,0,0,1,0,0,1,4042.1,1,73110
852,2026-07-29 08:07:00,4042.6,4042.6,4042.0,4042.0,2,2,0,1,2,1,1,1,1,-252,2,0,0,0,1,0,0,2,4042.0,1,73110
853,2026-07-29 08:08:00,4041.7,4042.5,4041.3,4041.4,16,10,14,1,16,-13,-13,-13,-13,-265,10,0,0,0,1.6,0,0,7,4041.4,5,73110
854,2026-07-29 08:09:00,4040.5,4040.7,4039.8,4040.3,19,11,8,11,19,3,3,3,3,-262,11,0,0,0,1.7273,0,0,6,4040.5,7,73110
855,2026-07-29 08:10:00,4040.4,4041.4,4040.4,4041.4,6,6,1,3,6,2,2,2,2,-260,6,0,0,0,1,0,0,4,4041.4,3,73110
856,2026-07-29 08:11:00,4040.9,4041.0,4039.4,4039.5,15,10,7,2,15,-5,-5,-5,-5,-265,10,0,0,0,1.5,0,0,5,4040.9,10,73110
857,2026-07-29 08:12:00,4038.6,4039.3,4038.6,4039.3,5,5,2,2,5,0,0,0,0,-265,5,0,0,0,1,0,0,4,4038.6,2,73110
858,2026-07-29 08:13:00,4039.7,4039.7,4039.1,4039.1,4,4,1,1,4,0,0,0,0,-265,4,0,0,0,1,0,0,3,4039.7,2,73110
859,2026-07-29 08:14:00,4038.3,4038.7,4038.2,4038.2,11,9,2,2,11,0,0,0,0,-265,9,0,0,0,1.2222,0,0,4,4038.5,8,73110
860,2026-07-29 08:15:00,4040.2,4040.6,4039.5,4039.5,8,7,2,3,8,1,1,1,1,-264,7,0,0,0,1.1429,0,0,6,4040.0,3,73110
861,2026-07-29 08:16:00,4039.3,4040.0,4039.3,4040.0,7,5,6,1,7,-5,-5,-5,-5,-269,5,0,0,0,1.4,0,0,4,4039.3,2,73110
862,2026-07-29 08:17:00,4040.2,4041.2,4040.2,4041.2,9,9,1,8,9,7,7,7,7,-262,9,0,0,0,1,0,0,6,4041.0,3,73110
863,2026-07-29 08:18:00,4040.4,4040.4,4040.4,4040.4,1,1,0,1,1,1,1,1,1,-261,1,0,0,0,1,0,0,1,4040.4,1,73110
864,2026-07-29 08:19:00,4040.4,4040.4,4040.2,4040.2,2,2,0,1,2,1,1,1,1,-260,2,0,0,0,1,0,0,2,4040.2,1,73110
865,2026-07-29 08:20:00,4038.8,4039.3,4038.8,4039.3,4,3,1,3,4,2,2,2,2,-258,3,0,0,0,1.3333,0,0,3,4039.0,2,73110
866,2026-07-29 08:21:00,4039.0,4039.1,4038.2,4038.2,6,6,2,2,6,0,0,0,0,-258,6,0,0,0,1,0,0,4,4038.2,2,73110
867,2026-07-29 08:22:00,4038.2,4038.4,4038.2,4038.2,10,6,9,0,10,-9,-9,-9,-9,-267,6,0,0,0,1.6667,0,0,3,4038.2,8,73110
868,2026-07-29 08:23:00,4038.2,4038.2,4038.2,4038.2,2,2,1,1,2,0,0,0,0,-267,2,0,0,0,1,0,0,1,4038.2,2,73110
869,2026-07-29 08:24:00,4037.7,4037.8,4036.5,4036.8,70,22,54,6,70,-48,-48,-48,-48,-315,22,0,0,0,3.1818,0,0,9,4037.6,50,73110
870,2026-07-29 08:25:00,4036.5,4037.2,4036.3,4036.3,10,9,1,6,10,5,5,5,5,-310,9,0,0,0,1.1111,0,0,6,4037.1,3,73110
871,2026-07-29 08:26:00,4035.6,4035.6,4035.2,4035.2,8,5,1,6,8,5,5,5,5,-305,5,0,0,0,1.6,0,0,4,4035.2,4,73110
872,2026-07-29 08:27:00,4035.2,4035.8,4034.8,4035.8,13,13,3,8,13,5,5,5,5,-300,13,0,0,0,1,0,0,7,4035.2,3,73110
873,2026-07-29 08:28:00,4036.6,4036.6,4036.5,4036.5,3,3,2,0,3,-2,-2,-2,-2,-302,3,0,0,0,1,0,0,2,4036.6,2,73110
874,2026-07-29 08:29:00,4036.4,4036.4,4036.1,4036.1,2,2,1,0,2,-1,-1,-1,-1,-303,2,0,0,0,1,0,0,2,4036.1,1,73110
875,2026-07-29 08:30:00,4036.2,4036.2,4034.8,4036.2,17,13,7,6,17,-1,-1,-1,-1,-304,13,0,0,0,1.3077,0,0,8,4036.0,5,73110
876,2026-07-29 08:31:00,4035.7,4036.8,4035.5,4036.8,6,6,1,5,6,4,4,4,4,-300,6,0,0,0,1,0,0,6,4035.5,1,73110
877,2026-07-29 08:32:00,4035.9,4036.9,4035.9,4036.9,2,2,0,2,2,2,2,2,2,-298,2,0,0,0,1,0,0,2,4035.9,1,73110
878,2026-07-29 08:33:00,4036.5,4036.5,4035.7,4035.7,2,2,0,2,2,2,2,2,2,-296,2,0,0,0,1,0,0,2,4035.7,1,73110
879,2026-07-29 08:34:00,4035.5,4035.5,4035.2,4035.5,6,4,3,2,6,-1,-1,-1,-1,-297,4,0,0,0,1.5,0,0,2,4035.2,4,73110
880,2026-07-29 08:35:00,4035.0,4035.7,4034.8,4035.7,21,11,17,4,21,-13,-13,-13,-13,-310,11,0,0,0,1.9091,0,0,8,4034.8,5,73110
881,2026-07-29 08:36:00,4036.7,4036.7,4036.5,4036.5,6,4,4,1,6,-3,-3,-3,-3,-313,4,0,0,0,1.5,0,0,3,4036.7,3,73110
882,2026-07-29 08:37:00,4036.5,4036.5,4036.1,4036.1,2,2,1,1,2,0,0,0,0,-313,2,0,0,0,1,0,0,2,4036.1,1,73110
883,2026-07-29 08:38:00,4036.3,4037.4,4036.3,4037.4,4,4,2,0,4,-2,-2,-2,-2,-315,4,0,0,0,1,0,0,3,4037.0,2,73110
884,2026-07-29 08:39:00,4036.6,4036.9,4036.6,4036.9,2,2,0,1,2,1,1,1,1,-314,2,0,0,0,1,0,0,2,4036.6,1,73110
885,2026-07-29 08:40:00,4036.6,4037.3,4036.6,4037.3,4,4,1,1,4,0,0,0,0,-314,4,0,0,0,1,0,0,3,4036.6,2,73110
886,2026-07-29 08:41:00,4036.8,4036.8,4036.8,4036.8,1,1,0,0,1,0,0,0,0,-314,1,0,0,0,1,0,0,1,4036.8,1,73110
887,2026-07-29 08:43:00,4037.7,4037.9,4037.6,4037.6,38,23,6,19,38,13,13,13,13,-301,23,0,0,0,1.6522,0,0,3,4037.7,33,73110
888,2026-07-29 08:44:00,4037.7,4037.7,4037.7,4037.7,1,1,0,1,1,1,1,1,1,-300,1,0,0,0,1,0,0,1,4037.7,1,73110
889,2026-07-29 08:45:00,4037.0,4037.5,4037.0,4037.5,3,3,0,1,3,1,1,1,1,-299,3,0,0,0,1,0,0,2,4037.0,2,73110
890,2026-07-29 08:46:00,4037.9,4038.2,4037.9,4038.2,5,4,0,4,5,4,4,4,4,-295,4,0,0,0,1.25,0,0,3,4038.1,2,73110
891,2026-07-29 08:47:00,4038.6,4038.8,4038.6,4038.6,3,3,1,1,3,0,0,0,0,-295,3,0,0,0,1,0,0,2,4038.6,2,73110
892,2026-07-29 08:48:00,4038.2,4038.2,4037.9,4037.9,5,2,4,1,5,-3,-3,-3,-3,-298,2,0,0,0,2.5,0,0,2,4037.9,4,73110
893,2026-07-29 08:49:00,4036.8,4036.8,4036.7,4036.7,73,16,3,28,73,25,25,25,25,-273,16,0,0,0,4.5625,0,0,2,4036.8,47,73110
894,2026-07-29 08:50:00,4036.6,4036.7,4036.6,4036.7,35,6,12,4,35,-8,-8,-8,-8,-281,6,0,0,0,5.8333,0,0,2,4036.7,34,73110
895,2026-07-29 08:51:00,4037.2,4037.6,4037.0,4037.6,4,4,1,2,4,1,1,1,1,-280,4,0,0,0,1,0,0,4,4037.0,1,73110
896,2026-07-29 08:52:00,4038.0,4038.0,4038.0,4038.0,1,1,0,1,1,1,1,1,1,-279,1,0,0,0,1,0,0,1,4038.0,1,73110
897,2026-07-29 08:53:00,4037.6,4037.8,4037.1,4037.8,13,7,1,3,13,2,2,2,2,-277,7,0,0,0,1.8571,0,0,4,4037.1,9,73110
898,2026-07-29 08:54:00,4037.9,4039.1,4037.9,4039.1,9,5,1,4,9,3,3,3,3,-274,5,0,0,0,1.8,0,0,2,4037.9,6,73110
899,2026-07-29 08:55:00,4038.6,4038.8,4038.3,4038.8,3,3,0,3,3,3,3,3,3,-271,3,0,0,0,1,0,0,3,4038.3,1,73110
900,2026-07-29 08:56:00,4037.9,4037.9,4037.9,4037.9,3,2,2,1,3,-1,-1,-1,-1,-272,2,0,0,0,1.5,0,0,1,4037.9,3,73110
901,2026-07-29 08:57:00,4037.3,4038.2,4037.2,4038.2,7,5,2,5,7,3,3,3,3,-269,5,0,0,0,1.4,0,0,5,4037.2,3,73110
902,2026-07-29 08:58:00,4037.4,4037.4,4036.7,4036.7,5,4,2,2,5,0,0,0,0,-269,4,0,0,0,1.25,0,0,3,4037.4,3,73110
903,2026-07-29 08:59:00,4036.3,4036.3,4036.3,4036.3,1,1,0,0,1,0,0,0,0,-269,1,0,0,0,1,0,0,1,4036.3,1,73110
904,2026-07-29 09:00:00,4036.9,4037.0,4035.7,4035.7,16,9,6,1,16,-5,-5,-5,-5,-274,9,0,0,0,1.7778,0,0,7,4036.0,10,73110
905,2026-07-29 09:01:00,4036.6,4036.8,4036.6,4036.8,4,4,0,3,4,3,3,3,3,-271,4,0,0,0,1,0,0,3,4036.6,2,73110
906,2026-07-29 09:02:00,4037.0,4037.0,4036.8,4036.8,6,3,1,0,6,-1,-1,-1,-1,-272,3,0,0,0,2,0,0,2,4037.0,5,73110
907,2026-07-29 09:03:00,4036.2,4036.2,4036.2,4036.2,1,1,0,1,1,1,1,1,1,-271,1,0,0,0,1,0,0,1,4036.2,1,73110
908,2026-07-29 09:06:00,4035.7,4035.7,4035.7,4035.7,5,3,3,1,5,-2,-2,-2,-2,-273,3,0,0,0,1.6667,0,0,1,4035.7,5,73110
909,2026-07-29 09:07:00,4035.6,4035.6,4035.4,4035.4,13,7,7,1,13,-6,-6,-6,-6,-279,7,0,0,0,1.8571,0,0,2,4035.4,12,73110
910,2026-07-29 09:09:00,4035.9,4036.0,4035.6,4036.0,5,4,4,1,5,-3,-3,-3,-3,-282,4,0,0,0,1.25,0,0,3,4035.6,2,73110
911,2026-07-29 09:11:00,4036.0,4036.0,4036.0,4036.0,1,1,1,0,1,-1,-1,-1,-1,-283,1,0,0,0,1,0,0,1,4036.0,1,73110
912,2026-07-29 09:12:00,4035.5,4035.5,4035.5,4035.5,5,1,0,0,5,0,0,0,0,-283,1,0,0,0,5,0,0,1,4035.5,5,73110
913,2026-07-29 09:13:00,4035.4,4035.4,4035.4,4035.4,1,1,1,0,1,-1,-1,-1,-1,-284,1,0,0,0,1,0,0,1,4035.4,1,73110
914,2026-07-29 09:14:00,4035.2,4035.2,4035.2,4035.2,1,1,1,0,1,-1,-1,-1,-1,-285,1,0,0,0,1,0,0,1,4035.2,1,73110
915,2026-07-29 09:15:00,4035.3,4036.2,4035.3,4036.2,7,4,0,7,7,7,7,7,7,-278,4,0,0,0,1.75,0,0,3,4036.1,4,73110
916,2026-07-29 09:20:00,4035.1,4035.1,4035.0,4035.0,6,2,5,0,6,-5,-5,-5,-5,-283,2,0,0,0,3,0,0,2,4035.0,5,73110
917,2026-07-29 09:21:00,4035.2,4035.3,4034.2,4034.2,41,27,2,33,41,31,31,31,31,-252,27,0,0,0,1.5185,0,0,7,4034.6,25,73110
918,2026-07-29 09:22:00,4035.1,4035.5,4034.3,4034.3,41,28,2,9,41,7,7,7,7,-245,28,0,0,0,1.4643,0,0,5,4035.1,27,73110
919,2026-07-29 09:23:00,4034.2,4034.2,4032.9,4033.3,42,14,27,8,42,-19,-19,-19,-19,-264,14,0,0,0,3,0,0,4,4034.2,23,73110
920,2026-07-29 09:24:00,4033.2,4034.2,4033.2,4033.6,5,4,3,0,5,-3,-3,-3,-3,-267,4,0,0,0,1.25,0,0,4,4033.6,2,73110
921,2026-07-29 09:25:00,4033.7,4033.8,4033.2,4033.6,5,5,0,4,5,4,4,4,4,-263,5,0,0,0,1,0,0,4,4033.7,2,73110
922,2026-07-29 09:29:00,4032.7,4032.8,4032.6,4032.6,25,15,19,3,25,-16,-16,-16,-16,-279,15,0,0,0,1.6667,0,0,3,4032.6,20,73110
923,2026-07-29 09:30:00,4033.2,4033.2,4030.4,4030.8,54,36,41,8,54,-33,-33,-33,-33,-312,36,0,0,0,1.5,0,0,19,4032.2,6,73110
924,2026-07-29 09:31:00,4031.7,4032.2,4031.5,4031.5,77,10,1,75,77,74,74,74,74,-238,10,0,0,0,7.7,0,0,5,4031.8,66,73110
925,2026-07-29 09:32:00,4031.5,4031.8,4030.7,4031.8,26,10,23,3,26,-20,-20,-20,-20,-258,10,0,0,0,2.6,0,0,10,4031.2,4,73110
926,2026-07-29 09:33:00,4033.0,4033.6,4033.0,4033.6,4,3,1,2,4,1,1,1,1,-257,3,0,0,0,1.3333,0,0,3,4033.3,2,73110
927,2026-07-29 09:34:00,4033.0,4033.0,4033.0,4033.0,1,1,1,0,1,-1,-1,-1,-1,-258,1,0,0,0,1,0,0,1,4033.0,1,73110
928,2026-07-29 09:35:00,4032.9,4033.2,4032.9,4033.2,10,4,0,10,10,10,10,10,10,-248,4,0,0,0,2.5,0,0,4,4033.1,5,73110
929,2026-07-29 09:36:00,4033.1,4033.3,4033.0,4033.3,5,5,1,2,5,1,1,1,1,-247,5,0,0,0,1,0,0,3,4033.0,2,73110
930,2026-07-29 09:37:00,4033.3,4033.3,4033.1,4033.1,3,2,2,0,3,-2,-2,-2,-2,-249,2,0,0,0,1.5,0,0,2,4033.3,2,73110
931,2026-07-29 09:38:00,4033.8,4034.1,4033.8,4034.1,7,5,3,4,7,1,1,1,1,-248,5,0,0,0,1.4,0,0,4,4033.8,3,73110
932,2026-07-29 09:39:00,4031.9,4032.2,4031.8,4032.2,13,7,10,1,13,-9,-9,-9,-9,-257,7,0,0,0,1.8571,0,0,4,4032.2,8,73110
933,2026-07-29 09:41:00,4032.0,4033.8,4032.0,4033.6,7,5,5,1,7,-4,-4,-4,-4,-261,5,0,0,0,1.4,0,0,5,4033.6,3,73110
934,2026-07-29 09:42:00,4033.4,4034.2,4033.3,4033.6,17,11,14,1,17,-13,-13,-13,-13,-274,11,0,0,0,1.5455,0,0,7,4033.3,4,73110
935,2026-07-29 09:43:00,4034.1,4034.1,4033.5,4033.6,6,5,5,1,6,-4,-4,-4,-4,-278,5,0,0,0,1.2,0,0,5,4033.5,2,73110
936,2026-07-29 09:44:00,4033.6,4033.6,4033.6,4033.6,2,2,0,2,2,2,2,2,2,-276,2,0,0,0,1,0,0,1,4033.6,2,73110
937,2026-07-29 09:45:00,4034.0,4034.0,4034.0,4034.0,2,2,0,2,2,2,2,2,2,-274,2,0,0,0,1,0,0,1,4034.0,2,73110
938,2026-07-29 09:46:00,4033.7,4035.0,4033.7,4035.0,12,10,1,8,12,7,7,7,7,-267,10,0,0,0,1.2,0,0,7,4035.0,4,73110
939,2026-07-29 09:49:00,4034.9,4035.2,4034.9,4035.2,4,3,0,2,4,2,2,2,2,-265,3,0,0,0,1.3333,0,0,3,4035.2,2,73110
940,2026-07-29 09:51:00,4034.7,4035.2,4034.7,4035.2,5,4,3,2,5,-1,-1,-1,-1,-266,4,0,0,0,1.25,0,0,3,4034.7,3,73110
941,2026-07-29 09:53:00,4034.5,4034.5,4034.5,4034.5,1,1,1,0,1,-1,-1,-1,-1,-267,1,0,0,0,1,0,0,1,4034.5,1,73110
942,2026-07-29 09:55:00,4033.3,4034.0,4032.9,4032.9,18,11,8,7,18,-1,-1,-1,-1,-268,11,0,0,0,1.6364,0,0,8,4033.2,5,73110
943,2026-07-29 09:56:00,4033.5,4033.5,4033.5,4033.5,1,1,0,1,1,1,1,1,1,-267,1,0,0,0,1,0,0,1,4033.5,1,73110
944,2026-07-29 09:57:00,4032.0,4032.0,4031.5,4031.5,4,3,3,0,4,-3,-3,-3,-3,-270,3,0,0,0,1.3333,0,0,3,4031.5,2,73110
945,2026-07-29 09:59:00,4031.5,4031.5,4031.0,4031.0,3,3,1,1,3,0,0,0,0,-270,3,0,0,0,1,0,0,3,4031.0,1,73110
946,2026-07-29 10:00:00,4032.2,4032.7,4032.2,4032.5,5,5,2,1,5,-1,-1,-1,-1,-271,5,0,0,0,1,0,0,4,4032.6,2,73110
947,2026-07-29 10:01:00,4032.3,4032.4,4032.3,4032.3,3,3,2,1,3,-1,-1,-1,-1,-272,3,0,0,0,1,0,0,2,4032.3,2,73110
948,2026-07-29 10:02:00,4032.9,4032.9,4032.9,4032.9,1,1,0,0,1,0,0,0,0,-272,1,0,0,0,1,0,0,1,4032.9,1,73110
949,2026-07-29 10:03:00,4033.0,4033.0,4032.6,4032.7,3,3,0,2,3,2,2,2,2,-270,3,0,0,0,1,0,0,3,4032.6,1,73110
950,2026-07-29 10:04:00,4031.2,4032.0,4031.2,4032.0,6,5,3,1,6,-2,-2,-2,-2,-272,5,0,0,0,1.2,0,0,4,4031.2,3,73110
951,2026-07-29 10:05:00,4032.4,4033.1,4031.1,4032.3,16,11,8,2,16,-6,-6,-6,-6,-278,11,0,0,0,1.4545,0,0,7,4031.1,10,73110
952,2026-07-29 10:06:00,4031.4,4031.4,4030.3,4030.3,13,8,8,2,13,-6,-6,-6,-6,-284,8,0,0,0,1.625,0,0,6,4030.3,5,73110
953,2026-07-29 10:07:00,4031.2,4031.2,4031.2,4031.2,1,1,0,1,1,1,1,1,1,-283,1,0,0,0,1,0,0,1,4031.2,1,73110
954,2026-07-29 10:08:00,4031.5,4031.5,4031.4,4031.5,9,6,2,0,9,-2,-2,-2,-2,-285,6,0,0,0,1.5,0,0,2,4031.5,7,73110
955,2026-07-29 10:09:00,4031.5,4031.5,4031.5,4031.5,1,1,0,1,1,1,1,1,1,-284,1,0,0,0,1,0,0,1,4031.5,1,73110
956,2026-07-29 10:11:00,4032.0,4032.0,4031.4,4031.4,5,5,3,0,5,-3,-3,-3,-3,-287,5,0,0,0,1,0,0,4,4032.0,2,73110
957,2026-07-29 10:12:00,4031.5,4031.5,4031.5,4031.5,2,1,0,0,2,0,0,0,0,-287,1,0,0,0,2,0,0,1,4031.5,2,73110
958,2026-07-29 10:13:00,4030.5,4030.5,4030.5,4030.5,10,4,5,0,10,-5,-5,-5,-5,-292,4,0,0,0,2.5,0,0,1,4030.5,10,73110
959,2026-07-29 10:14:00,4030.0,4030.7,4030.0,4030.7,14,9,5,2,14,-3,-3,-3,-3,-295,9,0,0,0,1.5556,0,0,4,4030.0,7,73110
960,2026-07-29 10:15:00,4030.5,4030.5,4030.0,4030.0,7,5,3,1,7,-2,-2,-2,-2,-297,5,0,0,0,1.4,0,0,5,4030.0,3,73110
961,2026-07-29 10:16:00,4029.7,4030.2,4029.6,4030.2,8,5,5,3,8,-2,-2,-2,-2,-299,5,0,0,0,1.6,0,0,3,4029.6,3,73110
962,2026-07-29 10:17:00,4030.6,4030.7,4030.6,4030.6,4,4,1,2,4,1,1,1,1,-298,4,0,0,0,1,0,0,2,4030.6,2,73110
963,2026-07-29 10:18:00,4029.5,4030.7,4029.5,4030.7,2,2,0,1,2,1,1,1,1,-297,2,0,0,0,1,0,0,2,4029.5,1,73110
964,2026-07-29 10:19:00,4030.4,4031.2,4030.1,4031.2,3,3,2,0,3,-2,-2,-2,-2,-299,3,0,0,0,1,0,0,3,4030.1,1,73110
965,2026-07-29 10:20:00,4031.1,4031.1,4031.1,4031.1,1,1,1,0,1,-1,-1,-1,-1,-300,1,0,0,0,1,0,0,1,4031.1,1,73110
966,2026-07-29 10:21:00,4031.1,4031.1,4030.5,4030.5,5,5,2,1,5,-1,-1,-1,-1,-301,5,0,0,0,1,0,0,4,4031.1,2,73110
967,2026-07-29 10:22:00,4030.3,4030.8,4030.3,4030.8,2,2,1,1,2,0,0,0,0,-301,2,0,0,0,1,0,0,2,4030.3,1,73110
968,2026-07-29 10:25:00,4030.3,4030.3,4030.3,4030.3,10,3,8,0,10,-8,-8,-8,-8,-309,3,0,0,0,3.3333,0,0,1,4030.3,10,73110
969,2026-07-29 10:27:00,4031.0,4031.5,4031.0,4031.5,10,8,0,10,10,10,10,10,10,-299,8,0,0,0,1.25,0,0,6,4031.1,3,73110
970,2026-07-29 10:29:00,4032.0,4032.5,4032.0,4032.5,10,8,0,5,10,5,5,5,5,-294,8,0,0,0,1.25,0,0,3,4032.5,8,73110
971,2026-07-29 10:30:00,4032.3,4032.7,4032.3,4032.7,15,11,0,10,15,10,10,10,10,-284,11,0,0,0,1.3636,0,0,3,4032.5,12,73110
972,2026-07-29 10:31:00,4033.0,4033.0,4033.0,4033.0,1,1,0,1,1,1,1,1,1,-283,1,0,0,0,1,0,0,1,4033.0,1,73110
973,2026-07-29 10:32:00,4033.1,4033.1,4033.0,4033.0,2,2,2,0,2,-2,-2,-2,-2,-285,2,0,0,0,1,0,0,2,4033.0,1,73110
974,2026-07-29 10:33:00,4032.7,4033.0,4032.7,4033.0,6,6,1,1,6,0,0,0,0,-285,6,0,0,0,1,0,0,3,4032.7,4,73110
975,2026-07-29 10:34:00,4033.8,4033.8,4031.3,4031.3,12,7,7,5,12,-2,-2,-2,-2,-287,7,0,0,0,1.7143,0,0,7,4033.8,4,73110
976,2026-07-29 10:35:00,4031.6,4031.6,4031.2,4031.3,13,5,7,5,13,-2,-2,-2,-2,-289,5,0,0,0,2.6,0,0,3,4031.2,7,73110
977,2026-07-29 10:36:00,4031.3,4031.3,4030.9,4030.9,23,12,18,4,23,-14,-14,-14,-14,-303,12,0,0,0,1.9167,0,0,5,4030.9,10,73110
978,2026-07-29 10:37:00,4031.0,4031.0,4031.0,4031.0,1,1,0,1,1,1,1,1,1,-302,1,0,0,0,1,0,0,1,4031.0,1,73110
979,2026-07-29 10:38:00,4031.0,4031.1,4028.8,4028.8,7,7,1,4,7,3,3,3,3,-299,7,0,0,0,1,0,0,6,4031.0,2,73110
980,2026-07-29 10:39:00,4029.1,4029.1,4029.0,4029.1,32,8,4,28,32,24,24,24,24,-275,8,0,0,0,4,0,0,2,4029.0,29,73110
981,2026-07-29 10:40:00,4028.8,4028.9,4028.2,4028.2,28,24,6,12,28,6,6,6,6,-269,24,0,0,0,1.1667,0,0,6,4028.3,12,73110
982,2026-07-29 10:41:00,4028.3,4028.3,4028.3,4028.3,1,1,0,1,1,1,1,1,1,-268,1,0,0,0,1,0,0,1,4028.3,1,73110
983,2026-07-29 10:42:00,4027.5,4027.5,4027.5,4027.5,1,1,1,0,1,-1,-1,-1,-1,-269,1,0,0,0,1,0,0,1,4027.5,1,73110
984,2026-07-29 10:43:00,4027.2,4027.2,4025.9,4026.7,47,25,33,7,47,-26,-26,-26,-26,-295,25,0,0,0,1.88,0,0,13,4026.5,8,73110
985,2026-07-29 10:44:00,4026.9,4027.1,4026.9,4026.9,3,3,1,0,3,-1,-1,-1,-1,-296,3,0,0,0,1,0,0,2,4026.9,2,73110
986,2026-07-29 10:45:00,4026.9,4026.9,4026.9,4026.9,4,2,0,0,4,0,0,0,0,-296,2,0,0,0,2,0,0,1,4026.9,4,73110
987,2026-07-29 10:46:00,4026.0,4026.1,4026.0,4026.1,3,3,0,2,3,2,2,2,2,-294,3,0,0,0,1,0,0,2,4026.1,2,73110
988,2026-07-29 10:47:00,4026.9,4027.0,4026.9,4027.0,3,3,0,2,3,2,2,2,2,-292,3,0,0,0,1,0,0,2,4027.0,2,73110
989,2026-07-29 10:48:00,4026.4,4026.6,4026.4,4026.6,7,4,1,5,7,4,4,4,4,-288,4,0,0,0,1.75,0,0,3,4026.5,5,73110
990,2026-07-29 10:49:00,4027.5,4027.5,4026.5,4027.3,12,6,7,3,12,-4,-4,-4,-4,-292,6,0,0,0,2,0,0,3,4027.5,10,73110
991,2026-07-29 10:50:00,4026.8,4027.4,4026.8,4027.4,2,2,0,0,2,0,0,0,0,-292,2,0,0,0,1,0,0,2,4026.8,1,73110
992,2026-07-29 10:51:00,4027.6,4028.0,4026.0,4026.1,7,6,2,1,7,-1,-1,-1,-1,-293,6,0,0,0,1.1667,0,0,4,4026.1,3,73110
993,2026-07-29 10:52:00,4025.7,4025.9,4025.7,4025.8,4,3,1,2,4,1,1,1,1,-292,3,0,0,0,1.3333,0,0,3,4025.9,2,73110
994,2026-07-29 10:53:00,4026.2,4026.2,4026.2,4026.2,1,1,0,1,1,1,1,1,1,-291,1,0,0,0,1,0,0,1,4026.2,1,73110
995,2026-07-29 10:55:00,4026.1,4026.1,4025.7,4025.7,15,10,8,2,15,-6,-6,-6,-6,-297,10,0,0,0,1.5,0,0,5,4025.7,9,73110
996,2026-07-29 10:57:00,4025.9,4025.9,4025.9,4025.9,1,1,1,0,1,-1,-1,-1,-1,-298,1,0,0,0,1,0,0,1,4025.9,1,73110
997,2026-07-29 10:59:00,4025.7,4025.7,4025.7,4025.7,1,1,1,0,1,-1,-1,-1,-1,-299,1,0,0,0,1,0,0,1,4025.7,1,73110
998,2026-07-29 11:00:00,4027.0,4027.0,4026.8,4026.8,6,4,2,4,6,2,2,2,2,-297,4,0,0,0,1.5,0,0,2,4027.0,4,73110
999,2026-07-29 11:01:00,4027.8,4027.8,4027.8,4027.8,1,1,1,0,1,-1,-1,-1,-1,-298,1,0,0,0,1,0,0,1,4027.8,1,73110
1000,2026-07-29 11:02:00,4028.9,4029.0,4028.9,4029.0,3,3,0,3,3,3,3,3,3,-295,3,0,0,0,1,0,0,2,4028.9,2,73110
1001,2026-07-29 11:03:00,4027.6,4027.6,4027.6,4027.6,1,1,0,0,1,0,0,0,0,-295,1,0,0,0,1,0,0,1,4027.6,1,73110
1002,2026-07-29 11:04:00,4027.2,4027.2,4027.2,4027.2,1,1,0,1,1,1,1,1,1,-294,1,0,0,0,1,0,0,1,4027.2,1,73110
1003,2026-07-29 11:05:00,4027.0,4027.0,4026.6,4026.6,3,3,2,0,3,-2,-2,-2,-2,-296,3,0,0,0,1,0,0,2,4027.0,2,73110
1004,2026-07-29 11:06:00,4026.5,4026.5,4026.5,4026.5,1,1,0,0,1,0,0,0,0,-296,1,0,0,0,1,0,0,1,4026.5,1,73110
1005,2026-07-29 11:07:00,4025.5,4025.6,4024.1,4024.5,44,32,41,1,44,-40,-40,-40,-40,-336,32,0,0,0,1.375,0,0,13,4024.8,8,73110
1006,2026-07-29 11:08:00,4024.9,4026.0,4024.6,4026.0,46,29,22,15,46,-7,-7,-7,-7,-343,29,0,0,0,1.5862,0,0,15,4025.1,18,73110
1007,2026-07-29 11:09:00,4025.5,4025.5,4025.0,4025.1,12,12,12,0,12,-12,-12,-12,-12,-355,12,0,0,0,1,0,0,6,4025.2,5,73110
1008,2026-07-29 11:10:00,4025.5,4026.3,4025.5,4026.0,22,19,6,15,22,9,9,9,9,-346,19,0,0,0,1.1579,0,0,9,4026.3,5,73110
1009,2026-07-29 11:11:00,4026.4,4027.3,4026.4,4027.3,12,12,1,4,12,3,3,3,3,-343,12,0,0,0,1,0,0,6,4026.7,3,73110
1010,2026-07-29 11:12:00,4027.3,4028.5,4027.3,4028.5,6,4,0,1,6,1,1,1,1,-342,4,0,0,0,1.5,0,0,4,4028.5,3,73110
1011,2026-07-29 11:13:00,4028.1,4028.8,4028.1,4028.8,5,5,3,1,5,-2,-2,-2,-2,-344,5,0,0,0,1,0,0,4,4028.3,2,73110
1012,2026-07-29 11:14:00,4028.3,4029.0,4028.3,4029.0,6,5,0,5,6,5,5,5,5,-339,5,0,0,0,1.2,0,0,3,4028.3,2,73110
1013,2026-07-29 11:16:00,4028.3,4028.3,4027.8,4027.8,13,7,12,0,13,-12,-12,-12,-12,-351,7,0,0,0,1.8571,0,0,6,4027.8,4,73110
1014,2026-07-29 11:17:00,4028.8,4028.8,4027.8,4028.6,22,11,20,2,22,-18,-18,-18,-18,-369,11,0,0,0,2,0,0,10,4028.2,8,73110
1015,2026-07-29 11:18:00,4029.4,4031.9,4029.4,4031.9,18,13,0,16,18,16,16,16,16,-353,13,0,0,0,1.3846,0,0,11,4031.8,4,73110
1016,2026-07-29 11:19:00,4031.8,4032.1,4031.7,4032.0,12,11,4,4,12,0,0,0,0,-353,11,0,0,0,1.0909,0,0,5,4032.0,6,73110
1017,2026-07-29 11:20:00,4031.7,4032.0,4031.1,4031.1,16,8,4,12,16,8,8,8,8,-345,8,0,0,0,2,0,0,6,4031.6,10,73110
1018,2026-07-29 11:21:00,4032.1,4032.1,4032.1,4032.1,1,1,1,0,1,-1,-1,-1,-1,-346,1,0,0,0,1,0,0,1,4032.1,1,73110
1019,2026-07-29 11:22:00,4031.3,4031.3,4031.3,4031.3,5,1,5,0,5,-5,-5,-5,-5,-351,1,0,0,0,5,0,0,1,4031.3,5,73110
1020,2026-07-29 11:23:00,4031.5,4031.9,4031.2,4031.9,6,6,4,0,6,-4,-4,-4,-4,-355,6,0,0,0,1,0,0,5,4031.2,2,73110
1021,2026-07-29 11:25:00,4031.7,4031.7,4031.7,4031.7,1,1,1,0,1,-1,-1,-1,-1,-356,1,0,0,0,1,0,0,1,4031.7,1,73110
1022,2026-07-29 11:27:00,4031.4,4031.4,4031.4,4031.4,1,1,0,0,1,0,0,0,0,-356,1,0,0,0,1,0,0,1,4031.4,1,73110
1023,2026-07-29 11:28:00,4031.5,4031.5,4031.5,4031.5,1,1,1,0,1,-1,-1,-1,-1,-357,1,0,0,0,1,0,0,1,4031.5,1,73110
1024,2026-07-29 11:29:00,4032.7,4032.7,4031.8,4031.8,6,5,3,0,6,-3,-3,-3,-3,-360,5,0,0,0,1.2,0,0,4,4032.6,3,73110
1025,2026-07-29 11:32:00,4031.4,4031.4,4030.9,4031.2,7,3,6,1,7,-5,-5,-5,-5,-365,3,0,0,0,2.3333,0,0,3,4030.9,3,73110
1026,2026-07-29 11:34:00,4031.6,4031.6,4031.6,4031.6,1,1,0,0,1,0,0,0,0,-365,1,0,0,0,1,0,0,1,4031.6,1,73110
1027,2026-07-29 11:35:00,4031.3,4031.3,4030.1,4030.1,16,7,15,1,16,-14,-14,-14,-14,-379,7,0,0,0,2.2857,0,0,5,4030.3,10,73110
1028,2026-07-29 11:36:00,4030.1,4030.1,4029.7,4030.0,8,7,4,1,8,-3,-3,-3,-3,-382,7,0,0,0,1.1429,0,0,5,4029.8,2,73110
1029,2026-07-29 11:38:00,4030.4,4030.4,4030.4,4030.4,1,1,1,0,1,-1,-1,-1,-1,-383,1,0,0,0,1,0,0,1,4030.4,1,73110
1030,2026-07-29 11:39:00,4030.9,4031.2,4030.9,4031.2,3,3,0,3,3,3,3,3,3,-380,3,0,0,0,1,0,0,3,4030.9,1,73110
1031,2026-07-29 11:41:00,4031.0,4031.1,4030.8,4031.1,30,10,26,3,30,-23,-23,-23,-23,-403,10,0,0,0,3,0,0,3,4031.1,17,73110
1032,2026-07-29 11:42:00,4031.4,4031.5,4031.2,4031.5,6,5,3,2,6,-1,-1,-1,-1,-404,5,0,0,0,1.2,0,0,4,4031.2,2,73110
1033,2026-07-29 11:44:00,4030.6,4030.6,4030.3,4030.3,6,4,5,0,6,-5,-5,-5,-5,-409,4,0,0,0,1.5,0,0,4,4030.5,3,73110
1034,2026-07-29 11:45:00,4030.3,4030.3,4030.3,4030.3,2,2,0,1,2,1,1,1,1,-408,2,0,0,0,1,0,0,1,4030.3,2,73110
1035,2026-07-29 11:46:00,4031.2,4031.2,4031.2,4031.2,2,1,0,2,2,2,2,2,2,-406,1,0,0,0,2,0,0,1,4031.2,2,73110
1036,2026-07-29 11:47:00,4031.6,4033.0,4031.6,4032.5,28,17,12,10,28,-2,-2,-2,-2,-408,17,0,0,0,1.6471,0,0,10,4032.3,6,73110
1037,2026-07-29 11:48:00,4033.5,4035.5,4033.2,4035.3,45,18,4,38,45,34,34,34,34,-374,18,0,0,0,2.5,0,0,15,4034.8,6,73110
1038,2026-07-29 11:49:00,4034.0,4034.1,4034.0,4034.1,3,2,3,0,3,-3,-3,-3,-3,-377,2,0,0,0,1.5,0,0,2,4034.1,2,73110
1039,2026-07-29 11:50:00,4033.6,4033.6,4033.1,4033.1,5,4,4,0,5,-4,-4,-4,-4,-381,4,0,0,0,1.25,0,0,4,4033.1,2,73110
1040,2026-07-29 11:51:00,4032.3,4033.1,4032.3,4033.1,8,8,4,1,8,-3,-3,-3,-3,-384,8,0,0,0,1,0,0,5,4032.5,4,73110
1041,2026-07-29 11:52:00,4032.6,4033.1,4032.2,4033.1,25,23,24,0,25,-24,-24,-24,-24,-408,23,0,0,0,1.087,0,0,8,4032.5,7,73110
1042,2026-07-29 11:53:00,4031.4,4032.6,4031.2,4032.6,6,5,4,1,6,-3,-3,-3,-3,-411,5,0,0,0,1.2,0,0,5,4031.3,2,73110
1043,2026-07-29 11:54:00,4032.4,4032.5,4032.0,4032.0,7,7,3,1,7,-2,-2,-2,-2,-413,7,0,0,0,1,0,0,5,4032.2,2,73110
1044,2026-07-29 11:56:00,4031.5,4031.5,4031.4,4031.4,4,3,2,1,4,-1,-1,-1,-1,-414,3,0,0,0,1.3333,0,0,2,4031.5,3,73110
1045,2026-07-29 11:57:00,4031.3,4031.3,4030.9,4030.9,9,5,8,1,9,-7,-7,-7,-7,-421,5,0,0,0,1.8,0,0,4,4030.9,5,73110
1046,2026-07-29 11:58:00,4030.9,4030.9,4030.9,4030.9,1,1,0,0,1,0,0,0,0,-421,1,0,0,0,1,0,0,1,4030.9,1,73110
1047,2026-07-29 11:59:00,4031.4,4031.4,4031.2,4031.2,2,2,1,0,2,-1,-1,-1,-1,-422,2,0,0,0,1,0,0,2,4031.2,1,73110
1048,2026-07-29 12:00:00,4032.1,4032.3,4030.3,4030.3,4,4,2,1,4,-1,-1,-1,-1,-423,4,0,0,0,1,0,0,4,4030.3,1,73110
1049,2026-07-29 12:01:00,4030.5,4031.2,4030.5,4031.2,6,5,0,5,6,5,5,5,5,-418,5,0,0,0,1.2,0,0,5,4031.0,2,73110
1050,2026-07-29 12:03:00,4030.1,4030.1,4029.8,4029.8,11,6,4,1,11,-3,-3,-3,-3,-421,6,0,0,0,1.8333,0,0,3,4030.0,6,73110
1051,2026-07-29 12:04:00,4029.7,4030.2,4029.5,4029.5,7,7,4,1,7,-3,-3,-3,-3,-424,7,0,0,0,1,0,0,6,4030.1,2,73110
1052,2026-07-29 12:05:00,4029.6,4030.3,4029.4,4029.4,9,6,1,5,9,4,4,4,4,-420,6,0,0,0,1.5,0,0,4,4029.6,6,73110
1053,2026-07-29 12:06:00,4029.5,4029.5,4029.4,4029.4,3,3,2,0,3,-2,-2,-2,-2,-422,3,0,0,0,1,0,0,2,4029.4,2,73110
1054,2026-07-29 12:07:00,4029.5,4030.4,4029.5,4030.4,3,3,0,2,3,2,2,2,2,-420,3,0,0,0,1,0,0,3,4029.5,1,73110
1055,2026-07-29 12:08:00,4029.5,4029.9,4029.5,4029.9,2,2,0,2,2,2,2,2,2,-418,2,0,0,0,1,0,0,2,4029.5,1,73110
1056,2026-07-29 12:09:00,4029.0,4029.0,4028.1,4028.6,11,6,7,4,11,-3,-3,-3,-3,-421,6,0,0,0,1.8333,0,0,4,4028.1,4,73110
1057,2026-07-29 12:11:00,4028.5,4028.5,4028.5,4028.5,10,2,10,0,10,-10,-10,-10,-10,-431,2,0,0,0,5,0,0,1,4028.5,10,73110
1058,2026-07-29 12:12:00,4027.4,4027.4,4027.1,4027.1,3,3,2,0,3,-2,-2,-2,-2,-433,3,0,0,0,1,0,0,3,4027.1,1,73110
1059,2026-07-29 12:14:00,4026.8,4026.8,4025.4,4025.4,19,13,1,8,19,7,7,7,7,-426,13,0,0,0,1.4615,0,0,8,4026.3,4,73110
1060,2026-07-29 12:15:00,4025.6,4025.9,4025.1,4025.9,5,4,0,1,5,1,1,1,1,-425,4,0,0,0,1.25,0,0,4,4025.5,2,73110
1061,2026-07-29 12:16:00,4026.4,4026.4,4021.6,4021.8,24,19,3,11,24,8,8,8,8,-417,19,0,0,0,1.2632,0,0,15,4021.7,3,73110
1062,2026-07-29 12:17:00,4021.0,4021.2,4018.5,4021.2,40,30,12,17,40,5,5,5,5,-412,30,0,0,0,1.3333,0,0,14,4021.0,13,73110
1063,2026-07-29 12:18:00,4018.9,4022.0,4018.9,4021.4,21,14,5,11,21,6,6,6,6,-406,14,0,0,0,1.5,0,0,11,4021.4,5,73110
1064,2026-07-29 12:19:00,4020.7,4020.8,4018.7,4018.7,70,37,29,10,70,-19,-19,-19,-19,-425,37,0,0,0,1.8919,0,0,15,4019.7,30,73110
1065,2026-07-29 12:20:00,4017.9,4018.8,4016.0,4016.1,43,37,10,22,43,12,12,12,12,-413,37,0,0,0,1.1622,0,0,19,4017.9,6,73110
1066,2026-07-29 12:21:00,4016.5,4017.9,4015.2,4015.9,34,20,10,14,34,4,4,4,4,-409,20,0,0,0,1.7,0,0,12,4015.8,8,73110
1067,2026-07-29 12:22:00,4014.9,4015.6,4013.2,4015.6,31,27,3,8,31,5,5,5,5,-404,27,0,0,0,1.1481,0,0,13,4014.3,8,73110
1068,2026-07-29 12:23:00,4015.7,4016.8,4015.1,4016.0,15,14,2,2,15,0,0,0,0,-404,14,0,0,0,1.0714,0,0,9,4015.1,3,73110
1069,2026-07-29 12:24:00,4016.0,4016.3,4014.5,4014.5,20,19,4,8,20,4,4,4,4,-400,19,0,0,0,1.0526,0,0,9,4016.1,5,73110
1070,2026-07-29 12:25:00,4014.5,4015.9,4013.1,4013.7,21,15,6,3,21,-3,-3,-3,-3,-403,15,0,0,0,1.4,0,0,10,4014.7,5,73110
1071,2026-07-29 12:26:00,4013.5,4015.3,4013.1,4015.3,14,12,2,5,14,3,3,3,3,-400,12,0,0,0,1.1667,0,0,10,4015.0,3,73110
1072,2026-07-29 12:27:00,4014.6,4016.0,4013.7,4014.8,18,13,9,6,18,-3,-3,-3,-3,-403,13,0,0,0,1.3846,0,0,9,4014.5,6,73110
1073,2026-07-29 12:28:00,4013.8,4015.7,4013.8,4015.7,21,15,0,13,21,13,13,13,13,-390,15,0,0,0,1.4,0,0,8,4014.0,5,73110
1074,2026-07-29 12:29:00,4014.7,4014.7,4011.1,4011.7,51,41,15,12,51,-3,-3,-3,-3,-393,41,0,0,0,1.2439,0,0,21,4012.4,12,73110
1075,2026-07-29 12:30:00,4011.4,4013.5,4007.5,4013.5,128,89,18,54,128,36,36,36,36,-357,89,0,0,0,1.4382,0,0,40,4009.2,15,73110
1076,2026-07-29 12:31:00,4013.8,4015.0,4013.1,4013.5,18,17,2,5,18,3,3,3,3,-354,17,0,0,0,1.0588,0,0,11,4013.5,3,73110
1077,2026-07-29 12:32:00,4012.9,4013.7,4012.4,4013.6,11,10,2,4,11,2,2,2,2,-352,10,0,0,0,1.1,0,0,8,4013.6,3,73110
1078,2026-07-29 12:33:00,4013.8,4014.1,4013.2,4013.5,8,7,0,6,8,6,6,6,6,-346,7,0,0,0,1.1429,0,0,6,4013.4,2,73110
1079,2026-07-29 12:34:00,4013.8,4017.0,4013.3,4016.6,34,32,8,22,34,14,14,14,14,-332,32,0,0,0,1.0625,0,0,24,4014.0,3,73110
1080,2026-07-29 12:35:00,4017.1,4017.7,4016.0,4016.1,20,17,0,17,20,17,17,17,17,-315,17,0,0,0,1.1765,0,0,10,4016.6,4,73110
1081,2026-07-29 12:36:00,4016.4,4016.6,4015.9,4016.3,7,6,1,5,7,4,4,4,4,-311,6,0,0,0,1.1667,0,0,6,4016.3,2,73110
1082,2026-07-29 12:37:00,4016.5,4017.5,4016.5,4016.9,11,9,2,9,11,7,7,7,7,-304,9,0,0,0,1.2222,0,0,6,4017.3,5,73110
1083,2026-07-29 12:38:00,4017.5,4018.3,4017.5,4017.8,16,10,10,2,16,-8,-8,-8,-8,-312,10,0,0,0,1.6,0,0,6,4018.0,6,73110
1084,2026-07-29 12:39:00,4018.6,4020.6,4018.6,4019.6,14,10,3,7,14,4,4,4,4,-308,10,0,0,0,1.4,0,0,7,4019.5,4,73110
1085,2026-07-29 12:40:00,4020.2,4020.5,4017.3,4017.9,13,8,6,4,13,-2,-2,-2,-2,-310,8,0,0,0,1.625,0,0,6,4018.2,5,73110
1086,2026-07-29 12:41:00,4016.8,4017.5,4016.6,4017.5,28,26,16,6,28,-10,-10,-10,-10,-320,26,0,0,0,1.0769,0,0,6,4016.6,8,73110
1087,2026-07-29 12:42:00,4017.5,4018.3,4017.5,4018.3,21,11,1,13,21,12,12,12,12,-308,11,0,0,0,1.9091,0,0,6,4017.8,9,73110
1088,2026-07-29 12:43:00,4018.6,4018.6,4018.6,4018.6,1,1,0,1,1,1,1,1,1,-307,1,0,0,0,1,0,0,1,4018.6,1,73110
1089,2026-07-29 12:44:00,4019.4,4019.5,4019.0,4019.5,8,8,3,4,8,1,1,1,1,-306,8,0,0,0,1,0,0,5,4019.2,3,73110
1090,2026-07-29 12:45:00,4018.8,4019.0,4018.1,4019.0,15,11,10,4,15,-6,-6,-6,-6,-312,11,0,0,0,1.3636,0,0,6,4018.5,6,73110
1091,2026-07-29 12:46:00,4019.8,4020.7,4019.7,4020.7,13,13,3,9,13,6,6,6,6,-306,13,0,0,0,1,0,0,9,4020.0,3,73110
1092,2026-07-29 12:47:00,4020.7,4021.7,4020.3,4021.0,37,33,10,26,37,16,16,16,16,-290,33,0,0,0,1.1212,0,0,9,4020.6,10,73110
1093,2026-07-29 12:48:00,4021.0,4021.3,4020.4,4020.9,34,22,10,23,34,13,13,13,13,-277,22,0,0,0,1.5455,0,0,9,4020.8,10,73110
1094,2026-07-29 12:49:00,4019.5,4019.5,4018.7,4018.7,14,6,11,2,14,-9,-9,-9,-9,-286,6,0,0,0,2.3333,0,0,4,4019.5,8,73110
1095,2026-07-29 12:50:00,4020.0,4020.0,4018.7,4018.9,30,16,28,1,30,-27,-27,-27,-27,-313,16,0,0,0,1.875,0,0,10,4019.1,7,73110
1096,2026-07-29 12:51:00,4019.2,4019.2,4017.8,4017.8,11,9,1,10,11,9,9,9,9,-304,9,0,0,0,1.2222,0,0,6,4018.5,3,73110
1097,2026-07-29 12:52:00,4018.0,4019.9,4018.0,4019.9,12,8,6,6,12,0,0,0,0,-304,8,0,0,0,1.5,0,0,7,4018.9,5,73110
1098,2026-07-29 12:53:00,4020.1,4020.6,4019.5,4019.5,14,10,9,4,14,-5,-5,-5,-5,-309,10,0,0,0,1.4,0,0,8,4019.6,4,73110
1099,2026-07-29 12:54:00,4019.5,4020.5,4019.1,4020.0,34,24,11,21,34,10,10,10,10,-299,24,0,0,0,1.4167,0,0,11,4020.3,14,73110
1100,2026-07-29 12:55:00,4020.5,4020.6,4020.0,4020.4,19,17,4,12,19,8,8,8,8,-291,17,0,0,0,1.1176,0,0,7,4020.4,7,73110
1101,2026-07-29 12:56:00,4021.0,4021.9,4021.0,4021.5,6,6,1,0,6,-1,-1,-1,-1,-292,6,0,0,0,1,0,0,4,4021.0,2,73110
1102,2026-07-29 12:57:00,4021.0,4022.2,4020.6,4020.6,10,8,5,3,10,-2,-2,-2,-2,-294,8,0,0,0,1.25,0,0,7,4020.7,3,73110
1103,2026-07-29 12:58:00,4020.2,4020.9,4020.2,4020.9,3,3,1,1,3,0,0,0,0,-294,3,0,0,0,1,0,0,3,4020.2,1,73110
1104,2026-07-29 12:59:00,4021.0,4021.2,4020.0,4020.9,15,12,5,9,15,4,4,4,4,-290,12,0,0,0,1.25,0,0,10,4020.0,3,73110
1105,2026-07-29 13:00:00,4021.3,4023.9,4021.0,4022.4,46,34,28,13,46,-15,-15,-15,-15,-305,34,0,0,0,1.3529,0,0,19,4022.8,8,73110
1106,2026-07-29 13:01:00,4023.8,4024.8,4022.4,4023.3,18,17,6,9,18,3,3,3,3,-302,17,0,0,0,1.0588,0,0,11,4024.8,5,73110
1107,2026-07-29 13:02:00,4023.5,4023.9,4022.5,4023.1,25,23,12,12,25,0,0,0,0,-302,23,0,0,0,1.087,0,0,12,4022.5,4,73110
1108,2026-07-29 13:03:00,4022.0,4022.0,4019.3,4019.7,17,13,10,2,17,-8,-8,-8,-8,-310,13,0,0,0,1.3077,0,0,9,4019.4,5,73110
1109,2026-07-29 13:04:00,4018.8,4018.8,4017.3,4017.4,26,19,20,2,26,-18,-18,-18,-18,-328,19,0,0,0,1.3684,0,0,8,4017.7,7,73110
1110,2026-07-29 13:05:00,4016.8,4017.7,4015.2,4016.5,27,25,12,13,27,1,1,1,1,-327,25,0,0,0,1.08,0,0,17,4017.0,4,73110
1111,2026-07-29 13:06:00,4016.6,4016.7,4015.5,4015.9,16,14,6,8,16,2,2,2,2,-325,14,0,0,0,1.1429,0,0,10,4015.9,4,73110
1112,2026-07-29 13:07:00,4015.7,4016.2,4015.3,4015.5,30,27,13,13,30,0,0,0,0,-325,27,0,0,0,1.1111,0,0,8,4015.5,13,73110
1113,2026-07-29 13:08:00,4015.2,4016.4,4014.8,4014.8,24,17,14,8,24,-6,-6,-6,-6,-331,17,0,0,0,1.4118,0,0,12,4014.8,5,73110
1114,2026-07-29 13:09:00,4014.5,4015.4,4014.1,4014.8,21,21,5,15,21,10,10,10,10,-321,21,0,0,0,1,0,0,10,4015.0,5,73110
1115,2026-07-29 13:10:00,4014.5,4016.8,4014.5,4016.3,15,15,2,13,15,11,11,11,11,-310,15,0,0,0,1,0,0,10,4016.2,3,73110
1116,2026-07-29 13:11:00,4015.8,4017.4,4015.8,4016.5,17,16,4,10,17,6,6,6,6,-304,16,0,0,0,1.0625,0,0,12,4016.7,2,73110
1117,2026-07-29 13:12:00,4015.5,4015.8,4015.0,4015.0,19,19,3,12,19,9,9,9,9,-295,19,0,0,0,1,0,0,7,4015.0,4,73110
1118,2026-07-29 13:13:00,4013.7,4014.7,4013.7,4014.6,18,14,7,10,18,3,3,3,3,-292,14,0,0,0,1.2857,0,0,8,4013.7,5,73110
1119,2026-07-29 13:14:00,4014.9,4014.9,4013.5,4014.3,20,19,3,15,20,12,12,12,12,-280,19,0,0,0,1.0526,0,0,8,4014.1,5,73110
1120,2026-07-29 13:15:00,4013.5,4014.3,4012.6,4014.3,26,25,3,12,26,9,9,9,9,-271,25,0,0,0,1.04,0,0,12,4013.8,7,73110
1121,2026-07-29 13:16:00,4014.3,4016.0,4014.2,4016.0,27,24,8,17,27,9,9,9,9,-262,24,0,0,0,1.125,0,0,15,4016.0,4,73110
1122,2026-07-29 13:17:00,4016.6,4016.7,4015.2,4015.7,18,18,8,8,18,0,0,0,0,-262,18,0,0,0,1,0,0,12,4016.5,3,73110
1123,2026-07-29 13:18:00,4015.9,4017.0,4015.0,4015.9,37,36,24,9,37,-15,-15,-15,-15,-277,36,0,0,0,1.0278,0,0,17,4015.9,5,73110
1124,2026-07-29 13:19:00,4016.1,4016.6,4015.3,4015.9,34,26,16,11,34,-5,-5,-5,-5,-282,26,0,0,0,1.3077,0,0,11,4015.3,8,73110
1125,2026-07-29 13:20:00,4015.6,4016.0,4014.4,4014.4,14,11,5,7,14,2,2,2,2,-280,11,0,0,0,1.2727,0,0,7,4015.8,5,73110
1126,2026-07-29 13:21:00,4015.7,4018.6,4015.7,4018.0,58,51,23,28,58,5,5,5,5,-275,51,0,0,0,1.1373,0,0,24,4018.0,8,73110
1127,2026-07-29 13:22:00,4018.1,4020.5,4017.9,4020.5,78,51,28,26,78,-2,-2,-2,-2,-277,51,0,0,0,1.5294,0,0,19,4018.5,16,73110
1128,2026-07-29 13:23:00,4020.7,4021.8,4019.7,4020.5,49,39,23,16,49,-7,-7,-7,-7,-284,39,0,0,0,1.2564,0,0,18,4020.3,8,73110
1129,2026-07-29 13:24:00,4020.5,4020.5,4018.9,4018.9,52,31,38,11,52,-27,-27,-27,-27,-311,31,0,0,0,1.6774,0,0,16,4020.2,7,73110
1130,2026-07-29 13:25:00,4019.4,4020.1,4018.0,4019.0,80,53,47,28,80,-19,-19,-19,-19,-330,53,0,0,0,1.5094,0,0,20,4019.0,8,73110
1131,2026-07-29 13:26:00,4018.2,4020.2,4018.0,4020.2,38,16,33,5,38,-28,-28,-28,-28,-358,16,0,0,0,2.375,0,0,10,4018.4,6,73110
1132,2026-07-29 13:27:00,4020.4,4021.3,4017.4,4018.7,293,73,273,19,293,-254,-254,-254,-254,-612,73,0,0,0,4.0137,0,0,33,4019.0,95,73110
1133,2026-07-29 13:28:00,4018.4,4018.4,4015.6,4016.2,95,61,80,11,95,-69,-69,-69,-69,-681,61,0,0,0,1.5574,0,0,26,4016.3,12,73110
1134,2026-07-29 13:29:00,4016.8,4017.1,4012.0,4012.0,201,92,176,17,201,-159,-159,-159,-159,-840,92,0,0,0,2.1848,0,0,47,4015.3,12,73110
1135,2026-07-29 13:30:00,4012.8,4014.3,4009.8,4011.1,247,123,208,23,247,-185,-185,-185,-185,-1025,123,0,0,0,2.0081,0,0,40,4010.0,19,73110
1136,2026-07-29 13:31:00,4012.1,4013.5,4010.0,4011.8,120,72,106,11,120,-95,-95,-95,-95,-1120,72,0,0,0,1.6667,0,0,32,4011.5,10,73110
1137,2026-07-29 13:32:00,4011.6,4012.3,4010.2,4010.2,103,71,84,9,103,-75,-75,-75,-75,-1195,71,0,0,0,1.4507,0,0,20,4010.5,13,73110
1138,2026-07-29 13:33:00,4010.1,4012.6,4008.2,4012.1,106,76,64,36,106,-28,-28,-28,-28,-1223,76,0,0,0,1.3947,0,0,33,4011.7,11,73110
1139,2026-07-29 13:34:00,4013.2,4015.3,4012.8,4014.8,51,45,22,21,51,-1,-1,-1,-1,-1224,45,0,0,0,1.1333,0,0,19,4015.1,8,73110
1140,2026-07-29 13:35:00,4014.3,4015.2,4012.1,4014.7,97,61,74,7,97,-67,-67,-67,-67,-1291,61,0,0,0,1.5902,0,0,26,4012.3,8,73110
1141,2026-07-29 13:36:00,4014.6,4015.8,4013.9,4015.0,46,33,29,7,46,-22,-22,-22,-22,-1313,33,0,0,0,1.3939,0,0,16,4014.4,5,73110
1142,2026-07-29 13:37:00,4013.1,4014.4,4012.8,4014.4,7,7,2,5,7,3,3,3,3,-1310,7,0,0,0,1,0,0,6,4014.4,2,73110
1143,2026-07-29 13:38:00,4014.4,4014.8,4011.6,4012.3,43,18,33,2,43,-31,-31,-31,-31,-1341,18,0,0,0,2.3889,0,0,13,4012.0,11,73110
1144,2026-07-29 13:39:00,4012.5,4013.3,4012.1,4013.3,4,4,3,1,4,-2,-2,-2,-2,-1343,4,0,0,0,1,0,0,4,4012.1,1,73110
1145,2026-07-29 13:40:00,4013.9,4013.9,4010.8,4011.5,34,23,9,19,34,10,10,10,10,-1333,23,0,0,0,1.4783,0,0,13,4011.6,5,73110
1146,2026-07-29 13:41:00,4011.5,4012.7,4010.6,4012.7,23,18,2,13,23,11,11,11,11,-1322,18,0,0,0,1.2778,0,0,11,4011.0,4,73110
1147,2026-07-29 13:42:00,4011.0,4011.8,4010.7,4011.8,4,3,3,0,4,-3,-3,-3,-3,-1325,3,0,0,0,1.3333,0,0,3,4010.7,2,73110
1148,2026-07-29 13:43:00,4012.2,4012.8,4011.8,4012.1,15,10,3,3,15,0,0,0,0,-1325,10,0,0,0,1.5,0,0,9,4012.3,6,73110
1149,2026-07-29 13:44:00,4010.8,4012.0,4010.5,4012.0,22,16,2,12,22,10,10,10,10,-1315,16,0,0,0,1.375,0,0,11,4011.9,4,73110
1150,2026-07-29 13:45:00,4011.7,4011.7,4010.5,4011.3,18,15,2,4,18,2,2,2,2,-1313,15,0,0,0,1.2,0,0,7,4010.5,8,73110
1151,2026-07-29 13:46:00,4011.8,4012.0,4009.8,4010.9,19,13,6,4,19,-2,-2,-2,-2,-1315,13,0,0,0,1.4615,0,0,9,4009.8,5,73110
1152,2026-07-29 13:47:00,4010.6,4010.7,4008.9,4010.2,11,9,3,5,11,2,2,2,2,-1313,9,0,0,0,1.2222,0,0,7,4008.9,3,73110
1153,2026-07-29 13:48:00,4012.0,4012.5,4009.2,4012.5,24,20,2,19,24,17,17,17,17,-1296,20,0,0,0,1.2,0,0,13,4011.9,5,73110
1154,2026-07-29 13:49:00,4012.9,4013.1,4012.0,4013.1,9,8,0,6,9,6,6,6,6,-1290,8,0,0,0,1.125,0,0,6,4013.1,3,73110
1155,2026-07-29 13:50:00,4010.1,4010.1,4009.1,4009.1,10,6,2,5,10,3,3,3,3,-1287,6,0,0,0,1.6667,0,0,4,4009.2,6,73110
1156,2026-07-29 13:51:00,4009.0,4009.3,4007.2,4009.3,26,17,16,3,26,-13,-13,-13,-13,-1300,17,0,0,0,1.5294,0,0,11,4009.0,7,73110
1157,2026-07-29 13:52:00,4008.4,4008.4,4004.8,4005.0,85,45,52,15,85,-37,-37,-37,-37,-1337,45,0,0,0,1.8889,0,0,19,4005.0,30,73110
1158,2026-07-29 13:53:00,4005.7,4006.9,4005.6,4006.4,28,21,6,19,28,13,13,13,13,-1324,21,0,0,0,1.3333,0,0,11,4006.3,6,73110
1159,2026-07-29 13:54:00,4007.1,4007.1,4004.5,4007.1,37,27,9,22,37,13,13,13,13,-1311,27,0,0,0,1.3704,0,0,20,4004.7,5,73110
1160,2026-07-29 13:55:00,4005.2,4005.7,4004.3,4005.0,23,21,13,8,23,-5,-5,-5,-5,-1316,21,0,0,0,1.0952,0,0,9,4004.9,9,73110
1161,2026-07-29 13:56:00,4005.2,4005.4,4002.8,4003.0,30,21,9,11,30,2,2,2,2,-1314,21,0,0,0,1.4286,0,0,12,4003.0,7,73110
1162,2026-07-29 13:57:00,4003.3,4004.2,4001.7,4003.0,43,30,17,16,43,-1,-1,-1,-1,-1315,30,0,0,0,1.4333,0,0,22,4002.0,11,73110
1163,2026-07-29 13:58:00,4003.1,4004.6,4000.6,4004.6,74,54,16,33,74,17,17,17,17,-1298,54,0,0,0,1.3704,0,0,24,4001.0,23,73110
1164,2026-07-29 13:59:00,4005.5,4005.8,4003.3,4004.7,120,28,19,12,120,-7,-7,-7,-7,-1305,28,0,0,0,4.2857,0,0,13,4003.6,92,73110
1165,2026-07-29 14:00:00,4005.3,4006.4,3999.1,4002.1,58,37,33,9,58,-24,-24,-24,-24,-1329,37,0,0,0,1.5676,0,0,28,4000.0,10,73110
1166,2026-07-29 14:01:00,4002.0,4003.0,4001.2,4001.6,45,29,15,25,45,10,10,10,10,-1319,29,0,0,0,1.5517,0,0,16,4001.4,11,73110
1167,2026-07-29 14:02:00,4001.5,4002.3,4001.2,4001.7,30,20,15,9,30,-6,-6,-6,-6,-1325,20,0,0,0,1.5,0,0,10,4001.4,10,73110
1168,2026-07-29 14:03:00,4001.1,4002.6,3999.7,4001.8,78,32,9,62,78,53,53,53,53,-1272,32,0,0,0,2.4375,0,0,21,4000.7,10,73110
1169,2026-07-29 14:04:00,4002.1,4004.1,4002.1,4003.9,43,25,15,20,43,5,5,5,5,-1267,25,0,0,0,1.72,0,0,12,4002.6,11,71430
1170,2026-07-29 14:05:00,4004.2,4004.5,4003.7,4004.5,4,4,2,0,4,-2,-2,-2,-2,-1269,4,0,0,0,1,0,0,4,4003.7,1,71430
1171,2026-07-29 14:06:00,4002.4,4004.6,4002.1,4003.0,49,25,42,3,49,-39,-39,-39,-39,-1308,25,0,0,0,1.96,0,0,16,4003.1,10,71430
1172,2026-07-29 14:07:00,4001.5,4001.5,3999.0,3999.0,17,15,9,3,17,-6,-6,-6,-6,-1314,15,0,0,0,1.1333,0,0,13,3999.4,2,71430
1173,2026-07-29 14:08:00,4000.0,4000.0,3996.8,3997.1,77,27,33,29,77,-4,-4,-4,-4,-1318,27,0,0,0,2.8519,0,0,18,3999.0,24,71430
1174,2026-07-29 14:09:00,3997.9,3999.1,3997.5,3998.0,50,28,7,22,50,15,15,15,15,-1303,28,0,0,0,1.7857,0,0,13,3998.3,16,71430
1175,2026-07-29 14:10:00,3997.4,3998.8,3996.3,3998.3,17,12,1,14,17,13,13,13,13,-1290,12,0,0,0,1.4167,0,0,10,3997.9,4,71430
1176,2026-07-29 14:11:00,3998.9,3999.2,3997.5,3997.5,24,24,7,13,24,6,6,6,6,-1284,24,0,0,0,1,0,0,12,3997.8,4,71430
1177,2026-07-29 14:12:00,3997.9,3998.2,3995.8,3995.8,50,33,13,35,50,22,22,22,22,-1262,33,0,0,0,1.5152,0,0,13,3997.9,7,71430
1178,2026-07-29 14:13:00,3995.8,3995.8,3993.8,3994.9,57,29,8,28,57,20,20,20,20,-1242,29,0,0,0,1.9655,0,0,12,3995.0,30,71430
1179,2026-07-29 14:14:00,3995.8,3996.1,3995.0,3996.1,9,6,7,2,9,-5,-5,-5,-5,-1247,6,0,0,0,1.5,0,0,6,3995.2,3,71430
1180,2026-07-29 14:15:00,3997.7,3999.5,3997.7,3998.4,11,9,2,6,11,4,4,4,4,-1243,9,0,0,0,1.2222,0,0,8,3999.0,3,71430
1181,2026-07-29 14:16:00,3998.9,4001.5,3998.7,4001.3,70,36,17,29,70,12,12,12,12,-1231,36,0,0,0,1.9444,0,0,18,4000.1,26,71430
1182,2026-07-29 14:17:00,4000.8,4001.3,3999.9,4001.2,80,38,31,33,80,2,2,2,2,-1229,38,0,0,0,2.1053,0,0,14,4001.0,20,71430
1183,2026-07-29 14:18:00,4000.5,4006.1,4000.4,4006.1,36,27,3,23,36,20,20,20,20,-1209,27,0,0,0,1.3333,0,0,18,4004.4,6,71430
1184,2026-07-29 14:19:00,4005.7,4006.5,4004.9,4006.5,15,6,14,1,15,-13,-13,-13,-13,-1222,6,0,0,0,2.5,0,0,5,4006.5,10,71430
1185,2026-07-29 14:20:00,4005.4,4006.4,4004.7,4005.7,40,19,19,9,40,-10,-10,-10,-10,-1232,19,0,0,0,2.1053,0,0,11,4005.8,10,71430
1186,2026-07-29 14:21:00,4006.2,4006.4,4005.1,4005.6,35,18,20,10,35,-10,-10,-10,-10,-1242,18,0,0,0,1.9444,0,0,12,4005.2,7,71430
1187,2026-07-29 14:22:00,4005.9,4007.0,4005.4,4006.0,30,19,9,14,30,5,5,5,5,-1237,19,0,0,0,1.5789,0,0,10,4006.4,11,71430
1188,2026-07-29 14:23:00,4006.2,4007.8,4006.2,4007.0,26,15,2,19,26,17,17,17,17,-1220,15,0,0,0,1.7333,0,0,10,4006.9,6,71430
1189,2026-07-29 14:24:00,4006.6,4008.1,4006.3,4008.1,19,15,2,15,19,13,13,13,13,-1207,15,0,0,0,1.2667,0,0,13,4007.0,4,71430
1190,2026-07-29 14:25:00,4006.7,4007.1,4006.3,4006.4,22,16,3,13,22,10,10,10,10,-1197,16,0,0,0,1.375,0,0,9,4006.9,7,71430
1191,2026-07-29 14:26:00,4005.7,4005.7,4003.7,4004.6,16,14,5,7,16,2,2,2,2,-1195,14,0,0,0,1.1429,0,0,9,4004.6,3,71430
1192,2026-07-29 14:27:00,4004.1,4004.1,4001.5,4002.0,39,31,22,15,39,-7,-7,-7,-7,-1202,31,0,0,0,1.2581,0,0,14,4001.8,6,71430
1193,2026-07-29 14:28:00,4002.9,4003.2,4001.7,4002.5,14,13,8,2,14,-6,-6,-6,-6,-1208,13,0,0,0,1.0769,0,0,8,4001.7,3,71430
1194,2026-07-29 14:29:00,4004.0,4005.3,4004.0,4004.0,22,17,8,12,22,4,4,4,4,-1204,17,0,0,0,1.2941,0,0,8,4004.0,10,71430
1195,2026-07-29 14:30:00,4003.0,4004.4,4002.5,4004.4,10,8,6,3,10,-3,-3,-3,-3,-1207,8,0,0,0,1.25,0,0,4,4002.9,4,71430
1196,2026-07-29 14:31:00,4005.1,4006.3,4004.9,4005.2,17,16,8,9,17,1,1,1,1,-1206,16,0,0,0,1.0625,0,0,7,4005.1,6,71430
1197,2026-07-29 14:32:00,4005.4,4005.5,4005.2,4005.5,3,3,0,2,3,2,2,2,2,-1204,3,0,0,0,1,0,0,3,4005.2,1,71430
1198,2026-07-29 14:33:00,4007.2,4007.2,4005.4,4007.0,11,9,0,10,11,10,10,10,10,-1194,9,0,0,0,1.2222,0,0,4,4007.0,6,71430
1199,2026-07-29 14:34:00,4007.0,4007.4,4005.7,4005.7,31,24,7,24,31,17,17,17,17,-1177,24,0,0,0,1.2917,0,0,10,4007.0,16,71430
1200,2026-07-29 14:35:00,4005.9,4006.1,4003.8,4003.9,16,12,5,9,16,4,4,4,4,-1173,12,0,0,0,1.3333,0,0,11,4006.1,5,71430
1201,2026-07-29 14:36:00,4004.2,4004.7,4004.2,4004.6,9,7,4,1,9,-3,-3,-3,-3,-1176,7,0,0,0,1.2857,0,0,4,4004.2,5,71430
1202,2026-07-29 14:37:00,4004.5,4004.5,4004.3,4004.3,2,2,0,0,2,0,0,0,0,-1176,2,0,0,0,1,0,0,2,4004.3,1,71430
1203,2026-07-29 14:38:00,4004.2,4004.2,4003.8,4003.8,2,2,1,1,2,0,0,0,0,-1176,2,0,0,0,1,0,0,2,4003.8,1,71430
1204,2026-07-29 14:39:00,4003.7,4004.0,4001.2,4001.9,65,38,4,58,65,54,54,54,54,-1122,38,0,0,0,1.7105,0,0,15,4003.7,13,71430
1205,2026-07-29 14:40:00,4002.2,4002.9,4001.7,4001.8,27,19,19,3,27,-16,-16,-16,-16,-1138,19,0,0,0,1.4211,0,0,10,4002.3,5,71430
1206,2026-07-29 14:41:00,4003.1,4004.6,4002.8,4002.8,5,4,1,4,5,3,3,3,3,-1135,4,0,0,0,1.25,0,0,4,4003.1,2,71430
1207,2026-07-29 14:42:00,4003.1,4003.1,4001.5,4001.5,16,11,4,4,16,0,0,0,0,-1135,11,0,0,0,1.4545,0,0,8,4002.4,5,71430
1208,2026-07-29 14:43:00,4001.0,4001.2,3996.7,3997.7,45,32,21,13,45,-8,-8,-8,-8,-1143,32,0,0,0,1.4063,0,0,18,4001.0,10,71430
1209,2026-07-29 14:44:00,3997.7,3998.7,3997.2,3998.7,25,9,15,9,25,-6,-6,-6,-6,-1149,9,0,0,0,2.7778,0,0,8,3997.2,10,71430
1210,2026-07-29 14:45:00,3999.1,3999.1,3998.2,3998.2,3,3,0,2,3,2,2,2,2,-1147,3,0,0,0,1,0,0,3,3998.2,1,71430
1211,2026-07-29 14:46:00,3997.0,3997.6,3996.1,3997.4,21,8,4,15,21,11,11,11,11,-1136,8,0,0,0,2.625,0,0,6,3996.2,12,71430
1212,2026-07-29 14:47:00,3999.6,4000.2,3998.9,3998.9,23,15,21,2,23,-19,-19,-19,-19,-1155,15,0,0,0,1.5333,0,0,9,4000.0,6,71430
1213,2026-07-29 14:48:00,3999.0,4000.1,3996.1,3996.6,25,15,19,1,25,-18,-18,-18,-18,-1173,15,0,0,0,1.6667,0,0,12,3998.0,8,71430
1214,2026-07-29 14:49:00,3997.3,3999.2,3997.2,3999.2,11,8,8,2,11,-6,-6,-6,-6,-1179,8,0,0,0,1.375,0,0,8,3997.2,2,71430
1215,2026-07-29 14:50:00,3999.8,4000.5,3998.7,4000.5,17,16,8,6,17,-2,-2,-2,-2,-1181,16,0,0,0,1.0625,0,0,9,3998.9,4,71430
1216,2026-07-29 14:51:00,4000.1,4000.2,3999.7,3999.7,16,12,4,10,16,6,6,6,6,-1175,12,0,0,0,1.3333,0,0,6,4000.1,5,71430
1217,2026-07-29 14:52:00,4001.3,4001.3,3999.3,4001.3,7,7,1,5,7,4,4,4,4,-1171,7,0,0,0,1,0,0,6,4001.3,2,71430
1218,2026-07-29 14:53:00,4001.3,4003.0,4001.3,4003.0,9,8,1,7,9,6,6,6,6,-1165,8,0,0,0,1.125,0,0,6,4002.3,3,71430
1219,2026-07-29 14:54:00,4003.0,4003.0,4002.7,4002.7,4,4,3,1,4,-2,-2,-2,-2,-1167,4,0,0,0,1,0,0,3,4003.0,2,71430
1220,2026-07-29 14:55:00,4002.4,4002.4,4002.4,4002.4,5,2,1,0,5,-1,-1,-1,-1,-1168,2,0,0,0,2.5,0,0,1,4002.4,5,71430
1221,2026-07-29 14:56:00,4002.6,4002.6,4002.2,4002.2,5,5,0,5,5,5,5,5,5,-1163,5,0,0,0,1,0,0,4,4002.2,2,71430
1222,2026-07-29 14:57:00,4003.4,4003.5,4000.4,4000.4,50,20,39,3,50,-36,-36,-36,-36,-1199,20,0,0,0,2.5,0,0,17,4002.3,10,71430
1223,2026-07-29 14:58:00,4001.1,4001.9,4001.1,4001.6,11,11,1,10,11,9,9,9,9,-1190,11,0,0,0,1,0,0,5,4001.6,4,71430
1224,2026-07-29 14:59:00,4002.2,4003.6,4002.2,4003.2,7,4,2,5,7,3,3,3,3,-1187,4,0,0,0,1.75,0,0,4,4003.5,3,71430
1225,2026-07-29 15:00:00,4003.6,4003.6,4001.7,4001.7,11,6,0,7,11,7,7,7,7,-1180,6,0,0,0,1.8333,0,0,4,4001.7,4,71430
1226,2026-07-29 15:01:00,4002.1,4005.3,4002.1,4005.1,15,12,3,9,15,6,6,6,6,-1174,12,0,0,0,1.25,0,0,11,4002.1,3,71430
1227,2026-07-29 15:02:00,4004.9,4005.8,4004.8,4005.4,11,11,0,11,11,11,11,11,11,-1163,11,0,0,0,1,0,0,7,4005.4,4,71430
1228,2026-07-29 15:03:00,4004.2,4007.0,4004.2,4006.2,14,10,2,11,14,9,9,9,9,-1154,10,0,0,0,1.4,0,0,8,4006.0,5,71430
1229,2026-07-29 15:04:00,4006.5,4006.6,4006.2,4006.5,10,7,4,5,10,1,1,1,1,-1153,7,0,0,0,1.4286,0,0,4,4006.2,4,71430
1230,2026-07-29 15:05:00,4006.6,4007.0,4006.3,4006.4,6,6,2,3,6,1,1,1,1,-1152,6,0,0,0,1,0,0,4,4006.3,3,71430
1231,2026-07-29 15:06:00,4006.6,4006.9,4004.3,4004.3,33,15,29,3,33,-26,-26,-26,-26,-1178,15,0,0,0,2.2,0,0,13,4004.9,6,71430
1232,2026-07-29 15:07:00,4005.2,4005.2,4005.2,4005.2,1,1,0,1,1,1,1,1,1,-1177,1,0,0,0,1,0,0,1,4005.2,1,71430
1233,2026-07-29 15:08:00,4005.7,4006.6,4005.7,4006.6,2,2,1,1,2,0,0,0,0,-1177,2,0,0,0,1,0,0,2,4005.7,1,71430
1234,2026-07-29 15:09:00,4006.7,4008.0,4006.7,4008.0,7,7,1,5,7,4,4,4,4,-1173,7,0,0,0,1,0,0,6,4008.0,2,71430
1235,2026-07-29 15:10:00,4007.3,4007.3,4007.0,4007.0,3,3,2,0,3,-2,-2,-2,-2,-1175,3,0,0,0,1,0,0,2,4007.0,2,71430
1236,2026-07-29 15:11:00,4005.6,4005.6,4005.0,4005.1,4,3,0,3,4,3,3,3,3,-1172,3,0,0,0,1.3333,0,0,3,4005.1,2,71430
1237,2026-07-29 15:12:00,4004.8,4004.9,4004.3,4004.9,7,5,2,5,7,3,3,3,3,-1169,5,0,0,0,1.4,0,0,5,4004.3,2,71430
1238,2026-07-29 15:13:00,4005.5,4005.9,4005.2,4005.9,6,5,1,5,6,4,4,4,4,-1165,5,0,0,0,1.2,0,0,5,4005.9,2,71430
1239,2026-07-29 15:14:00,4005.6,4005.6,4005.1,4005.4,11,6,0,10,11,10,10,10,10,-1155,6,0,0,0,1.8333,0,0,5,4005.4,4,71430
1240,2026-07-29 15:15:00,4005.4,4006.0,4005.4,4006.0,11,6,0,11,11,11,11,11,11,-1144,6,0,0,0,1.8333,0,0,6,4005.9,3,71430
1241,2026-07-29 15:16:00,4006.2,4006.4,4005.6,4005.6,3,3,2,1,3,-1,-1,-1,-1,-1145,3,0,0,0,1,0,0,3,4005.6,1,71430
1242,2026-07-29 15:17:00,4005.0,4005.2,4004.9,4005.1,4,4,1,2,4,1,1,1,1,-1144,4,0,0,0,1,0,0,4,4004.9,1,71430
1243,2026-07-29 15:18:00,4005.3,4005.5,4004.7,4004.7,10,7,0,7,10,7,7,7,7,-1137,7,0,0,0,1.4286,0,0,5,4005.2,5,71430
1244,2026-07-29 15:19:00,4004.7,4004.7,4004.1,4004.1,2,2,0,1,2,1,1,1,1,-1136,2,0,0,0,1,0,0,2,4004.1,1,71430
1245,2026-07-29 15:20:00,4003.2,4004.1,4003.1,4004.0,8,6,3,4,8,1,1,1,1,-1135,6,0,0,0,1.3333,0,0,5,4003.1,2,71430
1246,2026-07-29 15:21:00,4002.9,4003.6,4002.9,4003.2,6,6,1,5,6,4,4,4,4,-1131,6,0,0,0,1,0,0,4,4003.2,2,71430
1247,2026-07-29 15:22:00,4003.3,4006.9,4003.3,4006.7,20,20,4,9,20,5,5,5,5,-1126,20,0,0,0,1,0,0,17,4004.3,3,71430
1248,2026-07-29 15:23:00,4008.9,4008.9,4006.9,4007.7,28,18,16,7,28,-9,-9,-9,-9,-1135,18,0,0,0,1.5556,0,0,10,4007.3,7,71430
1249,2026-07-29 15:24:00,4007.7,4007.9,4007.2,4007.2,11,10,8,2,11,-6,-6,-6,-6,-1141,10,0,0,0,1.1,0,0,6,4007.5,3,71430
1250,2026-07-29 15:25:00,4008.1,4008.5,4006.8,4007.3,21,17,7,7,21,0,0,0,0,-1141,17,0,0,0,1.2353,0,0,12,4007.5,4,71430
1251,2026-07-29 15:26:00,4008.1,4008.2,4006.5,4006.5,8,4,0,6,8,6,6,6,6,-1135,4,0,0,0,2,0,0,3,4008.2,4,71430
1252,2026-07-29 15:27:00,4006.8,4008.1,4006.8,4007.4,8,6,0,8,8,8,8,8,8,-1127,6,0,0,0,1.3333,0,0,6,4007.0,2,71430
1253,2026-07-29 15:28:00,4008.9,4009.5,4008.8,4008.8,16,12,3,13,16,10,10,10,10,-1117,12,0,0,0,1.3333,0,0,7,4009.3,4,71430
1254,2026-07-29 15:29:00,4009.2,4009.2,4008.3,4008.3,19,8,8,9,19,1,1,1,1,-1116,8,0,0,0,2.375,0,0,6,4009.2,10,71430
1255,2026-07-29 15:30:00,4009.1,4009.3,4007.8,4007.8,49,22,40,1,49,-39,-39,-39,-39,-1155,22,0,0,0,2.2273,0,0,10,4007.9,13,71430
1256,2026-07-29 15:31:00,4008.6,4008.9,4008.5,4008.9,14,12,11,2,14,-9,-9,-9,-9,-1164,12,0,0,0,1.1667,0,0,5,4008.5,9,71430
1257,2026-07-29 15:32:00,4010.0,4010.0,4009.6,4010.0,34,16,0,14,34,14,14,14,14,-1150,16,0,0,0,2.125,0,0,5,4010.0,21,71430
1258,2026-07-29 15:33:00,4009.4,4011.7,4009.4,4011.7,11,8,2,6,11,4,4,4,4,-1146,8,0,0,0,1.375,0,0,7,4010.2,3,71430
1259,2026-07-29 15:34:00,4010.7,4010.7,4007.9,4007.9,7,5,5,0,7,-5,-5,-5,-5,-1151,5,0,0,0,1.4,0,0,5,4008.1,2,71430
1260,2026-07-29 15:35:00,4009.5,4009.5,4009.5,4009.5,3,1,3,0,3,-3,-3,-3,-3,-1154,1,0,0,0,3,0,0,1,4009.5,3,71430
1261,2026-07-29 15:36:00,4009.6,4010.4,4009.1,4009.8,26,17,5,21,26,16,16,16,16,-1138,17,0,0,0,1.5294,0,0,11,4009.6,7,71430
1262,2026-07-29 15:37:00,4010.0,4010.4,4009.5,4009.6,21,13,4,12,21,8,8,8,8,-1130,13,0,0,0,1.6154,0,0,9,4009.5,5,71430
1263,2026-07-29 15:38:00,4008.5,4008.5,4006.8,4006.8,12,7,0,10,12,10,10,10,10,-1120,7,0,0,0,1.7143,0,0,5,4008.5,6,71430
1264,2026-07-29 15:39:00,4006.4,4006.8,4006.3,4006.3,14,8,7,6,14,-1,-1,-1,-1,-1121,8,0,0,0,1.75,0,0,5,4006.4,6,71430
1265,2026-07-29 15:40:00,4006.1,4006.1,4006.1,4006.1,1,1,0,1,1,1,1,1,1,-1120,1,0,0,0,1,0,0,1,4006.1,1,71430
1266,2026-07-29 15:41:00,4006.0,4006.8,4006.0,4006.8,3,3,2,0,3,-2,-2,-2,-2,-1122,3,0,0,0,1,0,0,2,4006.8,2,71430
1267,2026-07-29 15:42:00,4006.7,4006.7,4006.7,4006.7,2,2,2,0,2,-2,-2,-2,-2,-1124,2,0,0,0,1,0,0,1,4006.7,2,71430
1268,2026-07-29 15:43:00,4007.1,4007.1,4004.9,4005.7,13,10,9,3,13,-6,-6,-6,-6,-1130,10,0,0,0,1.3,0,0,10,4004.9,2,71430
1269,2026-07-29 15:44:00,4007.2,4008.5,4007.0,4008.5,34,18,29,4,34,-25,-25,-25,-25,-1155,18,0,0,0,1.8889,0,0,10,4008.0,11,71430
1270,2026-07-29 15:45:00,4008.6,4008.6,4008.6,4008.6,3,3,1,2,3,1,1,1,1,-1154,3,0,0,0,1,0,0,1,4008.6,3,71430
1271,2026-07-29 15:46:00,4008.9,4009.2,4008.5,4008.6,6,6,2,2,6,0,0,0,0,-1154,6,0,0,0,1,0,0,5,4009.2,2,71430
1272,2026-07-29 15:47:00,4008.2,4008.2,4008.2,4008.2,1,1,1,0,1,-1,-1,-1,-1,-1155,1,0,0,0,1,0,0,1,4008.2,1,71430
1273,2026-07-29 15:48:00,4008.3,4008.9,4008.3,4008.9,7,5,2,5,7,3,3,3,3,-1152,5,0,0,0,1.4,0,0,3,4008.4,4,71430
1274,2026-07-29 15:49:00,4008.6,4010.7,4008.6,4010.7,34,20,8,18,34,10,10,10,10,-1142,20,0,0,0,1.7,0,0,9,4010.7,16,71430
1275,2026-07-29 15:50:00,4010.7,4011.6,4010.1,4010.2,57,39,15,34,57,19,19,19,19,-1123,39,0,0,0,1.4615,0,0,11,4010.3,20,71430
1276,2026-07-29 15:51:00,4010.3,4010.3,4009.7,4009.7,6,3,2,1,6,-1,-1,-1,-1,-1124,3,0,0,0,2,0,0,2,4009.7,5,71430
1277,2026-07-29 15:52:00,4010.3,4010.9,4009.9,4010.4,23,13,11,7,23,-4,-4,-4,-4,-1128,13,0,0,0,1.7692,0,0,9,4010.1,10,71430
1278,2026-07-29 15:53:00,4009.5,4009.7,4008.9,4009.7,28,23,12,3,28,-9,-9,-9,-9,-1137,23,0,0,0,1.2174,0,0,6,4009.5,17,71430
1279,2026-07-29 15:54:00,4009.9,4010.9,4009.3,4009.3,29,25,15,2,29,-13,-13,-13,-13,-1150,25,0,0,0,1.16,0,0,9,4010.3,11,71430
1280,2026-07-29 15:55:00,4008.8,4009.1,4008.2,4008.4,28,20,20,3,28,-17,-17,-17,-17,-1167,20,0,0,0,1.4,0,0,7,4009.1,11,71430
1281,2026-07-29 15:56:00,4008.6,4008.6,4007.7,4008.3,17,11,7,2,17,-5,-5,-5,-5,-1172,11,0,0,0,1.5455,0,0,6,4008.0,10,71430
1282,2026-07-29 15:57:00,4008.4,4008.4,4007.2,4007.8,8,6,4,3,8,-1,-1,-1,-1,-1173,6,0,0,0,1.3333,0,0,5,4007.3,3,71430
1283,2026-07-29 15:58:00,4007.0,4007.0,4006.5,4006.9,12,6,2,7,12,5,5,5,5,-1168,6,0,0,0,2,0,0,4,4006.5,5,71430
1284,2026-07-29 15:59:00,4007.0,4008.0,4006.9,4008.0,12,11,7,3,12,-4,-4,-4,-4,-1172,11,0,0,0,1.0909,0,0,8,4007.3,2,71430
1285,2026-07-29 16:00:00,4008.1,4009.0,4006.7,4006.7,22,18,4,12,22,8,8,8,8,-1164,18,0,0,0,1.2222,0,0,12,4007.2,4,71430
1286,2026-07-29 16:01:00,4006.4,4007.1,4006.3,4007.1,6,5,3,3,6,0,0,0,0,-1164,5,0,0,0,1.2,0,0,4,4006.3,2,71430
1287,2026-07-29 16:02:00,4007.5,4007.8,4007.5,4007.8,4,4,2,1,4,-1,-1,-1,-1,-1165,4,0,0,0,1,0,0,3,4007.8,2,71430
1288,2026-07-29 16:03:00,4006.8,4007.1,4006.0,4006.0,6,6,2,1,6,-1,-1,-1,-1,-1166,6,0,0,0,1,0,0,5,4007.0,2,71430
1289,2026-07-29 16:04:00,4007.3,4007.6,4007.0,4007.3,18,15,9,6,18,-3,-3,-3,-3,-1169,15,0,0,0,1.2,0,0,6,4007.4,5,71430
1290,2026-07-29 16:05:00,4007.2,4007.9,4006.8,4007.9,8,8,2,0,8,-2,-2,-2,-2,-1171,8,0,0,0,1,0,0,6,4007.2,2,71430
1291,2026-07-29 16:06:00,4008.4,4008.8,4008.1,4008.8,9,6,1,6,9,5,5,5,5,-1166,6,0,0,0,1.5,0,0,5,4008.4,3,71430
1292,2026-07-29 16:07:00,4008.7,4009.6,4008.5,4009.6,8,7,2,5,8,3,3,3,3,-1163,7,0,0,0,1.1429,0,0,5,4009.4,2,71430
1293,2026-07-29 16:08:00,4010.2,4012.8,4009.4,4012.7,83,49,37,33,83,-4,-4,-4,-4,-1167,49,0,0,0,1.6939,0,0,22,4012.0,14,71430
1294,2026-07-29 16:09:00,4013.0,4014.0,4012.7,4012.8,74,35,6,27,74,21,21,21,21,-1146,35,0,0,0,2.1143,0,0,11,4012.7,30,71430
1295,2026-07-29 16:10:00,4012.2,4013.6,4010.9,4011.3,85,51,29,15,85,-14,-14,-14,-14,-1160,51,0,0,0,1.6667,0,0,15,4011.2,40,71430
1296,2026-07-29 16:11:00,4010.7,4010.7,4009.3,4009.3,23,19,6,2,23,-4,-4,-4,-4,-1164,19,0,0,0,1.2105,0,0,7,4010.0,10,71430
1297,2026-07-29 16:12:00,4009.6,4009.6,4009.3,4009.3,11,5,5,0,11,-5,-5,-5,-5,-1169,5,0,0,0,2.2,0,0,2,4009.3,9,71430
1298,2026-07-29 16:13:00,4008.6,4009.1,4008.6,4008.6,31,25,11,7,31,-4,-4,-4,-4,-1173,25,0,0,0,1.24,0,0,4,4008.6,24,71430
1299,2026-07-29 16:14:00,4009.3,4009.3,4007.5,4007.5,13,10,0,8,13,8,8,8,8,-1165,10,0,0,0,1.3,0,0,7,4008.8,4,71430
1300,2026-07-29 16:15:00,4007.4,4007.4,4006.6,4007.2,16,11,9,6,16,-3,-3,-3,-3,-1168,11,0,0,0,1.4545,0,0,6,4007.2,5,71430
1301,2026-07-29 16:16:00,4007.0,4007.0,4006.2,4006.7,9,5,5,4,9,-1,-1,-1,-1,-1169,5,0,0,0,1.8,0,0,4,4006.7,4,71430
1302,2026-07-29 16:17:00,4006.4,4006.5,4006.4,4006.4,9,6,8,0,9,-8,-8,-8,-8,-1177,6,0,0,0,1.5,0,0,2,4006.4,7,71430
1303,2026-07-29 16:18:00,4007.0,4008.1,4007.0,4008.1,19,7,6,11,19,5,5,5,5,-1172,7,0,0,0,2.7143,0,0,4,4007.0,12,71430
1304,2026-07-29 16:19:00,4008.2,4008.2,4008.0,4008.0,3,3,0,2,3,2,2,2,2,-1170,3,0,0,0,1,0,0,2,4008.2,2,71430
1305,2026-07-29 16:20:00,4009.2,4011.7,4009.2,4011.7,20,15,14,0,20,-14,-14,-14,-14,-1184,15,0,0,0,1.3333,0,0,8,4009.2,5,71430
1306,2026-07-29 16:21:00,4012.2,4013.0,4011.3,4011.3,43,14,35,0,43,-35,-35,-35,-35,-1219,14,0,0,0,3.0714,0,0,8,4013.0,20,71430
1307,2026-07-29 16:22:00,4011.9,4012.5,4011.9,4012.0,24,18,7,5,24,-2,-2,-2,-2,-1221,18,0,0,0,1.3333,0,0,6,4012.2,10,71430
1308,2026-07-29 16:23:00,4012.6,4015.2,4012.4,4012.4,59,29,23,26,59,3,3,3,3,-1218,29,0,0,0,2.0345,0,0,16,4012.8,16,71430
1309,2026-07-29 16:24:00,4013.0,4013.4,4012.2,4012.3,19,11,16,3,19,-13,-13,-13,-13,-1231,11,0,0,0,1.7273,0,0,7,4012.2,4,71430
1310,2026-07-29 16:25:00,4013.9,4013.9,4013.5,4013.5,2,2,1,0,2,-1,-1,-1,-1,-1232,2,0,0,0,1,0,0,2,4013.5,1,71430
1311,2026-07-29 16:26:00,4013.3,4013.4,4013.1,4013.4,17,5,4,0,17,-4,-4,-4,-4,-1236,5,0,0,0,3.4,0,0,4,4013.1,10,71430
1312,2026-07-29 16:27:00,4013.2,4013.9,4013.2,4013.9,5,4,3,1,5,-2,-2,-2,-2,-1238,4,0,0,0,1.25,0,0,3,4013.2,3,71430
1313,2026-07-29 16:28:00,4013.9,4013.9,4013.7,4013.7,2,2,1,0,2,-1,-1,-1,-1,-1239,2,0,0,0,1,0,0,2,4013.7,1,71430
1314,2026-07-29 16:29:00,4014.3,4014.7,4014.3,4014.3,6,6,3,1,6,-2,-2,-2,-2,-1241,6,0,0,0,1,0,0,3,4014.3,2,71430
1315,2026-07-29 16:30:00,4013.7,4015.1,4013.7,4014.6,9,8,4,4,9,0,0,0,0,-1241,8,0,0,0,1.125,0,0,6,4014.4,2,71430
1316,2026-07-29 16:31:00,4013.8,4013.8,4012.9,4013.2,18,13,13,2,18,-11,-11,-11,-11,-1252,13,0,0,0,1.3846,0,0,5,4013.8,11,71430
1317,2026-07-29 16:32:00,4013.3,4013.3,4013.2,4013.2,3,3,1,2,3,1,1,1,1,-1251,3,0,0,0,1,0,0,2,4013.2,2,71430
1318,2026-07-29 16:33:00,4014.3,4014.5,4014.3,4014.5,4,4,2,2,4,0,-2,2,0,-1251,4,2,2,1,1,1,1,3,4014.3,2,71430
1319,2026-07-29 16:34:00,4015.2,4016.7,4015.1,4015.3,23,22,6,12,23,6,0,6,-1,-1245,22,11,6,2,1.0455,1.0909,1,13,4016.5,4,71430
1320,2026-07-29 16:35:00,4014.7,4014.7,4014.2,4014.6,4,4,1,3,4,2,0,2,0,-1243,4,3,1,1,1,1,1,3,4014.6,2,71430
1321,2026-07-29 16:36:00,4014.3,4014.3,4012.9,4012.9,9,7,6,2,9,-4,0,-2,-4,-1247,7,2,4,2,1.2857,1,1.5,6,4014.2,3,71430
1322,2026-07-29 16:37:00,4013.2,4015.5,4013.0,4015.2,46,11,3,8,46,5,-2,7,0,-1242,11,6,3,34,4.1818,1.3333,1,8,4014.8,35,71430
1323,2026-07-29 16:38:00,4015.2,4015.4,4014.6,4014.8,21,10,3,12,21,9,0,9,-2,-1233,10,4,3,9,2.1,3,1,6,4014.9,13,71430
1324,2026-07-29 16:39:00,4014.8,4014.8,4014.8,4014.8,1,1,0,1,1,1,0,1,1,-1232,1,1,0,1,1,1,0,1,4014.8,1,71430
1325,2026-07-29 16:40:00,4014.5,4014.6,4014.4,4014.6,6,3,5,0,6,-5,0,-4,-5,-1237,3,0,2,4,2,0,2.5,3,4014.5,4,71430
1326,2026-07-29 16:41:00,4014.5,4014.9,4014.4,4014.9,6,4,1,5,6,4,0,4,0,-1233,4,3,1,3,1.5,1.6667,1,3,4014.4,3,71430
1327,2026-07-29 16:42:00,4014.9,4014.9,4014.4,4014.4,3,3,2,0,3,-2,0,-1,-2,-1235,3,0,2,1,1,0,1,2,4014.4,2,71430
1328,2026-07-29 16:43:00,4013.8,4014.5,4013.5,4013.8,21,15,9,9,21,0,6,0,-6,-1235,15,6,6,4,1.4,1.5,1.5,5,4014.4,10,71430
1329,2026-07-29 16:44:00,4013.5,4014.9,4013.4,4014.9,19,11,11,5,19,-6,4,0,-10,-1241,11,5,3,5,1.7273,1,3.6667,8,4013.4,9,71430
1330,2026-07-29 16:45:00,4013.8,4013.8,4013.6,4013.6,8,4,4,0,8,-4,0,0,-4,-1245,4,0,3,4,2,0,1.3333,2,4013.8,7,71430
1331,2026-07-29 16:46:00,4013.3,4013.8,4013.2,4013.2,29,18,12,2,29,-10,0,1,-10,-1255,18,2,6,4,1.6111,1,2,6,4013.3,23,71430
1332,2026-07-29 16:47:00,4013.9,4013.9,4013.9,4013.9,1,1,0,1,1,1,0,1,1,-1254,1,1,0,1,1,1,0,1,4013.9,1,71430
1333,2026-07-29 16:48:00,4013.9,4014.7,4013.9,4014.7,4,4,3,0,4,-3,0,-1,-3,-1257,4,0,3,1,1,0,1,4,4013.9,1,71430
1334,2026-07-29 16:49:00,4014.3,4014.7,4014.3,4014.7,17,13,12,2,17,-10,2,-1,-12,-1267,13,2,8,4,1.3077,1,1.5,4,4014.4,14,71430
1335,2026-07-29 16:50:00,4015.7,4017.1,4015.7,4017.1,2,2,1,1,2,0,1,0,-1,-1267,2,1,1,1,1,1,1,2,4015.7,1,71430
1336,2026-07-29 16:51:00,4017.6,4018.1,4016.8,4017.0,23,8,9,11,23,2,9,3,-7,-1265,8,3,3,9,2.875,3.6667,3,5,4016.8,11,71430
1337,2026-07-29 16:52:00,4018.4,4021.3,4017.7,4020.8,38,22,7,18,38,11,0,11,-4,-1254,22,12,3,5,1.7273,1.5,2.3333,15,4020.0,12,71430
1338,2026-07-29 16:53:00,4021.0,4021.0,4020.5,4020.5,54,22,21,11,54,-10,1,1,-11,-1264,22,8,9,18,2.4545,1.375,2.3333,5,4020.9,35,71430
1339,2026-07-29 16:54:00,4021.1,4023.0,4021.1,4022.9,44,16,6,28,44,22,-2,24,1,-1242,16,10,3,11,2.75,2.8,2,10,4022.8,16,71430
1340,2026-07-29 16:55:00,4026.0,4028.0,4025.0,4028.0,28,20,20,7,28,-13,3,-1,-16,-1255,20,5,14,3,1.4,1.4,1.4286,15,4026.2,4,71430
1341,2026-07-29 16:56:00,4027.4,4030.0,4026.1,4028.9,38,29,21,17,38,-4,-10,6,-5,-1259,29,10,19,3,1.3103,1.7,1.1053,19,4028.8,4,71430
1342,2026-07-29 16:57:00,4029.2,4030.5,4028.0,4028.0,7,7,7,0,7,-7,0,-1,-7,-1266,7,0,7,1,1,0,1,6,4029.8,2,71430
1343,2026-07-29 16:58:00,4026.7,4027.7,4024.3,4024.3,10,10,5,2,10,-3,0,0,-3,-1269,10,2,5,1,1,1,1,9,4026.6,2,71430
1344,2026-07-29 16:59:00,4024.8,4025.6,4024.8,4025.4,13,11,7,5,13,-2,-7,5,-2,-1271,11,5,5,3,1.1818,1,1.4,7,4025.4,4,71430
1345,2026-07-29 17:00:00,4025.5,4029.2,4025.2,4028.4,30,26,14,14,30,0,-5,5,-2,0,26,13,11,3,1.1538,1.0769,1.2727,20,4025.5,4,71430
1346,2026-07-29 17:01:00,4028.1,4030.6,4028.1,4030.1,26,23,7,18,26,11,0,11,-3,11,23,16,6,3,1.1304,1.125,1.1667,13,4030.1,4,71430
1347,2026-07-29 17:02:00,4029.4,4029.5,4028.6,4029.0,5,5,4,1,5,-3,0,0,-3,8,5,1,4,1,1,1,1,5,4028.6,1,71430
1348,2026-07-29 17:03:00,4028.5,4031.0,4028.5,4031.0,8,5,1,7,8,6,-1,7,1,14,5,4,1,4,1.6,1.75,1,2,4031.0,7,71430
1349,2026-07-29 17:04:00,4031.2,4035.1,4031.2,4034.7,56,35,9,43,56,34,0,34,-1,48,35,24,7,12,1.6,1.7917,1.2857,19,4032.9,13,71430
1350,2026-07-29 17:05:00,4034.3,4034.4,4033.2,4034.3,11,10,4,6,11,2,5,2,-3,50,10,5,4,2,1.1,1.2,1,7,4034.4,3,71430
1351,2026-07-29 17:06:00,4034.8,4038.0,4034.8,4037.7,39,24,3,36,39,33,-1,34,1,83,24,21,3,5,1.625,1.7143,1,13,4037.3,6,71430
1352,2026-07-29 17:07:00,4038.2,4038.3,4037.0,4037.3,18,16,1,14,18,13,0,13,1,96,16,13,1,2,1.125,1.0769,1,8,4038.0,6,71430
1353,2026-07-29 17:08:00,4037.4,4038.1,4036.8,4038.1,12,8,4,7,12,3,-4,7,1,99,8,4,3,4,1.5,1.75,1.3333,5,4037.7,6,71430
1354,2026-07-29 17:09:00,4037.9,4037.9,4036.4,4036.4,21,16,4,16,21,12,0,12,2,111,16,11,4,4,1.3125,1.4545,1,10,4037.3,7,71430
1355,2026-07-29 17:10:00,4035.7,4038.8,4035.4,4038.4,26,23,9,15,26,6,0,6,0,117,23,12,9,3,1.1304,1.25,1,16,4035.6,4,71430
1356,2026-07-29 17:11:00,4038.3,4039.5,4037.4,4039.1,46,35,5,40,46,35,-1,36,1,152,35,29,5,6,1.3143,1.3793,1,17,4038.0,7,71430
1357,2026-07-29 17:12:00,4039.5,4041.4,4038.5,4041.4,38,27,10,28,38,18,0,18,-5,170,27,21,6,6,1.4074,1.3333,1.6667,16,4040.3,7,71430
1358,2026-07-29 17:13:00,4041.8,4047.9,4041.7,4045.2,90,58,23,46,90,23,-13,36,1,193,58,27,19,7,1.5517,1.7037,1.2105,33,4046.8,12,71430
1359,2026-07-29 17:14:00,4045.4,4045.4,4039.2,4039.7,61,52,21,26,61,5,-2,7,-3,198,52,23,17,3,1.1731,1.1304,1.2353,26,4040.4,9,71430
1360,2026-07-29 17:15:00,4040.0,4041.4,4038.8,4041.4,29,27,10,17,29,7,-2,9,-1,205,27,17,8,2,1.0741,1,1.25,18,4039.5,3,71430
1361,2026-07-29 17:16:00,4041.7,4044.2,4041.7,4044.1,42,35,12,23,42,11,-3,14,0,216,35,20,10,3,1.2,1.15,1.2,20,4042.3,6,71430
1362,2026-07-29 17:17:00,4044.1,4045.4,4042.8,4044.0,21,20,8,12,21,4,-4,8,1,220,20,12,7,2,1.05,1,1.1429,16,4044.6,4,71430
1363,2026-07-29 17:18:00,4043.2,4044.3,4042.2,4042.5,25,21,15,9,25,-6,0,0,-6,214,21,9,11,3,1.1905,1,1.3636,14,4043.9,5,71430
1364,2026-07-29 17:19:00,4042.2,4043.2,4041.5,4042.3,28,22,13,12,28,-1,8,2,-9,213,22,8,11,4,1.2727,1.5,1.1818,13,4042.4,6,71430
1365,2026-07-29 17:20:00,4044.1,4046.2,4044.0,4044.8,25,16,4,19,25,15,-1,16,0,228,16,10,4,4,1.5625,1.9,1,10,4044.1,7,71430
1366,2026-07-29 17:21:00,4044.8,4045.4,4044.3,4045.4,15,12,7,6,15,-1,-5,4,-3,227,12,6,4,3,1.25,1,1.75,8,4044.3,3,71430
1367,2026-07-29 17:22:00,4046.0,4047.7,4045.8,4047.7,45,26,1,37,45,36,0,36,1,263,26,21,1,4,1.7308,1.7619,1,13,4046.2,8,71430
1368,2026-07-29 17:23:00,4047.0,4048.3,4045.4,4048.2,40,28,16,11,40,-5,1,0,-6,258,28,10,10,4,1.4286,1.1,1.6,16,4048.3,6,71430
1369,2026-07-29 17:24:00,4046.0,4046.0,4043.9,4044.5,23,17,13,5,23,-8,0,2,-8,250,17,5,9,3,1.3529,1,1.4444,11,4045.0,4,71430
1370,2026-07-29 17:25:00,4045.2,4045.5,4040.4,4041.3,52,34,38,5,52,-33,0,2,-33,217,34,5,23,3,1.5294,1,1.6522,18,4041.4,12,71430
1371,2026-07-29 17:26:00,4040.7,4042.1,4040.4,4041.0,29,16,6,20,29,14,-1,15,-3,231,16,9,5,8,1.8125,2.2222,1.2,14,4041.9,8,71430
1372,2026-07-29 17:27:00,4041.8,4041.8,4040.1,4040.5,21,16,9,10,21,1,8,1,-7,232,16,8,7,3,1.3125,1.25,1.2857,9,4040.8,7,71430
1373,2026-07-29 17:28:00,4040.4,4040.8,4036.4,4036.4,51,35,32,9,51,-23,0,4,-23,209,35,9,19,7,1.4571,1,1.6842,22,4036.9,7,71430
1374,2026-07-29 17:29:00,4036.6,4037.7,4034.9,4036.9,251,192,84,112,251,28,-12,40,-14,237,192,87,60,8,1.3073,1.2874,1.4,29,4036.0,24,71430
1375,2026-07-29 17:30:00,4035.8,4038.2,4035.5,4035.9,17,14,14,0,17,-14,0,-1,-14,223,14,0,11,4,1.2143,0,1.2727,12,4036.6,4,71430
1376,2026-07-29 17:31:00,4037.2,4037.8,4037.2,4037.8,3,3,1,2,3,1,-1,2,1,224,3,2,1,1,1,1,1,3,4037.2,1,71430
1377,2026-07-29 17:32:00,4038.5,4039.5,4038.5,4039.2,16,10,8,1,16,-7,0,0,-7,217,10,1,3,4,1.6,1,2.6667,7,4038.7,5,71430
1378,2026-07-29 17:33:00,4038.2,4038.2,4038.2,4038.2,1,1,0,1,1,1,0,1,1,218,1,1,0,1,1,1,0,1,4038.2,1,71430
1379,2026-07-29 17:34:00,4037.8,4037.8,4037.2,4037.4,4,4,0,4,4,4,0,4,1,222,4,4,0,1,1,1,0,4,4037.2,1,71430
1380,2026-07-29 17:35:00,4036.1,4036.6,4034.3,4034.3,16,14,10,2,16,-8,1,-1,-9,214,14,2,8,3,1.1429,1,1.25,10,4036.6,4,71430
